[15:18:50] [ForkJoinPool.commonPool-worker-6/INFO] IntegerCache population took 65ms
[15:18:51] [Client thread/INFO] Setting user: Tveiv
[15:18:51] [Client thread/INFO] Client Commit: 6062a1cfc
[15:18:51] [Client thread/INFO] LWJGL Version: 3.4.2-snapshot
[15:18:51] [ForkJoinPool.commonPool-worker-5/INFO] Bootstrapping took 1363ms
[15:18:51] [Client thread/INFO] [STDOUT]: [LWJGL] Setting up window
[15:18:51] [Client thread/INFO] [STDOUT]: [LWJGL] Creating window
[15:18:52] [Client thread/INFO] [STDOUT]: [LWJGL] Done creating window
[15:18:52] [Client thread/INFO] Number of textures in a framebuffer: 2
[15:18:52] [Client thread/WARN] Skipping bad option: lastServer:
[15:18:52] [Client thread/INFO] Model view matrix stack size: 64
[15:18:52] [Client thread/INFO] Projection matrix stack size: 8
[15:18:52] [Client thread/INFO] Texture matrix stack size: 20
[15:18:52] [Client thread/INFO] [OptiFine] OS: Windows 10 (amd64) version 10.0
[15:18:52] [Client thread/INFO] [OptiFine] VM: OpenJDK 64-Bit Server VM (mixed mode), Oracle Corporation / 1.8.0_442-b06
[15:18:54] [Client thread/INFO] Reloading ResourceManager: assets-addon.jar, Default
[15:18:54] [Client thread/WARN] Unknown language en_us
[15:18:54] [Client thread/WARN] Unknown language ru_ru
[15:18:54] [Client thread/INFO] Current language: ru_ru
[15:18:55] [Client thread/INFO] Refreshing resources for the first time
[15:18:55] [Client thread/INFO] Starting up SoundSystem...
[15:18:55] [Thread-18/INFO] Initializing LWJGL OpenAL
[15:18:55] [Thread-18/INFO] (The LWJGL binding of OpenAL.  For more information, see http://www.lwjgl.org)
[15:18:55] [Thread-18/INFO] OpenAL audio device: OpenAL Soft on Динамики (MCHOSE V9 PRO)
[15:18:55] [Thread-18/INFO] OpenAL initialized.
[15:18:55] [Client thread/INFO] Sound engine started
[15:18:55] [Client thread/INFO] SoundSystem loading took 73ms
[15:18:55] [Client thread/INFO] Items registration took 4ms
[15:18:55] [Client thread/INFO] Total 29242 blocks.
[15:18:55] [Client thread/INFO] Custom blocks registration took 231ms
[15:18:55] [Client thread/INFO] Search tree population took 132ms
[15:18:55] [Client thread/INFO] Using standard Java compressor.
[15:18:55] [Client thread/INFO] Using standard Java cipher.
[15:18:55] [Client thread/INFO] [Shaders] Load shaders configuration.
[15:18:55] [Client thread/INFO] [Shaders] Save shaders configuration.
[15:18:56] [Client thread/INFO] [Shaders] No shaderpack loaded.
[15:18:56] [Client thread/INFO] Reloading ResourceManager: assets-addon.jar, Default
[15:18:56] [Client thread/WARN] Missing sound for event: minecraft:entity.turtle.ambient
[15:18:56] [Client thread/WARN] Missing sound for event: minecraft:entity.turtle.baby_hurt
[15:18:56] [Client thread/WARN] Missing sound for event: minecraft:entity.turtle.hurt
[15:18:56] [Client thread/WARN] Missing sound for event: minecraft:entity.turtle.baby_death
[15:18:56] [Client thread/WARN] Missing sound for event: minecraft:entity.turtle.death
[15:18:56] [Client thread/WARN] Missing sound for event: minecraft:entity.turtle.baby_step
[15:18:56] [Client thread/WARN] Missing sound for event: minecraft:entity.turtle.step
[15:18:56] [Client thread/WARN] Missing sound for event: minecraft:entity.turtle.swim
[15:18:56] [Client thread/WARN] Missing sound for event: minecraft:block.turtle_egg.crack
[15:18:56] [Client thread/WARN] Missing sound for event: minecraft:block.turtle_egg.egg_break
[15:18:56] [Client thread/WARN] Missing sound for event: minecraft:block.turtle_egg.fall
[15:18:56] [Client thread/WARN] Missing sound for event: minecraft:block.turtle_egg.hatch
[15:18:56] [Client thread/INFO] SoundSystem shutting down...
[15:18:56] [Client thread/WARN] Author: Paul Lamb, www.paulscode.com
[15:18:56] [Client thread/INFO] Starting up SoundSystem...
[15:18:56] [Thread-20/INFO] Initializing LWJGL OpenAL
[15:18:56] [Thread-20/INFO] (The LWJGL binding of OpenAL.  For more information, see http://www.lwjgl.org)
[15:18:56] [Thread-20/INFO] OpenAL audio device: OpenAL Soft on Динамики (MCHOSE V9 PRO)
[15:18:56] [Thread-20/INFO] OpenAL initialized.
[15:18:56] [Client thread/INFO] Sound engine reloaded
[15:18:56] [Client thread/INFO] Starting Watchdog monitor, timeout is: 90000ms/90s
[15:18:56] [Client thread/INFO] Watchdog init took 0ms
[15:18:56] [ForkJoinPool.commonPool-worker-6/WARN] Unable to load variant: axis=x from minecraft:lodestone#axis=x
[15:18:56] [ForkJoinPool.commonPool-worker-6/WARN] Unable to load variant: axis=y from minecraft:lodestone#axis=y
[15:18:56] [ForkJoinPool.commonPool-worker-6/WARN] Unable to load variant: axis=z from minecraft:lodestone#axis=z
[15:18:56] [Client thread/INFO] Start loading of mod Socials
[15:18:56] [Client thread/INFO] Loading classes of Socials
[15:18:56] [ForkJoinPool.commonPool-worker-4/INFO] Socials-v2.2.2+01a6d45: class verification completed in 145ms
[15:18:56] [ForkJoinPool.commonPool-worker-4/INFO] Socials-v2.2.2+01a6d45: defineClasses completed in 2ms
[15:18:56] [ForkJoinPool.commonPool-worker-4/INFO] Loaded classes in mod Socials in 155 ms
[15:18:56] [ForkJoinPool.commonPool-worker-6/ERROR] Unable to load item model: 'minecraft:mcpatcher/cit/others/megumin_hat#inventory' for item: 'minecraft:mcpatcher/cit/others/megumin_hat'
[15:18:57] [ForkJoinPool.commonPool-worker-6/WARN] Unable to resolve texture due to upward reference: #cross in minecraft:models/block/chain.json
[15:18:57] [ForkJoinPool.commonPool-worker-6/WARN] Unable to resolve texture due to upward reference: #cross in minecraft:models/block/chain.json
[15:18:57] [ForkJoinPool.commonPool-worker-6/INFO] [OptiFine] Mipmap levels: 4
[15:18:57] [Client thread/INFO] Start loading of mod Wada
[15:18:57] [Client thread/INFO] Loading classes of Wada
[15:18:57] [ForkJoinPool.commonPool-worker-6/INFO] [OptiFine] Multi-texturing: false
[15:18:57] [ForkJoinPool.commonPool-worker-6/INFO] [OptiFine] Multipass connected textures: false
[15:18:57] [ForkJoinPool.commonPool-worker-6/INFO] [OptiFine] BetterGrass: Parsing default configuration optifine/bettergrass.properties
[15:18:57] [ForkJoinPool.commonPool-worker-6/FATAL] [OptiFine] Scaled too small texture: minecraft:mcpatcher/ctm/default/empty, 1 -> 16
[15:18:57] [ForkJoinPool.commonPool-worker-6/FATAL] [OptiFine] Scaled too small texture: minecraft:particles/glow_2, 8 -> 16
[15:18:57] [ForkJoinPool.commonPool-worker-6/FATAL] [OptiFine] Scaled too small texture: minecraft:particles/glow_1, 8 -> 16
[15:18:57] [ForkJoinPool.commonPool-worker-6/FATAL] [OptiFine] Scaled too small texture: minecraft:particles/glow_0, 8 -> 16
[15:18:57] [ForkJoinPool.commonPool-worker-6/FATAL] [OptiFine] Scaled too small texture: minecraft:particles/glow_6, 8 -> 16
[15:18:57] [ForkJoinPool.commonPool-worker-6/FATAL] [OptiFine] Scaled too small texture: minecraft:particles/glow_5, 8 -> 16
[15:18:57] [ForkJoinPool.commonPool-worker-6/FATAL] [OptiFine] Scaled too small texture: minecraft:particles/glow_4, 8 -> 16
[15:18:57] [ForkJoinPool.commonPool-worker-6/FATAL] [OptiFine] Scaled too small texture: minecraft:particles/glow_3, 8 -> 16
[15:18:57] [ForkJoinPool.commonPool-worker-6/FATAL] [OptiFine] Scaled too small texture: minecraft:particles/glow_9, 8 -> 16
[15:18:57] [ForkJoinPool.commonPool-worker-6/FATAL] [OptiFine] Scaled too small texture: minecraft:particles/glow_8, 8 -> 16
[15:18:57] [ForkJoinPool.commonPool-worker-6/FATAL] [OptiFine] Scaled too small texture: minecraft:particles/glow_7, 8 -> 16
[15:18:57] [ForkJoinPool.commonPool-worker-4/INFO] Wada-v4.13.0+a11c20bc: class verification completed in 207ms
[15:18:57] [Client thread/INFO] Start loading of mod Gama
[15:18:57] [Client thread/INFO] Loading classes of Gama
[15:18:57] [ForkJoinPool.commonPool-worker-6/FATAL] [OptiFine] Scaled too small texture: minecraft:particles/glow_11, 8 -> 16
[15:18:57] [ForkJoinPool.commonPool-worker-6/FATAL] [OptiFine] Scaled too small texture: minecraft:particles/glow_10, 8 -> 16
[15:18:57] [ForkJoinPool.commonPool-worker-6/FATAL] [OptiFine] Scaled too small texture: minecraft:particles/glow_13, 8 -> 16
[15:18:57] [ForkJoinPool.commonPool-worker-6/FATAL] [OptiFine] Scaled too small texture: minecraft:particles/glow_12, 8 -> 16
[15:18:57] [ForkJoinPool.commonPool-worker-6/FATAL] [OptiFine] Scaled too small texture: minecraft:particles/glow_15, 8 -> 16
[15:18:57] [ForkJoinPool.commonPool-worker-6/FATAL] [OptiFine] Scaled too small texture: minecraft:particles/glow_14, 8 -> 16
[15:18:57] [ForkJoinPool.commonPool-worker-4/INFO] Wada-v4.13.0+a11c20bc: defineClasses completed in 3ms
[15:18:57] [ForkJoinPool.commonPool-worker-4/INFO] Loaded classes in mod Wada in 215 ms
[15:18:57] [ForkJoinPool.commonPool-worker-3/INFO] Gama-v1.5.2+f8523d8: class verification completed in 65ms
[15:18:57] [ForkJoinPool.commonPool-worker-3/INFO] Gama-v1.5.2+f8523d8: defineClasses completed in 1ms
[15:18:57] [ForkJoinPool.commonPool-worker-3/INFO] Loaded classes in mod Gama in 69 ms
[15:18:57] [ForkJoinPool.commonPool-worker-6/INFO] load sprites for 79ms
[15:18:57] [Client thread/INFO] Has Unsafe: true
[15:18:57] [Client thread/INFO] Direct buffers preferred: false
[15:18:57] [Client thread/INFO] Byte order: LITTLE_ENDIAN
[15:18:57] [Client thread/INFO] Timer resolution: 1000000000
[15:18:57] [ForkJoinPool.commonPool-worker-6/INFO] Created: 1024x1024 textures-atlas in 208ms
[15:18:57] [Client thread/INFO] Loading mod Socials v2.2.2+01a6d45 by Cristalix Team
[15:18:57] [Client thread/INFO] Loaded mod Socials v2.2.2+01a6d45 in 232 ms
[15:18:57] [Client thread/INFO] Loading mod Wada v4.13.0+a11c20bc by Cristalix Team
[15:18:57] [Client thread/INFO] [STDOUT]: [Enginex v5.16.3 - Wada] VAO support: true
[15:18:57] [Client Scheduler/INFO] Found preferred client: ANY
[15:18:57] [Thread-22/INFO] [STDOUT]: Settings successfully saved to social-settings.json.
[15:18:57] [Client thread/INFO] [STDOUT]: [Enginex v5.16.3 - Wada] Initialization with mod Wada
[15:18:57] [Client thread/INFO] Loaded mod Wada v4.13.0+a11c20bc in 269 ms
[15:18:57] [Client thread/INFO] Loading mod Gama v1.5.2+f8523d8 by Cristalix Team
[15:18:57] [Client thread/INFO] [STDOUT]: [Enginex v5.16.3 - Gama] VAO support: true
[15:18:57] [Client thread/INFO] [STDOUT]: [Enginex v5.16.3 - Gama] Initialization with mod Gama
[15:18:58] [Client thread/INFO] Loaded mod Gama v1.5.2+f8523d8 in 882 ms
[15:18:58] [Thread-25/INFO] [STDOUT]: [Enginex v5.16.3 - Gama] Successfully initialized
[15:18:58] [Client thread/INFO] Client loaded for (8.234s/9.003s)
[15:18:58] [ForkJoinPool.commonPool-worker-4/INFO] [DEBUG] Atlas assembly for 30.609ms
[15:18:58] [Client thread/INFO] [DEBUG] upload atlas for 1.255ms
[15:18:58] [Client thread/INFO] [DEBUG] Generate mipmaps for 0.052ms
[15:18:58] [Client thread/INFO] [OptiFine] Animated sprites: 0
[15:18:59] [Client thread/INFO] [OptiFine] CustomColors: Loading mcpatcher/color.properties
[15:18:59] [Client thread/INFO] Textures loaded for 1557.306ms
[15:19:00] [Thread-24/INFO] [STDOUT]: [Enginex v5.16.3 - Wada] Successfully initialized
[15:19:12] [Network thread/INFO] Protocol upgrade mask: 157
[15:19:12] [Network thread/INFO] Upgrading protocol
[15:19:12] [Client thread/INFO] [STDOUT]: [Enginex v5.16.3 - Wada] [Wada/debug] reload requested: ServerConnect
[15:19:13] [Client thread/INFO] [STDOUT]: [Enginex v5.16.3 - Wada] [Wada/debug] cleanAndReload begin: sessionId=1, awaitingHandshake=true
[15:19:13] [Client thread/INFO] [STDOUT]: [Enginex v5.16.3 - Wada] VAO support: true
[15:19:13] [Client thread/INFO] [STDOUT]: [Enginex v5.16.3 - Wada] Initialization with mod Wada
[15:19:13] [Client thread/INFO] [STDOUT]: [Enginex v5.16.3 - Wada] Successfully initialized
[15:19:13] [Client thread/INFO] Start loading of mod Visual Driver
[15:19:13] [Client thread/INFO] Loading classes of Visual Driver
[15:19:13] [ForkJoinPool.commonPool-worker-1/INFO] Visual Driver-v3.8.31+9da32142: class verification completed in 20ms
[15:19:13] [ForkJoinPool.commonPool-worker-1/INFO] Visual Driver-v3.8.31+9da32142: defineClasses completed in 0ms
[15:19:13] [ForkJoinPool.commonPool-worker-1/INFO] Loaded classes in mod Visual Driver in 22 ms
[15:19:13] [Client thread/INFO] Loading mod Visual Driver v3.8.31+9da32142 by Cristalix Team
[15:19:13] [Client thread/INFO] Loaded mod Visual Driver v3.8.31+9da32142 in 78 ms
[15:19:13] [Client thread/INFO] Start loading of mod HubMod
[15:19:13] [Client thread/INFO] Loading classes of HubMod
[15:19:13] [ForkJoinPool.commonPool-worker-1/INFO] HubMod-v1.4.5: class verification completed in 4ms
[15:19:13] [ForkJoinPool.commonPool-worker-1/INFO] HubMod-v1.4.5: defineClasses completed in 0ms
[15:19:13] [ForkJoinPool.commonPool-worker-1/INFO] Loaded classes in mod HubMod in 5 ms
[15:19:13] [Client thread/INFO] Joining server Хаб #1
[15:19:13] [Client thread/INFO] Loading mod HubMod v1.4.5 by Cristalix Team
[15:19:13] [Client thread/INFO] Loaded mod HubMod v1.4.5 in 65 ms
[15:19:15] [Client thread/INFO] [STDOUT]: [Enginex v5.16.3 - Wada] [Wada/debug] handshake complete (w4:load), awaitingHandshake=false, sessionId=1
[15:19:25] [Network thread/INFO] Protocol upgrade mask: 157
[15:19:25] [Network thread/INFO] Upgrading protocol
[15:19:25] [Client thread/INFO] Invalidating server data
[15:19:25] [Client thread/INFO] Unloading mod Visual Driver/04a2cc9e-4862-869f-e5d4-68458026df6a
[15:19:25] [Client thread/INFO] Unloading mod HubMod/28bbbd24-2297-745a-f647-739982ab9f2f
[15:19:25] [Client thread/INFO] [STDOUT]: [Enginex v5.16.3 - Wada] [Wada/debug] reload requested: ServerSwitch
[15:19:25] [Client thread/INFO] [STDOUT]: [Enginex v5.16.3 - Wada] [Wada/debug] cleanAndReload begin: sessionId=2, awaitingHandshake=true
[15:19:25] [Client thread/INFO] [STDOUT]: [Enginex v5.16.3 - Wada] VAO support: true
[15:19:25] [Client thread/INFO] [STDOUT]: [Enginex v5.16.3 - Wada] Initialization with mod Wada
[15:19:25] [Client thread/INFO] [STDOUT]: [Enginex v5.16.3 - Wada] Successfully initialized
[15:19:25] [Client thread/INFO] Found file C:\Users\tveiv\.cristalix\updates\Minigames\server-resource-packs\40bb4597c7ce6b5b4690666d2a8804747a202ba3 matching requested hash 2a33a213ea168e73eaf34aeab631978eb6603e7b
[15:19:25] [Client thread/INFO] Allocated new cache for server resource pack
[15:19:25] [Client thread/INFO] Joining server VoidGame #2
[15:19:25] [Client thread/INFO] Reloading ResourceManager: assets-addon.jar, Default, 40bb4597c7ce6b5b4690666d2a8804747a202ba3
[15:19:25] [Client thread/WARN] Missing sound for event: minecraft:entity.turtle.ambient
[15:19:25] [Client thread/WARN] Missing sound for event: minecraft:entity.turtle.baby_hurt
[15:19:25] [Client thread/WARN] Missing sound for event: minecraft:entity.turtle.hurt
[15:19:25] [Client thread/WARN] Missing sound for event: minecraft:entity.turtle.baby_death
[15:19:25] [Client thread/WARN] Missing sound for event: minecraft:entity.turtle.death
[15:19:25] [Client thread/WARN] Missing sound for event: minecraft:entity.turtle.baby_step
[15:19:25] [Client thread/WARN] Missing sound for event: minecraft:entity.turtle.step
[15:19:25] [Client thread/WARN] Missing sound for event: minecraft:entity.turtle.swim
[15:19:25] [Client thread/WARN] Missing sound for event: minecraft:block.turtle_egg.crack
[15:19:25] [Client thread/WARN] Missing sound for event: minecraft:block.turtle_egg.egg_break
[15:19:25] [Client thread/WARN] Missing sound for event: minecraft:block.turtle_egg.fall
[15:19:25] [Client thread/WARN] Missing sound for event: minecraft:block.turtle_egg.hatch
[15:19:25] [Client thread/INFO] SoundSystem shutting down...
[15:19:25] [Client thread/WARN] Author: Paul Lamb, www.paulscode.com
[15:19:25] [Client thread/INFO] Starting up SoundSystem...
[15:19:25] [Thread-30/INFO] Initializing LWJGL OpenAL
[15:19:25] [Thread-30/INFO] (The LWJGL binding of OpenAL.  For more information, see http://www.lwjgl.org)
[15:19:25] [Thread-30/INFO] OpenAL audio device: OpenAL Soft on Динамики (MCHOSE V9 PRO)
[15:19:25] [Thread-30/INFO] OpenAL initialized.
[15:19:25] [Client thread/INFO] Sound engine reloaded
[15:19:26] [Client thread/INFO] Start loading of mod VoidMod
[15:19:26] [Client thread/INFO] Loading mod VoidMod v1.0+089d877 by ZeksterP
[15:19:26] [Client thread/INFO] [STDOUT]: [Enginex v5.13.11-TEST-2 - VoidMod] VAO support: true
[15:19:26] [Client thread/INFO] [STDOUT]: [Enginex v5.13.11-TEST-2 - VoidMod] Initialization with mod VoidMod
[15:19:26] [ForkJoinPool.commonPool-worker-3/WARN] Unable to load variant: axis=x from minecraft:lodestone#axis=x
[15:19:26] [ForkJoinPool.commonPool-worker-3/WARN] Unable to load variant: axis=y from minecraft:lodestone#axis=y
[15:19:26] [ForkJoinPool.commonPool-worker-3/WARN] Unable to load variant: axis=z from minecraft:lodestone#axis=z
[15:19:26] [ForkJoinPool.commonPool-worker-3/ERROR] Unable to load item model: 'minecraft:mcpatcher/cit/others/megumin_hat#inventory' for item: 'minecraft:mcpatcher/cit/others/megumin_hat'
[15:19:26] [ForkJoinPool.commonPool-worker-3/INFO] [OptiFine] Mipmap levels: 4
[15:19:26] [ForkJoinPool.commonPool-worker-3/INFO] [OptiFine] Multi-texturing: false
[15:19:26] [ForkJoinPool.commonPool-worker-3/INFO] [OptiFine] Multipass connected textures: false
[15:19:26] [ForkJoinPool.commonPool-worker-3/INFO] [OptiFine] BetterGrass: Parsing default configuration optifine/bettergrass.properties
[15:19:26] [ForkJoinPool.commonPool-worker-3/FATAL] [OptiFine] Scaled too small texture: minecraft:particles/glow_2, 8 -> 16
[15:19:26] [ForkJoinPool.commonPool-worker-3/FATAL] [OptiFine] Scaled too small texture: minecraft:particles/glow_1, 8 -> 16
[15:19:26] [ForkJoinPool.commonPool-worker-3/FATAL] [OptiFine] Scaled too small texture: minecraft:particles/glow_0, 8 -> 16
[15:19:26] [ForkJoinPool.commonPool-worker-3/FATAL] [OptiFine] Scaled too small texture: minecraft:particles/glow_6, 8 -> 16
[15:19:26] [ForkJoinPool.commonPool-worker-3/FATAL] [OptiFine] Scaled too small texture: minecraft:particles/glow_5, 8 -> 16
[15:19:26] [ForkJoinPool.commonPool-worker-3/FATAL] [OptiFine] Scaled too small texture: minecraft:particles/glow_4, 8 -> 16
[15:19:26] [ForkJoinPool.commonPool-worker-3/FATAL] [OptiFine] Scaled too small texture: minecraft:particles/glow_3, 8 -> 16
[15:19:26] [ForkJoinPool.commonPool-worker-3/FATAL] [OptiFine] Scaled too small texture: minecraft:particles/glow_9, 8 -> 16
[15:19:26] [ForkJoinPool.commonPool-worker-3/FATAL] [OptiFine] Scaled too small texture: minecraft:particles/glow_8, 8 -> 16
[15:19:26] [ForkJoinPool.commonPool-worker-3/FATAL] [OptiFine] Scaled too small texture: minecraft:particles/glow_7, 8 -> 16
[15:19:26] [ForkJoinPool.commonPool-worker-3/ERROR] Using missing texture, unable to load minecraft:textures/items/wooden_sword.png
[15:19:26] [ForkJoinPool.commonPool-worker-3/FATAL] [OptiFine] Scaled too small texture: minecraft:particles/glow_11, 8 -> 16
[15:19:26] [ForkJoinPool.commonPool-worker-3/FATAL] [OptiFine] Scaled too small texture: minecraft:particles/glow_10, 8 -> 16
[15:19:26] [ForkJoinPool.commonPool-worker-3/FATAL] [OptiFine] Scaled too small texture: minecraft:particles/glow_13, 8 -> 16
[15:19:26] [ForkJoinPool.commonPool-worker-3/FATAL] [OptiFine] Scaled too small texture: minecraft:particles/glow_12, 8 -> 16
[15:19:26] [ForkJoinPool.commonPool-worker-3/FATAL] [OptiFine] Scaled too small texture: minecraft:particles/glow_15, 8 -> 16
[15:19:26] [ForkJoinPool.commonPool-worker-3/FATAL] [OptiFine] Scaled too small texture: minecraft:particles/glow_14, 8 -> 16
[15:19:26] [ForkJoinPool.commonPool-worker-3/FATAL] [OptiFine] Scaled non power of 2: minecraft:mcpatcher/cit/items/bad_omen, 18 -> 32
[15:19:26] [ForkJoinPool.commonPool-worker-3/FATAL] [OptiFine] Scaled non power of 2: minecraft:mcpatcher/cit/items/trial_omen, 18 -> 32
[15:19:26] [ForkJoinPool.commonPool-worker-3/INFO] load sprites for 15ms
[15:19:26] [ForkJoinPool.commonPool-worker-3/INFO] Created: 1024x1024 textures-atlas in 37ms
[15:19:27] [Client thread/INFO] [STDOUT]: [Enginex v5.13.11-TEST-2 - VoidMod] Successfully initialized
[15:19:27] [Client thread/INFO] Loaded mod VoidMod v1.0+089d877 in 927 ms
[15:19:27] [Client thread/INFO] [STDOUT]: [Enginex v5.16.3 - Wada] [Wada/debug] handshake complete (w4:load), awaitingHandshake=false, sessionId=2
[15:19:27] [ForkJoinPool.commonPool-worker-3/INFO] [DEBUG] Atlas assembly for 52.738ms
[15:19:27] [Client thread/INFO] [DEBUG] upload atlas for 2.112ms
[15:19:27] [Client thread/INFO] [DEBUG] Generate mipmaps for 0.003ms
[15:19:27] [Client thread/INFO] [OptiFine] Animated sprites: 0
[15:19:27] [Client thread/INFO] [OptiFine] CustomColors: Loading mcpatcher/color.properties
[15:19:27] [Client thread/INFO] Textures loaded for 943.061ms
[15:19:29] [Client thread/ERROR] Error on png decode
java.io.EOFException
	at #tUlWt.saIZ(SourceFile:79)
	at #VYoVN.sebj(SourceFile:93)
	at #bHrdv.sdnO(SourceFile:75)
	at #XBsTj.CS(SourceFile)
	at #tUzZc.sjrx(SourceFile:63)
	at #AQten.CS(SourceFile)
	at #nIGOF.seZW(SourceFile:243)
	at #jedZB.smCd(SourceFile:121)
	at #Drkys.aIu(SourceFile:271)
	at #Drkys.ccI(SourceFile)
	at #Eyhrx.sjCV(Unknown Source:169)
	at #bdKpy.aaj(SourceFile)
	at #ZSeER.sgFb(SourceFile:116)
	at #csPUt.aaj(SourceFile)
	at #ceBKZ.scJm(SourceFile:51)
	at #zQsmJ.hV(SourceFile)
	at #YHBay.sfdy(Unknown Source:204)
	at #CMSlN.sgiB(Unknown Source:123)
	at #CMSlN.sgiB(Unknown Source:136)
	at #gdMcF.snar(SourceFile:268)
	at #XIHRa.slgH(SourceFile:376)
	at #sQujC.seKa(SourceFile:1204)
	at #MtapD.smVx(SourceFile:1076)
	at #pdLpc.sgQh(SourceFile:3489)
	at #uYbVs.shtC(SourceFile:1509)
	at #UDDPE.sdDd(Unknown Source:1640)
	at #GMfdJ.sask(SourceFile:487)
	at net.minecraft.client.main.GameMain.iwR(SourceFile:220)
	at net.minecraft.client.main.GameMain.jtH(SourceFile:156)
	at #ZpHYL.i(Unknown Source)
	at #ZpHYL.run(Unknown Source)
	at java.base/java.lang.Thread.run(Unknown Source)
[15:19:41] [Network thread/INFO] Protocol upgrade mask: 157
[15:19:41] [Network thread/INFO] Upgrading protocol
[15:19:41] [Client thread/INFO] Invalidating server data
[15:19:41] [Client thread/INFO] Unloading mod VoidMod/63eab47f-c675-e7e2-d33c-8066e9517570
[15:19:41] [Client thread/INFO] [STDOUT]: [Enginex v5.16.3 - Wada] [Wada/debug] reload requested: ServerSwitch
[15:19:41] [Client thread/INFO] [STDOUT]: [Enginex v5.16.3 - Wada] [Wada/debug] cleanAndReload begin: sessionId=3, awaitingHandshake=true
[15:19:41] [Client thread/INFO] [STDOUT]: [Enginex v5.16.3 - Wada] VAO support: true
[15:19:41] [Client thread/INFO] [STDOUT]: [Enginex v5.16.3 - Wada] Initialization with mod Wada
[15:19:41] [Client thread/INFO] [STDOUT]: [Enginex v5.16.3 - Wada] Successfully initialized
[15:19:41] [Client thread/INFO] Reloading ResourceManager: assets-addon.jar, Default
[15:19:41] [Client thread/WARN] Missing sound for event: minecraft:entity.turtle.ambient
[15:19:41] [Client thread/WARN] Missing sound for event: minecraft:entity.turtle.baby_hurt
[15:19:41] [Client thread/WARN] Missing sound for event: minecraft:entity.turtle.hurt
[15:19:41] [Client thread/WARN] Missing sound for event: minecraft:entity.turtle.baby_death
[15:19:41] [Client thread/WARN] Missing sound for event: minecraft:entity.turtle.death
[15:19:41] [Client thread/WARN] Missing sound for event: minecraft:entity.turtle.baby_step
[15:19:41] [Client thread/WARN] Missing sound for event: minecraft:entity.turtle.step
[15:19:41] [Client thread/WARN] Missing sound for event: minecraft:entity.turtle.swim
[15:19:41] [Client thread/WARN] Missing sound for event: minecraft:block.turtle_egg.crack
[15:19:41] [Client thread/WARN] Missing sound for event: minecraft:block.turtle_egg.egg_break
[15:19:41] [Client thread/WARN] Missing sound for event: minecraft:block.turtle_egg.fall
[15:19:41] [Client thread/WARN] Missing sound for event: minecraft:block.turtle_egg.hatch
[15:19:41] [Client thread/INFO] SoundSystem shutting down...
[15:19:41] [Client thread/WARN] Author: Paul Lamb, www.paulscode.com
[15:19:41] [Client thread/INFO] Starting up SoundSystem...
[15:19:41] [Thread-33/INFO] Initializing LWJGL OpenAL
[15:19:41] [Thread-33/INFO] (The LWJGL binding of OpenAL.  For more information, see http://www.lwjgl.org)
[15:19:41] [Thread-33/INFO] OpenAL audio device: OpenAL Soft on Динамики (MCHOSE V9 PRO)
[15:19:41] [Thread-33/INFO] OpenAL initialized.
[15:19:41] [Client thread/INFO] Sound engine reloaded
[15:19:41] [ForkJoinPool.commonPool-worker-2/WARN] Unable to load variant: axis=x from minecraft:lodestone#axis=x
[15:19:41] [ForkJoinPool.commonPool-worker-2/WARN] Unable to load variant: axis=y from minecraft:lodestone#axis=y
[15:19:41] [ForkJoinPool.commonPool-worker-2/WARN] Unable to load variant: axis=z from minecraft:lodestone#axis=z
[15:19:41] [Client thread/INFO] Loaded mod Visual Driver/04a2cc9e-4862-869f-e5d4-68458026df6a v3.8.31+9da32142 in 4 ms
[15:19:41] [ForkJoinPool.commonPool-worker-2/ERROR] Unable to load item model: 'minecraft:mcpatcher/cit/others/megumin_hat#inventory' for item: 'minecraft:mcpatcher/cit/others/megumin_hat'
[15:19:41] [ForkJoinPool.commonPool-worker-2/INFO] [OptiFine] Mipmap levels: 4
[15:19:41] [ForkJoinPool.commonPool-worker-2/INFO] [OptiFine] Multi-texturing: false
[15:19:41] [ForkJoinPool.commonPool-worker-2/INFO] [OptiFine] Multipass connected textures: false
[15:19:41] [ForkJoinPool.commonPool-worker-2/INFO] [OptiFine] BetterGrass: Parsing default configuration optifine/bettergrass.properties
[15:19:41] [ForkJoinPool.commonPool-worker-2/FATAL] [OptiFine] Scaled too small texture: minecraft:particles/glow_2, 8 -> 16
[15:19:41] [ForkJoinPool.commonPool-worker-2/FATAL] [OptiFine] Scaled too small texture: minecraft:particles/glow_1, 8 -> 16
[15:19:41] [ForkJoinPool.commonPool-worker-2/FATAL] [OptiFine] Scaled too small texture: minecraft:particles/glow_0, 8 -> 16
[15:19:41] [ForkJoinPool.commonPool-worker-2/FATAL] [OptiFine] Scaled too small texture: minecraft:particles/glow_6, 8 -> 16
[15:19:41] [ForkJoinPool.commonPool-worker-2/FATAL] [OptiFine] Scaled too small texture: minecraft:particles/glow_5, 8 -> 16
[15:19:41] [ForkJoinPool.commonPool-worker-2/FATAL] [OptiFine] Scaled too small texture: minecraft:particles/glow_4, 8 -> 16
[15:19:41] [ForkJoinPool.commonPool-worker-2/FATAL] [OptiFine] Scaled too small texture: minecraft:particles/glow_3, 8 -> 16
[15:19:41] [ForkJoinPool.commonPool-worker-2/FATAL] [OptiFine] Scaled too small texture: minecraft:particles/glow_9, 8 -> 16
[15:19:41] [ForkJoinPool.commonPool-worker-2/FATAL] [OptiFine] Scaled too small texture: minecraft:particles/glow_8, 8 -> 16
[15:19:41] [ForkJoinPool.commonPool-worker-2/FATAL] [OptiFine] Scaled too small texture: minecraft:particles/glow_7, 8 -> 16
[15:19:41] [ForkJoinPool.commonPool-worker-2/FATAL] [OptiFine] Scaled too small texture: minecraft:particles/glow_11, 8 -> 16
[15:19:41] [ForkJoinPool.commonPool-worker-2/FATAL] [OptiFine] Scaled too small texture: minecraft:particles/glow_10, 8 -> 16
[15:19:41] [ForkJoinPool.commonPool-worker-2/FATAL] [OptiFine] Scaled too small texture: minecraft:particles/glow_13, 8 -> 16
[15:19:41] [ForkJoinPool.commonPool-worker-2/FATAL] [OptiFine] Scaled too small texture: minecraft:particles/glow_12, 8 -> 16
[15:19:41] [ForkJoinPool.commonPool-worker-2/FATAL] [OptiFine] Scaled too small texture: minecraft:particles/glow_15, 8 -> 16
[15:19:41] [ForkJoinPool.commonPool-worker-2/FATAL] [OptiFine] Scaled too small texture: minecraft:particles/glow_14, 8 -> 16
[15:19:41] [ForkJoinPool.commonPool-worker-2/INFO] load sprites for 3ms
[15:19:41] [ForkJoinPool.commonPool-worker-2/INFO] Created: 1024x1024 textures-atlas in 16ms
[15:19:41] [ForkJoinPool.commonPool-worker-2/INFO] [DEBUG] Atlas assembly for 1.983ms
[15:19:41] [Client thread/INFO] [DEBUG] upload atlas for 1.400ms
[15:19:41] [Client thread/INFO] [DEBUG] Generate mipmaps for 0.003ms
[15:19:41] [Client thread/INFO] [OptiFine] Animated sprites: 0
[15:19:41] [Client thread/INFO] [OptiFine] CustomColors: Loading mcpatcher/color.properties
[15:19:41] [Client thread/INFO] Textures loaded for 409.972ms
[15:19:41] [Client thread/INFO] Loaded mod HubMod/28bbbd24-2297-745a-f647-739982ab9f2f v1.4.5 in 8 ms
[15:19:41] [Client thread/INFO] Joining server Хаб #1
[15:19:42] [Client thread/INFO] [STDOUT]: [Enginex v5.16.3 - Wada] [Wada/debug] handshake complete (w4:load), awaitingHandshake=false, sessionId=3
[15:19:44] [Network thread/INFO] Protocol upgrade mask: 157
[15:19:44] [Network thread/INFO] Upgrading protocol
[15:19:44] [Client thread/INFO] Invalidating server data
[15:19:44] [Client thread/INFO] Unloading mod Visual Driver/04a2cc9e-4862-869f-e5d4-68458026df6a
[15:19:44] [Client thread/INFO] Unloading mod HubMod/28bbbd24-2297-745a-f647-739982ab9f2f
[15:19:44] [Client thread/INFO] [STDOUT]: [Enginex v5.16.3 - Wada] [Wada/debug] reload requested: ServerSwitch
[15:19:44] [Client thread/INFO] Joining server SpaceTycoon Lobby
[15:19:44] [Client thread/INFO] Start loading of mod LobbyMod
[15:19:44] [Client thread/INFO] Loading classes of LobbyMod
[15:19:44] [ForkJoinPool.commonPool-worker-5/INFO] LobbyMod-v1.0.0+4ce128a: class verification completed in 0ms
[15:19:44] [ForkJoinPool.commonPool-worker-5/INFO] LobbyMod-v1.0.0+4ce128a: defineClasses completed in 0ms
[15:19:44] [ForkJoinPool.commonPool-worker-5/INFO] Loaded classes in mod LobbyMod in 0 ms
[15:19:44] [Client thread/INFO] [STDOUT]: [Enginex v5.16.3 - Wada] [Wada/debug] cleanAndReload begin: sessionId=4, awaitingHandshake=true
[15:19:44] [Client thread/INFO] [STDOUT]: [Enginex v5.16.3 - Wada] VAO support: true
[15:19:44] [Client thread/INFO] [STDOUT]: [Enginex v5.16.3 - Wada] Initialization with mod Wada
[15:19:44] [Client thread/INFO] [STDOUT]: [Enginex v5.16.3 - Wada] Successfully initialized
[15:19:44] [Client thread/INFO] Loading mod LobbyMod v1.0.0+4ce128a by Cristalix
[15:19:44] [Client thread/INFO] Loaded mod LobbyMod v1.0.0+4ce128a in 10 ms
[15:19:45] [Client thread/INFO] [STDOUT]: [Enginex v5.16.3 - Wada] [Wada/debug] handshake complete (w4:load), awaitingHandshake=false, sessionId=4
[15:19:45] [Network thread/INFO] Protocol upgrade mask: 157
[15:19:45] [Network thread/INFO] Upgrading protocol
[15:19:45] [Client thread/INFO] Invalidating server data
[15:19:45] [Client thread/INFO] Unloading mod LobbyMod/8e53337a-3b86-35bf-b19d-7db310f33ce8
[15:19:45] [Client thread/INFO] [STDOUT]: [Enginex v5.16.3 - Wada] [Wada/debug] reload requested: ServerSwitch
[15:19:45] [Client thread/INFO] [STDOUT]: [Enginex v5.16.3 - Wada] [Wada/debug] cleanAndReload begin: sessionId=5, awaitingHandshake=true
[15:19:45] [Client thread/INFO] [STDOUT]: [Enginex v5.16.3 - Wada] VAO support: true
[15:19:45] [Client thread/INFO] [STDOUT]: [Enginex v5.16.3 - Wada] Initialization with mod Wada
[15:19:45] [Client thread/INFO] [STDOUT]: [Enginex v5.16.3 - Wada] Successfully initialized
[15:19:49] [Client thread/INFO] Start loading of mod Nebula
[15:19:49] [Client thread/INFO] Loading classes of Nebula
[15:19:49] [Client thread/INFO] [CHAT] 
[15:19:49] [Client thread/INFO] [CHAT]  SpaceTycoon :re
[15:19:49] [Client thread/INFO] [CHAT] Твой бур создан, чтобы пронзить им небеса!
[15:19:49] [Client thread/INFO] [CHAT]   
[15:19:49] [Client thread/INFO] [CHAT]  Новости и космические приключения!\n t.me/spacetycoon_cristalix\n  
[15:19:49] [ForkJoinPool.commonPool-worker-2/INFO] Nebula-v1.0.0: class verification completed in 6ms
[15:19:49] [ForkJoinPool.commonPool-worker-2/INFO] Nebula-v1.0.0: defineClasses completed in 0ms
[15:19:49] [ForkJoinPool.commonPool-worker-2/INFO] Loaded classes in mod Nebula in 8 ms
[15:19:49] [Client thread/INFO] Loading mod Nebula v1.0.0 by Tensess
[15:19:49] [Client thread/INFO] [STDOUT]: [Enginex v5.13.1 - Nebula] VAO support: true
[15:19:49] [Client thread/INFO] [STDOUT]: [Enginex v5.13.1 - Nebula] Initialization with mod Nebula
[15:19:49] [Client thread/INFO] [STDOUT]: [Enginex v5.13.1 - Nebula] Successfully initialized
[15:19:49] [Client thread/INFO] Loaded mod Nebula v1.0.0 in 259 ms
[15:19:49] [Client thread/ERROR] minecraft:models/ducks/duck_14.model is not found
[15:19:49] [Client thread/ERROR] minecraft:models/ducks/duck_14.model is not found
[15:19:49] [Client thread/ERROR] minecraft:models/ducks/duck_14.model is not found
[15:19:49] [Client thread/ERROR] minecraft:models/ducks/duck_14.model is not found
[15:19:49] [Client thread/ERROR] minecraft:models/ducks/duck_14.model is not found
[15:19:49] [Client thread/ERROR] minecraft:models/ducks/duck_14.model is not found
[15:19:49] [Client thread/ERROR] minecraft:models/ducks/duck_14.model is not found
[15:19:49] [Client thread/ERROR] minecraft:models/ducks/duck_14.model is not found
[15:19:49] [Client thread/ERROR] minecraft:models/ducks/duck_14.model is not found
[15:19:49] [Client thread/ERROR] minecraft:models/ducks/duck_14.model is not found
[15:19:49] [Client thread/ERROR] minecraft:models/ducks/duck_14.model is not found
[15:19:49] [Client thread/ERROR] minecraft:models/ducks/duck_14.model is not found
[15:19:49] [Client thread/ERROR] minecraft:models/ducks/duck_14.model is not found
[15:19:49] [Client thread/ERROR] minecraft:models/ducks/duck_14.model is not found
[15:19:49] [Client thread/ERROR] minecraft:models/ducks/duck_14.model is not found
[15:19:49] [Client thread/ERROR] minecraft:models/ducks/duck_14.model is not found
[15:19:49] [Client thread/ERROR] minecraft:models/ducks/duck_14.model is not found
[15:19:49] [Client thread/ERROR] minecraft:models/ducks/duck_14.model is not found
[15:19:49] [Client thread/ERROR] minecraft:models/ducks/duck_14.model is not found
[15:19:49] [Client thread/ERROR] minecraft:models/ducks/duck_14.model is not found
[15:19:49] [Client thread/ERROR] minecraft:models/ducks/duck_14.model is not found
[15:19:49] [Client thread/ERROR] minecraft:models/ducks/duck_14.model is not found
[15:19:49] [Client thread/ERROR] minecraft:models/ducks/duck_14.model is not found
[15:19:49] [Client thread/ERROR] minecraft:models/ducks/duck_14.model is not found
[15:19:49] [Client thread/ERROR] minecraft:models/ducks/duck_14.model is not found
[15:19:49] [Client thread/ERROR] minecraft:models/ducks/duck_14.model is not found
[15:19:49] [Client thread/ERROR] minecraft:models/ducks/duck_14.model is not found
[15:19:49] [Client thread/ERROR] minecraft:models/ducks/duck_14.model is not found
[15:19:49] [Client thread/ERROR] minecraft:models/ducks/duck_14.model is not found
[15:19:49] [Client thread/ERROR] minecraft:models/ducks/duck_14.model is not found
[15:19:49] [Client thread/ERROR] minecraft:models/ducks/duck_14.model is not found
[15:19:49] [Client thread/ERROR] minecraft:models/ducks/duck_14.model is not found
[15:19:49] [Client thread/ERROR] minecraft:models/ducks/duck_14.model is not found
[15:19:49] [Client thread/ERROR] minecraft:models/ducks/duck_14.model is not found
[15:19:49] [Client thread/ERROR] minecraft:models/ducks/duck_14.model is not found
[15:19:49] [Client thread/ERROR] minecraft:models/ducks/duck_14.model is not found
[15:19:49] [Client thread/ERROR] minecraft:models/ducks/duck_14.model is not found
[15:19:49] [Client thread/ERROR] minecraft:models/ducks/duck_14.model is not found
[15:19:49] [Client thread/ERROR] minecraft:models/ducks/duck_14.model is not found
[15:19:49] [Client thread/ERROR] minecraft:models/ducks/duck_14.model is not found
[15:19:49] [Client thread/ERROR] minecraft:models/ducks/duck_14.model is not found
[15:19:49] [Client thread/ERROR] minecraft:models/ducks/duck_14.model is not found
[15:19:49] [Client thread/ERROR] minecraft:models/ducks/duck_14.model is not found
[15:19:49] [Client thread/ERROR] minecraft:models/ducks/duck_14.model is not found
[15:19:49] [Client thread/ERROR] minecraft:models/ducks/duck_14.model is not found
[15:19:49] [Client thread/ERROR] minecraft:models/ducks/duck_14.model is not found
[15:19:49] [Client thread/ERROR] minecraft:models/ducks/duck_14.model is not found
[15:19:49] [Client thread/ERROR] minecraft:models/ducks/duck_14.model is not found
[15:19:49] [Client thread/ERROR] minecraft:models/ducks/duck_14.model is not found
[15:19:49] [Client thread/ERROR] minecraft:models/ducks/duck_14.model is not found
[15:19:49] [Client thread/ERROR] minecraft:models/ducks/duck_14.model is not found
[15:19:49] [Client thread/ERROR] minecraft:models/ducks/duck_14.model is not found
[15:19:49] [Client thread/ERROR] minecraft:models/ducks/duck_14.model is not found
[15:19:49] [Client thread/ERROR] minecraft:models/ducks/duck_14.model is not found
[15:19:49] [Client thread/ERROR] minecraft:models/ducks/duck_14.model is not found
[15:19:49] [Client thread/ERROR] minecraft:models/ducks/duck_14.model is not found
[15:19:49] [Client thread/ERROR] minecraft:models/ducks/duck_14.model is not found
[15:19:49] [Client thread/ERROR] minecraft:models/ducks/duck_14.model is not found
[15:19:49] [Client thread/ERROR] minecraft:models/ducks/duck_14.model is not found
[15:19:49] [Client thread/ERROR] minecraft:models/ducks/duck_14.model is not found
[15:19:49] [Client thread/ERROR] minecraft:models/ducks/duck_14.model is not found
[15:19:49] [Client thread/ERROR] minecraft:models/ducks/duck_14.model is not found
[15:19:49] [Client thread/ERROR] minecraft:models/ducks/duck_14.model is not found
[15:19:49] [Client thread/ERROR] minecraft:models/ducks/duck_14.model is not found
[15:19:49] [Client thread/ERROR] minecraft:models/ducks/duck_14.model is not found
[15:19:49] [Client thread/ERROR] minecraft:models/ducks/duck_14.model is not found
[15:19:49] [Client thread/ERROR] minecraft:models/ducks/duck_14.model is not found
[15:19:49] [Client thread/ERROR] minecraft:models/ducks/duck_14.model is not found
[15:19:49] [Client thread/ERROR] minecraft:models/ducks/duck_14.model is not found
[15:19:49] [Client thread/ERROR] minecraft:models/ducks/duck_14.model is not found
[15:19:49] [Client thread/ERROR] minecraft:models/ducks/duck_14.model is not found
[15:19:49] [Client thread/ERROR] minecraft:models/ducks/duck_14.model is not found
[15:19:49] [Client thread/ERROR] minecraft:models/ducks/duck_14.model is not found
[15:19:49] [Client thread/ERROR] minecraft:models/ducks/duck_14.model is not found
[15:19:49] [Client thread/ERROR] minecraft:models/ducks/duck_14.model is not found
[15:19:49] [Client thread/ERROR] minecraft:models/ducks/duck_14.model is not found
[15:19:49] [Client thread/ERROR] minecraft:models/ducks/duck_14.model is not found
[15:19:49] [Client thread/ERROR] minecraft:models/ducks/duck_14.model is not found
[15:19:49] [Client thread/ERROR] minecraft:models/ducks/duck_14.model is not found
[15:19:49] [Client thread/ERROR] minecraft:models/ducks/duck_14.model is not found
[15:19:49] [Client thread/ERROR] minecraft:models/ducks/duck_14.model is not found
[15:19:49] [Client thread/ERROR] minecraft:models/ducks/duck_14.model is not found
[15:19:49] [Client thread/ERROR] minecraft:models/ducks/duck_14.model is not found
[15:19:49] [Client thread/ERROR] minecraft:models/ducks/duck_14.model is not found
[15:19:49] [Client thread/ERROR] minecraft:models/ducks/duck_14.model is not found
[15:19:49] [Client thread/ERROR] minecraft:models/ducks/duck_14.model is not found
[15:19:49] [Client thread/ERROR] minecraft:models/ducks/duck_14.model is not found
[15:19:49] [Client thread/ERROR] minecraft:models/ducks/duck_14.model is not found
[15:19:49] [Client thread/ERROR] minecraft:models/ducks/duck_14.model is not found
[15:19:49] [Client thread/ERROR] minecraft:models/ducks/duck_14.model is not found
[15:19:49] [Client thread/ERROR] minecraft:models/ducks/duck_14.model is not found
[15:19:49] [Client thread/ERROR] minecraft:models/ducks/duck_14.model is not found
[15:19:49] [Client thread/ERROR] minecraft:models/ducks/duck_14.model is not found
[15:19:49] [Client thread/ERROR] minecraft:models/ducks/duck_14.model is not found
[15:19:49] [Client thread/ERROR] minecraft:models/ducks/duck_14.model is not found
[15:19:49] [Client thread/ERROR] minecraft:models/ducks/duck_14.model is not found
[15:19:49] [Client thread/ERROR] minecraft:models/ducks/duck_14.model is not found
[15:19:49] [Client thread/ERROR] minecraft:models/ducks/duck_14.model is not found
[15:19:49] [Client thread/ERROR] minecraft:models/ducks/duck_14.model is not found
[15:19:49] [Client thread/ERROR] minecraft:models/ducks/duck_14.model is not found
[15:19:49] [Client thread/ERROR] minecraft:models/ducks/duck_14.model is not found
[15:19:49] [Client thread/ERROR] minecraft:models/ducks/duck_14.model is not found
[15:19:49] [Client thread/ERROR] minecraft:models/ducks/duck_14.model is not found
[15:19:49] [Client thread/ERROR] minecraft:models/ducks/duck_14.model is not found
[15:19:49] [Client thread/ERROR] minecraft:models/ducks/duck_14.model is not found
[15:19:49] [Client thread/ERROR] minecraft:models/ducks/duck_14.model is not found
[15:19:49] [Client thread/ERROR] minecraft:models/ducks/duck_14.model is not found
[15:19:49] [Client thread/ERROR] minecraft:models/ducks/duck_14.model is not found
[15:19:49] [Client thread/ERROR] minecraft:models/ducks/duck_14.model is not found
[15:19:49] [Client thread/ERROR] minecraft:models/ducks/duck_14.model is not found
[15:19:49] [Client thread/ERROR] minecraft:models/ducks/duck_14.model is not found
[15:19:49] [Client thread/ERROR] minecraft:models/ducks/duck_14.model is not found
[15:19:49] [Client thread/ERROR] minecraft:models/ducks/duck_14.model is not found
[15:19:49] [Client thread/ERROR] minecraft:models/ducks/duck_14.model is not found
[15:19:49] [Client thread/ERROR] minecraft:models/ducks/duck_14.model is not found
[15:19:49] [Client thread/ERROR] minecraft:models/ducks/duck_14.model is not found
[15:19:49] [Client thread/ERROR] minecraft:models/ducks/duck_14.model is not found
[15:19:49] [Client thread/ERROR] minecraft:models/ducks/duck_14.model is not found
[15:19:49] [Client thread/ERROR] minecraft:models/ducks/duck_14.model is not found
[15:19:49] [Client thread/ERROR] minecraft:models/ducks/duck_14.model is not found
[15:19:49] [Client thread/ERROR] minecraft:models/ducks/duck_14.model is not found
[15:19:49] [Client thread/ERROR] minecraft:models/ducks/duck_14.model is not found
[15:19:49] [Client thread/ERROR] minecraft:models/ducks/duck_14.model is not found
[15:19:49] [Client thread/ERROR] minecraft:models/ducks/duck_14.model is not found
[15:19:49] [Client thread/ERROR] minecraft:models/ducks/duck_14.model is not found
[15:19:49] [Client thread/ERROR] minecraft:models/ducks/duck_14.model is not found
[15:19:49] [Client thread/ERROR] minecraft:models/ducks/duck_14.model is not found
[15:19:49] [Client thread/ERROR] minecraft:models/ducks/duck_14.model is not found
[15:19:49] [Client thread/ERROR] minecraft:models/ducks/duck_14.model is not found
[15:19:49] [Client thread/ERROR] minecraft:models/ducks/duck_14.model is not found
[15:19:49] [Client thread/ERROR] minecraft:models/ducks/duck_14.model is not found
[15:19:49] [Client thread/ERROR] minecraft:models/ducks/duck_14.model is not found
[15:19:49] [Client thread/ERROR] minecraft:models/ducks/duck_14.model is not found
[15:19:49] [Client thread/ERROR] minecraft:models/ducks/duck_14.model is not found
[15:19:49] [Client thread/ERROR] minecraft:models/ducks/duck_14.model is not found
[15:19:49] [Client thread/ERROR] minecraft:models/ducks/duck_14.model is not found
[15:19:49] [Client thread/ERROR] minecraft:models/ducks/duck_14.model is not found
[15:19:49] [Client thread/ERROR] minecraft:models/ducks/duck_14.model is not found
[15:19:49] [Client thread/ERROR] minecraft:models/ducks/duck_14.model is not found
[15:19:49] [Client thread/ERROR] minecraft:models/ducks/duck_14.model is not found
[15:19:49] [Client thread/ERROR] minecraft:models/ducks/duck_14.model is not found
[15:19:49] [Client thread/ERROR] minecraft:models/ducks/duck_14.model is not found
[15:19:49] [Client thread/ERROR] minecraft:models/ducks/duck_14.model is not found
[15:19:49] [Client thread/ERROR] minecraft:models/ducks/duck_14.model is not found
[15:19:49] [Client thread/ERROR] minecraft:models/ducks/duck_14.model is not found
[15:19:49] [Client thread/ERROR] minecraft:models/ducks/duck_14.model is not found
[15:19:49] [Client thread/ERROR] minecraft:models/ducks/duck_14.model is not found
[15:19:49] [Client thread/ERROR] minecraft:models/ducks/duck_14.model is not found
[15:19:49] [Client thread/ERROR] minecraft:models/ducks/duck_14.model is not found
[15:19:49] [Client thread/ERROR] minecraft:models/ducks/duck_14.model is not found
[15:19:49] [Client thread/ERROR] minecraft:models/ducks/duck_14.model is not found
[15:19:49] [Client thread/ERROR] minecraft:models/ducks/duck_14.model is not found
[15:19:49] [Client thread/ERROR] minecraft:models/ducks/duck_14.model is not found
[15:19:49] [Client thread/ERROR] minecraft:models/ducks/duck_14.model is not found
[15:19:49] [Client thread/ERROR] minecraft:models/ducks/duck_14.model is not found
[15:19:49] [Client thread/ERROR] minecraft:models/ducks/duck_14.model is not found
[15:19:49] [Client thread/ERROR] minecraft:models/ducks/duck_14.model is not found
[15:19:49] [Client thread/ERROR] minecraft:models/ducks/duck_14.model is not found
[15:19:49] [Client thread/ERROR] minecraft:models/ducks/duck_14.model is not found
[15:19:49] [Client thread/ERROR] minecraft:models/ducks/duck_14.model is not found
[15:19:49] [Client thread/ERROR] minecraft:models/ducks/duck_14.model is not found
[15:19:49] [Client thread/ERROR] minecraft:models/ducks/duck_14.model is not found
[15:19:49] [Client thread/ERROR] minecraft:models/ducks/duck_14.model is not found
[15:19:49] [Client thread/ERROR] minecraft:models/ducks/duck_14.model is not found
[15:19:49] [Client thread/ERROR] minecraft:models/ducks/duck_14.model is not found
[15:19:49] [Client thread/ERROR] minecraft:models/ducks/duck_14.model is not found
[15:19:49] [Client thread/ERROR] minecraft:models/ducks/duck_14.model is not found
[15:19:49] [Client thread/ERROR] minecraft:models/ducks/duck_14.model is not found
[15:19:49] [Client thread/ERROR] minecraft:models/ducks/duck_14.model is not found
[15:19:49] [Client thread/ERROR] minecraft:models/ducks/duck_14.model is not found
[15:19:49] [Client thread/ERROR] minecraft:models/ducks/duck_14.model is not found
[15:19:49] [Client thread/ERROR] minecraft:models/ducks/duck_14.model is not found
[15:19:49] [Client thread/ERROR] minecraft:models/ducks/duck_14.model is not found
[15:19:49] [Client thread/ERROR] minecraft:models/ducks/duck_14.model is not found
[15:19:49] [Client thread/ERROR] minecraft:models/ducks/duck_14.model is not found
[15:19:49] [Client thread/ERROR] minecraft:models/ducks/duck_14.model is not found
[15:19:49] [Client thread/ERROR] minecraft:models/ducks/duck_14.model is not found
[15:19:49] [Client thread/ERROR] minecraft:models/ducks/duck_14.model is not found
[15:19:49] [Client thread/ERROR] minecraft:models/ducks/duck_14.model is not found
[15:19:49] [Client thread/ERROR] minecraft:models/ducks/duck_14.model is not found
[15:19:49] [Client thread/ERROR] minecraft:models/ducks/duck_14.model is not found
[15:19:49] [Client thread/ERROR] minecraft:models/ducks/duck_14.model is not found
[15:19:49] [Client thread/ERROR] minecraft:models/ducks/duck_14.model is not found
[15:19:49] [Client thread/ERROR] minecraft:models/ducks/duck_14.model is not found
[15:19:49] [Client thread/ERROR] minecraft:models/ducks/duck_14.model is not found
[15:19:49] [Client thread/ERROR] minecraft:models/ducks/duck_14.model is not found
[15:19:49] [Client thread/ERROR] minecraft:models/ducks/duck_14.model is not found
[15:19:49] [Client thread/ERROR] minecraft:models/ducks/duck_14.model is not found
[15:19:49] [Client thread/ERROR] minecraft:models/ducks/duck_14.model is not found
[15:19:49] [Client thread/ERROR] minecraft:models/ducks/duck_14.model is not found
[15:19:49] [Client thread/ERROR] minecraft:models/ducks/duck_14.model is not found
[15:19:49] [Client thread/ERROR] minecraft:models/ducks/duck_14.model is not found
[15:19:49] [Client thread/ERROR] minecraft:models/ducks/duck_14.model is not found
[15:19:49] [Client thread/ERROR] minecraft:models/ducks/duck_14.model is not found
[15:19:49] [Client thread/ERROR] minecraft:models/ducks/duck_14.model is not found
[15:19:49] [Client thread/ERROR] minecraft:models/ducks/duck_14.model is not found
[15:19:49] [Client thread/ERROR] minecraft:models/ducks/duck_14.model is not found
[15:19:49] [Client thread/ERROR] minecraft:models/ducks/duck_14.model is not found
[15:19:49] [Client thread/ERROR] minecraft:models/ducks/duck_14.model is not found
[15:19:49] [Client thread/ERROR] minecraft:models/ducks/duck_14.model is not found
[15:19:49] [Client thread/ERROR] minecraft:models/ducks/duck_14.model is not found
[15:19:49] [Client thread/ERROR] minecraft:models/ducks/duck_14.model is not found
[15:19:49] [Client thread/ERROR] minecraft:models/ducks/duck_14.model is not found
[15:19:49] [Client thread/ERROR] minecraft:models/ducks/duck_14.model is not found
[15:19:50] [Client thread/ERROR] minecraft:models/ducks/duck_14.model is not found
[15:19:50] [Client thread/ERROR] minecraft:models/ducks/duck_14.model is not found
[15:19:50] [Client thread/ERROR] minecraft:models/ducks/duck_14.model is not found
[15:19:50] [Client thread/ERROR] minecraft:models/ducks/duck_14.model is not found
[15:19:50] [Client thread/ERROR] minecraft:models/ducks/duck_14.model is not found
[15:19:50] [Client thread/ERROR] minecraft:models/ducks/duck_14.model is not found
[15:19:50] [Client thread/ERROR] minecraft:models/ducks/duck_14.model is not found
[15:19:50] [Client thread/ERROR] minecraft:models/ducks/duck_14.model is not found
[15:19:50] [Client thread/ERROR] minecraft:models/ducks/duck_14.model is not found
[15:19:50] [Client thread/ERROR] minecraft:models/ducks/duck_14.model is not found
[15:19:50] [Client thread/ERROR] minecraft:models/ducks/duck_14.model is not found
[15:19:50] [Client thread/ERROR] minecraft:models/ducks/duck_14.model is not found
[15:19:50] [Client thread/ERROR] minecraft:models/ducks/duck_14.model is not found
[15:19:50] [Client thread/ERROR] minecraft:models/ducks/duck_14.model is not found
[15:19:50] [Client thread/ERROR] minecraft:models/ducks/duck_14.model is not found
[15:19:50] [Client thread/ERROR] minecraft:models/ducks/duck_14.model is not found
[15:19:50] [Client thread/ERROR] minecraft:models/ducks/duck_14.model is not found
[15:19:50] [Client thread/ERROR] minecraft:models/ducks/duck_14.model is not found
[15:19:50] [Client thread/ERROR] minecraft:models/ducks/duck_14.model is not found
[15:19:50] [Client thread/ERROR] minecraft:models/ducks/duck_14.model is not found
[15:19:50] [Client thread/ERROR] minecraft:models/ducks/duck_14.model is not found
[15:19:50] [Client thread/ERROR] minecraft:models/ducks/duck_14.model is not found
[15:19:50] [Client thread/ERROR] minecraft:models/ducks/duck_14.model is not found
[15:19:50] [Client thread/ERROR] minecraft:models/ducks/duck_14.model is not found
[15:19:50] [Client thread/ERROR] minecraft:models/ducks/duck_14.model is not found
[15:19:50] [Client thread/ERROR] minecraft:models/ducks/duck_14.model is not found
[15:19:50] [Client thread/ERROR] minecraft:models/ducks/duck_14.model is not found
[15:19:50] [Client thread/ERROR] minecraft:models/ducks/duck_14.model is not found
[15:19:50] [Client thread/ERROR] minecraft:models/ducks/duck_14.model is not found
[15:19:50] [Client thread/ERROR] minecraft:models/ducks/duck_14.model is not found
[15:19:50] [Client thread/ERROR] minecraft:models/ducks/duck_14.model is not found
[15:19:50] [Client thread/ERROR] minecraft:models/ducks/duck_14.model is not found
[15:19:50] [Client thread/ERROR] minecraft:models/ducks/duck_14.model is not found
[15:19:50] [Client thread/ERROR] minecraft:models/ducks/duck_14.model is not found
[15:19:50] [Client thread/ERROR] minecraft:models/ducks/duck_14.model is not found
[15:19:50] [Client thread/ERROR] minecraft:models/ducks/duck_14.model is not found
[15:19:50] [Client thread/ERROR] minecraft:models/ducks/duck_14.model is not found
[15:19:50] [Client thread/ERROR] minecraft:models/ducks/duck_14.model is not found
[15:19:50] [Client thread/ERROR] minecraft:models/ducks/duck_14.model is not found
[15:19:50] [Client thread/ERROR] minecraft:models/ducks/duck_14.model is not found
[15:19:50] [Client thread/ERROR] minecraft:models/ducks/duck_14.model is not found
[15:19:50] [Client thread/ERROR] minecraft:models/ducks/duck_14.model is not found
[15:19:50] [Client thread/ERROR] minecraft:models/ducks/duck_14.model is not found
[15:19:50] [Client thread/ERROR] minecraft:models/ducks/duck_14.model is not found
[15:19:50] [Client thread/ERROR] minecraft:models/ducks/duck_14.model is not found
[15:19:50] [Client thread/ERROR] minecraft:models/ducks/duck_14.model is not found
[15:19:50] [Client thread/ERROR] minecraft:models/ducks/duck_14.model is not found
[15:19:50] [Client thread/ERROR] minecraft:models/ducks/duck_14.model is not found
[15:19:50] [Client thread/ERROR] minecraft:models/ducks/duck_14.model is not found
[15:19:50] [Client thread/ERROR] minecraft:models/ducks/duck_14.model is not found
[15:19:50] [Client thread/ERROR] minecraft:models/ducks/duck_14.model is not found
[15:19:50] [Client thread/ERROR] minecraft:models/ducks/duck_14.model is not found
[15:19:50] [Client thread/ERROR] minecraft:models/ducks/duck_14.model is not found
[15:19:50] [Client thread/ERROR] minecraft:models/ducks/duck_14.model is not found
[15:19:50] [Client thread/ERROR] minecraft:models/ducks/duck_14.model is not found
[15:19:50] [Client thread/ERROR] minecraft:models/ducks/duck_14.model is not found
[15:19:50] [Client thread/ERROR] minecraft:models/ducks/duck_14.model is not found
[15:19:50] [Client thread/ERROR] minecraft:models/ducks/duck_14.model is not found
[15:19:50] [Client thread/ERROR] minecraft:models/ducks/duck_14.model is not found
[15:19:50] [Client thread/ERROR] minecraft:models/ducks/duck_14.model is not found
[15:19:50] [Client thread/ERROR] minecraft:models/ducks/duck_14.model is not found
[15:19:50] [Client thread/ERROR] minecraft:models/ducks/duck_14.model is not found
[15:19:50] [Client thread/ERROR] minecraft:models/ducks/duck_14.model is not found
[15:19:50] [Client thread/ERROR] minecraft:models/ducks/duck_14.model is not found
[15:19:50] [Client thread/ERROR] minecraft:models/ducks/duck_14.model is not found
[15:19:50] [Client thread/ERROR] minecraft:models/ducks/duck_14.model is not found
[15:19:50] [Client thread/ERROR] minecraft:models/ducks/duck_14.model is not found
[15:19:50] [Client thread/ERROR] minecraft:models/ducks/duck_14.model is not found
[15:19:50] [Client thread/ERROR] minecraft:models/ducks/duck_14.model is not found
[15:19:50] [Client thread/ERROR] minecraft:models/ducks/duck_14.model is not found
[15:19:50] [Client thread/ERROR] minecraft:models/ducks/duck_14.model is not found
[15:19:50] [Client thread/ERROR] minecraft:models/ducks/duck_14.model is not found
[15:19:50] [Client thread/ERROR] minecraft:models/ducks/duck_14.model is not found
[15:19:50] [Client thread/ERROR] minecraft:models/ducks/duck_14.model is not found
[15:19:50] [Client thread/ERROR] minecraft:models/ducks/duck_14.model is not found
[15:19:50] [Client thread/ERROR] minecraft:models/ducks/duck_14.model is not found
[15:19:50] [Client thread/ERROR] minecraft:models/ducks/duck_14.model is not found
[15:19:50] [Client thread/ERROR] minecraft:models/ducks/duck_14.model is not found
[15:19:50] [Client thread/ERROR] minecraft:models/ducks/duck_14.model is not found
[15:19:50] [Client thread/ERROR] minecraft:models/ducks/duck_14.model is not found
[15:19:50] [Client thread/ERROR] minecraft:models/ducks/duck_14.model is not found
[15:19:50] [Client thread/ERROR] minecraft:models/ducks/duck_14.model is not found
[15:19:50] [Client thread/ERROR] minecraft:models/ducks/duck_14.model is not found
[15:19:50] [Client thread/ERROR] minecraft:models/ducks/duck_14.model is not found
[15:19:50] [Client thread/ERROR] minecraft:models/ducks/duck_14.model is not found
[15:19:50] [Client thread/ERROR] minecraft:models/ducks/duck_14.model is not found
[15:19:50] [Client thread/ERROR] minecraft:models/ducks/duck_14.model is not found
[15:19:50] [Client thread/ERROR] minecraft:models/ducks/duck_14.model is not found
[15:19:50] [Client thread/ERROR] minecraft:models/ducks/duck_14.model is not found
[15:19:50] [Client thread/ERROR] minecraft:models/ducks/duck_14.model is not found
[15:19:50] [Client thread/ERROR] minecraft:models/ducks/duck_14.model is not found
[15:19:50] [Client thread/ERROR] minecraft:models/ducks/duck_14.model is not found
[15:19:50] [Client thread/ERROR] minecraft:models/ducks/duck_14.model is not found
[15:19:50] [Client thread/ERROR] minecraft:models/ducks/duck_14.model is not found
[15:19:50] [Client thread/ERROR] minecraft:models/ducks/duck_14.model is not found
[15:19:50] [Client thread/ERROR] minecraft:models/ducks/duck_14.model is not found
[15:19:50] [Client thread/ERROR] minecraft:models/ducks/duck_14.model is not found
[15:19:50] [Client thread/ERROR] minecraft:models/ducks/duck_14.model is not found
[15:19:50] [Client thread/ERROR] minecraft:models/ducks/duck_14.model is not found
[15:19:50] [Client thread/ERROR] minecraft:models/ducks/duck_14.model is not found
[15:19:50] [Client thread/ERROR] minecraft:models/ducks/duck_14.model is not found
[15:19:50] [Client thread/ERROR] minecraft:models/ducks/duck_14.model is not found
[15:19:50] [Client thread/ERROR] minecraft:models/ducks/duck_14.model is not found
[15:19:50] [Client thread/ERROR] minecraft:models/ducks/duck_14.model is not found
[15:19:50] [Client thread/ERROR] minecraft:models/ducks/duck_14.model is not found
[15:19:50] [Client thread/ERROR] minecraft:models/ducks/duck_14.model is not found
[15:19:50] [Client thread/ERROR] minecraft:models/ducks/duck_14.model is not found
[15:19:50] [Client thread/ERROR] minecraft:models/ducks/duck_14.model is not found
[15:19:50] [Client thread/ERROR] minecraft:models/ducks/duck_14.model is not found
[15:19:50] [Client thread/ERROR] minecraft:models/ducks/duck_14.model is not found
[15:19:50] [Client thread/ERROR] minecraft:models/ducks/duck_14.model is not found
[15:19:50] [Client thread/ERROR] minecraft:models/ducks/duck_14.model is not found
[15:19:50] [Client thread/ERROR] minecraft:models/ducks/duck_14.model is not found
[15:19:50] [Client thread/ERROR] minecraft:models/ducks/duck_14.model is not found
[15:19:50] [Client thread/ERROR] minecraft:models/ducks/duck_14.model is not found
[15:19:50] [Client thread/ERROR] minecraft:models/ducks/duck_14.model is not found
[15:19:50] [Client thread/ERROR] minecraft:models/ducks/duck_14.model is not found
[15:19:50] [Client thread/ERROR] minecraft:models/ducks/duck_14.model is not found
[15:19:50] [Client thread/ERROR] minecraft:models/ducks/duck_14.model is not found
[15:19:50] [Client thread/ERROR] minecraft:models/ducks/duck_14.model is not found
[15:19:50] [Client thread/ERROR] minecraft:models/ducks/duck_14.model is not found
[15:19:50] [Client thread/ERROR] minecraft:models/ducks/duck_14.model is not found
[15:19:50] [Client thread/ERROR] minecraft:models/ducks/duck_14.model is not found
[15:19:50] [Client thread/ERROR] minecraft:models/ducks/duck_14.model is not found
[15:19:50] [Client thread/ERROR] minecraft:models/ducks/duck_14.model is not found
[15:19:50] [Client thread/ERROR] minecraft:models/ducks/duck_14.model is not found
[15:19:50] [Client thread/ERROR] minecraft:models/ducks/duck_14.model is not found
[15:19:50] [Client thread/ERROR] minecraft:models/ducks/duck_14.model is not found
[15:19:50] [Client thread/ERROR] minecraft:models/ducks/duck_14.model is not found
[15:19:50] [Client thread/ERROR] minecraft:models/ducks/duck_14.model is not found
[15:19:50] [Client thread/ERROR] minecraft:models/ducks/duck_14.model is not found
[15:19:50] [Client thread/ERROR] minecraft:models/ducks/duck_14.model is not found
[15:19:50] [Client thread/ERROR] minecraft:models/ducks/duck_14.model is not found
[15:19:50] [Client thread/ERROR] minecraft:models/ducks/duck_14.model is not found
[15:19:50] [Client thread/ERROR] minecraft:models/ducks/duck_14.model is not found
[15:19:50] [Client thread/ERROR] minecraft:models/ducks/duck_14.model is not found
[15:19:50] [Client thread/ERROR] minecraft:models/ducks/duck_14.model is not found
[15:19:50] [Client thread/ERROR] minecraft:models/ducks/duck_14.model is not found
[15:19:50] [Client thread/ERROR] minecraft:models/ducks/duck_14.model is not found
[15:19:50] [Client thread/ERROR] minecraft:models/ducks/duck_14.model is not found
[15:19:50] [Client thread/ERROR] minecraft:models/ducks/duck_14.model is not found
[15:19:50] [Client thread/ERROR] minecraft:models/ducks/duck_14.model is not found
[15:19:50] [Client thread/ERROR] minecraft:models/ducks/duck_14.model is not found
[15:19:50] [Client thread/ERROR] minecraft:models/ducks/duck_14.model is not found
[15:19:50] [Client thread/ERROR] minecraft:models/ducks/duck_14.model is not found
[15:19:50] [Client thread/ERROR] minecraft:models/ducks/duck_14.model is not found
[15:19:50] [Client thread/ERROR] minecraft:models/ducks/duck_14.model is not found
[15:19:50] [Client thread/ERROR] minecraft:models/ducks/duck_14.model is not found
[15:19:50] [Client thread/ERROR] minecraft:models/ducks/duck_14.model is not found
[15:19:50] [Client thread/ERROR] minecraft:models/ducks/duck_14.model is not found
[15:19:50] [Client thread/ERROR] minecraft:models/ducks/duck_14.model is not found
[15:19:50] [Client thread/ERROR] minecraft:models/ducks/duck_14.model is not found
[15:19:50] [Client thread/ERROR] minecraft:models/ducks/duck_14.model is not found
[15:19:50] [Client thread/ERROR] minecraft:models/ducks/duck_14.model is not found
[15:19:50] [Client thread/ERROR] minecraft:models/ducks/duck_14.model is not found
[15:19:50] [Client thread/ERROR] minecraft:models/ducks/duck_14.model is not found
[15:19:50] [Client thread/ERROR] minecraft:models/ducks/duck_14.model is not found
[15:19:50] [Client thread/ERROR] minecraft:models/ducks/duck_14.model is not found
[15:19:50] [Client thread/ERROR] minecraft:models/ducks/duck_14.model is not found
[15:19:50] [Client thread/ERROR] minecraft:models/ducks/duck_14.model is not found
[15:19:50] [Client thread/ERROR] minecraft:models/ducks/duck_14.model is not found
[15:19:50] [Client thread/ERROR] minecraft:models/ducks/duck_14.model is not found
[15:19:50] [Client thread/ERROR] minecraft:models/ducks/duck_14.model is not found
[15:19:50] [Client thread/ERROR] minecraft:models/ducks/duck_14.model is not found
[15:19:50] [Client thread/ERROR] minecraft:models/ducks/duck_14.model is not found
[15:19:50] [Client thread/ERROR] minecraft:models/ducks/duck_14.model is not found
[15:19:50] [Client thread/ERROR] minecraft:models/ducks/duck_14.model is not found
[15:19:50] [Client thread/ERROR] minecraft:models/ducks/duck_14.model is not found
[15:19:50] [Client thread/ERROR] minecraft:models/ducks/duck_14.model is not found
[15:19:50] [Client thread/ERROR] minecraft:models/ducks/duck_14.model is not found
[15:19:50] [Client thread/ERROR] minecraft:models/ducks/duck_14.model is not found
[15:19:50] [Client thread/ERROR] minecraft:models/ducks/duck_14.model is not found
[15:19:50] [Client thread/ERROR] minecraft:models/ducks/duck_14.model is not found
[15:19:50] [Client thread/ERROR] minecraft:models/ducks/duck_14.model is not found
[15:19:50] [Client thread/ERROR] minecraft:models/ducks/duck_14.model is not found
[15:19:50] [Client thread/ERROR] minecraft:models/ducks/duck_14.model is not found
[15:19:50] [Client thread/ERROR] minecraft:models/ducks/duck_14.model is not found
[15:19:50] [Client thread/ERROR] minecraft:models/ducks/duck_14.model is not found
[15:19:50] [Client thread/ERROR] minecraft:models/ducks/duck_14.model is not found
[15:19:50] [Client thread/ERROR] minecraft:models/ducks/duck_14.model is not found
[15:19:50] [Client thread/ERROR] minecraft:models/ducks/duck_14.model is not found
[15:19:50] [Client thread/ERROR] minecraft:models/ducks/duck_14.model is not found
[15:19:50] [Client thread/ERROR] minecraft:models/ducks/duck_14.model is not found
[15:19:50] [Client thread/ERROR] minecraft:models/ducks/duck_14.model is not found
[15:19:50] [Client thread/ERROR] minecraft:models/ducks/duck_14.model is not found
[15:19:50] [Client thread/ERROR] minecraft:models/ducks/duck_14.model is not found
[15:19:50] [Client thread/ERROR] minecraft:models/ducks/duck_14.model is not found
[15:19:50] [Client thread/ERROR] minecraft:models/ducks/duck_14.model is not found
[15:19:50] [Client thread/ERROR] minecraft:models/ducks/duck_14.model is not found
[15:19:50] [Client thread/ERROR] minecraft:models/ducks/duck_14.model is not found
[15:19:50] [Client thread/ERROR] minecraft:models/ducks/duck_14.model is not found
[15:19:50] [Client thread/ERROR] minecraft:models/ducks/duck_14.model is not found
[15:19:50] [Client thread/ERROR] minecraft:models/ducks/duck_14.model is not found
[15:19:50] [Client thread/ERROR] minecraft:models/ducks/duck_14.model is not found
[15:19:50] [Client thread/ERROR] minecraft:models/ducks/duck_14.model is not found
[15:19:50] [Client thread/ERROR] minecraft:models/ducks/duck_14.model is not found
[15:19:50] [Client thread/ERROR] minecraft:models/ducks/duck_14.model is not found
[15:19:50] [Client thread/ERROR] minecraft:models/ducks/duck_14.model is not found
[15:19:50] [Client thread/ERROR] minecraft:models/ducks/duck_14.model is not found
[15:19:50] [Client thread/ERROR] minecraft:models/ducks/duck_14.model is not found
[15:19:50] [Client thread/ERROR] minecraft:models/ducks/duck_14.model is not found
[15:19:50] [Client thread/ERROR] minecraft:models/ducks/duck_14.model is not found
[15:19:50] [Client thread/ERROR] minecraft:models/ducks/duck_14.model is not found
[15:19:50] [Client thread/ERROR] minecraft:models/ducks/duck_14.model is not found
[15:19:50] [Client thread/ERROR] minecraft:models/ducks/duck_14.model is not found
[15:19:50] [Client thread/ERROR] minecraft:models/ducks/duck_14.model is not found
[15:19:50] [Client thread/ERROR] minecraft:models/ducks/duck_14.model is not found
[15:19:50] [Client thread/ERROR] minecraft:models/ducks/duck_14.model is not found
[15:19:50] [Client thread/ERROR] minecraft:models/ducks/duck_14.model is not found
[15:19:50] [Client thread/ERROR] minecraft:models/ducks/duck_14.model is not found
[15:19:50] [Client thread/ERROR] minecraft:models/ducks/duck_14.model is not found
[15:19:50] [Client thread/ERROR] minecraft:models/ducks/duck_14.model is not found
[15:19:50] [Client thread/ERROR] minecraft:models/ducks/duck_14.model is not found
[15:19:50] [Client thread/ERROR] minecraft:models/ducks/duck_14.model is not found
[15:19:50] [Client thread/ERROR] minecraft:models/ducks/duck_14.model is not found
[15:19:50] [Client thread/ERROR] minecraft:models/ducks/duck_14.model is not found
[15:19:50] [Client thread/ERROR] minecraft:models/ducks/duck_14.model is not found
[15:19:50] [Client thread/ERROR] minecraft:models/ducks/duck_14.model is not found
[15:19:50] [Client thread/ERROR] minecraft:models/ducks/duck_14.model is not found
[15:19:50] [Client thread/ERROR] minecraft:models/ducks/duck_14.model is not found
[15:19:50] [Client thread/ERROR] minecraft:models/ducks/duck_14.model is not found
[15:19:50] [Client thread/ERROR] minecraft:models/ducks/duck_14.model is not found
[15:19:50] [Client thread/ERROR] minecraft:models/ducks/duck_14.model is not found
[15:19:50] [Client thread/ERROR] minecraft:models/ducks/duck_14.model is not found
[15:19:50] [Client thread/ERROR] minecraft:models/ducks/duck_14.model is not found
[15:19:50] [Client thread/ERROR] minecraft:models/ducks/duck_14.model is not found
[15:19:50] [Client thread/ERROR] minecraft:models/ducks/duck_14.model is not found
[15:19:50] [Client thread/ERROR] minecraft:models/ducks/duck_14.model is not found
[15:19:50] [Client thread/ERROR] minecraft:models/ducks/duck_14.model is not found
[15:19:50] [Client thread/ERROR] minecraft:models/ducks/duck_14.model is not found
[15:19:50] [Client thread/ERROR] minecraft:models/ducks/duck_14.model is not found
[15:19:50] [Client thread/ERROR] minecraft:models/ducks/duck_14.model is not found
[15:19:50] [Client thread/ERROR] minecraft:models/ducks/duck_14.model is not found
[15:19:50] [Client thread/ERROR] minecraft:models/ducks/duck_14.model is not found
[15:19:50] [Client thread/ERROR] minecraft:models/ducks/duck_14.model is not found
[15:19:50] [Client thread/ERROR] minecraft:models/ducks/duck_14.model is not found
[15:19:50] [Client thread/ERROR] minecraft:models/ducks/duck_14.model is not found
[15:19:50] [Client thread/ERROR] minecraft:models/ducks/duck_14.model is not found
[15:19:50] [Client thread/ERROR] minecraft:models/ducks/duck_14.model is not found
[15:19:50] [Client thread/ERROR] minecraft:models/ducks/duck_14.model is not found
[15:19:50] [Client thread/ERROR] minecraft:models/ducks/duck_14.model is not found
[15:19:50] [Client thread/ERROR] minecraft:models/ducks/duck_14.model is not found
[15:19:50] [Client thread/ERROR] minecraft:models/ducks/duck_14.model is not found
[15:19:50] [Client thread/ERROR] minecraft:models/ducks/duck_14.model is not found
[15:19:50] [Client thread/ERROR] minecraft:models/ducks/duck_14.model is not found
[15:19:50] [Client thread/ERROR] minecraft:models/ducks/duck_14.model is not found
[15:19:50] [Client thread/ERROR] minecraft:models/ducks/duck_14.model is not found
[15:19:50] [Client thread/ERROR] minecraft:models/ducks/duck_14.model is not found
[15:19:50] [Client thread/ERROR] minecraft:models/ducks/duck_14.model is not found
[15:19:50] [Client thread/ERROR] minecraft:models/ducks/duck_14.model is not found
[15:19:50] [Client thread/ERROR] minecraft:models/ducks/duck_14.model is not found
[15:19:50] [Client thread/ERROR] minecraft:models/ducks/duck_14.model is not found
[15:19:50] [Client thread/ERROR] minecraft:models/ducks/duck_14.model is not found
[15:19:50] [Client thread/ERROR] minecraft:models/ducks/duck_14.model is not found
[15:19:50] [Client thread/ERROR] minecraft:models/ducks/duck_14.model is not found
[15:19:50] [Client thread/ERROR] minecraft:models/ducks/duck_14.model is not found
[15:19:50] [Client thread/ERROR] minecraft:models/ducks/duck_14.model is not found
[15:19:50] [Client thread/ERROR] minecraft:models/ducks/duck_14.model is not found
[15:19:50] [Client thread/ERROR] minecraft:models/ducks/duck_14.model is not found
[15:19:50] [Client thread/ERROR] minecraft:models/ducks/duck_14.model is not found
[15:19:50] [Client thread/ERROR] minecraft:models/ducks/duck_14.model is not found
[15:19:50] [Client thread/ERROR] minecraft:models/ducks/duck_14.model is not found
[15:19:50] [Client thread/ERROR] minecraft:models/ducks/duck_14.model is not found
[15:19:50] [Client thread/ERROR] minecraft:models/ducks/duck_14.model is not found
[15:19:50] [Client thread/ERROR] minecraft:models/ducks/duck_14.model is not found
[15:19:50] [Client thread/ERROR] minecraft:models/ducks/duck_14.model is not found
[15:19:50] [Client thread/ERROR] minecraft:models/ducks/duck_14.model is not found
[15:19:50] [Client thread/ERROR] minecraft:models/ducks/duck_14.model is not found
[15:19:50] [Client thread/ERROR] minecraft:models/ducks/duck_14.model is not found
[15:19:50] [Client thread/ERROR] minecraft:models/ducks/duck_14.model is not found
[15:19:50] [Client thread/ERROR] minecraft:models/ducks/duck_14.model is not found
[15:19:50] [Client thread/ERROR] minecraft:models/ducks/duck_14.model is not found
[15:19:50] [Client thread/ERROR] minecraft:models/ducks/duck_14.model is not found
[15:19:50] [Client thread/ERROR] minecraft:models/ducks/duck_14.model is not found
[15:19:50] [Client thread/ERROR] minecraft:models/ducks/duck_14.model is not found
[15:19:50] [Client thread/ERROR] minecraft:models/ducks/duck_14.model is not found
[15:19:50] [Client thread/ERROR] minecraft:models/ducks/duck_14.model is not found
[15:19:50] [Client thread/ERROR] minecraft:models/ducks/duck_14.model is not found
[15:19:50] [Client thread/ERROR] minecraft:models/ducks/duck_14.model is not found
[15:19:50] [Client thread/ERROR] minecraft:models/ducks/duck_14.model is not found
[15:19:50] [Client thread/ERROR] minecraft:models/ducks/duck_14.model is not found
[15:19:50] [Client thread/ERROR] minecraft:models/ducks/duck_14.model is not found
[15:19:50] [Client thread/ERROR] minecraft:models/ducks/duck_14.model is not found
[15:19:50] [Client thread/ERROR] minecraft:models/ducks/duck_14.model is not found
[15:19:50] [Client thread/ERROR] minecraft:models/ducks/duck_14.model is not found
[15:19:50] [Client thread/ERROR] minecraft:models/ducks/duck_14.model is not found
[15:19:50] [Client thread/ERROR] minecraft:models/ducks/duck_14.model is not found
[15:19:50] [Client thread/ERROR] minecraft:models/ducks/duck_14.model is not found
[15:19:50] [Client thread/ERROR] minecraft:models/ducks/duck_14.model is not found
[15:19:50] [Client thread/ERROR] minecraft:models/ducks/duck_14.model is not found
[15:19:50] [Client thread/ERROR] minecraft:models/ducks/duck_14.model is not found
[15:19:50] [Client thread/ERROR] minecraft:models/ducks/duck_14.model is not found
[15:19:50] [Client thread/ERROR] minecraft:models/ducks/duck_14.model is not found
[15:19:50] [Client thread/ERROR] minecraft:models/ducks/duck_14.model is not found
[15:19:50] [Client thread/ERROR] minecraft:models/ducks/duck_14.model is not found
[15:19:50] [Client thread/ERROR] minecraft:models/ducks/duck_14.model is not found
[15:19:50] [Client thread/ERROR] minecraft:models/ducks/duck_14.model is not found
[15:19:50] [Client thread/ERROR] minecraft:models/ducks/duck_14.model is not found
[15:19:50] [Client thread/ERROR] minecraft:models/ducks/duck_14.model is not found
[15:19:50] [Client thread/ERROR] minecraft:models/ducks/duck_14.model is not found
[15:19:50] [Client thread/ERROR] minecraft:models/ducks/duck_14.model is not found
[15:19:50] [Client thread/ERROR] minecraft:models/ducks/duck_14.model is not found
[15:19:50] [Client thread/ERROR] minecraft:models/ducks/duck_14.model is not found
[15:19:50] [Client thread/ERROR] minecraft:models/ducks/duck_14.model is not found
[15:19:50] [Client thread/ERROR] minecraft:models/ducks/duck_14.model is not found
[15:19:50] [Client thread/ERROR] minecraft:models/ducks/duck_14.model is not found
[15:19:50] [Client thread/ERROR] minecraft:models/ducks/duck_14.model is not found
[15:19:50] [Client thread/ERROR] minecraft:models/ducks/duck_14.model is not found
[15:19:50] [Client thread/ERROR] minecraft:models/ducks/duck_14.model is not found
[15:19:50] [Client thread/ERROR] minecraft:models/ducks/duck_14.model is not found
[15:19:50] [Client thread/ERROR] minecraft:models/ducks/duck_14.model is not found
[15:19:50] [Client thread/ERROR] minecraft:models/ducks/duck_14.model is not found
[15:19:50] [Client thread/ERROR] minecraft:models/ducks/duck_14.model is not found
[15:19:50] [Client thread/ERROR] minecraft:models/ducks/duck_14.model is not found
[15:19:50] [Client thread/ERROR] minecraft:models/ducks/duck_14.model is not found
[15:19:50] [Client thread/ERROR] minecraft:models/ducks/duck_14.model is not found
[15:19:50] [Client thread/ERROR] minecraft:models/ducks/duck_14.model is not found
[15:19:50] [Client thread/ERROR] minecraft:models/ducks/duck_14.model is not found
[15:19:50] [Client thread/ERROR] minecraft:models/ducks/duck_14.model is not found
[15:19:50] [Client thread/ERROR] minecraft:models/ducks/duck_14.model is not found
[15:19:50] [Client thread/ERROR] minecraft:models/ducks/duck_14.model is not found
[15:19:50] [Client thread/ERROR] minecraft:models/ducks/duck_14.model is not found
[15:19:50] [Client thread/ERROR] minecraft:models/ducks/duck_14.model is not found
[15:19:50] [Client thread/ERROR] minecraft:models/ducks/duck_14.model is not found
[15:19:50] [Client thread/ERROR] minecraft:models/ducks/duck_14.model is not found
[15:19:50] [Client thread/ERROR] minecraft:models/ducks/duck_14.model is not found
[15:19:50] [Client thread/ERROR] minecraft:models/ducks/duck_14.model is not found
[15:19:50] [Client thread/ERROR] minecraft:models/ducks/duck_14.model is not found
[15:19:50] [Client thread/ERROR] minecraft:models/ducks/duck_14.model is not found
[15:19:50] [Client thread/ERROR] minecraft:models/ducks/duck_14.model is not found
[15:19:50] [Client thread/ERROR] minecraft:models/ducks/duck_14.model is not found
[15:19:50] [Client thread/ERROR] minecraft:models/ducks/duck_14.model is not found
[15:19:50] [Client thread/ERROR] minecraft:models/ducks/duck_14.model is not found
[15:19:50] [Client thread/ERROR] minecraft:models/ducks/duck_14.model is not found
[15:19:50] [Client thread/ERROR] minecraft:models/ducks/duck_14.model is not found
[15:19:50] [Client thread/ERROR] minecraft:models/ducks/duck_14.model is not found
[15:19:50] [Client thread/ERROR] minecraft:models/ducks/duck_14.model is not found
[15:19:50] [Client thread/ERROR] minecraft:models/ducks/duck_14.model is not found
[15:19:50] [Client thread/ERROR] minecraft:models/ducks/duck_14.model is not found
[15:19:50] [Client thread/ERROR] minecraft:models/ducks/duck_14.model is not found
[15:19:50] [Client thread/ERROR] minecraft:models/ducks/duck_14.model is not found
[15:19:50] [Client thread/ERROR] minecraft:models/ducks/duck_14.model is not found
[15:19:50] [Client thread/ERROR] minecraft:models/ducks/duck_14.model is not found
[15:19:50] [Client thread/ERROR] minecraft:models/ducks/duck_14.model is not found
[15:19:50] [Client thread/ERROR] minecraft:models/ducks/duck_14.model is not found
[15:19:50] [Client thread/ERROR] minecraft:models/ducks/duck_14.model is not found
[15:19:50] [Client thread/ERROR] minecraft:models/ducks/duck_14.model is not found
[15:19:50] [Client thread/ERROR] minecraft:models/ducks/duck_14.model is not found
[15:19:50] [Client thread/ERROR] minecraft:models/ducks/duck_14.model is not found
[15:19:50] [Client thread/ERROR] minecraft:models/ducks/duck_14.model is not found
[15:19:50] [Client thread/ERROR] minecraft:models/ducks/duck_14.model is not found
[15:19:50] [Client thread/ERROR] minecraft:models/ducks/duck_14.model is not found
[15:19:50] [Client thread/ERROR] minecraft:models/ducks/duck_14.model is not found
[15:19:50] [Client thread/ERROR] minecraft:models/ducks/duck_14.model is not found
[15:19:50] [Client thread/ERROR] minecraft:models/ducks/duck_14.model is not found
[15:19:50] [Client thread/ERROR] minecraft:models/ducks/duck_14.model is not found
[15:19:50] [Client thread/ERROR] minecraft:models/ducks/duck_14.model is not found
[15:19:50] [Client thread/ERROR] minecraft:models/ducks/duck_14.model is not found
[15:19:50] [Client thread/ERROR] minecraft:models/ducks/duck_14.model is not found
[15:19:50] [Client thread/ERROR] minecraft:models/ducks/duck_14.model is not found
[15:19:50] [Client thread/ERROR] minecraft:models/ducks/duck_14.model is not found
[15:19:50] [Client thread/ERROR] minecraft:models/ducks/duck_14.model is not found
[15:19:50] [Client thread/ERROR] minecraft:models/ducks/duck_14.model is not found
[15:19:50] [Client thread/ERROR] minecraft:models/ducks/duck_14.model is not found
[15:19:50] [Client thread/ERROR] minecraft:models/ducks/duck_14.model is not found
[15:19:50] [Client thread/ERROR] minecraft:models/ducks/duck_14.model is not found
[15:19:50] [Client thread/ERROR] minecraft:models/ducks/duck_14.model is not found
[15:19:50] [Client thread/ERROR] minecraft:models/ducks/duck_14.model is not found
[15:19:50] [Client thread/ERROR] minecraft:models/ducks/duck_14.model is not found
[15:19:50] [Client thread/ERROR] minecraft:models/ducks/duck_14.model is not found
[15:19:50] [Client thread/ERROR] minecraft:models/ducks/duck_14.model is not found
[15:19:50] [Client thread/ERROR] minecraft:models/ducks/duck_14.model is not found
[15:19:50] [Client thread/ERROR] minecraft:models/ducks/duck_14.model is not found
[15:19:50] [Client thread/ERROR] minecraft:models/ducks/duck_14.model is not found
[15:19:50] [Client thread/ERROR] minecraft:models/ducks/duck_14.model is not found
[15:19:50] [Client thread/ERROR] minecraft:models/ducks/duck_14.model is not found
[15:19:50] [Client thread/ERROR] minecraft:models/ducks/duck_14.model is not found
[15:19:50] [Client thread/ERROR] minecraft:models/ducks/duck_14.model is not found
[15:19:50] [Client thread/ERROR] minecraft:models/ducks/duck_14.model is not found
[15:19:50] [Client thread/ERROR] minecraft:models/ducks/duck_14.model is not found
[15:19:50] [Client thread/ERROR] minecraft:models/ducks/duck_14.model is not found
[15:19:50] [Client thread/ERROR] minecraft:models/ducks/duck_14.model is not found
[15:19:50] [Client thread/ERROR] minecraft:models/ducks/duck_14.model is not found
[15:19:50] [Client thread/ERROR] minecraft:models/ducks/duck_14.model is not found
[15:19:50] [Client thread/ERROR] minecraft:models/ducks/duck_14.model is not found
[15:19:50] [Client thread/ERROR] minecraft:models/ducks/duck_14.model is not found
[15:19:50] [Client thread/ERROR] minecraft:models/ducks/duck_14.model is not found
[15:19:50] [Client thread/ERROR] minecraft:models/ducks/duck_14.model is not found
[15:19:50] [Client thread/ERROR] minecraft:models/ducks/duck_14.model is not found
[15:19:50] [Client thread/ERROR] minecraft:models/ducks/duck_14.model is not found
[15:19:50] [Client thread/ERROR] minecraft:models/ducks/duck_14.model is not found
[15:19:50] [Client thread/ERROR] minecraft:models/ducks/duck_14.model is not found
[15:19:50] [Client thread/ERROR] minecraft:models/ducks/duck_14.model is not found
[15:19:50] [Client thread/ERROR] minecraft:models/ducks/duck_14.model is not found
[15:19:50] [Client thread/ERROR] minecraft:models/ducks/duck_14.model is not found
[15:19:50] [Client thread/ERROR] minecraft:models/ducks/duck_14.model is not found
[15:19:50] [Client thread/ERROR] minecraft:models/ducks/duck_14.model is not found
[15:19:50] [Client thread/ERROR] minecraft:models/ducks/duck_14.model is not found
[15:19:50] [Client thread/ERROR] minecraft:models/ducks/duck_14.model is not found
[15:19:50] [Client thread/ERROR] minecraft:models/ducks/duck_14.model is not found
[15:19:50] [Client thread/ERROR] minecraft:models/ducks/duck_14.model is not found
[15:19:50] [Client thread/ERROR] minecraft:models/ducks/duck_14.model is not found
[15:19:50] [Client thread/ERROR] minecraft:models/ducks/duck_14.model is not found
[15:19:50] [Client thread/ERROR] minecraft:models/ducks/duck_14.model is not found
[15:19:50] [Client thread/ERROR] minecraft:models/ducks/duck_14.model is not found
[15:19:50] [Client thread/ERROR] minecraft:models/ducks/duck_14.model is not found
[15:19:50] [Client thread/ERROR] minecraft:models/ducks/duck_14.model is not found
[15:19:50] [Client thread/ERROR] minecraft:models/ducks/duck_14.model is not found
[15:19:50] [Client thread/ERROR] minecraft:models/ducks/duck_14.model is not found
[15:19:50] [Client thread/ERROR] minecraft:models/ducks/duck_14.model is not found
[15:19:50] [Client thread/ERROR] minecraft:models/ducks/duck_14.model is not found
[15:19:50] [Client thread/ERROR] minecraft:models/ducks/duck_14.model is not found
[15:19:50] [Client thread/ERROR] minecraft:models/ducks/duck_14.model is not found
[15:19:50] [Client thread/ERROR] minecraft:models/ducks/duck_14.model is not found
[15:19:50] [Client thread/ERROR] minecraft:models/ducks/duck_14.model is not found
[15:19:50] [Client thread/ERROR] minecraft:models/ducks/duck_14.model is not found
[15:19:50] [Client thread/ERROR] minecraft:models/ducks/duck_14.model is not found
[15:19:50] [Client thread/ERROR] minecraft:models/ducks/duck_14.model is not found
[15:19:50] [Client thread/ERROR] minecraft:models/ducks/duck_14.model is not found
[15:19:50] [Client thread/ERROR] minecraft:models/ducks/duck_14.model is not found
[15:19:50] [Client thread/ERROR] minecraft:models/ducks/duck_14.model is not found
[15:19:50] [Client thread/ERROR] minecraft:models/ducks/duck_14.model is not found
[15:19:50] [Client thread/ERROR] minecraft:models/ducks/duck_14.model is not found
[15:19:50] [Client thread/ERROR] minecraft:models/ducks/duck_14.model is not found
[15:19:50] [Client thread/ERROR] minecraft:models/ducks/duck_14.model is not found
[15:19:50] [Client thread/ERROR] minecraft:models/ducks/duck_14.model is not found
[15:19:50] [Client thread/ERROR] minecraft:models/ducks/duck_14.model is not found
[15:19:50] [Client thread/ERROR] minecraft:models/ducks/duck_14.model is not found
[15:19:50] [Client thread/ERROR] minecraft:models/ducks/duck_14.model is not found
[15:19:50] [Client thread/ERROR] minecraft:models/ducks/duck_14.model is not found
[15:19:50] [Client thread/ERROR] minecraft:models/ducks/duck_14.model is not found
[15:19:50] [Client thread/ERROR] minecraft:models/ducks/duck_14.model is not found
[15:19:50] [Client thread/ERROR] minecraft:models/ducks/duck_14.model is not found
[15:19:50] [Client thread/ERROR] minecraft:models/ducks/duck_14.model is not found
[15:19:50] [Client thread/ERROR] minecraft:models/ducks/duck_14.model is not found
[15:19:50] [Client thread/ERROR] minecraft:models/ducks/duck_14.model is not found
[15:19:50] [Client thread/ERROR] minecraft:models/ducks/duck_14.model is not found
[15:19:50] [Client thread/ERROR] minecraft:models/ducks/duck_14.model is not found
[15:19:50] [Client thread/ERROR] minecraft:models/ducks/duck_14.model is not found
[15:19:50] [Client thread/ERROR] minecraft:models/ducks/duck_14.model is not found
[15:19:50] [Client thread/ERROR] minecraft:models/ducks/duck_14.model is not found
[15:19:50] [Client thread/ERROR] minecraft:models/ducks/duck_14.model is not found
[15:19:50] [Client thread/ERROR] minecraft:models/ducks/duck_14.model is not found
[15:19:50] [Client thread/ERROR] minecraft:models/ducks/duck_14.model is not found
[15:19:50] [Client thread/ERROR] minecraft:models/ducks/duck_14.model is not found
[15:19:50] [Client thread/ERROR] minecraft:models/ducks/duck_14.model is not found
[15:19:50] [Client thread/ERROR] minecraft:models/ducks/duck_14.model is not found
[15:19:50] [Client thread/ERROR] minecraft:models/ducks/duck_14.model is not found
[15:19:50] [Client thread/ERROR] minecraft:models/ducks/duck_14.model is not found
[15:19:50] [Client thread/ERROR] minecraft:models/ducks/duck_14.model is not found
[15:19:50] [Client thread/ERROR] minecraft:models/ducks/duck_14.model is not found
[15:19:50] [Client thread/ERROR] minecraft:models/ducks/duck_14.model is not found
[15:19:50] [Client thread/ERROR] minecraft:models/ducks/duck_14.model is not found
[15:19:50] [Client thread/ERROR] minecraft:models/ducks/duck_14.model is not found
[15:19:50] [Client thread/ERROR] minecraft:models/ducks/duck_14.model is not found
[15:19:50] [Client thread/ERROR] minecraft:models/ducks/duck_14.model is not found
[15:19:50] [Client thread/ERROR] minecraft:models/ducks/duck_14.model is not found
[15:19:50] [Client thread/ERROR] minecraft:models/ducks/duck_14.model is not found
[15:19:50] [Client thread/ERROR] minecraft:models/ducks/duck_14.model is not found
[15:19:50] [Client thread/ERROR] minecraft:models/ducks/duck_14.model is not found
[15:19:50] [Client thread/ERROR] minecraft:models/ducks/duck_14.model is not found
[15:19:50] [Client thread/ERROR] minecraft:models/ducks/duck_14.model is not found
[15:19:50] [Client thread/ERROR] minecraft:models/ducks/duck_14.model is not found
[15:19:50] [Client thread/ERROR] minecraft:models/ducks/duck_14.model is not found
[15:19:50] [Client thread/ERROR] minecraft:models/ducks/duck_14.model is not found
[15:19:50] [Client thread/ERROR] minecraft:models/ducks/duck_14.model is not found
[15:19:50] [Client thread/ERROR] minecraft:models/ducks/duck_14.model is not found
[15:19:50] [Client thread/ERROR] minecraft:models/ducks/duck_14.model is not found
[15:19:50] [Client thread/ERROR] minecraft:models/ducks/duck_14.model is not found
[15:19:50] [Client thread/ERROR] minecraft:models/ducks/duck_14.model is not found
[15:19:50] [Client thread/ERROR] minecraft:models/ducks/duck_14.model is not found
[15:19:50] [Client thread/ERROR] minecraft:models/ducks/duck_14.model is not found
[15:19:50] [Client thread/ERROR] minecraft:models/ducks/duck_14.model is not found
[15:19:50] [Client thread/ERROR] minecraft:models/ducks/duck_14.model is not found
[15:19:50] [Client thread/ERROR] minecraft:models/ducks/duck_14.model is not found
[15:19:50] [Client thread/ERROR] minecraft:models/ducks/duck_14.model is not found
[15:19:50] [Client thread/ERROR] minecraft:models/ducks/duck_14.model is not found
[15:19:50] [Client thread/ERROR] minecraft:models/ducks/duck_14.model is not found
[15:19:50] [Client thread/ERROR] minecraft:models/ducks/duck_14.model is not found
[15:19:50] [Client thread/ERROR] minecraft:models/ducks/duck_14.model is not found
[15:19:50] [Client thread/ERROR] minecraft:models/ducks/duck_14.model is not found
[15:19:50] [Client thread/ERROR] minecraft:models/ducks/duck_14.model is not found
[15:19:50] [Client thread/ERROR] minecraft:models/ducks/duck_14.model is not found
[15:19:50] [Client thread/ERROR] minecraft:models/ducks/duck_14.model is not found
[15:19:50] [Client thread/ERROR] minecraft:models/ducks/duck_14.model is not found
[15:19:50] [Client thread/ERROR] minecraft:models/ducks/duck_14.model is not found
[15:19:50] [Client thread/ERROR] minecraft:models/ducks/duck_14.model is not found
[15:19:50] [Client thread/ERROR] minecraft:models/ducks/duck_14.model is not found
[15:19:50] [Client thread/ERROR] minecraft:models/ducks/duck_14.model is not found
[15:19:50] [Client thread/ERROR] minecraft:models/ducks/duck_14.model is not found
[15:19:50] [Client thread/ERROR] minecraft:models/ducks/duck_14.model is not found
[15:19:50] [Client thread/ERROR] minecraft:models/ducks/duck_14.model is not found
[15:19:50] [Client thread/ERROR] minecraft:models/ducks/duck_14.model is not found
[15:19:50] [Client thread/ERROR] minecraft:models/ducks/duck_14.model is not found
[15:19:50] [Client thread/ERROR] minecraft:models/ducks/duck_14.model is not found
[15:19:50] [Client thread/ERROR] minecraft:models/ducks/duck_14.model is not found
[15:19:50] [Client thread/ERROR] minecraft:models/ducks/duck_14.model is not found
[15:19:50] [Client thread/ERROR] minecraft:models/ducks/duck_14.model is not found
[15:19:50] [Client thread/ERROR] minecraft:models/ducks/duck_14.model is not found
[15:19:50] [Client thread/ERROR] minecraft:models/ducks/duck_14.model is not found
[15:19:50] [Client thread/ERROR] minecraft:models/ducks/duck_14.model is not found
[15:19:50] [Client thread/ERROR] minecraft:models/ducks/duck_14.model is not found
[15:19:50] [Client thread/ERROR] minecraft:models/ducks/duck_14.model is not found
[15:19:50] [Client thread/ERROR] minecraft:models/ducks/duck_14.model is not found
[15:19:50] [Client thread/ERROR] minecraft:models/ducks/duck_14.model is not found
[15:19:50] [Client thread/ERROR] minecraft:models/ducks/duck_14.model is not found
[15:19:50] [Client thread/ERROR] minecraft:models/ducks/duck_14.model is not found
[15:19:50] [Client thread/ERROR] minecraft:models/ducks/duck_14.model is not found
[15:19:50] [Client thread/ERROR] minecraft:models/ducks/duck_14.model is not found
[15:19:50] [Client thread/ERROR] minecraft:models/ducks/duck_14.model is not found
[15:19:50] [Client thread/ERROR] minecraft:models/ducks/duck_14.model is not found
[15:19:50] [Client thread/ERROR] minecraft:models/ducks/duck_14.model is not found
[15:19:50] [Client thread/ERROR] minecraft:models/ducks/duck_14.model is not found
[15:19:50] [Client thread/ERROR] minecraft:models/ducks/duck_14.model is not found
[15:19:50] [Client thread/ERROR] minecraft:models/ducks/duck_14.model is not found
[15:19:50] [Client thread/ERROR] minecraft:models/ducks/duck_14.model is not found
[15:19:50] [Client thread/ERROR] minecraft:models/ducks/duck_14.model is not found
[15:19:50] [Client thread/ERROR] minecraft:models/ducks/duck_14.model is not found
[15:19:50] [Client thread/ERROR] minecraft:models/ducks/duck_14.model is not found
[15:19:50] [Client thread/ERROR] minecraft:models/ducks/duck_14.model is not found
[15:19:50] [Client thread/ERROR] minecraft:models/ducks/duck_14.model is not found
[15:19:50] [Client thread/ERROR] minecraft:models/ducks/duck_14.model is not found
[15:19:50] [Client thread/ERROR] minecraft:models/ducks/duck_14.model is not found
[15:19:50] [Client thread/ERROR] minecraft:models/ducks/duck_14.model is not found
[15:19:50] [Client thread/ERROR] minecraft:models/ducks/duck_14.model is not found
[15:19:50] [Client thread/ERROR] minecraft:models/ducks/duck_14.model is not found
[15:19:50] [Client thread/ERROR] minecraft:models/ducks/duck_14.model is not found
[15:19:50] [Client thread/ERROR] minecraft:models/ducks/duck_14.model is not found
[15:19:50] [Client thread/ERROR] minecraft:models/ducks/duck_14.model is not found
[15:19:50] [Client thread/ERROR] minecraft:models/ducks/duck_14.model is not found
[15:19:50] [Client thread/ERROR] minecraft:models/ducks/duck_14.model is not found
[15:19:50] [Client thread/ERROR] minecraft:models/ducks/duck_14.model is not found
[15:19:50] [Client thread/ERROR] minecraft:models/ducks/duck_14.model is not found
[15:19:50] [Client thread/ERROR] minecraft:models/ducks/duck_14.model is not found
[15:19:50] [Client thread/ERROR] minecraft:models/ducks/duck_14.model is not found
[15:19:50] [Client thread/ERROR] minecraft:models/ducks/duck_14.model is not found
[15:19:50] [Client thread/ERROR] minecraft:models/ducks/duck_14.model is not found
[15:19:50] [Client thread/ERROR] minecraft:models/ducks/duck_14.model is not found
[15:19:50] [Client thread/ERROR] minecraft:models/ducks/duck_14.model is not found
[15:19:50] [Client thread/ERROR] minecraft:models/ducks/duck_14.model is not found
[15:19:50] [Client thread/ERROR] minecraft:models/ducks/duck_14.model is not found
[15:19:50] [Client thread/ERROR] minecraft:models/ducks/duck_14.model is not found
[15:19:50] [Client thread/ERROR] minecraft:models/ducks/duck_14.model is not found
[15:19:50] [Client thread/ERROR] minecraft:models/ducks/duck_14.model is not found
[15:19:50] [Client thread/ERROR] minecraft:models/ducks/duck_14.model is not found
[15:19:50] [Client thread/ERROR] minecraft:models/ducks/duck_14.model is not found
[15:19:50] [Client thread/ERROR] minecraft:models/ducks/duck_14.model is not found
[15:19:50] [Client thread/ERROR] minecraft:models/ducks/duck_14.model is not found
[15:19:50] [Client thread/ERROR] minecraft:models/ducks/duck_14.model is not found
[15:19:50] [Client thread/ERROR] minecraft:models/ducks/duck_14.model is not found
[15:19:50] [Client thread/ERROR] minecraft:models/ducks/duck_14.model is not found
[15:19:50] [Client thread/ERROR] minecraft:models/ducks/duck_14.model is not found
[15:19:50] [Client thread/ERROR] minecraft:models/ducks/duck_14.model is not found
[15:19:50] [Client thread/ERROR] minecraft:models/ducks/duck_14.model is not found
[15:19:50] [Client thread/ERROR] minecraft:models/ducks/duck_14.model is not found
[15:19:50] [Client thread/ERROR] minecraft:models/ducks/duck_14.model is not found
[15:19:50] [Client thread/ERROR] minecraft:models/ducks/duck_14.model is not found
[15:19:50] [Client thread/ERROR] minecraft:models/ducks/duck_14.model is not found
[15:19:50] [Client thread/ERROR] minecraft:models/ducks/duck_14.model is not found
[15:19:50] [Client thread/ERROR] minecraft:models/ducks/duck_14.model is not found
[15:19:50] [Client thread/ERROR] minecraft:models/ducks/duck_14.model is not found
[15:19:50] [Client thread/ERROR] minecraft:models/ducks/duck_14.model is not found
[15:19:50] [Client thread/ERROR] minecraft:models/ducks/duck_14.model is not found
[15:19:50] [Client thread/ERROR] minecraft:models/ducks/duck_14.model is not found
[15:19:50] [Client thread/ERROR] minecraft:models/ducks/duck_14.model is not found
[15:19:50] [Client thread/ERROR] minecraft:models/ducks/duck_14.model is not found
[15:19:50] [Client thread/ERROR] minecraft:models/ducks/duck_14.model is not found
[15:19:50] [Client thread/ERROR] minecraft:models/ducks/duck_14.model is not found
[15:19:50] [Client thread/ERROR] minecraft:models/ducks/duck_14.model is not found
[15:19:50] [Client thread/ERROR] minecraft:models/ducks/duck_14.model is not found
[15:19:50] [Client thread/ERROR] minecraft:models/ducks/duck_14.model is not found
[15:19:50] [Client thread/ERROR] minecraft:models/ducks/duck_14.model is not found
[15:19:50] [Client thread/ERROR] minecraft:models/ducks/duck_14.model is not found
[15:19:50] [Client thread/ERROR] minecraft:models/ducks/duck_14.model is not found
[15:19:50] [Client thread/ERROR] minecraft:models/ducks/duck_14.model is not found
[15:19:50] [Client thread/ERROR] minecraft:models/ducks/duck_14.model is not found
[15:19:50] [Client thread/ERROR] minecraft:models/ducks/duck_14.model is not found
[15:19:50] [Client thread/ERROR] minecraft:models/ducks/duck_14.model is not found
[15:19:50] [Client thread/ERROR] minecraft:models/ducks/duck_14.model is not found
[15:19:50] [Client thread/ERROR] minecraft:models/ducks/duck_14.model is not found
[15:19:50] [Client thread/ERROR] minecraft:models/ducks/duck_14.model is not found
[15:19:50] [Client thread/ERROR] minecraft:models/ducks/duck_14.model is not found
[15:19:50] [Client thread/ERROR] minecraft:models/ducks/duck_14.model is not found
[15:19:50] [Client thread/ERROR] minecraft:models/ducks/duck_14.model is not found
[15:19:50] [Client thread/ERROR] minecraft:models/ducks/duck_14.model is not found
[15:19:50] [Client thread/ERROR] minecraft:models/ducks/duck_14.model is not found
[15:19:50] [Client thread/ERROR] minecraft:models/ducks/duck_14.model is not found
[15:19:50] [Client thread/ERROR] minecraft:models/ducks/duck_14.model is not found
[15:19:50] [Client thread/ERROR] minecraft:models/ducks/duck_14.model is not found
[15:19:50] [Client thread/ERROR] minecraft:models/ducks/duck_14.model is not found
[15:19:50] [Client thread/ERROR] minecraft:models/ducks/duck_14.model is not found
[15:19:50] [Client thread/ERROR] minecraft:models/ducks/duck_14.model is not found
[15:19:50] [Client thread/ERROR] minecraft:models/ducks/duck_14.model is not found
[15:19:50] [Client thread/ERROR] minecraft:models/ducks/duck_14.model is not found
[15:19:50] [Client thread/ERROR] minecraft:models/ducks/duck_14.model is not found
[15:19:50] [Client thread/ERROR] minecraft:models/ducks/duck_14.model is not found
[15:19:50] [Client thread/ERROR] minecraft:models/ducks/duck_14.model is not found
[15:19:50] [Client thread/ERROR] minecraft:models/ducks/duck_14.model is not found
[15:19:50] [Client thread/ERROR] minecraft:models/ducks/duck_14.model is not found
[15:19:50] [Client thread/ERROR] minecraft:models/ducks/duck_14.model is not found
[15:19:50] [Client thread/ERROR] minecraft:models/ducks/duck_14.model is not found
[15:19:50] [Client thread/ERROR] minecraft:models/ducks/duck_14.model is not found
[15:19:50] [Client thread/ERROR] minecraft:models/ducks/duck_14.model is not found
[15:19:50] [Client thread/ERROR] minecraft:models/ducks/duck_14.model is not found
[15:19:50] [Client thread/ERROR] minecraft:models/ducks/duck_14.model is not found
[15:19:50] [Client thread/ERROR] minecraft:models/ducks/duck_14.model is not found
[15:19:50] [Client thread/ERROR] minecraft:models/ducks/duck_14.model is not found
[15:19:50] [Client thread/ERROR] minecraft:models/ducks/duck_14.model is not found
[15:19:50] [Client thread/ERROR] minecraft:models/ducks/duck_14.model is not found
[15:19:50] [Client thread/ERROR] minecraft:models/ducks/duck_14.model is not found
[15:19:50] [Client thread/ERROR] minecraft:models/ducks/duck_14.model is not found
[15:19:50] [Client thread/ERROR] minecraft:models/ducks/duck_14.model is not found
[15:19:50] [Client thread/ERROR] minecraft:models/ducks/duck_14.model is not found
[15:19:50] [Client thread/ERROR] minecraft:models/ducks/duck_14.model is not found
[15:19:50] [Client thread/ERROR] minecraft:models/ducks/duck_14.model is not found
[15:19:50] [Client thread/ERROR] minecraft:models/ducks/duck_14.model is not found
[15:19:50] [Client thread/ERROR] minecraft:models/ducks/duck_14.model is not found
[15:19:50] [Client thread/ERROR] minecraft:models/ducks/duck_14.model is not found
[15:19:50] [Client thread/ERROR] minecraft:models/ducks/duck_14.model is not found
[15:19:50] [Client thread/ERROR] minecraft:models/ducks/duck_14.model is not found
[15:19:50] [Client thread/ERROR] minecraft:models/ducks/duck_14.model is not found
[15:19:50] [Client thread/ERROR] minecraft:models/ducks/duck_14.model is not found
[15:19:50] [Client thread/ERROR] minecraft:models/ducks/duck_14.model is not found
[15:19:50] [Client thread/ERROR] minecraft:models/ducks/duck_14.model is not found
[15:19:50] [Client thread/ERROR] minecraft:models/ducks/duck_14.model is not found
[15:19:50] [Client thread/ERROR] minecraft:models/ducks/duck_14.model is not found
[15:19:50] [Client thread/ERROR] minecraft:models/ducks/duck_14.model is not found
[15:19:50] [Client thread/ERROR] minecraft:models/ducks/duck_14.model is not found
[15:19:50] [Client thread/ERROR] minecraft:models/ducks/duck_14.model is not found
[15:19:50] [Client thread/ERROR] minecraft:models/ducks/duck_14.model is not found
[15:19:50] [Client thread/ERROR] minecraft:models/ducks/duck_14.model is not found
[15:19:50] [Client thread/ERROR] minecraft:models/ducks/duck_14.model is not found
[15:19:50] [Client thread/ERROR] minecraft:models/ducks/duck_14.model is not found
[15:19:50] [Client thread/ERROR] minecraft:models/ducks/duck_14.model is not found
[15:19:50] [Client thread/ERROR] minecraft:models/ducks/duck_14.model is not found
[15:19:50] [Client thread/ERROR] minecraft:models/ducks/duck_14.model is not found
[15:19:50] [Client thread/ERROR] minecraft:models/ducks/duck_14.model is not found
[15:19:50] [Client thread/ERROR] minecraft:models/ducks/duck_14.model is not found
[15:19:50] [Client thread/ERROR] minecraft:models/ducks/duck_14.model is not found
[15:19:50] [Client thread/ERROR] minecraft:models/ducks/duck_14.model is not found
[15:19:50] [Client thread/ERROR] minecraft:models/ducks/duck_14.model is not found
[15:19:50] [Client thread/ERROR] minecraft:models/ducks/duck_14.model is not found
[15:19:50] [Client thread/ERROR] minecraft:models/ducks/duck_14.model is not found
[15:19:50] [Client thread/ERROR] minecraft:models/ducks/duck_14.model is not found
[15:19:50] [Client thread/ERROR] minecraft:models/ducks/duck_14.model is not found
[15:19:50] [Client thread/ERROR] minecraft:models/ducks/duck_14.model is not found
[15:19:50] [Client thread/ERROR] minecraft:models/ducks/duck_14.model is not found
[15:19:50] [Client thread/ERROR] minecraft:models/ducks/duck_14.model is not found
[15:19:50] [Client thread/ERROR] minecraft:models/ducks/duck_14.model is not found
[15:19:50] [Client thread/ERROR] minecraft:models/ducks/duck_14.model is not found
[15:19:50] [Client thread/ERROR] minecraft:models/ducks/duck_14.model is not found
[15:19:50] [Client thread/ERROR] minecraft:models/ducks/duck_14.model is not found
[15:19:50] [Client thread/ERROR] minecraft:models/ducks/duck_14.model is not found
[15:19:50] [Client thread/ERROR] minecraft:models/ducks/duck_14.model is not found
[15:19:50] [Client thread/ERROR] minecraft:models/ducks/duck_14.model is not found
[15:19:50] [Client thread/ERROR] minecraft:models/ducks/duck_14.model is not found
[15:19:50] [Client thread/ERROR] minecraft:models/ducks/duck_14.model is not found
[15:19:50] [Client thread/ERROR] minecraft:models/ducks/duck_14.model is not found
[15:19:50] [Client thread/ERROR] minecraft:models/ducks/duck_14.model is not found
[15:19:50] [Client thread/ERROR] minecraft:models/ducks/duck_14.model is not found
[15:19:50] [Client thread/ERROR] minecraft:models/ducks/duck_14.model is not found
[15:19:50] [Client thread/ERROR] minecraft:models/ducks/duck_14.model is not found
[15:19:50] [Client thread/ERROR] minecraft:models/ducks/duck_14.model is not found
[15:19:50] [Client thread/ERROR] minecraft:models/ducks/duck_14.model is not found
[15:19:50] [Client thread/ERROR] minecraft:models/ducks/duck_14.model is not found
[15:19:50] [Client thread/ERROR] minecraft:models/ducks/duck_14.model is not found
[15:19:50] [Client thread/ERROR] minecraft:models/ducks/duck_14.model is not found
[15:19:50] [Client thread/ERROR] minecraft:models/ducks/duck_14.model is not found
[15:19:50] [Client thread/ERROR] minecraft:models/ducks/duck_14.model is not found
[15:19:50] [Client thread/ERROR] minecraft:models/ducks/duck_14.model is not found
[15:19:50] [Client thread/ERROR] minecraft:models/ducks/duck_14.model is not found
[15:19:50] [Client thread/ERROR] minecraft:models/ducks/duck_14.model is not found
[15:19:50] [Client thread/ERROR] minecraft:models/ducks/duck_14.model is not found
[15:19:50] [Client thread/ERROR] minecraft:models/ducks/duck_14.model is not found
[15:19:50] [Client thread/ERROR] minecraft:models/ducks/duck_14.model is not found
[15:19:50] [Client thread/ERROR] minecraft:models/ducks/duck_14.model is not found
[15:19:50] [Client thread/ERROR] minecraft:models/ducks/duck_14.model is not found
[15:19:50] [Client thread/ERROR] minecraft:models/ducks/duck_14.model is not found
[15:19:50] [Client thread/ERROR] minecraft:models/ducks/duck_14.model is not found
[15:19:50] [Client thread/ERROR] minecraft:models/ducks/duck_14.model is not found
[15:19:50] [Client thread/ERROR] minecraft:models/ducks/duck_14.model is not found
[15:19:50] [Client thread/ERROR] minecraft:models/ducks/duck_14.model is not found
[15:19:50] [Client thread/ERROR] minecraft:models/ducks/duck_14.model is not found
[15:19:50] [Client thread/ERROR] minecraft:models/ducks/duck_14.model is not found
[15:19:50] [Client thread/ERROR] minecraft:models/ducks/duck_14.model is not found
[15:19:50] [Client thread/ERROR] minecraft:models/ducks/duck_14.model is not found
[15:19:50] [Client thread/ERROR] minecraft:models/ducks/duck_14.model is not found
[15:19:50] [Client thread/ERROR] minecraft:models/ducks/duck_14.model is not found
[15:19:50] [Client thread/ERROR] minecraft:models/ducks/duck_14.model is not found
[15:19:50] [Client thread/ERROR] minecraft:models/ducks/duck_14.model is not found
[15:19:50] [Client thread/ERROR] minecraft:models/ducks/duck_14.model is not found
[15:19:50] [Client thread/ERROR] minecraft:models/ducks/duck_14.model is not found
[15:19:50] [Client thread/ERROR] minecraft:models/ducks/duck_14.model is not found
[15:19:50] [Client thread/ERROR] minecraft:models/ducks/duck_14.model is not found
[15:19:50] [Client thread/ERROR] minecraft:models/ducks/duck_14.model is not found
[15:19:50] [Client thread/ERROR] minecraft:models/ducks/duck_14.model is not found
[15:19:50] [Client thread/ERROR] minecraft:models/ducks/duck_14.model is not found
[15:19:50] [Client thread/ERROR] minecraft:models/ducks/duck_14.model is not found
[15:19:50] [Client thread/ERROR] minecraft:models/ducks/duck_14.model is not found
[15:19:50] [Client thread/ERROR] minecraft:models/ducks/duck_14.model is not found
[15:19:50] [Client thread/ERROR] minecraft:models/ducks/duck_14.model is not found
[15:19:50] [Client thread/ERROR] minecraft:models/ducks/duck_14.model is not found
[15:19:50] [Client thread/ERROR] minecraft:models/ducks/duck_14.model is not found
[15:19:50] [Client thread/ERROR] minecraft:models/ducks/duck_14.model is not found
[15:19:50] [Client thread/ERROR] minecraft:models/ducks/duck_14.model is not found
[15:19:50] [Client thread/ERROR] minecraft:models/ducks/duck_14.model is not found
[15:19:50] [Client thread/ERROR] minecraft:models/ducks/duck_14.model is not found
[15:19:50] [Client thread/ERROR] minecraft:models/ducks/duck_14.model is not found
[15:19:50] [Client thread/ERROR] minecraft:models/ducks/duck_14.model is not found
[15:19:50] [Client thread/ERROR] minecraft:models/ducks/duck_14.model is not found
[15:19:50] [Client thread/ERROR] minecraft:models/ducks/duck_14.model is not found
[15:19:50] [Client thread/ERROR] minecraft:models/ducks/duck_14.model is not found
[15:19:50] [Client thread/ERROR] minecraft:models/ducks/duck_14.model is not found
[15:19:50] [Client thread/ERROR] minecraft:models/ducks/duck_14.model is not found
[15:19:50] [Client thread/ERROR] minecraft:models/ducks/duck_14.model is not found
[15:19:50] [Client thread/ERROR] minecraft:models/ducks/duck_14.model is not found
[15:19:50] [Client thread/ERROR] minecraft:models/ducks/duck_14.model is not found
[15:19:50] [Client thread/ERROR] minecraft:models/ducks/duck_14.model is not found
[15:19:50] [Client thread/ERROR] minecraft:models/ducks/duck_14.model is not found
[15:19:50] [Client thread/ERROR] minecraft:models/ducks/duck_14.model is not found
[15:19:50] [Client thread/ERROR] minecraft:models/ducks/duck_14.model is not found
[15:19:50] [Client thread/ERROR] minecraft:models/ducks/duck_14.model is not found
[15:19:50] [Client thread/ERROR] minecraft:models/ducks/duck_14.model is not found
[15:19:50] [Client thread/ERROR] minecraft:models/ducks/duck_14.model is not found
[15:19:51] [Client thread/ERROR] minecraft:models/ducks/duck_14.model is not found
[15:19:51] [Client thread/INFO] Start loading of mod SpaceTycoon
[15:19:51] [Client thread/INFO] Loading classes of SpaceTycoon
[15:19:51] [Client thread/ERROR] minecraft:models/ducks/duck_14.model is not found
[15:19:51] [Client thread/ERROR] minecraft:models/ducks/duck_14.model is not found
[15:19:51] [Client thread/ERROR] minecraft:models/ducks/duck_14.model is not found
[15:19:51] [Client thread/ERROR] minecraft:models/ducks/duck_14.model is not found
[15:19:51] [Client thread/ERROR] minecraft:models/ducks/duck_14.model is not found
[15:19:51] [Client thread/ERROR] minecraft:models/ducks/duck_14.model is not found
[15:19:51] [Client thread/ERROR] minecraft:models/ducks/duck_14.model is not found
[15:19:51] [Client thread/ERROR] minecraft:models/ducks/duck_14.model is not found
[15:19:51] [Client thread/ERROR] minecraft:models/ducks/duck_14.model is not found
[15:19:51] [Client thread/ERROR] minecraft:models/ducks/duck_14.model is not found
[15:19:51] [Client thread/ERROR] minecraft:models/ducks/duck_14.model is not found
[15:19:51] [Client thread/ERROR] minecraft:models/ducks/duck_14.model is not found
[15:19:51] [Client thread/ERROR] minecraft:models/ducks/duck_14.model is not found
[15:19:51] [ForkJoinPool.commonPool-worker-1/INFO] SpaceTycoon-v1.0.0+bc67650: class verification completed in 16ms
[15:19:51] [Client thread/ERROR] minecraft:models/ducks/duck_14.model is not found
[15:19:51] [ForkJoinPool.commonPool-worker-1/INFO] SpaceTycoon-v1.0.0+bc67650: defineClasses completed in 0ms
[15:19:51] [ForkJoinPool.commonPool-worker-1/INFO] Loaded classes in mod SpaceTycoon in 18 ms
[15:19:51] [Client thread/ERROR] minecraft:models/ducks/duck_14.model is not found
[15:19:51] [Client thread/INFO] Loading mod SpaceTycoon v1.0.0+bc67650 by Tensess
[15:19:51] [Client thread/INFO] [STDOUT]: [Enginex v5.13.10 - SpaceTycoon] VAO support: true
[15:19:51] [Client thread/INFO] [STDOUT]: [Enginex v5.13.10 - SpaceTycoon] Initialization with mod SpaceTycoon
[15:19:51] [Client thread/INFO] [STDOUT]: [Enginex v5.13.10 - SpaceTycoon] Successfully initialized
[15:19:51] [Client thread/INFO] Loaded mod SpaceTycoon v1.0.0+bc67650 in 336 ms
[15:19:51] [Client thread/ERROR] minecraft:models/ducks/duck_14.model is not found
[15:19:51] [Client thread/INFO] Joining server SpaceTycoon #1
[15:19:51] [Client thread/INFO] [STDOUT]: [Enginex v5.16.3 - Wada] [Wada/debug] handshake complete (w4:load), awaitingHandshake=false, sessionId=5
[15:19:51] [Client thread/INFO] [STDOUT]: [Enginex v5.16.3 - Wada] [Wada/debug] handshake complete (w2:load), awaitingHandshake=false, sessionId=5
[15:19:51] [Client thread/ERROR] minecraft:models/ducks/duck_14.model is not found
[15:19:51] [vc-microphone/INFO] Use OpenAL Soft on Микрофон (MCHOSE V9 PRO) as microphone
[15:19:51] [Client thread/INFO] Found file C:\Users\tveiv\.cristalix\updates\Minigames\server-resource-packs\abaeec9de03b9ca0ef11734796cdfd0e1b99b1d3 matching requested hash e82c84993c8292e952bdff2dd9f03d35ada0c86b
[15:19:51] [Client thread/INFO] Allocated new cache for server resource pack
[15:19:51] [Client thread/INFO] Reloading ResourceManager: assets-addon.jar, Default, abaeec9de03b9ca0ef11734796cdfd0e1b99b1d3
[15:19:51] [ForkJoinPool.commonPool-worker-3/ERROR] Error in class 'CodecJOrbis'
[15:19:51] [ForkJoinPool.commonPool-worker-3/ERROR] Unable to acquire inputstream in method 'initialize'.
[15:19:51] [ForkJoinPool.commonPool-worker-3/WARN] ERROR MESSAGE:
[15:19:51] [ForkJoinPool.commonPool-worker-3/INFO] minecraft:sounds/step/stone2.ogg
[15:19:51] [ForkJoinPool.commonPool-worker-3/WARN] STACK TRACE:
[15:19:51] [ForkJoinPool.commonPool-worker-3/INFO] #cKddi.sbmb(Unknown Source:107)
[15:19:51] [ForkJoinPool.commonPool-worker-3/INFO] #csPUt.lDs(SourceFile)
[15:19:51] [ForkJoinPool.commonPool-worker-3/INFO] #pLJhz.sbbr(SourceFile:846)
[15:19:51] [ForkJoinPool.commonPool-worker-3/INFO] #EcWYp.getInputStream(SourceFile)
[15:19:51] [ForkJoinPool.commonPool-worker-3/INFO] paulscode.sound.codecs.CodecJOrbis.initialize(CodecJOrbis.java:281)
[15:19:51] [ForkJoinPool.commonPool-worker-3/INFO] #Tvhen.shLT(Unknown Source:544)
[15:19:51] [ForkJoinPool.commonPool-worker-3/INFO] #UQSQE.hFT(Unknown Source)
[15:19:51] [ForkJoinPool.commonPool-worker-3/INFO] #UQSQE.run(Unknown Source)
[15:19:51] [ForkJoinPool.commonPool-worker-3/INFO] java.base/java.util.concurrent.ForkJoinTask$RunnableExecuteAction.compute(Unknown Source)
[15:19:51] [ForkJoinPool.commonPool-worker-3/INFO] java.base/java.util.concurrent.ForkJoinTask$InterruptibleTask.exec(Unknown Source)
[15:19:51] [ForkJoinPool.commonPool-worker-3/INFO] java.base/java.util.concurrent.ForkJoinTask.doExec(Unknown Source)
[15:19:51] [ForkJoinPool.commonPool-worker-3/INFO] java.base/java.util.concurrent.ForkJoinPool$WorkQueue.topLevelExec(Unknown Source)
[15:19:51] [ForkJoinPool.commonPool-worker-3/INFO] java.base/java.util.concurrent.ForkJoinPool.runWorker(Unknown Source)
[15:19:51] [ForkJoinPool.commonPool-worker-3/INFO] java.base/java.util.concurrent.ForkJoinWorkerThread.run(Unknown Source)
[15:19:51] [Client thread/WARN] Missing sound for event: minecraft:entity.turtle.ambient
[15:19:51] [Client thread/WARN] Missing sound for event: minecraft:entity.turtle.baby_hurt
[15:19:51] [Client thread/WARN] Missing sound for event: minecraft:entity.turtle.hurt
[15:19:51] [Client thread/WARN] Missing sound for event: minecraft:entity.turtle.baby_death
[15:19:51] [Client thread/WARN] Missing sound for event: minecraft:entity.turtle.death
[15:19:51] [Client thread/WARN] Missing sound for event: minecraft:entity.turtle.baby_step
[15:19:51] [Client thread/WARN] Missing sound for event: minecraft:entity.turtle.step
[15:19:51] [Client thread/WARN] Missing sound for event: minecraft:entity.turtle.swim
[15:19:51] [Client thread/WARN] Missing sound for event: minecraft:block.turtle_egg.crack
[15:19:51] [Client thread/WARN] Missing sound for event: minecraft:block.turtle_egg.egg_break
[15:19:51] [Client thread/WARN] Missing sound for event: minecraft:block.turtle_egg.fall
[15:19:51] [Client thread/WARN] Missing sound for event: minecraft:block.turtle_egg.hatch
[15:19:51] [Client thread/INFO] SoundSystem shutting down...
[15:19:51] [Client thread/WARN] Author: Paul Lamb, www.paulscode.com
[15:19:51] [Client thread/INFO] Starting up SoundSystem...
[15:19:51] [Thread-39/INFO] Initializing LWJGL OpenAL
[15:19:51] [Thread-39/INFO] (The LWJGL binding of OpenAL.  For more information, see http://www.lwjgl.org)
[15:19:51] [Thread-39/INFO] OpenAL audio device: OpenAL Soft on Динамики (MCHOSE V9 PRO)
[15:19:51] [Thread-39/INFO] OpenAL initialized.
[15:19:51] [Client thread/INFO] Sound engine reloaded
[15:19:51] [ForkJoinPool.commonPool-worker-4/WARN] Unable to load variant: axis=x from minecraft:lodestone#axis=x
[15:19:51] [ForkJoinPool.commonPool-worker-4/WARN] Unable to load variant: axis=y from minecraft:lodestone#axis=y
[15:19:51] [ForkJoinPool.commonPool-worker-4/WARN] Unable to load variant: axis=z from minecraft:lodestone#axis=z
[15:19:51] [ForkJoinPool.commonPool-worker-4/WARN] [OptiFine] mcpatcher/cit/asteroid/laser_gun.properties > Item not found: wood_hoe (wood_hoe)
[15:19:51] [ForkJoinPool.commonPool-worker-4/ERROR] Unable to load item model: 'minecraft:mcpatcher/cit/others/megumin_hat#inventory' for item: 'minecraft:mcpatcher/cit/others/megumin_hat'
[15:19:51] [ForkJoinPool.commonPool-worker-4/INFO] [OptiFine] Mipmap levels: 4
[15:19:51] [ForkJoinPool.commonPool-worker-4/INFO] [OptiFine] Multi-texturing: false
[15:19:51] [ForkJoinPool.commonPool-worker-4/INFO] [OptiFine] Multipass connected textures: false
[15:19:51] [ForkJoinPool.commonPool-worker-4/INFO] [OptiFine] BetterGrass: Parsing default configuration optifine/bettergrass.properties
[15:19:51] [ForkJoinPool.commonPool-worker-4/FATAL] [OptiFine] Scaled too small texture: minecraft:particles/glow_2, 8 -> 16
[15:19:51] [ForkJoinPool.commonPool-worker-4/FATAL] [OptiFine] Scaled too small texture: minecraft:particles/glow_1, 8 -> 16
[15:19:51] [ForkJoinPool.commonPool-worker-4/FATAL] [OptiFine] Scaled too small texture: minecraft:particles/glow_0, 8 -> 16
[15:19:51] [ForkJoinPool.commonPool-worker-4/FATAL] [OptiFine] Scaled too small texture: minecraft:particles/glow_6, 8 -> 16
[15:19:51] [ForkJoinPool.commonPool-worker-4/FATAL] [OptiFine] Scaled too small texture: minecraft:particles/glow_5, 8 -> 16
[15:19:51] [ForkJoinPool.commonPool-worker-4/FATAL] [OptiFine] Scaled too small texture: minecraft:particles/glow_4, 8 -> 16
[15:19:51] [ForkJoinPool.commonPool-worker-4/FATAL] [OptiFine] Scaled too small texture: minecraft:particles/glow_3, 8 -> 16
[15:19:51] [ForkJoinPool.commonPool-worker-4/FATAL] [OptiFine] Scaled too small texture: minecraft:particles/glow_9, 8 -> 16
[15:19:51] [ForkJoinPool.commonPool-worker-4/FATAL] [OptiFine] Scaled too small texture: minecraft:particles/glow_8, 8 -> 16
[15:19:51] [ForkJoinPool.commonPool-worker-4/FATAL] [OptiFine] Scaled too small texture: minecraft:particles/glow_7, 8 -> 16
[15:19:51] [ForkJoinPool.commonPool-worker-4/ERROR] Error with minecraft:mcpatcher/cit/casino/casino_card_and_token.png
java.lang.RuntimeException: broken aspect ratio and not an animation
	at #kOyVX.snaN(SourceFile:355)
	at #rwMAC.skyr(SourceFile:220)
	at #jbWsw.shok(SourceFile:616)
	at #pUFjH.siZB(SourceFile:150)
	at #BrjMY.slAk(SourceFile:992)
	at #TfJft.sglB(SourceFile:133)
	at #xWFjz.saEf(SourceFile:71)
	at #fLygu.bqe(Unknown Source)
	at #fLygu.run(Unknown Source)
	at java.base/java.util.concurrent.ForkJoinTask$RunnableExecuteAction.compute(Unknown Source)
	at java.base/java.util.concurrent.ForkJoinTask$InterruptibleTask.exec(Unknown Source)
	at java.base/java.util.concurrent.ForkJoinTask.doExec(Unknown Source)
	at java.base/java.util.concurrent.ForkJoinPool$WorkQueue.topLevelExec(Unknown Source)
	at java.base/java.util.concurrent.ForkJoinPool.runWorker(Unknown Source)
	at java.base/java.util.concurrent.ForkJoinWorkerThread.run(Unknown Source)
[15:19:51] [ForkJoinPool.commonPool-worker-4/FATAL] [OptiFine] Scaled too small texture: minecraft:particles/glow_11, 8 -> 16
[15:19:51] [ForkJoinPool.commonPool-worker-4/FATAL] [OptiFine] Scaled too small texture: minecraft:particles/glow_10, 8 -> 16
[15:19:51] [ForkJoinPool.commonPool-worker-4/FATAL] [OptiFine] Scaled too small texture: minecraft:particles/glow_13, 8 -> 16
[15:19:51] [ForkJoinPool.commonPool-worker-4/FATAL] [OptiFine] Scaled too small texture: minecraft:particles/glow_12, 8 -> 16
[15:19:51] [ForkJoinPool.commonPool-worker-4/FATAL] [OptiFine] Scaled too small texture: minecraft:particles/glow_15, 8 -> 16
[15:19:51] [ForkJoinPool.commonPool-worker-4/FATAL] [OptiFine] Scaled too small texture: minecraft:particles/glow_14, 8 -> 16
[15:19:52] [ForkJoinPool.commonPool-worker-4/INFO] load sprites for 16ms
[15:19:52] [ForkJoinPool.commonPool-worker-4/INFO] Created: 2048x1024 textures-atlas in 30ms
[15:19:52] [Client thread/ERROR] Error on handle event #BXBFw in Mod{name='SpaceTycoon', version='1.0.0+bc67650', persistent=false, delegate=a.a.d.a.a, modState=LOADED}
java.lang.IndexOutOfBoundsException: index: 155, length: 97 (expected: range(0, 173))
	at io.netty.buffer.AbstractByteBuf.checkRangeBounds(AbstractByteBuf.java:1390)
	at io.netty.buffer.AbstractByteBuf.checkIndex0(AbstractByteBuf.java:1397)
	at io.netty.buffer.AbstractUnpooledSlicedByteBuf.getBytes(AbstractUnpooledSlicedByteBuf.java:242)
	at io.netty.buffer.ReadOnlyByteBuf.getBytes(ReadOnlyByteBuf.java:270)
	at io.netty.buffer.ByteBufUtil.decodeString(ByteBufUtil.java:1151)
	at io.netty.buffer.AbstractByteBuf.toString(AbstractByteBuf.java:1246)
	at dev.xdark.feder.NetUtil.readString0(NetUtil.java:833)
	at dev.xdark.feder.NetUtil.readUtf8(NetUtil.java:188)
	at SpaceTycoon-v1.0.0+bc67650//a.a.a.m.a.f(SourceFile:176)
	at SpaceTycoon-v1.0.0+bc67650//a.a.d.a.e.h.b.d(SourceFile:60)
	at SpaceTycoon-v1.0.0+bc67650//a.a.d.a.e.h.b.injectedLambda$d$3(SourceFile)
	at SpaceTycoon-v1.0.0+bc67650//a.a.a.m.a.b(SourceFile:58)
	at SpaceTycoon-v1.0.0+bc67650//a.a.a.m.a.injectedLambda$b$0(SourceFile)
	at #RaGIl.saYo(SourceFile:83)
	at #hvoSL.bBM(Unknown Source)
	at #hvoSL.accept(Unknown Source)
	at #ykMcj.slwQ(SourceFile:105)
	at #BrtKi.laL(Unknown Source)
	at #BrtKi.accept(Unknown Source)
	at #SmDYl.shof(SourceFile:59)
	at #vxdAh.blq(SourceFile)
	at #DRZva.smvZ(SourceFile:89)
	at #WblDI.sciG(SourceFile:100)
	at #DDMvh.hcz(SourceFile)
	at #GXpIT.slFh(SourceFile:75)
	at #acUkE.drn(SourceFile:650)
	at #qKRzt.skLS(Unknown Source:2396)
	at #hyWbW.satX(SourceFile:1837)
	at #RofNI.dB(SourceFile:43)
	at #GLnhB.run(SourceFile:32)
	at #GILEo.saUt(Unknown Source:40)
	at #sJuki.sfWB(SourceFile:11)
	at java.base/java.util.concurrent.FutureTask.run(Unknown Source)
	at #bfAok.sjvn(SourceFile:45)
	at #ptzkp.gXZ(SourceFile:52)
	at #gZdVe.sbpI(SourceFile:1466)
	at #UDDPE.sdDd(Unknown Source:1632)
	at #GMfdJ.sask(SourceFile:487)
	at net.minecraft.client.main.GameMain.iwR(SourceFile:220)
	at net.minecraft.client.main.GameMain.jtH(SourceFile:156)
	at #ZpHYL.i(Unknown Source)
	at #ZpHYL.run(Unknown Source)
	at java.base/java.lang.Thread.run(Unknown Source)
[15:19:52] [ForkJoinPool.commonPool-worker-4/INFO] [DEBUG] Atlas assembly for 4.803ms
[15:19:52] [Client thread/INFO] [DEBUG] upload atlas for 4.454ms
[15:19:52] [Client thread/INFO] [DEBUG] Generate mipmaps for 0.005ms
[15:19:52] [Client thread/INFO] [OptiFine] Animated sprites: 0
[15:19:52] [Client thread/INFO] [OptiFine] CustomColors: Loading mcpatcher/color.properties
[15:19:52] [Client thread/INFO] Textures loaded for 559.398ms
[15:19:55] [Client thread/ERROR] Error on handle event #BXBFw in Mod{name='SpaceTycoon', version='1.0.0+bc67650', persistent=false, delegate=a.a.d.a.a, modState=LOADED}
java.lang.IndexOutOfBoundsException: index: 70, length: 1 (expected: range(0, 70))
	at io.netty.buffer.AbstractByteBuf.checkRangeBounds(AbstractByteBuf.java:1390)
	at io.netty.buffer.AbstractByteBuf.checkIndex0(AbstractByteBuf.java:1397)
	at io.netty.buffer.AbstractUnpooledSlicedByteBuf.getBytes(AbstractUnpooledSlicedByteBuf.java:242)
	at io.netty.buffer.ReadOnlyByteBuf.getBytes(ReadOnlyByteBuf.java:270)
	at io.netty.buffer.ByteBufUtil.decodeString(ByteBufUtil.java:1151)
	at io.netty.buffer.AbstractByteBuf.toString(AbstractByteBuf.java:1246)
	at dev.xdark.feder.NetUtil.readString0(NetUtil.java:833)
	at dev.xdark.feder.NetUtil.readUtf8(NetUtil.java:188)
	at SpaceTycoon-v1.0.0+bc67650//a.a.a.m.a.f(SourceFile:176)
	at SpaceTycoon-v1.0.0+bc67650//a.a.d.a.e.h.b.d(SourceFile:60)
	at SpaceTycoon-v1.0.0+bc67650//a.a.d.a.e.h.b.injectedLambda$d$3(SourceFile)
	at SpaceTycoon-v1.0.0+bc67650//a.a.a.m.a.b(SourceFile:58)
	at SpaceTycoon-v1.0.0+bc67650//a.a.a.m.a.injectedLambda$b$0(SourceFile)
	at #RaGIl.saYo(SourceFile:83)
	at #hvoSL.bBM(Unknown Source)
	at #hvoSL.accept(Unknown Source)
	at #ykMcj.slwQ(SourceFile:105)
	at #BrtKi.laL(Unknown Source)
	at #BrtKi.accept(Unknown Source)
	at #SmDYl.shof(SourceFile:59)
	at #vxdAh.blq(SourceFile)
	at #DRZva.smvZ(SourceFile:89)
	at #WblDI.sciG(SourceFile:100)
	at #DDMvh.hcz(SourceFile)
	at #GXpIT.slFh(SourceFile:75)
	at #acUkE.drn(SourceFile:650)
	at #qKRzt.skLS(Unknown Source:2396)
	at #hyWbW.satX(SourceFile:1837)
	at #RofNI.dB(SourceFile:43)
	at #GLnhB.run(SourceFile:32)
	at #GILEo.saUt(Unknown Source:40)
	at #sJuki.sfWB(SourceFile:11)
	at java.base/java.util.concurrent.FutureTask.run(Unknown Source)
	at #bfAok.sjvn(SourceFile:45)
	at #ptzkp.gXZ(SourceFile:52)
	at #gZdVe.sbpI(SourceFile:1466)
	at #UDDPE.sdDd(Unknown Source:1632)
	at #GMfdJ.sask(SourceFile:487)
	at net.minecraft.client.main.GameMain.iwR(SourceFile:220)
	at net.minecraft.client.main.GameMain.jtH(SourceFile:156)
	at #ZpHYL.i(Unknown Source)
	at #ZpHYL.run(Unknown Source)
	at java.base/java.lang.Thread.run(Unknown Source)
[15:20:13] [Client thread/INFO] [CHAT] [Туманность] LS ┃ papo4ka_v_dubae [#2] » тайланд мой брат
[15:20:39] [Client thread/INFO] [CHAT] seawatt7777 [#?] » а что делать если буkва не работает kоторая перерождает
[15:20:51] [Client thread/INFO] [CHAT] [Космонавт] E ┃ ISIC [#281] » клавиатуру купить
[15:20:53] [Client thread/INFO] [CHAT] [Созвездие] Rolex1563 [#494] » перезайди?
[15:20:53] [Client thread/INFO] [CHAT] [Гравитатор] S ┃ Rusu_123 [#93] » Мёд по телу, я на пульсаре
[15:21:04] [Client thread/INFO] [CHAT] [Звездочет] SASHA_2001 [#70] » смени в настройках управления
[15:21:05] [Client thread/INFO] [CHAT] seawatt7777 [#?] » у меня вообще буkва эта не робит\
[15:21:08] [Client thread/INFO] [CHAT] [Туманник] Men_Fox [#60] » ну так ты у нпс можешь перерождаться
[15:21:08] [Client thread/INFO] [CHAT] [Странник] G ┃ denavagame [#158] » я жив
[15:21:11] [Client thread/INFO] [CHAT] [Гравитатор] Kvester_ [#83] » я тоже уже на пульсаре
[15:21:19] [Client thread/INFO] [CHAT] [Астроном] MVP+ ┃ CrazyYtka_ [#124] » что тут за топы дают?
[15:21:27] [Client thread/INFO] [CHAT] [Вечность] LS ┃ papo4ka_v_dubae [#2] » ого
[15:21:30] [Client thread/INFO] [CHAT] [Союз] D ┃ XaJLacTJIK [#11] » УРА
[15:21:31] [Client thread/INFO] [CHAT] [Странник] Vlados291 [#179] » ./rebirth
[15:21:31] [Client thread/INFO] [CHAT] [Звездочет] SASHA_2001 [#70] » мiнет делают
[15:21:33] [Client thread/INFO] [CHAT] [Вечность] LS ┃ papo4ka_v_dubae [#2] » 14d за рб жоско
[15:21:36] [Client thread/INFO] [CHAT] [Странник] Vlados291 [#179] » и все
[15:21:37] [Client thread/INFO] [CHAT] [Союз] D ┃ XaJLacTJIK [#11] » камбекнул с 500s До 2sp
[15:21:48] [Client thread/INFO] [CHAT] [Гравитатор] S ┃ Rusu_123 [#93] » Изи
[15:22:03] [Client thread/INFO] [CHAT] [Астроном] MVP+ ┃ CrazyYtka_ [#124] »  sasha_2001 очень остроумно
[15:22:14] [Client thread/INFO] [CHAT] [Звездочет] SASHA_2001 [#70] » да
[15:22:19] [Client thread/INFO] [CHAT] [Астроном] MVP+ ┃ CrazyYtka_ [#124] » не думал комиком стать?
[15:22:23] [Client thread/INFO] [CHAT] Icets123ts [#?] » а
[15:22:33] [Client thread/INFO] [CHAT] [Звездочет] SASHA_2001 [#70] » олег 228
[15:22:43] [Client thread/INFO] [CHAT] I ┃ AntiFarmYT [#?] » есть гайд на всех уточек?
[15:22:55] [Client thread/INFO] [CHAT] [Андромеда] MVP+ ┃ MidnightSolitude [#16] » Есть, можно мне в лс написать
[15:22:55] [Client thread/INFO] [CHAT] [Космонавт] E ┃ ISIC [#276] » за уток что-то дают?
[15:23:06] [Client thread/INFO] [CHAT] [Андромеда] MVP+ ┃ MidnightSolitude [#16] » Ключ от кейса с аурами
[15:23:10] [Client thread/INFO] [CHAT] [Космонавт] E ┃ ISIC [#276] » жесть
[15:23:15] [Client thread/ERROR] Error on handle event #BXBFw in Mod{name='SpaceTycoon', version='1.0.0+bc67650', persistent=false, delegate=a.a.d.a.a, modState=LOADED}
java.lang.IndexOutOfBoundsException: index: 70, length: 1 (expected: range(0, 70))
	at io.netty.buffer.AbstractByteBuf.checkRangeBounds(AbstractByteBuf.java:1390)
	at io.netty.buffer.AbstractByteBuf.checkIndex0(AbstractByteBuf.java:1397)
	at io.netty.buffer.AbstractUnpooledSlicedByteBuf.getBytes(AbstractUnpooledSlicedByteBuf.java:242)
	at io.netty.buffer.ReadOnlyByteBuf.getBytes(ReadOnlyByteBuf.java:270)
	at io.netty.buffer.ByteBufUtil.decodeString(ByteBufUtil.java:1151)
	at io.netty.buffer.AbstractByteBuf.toString(AbstractByteBuf.java:1246)
	at dev.xdark.feder.NetUtil.readString0(NetUtil.java:833)
	at dev.xdark.feder.NetUtil.readUtf8(NetUtil.java:188)
	at SpaceTycoon-v1.0.0+bc67650//a.a.a.m.a.f(SourceFile:176)
	at SpaceTycoon-v1.0.0+bc67650//a.a.d.a.e.h.b.d(SourceFile:60)
	at SpaceTycoon-v1.0.0+bc67650//a.a.d.a.e.h.b.injectedLambda$d$3(SourceFile)
	at SpaceTycoon-v1.0.0+bc67650//a.a.a.m.a.b(SourceFile:58)
	at SpaceTycoon-v1.0.0+bc67650//a.a.a.m.a.injectedLambda$b$0(SourceFile)
	at #RaGIl.saYo(SourceFile:83)
	at #hvoSL.bBM(Unknown Source)
	at #hvoSL.accept(Unknown Source)
	at #ykMcj.slwQ(SourceFile:105)
	at #BrtKi.laL(Unknown Source)
	at #BrtKi.accept(Unknown Source)
	at #SmDYl.shof(SourceFile:59)
	at #vxdAh.blq(SourceFile)
	at #DRZva.smvZ(SourceFile:89)
	at #WblDI.sciG(SourceFile:100)
	at #DDMvh.hcz(SourceFile)
	at #GXpIT.slFh(SourceFile:75)
	at #acUkE.drn(SourceFile:650)
	at #qKRzt.skLS(Unknown Source:2396)
	at #hyWbW.satX(SourceFile:1837)
	at #RofNI.dB(SourceFile:43)
	at #GLnhB.run(SourceFile:32)
	at #GILEo.saUt(Unknown Source:40)
	at #sJuki.sfWB(SourceFile:11)
	at java.base/java.util.concurrent.FutureTask.run(Unknown Source)
	at #bfAok.sjvn(SourceFile:45)
	at #ptzkp.gXZ(SourceFile:52)
	at #gZdVe.sbpI(SourceFile:1466)
	at #UDDPE.sdDd(Unknown Source:1632)
	at #GMfdJ.sask(SourceFile:487)
	at net.minecraft.client.main.GameMain.iwR(SourceFile:220)
	at net.minecraft.client.main.GameMain.jtH(SourceFile:156)
	at #ZpHYL.i(Unknown Source)
	at #ZpHYL.run(Unknown Source)
	at java.base/java.lang.Thread.run(Unknown Source)
[15:23:15] [Client thread/INFO] [CHAT] [Космонавт] D ┃ PotomPridumayu [#283] » а где ауру выбить?
[15:23:16] [Client thread/INFO] [CHAT] [Союз] D ┃ XaJLacTJIK [#11] » 4 раза подряд четное АЛО БЛ
[15:23:23] [Client thread/INFO] [CHAT] [Андромеда] MVP+ ┃ MidnightSolitude [#16] » На корабле, тебе рано еще по-моему
[15:23:28] [Client thread/INFO] [CHAT] [Космонавт] D ┃ PotomPridumayu [#283] » понял пасиба
[15:23:29] [Client thread/INFO] [CHAT] [Звездочет] HE ┃ Shach [#66] » da
[15:23:32] [Client thread/ERROR] Error on handle event #BXBFw in Mod{name='SpaceTycoon', version='1.0.0+bc67650', persistent=false, delegate=a.a.d.a.a, modState=LOADED}
java.lang.IndexOutOfBoundsException: index: 70, length: 1 (expected: range(0, 70))
	at io.netty.buffer.AbstractByteBuf.checkRangeBounds(AbstractByteBuf.java:1390)
	at io.netty.buffer.AbstractByteBuf.checkIndex0(AbstractByteBuf.java:1397)
	at io.netty.buffer.AbstractUnpooledSlicedByteBuf.getBytes(AbstractUnpooledSlicedByteBuf.java:242)
	at io.netty.buffer.ReadOnlyByteBuf.getBytes(ReadOnlyByteBuf.java:270)
	at io.netty.buffer.ByteBufUtil.decodeString(ByteBufUtil.java:1151)
	at io.netty.buffer.AbstractByteBuf.toString(AbstractByteBuf.java:1246)
	at dev.xdark.feder.NetUtil.readString0(NetUtil.java:833)
	at dev.xdark.feder.NetUtil.readUtf8(NetUtil.java:188)
	at SpaceTycoon-v1.0.0+bc67650//a.a.a.m.a.f(SourceFile:176)
	at SpaceTycoon-v1.0.0+bc67650//a.a.d.a.e.h.b.d(SourceFile:60)
	at SpaceTycoon-v1.0.0+bc67650//a.a.d.a.e.h.b.injectedLambda$d$3(SourceFile)
	at SpaceTycoon-v1.0.0+bc67650//a.a.a.m.a.b(SourceFile:58)
	at SpaceTycoon-v1.0.0+bc67650//a.a.a.m.a.injectedLambda$b$0(SourceFile)
	at #RaGIl.saYo(SourceFile:83)
	at #hvoSL.bBM(Unknown Source)
	at #hvoSL.accept(Unknown Source)
	at #ykMcj.slwQ(SourceFile:105)
	at #BrtKi.laL(Unknown Source)
	at #BrtKi.accept(Unknown Source)
	at #SmDYl.shof(SourceFile:59)
	at #vxdAh.blq(SourceFile)
	at #DRZva.smvZ(SourceFile:89)
	at #WblDI.sciG(SourceFile:100)
	at #DDMvh.hcz(SourceFile)
	at #GXpIT.slFh(SourceFile:75)
	at #acUkE.drn(SourceFile:650)
	at #qKRzt.skLS(Unknown Source:2396)
	at #hyWbW.satX(SourceFile:1837)
	at #RofNI.dB(SourceFile:43)
	at #GLnhB.run(SourceFile:32)
	at #GILEo.saUt(Unknown Source:40)
	at #sJuki.sfWB(SourceFile:11)
	at java.base/java.util.concurrent.FutureTask.run(Unknown Source)
	at #bfAok.sjvn(SourceFile:45)
	at #ptzkp.gXZ(SourceFile:52)
	at #gZdVe.sbpI(SourceFile:1466)
	at #UDDPE.sdDd(Unknown Source:1632)
	at #GMfdJ.sask(SourceFile:487)
	at net.minecraft.client.main.GameMain.iwR(SourceFile:220)
	at net.minecraft.client.main.GameMain.jtH(SourceFile:156)
	at #ZpHYL.i(Unknown Source)
	at #ZpHYL.run(Unknown Source)
	at java.base/java.lang.Thread.run(Unknown Source)
[15:23:33] [Client thread/INFO] [CHAT] [Вечность] LS ┃ papo4ka_v_dubae [#2] » хиккупс доброе утро
[15:23:47] [Client thread/INFO] [CHAT] [Гравитатор] Kvester_ [#83] » если играещь в рулетку лучше ставь на красное и всё
[15:23:47] [Client thread/INFO] [CHAT] [Спутник] P ┃ _ЛюбитеКотиков_ [#7] » пу-пу-пу
[15:23:49] [Client thread/ERROR] Error on handle event #BXBFw in Mod{name='SpaceTycoon', version='1.0.0+bc67650', persistent=false, delegate=a.a.d.a.a, modState=LOADED}
java.lang.IndexOutOfBoundsException: index: 70, length: 1 (expected: range(0, 70))
	at io.netty.buffer.AbstractByteBuf.checkRangeBounds(AbstractByteBuf.java:1390)
	at io.netty.buffer.AbstractByteBuf.checkIndex0(AbstractByteBuf.java:1397)
	at io.netty.buffer.AbstractUnpooledSlicedByteBuf.getBytes(AbstractUnpooledSlicedByteBuf.java:242)
	at io.netty.buffer.ReadOnlyByteBuf.getBytes(ReadOnlyByteBuf.java:270)
	at io.netty.buffer.ByteBufUtil.decodeString(ByteBufUtil.java:1151)
	at io.netty.buffer.AbstractByteBuf.toString(AbstractByteBuf.java:1246)
	at dev.xdark.feder.NetUtil.readString0(NetUtil.java:833)
	at dev.xdark.feder.NetUtil.readUtf8(NetUtil.java:188)
	at SpaceTycoon-v1.0.0+bc67650//a.a.a.m.a.f(SourceFile:176)
	at SpaceTycoon-v1.0.0+bc67650//a.a.d.a.e.h.b.d(SourceFile:60)
	at SpaceTycoon-v1.0.0+bc67650//a.a.d.a.e.h.b.injectedLambda$d$3(SourceFile)
	at SpaceTycoon-v1.0.0+bc67650//a.a.a.m.a.b(SourceFile:58)
	at SpaceTycoon-v1.0.0+bc67650//a.a.a.m.a.injectedLambda$b$0(SourceFile)
	at #RaGIl.saYo(SourceFile:83)
	at #hvoSL.bBM(Unknown Source)
	at #hvoSL.accept(Unknown Source)
	at #ykMcj.slwQ(SourceFile:105)
	at #BrtKi.laL(Unknown Source)
	at #BrtKi.accept(Unknown Source)
	at #SmDYl.shof(SourceFile:59)
	at #vxdAh.blq(SourceFile)
	at #DRZva.smvZ(SourceFile:89)
	at #WblDI.sciG(SourceFile:100)
	at #DDMvh.hcz(SourceFile)
	at #GXpIT.slFh(SourceFile:75)
	at #acUkE.drn(SourceFile:650)
	at #qKRzt.skLS(Unknown Source:2396)
	at #hyWbW.satX(SourceFile:1837)
	at #RofNI.dB(SourceFile:43)
	at #GLnhB.run(SourceFile:32)
	at #GILEo.saUt(Unknown Source:40)
	at #sJuki.sfWB(SourceFile:11)
	at java.base/java.util.concurrent.FutureTask.run(Unknown Source)
	at #bfAok.sjvn(SourceFile:45)
	at #ptzkp.gXZ(SourceFile:52)
	at #gZdVe.sbpI(SourceFile:1466)
	at #UDDPE.sdDd(Unknown Source:1632)
	at #GMfdJ.sask(SourceFile:487)
	at net.minecraft.client.main.GameMain.iwR(SourceFile:220)
	at net.minecraft.client.main.GameMain.jtH(SourceFile:156)
	at #ZpHYL.i(Unknown Source)
	at #ZpHYL.run(Unknown Source)
	at java.base/java.lang.Thread.run(Unknown Source)
[15:24:08] [Client thread/INFO] [CHAT] [Комета] zxc_venerttts [#206] » А что за уточки?
[15:24:21] [Client thread/ERROR] Error on handle event #BXBFw in Mod{name='SpaceTycoon', version='1.0.0+bc67650', persistent=false, delegate=a.a.d.a.a, modState=LOADED}
java.lang.IndexOutOfBoundsException: index: 70, length: 1 (expected: range(0, 70))
	at io.netty.buffer.AbstractByteBuf.checkRangeBounds(AbstractByteBuf.java:1390)
	at io.netty.buffer.AbstractByteBuf.checkIndex0(AbstractByteBuf.java:1397)
	at io.netty.buffer.AbstractUnpooledSlicedByteBuf.getBytes(AbstractUnpooledSlicedByteBuf.java:242)
	at io.netty.buffer.ReadOnlyByteBuf.getBytes(ReadOnlyByteBuf.java:270)
	at io.netty.buffer.ByteBufUtil.decodeString(ByteBufUtil.java:1151)
	at io.netty.buffer.AbstractByteBuf.toString(AbstractByteBuf.java:1246)
	at dev.xdark.feder.NetUtil.readString0(NetUtil.java:833)
	at dev.xdark.feder.NetUtil.readUtf8(NetUtil.java:188)
	at SpaceTycoon-v1.0.0+bc67650//a.a.a.m.a.f(SourceFile:176)
	at SpaceTycoon-v1.0.0+bc67650//a.a.d.a.e.h.b.d(SourceFile:60)
	at SpaceTycoon-v1.0.0+bc67650//a.a.d.a.e.h.b.injectedLambda$d$3(SourceFile)
	at SpaceTycoon-v1.0.0+bc67650//a.a.a.m.a.b(SourceFile:58)
	at SpaceTycoon-v1.0.0+bc67650//a.a.a.m.a.injectedLambda$b$0(SourceFile)
	at #RaGIl.saYo(SourceFile:83)
	at #hvoSL.bBM(Unknown Source)
	at #hvoSL.accept(Unknown Source)
	at #ykMcj.slwQ(SourceFile:105)
	at #BrtKi.laL(Unknown Source)
	at #BrtKi.accept(Unknown Source)
	at #SmDYl.shof(SourceFile:59)
	at #vxdAh.blq(SourceFile)
	at #DRZva.smvZ(SourceFile:89)
	at #WblDI.sciG(SourceFile:100)
	at #DDMvh.hcz(SourceFile)
	at #GXpIT.slFh(SourceFile:75)
	at #acUkE.drn(SourceFile:650)
	at #qKRzt.skLS(Unknown Source:2396)
	at #hyWbW.satX(SourceFile:1837)
	at #RofNI.dB(SourceFile:43)
	at #GLnhB.run(SourceFile:32)
	at #GILEo.saUt(Unknown Source:40)
	at #sJuki.sfWB(SourceFile:11)
	at java.base/java.util.concurrent.FutureTask.run(Unknown Source)
	at #bfAok.sjvn(SourceFile:45)
	at #ptzkp.gXZ(SourceFile:52)
	at #gZdVe.sbpI(SourceFile:1466)
	at #UDDPE.sdDd(Unknown Source:1632)
	at #GMfdJ.sask(SourceFile:487)
	at net.minecraft.client.main.GameMain.iwR(SourceFile:220)
	at net.minecraft.client.main.GameMain.jtH(SourceFile:156)
	at #ZpHYL.i(Unknown Source)
	at #ZpHYL.run(Unknown Source)
	at java.base/java.lang.Thread.run(Unknown Source)
[15:24:23] [Client thread/INFO] [CHAT] [Андромеда] MVP+ ┃ MidnightSolitude [#16] » Только что писал
[15:24:32] [Client thread/INFO] [CHAT] [Андромеда] MVP+ ┃ MidnightSolitude [#16] » ОЙ я рб проспал пипес
[15:25:08] [Client thread/INFO] [CHAT] [Космонавт] I ┃ AIDOMETR [#331] » Когда вайп на бомжа?
[15:25:17] [Client thread/INFO] [CHAT] [Астроном] V ┃ xqwiol [#124] » один бог знает когда
[15:25:18] [Client thread/INFO] [CHAT] [Вечность] S ┃ CyFrodo [#1] » нашел где спросить
[15:25:18] [Client thread/INFO] [CHAT] [Андромеда] MVP+ ┃ MidnightSolitude [#16] » Не тут спрашиваешь, мне кажется
[15:25:24] [Client thread/INFO] [CHAT] [Гравитатор] S ┃ Rusu_123 [#90] » Мы же бомжи
[15:25:24] [Client thread/INFO] [CHAT] [Космонавт] I ┃ AIDOMETR [#331] » (
[15:25:39] [Client thread/INFO] [CHAT] [Гравитатор] S ┃ Rusu_123 [#90] » Ну, доля правды тут есть
[15:25:42] [Client thread/INFO] [CHAT] [Пульсар] MVP+ ┃ MidnightSolitude [#16] » О, ЛюблюАню на сао стоит
[15:25:50] [Client thread/INFO] [CHAT] kaapystah [#?] » бомжа...
[15:25:50] [Client thread/INFO] [CHAT] [Космонавт] kymitik [#281] » эх ща бусты закончаться
[15:26:00] [Client thread/INFO] [CHAT] [Андромеда] T ┃ xKeEpeR_ [#20] » надо бы его попросить сюда закинуть бустиков
[15:26:02] [Client thread/INFO] [CHAT] I ┃ AntiFarmYT [#?] » так гайд то есть?
[15:26:03] [Client thread/INFO] [CHAT] [Андромеда] T ┃ xKeEpeR_ [#20] » ото его тут не знают
[15:26:05] [Client thread/INFO] [CHAT] [Пульсар] MVP+ ┃ MidnightSolitude [#16] » Ахахах
[15:26:09] [Client thread/INFO] [CHAT] [Гравитатор] S ┃ Rusu_123 [#90] » xD
[15:26:16] [Client thread/INFO] [CHAT] [Пульсар] MVP+ ┃ MidnightSolitude [#16] » Я же говорил, напишите мне в лс и дам гайд на уток
[15:26:25] [Client thread/INFO] [CHAT] [Пульсар] MVP+ ┃ MidnightSolitude [#16] » Все вопросы ко мне и к лскам
[15:26:44] [Client thread/INFO] [CHAT] [Туманник] Men_Fox [#59] » как в лс писать
[15:26:49] [Client thread/INFO] [CHAT] i Бустер дропперов от D ┃ PotomPridumayu закончился!
[15:26:52] [Client thread/INFO] [CHAT] [Туманник] SASHA_2001 [#70] » /w
[15:26:53] [Client thread/INFO] [CHAT] i Бустер монет от D ┃ PotomPridumayu закончился!
[15:26:53] [Client thread/INFO] [CHAT] [Исследователь] D ┃ PotomPridumayu [#283] » на ник тыкни
[15:26:53] [Client thread/INFO] [CHAT] [Пульсар] MVP+ ┃ MidnightSolitude [#16] » ,/m ник сообщение
[15:27:06] [Client thread/INFO] [CHAT] [Галактор] P ┃ NerdyDayZ [#23] » Чат открой, на ник нажми
[15:27:42] [Client thread/INFO] [CHAT] [Космонавт] kymitik [#281] » как я жил без бустов
[15:27:58] [Client thread/INFO] [CHAT] [Вечность] S ┃ CyFrodo [#1] » ну щас вспомнишь
[15:28:00] [Client thread/INFO] [CHAT] [Туманник] SASHA_2001 [#70] » без бустов жил
[15:28:03] [Client thread/INFO] [CHAT] [Гравитатор] S ┃ Rusu_123 [#87] » )
[15:28:58] [Client thread/INFO] [CHAT] [Космонавт] Smakoluk [#354] » а
[15:29:11] [Client thread/INFO] [CHAT] [Исследователь] TopStorm [#234] » акуц
[15:29:23] [Client thread/INFO] [CHAT] HE ┃ Kilah_ [#?] » а когда новый сезон начался подскажите пж
[15:29:24] [Client thread/INFO] [CHAT] [Туманник] MVP ┃ Deda_ [#59] » На корабле есть утки ?
[15:29:29] [Client thread/INFO] [CHAT] [Астроном] I ┃ scp22 [#127] » сколько уть на 2 планете?
[15:29:31] [Client thread/INFO] [CHAT] [Пульсар] MVP+ ┃ MidnightSolitude [#14] » 8
[15:29:37] [Client thread/INFO] [CHAT] HE ┃ Kilah_ [#?] » 8 июля?
[15:29:42] [Client thread/INFO] [CHAT] [Вечность] S ┃ CyFrodo [#1] » 8 уток
[15:29:45] [Client thread/INFO] [CHAT] [Пульсар] MVP+ ┃ MidnightSolitude [#14] » Вчера в 16
[15:29:48] [Client thread/INFO] [CHAT] [Вечность] S ┃ CyFrodo [#1] » сезон вчера начался в 16
[15:29:51] [Client thread/INFO] [CHAT] HE ┃ Kilah_ [#?] » спасибо родные
[15:29:53] [Client thread/INFO] [CHAT] [Гравитатор] D ┃ xyz14 [#94] » за 3.5 часа топ 100
[15:29:57] [Client thread/INFO] [CHAT] [Гравитатор] D ┃ xyz14 [#94] » норм
[15:30:06] [Client thread/INFO] [CHAT] [Астроном] I ┃ scp22 [#127] » сколько уть на велории?
[15:30:08] [Client thread/INFO] [CHAT] [Астроном] V ┃ xqwiol [#126] » как
[15:30:39] [Client thread/INFO] [CHAT] [Гравитатор] S ┃ Rusu_123 [#87] » Я вчера нафармил т100
[15:30:47] [Client thread/INFO] [CHAT] [Астроном] V ┃ xqwiol [#126] » да как бля
[15:30:54] [Client thread/INFO] [CHAT] [Туманник] D ┃ Pushina [#62] » 1
[15:30:54] [Client thread/INFO] [CHAT] [Гравитатор] D ┃ xyz14 [#94] » петов улучшай
[15:30:59] [Client thread/INFO] [CHAT] [Астроном] I ┃ scp22 [#127] » сколько уток на велории?
[15:31:10] [Client thread/INFO] [CHAT] [Астроном] V ┃ xqwiol [#126] » у меня 3 пета 2 из них леги по 11 лвлу
[15:31:15] [Client thread/INFO] [CHAT] i Бустер очистителей от D ┃ PotomPridumayu закончился!
[15:31:18] [Client thread/INFO] [CHAT] i Бустер конвейеров от D ┃ PotomPridumayu закончился!
[15:31:19] [Client thread/INFO] [CHAT] [Астроном] V ┃ xqwiol [#126] » но так быстро как челы не могу
[15:31:20] [Client thread/INFO] [CHAT] [Вечность] S ┃ CyFrodo [#1] » онет
[15:31:21] [Client thread/INFO] [CHAT] [Гравитатор] D ┃ xyz14 [#94] » У меня 5 петов все леги макс лвл
[15:31:21] [Client thread/INFO] [CHAT] HE ┃ Kilah_ [#?] » а что за утки о чём речь, подскажите пж мб гайд какой есть?
[15:31:25] [Client thread/INFO] [CHAT] [Гравитатор] S ┃ Rusu_123 [#87] » 1 час до рб
[15:31:29] [Client thread/INFO] [CHAT] onnixx_ [#?] » а где петов взять
[15:31:32] [Client thread/INFO] [CHAT] [Астроном] V ┃ xqwiol [#126] » где доп слоты взял? купил?
[15:31:32] [Client thread/INFO] [CHAT] [Космонавт] kymitik [#281] » вот это нечесе
[15:31:36] [Client thread/INFO] [CHAT] [Астроном] I ┃ scp22 [#127] » сколько уток на велории?
[15:31:41] [Client thread/INFO] [CHAT] [Гравитатор] D ┃ xyz14 [#94] » ветку петов качай
[15:31:44] [Client thread/INFO] [CHAT] [Космонавт] kymitik [#281] » без бустов легче
[15:32:10] [Client thread/INFO] [CHAT] [Туманник] SASHA_2001 [#64] » kymitik без них легче?
[15:32:15] [Client thread/INFO] [CHAT] [Исследователь] kymitik [#281] » да
[15:32:22] [Client thread/INFO] [CHAT] [Туманник] SASHA_2001 [#64] » нет
[15:32:25] [Client thread/INFO] [CHAT] [Вечность] S ┃ CyFrodo [#1] » в каком месте интересно
[15:32:25] [Client thread/INFO] [CHAT] [Исследователь] kymitik [#281] » да
[15:32:31] [Client thread/INFO] [CHAT] [Гравитатор] S ┃ Rusu_123 [#87] » Кому пиликаешь
[15:32:35] [Client thread/INFO] [CHAT] [Туманник] SASHA_2001 [#64] » пизда
[15:32:45] [Client thread/INFO] [CHAT] [Исследователь] D ┃ PotomPridumayu [#250] » а тут че за маты не мутят?
[15:32:45] [Client thread/INFO] [STDOUT]: a.a.d.a.c.a.f.a.i@32cfa03c
[15:32:46] [Client thread/INFO] [CHAT] [Исследователь] kymitik [#281] » я просто плачу жду пока бусты кинут xd
[15:32:54] [Client thread/INFO] [CHAT] [Исследователь] kymitik [#281] » лучше не рискуй
[15:32:57] [Client thread/INFO] [CHAT] [Вечность] S ┃ CyFrodo [#1] » хелперы афк прост
[15:33:02] [Client thread/INFO] [CHAT] [Космонавт] P ┃ Tveiv [#338] » рискуй
[15:33:07] [Client thread/INFO] [CHAT] [Гравитатор] S ┃ Rusu_123 [#87] » Хелпа вся в похмелье
[15:33:09] [Client thread/INFO] [CHAT] [Космонавт] P ┃ Tveiv [#338] » трать все
[15:33:28] [Client thread/INFO] [CHAT] [Исследователь] kymitik [#281] » вчера за 1 сек на скайблоке мут дали
[15:33:29] [Client thread/INFO] [CHAT] [Астроном] I ┃ scp22 [#127] » сколько уток на велории?
[15:33:38] [Client thread/INFO] [CHAT] [Гравитатор] erminal [#91] » 2
[15:33:39] [Client thread/INFO] [CHAT] [Туманник] MVP ┃ Deda_ [#59] » Что делать я дропере застрял когда его построило
[15:33:42] [Client thread/INFO] [CHAT] [Туманник] SASHA_2001 [#64] » там они не спят
[15:33:48] [Client thread/INFO] [CHAT] [Гравитатор] D ┃ xyz14 [#94] » /spawn
[15:33:51] [Client thread/INFO] [CHAT] onnixx_ [#?] » а где найти прокачку веток?:/
[15:33:55] [Client thread/INFO] [CHAT] [Космонавт] V+ ┃ tsevge [#305] » в ангаре есть паркур там чета есть или это просто паркур?
[15:33:57] [Client thread/INFO] [CHAT] [Астроном] G ┃ denavagame [#158] » миамораа
[15:34:08] [Client thread/INFO] [CHAT] [Исследователь] D ┃ PotomPridumayu [#248] » деталь какуют дали
[15:34:09] [Client thread/INFO] [CHAT] [Исследователь] kymitik [#258] » там деталька
[15:34:23] [Client thread/INFO] [CHAT] [Космонавт] V+ ┃ tsevge [#305] » я не могу этот паркур пройти аа
[15:34:32] [Client thread/ERROR] Error on handle event #BXBFw in Mod{name='SpaceTycoon', version='1.0.0+bc67650', persistent=false, delegate=a.a.d.a.a, modState=LOADED}
java.lang.IndexOutOfBoundsException: index: 70, length: 1 (expected: range(0, 70))
	at io.netty.buffer.AbstractByteBuf.checkRangeBounds(AbstractByteBuf.java:1390)
	at io.netty.buffer.AbstractByteBuf.checkIndex0(AbstractByteBuf.java:1397)
	at io.netty.buffer.AbstractUnpooledSlicedByteBuf.getBytes(AbstractUnpooledSlicedByteBuf.java:242)
	at io.netty.buffer.ReadOnlyByteBuf.getBytes(ReadOnlyByteBuf.java:270)
	at io.netty.buffer.ByteBufUtil.decodeString(ByteBufUtil.java:1151)
	at io.netty.buffer.AbstractByteBuf.toString(AbstractByteBuf.java:1246)
	at dev.xdark.feder.NetUtil.readString0(NetUtil.java:833)
	at dev.xdark.feder.NetUtil.readUtf8(NetUtil.java:188)
	at SpaceTycoon-v1.0.0+bc67650//a.a.a.m.a.f(SourceFile:176)
	at SpaceTycoon-v1.0.0+bc67650//a.a.d.a.e.h.b.d(SourceFile:60)
	at SpaceTycoon-v1.0.0+bc67650//a.a.d.a.e.h.b.injectedLambda$d$3(SourceFile)
	at SpaceTycoon-v1.0.0+bc67650//a.a.a.m.a.b(SourceFile:58)
	at SpaceTycoon-v1.0.0+bc67650//a.a.a.m.a.injectedLambda$b$0(SourceFile)
	at #RaGIl.saYo(SourceFile:83)
	at #hvoSL.bBM(Unknown Source)
	at #hvoSL.accept(Unknown Source)
	at #ykMcj.slwQ(SourceFile:105)
	at #BrtKi.laL(Unknown Source)
	at #BrtKi.accept(Unknown Source)
	at #SmDYl.shof(SourceFile:59)
	at #vxdAh.blq(SourceFile)
	at #DRZva.smvZ(SourceFile:89)
	at #WblDI.sciG(SourceFile:100)
	at #DDMvh.hcz(SourceFile)
	at #GXpIT.slFh(SourceFile:75)
	at #acUkE.drn(SourceFile:650)
	at #qKRzt.skLS(Unknown Source:2396)
	at #hyWbW.satX(SourceFile:1837)
	at #RofNI.dB(SourceFile:43)
	at #GLnhB.run(SourceFile:32)
	at #GILEo.saUt(Unknown Source:40)
	at #sJuki.sfWB(SourceFile:11)
	at java.base/java.util.concurrent.FutureTask.run(Unknown Source)
	at #bfAok.sjvn(SourceFile:45)
	at #ptzkp.gXZ(SourceFile:52)
	at #gZdVe.sbpI(SourceFile:1466)
	at #UDDPE.sdDd(Unknown Source:1632)
	at #GMfdJ.sask(SourceFile:487)
	at net.minecraft.client.main.GameMain.iwR(SourceFile:220)
	at net.minecraft.client.main.GameMain.jtH(SourceFile:156)
	at #ZpHYL.i(Unknown Source)
	at #ZpHYL.run(Unknown Source)
	at java.base/java.lang.Thread.run(Unknown Source)
[15:34:33] [Client thread/INFO] [CHAT] [Исследователь] D ┃ PotomPridumayu [#248] » флай купи)
[15:34:54] [Client thread/INFO] [CHAT] [Астроном] H ┃ SKIN4IK  [#129] » кто сказал что хелперы афк
[15:34:58] [Client thread/INFO] [CHAT] [Космонавт] P ┃ Tveiv [#317] » я
[15:35:02] [Client thread/INFO] [CHAT] [Галактор] P ┃ NerdyDayZ [#21] » Ну по факту
[15:35:02] [Client thread/INFO] [CHAT] [Гравитатор] S ┃ Rusu_123 [#88] » Ой, папа пришла
[15:35:14] [Client thread/INFO] [CHAT] [Исследователь] kymitik [#258] » тут все об этом говорили
[15:35:15] [Client thread/INFO] [CHAT] [Астроном] G ┃ denavagame [#158] » папа пришла хаха
[15:35:20] [Client thread/INFO] [CHAT] [Астроном] H ┃ SKIN4IK  [#129] » Я и не уходил.
[15:35:20] [Client thread/INFO] [CHAT] [Гравитатор] S ┃ Rusu_123 [#88] » Здарова балбесина
[15:35:23] [Client thread/INFO] [CHAT] [Квазар] I ┃ HE_AKTEP [#40] » 1
[15:35:24] [Client thread/INFO] [CHAT] [Астроном] H ┃ SKIN4IK  [#129] » привет
[15:35:34] [Client thread/INFO] [CHAT] [Астроном] G ┃ denavagame [#158] » та конечно не уходил, в мут даже закинул
[15:35:40] [Client thread/ERROR] Error on handle event #BXBFw in Mod{name='SpaceTycoon', version='1.0.0+bc67650', persistent=false, delegate=a.a.d.a.a, modState=LOADED}
java.lang.IndexOutOfBoundsException: index: 70, length: 1 (expected: range(0, 70))
	at io.netty.buffer.AbstractByteBuf.checkRangeBounds(AbstractByteBuf.java:1390)
	at io.netty.buffer.AbstractByteBuf.checkIndex0(AbstractByteBuf.java:1397)
	at io.netty.buffer.AbstractUnpooledSlicedByteBuf.getBytes(AbstractUnpooledSlicedByteBuf.java:242)
	at io.netty.buffer.ReadOnlyByteBuf.getBytes(ReadOnlyByteBuf.java:270)
	at io.netty.buffer.ByteBufUtil.decodeString(ByteBufUtil.java:1151)
	at io.netty.buffer.AbstractByteBuf.toString(AbstractByteBuf.java:1246)
	at dev.xdark.feder.NetUtil.readString0(NetUtil.java:833)
	at dev.xdark.feder.NetUtil.readUtf8(NetUtil.java:188)
	at SpaceTycoon-v1.0.0+bc67650//a.a.a.m.a.f(SourceFile:176)
	at SpaceTycoon-v1.0.0+bc67650//a.a.d.a.e.h.b.d(SourceFile:60)
	at SpaceTycoon-v1.0.0+bc67650//a.a.d.a.e.h.b.injectedLambda$d$3(SourceFile)
	at SpaceTycoon-v1.0.0+bc67650//a.a.a.m.a.b(SourceFile:58)
	at SpaceTycoon-v1.0.0+bc67650//a.a.a.m.a.injectedLambda$b$0(SourceFile)
	at #RaGIl.saYo(SourceFile:83)
	at #hvoSL.bBM(Unknown Source)
	at #hvoSL.accept(Unknown Source)
	at #ykMcj.slwQ(SourceFile:105)
	at #BrtKi.laL(Unknown Source)
	at #BrtKi.accept(Unknown Source)
	at #SmDYl.shof(SourceFile:59)
	at #vxdAh.blq(SourceFile)
	at #DRZva.smvZ(SourceFile:89)
	at #WblDI.sciG(SourceFile:100)
	at #DDMvh.hcz(SourceFile)
	at #GXpIT.slFh(SourceFile:75)
	at #acUkE.drn(SourceFile:650)
	at #qKRzt.skLS(Unknown Source:2396)
	at #hyWbW.satX(SourceFile:1837)
	at #RofNI.dB(SourceFile:43)
	at #GLnhB.run(SourceFile:32)
	at #GILEo.saUt(Unknown Source:40)
	at #sJuki.sfWB(SourceFile:11)
	at java.base/java.util.concurrent.FutureTask.run(Unknown Source)
	at #bfAok.sjvn(SourceFile:45)
	at #ptzkp.gXZ(SourceFile:52)
	at #gZdVe.sbpI(SourceFile:1466)
	at #UDDPE.sdDd(Unknown Source:1632)
	at #GMfdJ.sask(SourceFile:487)
	at net.minecraft.client.main.GameMain.iwR(SourceFile:220)
	at net.minecraft.client.main.GameMain.jtH(SourceFile:156)
	at #ZpHYL.i(Unknown Source)
	at #ZpHYL.run(Unknown Source)
	at java.base/java.lang.Thread.run(Unknown Source)
[15:35:46] [Client thread/INFO] [CHAT] [Вечность] S ┃ CyFrodo [#1] » ура на след ивент фродо зайдет
[15:35:50] [Client thread/INFO] [CHAT] [Вечность] S ┃ CyFrodo [#1] » он проснулся
[15:35:56] [Client thread/INFO] [CHAT] [Гравитатор] S ┃ Rusu_123 [#88] » Окак
[15:36:01] [Client thread/INFO] [CHAT] [Сверхновая] V+ ┃ zxcdv_RU22 [#35] » Хелоу
[15:36:08] [Client thread/INFO] [STDOUT]: a.a.d.a.c.a.f.a.i@41354081
[15:36:10] [Network thread/INFO] Protocol upgrade mask: 157
[15:36:10] [Network thread/INFO] Upgrading protocol
[15:36:10] [Client thread/INFO] Invalidating server data
[15:36:10] [Client thread/INFO] Unloading mod Nebula/5a7ca25e-ea0e-743e-74bf-30c414312b0c
[15:36:10] [Client thread/INFO] Unloading mod SpaceTycoon/1b9b8ed4-61e3-2eb6-3981-ebba9f6e4402
[15:36:10] [Client thread/INFO] [STDOUT]: [Enginex v5.16.3 - Wada] [Wada/debug] reload requested: ServerSwitch
[15:36:10] [Client thread/INFO] [STDOUT]: [Enginex v5.16.3 - Wada] [Wada/debug] cleanAndReload begin: sessionId=6, awaitingHandshake=true
[15:36:10] [Client thread/INFO] [STDOUT]: [Enginex v5.16.3 - Wada] VAO support: true
[15:36:10] [Client thread/INFO] [STDOUT]: [Enginex v5.16.3 - Wada] Initialization with mod Wada
[15:36:10] [Client thread/INFO] [STDOUT]: [Enginex v5.16.3 - Wada] Successfully initialized
[15:36:10] [Client thread/INFO] Joining server Хаб #1
[15:36:10] [Client thread/INFO] Reloading ResourceManager: assets-addon.jar, Default
[15:36:10] [Client thread/WARN] Missing sound for event: minecraft:entity.turtle.ambient
[15:36:10] [Client thread/WARN] Missing sound for event: minecraft:entity.turtle.baby_hurt
[15:36:10] [Client thread/WARN] Missing sound for event: minecraft:entity.turtle.hurt
[15:36:10] [Client thread/WARN] Missing sound for event: minecraft:entity.turtle.baby_death
[15:36:10] [Client thread/WARN] Missing sound for event: minecraft:entity.turtle.death
[15:36:10] [Client thread/WARN] Missing sound for event: minecraft:entity.turtle.baby_step
[15:36:10] [Client thread/WARN] Missing sound for event: minecraft:entity.turtle.step
[15:36:10] [Client thread/WARN] Missing sound for event: minecraft:entity.turtle.swim
[15:36:10] [Client thread/WARN] Missing sound for event: minecraft:block.turtle_egg.crack
[15:36:10] [Client thread/WARN] Missing sound for event: minecraft:block.turtle_egg.egg_break
[15:36:10] [Client thread/WARN] Missing sound for event: minecraft:block.turtle_egg.fall
[15:36:10] [Client thread/WARN] Missing sound for event: minecraft:block.turtle_egg.hatch
[15:36:10] [Client thread/INFO] SoundSystem shutting down...
[15:36:10] [Client thread/WARN] Author: Paul Lamb, www.paulscode.com
[15:36:10] [Client thread/INFO] Starting up SoundSystem...
[15:36:10] [Thread-41/INFO] Initializing LWJGL OpenAL
[15:36:10] [Thread-41/INFO] (The LWJGL binding of OpenAL.  For more information, see http://www.lwjgl.org)
[15:36:10] [Thread-41/INFO] OpenAL audio device: OpenAL Soft on Динамики (MCHOSE V9 PRO)
[15:36:10] [Thread-41/INFO] OpenAL initialized.
[15:36:10] [Client thread/INFO] Sound engine reloaded
[15:36:11] [Client thread/INFO] Loaded mod HubMod/28bbbd24-2297-745a-f647-739982ab9f2f v1.4.5 in 11 ms
[15:36:11] [ForkJoinPool.commonPool-worker-7/WARN] Unable to load variant: axis=x from minecraft:lodestone#axis=x
[15:36:11] [ForkJoinPool.commonPool-worker-7/WARN] Unable to load variant: axis=y from minecraft:lodestone#axis=y
[15:36:11] [ForkJoinPool.commonPool-worker-7/WARN] Unable to load variant: axis=z from minecraft:lodestone#axis=z
[15:36:11] [ForkJoinPool.commonPool-worker-7/ERROR] Unable to load item model: 'minecraft:mcpatcher/cit/others/megumin_hat#inventory' for item: 'minecraft:mcpatcher/cit/others/megumin_hat'
[15:36:11] [ForkJoinPool.commonPool-worker-7/WARN] Unable to resolve texture due to upward reference: #cross in minecraft:models/block/chain.json
[15:36:11] [ForkJoinPool.commonPool-worker-7/WARN] Unable to resolve texture due to upward reference: #cross in minecraft:models/block/chain.json
[15:36:11] [ForkJoinPool.commonPool-worker-7/INFO] [OptiFine] Mipmap levels: 4
[15:36:11] [ForkJoinPool.commonPool-worker-7/INFO] [OptiFine] Multi-texturing: false
[15:36:11] [ForkJoinPool.commonPool-worker-7/INFO] [OptiFine] Multipass connected textures: false
[15:36:11] [ForkJoinPool.commonPool-worker-7/INFO] [OptiFine] BetterGrass: Parsing default configuration optifine/bettergrass.properties
[15:36:11] [ForkJoinPool.commonPool-worker-7/FATAL] [OptiFine] Scaled too small texture: minecraft:particles/glow_2, 8 -> 16
[15:36:11] [ForkJoinPool.commonPool-worker-7/FATAL] [OptiFine] Scaled too small texture: minecraft:particles/glow_1, 8 -> 16
[15:36:11] [ForkJoinPool.commonPool-worker-7/FATAL] [OptiFine] Scaled too small texture: minecraft:particles/glow_0, 8 -> 16
[15:36:11] [ForkJoinPool.commonPool-worker-7/FATAL] [OptiFine] Scaled too small texture: minecraft:particles/glow_6, 8 -> 16
[15:36:11] [ForkJoinPool.commonPool-worker-7/FATAL] [OptiFine] Scaled too small texture: minecraft:particles/glow_5, 8 -> 16
[15:36:11] [ForkJoinPool.commonPool-worker-7/FATAL] [OptiFine] Scaled too small texture: minecraft:particles/glow_4, 8 -> 16
[15:36:11] [ForkJoinPool.commonPool-worker-7/FATAL] [OptiFine] Scaled too small texture: minecraft:particles/glow_3, 8 -> 16
[15:36:11] [ForkJoinPool.commonPool-worker-7/FATAL] [OptiFine] Scaled too small texture: minecraft:particles/glow_9, 8 -> 16
[15:36:11] [ForkJoinPool.commonPool-worker-7/FATAL] [OptiFine] Scaled too small texture: minecraft:particles/glow_8, 8 -> 16
[15:36:11] [ForkJoinPool.commonPool-worker-7/FATAL] [OptiFine] Scaled too small texture: minecraft:particles/glow_7, 8 -> 16
[15:36:11] [ForkJoinPool.commonPool-worker-7/FATAL] [OptiFine] Scaled too small texture: minecraft:particles/glow_11, 8 -> 16
[15:36:11] [ForkJoinPool.commonPool-worker-7/FATAL] [OptiFine] Scaled too small texture: minecraft:particles/glow_10, 8 -> 16
[15:36:11] [ForkJoinPool.commonPool-worker-7/FATAL] [OptiFine] Scaled too small texture: minecraft:particles/glow_13, 8 -> 16
[15:36:11] [ForkJoinPool.commonPool-worker-7/FATAL] [OptiFine] Scaled too small texture: minecraft:particles/glow_12, 8 -> 16
[15:36:11] [ForkJoinPool.commonPool-worker-7/FATAL] [OptiFine] Scaled too small texture: minecraft:particles/glow_15, 8 -> 16
[15:36:11] [ForkJoinPool.commonPool-worker-7/FATAL] [OptiFine] Scaled too small texture: minecraft:particles/glow_14, 8 -> 16
[15:36:11] [ForkJoinPool.commonPool-worker-7/INFO] load sprites for 50ms
[15:36:11] [ForkJoinPool.commonPool-worker-7/INFO] Created: 1024x1024 textures-atlas in 80ms
[15:36:11] [ForkJoinPool.commonPool-worker-7/INFO] [DEBUG] Atlas assembly for 5.064ms
[15:36:11] [Client thread/INFO] [DEBUG] upload atlas for 1.898ms
[15:36:11] [Client thread/INFO] [DEBUG] Generate mipmaps for 0.004ms
[15:36:11] [Client thread/INFO] [OptiFine] Animated sprites: 0
[15:36:11] [Client thread/INFO] [OptiFine] CustomColors: Loading mcpatcher/color.properties
[15:36:11] [Client thread/INFO] Textures loaded for 1071.152ms
[15:36:11] [Client thread/INFO] Loaded mod Visual Driver/04a2cc9e-4862-869f-e5d4-68458026df6a v3.8.31+9da32142 in 5 ms
[15:36:14] [Client thread/INFO] [STDOUT]: [Enginex v5.16.3 - Wada] [Wada/debug] handshake complete (w4:load), awaitingHandshake=false, sessionId=6
[15:44:56] [Client thread/INFO] [CHAT] P ┃ Timyrmur Хаб #1 » это ради вб аркады выключили?
[15:45:01] [Client thread/INFO] [CHAT] P ┃ Timyrmur Хаб #1 » урааа
[15:45:02] [Client thread/WARN] Unknown bedrock format: void_fist.png.mcmeta
[15:46:14] [Client thread/INFO] [CHAT] Вы слишком долго бездействовали!
[15:46:14] [Network thread/INFO] Protocol upgrade mask: 157
[15:46:14] [Network thread/INFO] Upgrading protocol
[15:46:14] [Client thread/INFO] Invalidating server data
[15:46:14] [Client thread/INFO] Unloading mod Visual Driver/04a2cc9e-4862-869f-e5d4-68458026df6a
[15:46:14] [Client thread/INFO] Unloading mod HubMod/28bbbd24-2297-745a-f647-739982ab9f2f
[15:46:14] [Client thread/INFO] [STDOUT]: [Enginex v5.16.3 - Wada] [Wada/debug] reload requested: ServerSwitch
[15:46:14] [Client thread/INFO] Joining server Лимбо
[15:46:14] [Client thread/INFO] [STDOUT]: [Enginex v5.16.3 - Wada] [Wada/debug] cleanAndReload begin: sessionId=7, awaitingHandshake=true
[15:46:14] [Client thread/INFO] [STDOUT]: [Enginex v5.16.3 - Wada] VAO support: true
[15:46:14] [Client thread/INFO] [STDOUT]: [Enginex v5.16.3 - Wada] Initialization with mod Wada
[15:46:14] [Client thread/INFO] [STDOUT]: [Enginex v5.16.3 - Wada] Successfully initialized
[15:46:15] [Client thread/INFO] [STDOUT]: [Enginex v5.16.3 - Wada] [Wada/debug] handshake complete (w4:load), awaitingHandshake=false, sessionId=7
[15:56:54] [Network thread/INFO] Protocol upgrade mask: 157
[15:56:54] [Network thread/INFO] Upgrading protocol
[15:56:54] [Client thread/INFO] Invalidating server data
[15:56:54] [Client thread/INFO] [STDOUT]: [Enginex v5.16.3 - Wada] [Wada/debug] reload requested: ServerSwitch
[15:56:54] [Client thread/INFO] [STDOUT]: [Enginex v5.16.3 - Wada] [Wada/debug] cleanAndReload begin: sessionId=8, awaitingHandshake=true
[15:56:54] [Client thread/INFO] [STDOUT]: [Enginex v5.16.3 - Wada] VAO support: true
[15:56:54] [Client thread/INFO] [STDOUT]: [Enginex v5.16.3 - Wada] Initialization with mod Wada
[15:56:54] [Client thread/INFO] [STDOUT]: [Enginex v5.16.3 - Wada] Successfully initialized
[15:56:54] [Client thread/INFO] Joining server Хаб #2
[15:56:54] [Client thread/INFO] Loaded mod HubMod/28bbbd24-2297-745a-f647-739982ab9f2f v1.4.5 in 9 ms
[15:56:55] [Client thread/INFO] Loaded mod Visual Driver/04a2cc9e-4862-869f-e5d4-68458026df6a v3.8.31+9da32142 in 4 ms
[15:56:57] [Client thread/INFO] [STDOUT]: [Enginex v5.16.3 - Wada] [Wada/debug] handshake complete (w4:load), awaitingHandshake=false, sessionId=8
[15:56:59] [Network thread/INFO] Protocol upgrade mask: 157
[15:56:59] [Network thread/INFO] Upgrading protocol
[15:56:59] [Client thread/INFO] Invalidating server data
[15:56:59] [Client thread/INFO] Unloading mod Visual Driver/04a2cc9e-4862-869f-e5d4-68458026df6a
[15:56:59] [Client thread/INFO] Unloading mod HubMod/28bbbd24-2297-745a-f647-739982ab9f2f
[15:56:59] [Client thread/INFO] [STDOUT]: [Enginex v5.16.3 - Wada] [Wada/debug] reload requested: ServerSwitch
[15:56:59] [Client thread/INFO] Joining server SpaceTycoon Lobby
[15:56:59] [Client thread/INFO] Start loading of mod LobbyMod
[15:56:59] [Client thread/INFO] Loading classes of LobbyMod
[15:56:59] [Client thread/INFO] [STDOUT]: [Enginex v5.16.3 - Wada] [Wada/debug] cleanAndReload begin: sessionId=9, awaitingHandshake=true
[15:56:59] [ForkJoinPool.commonPool-worker-2/INFO] LobbyMod-v1.0.0+4ce128a: class verification completed in 1ms
[15:56:59] [ForkJoinPool.commonPool-worker-2/INFO] LobbyMod-v1.0.0+4ce128a: defineClasses completed in 0ms
[15:56:59] [ForkJoinPool.commonPool-worker-2/INFO] Loaded classes in mod LobbyMod in 3 ms
[15:56:59] [Client thread/INFO] [STDOUT]: [Enginex v5.16.3 - Wada] VAO support: true
[15:56:59] [Client thread/INFO] [STDOUT]: [Enginex v5.16.3 - Wada] Initialization with mod Wada
[15:56:59] [Client thread/INFO] [STDOUT]: [Enginex v5.16.3 - Wada] Successfully initialized
[15:56:59] [Client thread/INFO] Loading mod LobbyMod v1.0.0+4ce128a by Cristalix
[15:56:59] [Client thread/INFO] Loaded mod LobbyMod v1.0.0+4ce128a in 22 ms
[15:56:59] [Client thread/INFO] [STDOUT]: [Enginex v5.16.3 - Wada] [Wada/debug] handshake complete (w4:load), awaitingHandshake=false, sessionId=9
[15:56:59] [Network thread/INFO] Protocol upgrade mask: 157
[15:56:59] [Network thread/INFO] Upgrading protocol
[15:56:59] [Client thread/INFO] Invalidating server data
[15:56:59] [Client thread/INFO] Unloading mod LobbyMod/0dac68ea-ab0a-42df-6fe2-8101d4d499ed
[15:56:59] [Client thread/INFO] [STDOUT]: [Enginex v5.16.3 - Wada] [Wada/debug] reload requested: ServerSwitch
[15:56:59] [Client thread/INFO] [STDOUT]: [Enginex v5.16.3 - Wada] [Wada/debug] cleanAndReload begin: sessionId=10, awaitingHandshake=true
[15:56:59] [Client thread/INFO] [STDOUT]: [Enginex v5.16.3 - Wada] VAO support: true
[15:56:59] [Client thread/INFO] [STDOUT]: [Enginex v5.16.3 - Wada] Initialization with mod Wada
[15:56:59] [Client thread/INFO] [STDOUT]: [Enginex v5.16.3 - Wada] Successfully initialized
[15:57:00] [Client thread/INFO] Start loading of mod Nebula
[15:57:00] [Client thread/INFO] Loading classes of Nebula
[15:57:00] [Client thread/INFO] [CHAT] 
[15:57:00] [Client thread/INFO] [CHAT]  SpaceTycoon :re
[15:57:00] [Client thread/INFO] [CHAT] Твой бур создан, чтобы пронзить им небеса!
[15:57:00] [Client thread/INFO] [CHAT]   
[15:57:00] [Client thread/INFO] [CHAT]  Новости и космические приключения!\n t.me/spacetycoon_cristalix\n  
[15:57:00] [ForkJoinPool.commonPool-worker-2/INFO] Nebula-v1.0.0: class verification completed in 44ms
[15:57:00] [ForkJoinPool.commonPool-worker-2/INFO] Nebula-v1.0.0: defineClasses completed in 0ms
[15:57:00] [ForkJoinPool.commonPool-worker-2/INFO] Loaded classes in mod Nebula in 46 ms
[15:57:00] [Client thread/INFO] Loading mod Nebula v1.0.0 by Tensess
[15:57:00] [Client thread/INFO] [STDOUT]: [Enginex v5.13.1 - Nebula] VAO support: true
[15:57:00] [Client thread/INFO] [STDOUT]: [Enginex v5.13.1 - Nebula] Initialization with mod Nebula
[15:57:00] [Client thread/INFO] [STDOUT]: [Enginex v5.13.1 - Nebula] Successfully initialized
[15:57:00] [Client thread/INFO] Loaded mod Nebula v1.0.0 in 317 ms
[15:57:00] [Client thread/INFO] Joining server SpaceTycoon #1
[15:57:00] [voice-openal-speaker/ERROR] Voicechat sound manager ALC error: #JFuFV.smmQ[68] Invalid device
[15:57:00] [Client thread/INFO] [STDOUT]: [Enginex v5.16.3 - Wada] [Wada/debug] handshake complete (w4:load), awaitingHandshake=false, sessionId=10
[15:57:00] [Client thread/INFO] [STDOUT]: [Enginex v5.16.3 - Wada] [Wada/debug] handshake complete (w2:load), awaitingHandshake=false, sessionId=10
[15:57:00] [vc-microphone/INFO] Use OpenAL Soft on Микрофон (MCHOSE V9 PRO) as microphone
[15:57:00] [Client thread/ERROR] minecraft:models/ducks/duck_14.model is not found
[15:57:00] [Client thread/ERROR] minecraft:models/ducks/duck_14.model is not found
[15:57:00] [Client thread/ERROR] minecraft:models/ducks/duck_14.model is not found
[15:57:00] [vc-microphone/INFO] Microphone closed
[15:57:00] [Client thread/ERROR] minecraft:models/ducks/duck_14.model is not found
[15:57:00] [Client thread/ERROR] minecraft:models/ducks/duck_14.model is not found
[15:57:00] [Client thread/ERROR] minecraft:models/ducks/duck_14.model is not found
[15:57:00] [Client thread/ERROR] minecraft:models/ducks/duck_14.model is not found
[15:57:00] [Client thread/ERROR] minecraft:models/ducks/duck_14.model is not found
[15:57:00] [Client thread/ERROR] minecraft:models/ducks/duck_14.model is not found
[15:57:00] [Client thread/ERROR] minecraft:models/ducks/duck_14.model is not found
[15:57:00] [Client thread/ERROR] minecraft:models/ducks/duck_14.model is not found
[15:57:00] [Client thread/ERROR] minecraft:models/ducks/duck_14.model is not found
[15:57:00] [Client thread/ERROR] minecraft:models/ducks/duck_14.model is not found
[15:57:00] [Client thread/ERROR] minecraft:models/ducks/duck_14.model is not found
[15:57:00] [Client thread/ERROR] minecraft:models/ducks/duck_14.model is not found
[15:57:00] [Client thread/ERROR] minecraft:models/ducks/duck_14.model is not found
[15:57:00] [Client thread/ERROR] minecraft:models/ducks/duck_14.model is not found
[15:57:00] [Client thread/ERROR] minecraft:models/ducks/duck_14.model is not found
[15:57:00] [Client thread/ERROR] minecraft:models/ducks/duck_14.model is not found
[15:57:01] [Client thread/ERROR] minecraft:models/ducks/duck_14.model is not found
[15:57:01] [Client thread/ERROR] minecraft:models/ducks/duck_14.model is not found
[15:57:01] [Client thread/ERROR] minecraft:models/ducks/duck_14.model is not found
[15:57:01] [Client thread/ERROR] minecraft:models/ducks/duck_14.model is not found
[15:57:01] [Client thread/ERROR] minecraft:models/ducks/duck_14.model is not found
[15:57:01] [Client thread/ERROR] minecraft:models/ducks/duck_14.model is not found
[15:57:01] [Client thread/INFO] Start loading of mod SpaceTycoon
[15:57:01] [Client thread/INFO] Loading classes of SpaceTycoon
[15:57:01] [Client thread/ERROR] minecraft:models/ducks/duck_14.model is not found
[15:57:01] [Client thread/ERROR] minecraft:models/ducks/duck_14.model is not found
[15:57:01] [ForkJoinPool.commonPool-worker-4/INFO] SpaceTycoon-v1.0.0+bc67650: class verification completed in 40ms
[15:57:01] [ForkJoinPool.commonPool-worker-4/INFO] SpaceTycoon-v1.0.0+bc67650: defineClasses completed in 0ms
[15:57:01] [ForkJoinPool.commonPool-worker-4/INFO] Loaded classes in mod SpaceTycoon in 43 ms
[15:57:01] [Client thread/ERROR] minecraft:models/ducks/duck_14.model is not found
[15:57:01] [Client thread/INFO] Loading mod SpaceTycoon v1.0.0+bc67650 by Tensess
[15:57:01] [Client thread/INFO] [STDOUT]: [Enginex v5.13.10 - SpaceTycoon] VAO support: true
[15:57:01] [Client thread/INFO] [STDOUT]: [Enginex v5.13.10 - SpaceTycoon] Initialization with mod SpaceTycoon
[15:57:01] [Client thread/INFO] [STDOUT]: [Enginex v5.13.10 - SpaceTycoon] Successfully initialized
[15:57:01] [Client thread/INFO] Loaded mod SpaceTycoon v1.0.0+bc67650 in 322 ms
[15:57:01] [Client thread/ERROR] minecraft:models/ducks/duck_14.model is not found
[15:57:01] [Client thread/INFO] [CHAT]  \ni До начала Астероидной битвы осталось 3м!\n 
[15:57:01] [Client thread/INFO] Found file C:\Users\tveiv\.cristalix\updates\Minigames\server-resource-packs\abaeec9de03b9ca0ef11734796cdfd0e1b99b1d3 matching requested hash e82c84993c8292e952bdff2dd9f03d35ada0c86b
[15:57:01] [Client thread/INFO] Cache hit
[15:57:01] [Client thread/INFO] Reloading ResourceManager: assets-addon.jar, Default, abaeec9de03b9ca0ef11734796cdfd0e1b99b1d3
[15:57:01] [Client thread/WARN] Missing sound for event: minecraft:entity.turtle.ambient
[15:57:01] [Client thread/WARN] Missing sound for event: minecraft:entity.turtle.baby_hurt
[15:57:01] [Client thread/WARN] Missing sound for event: minecraft:entity.turtle.hurt
[15:57:01] [Client thread/WARN] Missing sound for event: minecraft:entity.turtle.baby_death
[15:57:01] [Client thread/WARN] Missing sound for event: minecraft:entity.turtle.death
[15:57:01] [Client thread/WARN] Missing sound for event: minecraft:entity.turtle.baby_step
[15:57:01] [Client thread/WARN] Missing sound for event: minecraft:entity.turtle.step
[15:57:01] [Client thread/WARN] Missing sound for event: minecraft:entity.turtle.swim
[15:57:01] [Client thread/WARN] Missing sound for event: minecraft:block.turtle_egg.crack
[15:57:01] [Client thread/WARN] Missing sound for event: minecraft:block.turtle_egg.egg_break
[15:57:01] [Client thread/WARN] Missing sound for event: minecraft:block.turtle_egg.fall
[15:57:01] [Client thread/WARN] Missing sound for event: minecraft:block.turtle_egg.hatch
[15:57:01] [Client thread/INFO] SoundSystem shutting down...
[15:57:01] [Client thread/WARN] Author: Paul Lamb, www.paulscode.com
[15:57:01] [Client thread/INFO] Starting up SoundSystem...
[15:57:01] [Thread-49/INFO] Initializing LWJGL OpenAL
[15:57:01] [Thread-49/INFO] (The LWJGL binding of OpenAL.  For more information, see http://www.lwjgl.org)
[15:57:01] [Thread-49/INFO] OpenAL audio device: OpenAL Soft on Динамики (MCHOSE V9 PRO)
[15:57:01] [Thread-49/INFO] OpenAL initialized.
[15:57:01] [Client thread/INFO] Sound engine reloaded
[15:57:02] [ForkJoinPool.commonPool-worker-5/WARN] Unable to load variant: axis=x from minecraft:lodestone#axis=x
[15:57:02] [ForkJoinPool.commonPool-worker-5/WARN] Unable to load variant: axis=y from minecraft:lodestone#axis=y
[15:57:02] [ForkJoinPool.commonPool-worker-5/WARN] Unable to load variant: axis=z from minecraft:lodestone#axis=z
[15:57:02] [ForkJoinPool.commonPool-worker-5/WARN] [OptiFine] mcpatcher/cit/asteroid/laser_gun.properties > Item not found: wood_hoe (wood_hoe)
[15:57:02] [ForkJoinPool.commonPool-worker-5/ERROR] Unable to load item model: 'minecraft:mcpatcher/cit/others/megumin_hat#inventory' for item: 'minecraft:mcpatcher/cit/others/megumin_hat'
[15:57:02] [ForkJoinPool.commonPool-worker-5/WARN] Unable to resolve texture due to upward reference: #cross in minecraft:models/block/chain.json
[15:57:02] [ForkJoinPool.commonPool-worker-5/WARN] Unable to resolve texture due to upward reference: #cross in minecraft:models/block/chain.json
[15:57:02] [ForkJoinPool.commonPool-worker-5/INFO] [OptiFine] Mipmap levels: 4
[15:57:02] [ForkJoinPool.commonPool-worker-5/INFO] [OptiFine] Multi-texturing: false
[15:57:02] [ForkJoinPool.commonPool-worker-5/INFO] [OptiFine] Multipass connected textures: false
[15:57:02] [ForkJoinPool.commonPool-worker-5/INFO] [OptiFine] BetterGrass: Parsing default configuration optifine/bettergrass.properties
[15:57:02] [ForkJoinPool.commonPool-worker-5/FATAL] [OptiFine] Scaled too small texture: minecraft:particles/glow_2, 8 -> 16
[15:57:02] [ForkJoinPool.commonPool-worker-5/FATAL] [OptiFine] Scaled too small texture: minecraft:particles/glow_1, 8 -> 16
[15:57:02] [ForkJoinPool.commonPool-worker-5/FATAL] [OptiFine] Scaled too small texture: minecraft:particles/glow_0, 8 -> 16
[15:57:02] [ForkJoinPool.commonPool-worker-5/FATAL] [OptiFine] Scaled too small texture: minecraft:particles/glow_6, 8 -> 16
[15:57:02] [ForkJoinPool.commonPool-worker-5/FATAL] [OptiFine] Scaled too small texture: minecraft:particles/glow_5, 8 -> 16
[15:57:02] [ForkJoinPool.commonPool-worker-5/FATAL] [OptiFine] Scaled too small texture: minecraft:particles/glow_4, 8 -> 16
[15:57:02] [ForkJoinPool.commonPool-worker-5/FATAL] [OptiFine] Scaled too small texture: minecraft:particles/glow_3, 8 -> 16
[15:57:02] [ForkJoinPool.commonPool-worker-5/FATAL] [OptiFine] Scaled too small texture: minecraft:particles/glow_9, 8 -> 16
[15:57:02] [ForkJoinPool.commonPool-worker-5/FATAL] [OptiFine] Scaled too small texture: minecraft:particles/glow_8, 8 -> 16
[15:57:02] [ForkJoinPool.commonPool-worker-5/FATAL] [OptiFine] Scaled too small texture: minecraft:particles/glow_7, 8 -> 16
[15:57:02] [ForkJoinPool.commonPool-worker-5/ERROR] Error with minecraft:mcpatcher/cit/casino/casino_card_and_token.png
java.lang.RuntimeException: broken aspect ratio and not an animation
	at #kOyVX.snaN(SourceFile:355)
	at #rwMAC.skyr(SourceFile:220)
	at #jbWsw.shok(SourceFile:616)
	at #pUFjH.siZB(SourceFile:150)
	at #BrjMY.slAk(SourceFile:992)
	at #TfJft.sglB(SourceFile:133)
	at #xWFjz.saEf(SourceFile:71)
	at #fLygu.bqe(Unknown Source)
	at #fLygu.run(Unknown Source)
	at java.base/java.util.concurrent.ForkJoinTask$RunnableExecuteAction.compute(Unknown Source)
	at java.base/java.util.concurrent.ForkJoinTask$InterruptibleTask.exec(Unknown Source)
	at java.base/java.util.concurrent.ForkJoinTask.doExec(Unknown Source)
	at java.base/java.util.concurrent.ForkJoinPool$WorkQueue.topLevelExec(Unknown Source)
	at java.base/java.util.concurrent.ForkJoinPool.runWorker(Unknown Source)
	at java.base/java.util.concurrent.ForkJoinWorkerThread.run(Unknown Source)
[15:57:02] [ForkJoinPool.commonPool-worker-5/FATAL] [OptiFine] Scaled too small texture: minecraft:particles/glow_11, 8 -> 16
[15:57:02] [ForkJoinPool.commonPool-worker-5/FATAL] [OptiFine] Scaled too small texture: minecraft:particles/glow_10, 8 -> 16
[15:57:02] [ForkJoinPool.commonPool-worker-5/FATAL] [OptiFine] Scaled too small texture: minecraft:particles/glow_13, 8 -> 16
[15:57:02] [ForkJoinPool.commonPool-worker-5/FATAL] [OptiFine] Scaled too small texture: minecraft:particles/glow_12, 8 -> 16
[15:57:02] [ForkJoinPool.commonPool-worker-5/FATAL] [OptiFine] Scaled too small texture: minecraft:particles/glow_15, 8 -> 16
[15:57:02] [ForkJoinPool.commonPool-worker-5/FATAL] [OptiFine] Scaled too small texture: minecraft:particles/glow_14, 8 -> 16
[15:57:02] [ForkJoinPool.commonPool-worker-5/INFO] load sprites for 58ms
[15:57:02] [ForkJoinPool.commonPool-worker-5/INFO] Created: 2048x1024 textures-atlas in 96ms
[15:57:03] [ForkJoinPool.commonPool-worker-5/INFO] [DEBUG] Atlas assembly for 5.841ms
[15:57:03] [Client thread/INFO] [DEBUG] upload atlas for 3.543ms
[15:57:03] [Client thread/INFO] [DEBUG] Generate mipmaps for 0.004ms
[15:57:03] [Client thread/INFO] [OptiFine] Animated sprites: 0
[15:57:03] [Client thread/INFO] [OptiFine] CustomColors: Loading mcpatcher/color.properties
[15:57:03] [Client thread/INFO] Textures loaded for 1246.066ms
[15:58:00] [Client thread/INFO] [CHAT]  \ni До начала Астероидной битвы осталось 2м!\n 
[15:58:29] [Client thread/INFO] [CHAT] [Вечность] LS ┃ papo4ka_v_dubae [#2] » tatosha
[15:58:38] [Client thread/INFO] [CHAT] [Вечность] LS ┃ papo4ka_v_dubae [#2] » мне тестерку забанила core
[15:58:42] [Client thread/INFO] [CHAT] [Астероид] xmizz [#54] » хех
[15:58:44] [Client thread/INFO] [CHAT] [Цивилизатор] LS ┃ Hiccups [#4] » хаха
[15:59:00] [Client thread/INFO] [CHAT]  \ni До начала Астероидной битвы осталось 1м!\n 
[15:59:03] [Client thread/INFO] [CHAT] [Созвездие] snouvik [#450] » а где деталь от корабля взять
[15:59:24] [Client thread/INFO] [CHAT] [Пульсар] MVP+ ┃ MidnightSolitude [#14] » 8 апов в скорость бега
[15:59:29] [Client thread/INFO] [CHAT] V ┃ teplice [#?] » норм
[15:59:30] [Client thread/INFO] [CHAT] [Спутник] P ┃ _ЛюбитеКотиков_ [#7] » крутой пет
[15:59:37] [Client thread/INFO] [CHAT] [Комета] kymitik [#235] » а как в битву зайти то
[15:59:38] [Client thread/INFO] [CHAT] [Пульсар] MVP+ ┃ MidnightSolitude [#14] » а потом кто-то говорит качай петов!!
[15:59:41] [Client thread/INFO] [CHAT] [Пульсар] MVP+ ┃ MidnightSolitude [#14] » 50 92 -22 нпс для битв и постройки корабля. В битвы можно зайти в каждый четный час с 00 по 30мин
[15:59:41] [Client thread/INFO] [CHAT] [Вечность] LS ┃ papo4ka_v_dubae [#2] » а на кого обжал писать
[15:59:45] [Client thread/INFO] [CHAT] [Вечность] LS ┃ papo4ka_v_dubae [#2] » на Core?
[15:59:45] [Client thread/INFO] [CHAT] [Гравитатор] Kvester_ [#82] » мне ласт утка осталась)
[15:59:50] [Client thread/INFO] [CHAT] [Пульсар] MVP+ ┃ MidnightSolitude [#14] » Да
[15:59:51] [Client thread/INFO] [CHAT] [Спутник] P ┃ _ЛюбитеКотиков_ [#7] » да
[15:59:55] [Client thread/INFO] [CHAT] [Спутник] P ┃ _ЛюбитеКотиков_ [#7] » на консольку
[15:59:56] [Client thread/INFO] [CHAT] [Гравитатор] S ┃ Rusu_123 [#93] » Конечно
[15:59:58] [Client thread/INFO] [CHAT] [Цивилизатор] LS ┃ Hiccups [#4] » Ток это бесполезно
[16:00:00] [Client thread/INFO] [CHAT]  \ni Астероидная битва началась! Успейте зарегистрироваться в очередь!\n 
[16:00:05] [Client thread/INFO] [CHAT] [Вечность] LS ┃ papo4ka_v_dubae [#2] » поч
[16:00:09] [Client thread/INFO] [CHAT] [Астроном] G ┃ denavagame [#125] » как зарегаться
[16:00:12] [Client thread/INFO] [CHAT] [Цивилизатор] LS ┃ Hiccups [#4] » Ну Кора не обжалуется обычно
[16:00:19] [Client thread/INFO] [CHAT] [Пульсар] MVP+ ┃ MidnightSolitude [#14] » Открыть глаза denavagame
[16:00:20] [Client thread/INFO] [CHAT] [Астроном] G ┃ denavagame [#125] » в битву
[16:00:26] [Client thread/INFO] [CHAT] [Вечность] LS ┃ papo4ka_v_dubae [#2] » весело
[16:00:43] [Client thread/INFO] [CHAT] [Вечность] LS ┃ papo4ka_v_dubae [#2] » рил 3.1
[16:00:54] [Client thread/INFO] [CHAT] V ┃ AmirYTlogin [#?] » вы че тут играете
[16:00:56] [Client thread/INFO] [CHAT] [Созвездие] I ┃ Oxayo_love15 [#?] » почему ангар закрыт?
[16:00:56] [Client thread/INFO] [CHAT] [Астроном] G ┃ denavagame [#125] » открыл, дальше?
[16:01:02] [Client thread/INFO] [CHAT] [Пульсар] MVP+ ┃ MidnightSolitude [#14] » ЧО
[16:01:07] [Client thread/INFO] [CHAT] [Гравитатор] S ┃ Rusu_123 [#93] » Называется ё-моё шо ж я сделал
[16:01:09] [Client thread/INFO] [CHAT] [Пульсар] MVP+ ┃ MidnightSolitude [#14] » Я думал ты пошутил
[16:02:32] [Client thread/INFO] [CHAT] [Комета] kymitik [#233] » а че в битве нужно будет делать то
[16:02:46] [Client thread/INFO] [CHAT] [Гравитатор] S ┃ Rusu_123 [#94] » Макаку убить
[16:03:05] [Client thread/INFO] [CHAT] [Пульсар] MVP+ ┃ MidnightSolitude [#14] » Убивать топеров можно в битвах
[16:03:06] [Client thread/INFO] [CHAT] [Комета] kymitik [#233] » какой ник у нее
[16:03:22] [Client thread/INFO] [CHAT] [Пульсар] MVP+ ┃ MidnightSolitude [#14] » papo4ka_v_dubae
[16:03:23] [Client thread/INFO] [CHAT] [Звездочет] S ┃ Rusu_123 [#94] » +rb
[16:03:23] [Client thread/INFO] [CHAT] V ┃ AmirYTlogin [#?] » как с другом на одной карте или мире играть?
[16:03:30] [Client thread/INFO] [CHAT] [Пульсар] MVP+ ┃ MidnightSolitude [#14] » И Kendelu чотатам
[16:03:35] [Client thread/INFO] [CHAT] [Пульсар] MVP+ ┃ MidnightSolitude [#14] » Никак
[16:03:39] [Client thread/INFO] [CHAT] [Пульсар] H ┃ Existl1oudlu [#17] » миднааайт
[16:03:44] [Client thread/INFO] [CHAT] [Пульсар] H ┃ Existl1oudlu [#17] » я сейчас уже усну
[16:03:46] [Client thread/INFO] [CHAT] V ┃ AmirYTlogin [#?] » как никак
[16:03:59] [Client thread/INFO] [CHAT] [Комета] kymitik [#233] » а че когда битва начинаеться?
[16:04:00] [Client thread/INFO] [CHAT] [Пульсар] MVP+ ┃ MidnightSolitude [#14] » Правильно, спм
[16:04:05] [Client thread/INFO] [CHAT] [Пульсар] MVP+ ┃ MidnightSolitude [#14] » Уже битва идет
[16:05:22] [Client thread/INFO] [CHAT] [Созвездие] maksim_7828 [#?] » как ангар открыть?
[16:05:58] [Client thread/INFO] [CHAT] [Комета] D ┃ DANITOP2123 [#222] » что лучке качать в улучшениях?
[16:06:05] [Client thread/INFO] [CHAT] [Звездочет] S ┃ Rusu_123 [#94] » Левую ветку
[16:06:22] [Client thread/INFO] [CHAT] [Созвездие] maksim_7828 [#?] » как ангар открыть?
[16:06:35] [Client thread/INFO] [CHAT] [Исследователь] P ┃ _haze [#261] » я только начал играть, еще не особо догоняю, но почему левая ветка лкчше правой?
[16:07:12] [Client thread/INFO] [CHAT] [Созвездие] HE ┃ Kilah_ [#375] » прикольный режимчик
[16:07:18] [Client thread/INFO] [CHAT] BerLoga_Mishki [#?] » угу
[16:08:26] [Client thread/INFO] [CHAT] [Комета] kymitik [#225] » че как дела у вас
[16:08:35] [Client thread/INFO] [CHAT] [Пульсар] H ┃ Existl1oudlu [#17] » 200
[16:08:43] [Client thread/INFO] [CHAT] [Звездочет] S ┃ Rusu_123 [#79] » Понял
[16:08:44] [Client thread/INFO] [CHAT] [Комета] kymitik [#225] » услышал
[16:08:54] [Client thread/INFO] [CHAT] [Пульсар] H ┃ Existl1oudlu [#17] » 58 часов без сна
[16:08:59] [Client thread/INFO] [CHAT] [Пульсар] H ┃ Existl1oudlu [#17] » если я уже не путаю
[16:09:10] [Client thread/INFO] [CHAT] [Комета] kymitik [#225] » с какой целью не спишь?
[16:09:11] [Client thread/INFO] [CHAT] [Звездочет] S ┃ Rusu_123 [#79] » Покойся с миром
[16:09:22] [Client thread/INFO] [CHAT] [Пульсар] MVP+ ┃ MidnightSolitude [#14] » Так хелперам низя спать
[16:09:26] [Client thread/INFO] [CHAT] [Созвездие] HE ┃ Kilah_ [#375] » что тут в донатике прикупить?
[16:09:26] [Client thread/INFO] [CHAT] [Пульсар] H ┃ Existl1oudlu [#17] » сам не знаю
[16:09:39] [Client thread/INFO] [CHAT] [Пульсар] MVP+ ┃ MidnightSolitude [#14] » Всё можешь купить
[16:09:45] [Client thread/INFO] [CHAT] [Созвездие] HE ┃ Kilah_ [#375] » не могу :(
[16:10:15] [Client thread/INFO] [CHAT] V ┃ teplice [#?] » юрги
[16:10:17] [Client thread/INFO] [CHAT] [Комета] kymitik [#225] » с какой целью не спишь?
[16:10:22] [Client thread/INFO] [CHAT] [Комета] kymitik [#225] » ой
[16:10:32] [Client thread/INFO] [CHAT] [Пульсар] MVP+ ┃ MidnightSolitude [#14] » Ну тогда не покупай всё
[16:10:32] [Client thread/INFO] [CHAT] [Пульсар] H ┃ Existl1oudlu [#17] » нт
[16:10:49] [Client thread/INFO] [CHAT] [Спутник] P ┃ _ЛюбитеКотиков_ [#7] » ого
[16:10:52] [Client thread/INFO] [CHAT] [Астроном] MVP+ ┃ CrazyYtka_ [#127] » d
[16:10:55] [Client thread/INFO] [CHAT] [Спутник] P ┃ _ЛюбитеКотиков_ [#7] » 2 орндж не хватило
[16:10:57] [Client thread/INFO] [CHAT] V ┃ CrazyYtk [#?] » А
[16:10:57] [Client thread/INFO] [CHAT] [Туманник] G ┃ Kripsot [#63] » Зачем утки нужны?
[16:11:12] [Client thread/INFO] [CHAT] [Астроном] G ┃ denavagame [#123] » 123
[16:11:14] [Client thread/INFO] [CHAT] [Пульсар] H ┃ Existl1oudlu [#17] » открыть кейс с аурой
[16:11:21] [Client thread/INFO] [CHAT] [Созвездие] Anonimys226 [#?] » п
[16:11:42] [Client thread/INFO] [CHAT] [Странник] MVP+ ┃ madara38irk [#194] » чо за токены?
[16:12:00] [Client thread/INFO] [CHAT] [Астроном] G ┃ denavagame [#122] » рил для чо токен
[16:12:10] [Client thread/INFO] [CHAT] [Пульсар] MVP+ ┃ MidnightSolitude [#14] » Казик
[16:12:24] [Client thread/INFO] [CHAT] [Астроном] G ┃ denavagame [#122] » осуждаю запрещено в рф кста
[16:12:31] [Client thread/INFO] [CHAT] [Космонавт] snouvik [#362] » дааааааааа
[16:13:16] [Client thread/INFO] [CHAT] [Гравитатор] I ┃ scp22 [#103] » сколько уток на велории?
[16:13:21] [Client thread/INFO] [CHAT] [Астроном] MVP+ ┃ CrazyYtka_ [#124] » 3
[16:13:23] [Client thread/INFO] [CHAT] [Пульсар] H ┃ Existl1oudlu [#16] » 3
[16:13:31] [Client thread/INFO] [CHAT] [Цивилизатор] LS ┃ Hiccups [#4] » Чо за ложб
[16:13:37] [Client thread/INFO] [CHAT] D ┃ SirAlastorik [#?] » а скок вайпу
[16:13:42] [Client thread/INFO] [CHAT] [Астроном] MVP+ ┃ CrazyYtka_ [#124] » на форуме написано 3
[16:13:52] [Client thread/INFO] [CHAT] [Цивилизатор] LS ┃ Hiccups [#4] » На Велории 2 на Пульсаре 3
[16:13:53] [Client thread/INFO] [CHAT] [Пульсар] H ┃ Existl1oudlu [#16] » там 3
[16:13:57] [Client thread/INFO] [CHAT] [Астроном] MVP+ ┃ CrazyYtka_ [#124] » а соррян
[16:14:13] [Client thread/INFO] [CHAT] [Пульсар] H ┃ Existl1oudlu [#16] » вот че вы меня путаете, я сам не свой
[16:14:15] [Client thread/INFO] [CHAT] [Пульсар] H ┃ Existl1oudlu [#16] » емае
[16:14:24] [Client thread/INFO] [CHAT] [Звездочет] S ┃ Rusu_123 [#79] » Иди спи
[16:14:26] [Client thread/INFO] [CHAT] [Пульсар] H ┃ Existl1oudlu [#16] » я помню кряков собирал
[16:14:27] [Client thread/INFO] [CHAT] i Бустер монет от D ┃ PotomPridumayu закончился!
[16:14:29] [Client thread/INFO] [CHAT] [Пульсар] H ┃ Existl1oudlu [#16] » сегодня
[16:14:31] [Client thread/INFO] [CHAT] i Бустер дропперов от D ┃ PotomPridumayu закончился!
[16:14:33] [Client thread/INFO] [CHAT] [Астроном] G ┃ denavagame [#122] » Ммур
[16:14:34] [Client thread/INFO] [CHAT] i Бустер конвейеров от D ┃ PotomPridumayu закончился!
[16:14:41] [Client thread/INFO] [CHAT] [Комета] kymitik [#222] » нт
[16:14:46] [Client thread/INFO] [CHAT] [Пульсар] H ┃ Existl1oudlu [#16] » Rusu_123 скоро пойду
[16:14:48] [Client thread/INFO] [CHAT] D ┃ PotomPridumayu активировал Бустер монет x1.5.
[16:14:51] [Client thread/INFO] [CHAT] D ┃ PotomPridumayu активировал Бустер дропперов x1.5.
[16:14:54] [Client thread/INFO] [CHAT] [Союз] MVP+ ┃ MidnightSolitude [#14] » Не надо спать
[16:14:54] [Client thread/INFO] [CHAT] D ┃ PotomPridumayu активировал Бустер конвейеров x1.5.
[16:14:56] [Client thread/INFO] [CHAT] [Пульсар] H ┃ Existl1oudlu [#16] » о бусты, спать не идем
[16:14:58] [Client thread/INFO] [CHAT] [Союз] MVP+ ┃ MidnightSolitude [#14] » Сон для слабых.
[16:14:59] [Client thread/INFO] [CHAT] [Комета] kymitik [#222] » дай бог тебе счастья
[16:15:04] [Client thread/INFO] [CHAT] [Звездочет] S ┃ Rusu_123 [#79] » Вот теперь сон для слабых
[16:16:12] [Client thread/INFO] [CHAT] [Звездочет] S ┃ Rusu_123 [#79] » Шпион падла
[16:16:26] [Client thread/INFO] [CHAT] [Комета] kymitik [#222] » ты про меня?
[16:16:45] [Client thread/INFO] [CHAT] [Звездочет] S ┃ Rusu_123 [#79] » Ты шпион?
[16:16:53] [Client thread/INFO] [CHAT] [Комета] kymitik [#221] » немного
[16:17:10] [Client thread/INFO] [CHAT] [Звездочет] S ┃ Rusu_123 [#79] » Ко мне не ходи пожалуйста
[16:17:28] [Client thread/INFO] [CHAT] [Комета] kymitik [#221] » постараюсь
[16:17:38] [Client thread/INFO] [CHAT] [Пульсар] H ┃ Existl1oudlu [#15] » миднайт игнорщик 100
[16:18:22] [Client thread/INFO] [CHAT] [Союз] MVP+ ┃ MidnightSolitude [#13] » я ушел прост
[16:18:25] [Client thread/INFO] [CHAT] [Пульсар] H ┃ Existl1oudlu [#15] » 11ч54м без остановки играю емае
[16:18:25] [Client thread/INFO] [CHAT] [Союз] MVP+ ┃ MidnightSolitude [#13] » ПОЧ я 200 то
[16:18:39] [Client thread/INFO] [CHAT] [Странник] D ┃ PotomPridumayu [#206] » помянем
[16:18:41] [Client thread/INFO] [CHAT] [Звездочет] S ┃ Rusu_123 [#79] » Я десятый час
[16:18:58] [Client thread/INFO] [CHAT] [Пульсар] H ┃ Existl1oudlu [#15] » т по доходу чекни
[16:19:14] [Client thread/INFO] [CHAT] [Союз] MVP+ ┃ MidnightSolitude [#13] » и чо
[16:19:19] [Client thread/INFO] [CHAT] [Пульсар] H ┃ Existl1oudlu [#15] » ну как че
[16:19:20] [Client thread/INFO] [CHAT] [Пульсар] H ┃ Existl1oudlu [#15] » 200
[16:19:24] [Client thread/INFO] [CHAT] [Звездочет] S ┃ Rusu_123 [#79] » Ну балбес чо
[16:19:26] [Client thread/INFO] [CHAT] [Союз] MVP+ ┃ MidnightSolitude [#13] » не понял
[16:19:38] [Client thread/INFO] [CHAT] [Пульсар] H ┃ Existl1oudlu [#15] » сколько вы еще бусты кидать будете
[16:19:41] [Client thread/INFO] [CHAT] [Пульсар] H ┃ Existl1oudlu [#15] » когда я спать пойду
[16:19:57] [Client thread/INFO] [CHAT] [Звездочет] S ┃ Rusu_123 [#79] » Когда 200 станешь по настоящему
[16:20:04] [Client thread/INFO] [CHAT] [Пульсар] H ┃ Existl1oudlu [#15] » когда это будет
[16:20:15] [Client thread/INFO] [CHAT] [Звездочет] S ┃ Rusu_123 [#79] » Через полчаса
[16:20:22] [Client thread/INFO] [CHAT] [Звездочет] S ┃ Rusu_123 [#79] » Бустики кончатся
[16:20:23] [Client thread/INFO] [CHAT] [Странник] koLLi3 [#180] » хахах 200
[16:20:26] [Client thread/INFO] [CHAT] [Странник] koLLi3 [#180] » ну вы поняли типо
[16:20:26] [Client thread/INFO] [CHAT] [Пульсар] H ┃ Existl1oudlu [#15] » заинтриговал
[16:20:30] [Client thread/INFO] [CHAT] [Странник] koLLi3 [#180] » человек 200
[16:20:36] [Client thread/INFO] [CHAT] [Странник] koLLi3 [#180] » хахаах
[16:20:42] [Client thread/INFO] [CHAT] [Странник] koLLi3 [#180] » шутканул братан
[16:20:46] [Client thread/INFO] [CHAT] [Пульсар] H ┃ Existl1oudlu [#15] » не понял.
[16:20:47] [Client thread/INFO] [CHAT] [Звездочет] S ┃ Rusu_123 [#79] » Блин, смешно, правда
[16:21:02] [Client thread/INFO] [CHAT] [Пульсар] H ┃ Existl1oudlu [#15] » я саву слышу
[16:21:13] [Client thread/INFO] [CHAT] [Звездочет] S ┃ Rusu_123 [#79] » Всё случилось гораздо раньше
[16:21:14] [Client thread/INFO] [CHAT] [Пульсар] H ┃ Existl1oudlu [#15] » ниче себе
[16:21:22] [Client thread/INFO] [CHAT] [Гравитатор] I ┃ scp22 [#102] » а в каких секциях на велории утки?
[16:21:27] [Client thread/INFO] [CHAT] [Экзопланет] Savva2 [#31] » меня?
[16:21:27] [Client thread/INFO] [CHAT] [Пульсар] H ┃ Existl1oudlu [#15] » че то под ухо "у-у"
[16:21:38] [Client thread/INFO] [CHAT] [Пульсар] H ┃ Existl1oudlu [#15] » а я все слышу и слышу
[16:21:38] [Client thread/INFO] [CHAT] [Странник] koLLi3 [#180] » на борьбе, карате
[16:21:46] [Client thread/INFO] [CHAT] [Звездочет] S ┃ Rusu_123 [#79] » Карлсон что ли
[16:21:50] [Client thread/INFO] [CHAT] [Пульсар] H ┃ Existl1oudlu [#15] » руся я уже 200?
[16:22:12] [Client thread/INFO] [CHAT] [Звездочет] S ┃ Rusu_123 [#78] » Свет перед собой видишь?
[16:22:15] [Client thread/INFO] [CHAT] [Пульсар] H ┃ Existl1oudlu [#15] » голова болит емаее.
[16:22:24] [Client thread/INFO] [CHAT] [Странник] kymitik [#209] » не болей
[16:22:25] [Client thread/INFO] [CHAT] [Пульсар] H ┃ Existl1oudlu [#15] » вижу монитор перед собой
[16:22:35] [Client thread/INFO] [CHAT] [Пульсар] H ┃ Existl1oudlu [#15] » свету не вижу
[16:22:56] [Client thread/INFO] [CHAT] [Звездочет] S ┃ Rusu_123 [#78] » У тебя что экран чёрный что ли
[16:23:13] [Client thread/INFO] [CHAT] [Пульсар] H ┃ Existl1oudlu [#15] » разноцветный)
[16:23:25] [Client thread/INFO] [CHAT] [Странник] D ┃ PotomPridumayu [#204] » а как быстрое открытие получить
[16:23:31] [Client thread/INFO] [CHAT] G ┃ I_STINGER_I [#?] » я зашол сюда и меня крашнуло
[16:23:33] [Client thread/INFO] [CHAT] [Звездочет] S ┃ Rusu_123 [#78] » Писец, ты официально 200
[16:23:34] [Client thread/INFO] [CHAT] G ┃ I_STINGER_I [#?] » плохой режим походу
[16:23:41] [Client thread/INFO] [CHAT] [Странник] kymitik [#209] » лучше скажите сколько битва идти будет
[16:23:41] [Client thread/INFO] [CHAT] [Пульсар] H ┃ Existl1oudlu [#15] » услышал руся
[16:23:45] [Client thread/INFO] [CHAT] [Пульсар] H ┃ Existl1oudlu [#15] » 30 минут
[16:23:48] [Client thread/INFO] [CHAT] [Пульсар] H ┃ Existl1oudlu [#15] » битва
[16:23:57] [Client thread/INFO] [CHAT] [Странник] kymitik [#209] » там тип очередь?
[16:24:01] [Client thread/INFO] [CHAT] [Пульсар] H ┃ Existl1oudlu [#15] » -
[16:24:02] [Client thread/INFO] [CHAT] G ┃ I_STINGER_I [#?] » чо ребята наскок вайбовей режим стал ? по сравнению с прошлым сезоном
[16:24:16] [Client thread/INFO] [CHAT] [Пульсар] H ┃ Existl1oudlu [#15] » добавили "замечательную планету"
[16:24:19] [Client thread/INFO] [CHAT] [Пульсар] H ┃ Existl1oudlu [#15] » называется
[16:24:19] [Client thread/INFO] [CHAT] [Гравитатор] Kvester_ [#83] » хз я первий сезон играю свой
[16:24:21] [Client thread/INFO] [CHAT] [Странник] kymitik [#209] » поч у меня говорит оно что я в очереди xd
[16:24:24] [Client thread/INFO] [CHAT] [Пульсар] H ┃ Existl1oudlu [#15] » ликерия
[16:24:36] [Client thread/INFO] [CHAT] G ┃ I_STINGER_I [#?] » а по балансу чо
[16:24:44] [Client thread/INFO] [CHAT] [Пульсар] H ┃ Existl1oudlu [#15] » многа
[16:24:48] [Client thread/INFO] [CHAT] [Пульсар] H ┃ Existl1oudlu [#15] » на самом деле
[16:25:00] [Client thread/INFO] [CHAT] [Странник] kymitik [#209] » скока много
[16:25:05] [Client thread/INFO] [CHAT] [Звездочет] S ┃ Rusu_123 [#78] » Чёт плоховато
[16:25:07] [Client thread/INFO] [CHAT] [Пульсар] H ┃ Existl1oudlu [#15] » 1.3S
[16:25:12] [Client thread/INFO] [CHAT] [Звездочет] S ┃ Rusu_123 [#78] » Я тоже перерождаюсь
[16:26:53] [Client thread/INFO] [CHAT] [Созвездие] V ┃ AmirYTlogin [#?] » п
[16:27:03] [Client thread/INFO] [CHAT] \n  MEDIA ┃ fujihiro запустил стрим!\n  Платформа: Twitch\n  Напишите /media для проcмотра активных трансляций\n 
[16:27:03] [Client thread/INFO] [CHAT] [Созвездие] V ┃ AmirYTlogin [#431] » п
[16:27:25] [Client thread/INFO] [CHAT] [Странник] kymitik [#208] » есть смысл быть 200?
[16:27:44] [Client thread/INFO] [CHAT] [Комета] E ┃ ISIC [#227] » двухсотым?
[16:27:48] [Client thread/INFO] [CHAT] [Комета] E ┃ ISIC [#227] » не советую
[16:27:50] [Client thread/INFO] [CHAT] [Странник] kymitik [#208] » да
[16:28:09] [Client thread/INFO] [CHAT] [Звездочет] S ┃ Rusu_123 [#77] » У двухсотого спроси
[16:28:17] [Client thread/INFO] [CHAT] [Звездочет] S ┃ Rusu_123 [#77] » Он шарит
[16:28:18] [Client thread/INFO] [CHAT] [Комета] E ┃ ISIC [#227] » боюсь не получится
[16:28:28] [Client thread/INFO] [CHAT] [Пульсар] H ┃ Existl1oudlu [#15] » че
[16:28:52] [Client thread/INFO] [CHAT] [Звездочет] S ┃ Rusu_123 [#77] » Как тебе двухсотым живётся ?
[16:29:04] [Client thread/INFO] [CHAT] [Пульсар] H ┃ Existl1oudlu [#15] » нужно проспаться такое чувство
[16:29:12] [Client thread/INFO] [CHAT] [Пульсар] H ┃ Existl1oudlu [#15] » но пока бусты че-то не охото как то
[16:29:25] [Client thread/INFO] [CHAT] [Звездочет] S ┃ Rusu_123 [#77] » Только потом проснуться надо самое главное
[16:29:33] [Client thread/INFO] [CHAT] [Пульсар] H ┃ Existl1oudlu [#15] » постараюсь руся
[16:29:57] [Client thread/INFO] [CHAT] [Странник] kymitik [#208] » л
[16:30:00] [Client thread/INFO] [CHAT]  \ni Астероидная битва закончена! Вернемся через некоторое время!\n 
[16:30:02] [Client thread/INFO] [CHAT] [Странник] kymitik [#208] » лан я срать
[16:30:15] [Client thread/INFO] [CHAT] [Странник] kymitik [#208] » спать
[16:30:16] [Client thread/INFO] [CHAT] [Странник] MVP ┃ Humzzzter [#210] » п
[16:30:32] [Client thread/ERROR] Error on handle event #BXBFw in Mod{name='SpaceTycoon', version='1.0.0+bc67650', persistent=false, delegate=a.a.d.a.a, modState=LOADED}
java.lang.IndexOutOfBoundsException: index: 70, length: 1 (expected: range(0, 70))
	at io.netty.buffer.AbstractByteBuf.checkRangeBounds(AbstractByteBuf.java:1390)
	at io.netty.buffer.AbstractByteBuf.checkIndex0(AbstractByteBuf.java:1397)
	at io.netty.buffer.AbstractUnpooledSlicedByteBuf.getBytes(AbstractUnpooledSlicedByteBuf.java:242)
	at io.netty.buffer.ReadOnlyByteBuf.getBytes(ReadOnlyByteBuf.java:270)
	at io.netty.buffer.ByteBufUtil.decodeString(ByteBufUtil.java:1151)
	at io.netty.buffer.AbstractByteBuf.toString(AbstractByteBuf.java:1246)
	at dev.xdark.feder.NetUtil.readString0(NetUtil.java:833)
	at dev.xdark.feder.NetUtil.readUtf8(NetUtil.java:188)
	at SpaceTycoon-v1.0.0+bc67650//a.a.a.m.a.f(SourceFile:176)
	at SpaceTycoon-v1.0.0+bc67650//a.a.d.a.e.h.b.d(SourceFile:60)
	at SpaceTycoon-v1.0.0+bc67650//a.a.d.a.e.h.b.injectedLambda$d$3(SourceFile)
	at SpaceTycoon-v1.0.0+bc67650//a.a.a.m.a.b(SourceFile:58)
	at SpaceTycoon-v1.0.0+bc67650//a.a.a.m.a.injectedLambda$b$0(SourceFile)
	at #RaGIl.saYo(SourceFile:83)
	at #hvoSL.bBM(Unknown Source)
	at #hvoSL.accept(Unknown Source)
	at #ykMcj.slwQ(SourceFile:105)
	at #BrtKi.laL(Unknown Source)
	at #BrtKi.accept(Unknown Source)
	at #SmDYl.shof(SourceFile:59)
	at #vxdAh.blq(SourceFile)
	at #DRZva.smvZ(SourceFile:89)
	at #WblDI.sciG(SourceFile:100)
	at #DDMvh.hcz(SourceFile)
	at #GXpIT.slFh(SourceFile:75)
	at #acUkE.drn(SourceFile:650)
	at #qKRzt.skLS(Unknown Source:2396)
	at #hyWbW.satX(SourceFile:1837)
	at #RofNI.dB(SourceFile:43)
	at #GLnhB.run(SourceFile:32)
	at #GILEo.saUt(Unknown Source:40)
	at #sJuki.sfWB(SourceFile:11)
	at java.base/java.util.concurrent.FutureTask.run(Unknown Source)
	at #bfAok.sjvn(SourceFile:45)
	at #ptzkp.gXZ(SourceFile:52)
	at #gZdVe.sbpI(SourceFile:1466)
	at #UDDPE.sdDd(Unknown Source:1632)
	at #GMfdJ.sask(SourceFile:487)
	at net.minecraft.client.main.GameMain.iwR(SourceFile:220)
	at net.minecraft.client.main.GameMain.jtH(SourceFile:156)
	at #ZpHYL.i(Unknown Source)
	at #ZpHYL.run(Unknown Source)
	at java.base/java.lang.Thread.run(Unknown Source)
[16:31:41] [Client thread/INFO] [CHAT] [Странник] Cactus_322 [#206] »  уточки находяться только в казино и на земле?
[16:31:52] [Client thread/INFO] [CHAT] [Звездочет] S ┃ Rusu_123 [#77] » На 4 локах
[16:31:55] [Client thread/INFO] [CHAT] [Пульсар] H ┃ Existl1oudlu [#15] » 1, корабль, 2, 3
[16:32:05] [Client thread/INFO] [CHAT] [Странник] Cactus_322 [#206] »  спасибо
[16:32:19] [Client thread/INFO] [CHAT] [Исследователь] P ┃ Tveiv [#266] »  а я правильно понимаю что можно афк стоять на режиме и норм по фарму будет? не обязательно кликать постоянно
[16:32:52] [Client thread/INFO] [CHAT] [Звездочет] S ┃ Rusu_123 [#77] » Тут кто-то кликает? .-.
[16:32:56] [Client thread/INFO] [CHAT] [Астроном] S ┃ xunstoppablex [#137] » ну я
[16:33:02] [Client thread/INFO] [CHAT] [Астероид] xmizz [#55] » гг
[16:33:09] [Client thread/INFO] [CHAT] [Гравитатор] D ┃ Movlad1709 [#110] » Я просто фильм включаю и в афк
[16:33:18] [Client thread/INFO] [CHAT] [Астероид] xmizz [#55] » ++
[16:33:44] [Client thread/INFO] [CHAT] [Звездочет] S ┃ Rusu_123 [#77] » Полтора часа до рб
[16:33:57] [Client thread/INFO] [CHAT] [Звездочет] S ┃ Rusu_123 [#77] » Опять в казик идти
[16:34:02] [Client thread/INFO] [CHAT] [Звездочет] D ┃ xyz14 [#78] » а че так долго
[16:34:05] [Client thread/INFO] [CHAT] [Пульсар] H ┃ Existl1oudlu [#15] » 20м до рб
[16:34:07] [Client thread/INFO] [CHAT] [Звездочет] D ┃ xyz14 [#78] » мне пол часа с нуля
[16:34:11] [Client thread/INFO] [CHAT] [Астероид] xmizz [#55] » ничего себе у меня никогда болше 20 минут не было
[16:34:32] [Client thread/INFO] [CHAT] [Космонавт] D ┃ SirAlastorik [#437] » че лучше в ветке качать
[16:34:37] [Client thread/INFO] [CHAT] [Звездочет] D ┃ xyz14 [#78] » петов
[16:35:20] [Client thread/INFO] [CHAT] [Созвездие] Anonimys226 [#438] »  астероидная битва как играть? корабль собрал
[16:35:22] [Client thread/INFO] [CHAT] [Спутник] P ┃ _ЛюбитеКотиков_ [#7] » след битва х6 денег будет
[16:35:29] [Client thread/INFO] [CHAT] [Спутник] P ┃ _ЛюбитеКотиков_ [#7] » с таким кайфом доход идёт
[16:35:32] [Client thread/INFO] [CHAT] [Спутник] P ┃ _ЛюбитеКотиков_ [#7] » с х4
[16:37:27] [Client thread/INFO] [CHAT] [Звездочет] S ┃ Rusu_123 [#77] » Теперь час до рб :)
[16:37:57] [Client thread/INFO] [CHAT] [Квазар] G ┃ MAXIM228916 [#47] » 
[16:37:58] [Client thread/INFO] [CHAT] [Исследователь] G ┃ Pavel_141 [#256] » слабо "невозможно"?)
[16:38:02] [Client thread/INFO] [CHAT] [Квазар] V ┃ tols302 [#44] » 
[16:38:25] [Client thread/INFO] [CHAT] [Созвездие] YuraVolo [#?] » п
[16:38:36] [Client thread/INFO] [CHAT] HideYourFear [#?] » п
[16:38:39] [Client thread/INFO] [CHAT] [Андромеда] T ┃ xKeEpeR_ [#19] » добрейший веерочек
[16:38:41] [Client thread/INFO] [CHAT] [Вечность] LS ┃ papo4ka_v_dubae [#2] » сильно
[16:38:44] [Client thread/INFO] [CHAT] [Вечность] LS ┃ papo4ka_v_dubae [#2] » кипер
[16:38:48] [Client thread/INFO] [CHAT] [Союз] MVP+ ┃ XXXXXXLoonDanya [#12] » пойдёт
[16:38:50] [Client thread/INFO] [CHAT] [Андромеда] T ┃ xKeEpeR_ [#19] » а
[16:38:58] [Client thread/INFO] [CHAT] [Созвездие] YuraVolo [#?] » а сколько петов одеваь можно ?
[16:39:02] [Client thread/INFO] [CHAT] [Вечность] LS ┃ papo4ka_v_dubae [#2] » Мне мою тестерку забанила Core по 3.1
[16:39:12] [Client thread/INFO] [CHAT] [Андромеда] T ┃ xKeEpeR_ [#19] » за что аххаха
[16:39:12] [Client thread/INFO] [CHAT] [Вечность] LS ┃ papo4ka_v_dubae [#2] » думаю я больше не смогу ставить твой акк
[16:39:24] [Client thread/INFO] [CHAT] [Андромеда] T ┃ xKeEpeR_ [#19] » 3.1 это чё
[16:39:31] [Client thread/INFO] [CHAT] [Союз] D ┃ XaJLacTJIK [#11] » читы врод
[16:39:34] [Client thread/INFO] [CHAT] [Вечность] LS ┃ papo4ka_v_dubae [#2] » стороние программы
[16:39:36] [Client thread/INFO] [CHAT] [Космонавт] PatyWar [#312] » в
[16:39:39] [Client thread/INFO] [CHAT] [Комета] G ┃ Pavel_141 [#256] » ФУ читеер
[16:39:44] [Client thread/INFO] [CHAT] [Сириус] S ┃ CyFrodo [#1] » жесть
[16:39:46] [Client thread/INFO] [CHAT] [Андромеда] T ┃ xKeEpeR_ [#19] » ты же не юзал ничего
[16:39:54] [Client thread/INFO] [CHAT] [Астероид] snufflubitel [#50] » был 33 стал 50
[16:39:56] [Client thread/INFO] [CHAT] [Вечность] LS ┃ papo4ka_v_dubae [#2] » Я даже на акк не заходил последние 2-3 дня
[16:40:14] [Client thread/INFO] [CHAT] [Андромеда] T ┃ xKeEpeR_ [#19] » мда
[16:40:23] [Client thread/INFO] [CHAT] [Вечность] LS ┃ papo4ka_v_dubae [#2] » надеюсь разбанят)
[16:40:28] [Client thread/INFO] [CHAT] [Андромеда] T ┃ xKeEpeR_ [#19] » ага
[16:40:49] [Client thread/INFO] [CHAT] [Спутник] P ┃ _ЛюбитеКотиков_ [#7] » бог
[16:40:53] [Client thread/INFO] [CHAT] [Созвездие] YuraVolo [#?] » а сколько петов одеваь можно ?
[16:40:55] [Client thread/INFO] [CHAT] [Вечность] LS ┃ papo4ka_v_dubae [#2] » a mne aneno взломали чтоли
[16:41:01] [Client thread/INFO] [CHAT] [Созвездие] G ┃ Supchik1911_2 [#?] » хуесос?
[16:41:03] [Client thread/INFO] [CHAT] [Спутник] P ┃ _ЛюбитеКотиков_ [#7] » на орианде же 3 очиста на 2 гараже
[16:41:04] [Client thread/INFO] [CHAT] [Вечность] LS ┃ papo4ka_v_dubae [#2] » я на него не могу зайти АХАХАХ
[16:41:36] [Client thread/INFO] [CHAT] [Исследователь] V ┃ LamboToon [#274] » df
[16:41:37] [Client thread/INFO] [CHAT] [Гравитатор] H ┃ SKIN4IK  [#111] » +
[16:41:40] [Client thread/INFO] [CHAT] [Гравитатор] H ┃ SKIN4IK  [#111] » ой
[16:42:04] [Client thread/INFO] [CHAT] [Странник] kymitik [#207] » я тут
[16:42:23] [Client thread/INFO] [CHAT] [Космонавт] V ┃ AmirYTlogin [#345] » кому не насрать
[16:42:41] [Client thread/INFO] [CHAT] [Исследователь] kyricin [#336] » mne\
[16:43:01] [Client thread/INFO] [CHAT] [Исследователь] V ┃ AmirYTlogin [#345] » п
[16:43:19] [Client thread/INFO] [CHAT] [Странник] kymitik [#206] » чет не чет?
[16:43:53] [Client thread/INFO] [CHAT] [Астероид] xmizz [#53] » я думал сделать х3 продаж сложно так как и топа 16 было толка х3
[16:43:58] [Client thread/INFO] [CHAT] [Вечность] LS ┃ papo4ka_v_dubae [#2] » татоша
[16:44:04] [Client thread/INFO] [CHAT] [Вечность] LS ┃ papo4ka_v_dubae [#2] » а это фродо
[16:44:16] [Client thread/INFO] [CHAT] [Вечность] LS ┃ papo4ka_v_dubae [#2] » дошутился крч ты
[16:44:22] [Client thread/INFO] [CHAT] [Комета] MVP ┃ svetapro2 [#220] » кто в покер пойдёт?
[16:44:24] [Client thread/INFO] [CHAT] [Космонавт] snouvik [#350] » а
[16:44:33] [Client thread/INFO] [CHAT] [Космонавт] snouvik [#350] » ура разбанили
[16:44:33] [Client thread/INFO] [CHAT] [Космонавт] HE ┃ Kilah_ [#299] » я в покер хочу где в него играть
[16:44:38] [Client thread/INFO] [CHAT] [Комета] MVP ┃ svetapro2 [#220] » на корабле
[16:44:42] [Client thread/INFO] [CHAT] [Гравитатор] G ┃ denavagame [#99] » 99 ежже
[16:44:48] [Client thread/INFO] [CHAT] i Бустер монет от D ┃ PotomPridumayu закончился!
[16:44:52] [Client thread/INFO] [CHAT] i Бустер дропперов от D ┃ PotomPridumayu закончился!
[16:44:55] [Client thread/INFO] [CHAT] i Бустер конвейеров от D ┃ PotomPridumayu закончился!
[16:44:55] [Client thread/INFO] [CHAT] [Космонавт] snouvik [#350] » в чем прикол кидать мут за то что написал слово да
[16:44:59] [Client thread/INFO] [CHAT] [Звездочет] D ┃ xyz14 [#77] » F
[16:45:11] [Client thread/INFO] [CHAT] [Гравитатор] G ┃ denavagame [#99] » ща ещё получишь
[16:45:19] [Client thread/INFO] [CHAT] [Космонавт] snouvik [#350] » мда
[16:45:23] [Client thread/INFO] [CHAT] [Астроном] MVP+ ┃ madara38irk [#146] » эти токены куда-то можно потратить, кроме как в покер поиграть
[16:45:23] [Client thread/INFO] [CHAT] [Астероид] xmizz [#53] » snovik тоже не понимаю они за просто так мутят
[16:45:29] [Client thread/INFO] [CHAT] [Космонавт] HE ┃ Kilah_ [#299] » я сделал корабль но он никуда не летит
[16:45:35] [Client thread/INFO] [CHAT] [Вечность] LS ┃ papo4ka_v_dubae [#2] » нет нельзя мадара
[16:45:44] [Client thread/INFO] [CHAT] [Космонавт] snouvik [#350] » пойду тогда кастл клэш
[16:45:51] [Client thread/INFO] [CHAT] [Спутник] P ┃ _ЛюбитеКотиков_ [#7] » бог ох
[16:45:54] [Client thread/INFO] [CHAT] [Комета] MVP ┃ svetapro2 [#220] » это после первой локи корабль
[16:45:54] [Client thread/INFO] [CHAT] [Вечность] LS ┃ papo4ka_v_dubae [#2] » м
[16:46:01] [Client thread/INFO] [CHAT] [Спутник] P ┃ _ЛюбитеКотиков_ [#7] » ну ты ох
[16:46:04] [Client thread/INFO] [CHAT] [Вечность] LS ┃ papo4ka_v_dubae [#2] » спс
[16:46:18] [Client thread/INFO] [CHAT] [Комета] I ┃ gakll [#259] »  а че за покер ребятки
[16:46:22] [Client thread/INFO] [CHAT] [Исследователь] BerLoga_Mishki [#289] » я в топ 289 вхожу :))))
[16:46:34] [Client thread/INFO] [CHAT] [Сириус] S ┃ CyFrodo [#1] » откуда интересно в казино минус
[16:46:34] [Client thread/INFO] [CHAT] [Квазар] snufflubitel [#45] » а меня попустили я был 33
[16:46:50] [Client thread/INFO] [CHAT] [Звездочет] S ┃ Rusu_123 [#78] » Интересно
[16:46:52] [Client thread/INFO] [CHAT] [Странник] kymitik [#206] » а в чем разница петов на велориии и на земле?
[16:46:59] [Client thread/INFO] [CHAT] [Гравитатор] Kvester_ [#86] » 
[16:47:03] [Client thread/INFO] [CHAT] [Созвездие] Sanchouu [#420] » я починил корабль че с ним делать?
[16:48:15] [Client thread/INFO] [CHAT] [Созвездие] Sanchouu [#420] » как в эти битвы играть
[16:48:32] [Client thread/INFO] [CHAT] [Квазар] Men_Fox [#56] » а есть еще варианты ключи аур получить кроме уток?
[16:48:41] [Client thread/INFO] [CHAT] [Андромеда] T ┃ xKeEpeR_ [#19] » какая планета нужна для фулл уток?
[16:48:42] [Client thread/INFO] [CHAT] [Странник] kymitik [#201] » донат
[16:48:49] [Client thread/INFO] [CHAT] [Гравитатор] Kvester_ [#85] » так уток легко собрать
[16:48:55] [Client thread/INFO] [CHAT] [Астроном] P ┃ Saha237YT [#138] » 3 планета нужна для фулл вроде
[16:48:59] [Client thread/INFO] [CHAT] [Гравитатор] Kvester_ [#85] » по форуму
[16:48:59] [Client thread/INFO] [CHAT] [Астроном] P ┃ Saha237YT [#138] » пульсар
[16:48:59] [Client thread/INFO] [CHAT] [Звездочет] S ┃ Rusu_123 [#78] » Сириус
[16:49:04] [Client thread/INFO] [CHAT] [Спутник] P ┃ _ЛюбитеКотиков_ [#7] » пульсар
[16:49:06] [Client thread/INFO] [CHAT] [Звездочет] S ┃ Rusu_123 [#78] » Ой, пульсар
[16:49:10] [Client thread/INFO] [CHAT] [Андромеда] T ┃ xKeEpeR_ [#19] » спс
[16:49:19] [Client thread/INFO] [CHAT] [Андромеда] T ┃ xKeEpeR_ [#19] » а корды
[16:49:22] [Client thread/INFO] [CHAT] [Странник] kymitik [#201] » а в чем разница петов на велориии и на земле?
[16:49:23] [Client thread/INFO] [CHAT] [Астроном] P ┃ Saha237YT [#138] » на сайте
[16:49:23] [Client thread/INFO] [CHAT] [Исследователь] kyricin [#278] » g
[16:49:26] [Client thread/INFO] [CHAT] [Гравитатор] Kvester_ [#85] » на форуме есть
[16:49:27] [Client thread/INFO] [CHAT] [Астроном] P ┃ Saha237YT [#138] » в форуме там есть гайды
[16:49:29] [Client thread/INFO] [CHAT] [Андромеда] T ┃ xKeEpeR_ [#19] » спс
[16:49:34] [Client thread/INFO] [CHAT] [Гравитатор] Kvester_ [#85] » незачто
[16:49:54] [Client thread/INFO] [CHAT] [Странник] turbopushka21 [#198] » :re
[16:50:05] [Client thread/INFO] [CHAT] [Исследователь] V ┃ AmirYTlogin [#287] » ку
[16:51:17] [Client thread/ERROR] Error on handle event #BXBFw in Mod{name='SpaceTycoon', version='1.0.0+bc67650', persistent=false, delegate=a.a.d.a.a, modState=LOADED}
java.lang.IndexOutOfBoundsException: index: 70, length: 1 (expected: range(0, 70))
	at io.netty.buffer.AbstractByteBuf.checkRangeBounds(AbstractByteBuf.java:1390)
	at io.netty.buffer.AbstractByteBuf.checkIndex0(AbstractByteBuf.java:1397)
	at io.netty.buffer.AbstractUnpooledSlicedByteBuf.getBytes(AbstractUnpooledSlicedByteBuf.java:242)
	at io.netty.buffer.ReadOnlyByteBuf.getBytes(ReadOnlyByteBuf.java:270)
	at io.netty.buffer.ByteBufUtil.decodeString(ByteBufUtil.java:1151)
	at io.netty.buffer.AbstractByteBuf.toString(AbstractByteBuf.java:1246)
	at dev.xdark.feder.NetUtil.readString0(NetUtil.java:833)
	at dev.xdark.feder.NetUtil.readUtf8(NetUtil.java:188)
	at SpaceTycoon-v1.0.0+bc67650//a.a.a.m.a.f(SourceFile:176)
	at SpaceTycoon-v1.0.0+bc67650//a.a.d.a.e.h.b.d(SourceFile:60)
	at SpaceTycoon-v1.0.0+bc67650//a.a.d.a.e.h.b.injectedLambda$d$3(SourceFile)
	at SpaceTycoon-v1.0.0+bc67650//a.a.a.m.a.b(SourceFile:58)
	at SpaceTycoon-v1.0.0+bc67650//a.a.a.m.a.injectedLambda$b$0(SourceFile)
	at #RaGIl.saYo(SourceFile:83)
	at #hvoSL.bBM(Unknown Source)
	at #hvoSL.accept(Unknown Source)
	at #ykMcj.slwQ(SourceFile:105)
	at #BrtKi.laL(Unknown Source)
	at #BrtKi.accept(Unknown Source)
	at #SmDYl.shof(SourceFile:59)
	at #vxdAh.blq(SourceFile)
	at #DRZva.smvZ(SourceFile:89)
	at #WblDI.sciG(SourceFile:100)
	at #DDMvh.hcz(SourceFile)
	at #GXpIT.slFh(SourceFile:75)
	at #acUkE.drn(SourceFile:650)
	at #qKRzt.skLS(Unknown Source:2396)
	at #hyWbW.satX(SourceFile:1837)
	at #RofNI.dB(SourceFile:43)
	at #GLnhB.run(SourceFile:32)
	at #GILEo.saUt(Unknown Source:40)
	at #sJuki.sfWB(SourceFile:11)
	at java.base/java.util.concurrent.FutureTask.run(Unknown Source)
	at #bfAok.sjvn(SourceFile:45)
	at #ptzkp.gXZ(SourceFile:52)
	at #gZdVe.sbpI(SourceFile:1466)
	at #UDDPE.sdDd(Unknown Source:1632)
	at #GMfdJ.sask(SourceFile:487)
	at net.minecraft.client.main.GameMain.iwR(SourceFile:220)
	at net.minecraft.client.main.GameMain.jtH(SourceFile:156)
	at #ZpHYL.i(Unknown Source)
	at #ZpHYL.run(Unknown Source)
	at java.base/java.lang.Thread.run(Unknown Source)
[16:51:52] [Client thread/INFO] [CHAT] [Астроном] MVP+ ┃ CrazyYtka_ [#127] » в
[16:51:56] [Client thread/INFO] [STDOUT]: a.a.d.a.c.a.f.a.i@209e3f2f
[16:52:31] [Client thread/INFO] [CHAT] [Исследователь] V ┃ AmirYTlogin [#287] » пц
[16:52:35] [Client thread/INFO] [CHAT] [Исследователь] kyricin [#278] » g
[16:53:06] [Client thread/INFO] [CHAT] [Исследователь] BerLoga_Mishki [#279] »  ооо potompridumayu с 6 на 5 место перешел
[16:53:07] [Client thread/INFO] [CHAT] [Исследователь] V ┃ AmirYTlogin [#287] » п
[16:53:16] [Client thread/INFO] [CHAT] [Исследователь] kyricin [#278] » g
[16:53:23] [Client thread/INFO] [CHAT] Zhopa777 [#?] » qq
[16:54:02] [Client thread/INFO] [CHAT] [Исследователь] kyricin [#278] » g
[16:54:15] [Client thread/INFO] [CHAT] [Странник] kymitik [#204] » а чеза токены на что их тратить то?
[16:54:35] [Client thread/INFO] [CHAT] [Картограф] P ┃ TNMA2 [#30] » в покере
[16:54:46] [Client thread/INFO] [CHAT] [Странник] kymitik [#204] » понял спасиб
[16:55:39] [Client thread/INFO] [CHAT] [Странник] kymitik [#204] » токены тип пустышка или че? или их потом тратить можно на что то?
[16:56:05] [Client thread/INFO] [CHAT] [Космонавт] Pludery [#321] » как запустить астероидную битву?
[16:56:09] [Client thread/INFO] [CHAT] DanyaLOL2009 [#?] » 12
[16:56:26] [Client thread/INFO] [CHAT] [Странник] kymitik [#204] » пошлите покер
[16:56:28] [Client thread/INFO] [CHAT] [Картограф] P ┃ TNMA2 [#30] » битва в чётные часы
[16:56:36] [Client thread/INFO] [CHAT] [Космонавт] Pludery [#321] » спс
[16:56:36] [Client thread/INFO] [CHAT] [Гравитатор] G ┃ denavagame [#97] » мряу
[16:56:40] [Client thread/INFO] [CHAT] [Комета] MVP ┃ svetapro2 [#222] » гоу покер ребята
[16:56:42] [Client thread/INFO] [CHAT] [Исследователь] V ┃ AmirYTlogin [#274] » я
[16:56:44] [Client thread/INFO] [CHAT] [Исследователь] kyricin [#271] » g
[16:57:02] [Client thread/INFO] [CHAT] [Странник] kymitik [#204] » сколько уток у казика?
[16:57:03] [Client thread/INFO] [CHAT] heim_123 [#?] » это просто тайкун как роблоксе или есть отличия?
[16:57:07] [Client thread/INFO] [CHAT] [Сириус] S ┃ CyFrodo [#1] » бог
[16:57:11] [Client thread/INFO] [CHAT] [Сириус] S ┃ CyFrodo [#1] » ты тут?
[16:57:20] [Client thread/INFO] [CHAT] [Исследователь] HE ┃ Kilah_ [#276] » поч я на кораль не могу тп?
[16:57:22] [Client thread/INFO] [CHAT] [Сириус] S ┃ CyFrodo [#1] » папочка
[16:57:27] [Client thread/INFO] [CHAT] [Пульсар] T ┃ xKeEpeR_ [#19] » мамуля
[16:57:48] [Client thread/INFO] [CHAT] [Вечность] LS ┃ papo4ka_v_dubae [#3] » что
[16:58:04] [Client thread/INFO] [CHAT] [Сириус] S ┃ CyFrodo [#1] » у тебя анено забанили
[16:58:07] [Client thread/INFO] [CHAT] [Сириус] S ┃ CyFrodo [#1] » ты видел?
[16:58:10] [Client thread/INFO] [CHAT] [Вечность] LS ┃ papo4ka_v_dubae [#3] » да
[16:58:16] [Client thread/INFO] [CHAT] [Сириус] S ┃ CyFrodo [#1] » эт как давно
[16:58:20] [Client thread/INFO] [CHAT] [Вечность] LS ┃ papo4ka_v_dubae [#3] » сегодня
[16:58:23] [Client thread/INFO] [CHAT] [Комета] V ┃ BaNdAnA_JoRj125 [#245] » как я понял чтобы использовать корабль надо локацию открыть?
[16:58:23] [Client thread/INFO] [CHAT] [Сириус] S ┃ CyFrodo [#1] » во скок
[16:58:23] [Client thread/INFO] [CHAT] [Вечность] LS ┃ papo4ka_v_dubae [#3] » мне тенс написал
[16:58:32] [Client thread/INFO] [CHAT] [Сириус] S ┃ CyFrodo [#1] » там прям волна
[16:58:36] [Client thread/INFO] [CHAT] heim_123 [#?] » когда был вайп?
[16:58:36] [Client thread/INFO] [CHAT] [Сириус] S ┃ CyFrodo [#1] » тебе скинуть логи?
[16:58:41] [Client thread/INFO] [CHAT] [Вечность] LS ┃ papo4ka_v_dubae [#3] » 15;24
[16:58:43] [Client thread/INFO] [CHAT] [Сириус] S ┃ CyFrodo [#1] » или видел
[16:58:49] [Client thread/INFO] [CHAT] [Вечность] LS ┃ papo4ka_v_dubae [#3] » скинь
[16:59:08] [Client thread/INFO] [CHAT] [Космонавт] Anonimys226 [#359] »  астероидная битва как играть? корабль собрал
[16:59:15] [Client thread/INFO] [CHAT] [Буревест] P ┃ TNMA2 [#30] » битва в чётные часы
[16:59:47] [Client thread/INFO] [CHAT] [Пульсар] T ┃ xKeEpeR_ [#19] » повезло меня не забанили
[16:59:50] [Client thread/INFO] [CHAT] [Гравитатор] G ┃ denavagame [#94] » а где уточки эти
[17:00:17] [Client thread/INFO] [CHAT] [Гравитатор] G ┃ denavagame [#94] » че их так многааааа
[17:00:20] [Client thread/INFO] [CHAT] [Гравитатор] G ┃ denavagame [#94] » какой 19
[17:00:24] [Client thread/INFO] [CHAT] [Союз] MVP+ ┃ MidnightSolitude [#14] » ИХ 20
[17:00:27] [Client thread/INFO] [CHAT] [Звездочет] S ┃ Rusu_123 [#79] » Мало
[17:00:30] [Client thread/INFO] [CHAT] [Гравитатор] G ┃ denavagame [#94] » ну вот я 1 нашел
[17:00:51] [Client thread/INFO] [CHAT] [Астроном] MVP+ ┃ CrazyYtka_ [#128] » а битва началась?
[17:00:56] [Client thread/INFO] [CHAT] [Союз] MVP+ ┃ MidnightSolitude [#14] » некст час
[17:00:58] [Client thread/INFO] [CHAT] [Космонавт] snouvik [#316] » н ет\
[17:01:05] [Client thread/INFO] [CHAT] [Астроном] MVP+ ┃ CrazyYtka_ [#128] » а её не будет щас?
[17:01:12] [Client thread/INFO] [CHAT] [Союз] MVP+ ┃ MidnightSolitude [#14] » каждые 2 часа
[17:01:15] [Client thread/INFO] [CHAT] [Союз] MVP+ ┃ MidnightSolitude [#14] » в четный час
[17:01:20] [Client thread/INFO] [CHAT] [Астроном] MVP+ ┃ CrazyYtka_ [#128] » а понял
[17:01:22] [Client thread/INFO] [CHAT] [Союз] MVP+ ┃ MidnightSolitude [#14] » 30 раз сказал
[17:01:26] [Client thread/INFO] [CHAT] [Союз] MVP+ ┃ MidnightSolitude [#14] » йомайо
[17:01:29] [Client thread/INFO] [CHAT] [Пульсар] H ┃ Existl1oudlu [#15] » больше
[17:01:34] [Client thread/INFO] [CHAT] [Пульсар] H ┃ Existl1oudlu [#15] » наверное 500 раз уже
[17:01:38] [Client thread/INFO] [CHAT] [Союз] MVP+ ┃ MidnightSolitude [#14] » ну конкретно тогда, когда он был
[17:01:42] [Client thread/INFO] [CHAT] [Союз] MVP+ ┃ MidnightSolitude [#14] » раз 30
[17:02:36] [Client thread/INFO] [CHAT] [Странник] kymitik [#198] » всее таки без бустов тяжко
[17:02:42] [Client thread/INFO] [CHAT] [Союз] MVP+ ┃ MidnightSolitude [#14] » петов делаю
[17:02:46] [Client thread/INFO] [CHAT] [Союз] MVP+ ┃ MidnightSolitude [#14] » делай
[17:02:56] [Client thread/INFO] [CHAT] [Союз] MVP+ ┃ MidnightSolitude [#14] » и битвы качай
[17:03:02] [Client thread/INFO] [CHAT] [Союз] MVP+ ┃ MidnightSolitude [#14] » будет не тяжко
[17:03:33] [Client thread/INFO] [CHAT] [Союз] MVP+ ┃ MidnightSolitude [#14] » ура последняя лока на ликерии
[17:03:37] [Client thread/INFO] [CHAT] [Астроном] MVP+ ┃ CrazyYtka_ [#128] » пойдёт кто-то в покер?
[17:03:46] [Client thread/INFO] [CHAT] [Астероид] MVP ┃ Deda_ [#57] » go
[17:03:51] [Client thread/INFO] [CHAT] [Астроном] MVP+ ┃ CrazyYtka_ [#128] » на 2х?
[17:04:08] [Client thread/INFO] [CHAT] [Астроном] MVP+ ┃ CrazyYtka_ [#128] » ща создам
[17:04:34] [Client thread/INFO] [CHAT] [Созвездие] tttkv [#432] » хай
[17:04:41] [Client thread/INFO] [CHAT] [Гравитатор] G ┃ denavagame [#94] » шо парни я быстро? уже 94
[17:04:56] [Client thread/INFO] [CHAT] [Астероид] xmizz [#54] » а сколка часов заняло
[17:04:57] [Client thread/INFO] [CHAT] Zhopa777 [#?] » л
[17:05:01] [Client thread/INFO] [CHAT] [Гравитатор] G ┃ denavagame [#94] » 3 часа
[17:05:07] [Client thread/INFO] [CHAT] [Астероид] xmizz [#54] » медленно
[17:05:20] [Client thread/INFO] [CHAT] [Астероид] xmizz [#54] » я за 2 часа уже в топ 79 был
[17:05:21] [Client thread/INFO] [CHAT] [Гравитатор] G ┃ denavagame [#96] » а у тебя скок
[17:05:22] [Client thread/INFO] [CHAT] \n  MEDIA ┃ quxaniii  запустил стрим!\n  Платформа: Twitch\n  Напишите /media для проcмотра активных трансляций\n 
[17:05:34] [Client thread/INFO] [CHAT] [Астероид] xmizz [#54] » сейчас 6часов
[17:05:36] [Client thread/INFO] [CHAT] [Гравитатор] G ┃ denavagame [#96] » так пасаны я вчера час играл топ 70 был
[17:05:44] [Client thread/INFO] [CHAT] [Исследователь] V ┃ AmirYTlogin [#268] » я
[17:05:45] [Client thread/INFO] [CHAT] [Астероид] xmizz [#54] » так я сегодня начел
[17:05:48] [Client thread/INFO] [CHAT] [Исследователь] kyricin [#265] » g
[17:05:58] [Client thread/INFO] [CHAT] [Гравитатор] G ┃ denavagame [#96] » ты в раза 2 дольше меня пукаешь ещё чот
[17:06:10] [Client thread/INFO] [CHAT] [Астероид] xmizz [#54] » я вчера незнал что вайп по этому я не играл
[17:06:10] [Client thread/INFO] [CHAT] [Астроном] MVP+ ┃ CrazyYtka_ [#128] » создавай деад
[17:06:18] [Client thread/INFO] [CHAT] [Космонавт] snouvik [#309] » а где бусты
[17:06:26] [Client thread/INFO] [CHAT] [Союз] MVP+ ┃ MidnightSolitude [#12] » купи
[17:06:41] [Client thread/INFO] [CHAT] [Союз] MVP+ ┃ MidnightSolitude [#12] » о чо
[17:06:45] [Client thread/INFO] [CHAT] [Союз] MVP+ ┃ MidnightSolitude [#12] » какие т12
[17:06:56] [Client thread/INFO] [CHAT] [Странник] mopsli [#193] » уточки все на спавне ?
[17:07:01] [Client thread/INFO] [CHAT] [Союз] MVP+ ┃ MidnightSolitude [#12] » до 4 мира включительно
[17:07:04] [Client thread/INFO] [CHAT] [Гравитатор] G ┃ denavagame [#96] » они везде походу
[17:07:06] [Client thread/INFO] [CHAT] [Космонавт] snouvik [#309] » 3 шт на спавне
[17:07:11] [Client thread/INFO] [CHAT] [Союз] MVP+ ┃ MidnightSolitude [#12] » 7 штук на земле
[17:07:24] [Client thread/INFO] [CHAT] [Гравитатор] G ┃ denavagame [#96] » та я чёт 2 кейса ауры открыл мне 2 зеленки упало
[17:07:36] [Client thread/INFO] [CHAT] [Космонавт] snouvik [#309] » а где эти ауры
[17:07:42] [Client thread/INFO] [CHAT] [Гравитатор] G ┃ denavagame [#96] » в казике
[17:07:43] [Client thread/INFO] [CHAT] [Союз] MVP+ ┃ MidnightSolitude [#12] » Тебе рано еще
[17:07:45] [Client thread/INFO] [CHAT] [Исследователь] V ┃ AmirYTlogin [#268] » как в битву зайти
[17:07:59] [Client thread/INFO] [CHAT] [Союз] MVP+ ┃ MidnightSolitude [#12] » 50 92 -22 нпс для битв и постройки корабля. В битвы можно зайти в каждый четный час с 00 по 30мин
[17:08:01] [Client thread/INFO] [CHAT] [Гравитатор] G ┃ denavagame [#96] » топ 12 тебе норм упало с кейса ауры?
[17:08:04] [Client thread/ERROR] Error on handle event #BXBFw in Mod{name='SpaceTycoon', version='1.0.0+bc67650', persistent=false, delegate=a.a.d.a.a, modState=LOADED}
java.lang.IndexOutOfBoundsException: index: 69, length: 1 (expected: range(0, 69))
	at io.netty.buffer.AbstractByteBuf.checkRangeBounds(AbstractByteBuf.java:1390)
	at io.netty.buffer.AbstractByteBuf.checkIndex0(AbstractByteBuf.java:1397)
	at io.netty.buffer.AbstractUnpooledSlicedByteBuf.getBytes(AbstractUnpooledSlicedByteBuf.java:242)
	at io.netty.buffer.ReadOnlyByteBuf.getBytes(ReadOnlyByteBuf.java:270)
	at io.netty.buffer.ByteBufUtil.decodeString(ByteBufUtil.java:1151)
	at io.netty.buffer.AbstractByteBuf.toString(AbstractByteBuf.java:1246)
	at dev.xdark.feder.NetUtil.readString0(NetUtil.java:833)
	at dev.xdark.feder.NetUtil.readUtf8(NetUtil.java:188)
	at SpaceTycoon-v1.0.0+bc67650//a.a.a.m.a.f(SourceFile:176)
	at SpaceTycoon-v1.0.0+bc67650//a.a.d.a.e.h.b.d(SourceFile:60)
	at SpaceTycoon-v1.0.0+bc67650//a.a.d.a.e.h.b.injectedLambda$d$3(SourceFile)
	at SpaceTycoon-v1.0.0+bc67650//a.a.a.m.a.b(SourceFile:58)
	at SpaceTycoon-v1.0.0+bc67650//a.a.a.m.a.injectedLambda$b$0(SourceFile)
	at #RaGIl.saYo(SourceFile:83)
	at #hvoSL.bBM(Unknown Source)
	at #hvoSL.accept(Unknown Source)
	at #ykMcj.slwQ(SourceFile:105)
	at #BrtKi.laL(Unknown Source)
	at #BrtKi.accept(Unknown Source)
	at #SmDYl.shof(SourceFile:59)
	at #vxdAh.blq(SourceFile)
	at #DRZva.smvZ(SourceFile:89)
	at #WblDI.sciG(SourceFile:100)
	at #DDMvh.hcz(SourceFile)
	at #GXpIT.slFh(SourceFile:75)
	at #acUkE.drn(SourceFile:650)
	at #qKRzt.skLS(Unknown Source:2396)
	at #hyWbW.satX(SourceFile:1837)
	at #RofNI.dB(SourceFile:43)
	at #GLnhB.run(SourceFile:32)
	at #GILEo.saUt(Unknown Source:40)
	at #sJuki.sfWB(SourceFile:11)
	at java.base/java.util.concurrent.FutureTask.run(Unknown Source)
	at #bfAok.sjvn(SourceFile:45)
	at #ptzkp.gXZ(SourceFile:52)
	at #gZdVe.sbpI(SourceFile:1466)
	at #UDDPE.sdDd(Unknown Source:1632)
	at #GMfdJ.sask(SourceFile:487)
	at net.minecraft.client.main.GameMain.iwR(SourceFile:220)
	at net.minecraft.client.main.GameMain.jtH(SourceFile:156)
	at #ZpHYL.i(Unknown Source)
	at #ZpHYL.run(Unknown Source)
	at java.base/java.lang.Thread.run(Unknown Source)
[17:08:06] [Client thread/INFO] [CHAT] [Союз] MVP+ ┃ MidnightSolitude [#12] » калл
[17:08:13] [Client thread/INFO] [CHAT] [Астроном] MVP+ ┃ CrazyYtka_ [#128] » деда как так?
[17:08:19] [Client thread/INFO] [CHAT] [Союз] MVP+ ┃ MidnightSolitude [#12] » Мне лень донить на ауры
[17:08:28] [Client thread/INFO] [CHAT] [Астроном] MVP+ ┃ CrazyYtka_ [#128] » а для чего токены из казика?
[17:08:34] [Client thread/INFO] [CHAT] [Союз] MVP+ ┃ MidnightSolitude [#12] » Играть в казике
[17:08:36] [Client thread/INFO] [CHAT] [Спутник] P ┃ _ЛюбитеКотиков_ [#7] » за 1 катку в млку у меня ток 1sp..
[17:08:38] [Client thread/INFO] [CHAT] [Исследователь] V ┃ AmirYTlogin [#268] » а щас можно зайти?
[17:08:46] [Client thread/INFO] [CHAT] [Астроном] MVP+ ┃ CrazyYtka_ [#128] » только для казика и всё?
[17:08:47] [Client thread/INFO] [CHAT] [Союз] MVP+ ┃ MidnightSolitude [#12] » А сейчас четный час по мск?
[17:08:52] [Client thread/INFO] [CHAT] [Спутник] P ┃ _ЛюбитеКотиков_ [#7] » не
[17:08:53] [Client thread/INFO] [CHAT] [Союз] MVP+ ┃ MidnightSolitude [#12] » Да, только для казика
[17:08:59] [Client thread/INFO] [CHAT] [Исследователь] HE ┃ Kilah_ [#271] » любитель ты щас на каком ранге?
[17:08:59] [Client thread/INFO] [CHAT] [Исследователь] V ┃ AmirYTlogin [#268] » я забыл что я не москвич
[17:09:18] [Client thread/INFO] [CHAT] [Спутник] P ┃ _ЛюбитеКотиков_ [#7] » ну я щас на войне
[17:09:24] [Client thread/INFO] [CHAT] [Спутник] P ┃ _ЛюбитеКотиков_ [#7] » и*
[17:09:25] [Client thread/INFO] [CHAT] [Исследователь] HE ┃ Kilah_ [#271] » мощно
[17:09:34] [Client thread/INFO] [CHAT] [Союз] MVP+ ┃ MidnightSolitude [#12] » Как понять на воине
[17:09:34] [Client thread/INFO] [CHAT] [Исследователь] HE ┃ Kilah_ [#271] » ток начал играть или твинк?
[17:09:38] [Client thread/INFO] [CHAT] [Квазар] xmizz [#54] » п
[17:09:44] [Client thread/INFO] [CHAT] [Спутник] P ┃ _ЛюбитеКотиков_ [#7] » забей я ун
[17:09:52] [Client thread/INFO] [CHAT] [Спутник] P ┃ _ЛюбитеКотиков_ [#7] » мне можно
[17:09:57] [Client thread/INFO] [CHAT] [Спутник] P ┃ _ЛюбитеКотиков_ [#7] » не
[17:09:59] [Client thread/INFO] [CHAT] [Вечность] LS ┃ papo4ka_v_dubae [#3] » не разбанят эъ
[17:10:05] [Client thread/INFO] [CHAT] [Спутник] P ┃ _ЛюбитеКотиков_ [#7] » на самом деле я на мастере
[17:10:06] [Client thread/INFO] [CHAT] [Союз] MVP+ ┃ MidnightSolitude [#12] » А как тебя откинуло то
[17:10:13] [Client thread/INFO] [CHAT] [Буревест] P+ ┃ topcnik_v_pvp [#27] » куда казик токены сувать
[17:10:15] [Client thread/INFO] [CHAT] [Союз] MVP+ ┃ MidnightSolitude [#12] » Как понять 3.1
[17:10:25] [Client thread/INFO] [CHAT] [Исследователь] HE ┃ Kilah_ [#271] » о я на гранде щас, пойдёшь дуо после слп на сао
[17:10:36] [Client thread/INFO] [CHAT] [Спутник] P ┃ _ЛюбитеКотиков_ [#7] » ну у меня тут скоро битва
[17:10:39] [Client thread/INFO] [CHAT] [Буревест] P+ ┃ topcnik_v_pvp [#27] » куда казик токены сувать?
[17:10:45] [Client thread/INFO] [CHAT] [Союз] MVP+ ┃ MidnightSolitude [#12] » В казик
[17:10:47] [Client thread/INFO] [CHAT] [Гравитатор] G ┃ denavagame [#96] » та смысо от этого шпиона ваще
[17:11:04] [Client thread/INFO] [CHAT] [Буревест] P+ ┃ topcnik_v_pvp [#27] » да я понял что в казик а как
[17:11:05] [Client thread/INFO] [CHAT] [Спутник] P ┃ _ЛюбитеКотиков_ [#7] » у меня трости - я сосиска
[17:11:13] [Client thread/INFO] [CHAT] [Спутник] P ┃ _ЛюбитеКотиков_ [#7] » он приследует меня фулл вайп
[17:11:19] [Client thread/INFO] [CHAT] [Союз] MVP+ ┃ MidnightSolitude [#12] » А можно с вами в млбб пж
[17:11:22] [Client thread/INFO] [CHAT] [Союз] MVP+ ┃ MidnightSolitude [#12] » Я новичок
[17:11:23] [Client thread/INFO] [CHAT] [Спутник] P ┃ _ЛюбитеКотиков_ [#7] » нет
[17:11:26] [Client thread/INFO] [CHAT] [Союз] MVP+ ┃ MidnightSolitude [#12] » ЭХ
[17:11:27] [Client thread/INFO] [CHAT] [Гравитатор] G ┃ denavagame [#94] » вахавхвахваавхваав
[17:11:41] [Client thread/INFO] [CHAT] S ┃ AlexPochik активировал Бустер монет x1.5.
[17:11:45] [Client thread/INFO] [CHAT] [Спутник] P ┃ _ЛюбитеКотиков_ [#7] » о бабки
[17:12:00] [Client thread/INFO] [CHAT] [Странник] kymitik [#193] » дай бог тебе счастья
[17:12:24] [Client thread/INFO] [CHAT] [Комета] I ┃ XuTruE_xd [#251] » это збс что у меня подряд пет 7 раз улучшил деньги
[17:12:24] [Client thread/INFO] [CHAT] [Спутник] P ┃ _ЛюбитеКотиков_ [#7] » вв беатрис или гренка хм
[17:12:33] [Client thread/INFO] [CHAT] heim_123 [#?] » вот допустим я благодарю а сам человек который активировал буст что то получает?
[17:12:39] [Client thread/INFO] [CHAT] [Союз] MVP+ ┃ MidnightSolitude [#12] » Получает
[17:12:44] [Client thread/INFO] [CHAT] [Союз] MVP+ ┃ MidnightSolitude [#12] » Копейки
[17:12:50] [Client thread/INFO] [CHAT] heim_123 [#?] » что благодарность?
[17:12:51] [Client thread/INFO] [CHAT] [Комета] I ┃ XuTruE_xd [#251] » на поплакать
[17:12:57] [Client thread/INFO] [CHAT] [Союз] MVP+ ┃ MidnightSolitude [#12] » Тоже монеты
[17:13:00] [Client thread/INFO] [CHAT] [Квазар] P ┃ zder3456 [#42] » у кого есть корды всех уток? и на каких планетах они?
[17:13:04] [Client thread/INFO] [CHAT] [Исследователь] V ┃ AmirYTlogin [#261] » я
[17:13:04] [Client thread/INFO] [CHAT] [Союз] MVP+ ┃ MidnightSolitude [#12] » У меня есть
[17:13:06] [Client thread/INFO] [CHAT] [Исследователь] kyricin [#259] » g
[17:13:13] [Client thread/INFO] [CHAT] [Исследователь] belmon [#288] » что за утки
[17:13:29] [Client thread/INFO] [CHAT] [Союз] MVP+ ┃ MidnightSolitude [#12] » Прекраснейшие 20 уток
[17:13:44] [Client thread/INFO] [CHAT] [Союз] MVP+ ┃ MidnightSolitude [#12] » Вот бы с них еще не дропались ауры на скорость конвееров
[17:14:50] [Client thread/INFO] [STDOUT]: a.a.d.a.c.a.f.a.i@5d618c3b
[17:14:51] [Client thread/INFO] [STDOUT]: a.a.d.a.c.a.f.a.c@1efc9f37
[17:15:40] [Client thread/INFO] [CHAT] _Azza [#?] » каак играть
[17:15:40] [Client thread/INFO] [CHAT] [Пульсар] T ┃ xKeEpeR_ [#18] » рил
[17:15:48] [Client thread/INFO] [STDOUT]: a.a.d.a.c.a.f.a.i@68b2fa37
[17:15:51] [Client thread/INFO] [CHAT] Skr1ptik [#?] » тут же все понятно
[17:16:01] [Client thread/INFO] [CHAT] _Azza [#?] » денис
[17:16:06] [Client thread/INFO] [CHAT] [Союз] MVP+ ┃ MidnightSolitude [#12] » Я ллично не понимаю, как тут играть
[17:16:10] [Client thread/INFO] [CHAT] [Союз] MVP+ ┃ MidnightSolitude [#12] » Мне не понятно
[17:16:14] [Client thread/INFO] [CHAT] [Астроном] MVP+ ┃ CrazyYtka_ [#128] » проиграл всё в казино D:
[17:16:16] [Client thread/INFO] [CHAT] [Пульсар] T ┃ xKeEpeR_ [#18] » я вообще тугой
[17:16:19] [Client thread/INFO] [CHAT] [Союз] MVP+ ┃ MidnightSolitude [#12] » Вот вот
[17:16:30] [Client thread/INFO] [CHAT] [Союз] MVP+ ┃ MidnightSolitude [#12] » У Кипы всё очень туго с казино
[17:16:33] [Client thread/INFO] [STDOUT]: a.a.d.a.c.a.f.a.i@693b1386
[17:16:34] [Client thread/INFO] [CHAT] _Azza [#?] » у меня нос чешеца прост, не понятно из-за этого
[17:16:35] [Client thread/INFO] [CHAT] [Пульсар] T ┃ xKeEpeR_ [#18] » +
[17:16:40] [Client thread/INFO] [CHAT] [Астроном] MVP+ ┃ CrazyYtka_ [#129] » казино зло мужики
[17:16:41] [Client thread/INFO] [STDOUT]: a.a.d.a.c.a.f.a.i@3c323965
[17:16:48] [Client thread/INFO] [CHAT] P+ ┃ topcnik_v_pvp активировал Бустер дропперов x1.5.
[17:16:49] [Client thread/INFO] [CHAT] [Астроном] MVP+ ┃ CrazyYtka_ [#129] » больше играю
[17:16:49] [Client thread/INFO] [CHAT] [Пульсар] T ┃ xKeEpeR_ [#18] » иду фулл балл ставить
[17:16:51] [Client thread/INFO] [CHAT] [Союз] MVP+ ┃ MidnightSolitude [#12] » Как классно. что я там не играл
[17:16:55] [Client thread/INFO] [CHAT] [Странник] kymitik [#191] » спасиб
[17:17:02] [Client thread/INFO] [CHAT] [Союз] MVP+ ┃ MidnightSolitude [#12] » Еще не пожалел об этом
[17:17:07] [Client thread/INFO] [CHAT] \nMEDIA ┃ fujihiro проводит ивент: ColorControl!\nНажми, чтобы переместиться!\n 
[17:17:13] [Client thread/INFO] [CHAT] [Космонавт] snouvik [#303] » оооо запах халявы
[17:17:14] [Client thread/INFO] [CHAT] [Астроном] MVP+ ┃ CrazyYtka_ [#129] » зря не играешь
[17:17:18] [Client thread/INFO] [STDOUT]: a.a.d.a.c.a.f.a.i@e741087
[17:17:26] [Client thread/INFO] [CHAT] [Пульсар] T ┃ xKeEpeR_ [#18] » ну вот -фулл балл сазу
[17:17:27] [Client thread/INFO] [CHAT] [Астроном] MVP+ ┃ CrazyYtka_ [#129] » был бы без бабок
[17:17:28] [Client thread/INFO] [CHAT] [Союз] MVP+ ┃ MidnightSolitude [#12] » Я просто не разбираюсь, говорил же
[17:17:42] [Client thread/INFO] [CHAT] [Астроном] MVP+ ┃ CrazyYtka_ [#129] » там надо чувстовать бро
[17:17:51] [Client thread/INFO] [CHAT] [Пульсар] T ┃ xKeEpeR_ [#18] » через 10 мин колесо ух
[17:17:55] [Client thread/INFO] [CHAT] [Союз] MVP+ ┃ MidnightSolitude [#12] » ОЙ точно
[17:17:57] [Client thread/INFO] [CHAT] [Пульсар] T ┃ xKeEpeR_ [#18] » надеюсь норм что-то
[17:18:09] [Client thread/INFO] [CHAT] [Союз] MVP+ ┃ MidnightSolitude [#12] » Полтора часа еще
[17:18:20] [Client thread/INFO] [CHAT] regcrits [#?] » а можно как то с другом играть?
[17:18:23] [Client thread/INFO] [CHAT] [Союз] MVP+ ┃ MidnightSolitude [#12] » Нет
[17:18:25] [Client thread/INFO] [CHAT] P+ ┃ topcnik_v_pvp активировал Бустер конвейеров x1.5.
[17:18:32] [Client thread/INFO] [CHAT] [Вечность] LS ┃ papo4ka_v_dubae [#3] » красава
[17:18:36] [Client thread/INFO] [CHAT] [Пульсар] T ┃ xKeEpeR_ [#18] » а чё тут адает
[17:18:42] [Client thread/INFO] [CHAT] [Союз] MVP+ ┃ MidnightSolitude [#12] » Всмысле
[17:18:54] [Client thread/INFO] [CHAT] [Пульсар] T ┃ xKeEpeR_ [#18] » ключ от аур и сама аура это как
[17:18:58] [Client thread/INFO] [CHAT] [Астроном] MVP+ ┃ CrazyYtka_ [#129] »  midnightsolitude чекай аура выпадет тебе
[17:19:01] [Client thread/INFO] [CHAT] [Союз] MVP+ ┃ MidnightSolitude [#12] » Рандом типо
[17:19:07] [Client thread/INFO] [CHAT] [Астроном] MVP+ ┃ CrazyYtka_ [#129] » с рулетки
[17:19:07] [Client thread/INFO] [CHAT] [Союз] MVP+ ┃ MidnightSolitude [#12] » У меня полтора часа еще до колеса
[17:19:14] [Client thread/INFO] [CHAT] [Астроном] MVP+ ┃ CrazyYtka_ [#129] » ну вот через полтора часа
[17:19:19] [Client thread/INFO] [CHAT] [Союз] MVP+ ┃ MidnightSolitude [#12] » Я запомнил
[17:19:21] [Client thread/INFO] [CHAT] [Пульсар] T ┃ xKeEpeR_ [#18] » дак а асмысл делать ключ и ауру
[17:19:28] [Client thread/INFO] [CHAT] [Пульсар] T ┃ xKeEpeR_ [#18] » в колесе
[17:19:31] [Client thread/INFO] [CHAT] [Союз] MVP+ ┃ MidnightSolitude [#12] » У тенса спроси
[17:19:39] [Client thread/INFO] [CHAT] [Странник] kymitik [#191] » а че ауры дают
[17:19:40] [Client thread/INFO] [CHAT] [Пульсар] T ┃ xKeEpeR_ [#18] » он пьяный что ли
[17:19:47] [Client thread/INFO] [CHAT] [Звездочет] G ┃ Denenchick [#102] » для чего токены нужны?
[17:19:52] [Client thread/INFO] [CHAT] [Астероид] D ┃ Pushina [#65] » 1
[17:19:53] [Client thread/INFO] [CHAT] [Пульсар] T ┃ xKeEpeR_ [#18] » а х1200 это чё
[17:19:55] [Client thread/INFO] [CHAT] [Астроном] sterwexxx [#143] » для чего уточки
[17:20:00] [Client thread/INFO] [CHAT] [Союз] MVP+ ┃ MidnightSolitude [#12] » Токены
[17:20:01] [Client thread/INFO] [CHAT] [Астроном] MVP+ ┃ CrazyYtka_ [#129] » чтото крутое
[17:20:04] [Client thread/INFO] [CHAT] [Астроном] sterwexxx [#143] » для чего уточки
[17:20:05] [Client thread/INFO] [CHAT] [Союз] MVP+ ┃ MidnightSolitude [#12] » Для игры в казик
[17:20:08] [Client thread/INFO] [CHAT] [Пульсар] T ┃ xKeEpeR_ [#18] » большой мешок типо
[17:20:19] [Client thread/INFO] [CHAT] [Пульсар] T ┃ xKeEpeR_ [#18] » как в донате
[17:20:26] [Client thread/INFO] [CHAT] [Астроном] MVP+ ┃ CrazyYtka_ [#129] » я надеюсь х1200 от баланса
[17:20:29] [Client thread/INFO] [CHAT] [Союз] MVP+ ┃ MidnightSolitude [#12] » Нет
[17:20:31] [Client thread/INFO] [CHAT] [Астроном] MVP+ ┃ CrazyYtka_ [#129] » D:
[17:20:39] [Client thread/INFO] [CHAT] [Туманник] P ┃ TaFIN [#69] » вчера 1200 выбил)
[17:20:44] [Client thread/INFO] [CHAT] [Пульсар] T ┃ xKeEpeR_ [#18] » и скок дало
[17:20:45] [Client thread/INFO] [CHAT] [Союз] MVP+ ┃ MidnightSolitude [#12] » Это токены или бабки?
[17:20:46] [Client thread/INFO] [CHAT] [Астроном] MVP+ ┃ CrazyYtka_ [#129] » и что дали? tafin
[17:20:49] [Client thread/INFO] [CHAT] [Пульсар] T ┃ xKeEpeR_ [#18] » бабки
[17:20:51] [Client thread/INFO] [CHAT] [Вечность] LS ┃ papo4ka_v_dubae [#3] » надежды нужны чтобы их рушили
[17:21:05] [Client thread/INFO] [CHAT] [Туманник] P ┃ TaFIN [#69] » ну просто х12 баланса
[17:21:09] [Client thread/INFO] [CHAT] [Союз] MVP+ ┃ MidnightSolitude [#12] » Анлаки
[17:21:13] [Client thread/INFO] [CHAT] [Пульсар] T ┃ xKeEpeR_ [#18] » мд
[17:21:18] [Client thread/INFO] [CHAT] [Астроном] MVP+ ┃ CrazyYtka_ [#129] » шлак
[17:21:22] [Client thread/INFO] [CHAT] [Союз] MVP+ ┃ MidnightSolitude [#12] » О, мне такое на старте упало
[17:21:25] [Client thread/INFO] [CHAT] [Союз] MVP+ ┃ MidnightSolitude [#12] » Я рб скипнул
[17:21:39] [Client thread/INFO] [CHAT] [Туманник] P ┃ TaFIN [#69] » такая же хрень
[17:21:45] [Client thread/INFO] [CHAT] [Созвездие] Zhopa777 [#?] » п
[17:22:25] [Client thread/INFO] [CHAT] [Союз] MVP+ ┃ MidnightSolitude [#12] » Сходка патписчиков
[17:22:34] [Client thread/INFO] [CHAT] [Странник] kymitik [#189] » раздача будет?
[17:22:53] [Client thread/INFO] [CHAT] [Комета] HE ┃ Kilah_ [#274] » а зачем достижения существуют?
[17:22:59] [Client thread/INFO] [CHAT] [Союз] MVP+ ┃ MidnightSolitude [#12] » Для респекта
[17:23:43] [Client thread/INFO] [CHAT] [Звездочет] G ┃ Denenchick [#86] » а где тут за токены играть, все ведь за баланс
[17:23:43] [Client thread/INFO] [CHAT] [Звездочет] G ┃ Denenchick [#86] » а где тут за токены играть, все ведь за баланс
[17:23:50] [Client thread/INFO] [CHAT] [Исследователь] snouvik [#304] » 3 рестарта но я во 2 ангаре
[17:23:52] [Client thread/INFO] [CHAT] \n   Сейчас трансляции ведут:\n   MEDIA ┃ fujihiro, MEDIA ┃ quxaniii \n   Напишите /media для проcмотра активных трансляций\n 
[17:23:56] [Client thread/INFO] [CHAT] [Астроном] MVP+ ┃ CrazyYtka_ [#129] » опять всё слил
[17:24:01] [Client thread/INFO] [CHAT] [Союз] MVP+ ┃ MidnightSolitude [#12] » В покере токены нужны
[17:24:04] [Client thread/INFO] [CHAT] [Звездочет] G ┃ Denenchick [#86] » спс
[17:24:16] [Client thread/INFO] [CHAT] [Созвездие] Zhopa777 [#464] » .фр
[17:25:58] [Client thread/INFO] [CHAT] [Созвездие] _Azza [#?] » ааа
[17:26:27] [Client thread/INFO] [CHAT] [Сириус] LS ┃ papo4ka_v_dubae [#3] » .к gj afrne nj vtyz cyzk itgfhl
[17:26:31] [Client thread/INFO] [CHAT] [Созвездие] _Azza [#?] » ну не
[17:26:37] [Client thread/INFO] [CHAT] [Сириус] LS ┃ papo4ka_v_dubae [#3] » не вам
[17:28:25] [Client thread/INFO] [CHAT] [Союз] MVP+ ┃ MidnightSolitude [#12] » Фуфу ХИККупс низя тебе на корабль
[17:28:29] [Client thread/INFO] [CHAT] [Союз] MVP+ ┃ MidnightSolitude [#12] » Тут закрытая тусовка
[17:28:36] [Client thread/INFO] [CHAT] [Сириус] LS ┃ papo4ka_v_dubae [#2] » лсам нельзя чтоли
[17:28:39] [Client thread/INFO] [CHAT] [Сириус] S ┃ CyFrodo [#1] » можно
[17:28:51] [Client thread/INFO] [CHAT] [Союз] MVP+ ┃ MidnightSolitude [#12] » Лсам можно, но не ХИККупсу
[17:28:59] [Client thread/INFO] [CHAT] [Сириус] LS ┃ papo4ka_v_dubae [#2] » норм вы его не любите
[17:29:02] [Client thread/INFO] [CHAT] [Союз] MVP+ ┃ MidnightSolitude [#12] » Как уток перепрятает на земле и корабле
[17:29:07] [Client thread/INFO] [CHAT] [Союз] MVP+ ┃ MidnightSolitude [#12] » Пусть перезвонит.
[17:29:11] [Client thread/INFO] [CHAT] [Исследователь] snouvik [#274] » а как лс писать?
[17:29:15] [Client thread/INFO] [CHAT] [Союз] MVP+ ┃ MidnightSolitude [#12] » ./m
[17:29:31] [Client thread/INFO] [CHAT] [Сириус] LS ┃ papo4ka_v_dubae [#2] » так ало
[17:29:33] [Client thread/INFO] [CHAT] [Исследователь] snouvik [#274] » спсц
[17:29:38] [Client thread/INFO] [CHAT] [Сириус] LS ┃ papo4ka_v_dubae [#2] » он же перепрятал
[17:29:40] [Client thread/INFO] [CHAT] [Союз] MVP+ ┃ MidnightSolitude [#12] » Кого
[17:29:43] [Client thread/INFO] [CHAT] [Сириус] LS ┃ papo4ka_v_dubae [#2] » уток
[17:29:47] [Client thread/INFO] [CHAT] [Союз] MVP+ ┃ MidnightSolitude [#12] » 3 утки поменялись
[17:29:55] [Client thread/INFO] [CHAT] [Союз] MVP+ ┃ MidnightSolitude [#12] » Из 20
[17:29:55] [Client thread/INFO] [CHAT] [Сириус] LS ┃ papo4ka_v_dubae [#2] » целых 3
[17:30:01] [Client thread/INFO] [CHAT] [Сириус] S ┃ CyFrodo [#1] » бог
[17:30:04] [Client thread/INFO] [CHAT] [Сириус] S ┃ CyFrodo [#1] » чекни чат лсов
[17:31:54] [Client thread/INFO] [CHAT] [Сириус] LS ┃ papo4ka_v_dubae [#2] » Интересная у тебя удача
[17:32:05] [Client thread/INFO] [CHAT] [Исследователь] S ┃ AlexPochik [#284] » 
[17:32:32] [Client thread/INFO] [CHAT] [Исследователь] snouvik [#274] » а что за пленник
[17:32:38] [Client thread/INFO] [CHAT] [Союз] MVP+ ┃ MidnightSolitude [#12] » Какой пленник
[17:32:43] [Client thread/INFO] [CHAT] [Исследователь] snouvik [#274] » резиновой изоляции
[17:33:02] [Client thread/INFO] [CHAT] [Спутник] P ┃ _ЛюбитеКотиков_ [#7] » мда
[17:33:05] [Client thread/INFO] [CHAT] [Спутник] P ┃ _ЛюбитеКотиков_ [#7] » проиграл вин катку
[17:33:12] [Client thread/INFO] [CHAT] [Союз] MVP+ ┃ MidnightSolitude [#12] » Красавчик
[17:33:23] [Client thread/INFO] [CHAT] [Союз] MVP+ ┃ MidnightSolitude [#13] » Это всё потому что меня, новичка, не взял
[17:33:29] [Client thread/INFO] [CHAT] [Комета] HE ┃ Kilah_ [#244] » стоит покупать компаньона за кристаллики?
[17:33:32] [Client thread/INFO] [CHAT] [Союз] MVP+ ┃ MidnightSolitude [#13] » Стоит
[17:33:35] [Client thread/INFO] [CHAT] [Союз] MVP+ ┃ MidnightSolitude [#13] » Двух даже
[17:33:40] [Client thread/INFO] [CHAT] [Комета] HE ┃ Kilah_ [#244] » а можно же 1 ток
[17:33:46] [Client thread/INFO] [CHAT] [Спутник] P ┃ _ЛюбитеКотиков_ [#7] » ну я хз как в этот соло ранг играть
[17:33:47] [Client thread/INFO] [CHAT] [Союз] MVP+ ┃ MidnightSolitude [#13] » Так их и менять можно
[17:33:49] [Client thread/INFO] [CHAT] [Спутник] P ┃ _ЛюбитеКотиков_ [#7] » сдохнуть можно
[17:34:02] [Client thread/INFO] [CHAT] [Комета] HE ┃ Kilah_ [#244] » а какой полезнее будет на твой взгляд миднайт
[17:34:03] [Client thread/INFO] [CHAT] [Сириус] LS ┃ papo4ka_v_dubae [#2] » сантер ты тут?
[17:34:07] [Client thread/INFO] [CHAT] [Сириус] S ┃ CyFrodo [#1] » я тут
[17:34:15] [Client thread/INFO] [CHAT] [Союз] MVP+ ┃ MidnightSolitude [#13] » Смотря чо ты хочеш от компаньона
[17:34:25] [Client thread/INFO] [CHAT] [Странник] V ┃ BaNdAnA_JoRj125 [#218] » для чего токены?
[17:34:27] [Client thread/INFO] [CHAT] [Союз] MVP+ ┃ MidnightSolitude [#13] » Самый лучший - тости
[17:34:30] [Client thread/INFO] [CHAT] [Союз] MVP+ ┃ MidnightSolitude [#13] » Для игры в покер
[17:34:30] [Client thread/INFO] [CHAT] [Комета] HE ┃ Kilah_ [#244] » хочется быстрее прогрессировать
[17:34:35] [Client thread/INFO] [CHAT] [Союз] MVP+ ┃ MidnightSolitude [#13] » Ну смотри
[17:34:43] [Client thread/INFO] [CHAT] [Сириус] LS ┃ papo4ka_v_dubae [#2] » джаст дуид
[17:34:52] [Client thread/INFO] [CHAT] [Исследователь] S ┃ AlexPochik [#278] » 
[17:34:57] [Client thread/INFO] [CHAT] [Союз] MVP+ ┃ MidnightSolitude [#13] » Тенси тебе дает петов классных
[17:34:58] [Client thread/INFO] [CHAT] [Сириус] LS ┃ papo4ka_v_dubae [#2] » Скорсоть дропперов 0.361с
[17:35:03] [Client thread/INFO] [CHAT] [Странник] V ┃ BaNdAnA_JoRj125 [#218] » кто в покер?\
[17:35:10] [Client thread/INFO] [CHAT] [Сириус] S ┃ CyFrodo [#1] » бог как тебе
[17:35:12] [Client thread/INFO] [CHAT] [Союз] MVP+ ┃ MidnightSolitude [#13] » А Трости баффает твой доход
[17:35:13] [Client thread/INFO] [CHAT] [Сириус] S ┃ CyFrodo [#1] » прикольно да
[17:35:19] [Client thread/INFO] [CHAT] [Астроном] MVP+ ┃ CrazyYtka_ [#130] » bandana пошли
[17:35:22] [Client thread/INFO] [CHAT] [Сириус] LS ┃ papo4ka_v_dubae [#2] » мне прикольно
[17:35:28] [Client thread/INFO] [CHAT] [Сириус] LS ┃ papo4ka_v_dubae [#2] » потому что я хз за что бан
[17:35:35] [Client thread/INFO] [CHAT] [Сириус] S ┃ CyFrodo [#1] » етх
[17:35:40] [Client thread/INFO] [CHAT] [Спутник] P ┃ _ЛюбитеКотиков_ [#7] » а чо скорость дроперов может до 0 опуститься уде
[17:35:41] [Client thread/INFO] [CHAT] [Астроном] MVP+ ┃ CrazyYtka_ [#130] » bandana пошли в покер
[17:35:47] [Client thread/INFO] [CHAT] [Странник] V ┃ BaNdAnA_JoRj125 [#218] » создавай
[17:35:47] [Client thread/INFO] [CHAT] [Сириус] LS ┃ papo4ka_v_dubae [#2] » так окей если етх то этот акк как жив
[17:36:00] [Client thread/INFO] [CHAT] [Сириус] LS ┃ papo4ka_v_dubae [#2] » Да и я без него
[17:36:14] [Client thread/INFO] [CHAT] [Странник] V ┃ BaNdAnA_JoRj125 [#218] » на 100 делай
[17:36:14] [Client thread/INFO] [CHAT] [Астроном] MVP+ ┃ CrazyYtka_ [#130] » создал
[17:36:27] [Client thread/INFO] [CHAT] [Пульсар] H ┃ Existl1oudlu [#16] » сколько часов назад я сказал что уже ушел спать
[17:36:28] [Client thread/INFO] [CHAT] [Сириус] LS ┃ papo4ka_v_dubae [#2] » Крч пока что без читов живем
[17:36:33] [Client thread/INFO] [CHAT] [Сириус] S ┃ CyFrodo [#1] » пока что
[17:36:35] [Client thread/INFO] [CHAT] [Космонавт] tttkv [#352] » люди как летать на коробле
[17:36:37] [Client thread/INFO] [CHAT] [Странник] kymitik [#181] » коч
[17:36:41] [Client thread/INFO] [CHAT] [Союз] MVP+ ┃ MidnightSolitude [#13] » Часов 10 назад
[17:36:43] [Client thread/INFO] [CHAT] [Сириус] LS ┃ papo4ka_v_dubae [#2] » до следующего принятие в ряды тестеров
[17:36:52] [Client thread/INFO] [CHAT] [Сириус] S ┃ CyFrodo [#1] » а ты думаешь ты не в чс
[17:36:53] [Client thread/INFO] [CHAT] [Странник] V ┃ BaNdAnA_JoRj125 [#218] » делай на 100 токенов
[17:37:03] [Client thread/INFO] [CHAT] [Сириус] LS ┃ papo4ka_v_dubae [#2] » мне шепард написал что я не в чс
[17:37:36] [Client thread/INFO] [CHAT] [Исследователь] snouvik [#268] » минута и 4 регрессия
[17:37:37] [Client thread/INFO] [CHAT] [Сириус] LS ┃ papo4ka_v_dubae [#2] » но я все еще надеюсь на то что меня разбанят
[17:37:44] [Client thread/INFO] [CHAT] [Странник] V ┃ BaNdAnA_JoRj125 [#218] » 1 меня 90
[17:37:57] [Client thread/INFO] [CHAT] [Андромеда] P ┃ NerdyDayZ [#21] » Регрессия? xd
[17:38:00] [Client thread/INFO] [CHAT] [Астроном] MVP+ ┃ CrazyYtka_ [#130] » заходи ща сделаю
[17:38:11] [Client thread/INFO] [CHAT] [Исследователь] snouvik [#268] » как думаете играть дальше в майн или идти смотрель магичку
[17:38:47] [Client thread/INFO] [CHAT] [Комета] snouvik [#268] » просто тяжелый выбор
[17:39:09] [Client thread/INFO] [CHAT] [Спутник] P ┃ _ЛюбитеКотиков_ [#7] » кенди вернул свой т1
[17:39:19] [Client thread/INFO] [CHAT] [Сверхновая] P ┃ MSMM [#43] » выстави в майне минимальные настройки и иди делай свои дела, я вон в варфейс гоняю
[17:39:22] [Client thread/INFO] [CHAT] [Сириус] S ┃ CyFrodo [#2] » фродо копает мало
[17:39:25] [Client thread/INFO] [CHAT] [Сириус] S ┃ CyFrodo [#2] » балбес
[17:39:34] [Client thread/INFO] [CHAT] [Спутник] P ┃ _ЛюбитеКотиков_ [#7] » заставь копать его больше
[17:39:35] [Client thread/INFO] [CHAT] [Созвездие] _Azza [#?] » кенди это антагонист в джанго анчейнед
[17:39:40] [Client thread/INFO] [CHAT] [Комета] snouvik [#248] » а зачем минимальные ставить?
[17:39:49] [Client thread/INFO] [CHAT] [Комета] snouvik [#248] » у меня ноут игровойй
[17:39:50] [Client thread/INFO] [CHAT] [Сириус] LS ┃ papo4ka_v_dubae [#3] » сила депа и рб 40
[17:39:57] [Client thread/INFO] [CHAT] [Сириус] S ┃ CyFrodo [#2] » ты мне
[17:40:00] [Client thread/INFO] [CHAT] [Астероид] D ┃ Pushina [#57] » лучшие петы это которые выпали с тремя характеристиками?
[17:40:02] [Client thread/INFO] [CHAT] [Спутник] P ┃ _ЛюбитеКотиков_ [#7] » мб рил депнуть...
[17:40:03] [Client thread/INFO] [CHAT] [Сверхновая] P ┃ MSMM [#43] » чтобы оперативку не хавало и процесор не долбило
[17:40:17] [Client thread/INFO] [CHAT] [Комета] snouvik [#248] » у меня ток видюха так себе
[17:40:22] [Client thread/INFO] [CHAT] [Комета] snouvik [#248] » 3050
[17:40:22] [Client thread/INFO] [CHAT] [Спутник] P ┃ _ЛюбитеКотиков_ [#7] » лан бог я тебе доверюсь
[17:40:41] [Client thread/INFO] [CHAT] [Спутник] P ┃ _ЛюбитеКотиков_ [#7] » на что ставить
[17:40:45] [Client thread/INFO] [CHAT] [Сверхновая] P ┃ MSMM [#43] » чёрное
[17:40:45] [Client thread/INFO] [CHAT] [Сириус] LS ┃ papo4ka_v_dubae [#3] » красное
[17:40:46] [Client thread/INFO] [CHAT] [Комета] snouvik [#248] » на черное
[17:40:48] [Client thread/INFO] [CHAT] [Сириус] S ┃ CyFrodo [#2] » на четное
[17:41:08] [Client thread/INFO] [CHAT] [Сверхновая] snufflubitel [#44] » в чем смысл дроперов с кнопкой
[17:41:14] [Client thread/INFO] [CHAT] [Сириус] S ┃ CyFrodo [#2] » кликать
[17:41:16] [Client thread/INFO] [CHAT] [Сверхновая] P ┃ MSMM [#43] » нажимать
[17:41:19] [Client thread/INFO] [CHAT] [Комета] snouvik [#248] » забей на них
[17:41:21] [Client thread/INFO] [CHAT] [Сверхновая] snufflubitel [#44] » за респект?
[17:41:31] [Client thread/INFO] [CHAT] [Сверхновая] P ┃ MSMM [#43] » именно
[17:41:35] [Client thread/INFO] [CHAT] [Сверхновая] P ┃ MSMM [#43] » уважение братвы
[17:41:40] [Client thread/INFO] [CHAT] [Сириус] LS ┃ papo4ka_v_dubae [#3] » найс 26d
[17:41:42] [Client thread/INFO] [CHAT] i Бустер монет от S ┃ AlexPochik закончился!
[17:41:56] [Client thread/INFO] [CHAT] [Спутник] P ┃ _ЛюбитеКотиков_ [#7] » да ну нахуй
[17:41:59] [Client thread/INFO] [CHAT] [Комета] snouvik [#248] » хпхппхпхпххп
[17:41:59] [Client thread/INFO] [CHAT] [Сириус] LS ┃ papo4ka_v_dubae [#3] » v
[17:42:06] [Client thread/INFO] [CHAT] [Сириус] LS ┃ papo4ka_v_dubae [#3] » чо
[17:42:08] [Client thread/INFO] [CHAT] [Астроном] MVP+ ┃ CrazyYtka_ [#133] » заходи бандана
[17:42:10] [Client thread/INFO] [CHAT] [Спутник] P ┃ _ЛюбитеКотиков_ [#7] » выиграл
[17:42:14] [Client thread/INFO] [CHAT] [Сверхновая] P ┃ MSMM [#43] » на что поставил?
[17:42:16] [Client thread/INFO] [CHAT] [Сириус] LS ┃ papo4ka_v_dubae [#3] » и сразу рб
[17:42:18] [Client thread/INFO] [CHAT] [Спутник] P ┃ _ЛюбитеКотиков_ [#7] » не
[17:42:23] [Client thread/INFO] [CHAT] [Спутник] P ┃ _ЛюбитеКотиков_ [#7] » там ещё надо постоять
[17:42:35] [Client thread/INFO] [CHAT] [Астроном] MVP+ ┃ CrazyYtka_ [#133] » заходи бандана я новую создам
[17:43:16] [Client thread/INFO] [CHAT] [Спутник] P ┃ _ЛюбитеКотиков_ [#7] » все можно дальше доход апать
[17:43:41] [Client thread/INFO] [CHAT] [Комета] snouvik [#248] » у всех эта штука
[17:43:51] [Client thread/INFO] [CHAT] [Комета] snouvik [#248] » на всю мощь называется\
[17:44:31] [Client thread/INFO] [CHAT] [Спутник] P ┃ _ЛюбитеКотиков_ [#7] » ого
[17:44:38] [Client thread/INFO] [CHAT] [Спутник] P ┃ _ЛюбитеКотиков_ [#7] » локальный дроппер дали
[17:44:49] [Client thread/INFO] [CHAT] [Спутник] P ┃ _ЛюбитеКотиков_ [#7] » когда тут показано очистов
[17:45:19] [Client thread/ERROR] Error on handle event #BXBFw in Mod{name='SpaceTycoon', version='1.0.0+bc67650', persistent=false, delegate=a.a.d.a.a, modState=LOADED}
java.lang.IndexOutOfBoundsException: index: 70, length: 1 (expected: range(0, 70))
	at io.netty.buffer.AbstractByteBuf.checkRangeBounds(AbstractByteBuf.java:1390)
	at io.netty.buffer.AbstractByteBuf.checkIndex0(AbstractByteBuf.java:1397)
	at io.netty.buffer.AbstractUnpooledSlicedByteBuf.getBytes(AbstractUnpooledSlicedByteBuf.java:242)
	at io.netty.buffer.ReadOnlyByteBuf.getBytes(ReadOnlyByteBuf.java:270)
	at io.netty.buffer.ByteBufUtil.decodeString(ByteBufUtil.java:1151)
	at io.netty.buffer.AbstractByteBuf.toString(AbstractByteBuf.java:1246)
	at dev.xdark.feder.NetUtil.readString0(NetUtil.java:833)
	at dev.xdark.feder.NetUtil.readUtf8(NetUtil.java:188)
	at SpaceTycoon-v1.0.0+bc67650//a.a.a.m.a.f(SourceFile:176)
	at SpaceTycoon-v1.0.0+bc67650//a.a.d.a.e.h.b.d(SourceFile:60)
	at SpaceTycoon-v1.0.0+bc67650//a.a.d.a.e.h.b.injectedLambda$d$3(SourceFile)
	at SpaceTycoon-v1.0.0+bc67650//a.a.a.m.a.b(SourceFile:58)
	at SpaceTycoon-v1.0.0+bc67650//a.a.a.m.a.injectedLambda$b$0(SourceFile)
	at #RaGIl.saYo(SourceFile:83)
	at #hvoSL.bBM(Unknown Source)
	at #hvoSL.accept(Unknown Source)
	at #ykMcj.slwQ(SourceFile:105)
	at #BrtKi.laL(Unknown Source)
	at #BrtKi.accept(Unknown Source)
	at #SmDYl.shof(SourceFile:59)
	at #vxdAh.blq(SourceFile)
	at #DRZva.smvZ(SourceFile:89)
	at #WblDI.sciG(SourceFile:100)
	at #DDMvh.hcz(SourceFile)
	at #GXpIT.slFh(SourceFile:75)
	at #acUkE.drn(SourceFile:650)
	at #qKRzt.skLS(Unknown Source:2396)
	at #hyWbW.satX(SourceFile:1837)
	at #RofNI.dB(SourceFile:43)
	at #GLnhB.run(SourceFile:32)
	at #GILEo.saUt(Unknown Source:40)
	at #sJuki.sfWB(SourceFile:11)
	at java.base/java.util.concurrent.FutureTask.run(Unknown Source)
	at #bfAok.sjvn(SourceFile:45)
	at #ptzkp.gXZ(SourceFile:52)
	at #gZdVe.sbpI(SourceFile:1466)
	at #UDDPE.sdDd(Unknown Source:1632)
	at #GMfdJ.sask(SourceFile:487)
	at net.minecraft.client.main.GameMain.iwR(SourceFile:220)
	at net.minecraft.client.main.GameMain.jtH(SourceFile:156)
	at #ZpHYL.i(Unknown Source)
	at #ZpHYL.run(Unknown Source)
	at java.base/java.lang.Thread.run(Unknown Source)
[17:45:22] [Client thread/ERROR] Error on handle event #BXBFw in Mod{name='SpaceTycoon', version='1.0.0+bc67650', persistent=false, delegate=a.a.d.a.a, modState=LOADED}
java.lang.IndexOutOfBoundsException: index: 69, length: 1 (expected: range(0, 69))
	at io.netty.buffer.AbstractByteBuf.checkRangeBounds(AbstractByteBuf.java:1390)
	at io.netty.buffer.AbstractByteBuf.checkIndex0(AbstractByteBuf.java:1397)
	at io.netty.buffer.AbstractUnpooledSlicedByteBuf.getBytes(AbstractUnpooledSlicedByteBuf.java:242)
	at io.netty.buffer.ReadOnlyByteBuf.getBytes(ReadOnlyByteBuf.java:270)
	at io.netty.buffer.ByteBufUtil.decodeString(ByteBufUtil.java:1151)
	at io.netty.buffer.AbstractByteBuf.toString(AbstractByteBuf.java:1246)
	at dev.xdark.feder.NetUtil.readString0(NetUtil.java:833)
	at dev.xdark.feder.NetUtil.readUtf8(NetUtil.java:188)
	at SpaceTycoon-v1.0.0+bc67650//a.a.a.m.a.f(SourceFile:176)
	at SpaceTycoon-v1.0.0+bc67650//a.a.d.a.e.h.b.d(SourceFile:60)
	at SpaceTycoon-v1.0.0+bc67650//a.a.d.a.e.h.b.injectedLambda$d$3(SourceFile)
	at SpaceTycoon-v1.0.0+bc67650//a.a.a.m.a.b(SourceFile:58)
	at SpaceTycoon-v1.0.0+bc67650//a.a.a.m.a.injectedLambda$b$0(SourceFile)
	at #RaGIl.saYo(SourceFile:83)
	at #hvoSL.bBM(Unknown Source)
	at #hvoSL.accept(Unknown Source)
	at #ykMcj.slwQ(SourceFile:105)
	at #BrtKi.laL(Unknown Source)
	at #BrtKi.accept(Unknown Source)
	at #SmDYl.shof(SourceFile:59)
	at #vxdAh.blq(SourceFile)
	at #DRZva.smvZ(SourceFile:89)
	at #WblDI.sciG(SourceFile:100)
	at #DDMvh.hcz(SourceFile)
	at #GXpIT.slFh(SourceFile:75)
	at #acUkE.drn(SourceFile:650)
	at #qKRzt.skLS(Unknown Source:2396)
	at #hyWbW.satX(SourceFile:1837)
	at #RofNI.dB(SourceFile:43)
	at #GLnhB.run(SourceFile:32)
	at #GILEo.saUt(Unknown Source:40)
	at #sJuki.sfWB(SourceFile:11)
	at java.base/java.util.concurrent.FutureTask.run(Unknown Source)
	at #bfAok.sjvn(SourceFile:45)
	at #ptzkp.gXZ(SourceFile:52)
	at #gZdVe.sbpI(SourceFile:1466)
	at #UDDPE.sdDd(Unknown Source:1632)
	at #GMfdJ.sask(SourceFile:487)
	at net.minecraft.client.main.GameMain.iwR(SourceFile:220)
	at net.minecraft.client.main.GameMain.jtH(SourceFile:156)
	at #ZpHYL.i(Unknown Source)
	at #ZpHYL.run(Unknown Source)
	at java.base/java.lang.Thread.run(Unknown Source)
[17:45:56] [Client thread/INFO] [CHAT] [Странник] P ┃ Tveiv [#250] »  а как корабль открыть, который локация
[17:45:58] [Client thread/INFO] [CHAT] [Спутник] P ┃ _ЛюбитеКотиков_ [#7] » бог тут ?
[17:46:22] [Client thread/INFO] [CHAT] [Спутник] P ┃ _ЛюбитеКотиков_ [#7] » видимо не
[17:46:35] [Client thread/INFO] [CHAT] [Сверхновая] snufflubitel [#44] » бог с нами
[17:46:45] [Client thread/INFO] [CHAT] [Комета] S ┃ AlexPochik [#255] » 
[17:46:47] [Client thread/INFO] [CHAT] [Сверхновая] P ┃ MSMM [#42] » сука..
[17:46:48] [Client thread/INFO] [CHAT] i Бустер дропперов от P+ ┃ topcnik_v_pvp закончился!
[17:46:51] [Client thread/INFO] [CHAT] [Сверхновая] P ┃ MSMM [#42] » я свой рб проебал
[17:47:21] [Client thread/INFO] [CHAT] P+ ┃ bezuprechnyi [#?] »  как на новые локи нереходить?
[17:47:36] [Client thread/INFO] [CHAT] [Комета] snouvik [#246] » хз
[17:47:41] [Client thread/INFO] [CHAT] [Комета] snouvik [#246] » качайся
[17:47:58] [Client thread/INFO] [CHAT] [Андромеда] P ┃ NerdyDayZ [#21] » пресс, анжуманя
[17:48:08] [Client thread/INFO] [CHAT] [Сириус] LS ┃ papo4ka_v_dubae [#3] » я тут
[17:48:11] [Client thread/INFO] [CHAT] [Спутник] P ┃ _ЛюбитеКотиков_ [#7] » крч
[17:48:12] [Client thread/INFO] [CHAT] [Пульсар] T ┃ xKeEpeR_ [#18] » ку
[17:48:21] [Client thread/INFO] [CHAT] [Сириус] LS ┃ papo4ka_v_dubae [#3] » привет
[17:48:25] [Client thread/INFO] [CHAT] i Бустер конвейеров от P+ ┃ topcnik_v_pvp закончился!
[17:48:26] [Client thread/INFO] [CHAT] [Спутник] P ┃ _ЛюбитеКотиков_ [#7] » сколько очистов на 2 гараже орианда
[17:48:34] [Client thread/INFO] [CHAT] [Спутник] P ┃ _ЛюбитеКотиков_ [#7] » ?
[17:48:39] [Client thread/INFO] [CHAT] [Спутник] P ┃ _ЛюбитеКотиков_ [#7] » 3?
[17:48:49] [Client thread/INFO] [CHAT] [Сириус] LS ┃ papo4ka_v_dubae [#3] » каком гараже
[17:48:50] [Client thread/INFO] [CHAT] P+ ┃ bezuprechnyi [#?] »  тут нету же перерождений?
[17:48:52] [Client thread/INFO] [CHAT] [Спутник] P ┃ _ЛюбитеКотиков_ [#7] » 2
[17:48:57] [Client thread/INFO] [CHAT] [Сириус] LS ┃ papo4ka_v_dubae [#3] » ща секу
[17:49:12] [Client thread/INFO] [CHAT] [Сириус] LS ┃ papo4ka_v_dubae [#3] » 4
[17:49:15] [Client thread/INFO] [CHAT] [Спутник] P ┃ _ЛюбитеКотиков_ [#7] » ого
[17:49:25] [Client thread/INFO] [CHAT] [Спутник] P ┃ _ЛюбитеКотиков_ [#7] » ну щас тогда рб в гору поидут
[17:49:33] [Client thread/INFO] [CHAT] [Сириус] LS ┃ papo4ka_v_dubae [#3] » ne))
[17:49:35] [Client thread/INFO] [CHAT] [Спутник] P ┃ _ЛюбитеКотиков_ [#7] » поч
[17:49:44] [Client thread/INFO] [CHAT] [Космонавт] _Azza [#463] » гггггггггг
[17:49:45] [Client thread/INFO] [CHAT] [Сириус] LS ┃ papo4ka_v_dubae [#3] » у тебя сколько рб стоит
[17:49:51] [Client thread/INFO] [CHAT] [Спутник] P ┃ _ЛюбитеКотиков_ [#7] » 14sp
[17:49:53] [Client thread/INFO] [CHAT] [Космонавт] _Azza [#463] » 40Б
[17:50:06] [Client thread/INFO] [CHAT] [Сириус] LS ┃ papo4ka_v_dubae [#3] » ну поживешь увидешь
[17:50:23] [Client thread/INFO] [CHAT] [Спутник] P ┃ _ЛюбитеКотиков_ [#7] » 0_0
[17:50:40] [Client thread/INFO] [CHAT] [Сириус] LS ┃ papo4ka_v_dubae [#3] » я уже не помню цены просто но они высокие там
[17:50:55] [Client thread/INFO] [CHAT] [Звездочет] I ┃ scp22 [#89] » в каких секциях на велории утки?
[17:51:22] [Client thread/INFO] [CHAT] heim_123 [#?] » а что остается после перерождения:
[17:51:26] [Client thread/INFO] [CHAT] heim_123 [#?] » ?
[17:51:29] [Client thread/INFO] [CHAT] [Космонавт] _Azza [#396] » когда санитарка придет и заберет мою утку?
[17:51:30] [Client thread/INFO] [CHAT] [Сверхновая] xmizz [#43] » ничего
[17:51:31] [Client thread/INFO] [CHAT] [Сверхновая] snufflubitel [#42] » респект
[17:51:41] [Client thread/INFO] [CHAT] heim_123 [#?] » Ну там может питмоцы
[17:51:54] [Client thread/INFO] [CHAT] [Гравитатор] P+ ┃ deferscky [#97] » все остается кроме денег
[17:52:04] [Client thread/INFO] [CHAT] [Сириус] LS ┃ papo4ka_v_dubae [#3] » чето тяжело парни без бустиков
[17:52:08] [Client thread/INFO] [CHAT] heim_123 [#?] » спасибо
[17:52:20] [Client thread/INFO] [CHAT] [Сверхновая] xmizz [#43] » snufflubitel сколка времени до рб ?
[17:52:28] [Client thread/INFO] [CHAT] [Спутник] P ┃ _ЛюбитеКотиков_ [#7] » ого уже 40 рб
[17:52:30] [Client thread/INFO] [CHAT] [Союз] H ┃ Existl1oudlu [#14] » мои глаза просто не слушают меня
[17:52:33] [Client thread/INFO] [CHAT] [Союз] H ┃ Existl1oudlu [#14] » gg
[17:52:37] [Client thread/INFO] [CHAT] [Сириус] LS ┃ papo4ka_v_dubae [#3] » спи
[17:52:49] [Client thread/INFO] [CHAT] [Союз] H ┃ Existl1oudlu [#14] » я жду пока хелперку снимут
[17:52:58] [Client thread/INFO] [CHAT] [Сириус] LS ┃ papo4ka_v_dubae [#3] » тебе её долго же не снимут
[17:53:08] [Client thread/INFO] [CHAT] [Сириус] LS ┃ papo4ka_v_dubae [#3] » ты уже перенес да
[17:53:13] [Client thread/INFO] [CHAT] [Союз] H ┃ Existl1oudlu [#14] » кенту за 4 часа сняли и на другой акк перенесли
[17:53:20] [Client thread/INFO] [CHAT] [Сириус] LS ┃ papo4ka_v_dubae [#3] » Перезайди
[17:53:25] [Client thread/INFO] [CHAT] [Союз] H ┃ Existl1oudlu [#14] » уже?
[17:53:30] [Client thread/INFO] [CHAT] [Союз] H ┃ Existl1oudlu [#14] » хелперки нету?
[17:53:41] [Client thread/INFO] [CHAT] [Сириус] LS ┃ papo4ka_v_dubae [#3] » не все еще есть
[17:53:50] [Client thread/INFO] [CHAT] [Космонавт] _Azza [#396] » замуть меня
[17:53:51] [Client thread/INFO] [CHAT] [Союз] H ┃ Existl1oudlu [#14] » я уже обрадовался
[17:53:56] [Client thread/INFO] [CHAT] [Союз] H ┃ Existl1oudlu [#14] » думал спать пойду
[17:54:00] [Client thread/INFO] [CHAT] [Странник] HE ┃ Kilah_ [#229] » подскажите пожалуйста, для чего уточек искать?
[17:54:03] [Client thread/INFO] [CHAT] [Сириус] LS ┃ papo4ka_v_dubae [#3] » ну якогда переносил мне все сразу сделали но у хелперов вроде дольше
[17:54:07] [Client thread/INFO] [CHAT] [Союз] H ┃ Existl1oudlu [#14] » кейс аур получишь
[17:54:10] [Client thread/INFO] [CHAT] [Союз] H ┃ Existl1oudlu [#14] » за 20 уточек
[17:54:12] [Client thread/INFO] [CHAT] [Созвездие] P+ ┃ bezuprechnyi [#?] »  куда девать очки прокачки?
[17:54:21] [Client thread/INFO] [CHAT] [Странник] HE ┃ Kilah_ [#229] » сяпки
[17:54:31] [Client thread/INFO] [CHAT] [Сверхновая] snufflubitel [#42] » в чем смысл петов на 2 3 и тд планетах?
[17:54:37] [Client thread/INFO] [CHAT] [Сверхновая] snufflubitel [#42] » они сильнее или не
[17:54:42] [Client thread/INFO] [CHAT] [Союз] H ┃ Existl1oudlu [#14] » а тебе что переносили?
[17:54:42] [Client thread/INFO] [CHAT] [Сириус] LS ┃ papo4ka_v_dubae [#3] » сильнее
[17:54:46] [Client thread/INFO] [CHAT] [Сириус] LS ┃ papo4ka_v_dubae [#3] » тестерку
[17:54:47] [Client thread/INFO] [CHAT] [Сверхновая] xmizz [#43] » смысла нету
[17:54:49] [Client thread/INFO] [CHAT] [Созвездие] P+ ┃ bezuprechnyi [#?] »  куда девать очки прокачки?
[17:54:53] [Client thread/INFO] [CHAT] [Союз] H ┃ Existl1oudlu [#14] » а, ну тестерка да
[17:55:00] [Client thread/INFO] [CHAT]  \ni До начала Астероидной битвы осталось 5м!\n 
[17:55:21] [Client thread/INFO] [CHAT] [Сириус] LS ┃ papo4ka_v_dubae [#3] » хелпером чото не охота быть
[17:55:30] [Client thread/INFO] [CHAT] [Галактик] E ┃ ThxMe [#33] » надо за чатом следить
[17:55:33] [Client thread/INFO] [CHAT] [Сириус] LS ┃ papo4ka_v_dubae [#3] » вот можно было бы афкашить..
[17:55:35] [Client thread/INFO] [CHAT] [Союз] MVP+ ┃ MidnightSolitude [#13] » и афк нелщя
[17:55:38] [Client thread/INFO] [CHAT] [Союз] MVP+ ┃ MidnightSolitude [#13] » нельзя
[17:55:41] [Client thread/INFO] [CHAT] [Союз] H ┃ Existl1oudlu [#14] » вот я про это же
[17:55:58] [Client thread/INFO] [CHAT] [Союз] H ┃ Existl1oudlu [#14] » мне афк оставить уйти спать
[17:56:00] [Client thread/INFO] [CHAT]  \ni До начала Астероидной битвы осталось 4м!\n 
[17:56:02] [Client thread/INFO] [CHAT] [Астроном] kymitik [#161] » купите бусты exist
[17:56:15] [Client thread/INFO] [CHAT] [Сириус] LS ┃ papo4ka_v_dubae [#3] » не надо бустиков
[17:56:20] [Client thread/INFO] [CHAT] [Космонавт] _Azza [#383] » надо
[17:56:22] [Client thread/INFO] [CHAT] [Межгалактик] P ┃ _ЛюбитеКотиков_ [#7] » нет
[17:56:23] [Client thread/INFO] [CHAT] [Астроном] kymitik [#161] » надо
[17:56:24] [Client thread/INFO] [CHAT] [Союз] H ┃ Existl1oudlu [#14] » а я че
[17:56:31] [Client thread/INFO] [CHAT] [Союз] H ┃ Existl1oudlu [#14] » вот у вас LS есть
[17:56:39] [Client thread/INFO] [CHAT] [Межгалактик] P ┃ _ЛюбитеКотиков_ [#7] » а ты хелпер
[17:56:43] [Client thread/INFO] [CHAT] [Союз] H ┃ Existl1oudlu [#14] » и что
[17:56:49] [Client thread/INFO] [CHAT] [Межгалактик] P ┃ _ЛюбитеКотиков_ [#7] » ты помогать должен
[17:56:49] [Client thread/INFO] [CHAT] [Астроном] kymitik [#161] » ты хелпер=богатый как миниум на сухарики денег дают
[17:57:00] [Client thread/INFO] [CHAT]  \ni До начала Астероидной битвы осталось 3м!\n 
[17:57:07] [Client thread/INFO] [CHAT] [Союз] H ┃ Existl1oudlu [#14] » не
[17:57:09] [Client thread/INFO] [CHAT] [Межгалактик] P ┃ _ЛюбитеКотиков_ [#7] » да
[17:57:15] [Client thread/INFO] [CHAT] [Союз] H ┃ Existl1oudlu [#14] » я помогать не должен донатом
[17:57:15] [Client thread/INFO] [CHAT] [Астроном] kymitik [#161] » да
[17:57:16] [Client thread/INFO] [CHAT] [Галактик] E ┃ ThxMe [#33] » максимум на сухарики и хватит)
[17:57:22] [Client thread/INFO] [CHAT] [Союз] H ┃ Existl1oudlu [#14] » папочка помоги
[17:57:31] [Client thread/INFO] [CHAT] [Сириус] LS ┃ papo4ka_v_dubae [#3] » Что
[17:57:35] [Client thread/INFO] [CHAT] [Союз] H ┃ Existl1oudlu [#14] » че они пристали
[17:57:37] [Client thread/INFO] [CHAT] [Астроном] kymitik [#161] » один бустик на денежки и все
[17:57:43] [Client thread/INFO] [CHAT] [Сириус] LS ┃ papo4ka_v_dubae [#3] » любят тебя
[17:57:46] [Client thread/INFO] [CHAT] [Космонавт] _Azza [#383] » буст дай
[17:57:54] [Client thread/INFO] [CHAT] [Союз] H ┃ Existl1oudlu [#14] » не любят они меня
[17:57:58] [Client thread/INFO] [CHAT] [Астроном] kymitik [#161] » любим
[17:58:00] [Client thread/INFO] [CHAT] [Космонавт] _Azza [#383] » я люблю тебя
[17:58:00] [Client thread/INFO] [CHAT]  \ni До начала Астероидной битвы осталось 2м!\n 
[17:58:01] [Client thread/INFO] [CHAT] [Комета] snouvik [#246] » не люят
[17:58:04] [Client thread/INFO] [CHAT] [Астроном] kymitik [#161] » переживаем за тебя
[17:58:10] [Client thread/INFO] [CHAT] [Союз] MVP+ ┃ MidnightSolitude [#13] » АХАХ зачем я прочитал хелпер = богатый...
[17:58:13] [Client thread/INFO] [CHAT] [Сириус] LS ┃ papo4ka_v_dubae [#3] » нормальная у тебя фан база
[17:58:14] [Client thread/INFO] [CHAT] [Комета] snouvik [#246] » не переживаем
[17:58:15] [Client thread/ERROR] Error on handle event #BXBFw in Mod{name='SpaceTycoon', version='1.0.0+bc67650', persistent=false, delegate=a.a.d.a.a, modState=LOADED}
java.lang.IndexOutOfBoundsException: index: 69, length: 1 (expected: range(0, 69))
	at io.netty.buffer.AbstractByteBuf.checkRangeBounds(AbstractByteBuf.java:1390)
	at io.netty.buffer.AbstractByteBuf.checkIndex0(AbstractByteBuf.java:1397)
	at io.netty.buffer.AbstractUnpooledSlicedByteBuf.getBytes(AbstractUnpooledSlicedByteBuf.java:242)
	at io.netty.buffer.ReadOnlyByteBuf.getBytes(ReadOnlyByteBuf.java:270)
	at io.netty.buffer.ByteBufUtil.decodeString(ByteBufUtil.java:1151)
	at io.netty.buffer.AbstractByteBuf.toString(AbstractByteBuf.java:1246)
	at dev.xdark.feder.NetUtil.readString0(NetUtil.java:833)
	at dev.xdark.feder.NetUtil.readUtf8(NetUtil.java:188)
	at SpaceTycoon-v1.0.0+bc67650//a.a.a.m.a.f(SourceFile:176)
	at SpaceTycoon-v1.0.0+bc67650//a.a.d.a.e.h.b.d(SourceFile:60)
	at SpaceTycoon-v1.0.0+bc67650//a.a.d.a.e.h.b.injectedLambda$d$3(SourceFile)
	at SpaceTycoon-v1.0.0+bc67650//a.a.a.m.a.b(SourceFile:58)
	at SpaceTycoon-v1.0.0+bc67650//a.a.a.m.a.injectedLambda$b$0(SourceFile)
	at #RaGIl.saYo(SourceFile:83)
	at #hvoSL.bBM(Unknown Source)
	at #hvoSL.accept(Unknown Source)
	at #ykMcj.slwQ(SourceFile:105)
	at #BrtKi.laL(Unknown Source)
	at #BrtKi.accept(Unknown Source)
	at #SmDYl.shof(SourceFile:59)
	at #vxdAh.blq(SourceFile)
	at #DRZva.smvZ(SourceFile:89)
	at #WblDI.sciG(SourceFile:100)
	at #DDMvh.hcz(SourceFile)
	at #GXpIT.slFh(SourceFile:75)
	at #acUkE.drn(SourceFile:650)
	at #qKRzt.skLS(Unknown Source:2396)
	at #hyWbW.satX(SourceFile:1837)
	at #RofNI.dB(SourceFile:43)
	at #GLnhB.run(SourceFile:32)
	at #GILEo.saUt(Unknown Source:40)
	at #sJuki.sfWB(SourceFile:11)
	at java.base/java.util.concurrent.FutureTask.run(Unknown Source)
	at #bfAok.sjvn(SourceFile:45)
	at #ptzkp.gXZ(SourceFile:52)
	at #gZdVe.sbpI(SourceFile:1466)
	at #UDDPE.sdDd(Unknown Source:1632)
	at #GMfdJ.sask(SourceFile:487)
	at net.minecraft.client.main.GameMain.iwR(SourceFile:220)
	at net.minecraft.client.main.GameMain.jtH(SourceFile:156)
	at #ZpHYL.i(Unknown Source)
	at #ZpHYL.run(Unknown Source)
	at java.base/java.lang.Thread.run(Unknown Source)
[17:58:19] [Client thread/INFO] [CHAT] [Союз] H ┃ Existl1oudlu [#14] » хахахах
[17:58:24] [Client thread/INFO] [CHAT] [Союз] MVP+ ┃ MidnightSolitude [#13] » Тостеры потенциально больше лутают, у них клянчайте
[17:58:24] [Client thread/INFO] [CHAT] [Сириус] LS ┃ papo4ka_v_dubae [#3] » привет фродо
[17:58:27] [Client thread/INFO] [CHAT] [Космос] S ┃ CyFrodo [#1] » ку
[17:58:30] [Client thread/INFO] [CHAT] [Союз] H ┃ Existl1oudlu [#14] » миднайт
[17:58:35] [Client thread/INFO] [CHAT] [Союз] MVP+ ┃ MidnightSolitude [#13] » м
[17:58:36] [Client thread/ERROR] Error on handle event #BXBFw in Mod{name='SpaceTycoon', version='1.0.0+bc67650', persistent=false, delegate=a.a.d.a.a, modState=LOADED}
java.lang.IndexOutOfBoundsException: index: 69, length: 1 (expected: range(0, 69))
	at io.netty.buffer.AbstractByteBuf.checkRangeBounds(AbstractByteBuf.java:1390)
	at io.netty.buffer.AbstractByteBuf.checkIndex0(AbstractByteBuf.java:1397)
	at io.netty.buffer.AbstractUnpooledSlicedByteBuf.getBytes(AbstractUnpooledSlicedByteBuf.java:242)
	at io.netty.buffer.ReadOnlyByteBuf.getBytes(ReadOnlyByteBuf.java:270)
	at io.netty.buffer.ByteBufUtil.decodeString(ByteBufUtil.java:1151)
	at io.netty.buffer.AbstractByteBuf.toString(AbstractByteBuf.java:1246)
	at dev.xdark.feder.NetUtil.readString0(NetUtil.java:833)
	at dev.xdark.feder.NetUtil.readUtf8(NetUtil.java:188)
	at SpaceTycoon-v1.0.0+bc67650//a.a.a.m.a.f(SourceFile:176)
	at SpaceTycoon-v1.0.0+bc67650//a.a.d.a.e.h.b.d(SourceFile:60)
	at SpaceTycoon-v1.0.0+bc67650//a.a.d.a.e.h.b.injectedLambda$d$3(SourceFile)
	at SpaceTycoon-v1.0.0+bc67650//a.a.a.m.a.b(SourceFile:58)
	at SpaceTycoon-v1.0.0+bc67650//a.a.a.m.a.injectedLambda$b$0(SourceFile)
	at #RaGIl.saYo(SourceFile:83)
	at #hvoSL.bBM(Unknown Source)
	at #hvoSL.accept(Unknown Source)
	at #ykMcj.slwQ(SourceFile:105)
	at #BrtKi.laL(Unknown Source)
	at #BrtKi.accept(Unknown Source)
	at #SmDYl.shof(SourceFile:59)
	at #vxdAh.blq(SourceFile)
	at #DRZva.smvZ(SourceFile:89)
	at #WblDI.sciG(SourceFile:100)
	at #DDMvh.hcz(SourceFile)
	at #GXpIT.slFh(SourceFile:75)
	at #acUkE.drn(SourceFile:650)
	at #qKRzt.skLS(Unknown Source:2396)
	at #hyWbW.satX(SourceFile:1837)
	at #RofNI.dB(SourceFile:43)
	at #GLnhB.run(SourceFile:32)
	at #GILEo.saUt(Unknown Source:40)
	at #sJuki.sfWB(SourceFile:11)
	at java.base/java.util.concurrent.FutureTask.run(Unknown Source)
	at #bfAok.sjvn(SourceFile:45)
	at #ptzkp.gXZ(SourceFile:52)
	at #gZdVe.sbpI(SourceFile:1466)
	at #UDDPE.sdDd(Unknown Source:1632)
	at #GMfdJ.sask(SourceFile:487)
	at net.minecraft.client.main.GameMain.iwR(SourceFile:220)
	at net.minecraft.client.main.GameMain.jtH(SourceFile:156)
	at #ZpHYL.i(Unknown Source)
	at #ZpHYL.run(Unknown Source)
	at java.base/java.lang.Thread.run(Unknown Source)
[17:58:38] [Client thread/INFO] [CHAT] [Союз] H ┃ Existl1oudlu [#14] » ну сухарики то есть
[17:58:40] [Client thread/INFO] [CHAT] [Союз] H ┃ Existl1oudlu [#14] » xD
[17:58:53] [Client thread/INFO] [CHAT] [Астроном] kymitik [#161] » ну 2 пачки сухариков это 1 бустик
[17:58:58] [Client thread/INFO] [CHAT] [Союз] MVP+ ┃ MidnightSolitude [#13] » Да не хватает там на сухарики
[17:59:00] [Client thread/INFO] [CHAT]  \ni До начала Астероидной битвы осталось 1м!\n 
[17:59:01] [Client thread/INFO] [CHAT] [Союз] MVP+ ┃ MidnightSolitude [#13] » У хелперов
[17:59:09] [Client thread/INFO] [CHAT] [Сверхновая] snufflubitel [#44] » клянись
[17:59:13] [Client thread/INFO] [CHAT] [Странник] HE ┃ Kilah_ [#223] » как попасть на битву
[17:59:13] [Client thread/INFO] [CHAT] [Сверхновая] xmizz [#43] » есть ли в обычном кейсы миф ?
[17:59:14] [Client thread/INFO] [CHAT] [Союз] MVP+ ┃ MidnightSolitude [#13] » Клянусь
[17:59:17] [Client thread/INFO] [CHAT] [Сириус] LS ┃ papo4ka_v_dubae [#3] » боже
[17:59:17] [Client thread/INFO] [CHAT] [Странник] HE ┃ Kilah_ [#223] » пожалуйста подскажите
[17:59:24] [Client thread/INFO] [CHAT] [Союз] MVP+ ┃ MidnightSolitude [#13] » 50 92 -22 нпс для битв и постройки корабля. В битвы можно зайти в каждый четный час с 00 по 30мин
[17:59:28] [Client thread/INFO] [CHAT] [Сириус] LS ┃ papo4ka_v_dubae [#3] » я чуть свой пароль сюда кинул вместо соо об битвах
[17:59:34] [Client thread/INFO] [CHAT] [Сверхновая] snufflubitel [#44] » кинь
[17:59:44] [Client thread/INFO] [CHAT] [Сириус] LS ┃ papo4ka_v_dubae [#3] » Битва происходит в четные часы по мск с **:00 до **:30 Чтобы зарегестрироваться надо подойти к дзиха
[17:59:54] [Client thread/INFO] [CHAT] [Сверхновая] snufflubitel [#44] » папочка а почему ты лс
[17:59:54] [Client thread/INFO] [CHAT] [Союз] H ┃ Existl1oudlu [#14] » Я не пойду
[17:59:58] [Client thread/INFO] [CHAT] [Союз] H ┃ Existl1oudlu [#14] » на битву
[18:00:00] [Client thread/INFO] [CHAT] [Сириус] LS ┃ papo4ka_v_dubae [#3] » иди
[18:00:00] [Client thread/INFO] [CHAT]  \ni Астероидная битва началась! Успейте зарегистрироваться в очередь!\n 
[18:00:01] [Client thread/INFO] [CHAT] [Межгалактик] P ┃ _ЛюбитеКотиков_ [#7] » поч
[18:00:05] [Client thread/INFO] [CHAT] [Союз] H ┃ Existl1oudlu [#14] » устал
[18:00:07] [Client thread/INFO] [CHAT] [Межгалактик] P ┃ _ЛюбитеКотиков_ [#7] » поч
[18:00:22] [Client thread/INFO] [CHAT] [Буревест] P ┃ TNMA2 [#27] » а чо в битву никто не заходит?(
[18:00:22] [Client thread/INFO] [CHAT] [Союз] MVP+ ┃ MidnightSolitude [#13] » Тож не пойду
[18:00:24] [Client thread/INFO] [CHAT] [Сверхновая] snufflubitel [#44] » я уже нахожусь в очереди
[18:00:25] [Client thread/INFO] [CHAT] [Союз] MVP+ ┃ MidnightSolitude [#13] » На битву
[18:00:29] [Client thread/INFO] [CHAT]  Каждая уточка дает +1 к крутости. Факт. 
[18:00:36] [Client thread/INFO] [CHAT] [Союз] MVP+ ┃ MidnightSolitude [#13] » Уже находился
[18:00:50] [Client thread/INFO] [CHAT] [Буревест] P ┃ TNMA2 [#27] » мда битва сламалась похожу
[18:00:51] [Client thread/INFO] [CHAT] [Союз] MVP+ ┃ MidnightSolitude [#13] » У меня в проошлом вайпе ЗА весь вайп иксы меньше были
[18:01:02] [Client thread/INFO] [CHAT] [Союз] MVP+ ┃ MidnightSolitude [#13] » Ничо не сломалось
[18:01:18] [Client thread/INFO] [CHAT] [Буревест] P ┃ TNMA2 [#27] » а чо не запускатся
[18:01:27] [Client thread/INFO] [CHAT] [Союз] MVP+ ┃ MidnightSolitude [#14] » Хз чо у тебя не запускается
[18:01:36] [Client thread/INFO] [CHAT] [Союз] H ┃ Existl1oudlu [#15] » перезайди
[18:01:37] [Client thread/INFO] [CHAT] [Союз] MVP+ ┃ MidnightSolitude [#14] » Но из таба много кто ушел - значит запускается
[18:01:54] [Client thread/INFO] [CHAT] [Союз] H ┃ Existl1oudlu [#15] » миднайт тоже устал?
[18:02:03] [Client thread/INFO] [CHAT] [Союз] MVP+ ┃ MidnightSolitude [#14] » Давно
[18:02:12] [Client thread/INFO] [CHAT] [Союз] H ┃ Existl1oudlu [#15] » я х13 зафармил
[18:02:17] [Client thread/INFO] [CHAT] [Союз] H ┃ Existl1oudlu [#15] » завтра продолжим
[18:02:21] [Client thread/INFO] [CHAT] [Союз] H ┃ Existl1oudlu [#15] » сегодня уже все
[18:02:22] [Client thread/INFO] [CHAT] [Союз] MVP+ ┃ MidnightSolitude [#14] » Ну у меня беднее намного всё
[18:02:28] [Client thread/INFO] [CHAT] [Гравитатор] Kvester_ [#93] » а зачем нужна аура?
[18:02:35] [Client thread/INFO] [CHAT] [Союз] MVP+ ┃ MidnightSolitude [#14] » Бонус дает
[18:02:39] [Client thread/INFO] [CHAT] [Союз] MVP+ ┃ MidnightSolitude [#14] » Или бонусы
[18:02:44] [Client thread/INFO] [CHAT] [Гравитатор] Kvester_ [#93] » прикольно
[18:03:02] [Client thread/INFO] [CHAT] [Гравитатор] Kvester_ [#93] » мне ласт утка осталась
[18:03:10] [Client thread/INFO] [CHAT] G ┃ Nonamekakojta [#?] » тут без доната далеко продвинутся можно?
[18:03:14] [Client thread/INFO] [CHAT] [Союз] MVP+ ┃ MidnightSolitude [#14] » В т10
[18:03:16] [Client thread/INFO] [CHAT] [Созвездие] HE ┃ Azazelskiy [#?] » 1
[18:03:27] [Client thread/INFO] [CHAT] G ┃ Nonamekakojta [#?] » сяб
[18:03:41] [Client thread/INFO] [CHAT] [Гравитатор] Kvester_ [#93] » ну я вот без доната уже пол пульсара прошёл
[18:03:41] [Client thread/INFO] [CHAT] [Звездочет] I ┃ scp22 [#83] » сколько уток на велории?
[18:03:45] [Client thread/INFO] [CHAT] [Союз] MVP+ ┃ MidnightSolitude [#14] » 3
[18:03:53] [Client thread/INFO] [CHAT] G ┃ Nonamekakojta [#?] » звучит круто братан
[18:03:54] [Client thread/INFO] [CHAT] [Союз] MVP+ ┃ MidnightSolitude [#14] » 2*
[18:04:06] [Client thread/INFO] [CHAT] [Союз] MVP+ ┃ MidnightSolitude [#14] » Я вот без доната т14
[18:04:12] [Client thread/INFO] [CHAT] [Союз] H ┃ Existl1oudlu [#15] » я тоже
[18:04:13] [Client thread/INFO] [CHAT] [Звездочет] I ┃ scp22 [#83] » на 3й планете тоже 2?
[18:04:17] [Client thread/INFO] [CHAT] [Союз] H ┃ Existl1oudlu [#15] » без дона xD
[18:04:27] [Client thread/INFO] [CHAT] [Союз] MVP+ ┃ MidnightSolitude [#14] » Так у меня из доната ток х5, но я не кручу петов
[18:04:34] [Client thread/INFO] [CHAT] [Союз] MVP+ ┃ MidnightSolitude [#14] » Поэтому считай без доната
[18:05:08] [Client thread/INFO] [CHAT] [Союз] H ┃ Existl1oudlu [#15] » Я почти Ликерию скип
[18:05:16] [Client thread/INFO] [CHAT] [Союз] MVP+ ┃ MidnightSolitude [#14] » Красава
[18:05:22] [Client thread/INFO] [CHAT] [Союз] H ┃ Existl1oudlu [#15] » это было тяжело
[18:05:27] [Client thread/INFO] [CHAT] [Комета] snouvik [#245] » пипуц
[18:05:40] [Client thread/INFO] [CHAT] [Союз] MVP+ ┃ MidnightSolitude [#14] » Хз я могу щас ликерию закончить
[18:05:41] [Client thread/INFO] [CHAT] [Комета] snouvik [#245] » был триллионером а стал бомжом
[18:05:50] [Client thread/INFO] [CHAT] [Союз] MVP+ ┃ MidnightSolitude [#14] » Не сказал бы, что это тяжело
[18:05:52] [Client thread/INFO] [CHAT] [Гравитатор] Kvester_ [#93] » окак мне дало стрелу на голову тут просто так могут украшения падать?
[18:06:00] [Client thread/INFO] [CHAT] [Союз] MVP+ ┃ MidnightSolitude [#14] » Это всем
[18:06:04] [Client thread/INFO] [CHAT] [Гравитатор] Kvester_ [#93] » а
[18:06:04] [Client thread/INFO] [CHAT] [Союз] MVP+ ┃ MidnightSolitude [#14] » Дают
[18:06:07] [Client thread/INFO] [CHAT] [Гравитатор] Kvester_ [#93] » прикольно
[18:06:20] [Client thread/INFO] [CHAT] [Союз] H ┃ Existl1oudlu [#15] » kvester_ пошли персой мереться
[18:06:23] [Client thread/INFO] [CHAT] [Союз] H ┃ Existl1oudlu [#15] » на корабль иди
[18:06:24] [Client thread/INFO] [CHAT] [Комета] snouvik [#245] » ставь скин скелета
[18:06:35] [Client thread/INFO] [CHAT] [Комета] snouvik [#243] » и одевай стрелу
[18:06:38] [Client thread/INFO] [CHAT] [Союз] MVP+ ┃ MidnightSolitude [#14] » Я могу персой помериться
[18:06:45] [Client thread/INFO] [CHAT] [Союз] H ┃ Existl1oudlu [#15] » пошли
[18:07:04] [Client thread/INFO] [CHAT] [Союз] MVP+ ┃ MidnightSolitude [#14] » Ща
[18:08:32] [Client thread/INFO] [CHAT] [Комета] snouvik [#243] » я пошел на космос стрелять вас буду
[18:08:43] [Client thread/INFO] [CHAT] [Союз] H ┃ Existl1oudlu [#15] » иди иди
[18:09:42] [Client thread/INFO] [CHAT] [Союз] MVP+ ┃ MidnightSolitude [#14] » гавгав..
[18:10:24] [Client thread/INFO] [CHAT] [Союз] H ┃ Existl1oudlu [#15] » воу
[18:10:26] [Client thread/INFO] [CHAT] [Союз] H ┃ Existl1oudlu [#15] » норм
[18:10:53] [Client thread/INFO] [CHAT] [Союз] MVP+ ┃ MidnightSolitude [#14] » сам в шок
[18:11:00] [Client thread/INFO] [CHAT] [Союз] MVP+ ┃ MidnightSolitude [#14] » е
[18:11:16] [Client thread/INFO] [CHAT] HE ┃ Azazelskiy активировал Бустер дропперов x1.5.
[18:11:32] [Client thread/INFO] [CHAT] [Союз] MVP+ ┃ MidnightSolitude [#14] » Я себе кстати тож такие крылышки хочу
[18:11:40] [Client thread/INFO] [CHAT] korotkiukilometr [#?] » ребят бустер 1.5 всем активировался?
[18:11:43] [Client thread/INFO] [CHAT] [Союз] MVP+ ┃ MidnightSolitude [#14] » Да
[18:11:47] [Client thread/INFO] [CHAT] korotkiukilometr [#?] » пасиб
[18:11:57] [Client thread/INFO] [CHAT] [Созвездие] HE ┃ Azazelskiy [#?] »  а я думал чет за благодарность дается, а по факту ничего
[18:12:03] [Client thread/INFO] [CHAT] [Союз] MVP+ ┃ MidnightSolitude [#14] » Монеты
[18:12:12] [Client thread/INFO] [CHAT] [Созвездие] HE ┃ Azazelskiy [#?] »  смысл тогда от глобал бустов -_-
[18:12:17] [Client thread/INFO] [CHAT] [Созвездие] HE ┃ Azazelskiy [#?] »  какие?
[18:12:25] [Client thread/INFO] [CHAT] [Союз] MVP+ ┃ MidnightSolitude [#14] » Монеты, респект и уважение
[18:12:27] [Client thread/INFO] [CHAT] [Андромеда] P ┃ NerdyDayZ [#21] » всеобщее уважение и почёт
[18:12:29] [Client thread/INFO] [CHAT] [Созвездие] HE ┃ Azazelskiy [#?] »  прнял
[18:12:36] [Client thread/INFO] [CHAT] [Созвездие] HE ┃ Azazelskiy [#?] »  ну тогда кайфуйте)
[18:12:42] [Client thread/INFO] [CHAT] [Союз] MVP+ ┃ MidnightSolitude [#14] » Вот да я хочу себе красные такие
[18:12:53] [Client thread/INFO] [CHAT] [Союз] H ┃ Existl1oudlu [#15] » красное черное?
[18:13:02] [Client thread/INFO] [CHAT] [Союз] MVP+ ┃ MidnightSolitude [#14] » Неет, твои эти
[18:13:06] [Client thread/INFO] [CHAT] [Союз] MVP+ ┃ MidnightSolitude [#14] » Вот встань в меня
[18:13:26] [Client thread/INFO] [CHAT] [Союз] MVP+ ┃ MidnightSolitude [#14] » Ну разве не классно выглядит
[18:13:36] [Client thread/INFO] [CHAT] [Союз] H ┃ Existl1oudlu [#15] » имба
[18:13:40] [Client thread/INFO] [CHAT] [Союз] MVP+ ┃ MidnightSolitude [#14] » Вот вот
[18:13:43] [Client thread/INFO] [CHAT] [Союз] H ┃ Existl1oudlu [#15] » красное черное?
[18:13:51] [Client thread/INFO] [CHAT] [Союз] MVP+ ┃ MidnightSolitude [#14] » Желто-черный желто-черный..
[18:13:58] [Client thread/INFO] [CHAT] [Созвездие] HE ┃ Azazelskiy [#?] »  а как питомцев улучшить?
[18:14:09] [Client thread/INFO] [CHAT] [Союз] MVP+ ┃ MidnightSolitude [#14] » На спавне нпс с улучшалкой стоит
[18:14:21] [Client thread/INFO] [CHAT] [Сириус] LS ┃ papo4ka_v_dubae [#3] » го в битву
[18:14:25] [Client thread/INFO] [CHAT] [Созвездие] HE ┃ Azazelskiy [#?] »  де
[18:14:26] [Client thread/INFO] [CHAT] [Союз] H ┃ Existl1oudlu [#15] » 0
[18:14:28] [Client thread/INFO] [CHAT] [Союз] MVP+ ┃ MidnightSolitude [#14] » Давай сам
[18:14:30] [Client thread/INFO] [CHAT] [Созвездие] HE ┃ Azazelskiy [#?] » а вижу
[18:14:31] [Client thread/INFO] [CHAT] [Союз] H ┃ Existl1oudlu [#15] » выпал 0
[18:14:40] [Client thread/INFO] [CHAT] [Звездочет] G ┃ denavagame [#76] » 76
[18:14:47] [Client thread/INFO] [CHAT] [Союз] MVP+ ┃ MidnightSolitude [#14] » А ты ставил?
[18:14:50] [Client thread/INFO] [CHAT] [Союз] H ┃ Existl1oudlu [#15] » +
[18:14:53] [Client thread/INFO] [CHAT] [Союз] H ┃ Existl1oudlu [#15] » 0 выпал
[18:14:54] [Client thread/INFO] [CHAT] [Союз] MVP+ ┃ MidnightSolitude [#14] » Анлак
[18:15:01] [Client thread/INFO] [CHAT] [Союз] H ┃ Existl1oudlu [#15] » ща прийду
[18:15:04] [Client thread/INFO] [CHAT] [Союз] MVP+ ┃ MidnightSolitude [#14] » ОК
[18:15:05] [Client thread/INFO] [CHAT] [Звездочет] G ┃ denavagame [#76] » мне уже 2 раз мут дают за хаха
[18:15:18] [Client thread/INFO] [CHAT] [Союз] MVP+ ┃ MidnightSolitude [#14] » Смех от 10 символов уже флуд
[18:15:27] [Client thread/INFO] [CHAT] [Звездочет] G ┃ denavagame [#76] » бред будто
[18:15:49] [Client thread/INFO] [CHAT] [Союз] H ┃ Existl1oudlu [#15] » миднайт
[18:15:51] [Client thread/INFO] [CHAT] [Союз] MVP+ ┃ MidnightSolitude [#14] » А ты не много смейся
[18:15:56] [Client thread/INFO] [CHAT] [Союз] MVP+ ┃ MidnightSolitude [#14] » м
[18:15:56] [Client thread/INFO] [CHAT] [Союз] H ┃ Existl1oudlu [#15] » в дискорд идешь?
[18:15:57] [Client thread/INFO] [CHAT] [Звездочет] G ┃ denavagame [#76] » хихи
[18:16:01] [Client thread/INFO] [CHAT] [Союз] MVP+ ┃ MidnightSolitude [#14] » У меня нема
[18:16:04] [Client thread/INFO] [CHAT] [Союз] H ┃ Existl1oudlu [#15] » как
[18:16:13] [Client thread/INFO] [CHAT] [Союз] MVP+ ┃ MidnightSolitude [#14] » Так я вже не хелпер
[18:16:19] [Client thread/INFO] [CHAT] [Звездочет] G ┃ denavagame [#76] » я в пабг мобайл ещё играю допом
[18:16:20] [Client thread/INFO] [CHAT] [Союз] MVP+ ┃ MidnightSolitude [#14] » ПОзволительно
[18:16:21] [Client thread/INFO] [CHAT] [Странник] KoslonD [#234] » А в чём прикол игры Сапёр?
[18:16:25] [Client thread/INFO] [CHAT] [Союз] H ┃ Existl1oudlu [#15] » и что
[18:16:26] [Client thread/INFO] [CHAT] [Союз] MVP+ ┃ MidnightSolitude [#14] » Ни в чем
[18:16:33] [Client thread/INFO] [CHAT] [Союз] H ┃ Existl1oudlu [#15] » ладно я в бджек
[18:16:37] [Client thread/INFO] [CHAT] [Союз] MVP+ ┃ MidnightSolitude [#14] » Удач
[18:18:15] [Client thread/INFO] [CHAT] [Союз] H ┃ Existl1oudlu [#15] » блек джек очень интересный
[18:19:13] [Client thread/INFO] [CHAT] [Галактик] MVP ┃ 777_Хлебка_777 [#34] » что по мимо множетеля продаж качать?
[18:19:17] [Client thread/INFO] [CHAT] [Союз] MVP+ ┃ MidnightSolitude [#14] » нет
[18:19:26] [Client thread/INFO] [CHAT] [Союз] MVP+ ┃ MidnightSolitude [#14] » Денег
[18:19:27] [Client thread/INFO] [CHAT] [Союз] H ┃ Existl1oudlu [#15] » да божечки кошечки
[18:19:39] [Client thread/INFO] [CHAT] [Союз] MVP+ ┃ MidnightSolitude [#14] » Через /check в боте чекай
[18:19:42] [Client thread/INFO] [CHAT] [Союз] MVP+ ┃ MidnightSolitude [#14] » Если он ворк еще
[18:19:42] [Client thread/INFO] [CHAT] [Галактик] MVP ┃ 777_Хлебка_777 [#34] » деньги и продажу?
[18:19:46] [Client thread/INFO] [CHAT] [Союз] MVP+ ┃ MidnightSolitude [#14] » Тип того
[18:20:03] [Client thread/INFO] [CHAT] [Галактик] MVP ┃ 777_Хлебка_777 [#34] » пасиб
[18:20:20] [Client thread/INFO] [CHAT] [Комета] snouvik [#244] » меня растреляли
[18:20:26] [Client thread/INFO] [CHAT] korotkiukilometr [#?] » Ребят как попасть с земли на корабль?
[18:20:33] [Client thread/INFO] [CHAT] [Союз] H ┃ Existl1oudlu [#15] » какие земли
[18:21:12] [Client thread/INFO] [CHAT] [Союз] MVP+ ┃ MidnightSolitude [#14] » захваченные
[18:21:18] [Client thread/INFO] [CHAT] [Странник] HE ┃ Kilah_ [#229] » петы на новой локации от старой ничем не отличаются?
[18:21:19] [Client thread/INFO] [CHAT] [Союз] MVP+ ┃ MidnightSolitude [#14] » Пойти полностью мир
[18:21:24] [Client thread/INFO] [CHAT] [Союз] MVP+ ┃ MidnightSolitude [#14] » Больше проценты
[18:21:58] [Client thread/INFO] [CHAT] [Спутник] S ┃ xBalgarkaSoul [#9] » ау у меня пожар в воздухе спавн как тушить
[18:22:01] [Client thread/INFO] [CHAT] [Комета] snouvik [#244] » я хочу пып
[18:22:05] [Client thread/INFO] [CHAT] [Комета] snouvik [#244] » пвп
[18:22:12] [Client thread/INFO] [CHAT] [Союз] MVP+ ┃ MidnightSolitude [#14] » Перезайди
[18:22:42] [Client thread/INFO] [CHAT] [Астроном] E ┃ ISIC [#175] » и как тут в каз играть
[18:22:55] [Client thread/INFO] [CHAT] [Комета] snouvik [#244] » жаль в джейдикрафт играть люди перестали
[18:23:16] [Client thread/INFO] [CHAT] [Союз] H ┃ Existl1oudlu [#15] » миднайт
[18:24:28] [Client thread/INFO] [CHAT] [Комета] snouvik [#244] » ура новая лока
[18:26:18] [Client thread/INFO] [CHAT] [Комета] snouvik [#244] » а для чего нужен средний мешок
[18:26:22] [Client thread/INFO] [CHAT] [Космонавт] HE ┃ Azazelskiy [#499] » 1
[18:28:07] [Client thread/INFO] [CHAT] [Союз] MVP+ ┃ MidnightSolitude [#14] » чо
[18:28:28] [Client thread/INFO] [CHAT] [Союз] MVP+ ┃ MidnightSolitude [#14] » О казик в плюсе
[18:28:54] [Client thread/INFO] [CHAT] [Гравитатор] Kvester_ [#96] » теиа
[18:29:10] [Client thread/INFO] [CHAT] [Гравитатор] Kvester_ [#96] » а какая разница в + или -?
[18:29:46] [Client thread/INFO] [CHAT] [Союз] MVP+ ┃ MidnightSolitude [#14] » Кто-то выиграл
[18:29:58] [Client thread/INFO] [STDOUT]: a.a.d.a.c.a.f.a.i@d4998ac
[18:29:59] [Client thread/INFO] [STDOUT]: a.a.d.a.c.a.f.a.c@4d705d7a
[18:30:00] [Client thread/INFO] [STDOUT]: a.a.d.a.c.a.f.a.a@78d95b9c
[18:30:00] [Client thread/INFO] [CHAT]  \ni Астероидная битва закончена! Вернемся через некоторое время!\n 
[18:30:01] [Client thread/INFO] [STDOUT]: a.a.d.a.c.a.f.a.m@5970a113
[18:30:01] [Client thread/INFO] [STDOUT]: a.a.d.a.c.a.f.a.k@1fc40505
[18:30:27] [Client thread/INFO] [CHAT] [Комета] snouvik [#243] » ахахах на балике 0
[18:30:49] [Client thread/INFO] [CHAT] [Странник] D ┃ Carerra [#229] » а что на корабле вообще делается?
[18:31:02] [Client thread/INFO] [CHAT] [Гравитатор] D ┃ PotomPridumayu [#133] » лудоприключение
[18:31:05] [Client thread/INFO] [CHAT] [Странник] Vlados291 [#187] » деньги в казике просираются)
[18:31:09] [Client thread/INFO] [CHAT] [Странник] D ┃ Carerra [#229] » и все?
[18:31:29] [Client thread/INFO] [CHAT] [Странник] D ┃ Carerra [#229] » а назад как вернуться?
[18:31:42] [Client thread/INFO] [CHAT] HE ┃ Azazelskiy активировал Бустер монет x1.5.
[18:32:15] [Client thread/INFO] [CHAT] \n  MEDIA ┃ MiSTiK31 запустил стрим!\n  Платформа: Twitch\n  Напишите /media для проcмотра активных трансляций\n 
[18:36:39] [Client thread/INFO] [CHAT] [Космонавт] KyBwuH [#436] » у
[18:36:41] [Client thread/INFO] [CHAT] [Космонавт] _Azza [#365] » потеющие пули
[18:36:42] [Client thread/INFO] [CHAT] [Астроном] I ┃ XuTruE_xd [#172] » а что с тикетами делать
[18:38:34] [Client thread/INFO] [CHAT] [Комета] V ┃ AmirYTlogin [#276] » 1
[18:38:36] [Client thread/INFO] [CHAT] [Комета] kyricin [#265] » п
[18:38:48] [Client thread/INFO] [CHAT] HE ┃ 1_zhantik_1 [#?] » пон
[18:38:55] [Client thread/INFO] [CHAT] [Союз] MVP+ ┃ MidnightSolitude [#14] » даров жантик
[18:39:09] [Client thread/INFO] [CHAT] [Межгалактик] P ┃ _ЛюбитеКотиков_ [#7] » почти х6 к деньгам
[18:39:11] [Client thread/INFO] [CHAT] HE ┃ 1_zhantik_1 [#?] » ку ку
[18:39:13] [Client thread/INFO] [CHAT] [Астероид] Porosb [#60] » За достижения что-то нормальное дают?
[18:39:24] [Client thread/INFO] [CHAT] [Союз] MVP+ ┃ MidnightSolitude [#14] » респект
[18:39:25] [Client thread/INFO] [CHAT] [Спутник] MVP+ ┃ XXXXXXLoonDanya [#13] » котик а скок продажа
[18:39:26] [Client thread/INFO] [CHAT] [Странник] snouvik [#222] » не
[18:39:41] [Client thread/INFO] [CHAT] [Странник] snouvik [#222] » о я топ 222
[18:40:07] [Client thread/INFO] [CHAT] [Квазар] D ┃ Pushina [#51] » легендарный питомец на 3 характеристики может упасть?
[18:40:09] [Client thread/INFO] [CHAT] [Спутник] MVP+ ┃ XXXXXXLoonDanya [#13] » да
[18:40:22] [Client thread/INFO] [CHAT] [Союз] MVP+ ┃ MidnightSolitude [#14] » А это нормально, что мне выпал ключ от ауры в колесе, а дало мешок
[18:40:40] [Client thread/INFO] [CHAT] [Космонавт] _Azza [#355] » заяц бурмалдаяц
[18:40:48] [Client thread/INFO] [CHAT] [Квазар] D ┃ Pushina [#51] » а почему мне не падает?(
[18:40:51] [Client thread/INFO] [CHAT] [Союз] MVP+ ┃ MidnightSolitude [#14] » чо за обманка
[18:41:12] [Client thread/INFO] [CHAT] [Межгалактик] P ┃ _ЛюбитеКотиков_ [#7] » 30 минут до рб
[18:41:16] [Client thread/INFO] [CHAT] [Межгалактик] P ┃ _ЛюбитеКотиков_ [#7] » с кайфом
[18:41:16] [Client thread/INFO] [CHAT] i Бустер дропперов от HE ┃ Azazelskiy закончился!
[18:41:18] [Client thread/INFO] [CHAT] HE ┃ 1_zhantik_1 [#?] » мощно
[18:41:19] [Client thread/INFO] [CHAT] [Союз] MVP+ ┃ MidnightSolitude [#14] » долго
[18:41:27] [Client thread/INFO] [CHAT] \nP+ ┃ GoldMainer проводит ивент: CrazyWalls!\nТип игры: Тройной\nПриз: 500\nНажми, чтобы переместиться!\n 
[18:41:31] [Client thread/INFO] [CHAT] [Межгалактик] P ┃ _ЛюбитеКотиков_ [#7] » без х5
[18:41:38] [Client thread/INFO] [CHAT] [Межгалактик] P ┃ _ЛюбитеКотиков_ [#7] » было 4ч
[18:41:44] [Client thread/INFO] [CHAT] [Межгалактик] P ┃ _ЛюбитеКотиков_ [#7] » с чем то
[18:42:32] [Client thread/INFO] [CHAT] [Квазар] D ┃ Pushina [#51] » на 4 падает и все, на 3 не хочет вообще
[18:43:02] [Client thread/INFO] [CHAT] [Странник] snouvik [#222] » хотя бы пвдвет
[18:43:07] [Client thread/INFO] [CHAT] D ┃ _xL1xachx_ [#?] » tt
[18:43:10] [Client thread/INFO] [CHAT] [Квазар] D ┃ Pushina [#51] » ахах
[18:43:42] [Client thread/INFO] [CHAT] [Исследователь] _Azza [#355] » ААААА
[18:43:52] [Client thread/INFO] [CHAT] [Исследователь] _Azza [#355] » ой
[18:44:05] [Client thread/INFO] [CHAT] [Астроном] dointorer [#158] » 
[18:44:09] [Client thread/INFO] [CHAT] [Исследователь] _Azza [#311] » 
[18:45:19] [Client thread/INFO] [CHAT] [Странник] HE ┃ Azazelskiy [#213] » 1
[18:45:29] [Client thread/INFO] [CHAT] [Странник] snouvik [#219] » что значит 1
[18:45:39] [Client thread/INFO] [CHAT] [Странник] HE ┃ Azazelskiy [#213] » проверяю место
[18:45:40] [Client thread/INFO] [CHAT] [Исследователь] _Azza [#311] » 12
[18:45:46] [Client thread/INFO] [CHAT] [Исследователь] _Azza [#311] » буст дай
[18:45:47] [Client thread/INFO] [CHAT] [Странник] HE ┃ Azazelskiy [#213] » за 40 минут игры
[18:45:53] [Client thread/INFO] [CHAT] [Странник] snouvik [#219] » так сверху написано
[18:45:59] [Client thread/INFO] [CHAT] [Странник] HE ┃ Azazelskiy [#213] » а реально
[18:46:02] [Client thread/INFO] [CHAT] [Странник] HE ┃ Azazelskiy [#213] » не видел
[18:46:18] [Client thread/INFO] [CHAT] [Странник] snouvik [#219] » бывает
[18:46:22] [Client thread/INFO] [CHAT] [Астроном] I ┃ XuTruE_xd [#172] » а что с тикетами делать они вообще что то дают
[18:46:30] [Client thread/INFO] [CHAT] [Туманник] G ┃ denavagame [#71] » миамораа
[18:46:51] [Client thread/INFO] [CHAT] [Туманник] G ┃ denavagame [#71] » как же с питомцами не везет
[18:48:59] [Client thread/INFO] [CHAT] [Астроном] kymitik [#156] » скок у вас множитель
[18:49:08] [Client thread/INFO] [CHAT] D ┃ _xL1xachx_ [#?] »  тут +к скорости конвеера вообшее важеен ?
[18:49:11] [Client thread/INFO] [CHAT] [Исследователь] _Azza [#311] » вачхимбикамагад
[18:49:26] [Client thread/INFO] [CHAT] D ┃ _xL1xachx_ [#?] »  тут +к скорости конвеера вообшее важеен ?
[18:49:26] [Client thread/INFO] [CHAT] [Астроном] kymitik [#156] » ну ваще чем бстрее конвеер тем быстрее у тя будут бабки
[18:49:35] [Client thread/INFO] [CHAT] [Странник] V ┃ AmirYTlogin [#245] » 1
[18:49:39] [Client thread/INFO] [CHAT] [Исследователь] _Azza [#311] » 1
[18:49:46] [Client thread/INFO] [CHAT] D ┃ _xL1xachx_ [#?] » это понятно но они и так будут но чуть поже неет ?
[18:49:57] [Client thread/INFO] [CHAT] [Странник] HE ┃ Kilah_ [#191] » как я понял самое важное у петов это монеты
[18:50:06] [Client thread/INFO] [CHAT] [Странник] kyricin [#246] » у
[18:50:07] [Client thread/INFO] [CHAT] D ┃ _xL1xachx_ [#?] »  тоесть дропер большее не даеет изза того что конвеер быстрее уносит
[18:50:08] [Client thread/INFO] [CHAT] [Странник] V ┃ AmirYTlogin [#242] » 1
[18:50:12] [Client thread/INFO] [CHAT] [Странник] kyricin [#246] » п
[18:50:22] [Client thread/INFO] [CHAT] [Исследователь] _Azza [#300] » скорость дропперов и множитель денег самое важное
[18:50:54] [Client thread/INFO] [CHAT] [Астроном] S ┃ AlexPochik [#177] » 
[18:51:11] [Client thread/INFO] [CHAT] [Квазар] D ┃ Pushina [#52] » точно бывают леги на 3 характеристики?
[18:51:17] [Client thread/INFO] [CHAT] [Космонавт] HE ┃ NicknameTaken [#349] » +
[18:51:22] [Client thread/INFO] [CHAT] [Пульсар] D ┃ HardStorm [#18] » У меня на 2 харки есть
[18:51:27] [Client thread/INFO] [CHAT] [Туманник] G ┃ denavagame [#71] » чем меньше характерист тем лучше?
[18:51:32] [Client thread/INFO] [CHAT] [Квазар] D ┃ Pushina [#52] » а мне не падают
[18:51:37] [Client thread/INFO] [CHAT] [Квазар] D ┃ Pushina [#52] » капец
[18:51:45] [Client thread/INFO] [CHAT] [Странник] JeN1L [#248] » есть смысл пытаться выбить 3 пета на 8 харак леги?
[18:51:51] [Client thread/INFO] [CHAT] [Странник] kyricin [#246] » п
[18:51:55] [Client thread/INFO] [CHAT] [Странник] V ┃ AmirYTlogin [#242] » 1
[18:52:37] [Client thread/INFO] [CHAT] [Странник] snouvik [#218] » что такое леги я шарю лишь за комонки
[18:52:41] [Client thread/INFO] [CHAT] [Астроном] S ┃ AlexPochik [#177] » на пульсаре ласт утки?
[18:52:48] [Client thread/INFO] [CHAT] toxicfrogikas [#?] » это в бравл старсе
[18:52:59] [Client thread/INFO] [CHAT] [Странник] snouvik [#218] » точно
[18:53:03] [Client thread/INFO] [CHAT] [Союз] MVP+ ┃ MidnightSolitude [#14] » да алекс
[18:53:09] [Client thread/INFO] [CHAT] [Странник] snouvik [#218] » я в бравл забыл зайти
[18:53:10] [Client thread/INFO] [CHAT] [Астроном] S ┃ AlexPochik [#177] » спасиб
[18:53:43] [Client thread/INFO] [CHAT] [Странник] snouvik [#218] » хотите прикол
[18:53:50] [Client thread/INFO] [CHAT] [Галактор] P+ ┃ topcnik_v_pvp [#26] » net
[18:54:03] [Client thread/INFO] [CHAT] [Странник] snouvik [#218] » у меня в лаки блоках на 100 каток 3 победы
[18:54:05] [Client thread/INFO] [CHAT] [Странник] V ┃ AmirYTlogin [#242] » зачем токены?
[18:54:13] [Client thread/INFO] [CHAT] [Астроном] I ┃ XuTruE_xd [#156] » чтобы поржать
[18:54:16] [Client thread/INFO] [CHAT] [Исследователь] _Azza [#300] » затем
[18:54:28] [Client thread/INFO] [CHAT] [Странник] kyricin [#246] » п
[18:54:49] [Client thread/INFO] [CHAT] [Странник] snouvik [#218] » topcnik_v_pvp иди в доту
[18:55:19] [Client thread/INFO] [CHAT] [Странник] snouvik [#213] » а то злой какой то
[18:55:23] [Client thread/INFO] [CHAT] [Странник] V ┃ AmirYTlogin [#235] » зачем токены?
[18:55:27] [Client thread/INFO] [CHAT] [Странник] kyricin [#242] » п
[18:55:28] [Client thread/INFO] [CHAT] [Галактор] P+ ┃ topcnik_v_pvp [#24] » не хочу в доту там жетонов нету
[18:55:37] [Client thread/INFO] [CHAT] [Странник] snouvik [#213] » хах бож
[18:55:39] [Client thread/INFO] [CHAT] [Астроном] kymitik [#155] » exist ты чо таи
[18:55:44] [Client thread/INFO] [CHAT] [Астроном] kymitik [#155] » exist ты чо как ты
[18:56:28] [Client thread/INFO] [CHAT] [Гравитатор] MVP+ ┃ CrazyYtka_ [#111] » а с 4й локи перенесли уточки?
[18:56:40] [Client thread/INFO] [CHAT] [Союз] MVP+ ┃ MidnightSolitude [#14] » 4 мир другим был вообще
[18:57:02] [Client thread/INFO] [CHAT] [Пульсар] T ┃ xKeEpeR_ [#17] » дайте ссыль на утки
[18:57:12] [Client thread/INFO] [CHAT] [Гравитатор] P ┃ Saha237YT [#110] » на форуме в гайдах
[18:57:20] [Client thread/INFO] [CHAT] [Пульсар] T ┃ xKeEpeR_ [#17] » дай
[18:57:24] [Client thread/INFO] [CHAT] [Исследователь] _Azza [#299] » че утки дают
[18:57:29] [Client thread/INFO] [CHAT] [Странник] snouvik [#213] » не давай
[18:57:31] [Client thread/INFO] [CHAT] [Пульсар] T ┃ xKeEpeR_ [#17] » cgc
[18:57:40] [Client thread/INFO] [CHAT] [Союз] MVP+ ┃ MidnightSolitude [#14] » kipa nado ssilky?
[18:57:44] [Client thread/INFO] [CHAT] [Пульсар] T ┃ xKeEpeR_ [#17] » дали спс
[18:57:48] [Client thread/INFO] [CHAT] [Союз] MVP+ ┃ MidnightSolitude [#14] » okei
[18:57:50] [Client thread/INFO] [CHAT] [Гравитатор] P ┃ Saha237YT [#110] » добрее надо быть
[18:58:06] [Client thread/INFO] [CHAT] [Странник] V ┃ AmirYTlogin [#235] » ребят куда после гаража идти?
[18:58:15] [Client thread/INFO] [CHAT] [Странник] snouvik [#213] » нет бустов нет добра
[18:58:16] [Client thread/INFO] [CHAT] [Экзопланет] MVP ┃ 777_Хлебка_777 [#34] » Домой
[18:58:19] [Client thread/INFO] [CHAT] [Гравитатор] P ┃ Saha237YT [#110] » дальше открывать конвееры
[18:58:22] [Client thread/INFO] [CHAT] [Странник] V ┃ AmirYTlogin [#235] » где
[18:58:27] [Client thread/INFO] [CHAT] HE ┃ Azazelskiy активировал Бустер конвейеров x1.5.
[18:58:27] [Client thread/INFO] [CHAT] [Гравитатор] P ┃ Saha237YT [#110] » стрелка
[18:58:31] [Client thread/INFO] [CHAT] [Странник] snouvik [#213] » после гаража надо за пивом
[18:58:38] [Client thread/INFO] [CHAT] [Гравитатор] P ┃ Saha237YT [#110] » иди по стрелке к другим кнопкам
[18:58:43] [Client thread/INFO] [CHAT] [Странник] V ┃ AmirYTlogin [#235] » ну я открыл все
[18:58:47] [Client thread/INFO] [CHAT] [Странник] V ┃ AmirYTlogin [#235] » меня в казик отпровляет
[18:58:47] [Client thread/INFO] [CHAT] [Гравитатор] P ┃ Saha237YT [#110] » тогда в некст локу
[18:58:55] [Client thread/INFO] [CHAT] [Гравитатор] P ┃ Saha237YT [#110] » нет там еще есть дальше
[18:59:11] [Client thread/INFO] [CHAT] [Гравитатор] P ┃ Saha237YT [#110] » Велория планета у нпс телепорта
[18:59:45] [Client thread/INFO] [CHAT] [Туманник] D ┃ xyz14 [#78] » когда тут вайп
[19:00:14] [Client thread/INFO] [CHAT] [Созвездие] V+ ┃ Nasta_Mirny [#?] » какая ветка лучшая в улучшении
[19:00:19] [Client thread/INFO] [CHAT] [Сверхновая] snufflubitel [#44] » дубовая
[19:00:20] [Client thread/INFO] [CHAT] [Туманник] D ┃ xyz14 [#78] » петы
[19:00:25] [Client thread/INFO] [CHAT] [Исследователь] _Azza [#299] » осина
[19:00:33] [Client thread/INFO] [CHAT] [Странник] snouvik [#211] » пихта
[19:00:41] [Client thread/INFO] [CHAT] [Исследователь] _Azza [#296] » нет осина лучше
[19:00:46] [Client thread/INFO] [CHAT] [Странник] snouvik [#211] » нет
[19:00:47] [Client thread/INFO] [CHAT] [Сверхновая] P ┃ I_LOVE_CATS [#46] » московского метрополитэна
[19:00:49] [Client thread/INFO] [CHAT] Mayk1xq [#?] » так а что лучше?
[19:00:55] [Client thread/INFO] [CHAT] [Туманник] D ┃ xyz14 [#77] » петы
[19:00:56] [Client thread/INFO] [CHAT] [Гравитатор] P ┃ Saha237YT [#109] » левая ветка лучше всего качать
[19:01:01] [Client thread/INFO] [CHAT] [Исследователь] _Azza [#296] » люблино
[19:01:23] [Client thread/INFO] [CHAT] [Туманник] D ┃ xyz14 [#77] » за 5 часов топ 77
[19:01:29] [Client thread/INFO] [CHAT] [Гравитатор] P ┃ Saha237YT [#109] » харош
[19:01:31] [Client thread/INFO] [CHAT] [Странник] snouvik [#211] » вааааааай я не могу
[19:01:32] [Client thread/INFO] [CHAT] [Исследователь] _Azza [#296] » за полтора часа 296
[19:01:33] [Client thread/INFO] [CHAT] [Спутник] S ┃ Hestli0 [#10] » мем, выпала аура в колесе фортуны, а дали бустер никчемный
[19:01:38] [Client thread/INFO] [CHAT] [Астроном] HE ┃ Azazelskiy [#145] » за часик 145
[19:01:42] [Client thread/INFO] [CHAT] i Бустер монет от HE ┃ Azazelskiy закончился!
[19:01:50] [Client thread/INFO] [CHAT] [Исследователь] _Azza [#296] » п2в
[19:01:51] [Client thread/INFO] [CHAT] [Странник] snouvik [#211] » 2 43 топ 211
[19:01:54] [Client thread/INFO] [CHAT] [Астроном] HE ┃ Azazelskiy [#145] » ну чуток
[19:01:58] [Client thread/INFO] [CHAT] [Туманник] D ┃ xyz14 [#77] » давай еще буст
[19:02:07] [Client thread/INFO] [CHAT] E ┃ Infressor [#?] » и чё тут поменялось?
[19:02:08] [Client thread/INFO] [CHAT] [Исследователь] _Azza [#296] » пыж
[19:02:13] [Client thread/INFO] [CHAT] [Астроном] HE ┃ Azazelskiy [#145] » да мне эти бусты ниче не дают
[19:02:19] [Client thread/INFO] [CHAT] [Астроном] HE ┃ Azazelskiy [#145] » лучше локалки
[19:02:22] [Client thread/INFO] [CHAT] [Исследователь] _Azza [#296] » мне дают
[19:02:35] [Client thread/INFO] [CHAT] [Исследователь] _Azza [#296] » нам
[19:02:45] [Client thread/INFO] [CHAT] [Странник] snouvik [#211] » простым смертным
[19:02:46] [Client thread/INFO] [CHAT] [Сверхновая] xmizz [#43] » обидно
[19:02:47] [Client thread/INFO] [CHAT] [Гравитатор] Kvester_ [#99] » 
[19:02:55] [Client thread/INFO] [CHAT] HE ┃ Azazelskiy активировал Бустер монет x1.5.
[19:02:59] [Client thread/INFO] [CHAT] [Астроном] HE ┃ Azazelskiy [#145] » ладно
[19:02:59] [Client thread/INFO] [CHAT] [Странник] snouvik [#211] » ооооо
[19:03:02] [Client thread/INFO] [CHAT] [Туманник] D ┃ xyz14 [#77] » легенда
[19:03:07] [Client thread/INFO] [CHAT] [Гравитатор] Kvester_ [#99] » лега
[19:03:10] [Client thread/INFO] [CHAT] [Странник] snouvik [#211] » ну наш
[19:03:17] [Client thread/INFO] [CHAT] [Исследователь] _Azza [#296] » человек паук тобой доволен
[19:03:18] [Client thread/INFO] [CHAT] [Странник] kyricin [#241] » g
[19:03:22] [Client thread/INFO] [CHAT] [Странник] V ┃ AmirYTlogin [#220] » g
[19:03:23] [Client thread/INFO] [CHAT] P ┃ TheKingovYT [#?] » ммм
[19:03:24] [Client thread/INFO] [CHAT] [Туманник] D ┃ xyz14 [#77] » давай еще очистители
[19:03:29] [Client thread/INFO] [CHAT] [Гравитатор] S ┃ xunstoppablex [#128] » Когда битва?
[19:03:33] [Client thread/INFO] [CHAT] [Гравитатор] P ┃ Saha237YT [#109] » через час
[19:03:35] [Client thread/INFO] [CHAT] [Туманник] D ┃ xyz14 [#77] » ваще демон будешь
[19:04:28] [Client thread/INFO] [CHAT] [Союз] H ┃ Existl1oudlu [#15] » bb all
[19:04:31] [Client thread/INFO] [CHAT] [Гравитатор] Kvester_ [#99] » бб
[19:04:31] [Client thread/INFO] [CHAT] [Гравитатор] P ┃ Saha237YT [#109] » bb
[19:04:32] [Client thread/INFO] [CHAT] [Спутник] MVP+ ┃ XXXXXXLoonDanya [#13] » пака
[19:04:35] [Client thread/INFO] [CHAT] [Союз] MVP+ ┃ MidnightSolitude [#14] » spoki
[19:05:03] [Client thread/INFO] [CHAT] [Туманник] D ┃ xyz14 [#77] » чей это режим, кто дев
[19:05:08] [Client thread/INFO] [CHAT] [Спутник] MVP+ ┃ XXXXXXLoonDanya [#13] » тенсес
[19:05:17] [Client thread/INFO] [CHAT] [Туманник] D ┃ xyz14 [#77] » норм режим
[19:05:24] [Client thread/INFO] [CHAT] [Туманник] D ┃ xyz14 [#71] » только из за камины
[19:05:59] [Client thread/INFO] [CHAT] [Комета] heim_123 [#265] » что за уточки? и они есть на 1 планете?
[19:06:31] [Client thread/INFO] [CHAT] [Странник] MVP ┃ uttytu_top2 [#185] » 
[19:06:32] [Client thread/INFO] [CHAT] [Космонавт] zamanov_xcv [#370] » где найти эту деталь для самолета
[19:06:41] [Client thread/INFO] [CHAT] [Комета] heim_123 [#265] » в ангаре
[19:06:47] [Client thread/INFO] [CHAT] [Странник] snouvik [#207] » 2 ангар
[19:06:50] [Client thread/INFO] [CHAT] [Исследователь] ghjbnvew12341 [#303] » в 2 ангаре
[19:06:55] [Client thread/INFO] [CHAT] [Комета] heim_123 [#265] » во втором ангаре посмотри по угалм
[19:06:58] [Client thread/INFO] [CHAT] [Гравитатор] Kvester_ [#99] » собрав 20 уточек ты получиш ауру они есть от планеты до пульсар
[19:06:59] [Client thread/INFO] [CHAT] [Комета] heim_123 [#265] » углам
[19:07:00] [Client thread/INFO] [CHAT] [Странник] snouvik [#207] » там лестница на машине
[19:07:07] [Client thread/INFO] [CHAT] [Гравитатор] Kvester_ [#99] » от земли*
[19:07:11] [Client thread/INFO] [CHAT] [Странник] snouvik [#207] » и дырка с паркуром
[19:07:12] [Client thread/INFO] [CHAT] [Исследователь] ghjbnvew12341 [#303] » а какую ауру
[19:07:17] [Client thread/INFO] [CHAT] [Комета] heim_123 [#265] » а ззачем аура?
[19:07:21] [Client thread/INFO] [CHAT] [Гравитатор] Kvester_ [#99] » а ето я хз
[19:07:27] [Client thread/INFO] [CHAT] [Гравитатор] Kvester_ [#99] » даст буст какойто
[19:07:30] [Client thread/INFO] [CHAT] [Гравитатор] Kvester_ [#99] » или бусты
[19:07:31] [Client thread/INFO] [CHAT] [Гравитатор] P ┃ Saha237YT [#107] » во второй локации можно залезть на грузовик и там будет паркур
[19:07:35] [Client thread/INFO] [CHAT] [Галактик] V+ ┃ zxcdv_RU22 [#37] » Всем хай
[19:07:41] [Client thread/INFO] [CHAT] [Гравитатор] Kvester_ [#99] » привет
[19:07:42] [Client thread/INFO] [CHAT] [Гравитатор] P ┃ Saha237YT [#107] » здаров
[19:07:47] [Client thread/INFO] [CHAT] [Пульсар] T ┃ xKeEpeR_ [#17] » оо
[19:07:50] [Client thread/INFO] [CHAT] [Пульсар] T ┃ xKeEpeR_ [#17] » +лег аура
[19:07:54] [Client thread/INFO] [CHAT] [Космонавт] zamanov_xcv [#370] » спасибо
[19:08:04] [Client thread/INFO] [CHAT] [Странник] P ┃ painheart [#218] » 1
[19:08:05] [Client thread/INFO] [CHAT] [Межгалактик] P ┃ _ЛюбитеКотиков_ [#7] » спасибо хорошо
[19:08:06] [Client thread/INFO] [CHAT] [Пульсар] T ┃ xKeEpeR_ [#17] » +20 дроп и 20 монет
[19:08:19] [Client thread/INFO] [CHAT] [Галактик] V+ ┃ zxcdv_RU22 [#37] » Ауры только за кристалики и перерождения можно открыть?
[19:08:24] [Client thread/INFO] [CHAT] [Гравитатор] P ┃ Saha237YT [#107] » нет
[19:08:34] [Client thread/INFO] [CHAT] [Гравитатор] P ┃ Saha237YT [#107] » кроме уток по сути
[19:08:50] [Client thread/INFO] [CHAT] [Межгалактик] P ┃ _ЛюбитеКотиков_ [#7] » спасибо хорошо
[19:09:30] [Client thread/INFO] [CHAT] [Странник] V ┃ AmirYTlogin [#216] » !
[19:09:40] [Client thread/INFO] [CHAT] [Странник] kyricin [#220] » g
[19:10:14] [Client thread/INFO] [CHAT] [Туманник] D ┃ xyz14 [#71] » кто знает когда тут вайп будет
[19:10:19] [Client thread/INFO] [CHAT] [Сверхновая] snufflubitel [#44] » был
[19:10:28] [Client thread/INFO] [CHAT] [Союз] MVP+ ┃ MidnightSolitude [#14] » v4era v 16
[19:10:33] [Client thread/INFO] [CHAT] [Туманник] D ┃ xyz14 [#72] » ну до какого этот вайп
[19:10:39] [Client thread/INFO] [CHAT] [Союз] MVP+ ┃ MidnightSolitude [#14] » 3 mesyaca
[19:10:39] [Client thread/INFO] [CHAT] [Квазар] G ┃ MAXIM228916 [#51] » очки улучшения только за рб?
[19:10:42] [Client thread/INFO] [CHAT] [Союз] MVP+ ┃ MidnightSolitude [#14] » vaip
[19:10:45] [Client thread/INFO] [CHAT] [Союз] MVP+ ┃ MidnightSolitude [#14] » da maxim
[19:10:50] [Client thread/INFO] [CHAT] [Квазар] G ┃ MAXIM228916 [#51] » спс
[19:10:53] [Client thread/INFO] [CHAT] [Туманник] D ┃ xyz14 [#72] » ... 3...
[19:11:50] [Client thread/INFO] [CHAT] [Галактик] snufflubitel [#44] » я переродился
[19:11:57] [Client thread/INFO] [CHAT] [Галактик] snufflubitel [#44] » я ГАЛАКТИК
[19:12:08] [Client thread/INFO] [CHAT] Fleus [#?] » .
[19:12:09] [Client thread/INFO] [CHAT] [Странник] V ┃ AmirYTlogin [#214] » А Я
[19:14:16] [Client thread/INFO] [CHAT] [Исследователь] GOD ┃ aveichernyi [#302] »  как участвовать в астеройдной битве?
[19:14:20] [Client thread/INFO] [CHAT] [Союз] MVP+ ┃ MidnightSolitude [#14] » 50 92 -22 нпс для битв и постройки корабля. В битвы можно зайти в каждый четный час с 00 по 30мин
[19:14:31] [Client thread/INFO] [CHAT] [Исследователь] GOD ┃ aveichernyi [#302] »  спасибо
[19:14:37] [Client thread/INFO] [CHAT] [Галактик] snufflubitel [#44] » я это читаю уже как минимум раз 20
[19:14:39] [Client thread/INFO] [CHAT] [Странник] kyricin [#219] » g
[19:14:40] [Client thread/INFO] [CHAT] [Туманник] Cerberus567 [#68] » 1
[19:14:41] [Client thread/INFO] [CHAT] [Галактик] snufflubitel [#44] » за день
[19:14:43] [Client thread/INFO] [CHAT] [Странник] V ┃ AmirYTlogin [#214] » 1
[19:14:43] [Client thread/INFO] [CHAT] [Союз] MVP+ ┃ MidnightSolitude [#14] » malo
[19:15:01] [Client thread/INFO] [CHAT] [Союз] MVP+ ┃ MidnightSolitude [#14] » я это написал раз 200
[19:15:05] [Client thread/INFO] [CHAT] [Союз] MVP+ ┃ MidnightSolitude [#14] » за два дня
[19:15:12] [Client thread/INFO] [CHAT] [Экзопланет] MVP ┃ 777_Хлебка_777 [#35] » Потому что он молодец
[19:15:19] [Client thread/INFO] [CHAT] [Экзопланет] MVP ┃ 777_Хлебка_777 [#35] » помогает людям
[19:15:21] [Client thread/INFO] [CHAT] [Туманник] D ┃ xyz14 [#72] » герой
[19:15:26] [Client thread/INFO] [CHAT] [Экзопланет] MVP ┃ 777_Хлебка_777 [#35] » ДА!
[19:16:03] [Client thread/INFO] [CHAT] [Союз] MVP+ ┃ MidnightSolitude [#14] » как долго рб теперь идут
[19:16:10] [Client thread/INFO] [CHAT] [Картограф] MVP ┃ 777_Хлебка_777 [#35] » ура. Рб
[19:16:10] [Client thread/INFO] [CHAT] [Союз] MVP+ ┃ MidnightSolitude [#14] » когда не качаешься
[19:16:12] [Client thread/INFO] [CHAT] [Галактик] V+ ┃ zxcdv_RU22 [#37] » Ет да
[19:16:24] [Client thread/INFO] [CHAT] [Союз] MVP+ ┃ MidnightSolitude [#14] » с 20рб уже неприятно
[19:16:33] [Client thread/INFO] [CHAT] [Астроном] MVP ┃ uttytu_top2 [#181] » 
[19:16:35] [Client thread/INFO] [CHAT] [Союз] MVP+ ┃ MidnightSolitude [#14] » будто без петов и без битв уже никак
[19:16:38] [Client thread/INFO] [CHAT] [Квазар] G ┃ MAXIM228916 [#50] » 
[19:16:45] [Client thread/INFO] [CHAT] [Галактик] snufflubitel [#41] » без битв легко
[19:16:47] [Client thread/INFO] [CHAT]  Ты думаешь, я обычная резиновая уточка? 
[19:16:48] [Client thread/INFO] [CHAT] [Картограф] MVP ┃ 777_Хлебка_777 [#35] » эх
[19:16:50] [Client thread/INFO] [CHAT] [Галактик] snufflubitel [#41] » без петов сложно
[19:16:57] [Client thread/INFO] [CHAT] [Картограф] MVP ┃ 777_Хлебка_777 [#35] » А че у тебя по Х продажи?
[19:16:57] [Client thread/INFO] [CHAT] [Союз] MVP+ ┃ MidnightSolitude [#14] » битвы больше дают
[19:16:58] [Client thread/INFO] [CHAT] [Квазар] G ┃ MAXIM228916 [#50] » за топы что то дают?
[19:17:00] [Client thread/INFO] [CHAT] [Туманник] D ┃ xyz14 [#71] » скок у вас общее время что вы уже больше 20рб
[19:17:00] [Client thread/INFO] [CHAT] [Союз] MVP+ ┃ MidnightSolitude [#14] » если что
[19:17:04] [Client thread/INFO] [CHAT] [Союз] MVP+ ┃ MidnightSolitude [#14] » 22ч
[19:17:08] [Client thread/INFO] [CHAT] [Союз] MVP+ ┃ MidnightSolitude [#14] » +битвы
[19:17:24] [Client thread/INFO] [CHAT] [Туманник] D ┃ xyz14 [#71] » и так 3 месяца еще
[19:17:25] [Client thread/INFO] [CHAT] [Союз] MVP+ ┃ MidnightSolitude [#14] » ну типо с самого начала вайпа сидим
[19:17:32] [Client thread/INFO] [CHAT] [Союз] MVP+ ┃ MidnightSolitude [#14] » ну я тут не надолго
[19:17:39] [Client thread/INFO] [CHAT] [Галактик] V+ ┃ zxcdv_RU22 [#37] » Я сегодня просрал 4 часа блин
[19:17:50] [Client thread/INFO] [CHAT] [Звездочет] D ┃ Stas9n [#85] » в какие улучшения у Дзиха стоит вкладываться, только очиститель?
[19:17:55] [Client thread/INFO] [CHAT] [Исследователь] ghjbnvew12341 [#294] » задроты!!
[19:17:57] [Client thread/INFO] [CHAT] [Союз] MVP+ ┃ MidnightSolitude [#14] » продажи и монеты
[19:18:01] [Client thread/INFO] [CHAT] [Картограф] MVP ┃ 777_Хлебка_777 [#35] » ну у меня 14 рб. Но я играю 16 часов 32 минуты
[19:18:13] [Client thread/INFO] [CHAT] [Галактик] V+ ┃ zxcdv_RU22 [#37] » Ушел на роботу, а меня на хб отправили
[19:18:13] [Client thread/INFO] [CHAT] [Звездочет] D ┃ Stas9n [#85] » Спасибо
[19:18:19] [Client thread/INFO] [CHAT] [Туманник] D ┃ xyz14 [#71] » у меня 9 рб и 5 часов
[19:18:20] [Client thread/INFO] [CHAT] [Галактор] P+ ┃ topcnik_v_pvp [#25] » 17рб 15ч
[19:18:24] [Client thread/INFO] [CHAT] [Космонавт] zamanov_xcv [#370] » как получить ауру
[19:18:25] [Client thread/INFO] [CHAT] [Союз] MVP+ ┃ MidnightSolitude [#14] » не флудите
[19:18:31] [Client thread/INFO] [STDOUT]: a.a.d.a.c.a.f.a.i@eb3b539
[19:18:32] [Client thread/INFO] [STDOUT]: a.a.d.a.c.a.f.a.a@61ef8e06
[19:18:32] [Client thread/INFO] [STDOUT]: a.a.d.a.c.a.f.a.m@60516881
[19:18:32] [Client thread/INFO] [STDOUT]: a.a.d.a.c.a.f.a.k@7a33c70
[19:18:33] [Client thread/INFO] [STDOUT]: a.a.d.a.c.a.f.a.c@7b14322d
[19:18:38] [Client thread/INFO] [CHAT] [Космонавт] V ┃ DamianeX [#415] » не везуха, я тоже щас после работы но остался на месте
[19:18:50] [Client thread/INFO] [STDOUT]: a.a.d.a.c.a.f.a.i@38cdfc72
[19:19:10] [Client thread/INFO] [CHAT] [Квазар] G ┃ MAXIM228916 [#50] » битва через 40 минут
[19:19:12] [Client thread/INFO] [CHAT] [Галактик] snufflubitel [#41] » zamanov_xcv кароч надо совершить какой то сигма поступок и ты такой типа +aura matadora yara yara tiki tiki tiki
[19:19:28] [Client thread/INFO] [CHAT] [Космонавт] V ┃ DamianeX [#415] » это кринж
[19:19:34] [Client thread/INFO] [CHAT] GOD ┃ cat03 активировал Бустер очистителей x1.5.
[19:19:35] [Client thread/INFO] [CHAT] [Странник] V ┃ AmirYTlogin [#211] » помоему через час 40
[19:19:39] [Client thread/INFO] [CHAT] [Галактик] V+ ┃ zxcdv_RU22 [#37] » А может такое быть, то ет изза кликера в хаб тепнуло?
[19:19:40] [Client thread/INFO] [CHAT] [Странник] V ┃ AmirYTlogin [#211] » а не
[19:19:43] [Client thread/INFO] [CHAT] [Звездочет] V ┃ JujutsuKaisen [#87] » Герой!
[19:19:44] [Client thread/INFO] [CHAT] [Туманник] D ┃ xyz14 [#71] » боженька
[19:19:44] [Client thread/INFO] [CHAT] [Гравитатор] P ┃ Saha237YT [#109] » zamanov во втором мире есть кейс с аурой
[19:19:53] [Client thread/INFO] [CHAT] [Галактик] snufflubitel [#41] » спасибо за донат дай бог тебе здоровья
[19:19:56] [Client thread/ERROR] Error on handle event #BXBFw in Mod{name='SpaceTycoon', version='1.0.0+bc67650', persistent=false, delegate=a.a.d.a.a, modState=LOADED}
java.lang.AbstractMethodError: Receiver class a.a.d.a.e.g.c does not define or inherit an implementation of the resolved method 'abstract java.lang.Object invoke(java.lang.Object)' of interface kotlin.jvm.functions.Function1.
	at SpaceTycoon-v1.0.0+bc67650//a.a.d.a.e.g.b.a(SourceFile:46)
	at SpaceTycoon-v1.0.0+bc67650//a.a.d.a.e.g.b.injectedLambda$a$3(SourceFile)
	at java.base/java.util.HashMap$Values.forEach(Unknown Source)
	at SpaceTycoon-v1.0.0+bc67650//a.a.d.a.e.g.b.b(SourceFile:46)
	at SpaceTycoon-v1.0.0+bc67650//a.a.d.a.e.g.b.b(SourceFile:34)
	at SpaceTycoon-v1.0.0+bc67650//a.a.d.a.e.g.b.injectedLambda$b$1(SourceFile)
	at SpaceTycoon-v1.0.0+bc67650//a.a.a.m.a.b(SourceFile:58)
	at SpaceTycoon-v1.0.0+bc67650//a.a.a.m.a.injectedLambda$b$0(SourceFile)
	at #RaGIl.saYo(SourceFile:83)
	at #hvoSL.bBM(Unknown Source)
	at #hvoSL.accept(Unknown Source)
	at #ykMcj.slwQ(SourceFile:105)
	at #BrtKi.laL(Unknown Source)
	at #BrtKi.accept(Unknown Source)
	at #SmDYl.shof(SourceFile:59)
	at #vxdAh.blq(SourceFile)
	at #DRZva.smvZ(SourceFile:89)
	at #WblDI.sciG(SourceFile:100)
	at #DDMvh.hcz(SourceFile)
	at #GXpIT.slFh(SourceFile:75)
	at #acUkE.drn(SourceFile:650)
	at #qKRzt.skLS(Unknown Source:2396)
	at #hyWbW.satX(SourceFile:1837)
	at #RofNI.dB(SourceFile:43)
	at #GLnhB.run(SourceFile:32)
	at #GILEo.saUt(Unknown Source:40)
	at #sJuki.sfWB(SourceFile:11)
	at java.base/java.util.concurrent.FutureTask.run(Unknown Source)
	at #bfAok.sjvn(SourceFile:45)
	at #ptzkp.gXZ(SourceFile:52)
	at #gZdVe.sbpI(SourceFile:1466)
	at #UDDPE.sdDd(Unknown Source:1632)
	at #GMfdJ.sask(SourceFile:487)
	at net.minecraft.client.main.GameMain.iwR(SourceFile:220)
	at net.minecraft.client.main.GameMain.jtH(SourceFile:156)
	at #ZpHYL.i(Unknown Source)
	at #ZpHYL.run(Unknown Source)
	at java.base/java.lang.Thread.run(Unknown Source)
[19:19:56] [Client thread/ERROR] Error on handle event #BXBFw in Mod{name='SpaceTycoon', version='1.0.0+bc67650', persistent=false, delegate=a.a.d.a.a, modState=LOADED}
java.lang.AbstractMethodError: Receiver class a.a.d.a.e.g.c does not define or inherit an implementation of the resolved method 'abstract java.lang.Object invoke(java.lang.Object)' of interface kotlin.jvm.functions.Function1.
	at SpaceTycoon-v1.0.0+bc67650//a.a.d.a.e.g.b.a(SourceFile:46)
	at SpaceTycoon-v1.0.0+bc67650//a.a.d.a.e.g.b.injectedLambda$a$3(SourceFile)
	at java.base/java.util.HashMap$Values.forEach(Unknown Source)
	at SpaceTycoon-v1.0.0+bc67650//a.a.d.a.e.g.b.b(SourceFile:46)
	at SpaceTycoon-v1.0.0+bc67650//a.a.d.a.e.g.b.a(SourceFile:21)
	at SpaceTycoon-v1.0.0+bc67650//a.a.d.a.e.g.b.injectedLambda$a$0(SourceFile)
	at SpaceTycoon-v1.0.0+bc67650//a.a.a.m.a.b(SourceFile:58)
	at SpaceTycoon-v1.0.0+bc67650//a.a.a.m.a.injectedLambda$b$0(SourceFile)
	at #RaGIl.saYo(SourceFile:83)
	at #hvoSL.bBM(Unknown Source)
	at #hvoSL.accept(Unknown Source)
	at #ykMcj.slwQ(SourceFile:105)
	at #BrtKi.laL(Unknown Source)
	at #BrtKi.accept(Unknown Source)
	at #SmDYl.shof(SourceFile:59)
	at #vxdAh.blq(SourceFile)
	at #DRZva.smvZ(SourceFile:89)
	at #WblDI.sciG(SourceFile:100)
	at #DDMvh.hcz(SourceFile)
	at #GXpIT.slFh(SourceFile:75)
	at #acUkE.drn(SourceFile:650)
	at #qKRzt.skLS(Unknown Source:2396)
	at #hyWbW.satX(SourceFile:1837)
	at #RofNI.dB(SourceFile:43)
	at #GLnhB.run(SourceFile:32)
	at #GILEo.saUt(Unknown Source:40)
	at #sJuki.sfWB(SourceFile:11)
	at java.base/java.util.concurrent.FutureTask.run(Unknown Source)
	at #bfAok.sjvn(SourceFile:45)
	at #ptzkp.gXZ(SourceFile:52)
	at #gZdVe.sbpI(SourceFile:1466)
	at #UDDPE.sdDd(Unknown Source:1632)
	at #GMfdJ.sask(SourceFile:487)
	at net.minecraft.client.main.GameMain.iwR(SourceFile:220)
	at net.minecraft.client.main.GameMain.jtH(SourceFile:156)
	at #ZpHYL.i(Unknown Source)
	at #ZpHYL.run(Unknown Source)
	at java.base/java.lang.Thread.run(Unknown Source)
[19:20:02] [Client thread/INFO] [CHAT] [Космонавт] zamanov_xcv [#370] » а как во второй мир попасть
[19:20:03] [Client thread/INFO] [CHAT] [Туманник] D ┃ xyz14 [#71] » 9.6 очиститель
[19:20:05] [Client thread/INFO] [CHAT] [Квазар] G ┃ MAXIM228916 [#50] » кто в покер?
[19:20:16] [Client thread/INFO] [CHAT] [Галактик] snufflubitel [#41] » я полупокер
[19:20:19] [Client thread/INFO] [CHAT] [Галактик] snufflubitel [#41] » сойдет?
[19:20:24] [Client thread/INFO] [CHAT] [Межгалактик] P ┃ _ЛюбитеКотиков_ [#7] » спасибо хорошо
[19:20:44] [Client thread/INFO] [CHAT] [Космонавт] zamanov_xcv [#370] » а зачем корабль нужен
[19:20:50] [Client thread/INFO] [CHAT] [Галактик] V+ ┃ zxcdv_RU22 [#37] » Я прошлый рб делал 3ч почти, сейчас след только час нужно :/
[19:20:51] [Client thread/INFO] [CHAT] [Галактик] snufflubitel [#41] » чтоб плыть
[19:20:53] [Client thread/INFO] [CHAT] [Гравитатор] P ┃ Saha237YT [#107] » для ивента
[19:21:23] [Client thread/INFO] [CHAT] [Гравитатор] P ┃ Saha237YT [#107] » корабль нужно достроить там нужно найти деталь в первой локации во втором гараже с паркуром
[19:21:24] [Client thread/ERROR] Error on handle event #BXBFw in Mod{name='SpaceTycoon', version='1.0.0+bc67650', persistent=false, delegate=a.a.d.a.a, modState=LOADED}
java.lang.IndexOutOfBoundsException: index: 70, length: 1 (expected: range(0, 70))
	at io.netty.buffer.AbstractByteBuf.checkRangeBounds(AbstractByteBuf.java:1390)
	at io.netty.buffer.AbstractByteBuf.checkIndex0(AbstractByteBuf.java:1397)
	at io.netty.buffer.AbstractUnpooledSlicedByteBuf.getBytes(AbstractUnpooledSlicedByteBuf.java:242)
	at io.netty.buffer.ReadOnlyByteBuf.getBytes(ReadOnlyByteBuf.java:270)
	at io.netty.buffer.ByteBufUtil.decodeString(ByteBufUtil.java:1151)
	at io.netty.buffer.AbstractByteBuf.toString(AbstractByteBuf.java:1246)
	at dev.xdark.feder.NetUtil.readString0(NetUtil.java:833)
	at dev.xdark.feder.NetUtil.readUtf8(NetUtil.java:188)
	at SpaceTycoon-v1.0.0+bc67650//a.a.a.m.a.f(SourceFile:176)
	at SpaceTycoon-v1.0.0+bc67650//a.a.d.a.e.h.b.d(SourceFile:60)
	at SpaceTycoon-v1.0.0+bc67650//a.a.d.a.e.h.b.injectedLambda$d$3(SourceFile)
	at SpaceTycoon-v1.0.0+bc67650//a.a.a.m.a.b(SourceFile:58)
	at SpaceTycoon-v1.0.0+bc67650//a.a.a.m.a.injectedLambda$b$0(SourceFile)
	at #RaGIl.saYo(SourceFile:83)
	at #hvoSL.bBM(Unknown Source)
	at #hvoSL.accept(Unknown Source)
	at #ykMcj.slwQ(SourceFile:105)
	at #BrtKi.laL(Unknown Source)
	at #BrtKi.accept(Unknown Source)
	at #SmDYl.shof(SourceFile:59)
	at #vxdAh.blq(SourceFile)
	at #DRZva.smvZ(SourceFile:89)
	at #WblDI.sciG(SourceFile:100)
	at #DDMvh.hcz(SourceFile)
	at #GXpIT.slFh(SourceFile:75)
	at #acUkE.drn(SourceFile:650)
	at #qKRzt.skLS(Unknown Source:2396)
	at #hyWbW.satX(SourceFile:1837)
	at #RofNI.dB(SourceFile:43)
	at #GLnhB.run(SourceFile:32)
	at #GILEo.saUt(Unknown Source:40)
	at #sJuki.sfWB(SourceFile:11)
	at java.base/java.util.concurrent.FutureTask.run(Unknown Source)
	at #bfAok.sjvn(SourceFile:45)
	at #ptzkp.gXZ(SourceFile:52)
	at #gZdVe.sbpI(SourceFile:1466)
	at #UDDPE.sdDd(Unknown Source:1632)
	at #GMfdJ.sask(SourceFile:487)
	at net.minecraft.client.main.GameMain.iwR(SourceFile:220)
	at net.minecraft.client.main.GameMain.jtH(SourceFile:156)
	at #ZpHYL.i(Unknown Source)
	at #ZpHYL.run(Unknown Source)
	at java.base/java.lang.Thread.run(Unknown Source)
[19:21:32] [Client thread/INFO] [CHAT] [Галактик] snufflubitel [#41] » я уже почти всю ветку дроперов вкачал
[19:21:33] [Client thread/INFO] [CHAT] [Астроном] P ┃ Tveiv [#220] »  а где уточка для миты?
[19:21:38] [Client thread/INFO] [CHAT] [Гравитатор] P ┃ Saha237YT [#107] » на форуме
[19:21:38] [Client thread/INFO] [CHAT] [Союз] MVP+ ┃ MidnightSolitude [#14] » Их 20
[19:21:39] [Client thread/INFO] [CHAT] [Галактик] V+ ┃ zxcdv_RU22 [#37] » По карте
[19:21:40] [Client thread/INFO] [CHAT] [Галактик] snufflubitel [#41] » что потом петы или бабки?
[19:21:41] [Client thread/INFO] [CHAT] [Космонавт] zamanov_xcv [#343] » а достроил все купил а чо дальше делать
[19:21:49] [Client thread/INFO] [CHAT] [Гравитатор] P ┃ Saha237YT [#107] » жди 22:00
[19:21:53] [Client thread/INFO] [CHAT] [Гравитатор] P ┃ Saha237YT [#107] » ивент начнется
[19:21:56] [Client thread/INFO] [CHAT] [Галактик] snufflubitel [#41] » петы или бабки качать?
[19:21:58] [Client thread/INFO] [CHAT] [Гравитатор] P ┃ Saha237YT [#107] » петы
[19:22:00] [Client thread/INFO] [CHAT] [Галактик] V+ ┃ zxcdv_RU22 [#37] » Какой ивент?
[19:22:11] [Client thread/INFO] [CHAT] [Союз] MVP+ ┃ MidnightSolitude [#14] » Битва
[19:22:17] [Client thread/INFO] [CHAT] [Союз] MVP+ ┃ MidnightSolitude [#14] » Через пол часа
[19:22:22] [Client thread/INFO] [CHAT] [Гравитатор] I ┃ XuTruE_xd [#133] » на какой планете последняя уточка
[19:22:24] [Client thread/INFO] [CHAT] [Союз] MVP+ ┃ MidnightSolitude [#14] » 4
[19:22:33] [Client thread/INFO] [CHAT] 㨏 ЛС [P ┃ Saha237YT » Я] на форуме гайды есть для уточек с кордами
[19:22:47] [Client thread/INFO] [CHAT] 㨏 ЛС [P ┃ Saha237YT » Я] но тебе пока рано там нужно открыть 4 планету пульсар чтобы его закончить
[19:23:14] [Client thread/INFO] [CHAT] [Астроном] kymitik [#149] » я 300
[19:23:17] [Client thread/INFO] [CHAT] [Комета] _Azza [#303] » груз?
[19:23:28] [Client thread/INFO] [CHAT] 㨏 ЛС [Я » P ┃ Saha237YT] спасибо большое. А кроме ключа дадут что-то?
[19:23:28] [Client thread/INFO] [CHAT] [Гравитатор] I ┃ XuTruE_xd [#133] » 200
[19:23:29] [Client thread/INFO] [CHAT] [Галактик] snufflubitel [#41] » а какой ребитх дает +2 очка улучшений
[19:23:37] [Client thread/INFO] [CHAT] [Союз] MVP+ ┃ MidnightSolitude [#14] » Никакой
[19:23:45] [Client thread/INFO] [CHAT] [Галактик] xmizz [#39] » хах гг
[19:23:47] [Client thread/INFO] [CHAT] \n  MEDIA ┃ LauraKillYOU  запустил стрим!\n  Платформа: Twitch\n  Напишите /media для проcмотра активных трансляций\n 
[19:23:52] [Client thread/INFO] [CHAT] \n   Сейчас трансляции ведут:\n   MEDIA ┃ LauraKillYOU \n   Напишите /media для проcмотра активных трансляций\n 
[19:24:00] [Client thread/INFO] [CHAT] [Галактик] snufflubitel [#41] » мне пофиг
[19:24:02] [Client thread/INFO] [CHAT] [Комета] _Azza [#303] » очередной нн
[19:24:10] [Client thread/INFO] [STDOUT]: a.a.d.a.c.a.f.a.i@4368fbd3
[19:24:11] [Client thread/INFO] [CHAT] [Исследователь] V ┃ DamianeX [#414] » база
[19:24:21] [Client thread/INFO] [CHAT] [Галактик] snufflubitel [#41] » лингидан самый крутой остальные нны
[19:24:30] [Client thread/INFO] [CHAT] [Исследователь] V ┃ DamianeX [#414] » нн
[19:24:32] [Client thread/INFO] [CHAT] [Астроном] baga03 [#171] » a
[19:24:52] [Client thread/INFO] [CHAT] [Галактик] snufflubitel [#41] » а вообще не нн ток демастер
[19:25:00] [Client thread/INFO] [CHAT] [Галактик] xmizz [#39] » ++
[19:25:08] [Client thread/INFO] [CHAT] [Астроном] kymitik [#149] » я устал в это играть
[19:25:16] [Client thread/ERROR] Error on handle event #BXBFw in Mod{name='SpaceTycoon', version='1.0.0+bc67650', persistent=false, delegate=a.a.d.a.a, modState=LOADED}
java.lang.IndexOutOfBoundsException: index: 70, length: 1 (expected: range(0, 70))
	at io.netty.buffer.AbstractByteBuf.checkRangeBounds(AbstractByteBuf.java:1390)
	at io.netty.buffer.AbstractByteBuf.checkIndex0(AbstractByteBuf.java:1397)
	at io.netty.buffer.AbstractUnpooledSlicedByteBuf.getBytes(AbstractUnpooledSlicedByteBuf.java:242)
	at io.netty.buffer.ReadOnlyByteBuf.getBytes(ReadOnlyByteBuf.java:270)
	at io.netty.buffer.ByteBufUtil.decodeString(ByteBufUtil.java:1151)
	at io.netty.buffer.AbstractByteBuf.toString(AbstractByteBuf.java:1246)
	at dev.xdark.feder.NetUtil.readString0(NetUtil.java:833)
	at dev.xdark.feder.NetUtil.readUtf8(NetUtil.java:188)
	at SpaceTycoon-v1.0.0+bc67650//a.a.a.m.a.f(SourceFile:176)
	at SpaceTycoon-v1.0.0+bc67650//a.a.d.a.e.h.b.d(SourceFile:60)
	at SpaceTycoon-v1.0.0+bc67650//a.a.d.a.e.h.b.injectedLambda$d$3(SourceFile)
	at SpaceTycoon-v1.0.0+bc67650//a.a.a.m.a.b(SourceFile:58)
	at SpaceTycoon-v1.0.0+bc67650//a.a.a.m.a.injectedLambda$b$0(SourceFile)
	at #RaGIl.saYo(SourceFile:83)
	at #hvoSL.bBM(Unknown Source)
	at #hvoSL.accept(Unknown Source)
	at #ykMcj.slwQ(SourceFile:105)
	at #BrtKi.laL(Unknown Source)
	at #BrtKi.accept(Unknown Source)
	at #SmDYl.shof(SourceFile:59)
	at #vxdAh.blq(SourceFile)
	at #DRZva.smvZ(SourceFile:89)
	at #WblDI.sciG(SourceFile:100)
	at #DDMvh.hcz(SourceFile)
	at #GXpIT.slFh(SourceFile:75)
	at #acUkE.drn(SourceFile:650)
	at #qKRzt.skLS(Unknown Source:2396)
	at #hyWbW.satX(SourceFile:1837)
	at #RofNI.dB(SourceFile:43)
	at #GLnhB.run(SourceFile:32)
	at #GILEo.saUt(Unknown Source:40)
	at #sJuki.sfWB(SourceFile:11)
	at java.base/java.util.concurrent.FutureTask.run(Unknown Source)
	at #bfAok.sjvn(SourceFile:45)
	at #ptzkp.gXZ(SourceFile:52)
	at #gZdVe.sbpI(SourceFile:1466)
	at #UDDPE.sdDd(Unknown Source:1632)
	at #GMfdJ.sask(SourceFile:487)
	at net.minecraft.client.main.GameMain.iwR(SourceFile:220)
	at net.minecraft.client.main.GameMain.jtH(SourceFile:156)
	at #ZpHYL.i(Unknown Source)
	at #ZpHYL.run(Unknown Source)
	at java.base/java.lang.Thread.run(Unknown Source)
[19:25:17] [Client thread/INFO] [CHAT] [Комета] _Azza [#303] » ахах оно еще и без демки
[19:25:17] [Client thread/INFO] [CHAT] [Астероид] P ┃ TaFIN [#63] » Dctv chfnm
[19:25:22] [Client thread/INFO] [CHAT] [Астероид] P ┃ TaFIN [#63] » всем срать
[19:25:25] [Client thread/INFO] [CHAT] [Туманник] D ┃ xyz14 [#72] » сколько играешь что уже устал
[19:25:30] [Client thread/INFO] [CHAT] [Галактор] P+ ┃ topcnik_v_pvp [#25] » я уже 15ч без перерыва играю еще посидим
[19:25:33] [Client thread/INFO] [CHAT] [Исследователь] V ┃ DamianeX [#414] » эхх старые добрые анигилейшн
[19:25:36] [Client thread/INFO] [STDOUT]: a.a.d.a.c.a.f.a.i@2b9f3dfb
[19:25:49] [Client thread/INFO] [CHAT] [Сверхновая] Men_Fox [#47] » каким садистом надо быть чтоб сделать такой 3 ангар на пульсаре
[19:25:50] [Client thread/INFO] [CHAT] [Галактик] snufflubitel [#41] » как у вас дела
[19:25:56] [Client thread/INFO] [CHAT] [Сверхновая] Men_Fox [#47] » 0 очистителей
[19:25:59] [Client thread/INFO] [CHAT] [Галактик] xmizz [#39] » пхххпхпх за 15часов всего топ 25 хахах
[19:26:01] [Client thread/INFO] [CHAT] [Галактик] snufflubitel [#41] » men_fox я уже сделал)
[19:26:04] [Client thread/ERROR] Error on handle event #BXBFw in Mod{name='SpaceTycoon', version='1.0.0+bc67650', persistent=false, delegate=a.a.d.a.a, modState=LOADED}
java.lang.AbstractMethodError: Receiver class a.a.d.a.e.g.c does not define or inherit an implementation of the resolved method 'abstract java.lang.Object invoke(java.lang.Object)' of interface kotlin.jvm.functions.Function1.
	at SpaceTycoon-v1.0.0+bc67650//a.a.d.a.e.g.b.a(SourceFile:46)
	at SpaceTycoon-v1.0.0+bc67650//a.a.d.a.e.g.b.injectedLambda$a$3(SourceFile)
	at java.base/java.util.HashMap$Values.forEach(Unknown Source)
	at SpaceTycoon-v1.0.0+bc67650//a.a.d.a.e.g.b.b(SourceFile:46)
	at SpaceTycoon-v1.0.0+bc67650//a.a.d.a.e.g.b.b(SourceFile:34)
	at SpaceTycoon-v1.0.0+bc67650//a.a.d.a.e.g.b.injectedLambda$b$1(SourceFile)
	at SpaceTycoon-v1.0.0+bc67650//a.a.a.m.a.b(SourceFile:58)
	at SpaceTycoon-v1.0.0+bc67650//a.a.a.m.a.injectedLambda$b$0(SourceFile)
	at #RaGIl.saYo(SourceFile:83)
	at #hvoSL.bBM(Unknown Source)
	at #hvoSL.accept(Unknown Source)
	at #ykMcj.slwQ(SourceFile:105)
	at #BrtKi.laL(Unknown Source)
	at #BrtKi.accept(Unknown Source)
	at #SmDYl.shof(SourceFile:59)
	at #vxdAh.blq(SourceFile)
	at #DRZva.smvZ(SourceFile:89)
	at #WblDI.sciG(SourceFile:100)
	at #DDMvh.hcz(SourceFile)
	at #GXpIT.slFh(SourceFile:75)
	at #acUkE.drn(SourceFile:650)
	at #qKRzt.skLS(Unknown Source:2396)
	at #hyWbW.satX(SourceFile:1837)
	at #RofNI.dB(SourceFile:43)
	at #GLnhB.run(SourceFile:32)
	at #GILEo.saUt(Unknown Source:40)
	at #sJuki.sfWB(SourceFile:11)
	at java.base/java.util.concurrent.FutureTask.run(Unknown Source)
	at #bfAok.sjvn(SourceFile:45)
	at #ptzkp.gXZ(SourceFile:52)
	at #gZdVe.sbpI(SourceFile:1466)
	at #UDDPE.sdDd(Unknown Source:1632)
	at #GMfdJ.sask(SourceFile:487)
	at net.minecraft.client.main.GameMain.iwR(SourceFile:220)
	at net.minecraft.client.main.GameMain.jtH(SourceFile:156)
	at #ZpHYL.i(Unknown Source)
	at #ZpHYL.run(Unknown Source)
	at java.base/java.lang.Thread.run(Unknown Source)
[19:26:04] [Client thread/ERROR] Error on handle event #BXBFw in Mod{name='SpaceTycoon', version='1.0.0+bc67650', persistent=false, delegate=a.a.d.a.a, modState=LOADED}
java.lang.AbstractMethodError: Receiver class a.a.d.a.e.g.c does not define or inherit an implementation of the resolved method 'abstract java.lang.Object invoke(java.lang.Object)' of interface kotlin.jvm.functions.Function1.
	at SpaceTycoon-v1.0.0+bc67650//a.a.d.a.e.g.b.a(SourceFile:46)
	at SpaceTycoon-v1.0.0+bc67650//a.a.d.a.e.g.b.injectedLambda$a$3(SourceFile)
	at java.base/java.util.HashMap$Values.forEach(Unknown Source)
	at SpaceTycoon-v1.0.0+bc67650//a.a.d.a.e.g.b.b(SourceFile:46)
	at SpaceTycoon-v1.0.0+bc67650//a.a.d.a.e.g.b.a(SourceFile:21)
	at SpaceTycoon-v1.0.0+bc67650//a.a.d.a.e.g.b.injectedLambda$a$0(SourceFile)
	at SpaceTycoon-v1.0.0+bc67650//a.a.a.m.a.b(SourceFile:58)
	at SpaceTycoon-v1.0.0+bc67650//a.a.a.m.a.injectedLambda$b$0(SourceFile)
	at #RaGIl.saYo(SourceFile:83)
	at #hvoSL.bBM(Unknown Source)
	at #hvoSL.accept(Unknown Source)
	at #ykMcj.slwQ(SourceFile:105)
	at #BrtKi.laL(Unknown Source)
	at #BrtKi.accept(Unknown Source)
	at #SmDYl.shof(SourceFile:59)
	at #vxdAh.blq(SourceFile)
	at #DRZva.smvZ(SourceFile:89)
	at #WblDI.sciG(SourceFile:100)
	at #DDMvh.hcz(SourceFile)
	at #GXpIT.slFh(SourceFile:75)
	at #acUkE.drn(SourceFile:650)
	at #qKRzt.skLS(Unknown Source:2396)
	at #hyWbW.satX(SourceFile:1837)
	at #RofNI.dB(SourceFile:43)
	at #GLnhB.run(SourceFile:32)
	at #GILEo.saUt(Unknown Source:40)
	at #sJuki.sfWB(SourceFile:11)
	at java.base/java.util.concurrent.FutureTask.run(Unknown Source)
	at #bfAok.sjvn(SourceFile:45)
	at #ptzkp.gXZ(SourceFile:52)
	at #gZdVe.sbpI(SourceFile:1466)
	at #UDDPE.sdDd(Unknown Source:1632)
	at #GMfdJ.sask(SourceFile:487)
	at net.minecraft.client.main.GameMain.iwR(SourceFile:220)
	at net.minecraft.client.main.GameMain.jtH(SourceFile:156)
	at #ZpHYL.i(Unknown Source)
	at #ZpHYL.run(Unknown Source)
	at java.base/java.lang.Thread.run(Unknown Source)
[19:26:19] [Client thread/INFO] [CHAT]  Наконец-то! Я тут со вчерашнего дня плаваю. 
[19:26:20] [Client thread/INFO] [CHAT] [Галактик] snufflubitel [#41] » как у вас дела
[19:26:24] [Client thread/INFO] [CHAT] [Комета] _Azza [#281] » плохо
[19:26:27] [Client thread/INFO] [CHAT] [Звездочет] I ┃ scp22 [#82] » номано
[19:26:32] [Client thread/INFO] [CHAT] [Исследователь] V ┃ DamianeX [#326] » гуд, залутал 350к
[19:26:34] [Client thread/INFO] [CHAT] [Галактик] snufflubitel [#41] » у мя 11 часов
[19:26:37] [Client thread/INFO] [CHAT]  Помоги воссоединить нашу резиновую семью! 
[19:26:37] [Client thread/INFO] [CHAT] [Галактик] snufflubitel [#41] » 41 место
[19:26:41] [Client thread/INFO] [CHAT] [Галактик] snufflubitel [#41] » в пике было 33
[19:26:54] [Client thread/INFO] [CHAT]  Каждая уточка дает +1 к крутости. Факт. 
[19:26:56] [Client thread/INFO] [CHAT] [Галактик] xmizz [#39] » у меня 7.5 часов
[19:26:57] [Client thread/INFO] [CHAT] [Комета] _Azza [#281] » я в пике 200 был
[19:27:04] [Client thread/INFO] [CHAT] [Гравитатор] I ┃ XuTruE_xd [#125] » какая из хар-к топ в питомцах?
[19:27:07] [Client thread/INFO] [CHAT] [Астроном] kymitik [#149] » завтра полу финал кто выиграет ваши ставки?
[19:27:13] [Client thread/INFO] [CHAT] [Космонавт] I ┃ Yuurra [#358] » в пике 200 говорит был
[19:27:18] [Client thread/INFO] [CHAT] [Туманник] YuuR [#70] » france
[19:27:19] [Client thread/INFO] [CHAT] [Комета] _Azza [#281] » ну да я 200 был
[19:27:20] [Client thread/INFO] [CHAT] [Галактик] snufflubitel [#41] » kymitik сиська демастера
[19:27:23] [Client thread/INFO] [CHAT] [Странник] V ┃ onnixx_ [#186] » франция
[19:27:26] [Client thread/INFO] [CHAT] [Туманник] YuuR [#70] »  100%
[19:27:31] [Client thread/INFO] [CHAT] [Туманник] YuuR [#70] » 1 франция берет чм
[19:27:34] [Client thread/INFO] [CHAT]  Наконец-то! Я тут со вчерашнего дня плаваю. 
[19:27:41] [Client thread/INFO] [CHAT] [Туманник] D ┃ xyz14 [#68] » очистители
[19:27:58] [Client thread/INFO] [CHAT] [Астроном] kymitik [#149] » я все равно буду надеяться что францию обыграют
[19:28:08] [Client thread/INFO] [CHAT] [Астроном] kymitik [#149] » не нравиться мне чет франция
[19:28:16] [Client thread/INFO] [CHAT] [Туманник] D ┃ xyz14 [#68] » как вам посдений бой макгерокора
[19:28:18] [Client thread/INFO] [CHAT] [Туманник] YuuR [#70] » там генштаб
[19:28:23] [Client thread/INFO] [CHAT] [Туманник] D ┃ xyz14 [#68] » макгрегора
[19:28:28] [Client thread/INFO] [CHAT] i Бустер конвейеров от HE ┃ Azazelskiy закончился!
[19:28:44] [Client thread/ERROR] Error on handle event #BXBFw in Mod{name='SpaceTycoon', version='1.0.0+bc67650', persistent=false, delegate=a.a.d.a.a, modState=LOADED}
java.lang.AbstractMethodError: Receiver class a.a.d.a.e.g.c does not define or inherit an implementation of the resolved method 'abstract java.lang.Object invoke(java.lang.Object)' of interface kotlin.jvm.functions.Function1.
	at SpaceTycoon-v1.0.0+bc67650//a.a.d.a.e.g.b.a(SourceFile:46)
	at SpaceTycoon-v1.0.0+bc67650//a.a.d.a.e.g.b.injectedLambda$a$3(SourceFile)
	at java.base/java.util.HashMap$Values.forEach(Unknown Source)
	at SpaceTycoon-v1.0.0+bc67650//a.a.d.a.e.g.b.b(SourceFile:46)
	at SpaceTycoon-v1.0.0+bc67650//a.a.d.a.e.g.b.b(SourceFile:34)
	at SpaceTycoon-v1.0.0+bc67650//a.a.d.a.e.g.b.injectedLambda$b$1(SourceFile)
	at SpaceTycoon-v1.0.0+bc67650//a.a.a.m.a.b(SourceFile:58)
	at SpaceTycoon-v1.0.0+bc67650//a.a.a.m.a.injectedLambda$b$0(SourceFile)
	at #RaGIl.saYo(SourceFile:83)
	at #hvoSL.bBM(Unknown Source)
	at #hvoSL.accept(Unknown Source)
	at #ykMcj.slwQ(SourceFile:105)
	at #BrtKi.laL(Unknown Source)
	at #BrtKi.accept(Unknown Source)
	at #SmDYl.shof(SourceFile:59)
	at #vxdAh.blq(SourceFile)
	at #DRZva.smvZ(SourceFile:89)
	at #WblDI.sciG(SourceFile:100)
	at #DDMvh.hcz(SourceFile)
	at #GXpIT.slFh(SourceFile:75)
	at #acUkE.drn(SourceFile:650)
	at #qKRzt.skLS(Unknown Source:2396)
	at #hyWbW.satX(SourceFile:1837)
	at #RofNI.dB(SourceFile:43)
	at #GLnhB.run(SourceFile:32)
	at #GILEo.saUt(Unknown Source:40)
	at #sJuki.sfWB(SourceFile:11)
	at java.base/java.util.concurrent.FutureTask.run(Unknown Source)
	at #bfAok.sjvn(SourceFile:45)
	at #ptzkp.gXZ(SourceFile:52)
	at #gZdVe.sbpI(SourceFile:1466)
	at #UDDPE.sdDd(Unknown Source:1632)
	at #GMfdJ.sask(SourceFile:487)
	at net.minecraft.client.main.GameMain.iwR(SourceFile:220)
	at net.minecraft.client.main.GameMain.jtH(SourceFile:156)
	at #ZpHYL.i(Unknown Source)
	at #ZpHYL.run(Unknown Source)
	at java.base/java.lang.Thread.run(Unknown Source)
[19:28:44] [Client thread/ERROR] Error on handle event #BXBFw in Mod{name='SpaceTycoon', version='1.0.0+bc67650', persistent=false, delegate=a.a.d.a.a, modState=LOADED}
java.lang.AbstractMethodError: Receiver class a.a.d.a.e.g.c does not define or inherit an implementation of the resolved method 'abstract java.lang.Object invoke(java.lang.Object)' of interface kotlin.jvm.functions.Function1.
	at SpaceTycoon-v1.0.0+bc67650//a.a.d.a.e.g.b.a(SourceFile:46)
	at SpaceTycoon-v1.0.0+bc67650//a.a.d.a.e.g.b.injectedLambda$a$3(SourceFile)
	at java.base/java.util.HashMap$Values.forEach(Unknown Source)
	at SpaceTycoon-v1.0.0+bc67650//a.a.d.a.e.g.b.b(SourceFile:46)
	at SpaceTycoon-v1.0.0+bc67650//a.a.d.a.e.g.b.a(SourceFile:21)
	at SpaceTycoon-v1.0.0+bc67650//a.a.d.a.e.g.b.injectedLambda$a$0(SourceFile)
	at SpaceTycoon-v1.0.0+bc67650//a.a.a.m.a.b(SourceFile:58)
	at SpaceTycoon-v1.0.0+bc67650//a.a.a.m.a.injectedLambda$b$0(SourceFile)
	at #RaGIl.saYo(SourceFile:83)
	at #hvoSL.bBM(Unknown Source)
	at #hvoSL.accept(Unknown Source)
	at #ykMcj.slwQ(SourceFile:105)
	at #BrtKi.laL(Unknown Source)
	at #BrtKi.accept(Unknown Source)
	at #SmDYl.shof(SourceFile:59)
	at #vxdAh.blq(SourceFile)
	at #DRZva.smvZ(SourceFile:89)
	at #WblDI.sciG(SourceFile:100)
	at #DDMvh.hcz(SourceFile)
	at #GXpIT.slFh(SourceFile:75)
	at #acUkE.drn(SourceFile:650)
	at #qKRzt.skLS(Unknown Source:2396)
	at #hyWbW.satX(SourceFile:1837)
	at #RofNI.dB(SourceFile:43)
	at #GLnhB.run(SourceFile:32)
	at #GILEo.saUt(Unknown Source:40)
	at #sJuki.sfWB(SourceFile:11)
	at java.base/java.util.concurrent.FutureTask.run(Unknown Source)
	at #bfAok.sjvn(SourceFile:45)
	at #ptzkp.gXZ(SourceFile:52)
	at #gZdVe.sbpI(SourceFile:1466)
	at #UDDPE.sdDd(Unknown Source:1632)
	at #GMfdJ.sask(SourceFile:487)
	at net.minecraft.client.main.GameMain.iwR(SourceFile:220)
	at net.minecraft.client.main.GameMain.jtH(SourceFile:156)
	at #ZpHYL.i(Unknown Source)
	at #ZpHYL.run(Unknown Source)
	at java.base/java.lang.Thread.run(Unknown Source)
[19:29:02] [Client thread/INFO] [CHAT] [Туманник] YuuR [#70] » сказать даже нечего насчет этого....
[19:29:07] [Client thread/INFO] [CHAT]  Каждая уточка дает +1 к крутости. Факт. 
[19:29:08] [Client thread/INFO] [CHAT] [Гравитатор] HE ┃ Azazelskiy [#108] »  как выглядит шпион?
[19:29:16] [Client thread/INFO] [CHAT] [Союз] MVP+ ┃ MidnightSolitude [#14] » как нпс
[19:29:20] [Client thread/INFO] [CHAT] [Комета] _Azza [#281] » как шпион
[19:29:21] [Client thread/INFO] [CHAT] [Исследователь] V ┃ DamianeX [#326] » как шпион
[19:29:24] [Client thread/INFO] [CHAT] [Туманник] D ┃ xyz14 [#68] » ну зато будет 3 против холовея
[19:29:27] [Client thread/INFO] [CHAT] [Астроном] kymitik [#149] » ну макгрегор держался львом словно льва загнали в клетку к медоеду
[19:29:27] [Client thread/INFO] [CHAT]  Наконец-то! Я тут со вчерашнего дня плаваю. 
[19:29:37] [Client thread/INFO] [CHAT] [Галактор] P+ ┃ topcnik_v_pvp [#26] » как не шпион зачем шпиону одеваться как шпион
[19:29:42] [Client thread/INFO] [CHAT]  О, храбрый искатель! Моя резиновая душа долго ждала тебя. 
[19:29:42] [Client thread/INFO] [CHAT] [Странник] V ┃ AmirYTlogin [#206] » такой серый тип, стоит на месте ждет
[19:29:45] [Client thread/INFO] [CHAT] [Гравитатор] I ┃ XuTruE_xd [#125] » шпион красных на базе
[19:29:47] [Client thread/INFO] [CHAT] [Астроном] kymitik [#149] » зачем вообще шпион нужен
[19:29:47] [Client thread/INFO] [CHAT] [Исследователь] V ┃ DamianeX [#326] » как нн тип
[19:29:53] [Client thread/INFO] [CHAT] [Исследователь] V ┃ DamianeX [#326] » базовый челик
[19:29:55] [Client thread/INFO] [CHAT] [Комета] _Azza [#281] » пионы это вроде цветы же
[19:30:06] [Client thread/INFO] [CHAT] [Галактор] P+ ┃ topcnik_v_pvp [#26] » смешно однако
[19:30:08] [Client thread/INFO] [CHAT] [Комета] _Azza [#281] » нет
[19:30:17] [Client thread/INFO] [CHAT] [Галактор] P+ ┃ topcnik_v_pvp [#26] » очень
[19:30:18] [Client thread/INFO] [CHAT] [Астроном] kymitik [#149] »  ashonmyskin накинь бустов будь другом
[19:30:19] [Client thread/INFO] [CHAT] [Комета] _Azza [#281] » нет
[19:30:20] [Client thread/INFO] [CHAT] [Комета] ghjbnvew12341 [#294] » f
[19:30:25] [Client thread/INFO] [CHAT] [Галактик] xmizz [#39] » м
[19:30:27] [Client thread/INFO] [CHAT]  О, храбрый искатель! Моя резиновая душа долго ждала тебя. 
[19:30:29] [Client thread/INFO] [CHAT] [Исследователь] V ┃ DamianeX [#326] » мечтай
[19:30:33] [Client thread/INFO] [CHAT] [Галактор] P+ ┃ topcnik_v_pvp [#26] » прям смехтина
[19:30:40] [Client thread/INFO] [CHAT] [Туманник] YuuR [#70] » Герри Ислам как думаете?
[19:30:43] [Client thread/INFO] [CHAT] [Комета] _Azza [#281] » смех смехом
[19:30:51] [Client thread/INFO] [CHAT] [Галактор] P+ ┃ topcnik_v_pvp [#26] » не шути так болльше сликшмт смешно
[19:30:54] [Client thread/INFO] [CHAT] [Исследователь] V ┃ DamianeX [#326] » сори я атеист
[19:30:57] [Client thread/INFO] [CHAT] [Комета] _Azza [#281] » постаарюсь
[19:31:02] [Client thread/INFO] [CHAT] [Астроном] kymitik [#149] » а насчет аргентины и англии за кого вы
[19:31:10] [Client thread/INFO] [CHAT] [Комета] _Azza [#281] » за шотландию
[19:31:14] [Client thread/INFO] [CHAT] [Комета] _Azza [#281] » scotland forever
[19:31:24] [Client thread/INFO] [CHAT] [Туманник] YuuR [#70] »  аргентина заберет думаю
[19:31:25] [Client thread/INFO] [CHAT] [Исследователь] V ┃ DamianeX [#310] » еще в юбочкав ваще кайф
[19:31:36] [Client thread/INFO] [CHAT] [Астроном] kymitik [#149] » аргентина франция ?
[19:31:49] [Client thread/INFO] [CHAT]  Да, я просто уточка. Резиновая. 
[19:31:51] [Client thread/INFO] [CHAT] [Отладка]: Перезагрузка всех чанков
[19:31:53] [Client thread/INFO] [CHAT] [Туманник] YuuR [#70] » франция заберет
[19:31:57] [Client thread/INFO] [CHAT] [Исследователь] V ┃ DamianeX [#310] » ямайка заберет
[19:32:04] [Client thread/INFO] [CHAT] [Галактор] P+ ┃ topcnik_v_pvp [#26] » Россия отдаст
[19:32:04] [Client thread/INFO] [CHAT] [Исследователь] V ┃ DamianeX [#310] » хоть раз в жизни уверен
[19:32:06] [Client thread/INFO] [CHAT]  Найден очередной пленник резиновой изоляции. 
[19:32:20] [Client thread/INFO] [CHAT] [Исследователь] V ┃ DamianeX [#310] » Россия всегда отдает всем, а у своих забирает
[19:32:23] [Client thread/INFO] [CHAT]  Да, я просто уточка. Резиновая. 
[19:32:39] [Client thread/INFO] [CHAT] I ┃ Nez0k [#?] » №рги
[19:32:40] [Client thread/INFO] [CHAT] [Астроном] kymitik [#149] » мне кажеться агрентина заберет потому что президент фифа любит месси
[19:32:41] [Client thread/ERROR] Error on handle event #BXBFw in Mod{name='SpaceTycoon', version='1.0.0+bc67650', persistent=false, delegate=a.a.d.a.a, modState=LOADED}
java.lang.AbstractMethodError: Receiver class a.a.d.a.e.g.c does not define or inherit an implementation of the resolved method 'abstract java.lang.Object invoke(java.lang.Object)' of interface kotlin.jvm.functions.Function1.
	at SpaceTycoon-v1.0.0+bc67650//a.a.d.a.e.g.b.a(SourceFile:46)
	at SpaceTycoon-v1.0.0+bc67650//a.a.d.a.e.g.b.injectedLambda$a$3(SourceFile)
	at java.base/java.util.HashMap$Values.forEach(Unknown Source)
	at SpaceTycoon-v1.0.0+bc67650//a.a.d.a.e.g.b.b(SourceFile:46)
	at SpaceTycoon-v1.0.0+bc67650//a.a.d.a.e.g.b.b(SourceFile:34)
	at SpaceTycoon-v1.0.0+bc67650//a.a.d.a.e.g.b.injectedLambda$b$1(SourceFile)
	at SpaceTycoon-v1.0.0+bc67650//a.a.a.m.a.b(SourceFile:58)
	at SpaceTycoon-v1.0.0+bc67650//a.a.a.m.a.injectedLambda$b$0(SourceFile)
	at #RaGIl.saYo(SourceFile:83)
	at #hvoSL.bBM(Unknown Source)
	at #hvoSL.accept(Unknown Source)
	at #ykMcj.slwQ(SourceFile:105)
	at #BrtKi.laL(Unknown Source)
	at #BrtKi.accept(Unknown Source)
	at #SmDYl.shof(SourceFile:59)
	at #vxdAh.blq(SourceFile)
	at #DRZva.smvZ(SourceFile:89)
	at #WblDI.sciG(SourceFile:100)
	at #DDMvh.hcz(SourceFile)
	at #GXpIT.slFh(SourceFile:75)
	at #acUkE.drn(SourceFile:650)
	at #qKRzt.skLS(Unknown Source:2396)
	at #hyWbW.satX(SourceFile:1837)
	at #RofNI.dB(SourceFile:43)
	at #GLnhB.run(SourceFile:32)
	at #GILEo.saUt(Unknown Source:40)
	at #sJuki.sfWB(SourceFile:11)
	at java.base/java.util.concurrent.FutureTask.run(Unknown Source)
	at #bfAok.sjvn(SourceFile:45)
	at #ptzkp.gXZ(SourceFile:52)
	at #gZdVe.sbpI(SourceFile:1466)
	at #UDDPE.sdDd(Unknown Source:1632)
	at #GMfdJ.sask(SourceFile:487)
	at net.minecraft.client.main.GameMain.iwR(SourceFile:220)
	at net.minecraft.client.main.GameMain.jtH(SourceFile:156)
	at #ZpHYL.i(Unknown Source)
	at #ZpHYL.run(Unknown Source)
	at java.base/java.lang.Thread.run(Unknown Source)
[19:32:41] [Client thread/ERROR] Error on handle event #BXBFw in Mod{name='SpaceTycoon', version='1.0.0+bc67650', persistent=false, delegate=a.a.d.a.a, modState=LOADED}
java.lang.AbstractMethodError: Receiver class a.a.d.a.e.g.c does not define or inherit an implementation of the resolved method 'abstract java.lang.Object invoke(java.lang.Object)' of interface kotlin.jvm.functions.Function1.
	at SpaceTycoon-v1.0.0+bc67650//a.a.d.a.e.g.b.a(SourceFile:46)
	at SpaceTycoon-v1.0.0+bc67650//a.a.d.a.e.g.b.injectedLambda$a$3(SourceFile)
	at java.base/java.util.HashMap$Values.forEach(Unknown Source)
	at SpaceTycoon-v1.0.0+bc67650//a.a.d.a.e.g.b.b(SourceFile:46)
	at SpaceTycoon-v1.0.0+bc67650//a.a.d.a.e.g.b.a(SourceFile:21)
	at SpaceTycoon-v1.0.0+bc67650//a.a.d.a.e.g.b.injectedLambda$a$0(SourceFile)
	at SpaceTycoon-v1.0.0+bc67650//a.a.a.m.a.b(SourceFile:58)
	at SpaceTycoon-v1.0.0+bc67650//a.a.a.m.a.injectedLambda$b$0(SourceFile)
	at #RaGIl.saYo(SourceFile:83)
	at #hvoSL.bBM(Unknown Source)
	at #hvoSL.accept(Unknown Source)
	at #ykMcj.slwQ(SourceFile:105)
	at #BrtKi.laL(Unknown Source)
	at #BrtKi.accept(Unknown Source)
	at #SmDYl.shof(SourceFile:59)
	at #vxdAh.blq(SourceFile)
	at #DRZva.smvZ(SourceFile:89)
	at #WblDI.sciG(SourceFile:100)
	at #DDMvh.hcz(SourceFile)
	at #GXpIT.slFh(SourceFile:75)
	at #acUkE.drn(SourceFile:650)
	at #qKRzt.skLS(Unknown Source:2396)
	at #hyWbW.satX(SourceFile:1837)
	at #RofNI.dB(SourceFile:43)
	at #GLnhB.run(SourceFile:32)
	at #GILEo.saUt(Unknown Source:40)
	at #sJuki.sfWB(SourceFile:11)
	at java.base/java.util.concurrent.FutureTask.run(Unknown Source)
	at #bfAok.sjvn(SourceFile:45)
	at #ptzkp.gXZ(SourceFile:52)
	at #gZdVe.sbpI(SourceFile:1466)
	at #UDDPE.sdDd(Unknown Source:1632)
	at #GMfdJ.sask(SourceFile:487)
	at net.minecraft.client.main.GameMain.iwR(SourceFile:220)
	at net.minecraft.client.main.GameMain.jtH(SourceFile:156)
	at #ZpHYL.i(Unknown Source)
	at #ZpHYL.run(Unknown Source)
	at java.base/java.lang.Thread.run(Unknown Source)
[19:32:46] [Client thread/INFO] [CHAT] [Комета] _Azza [#277] » у меня седня сотрудница пятерочки пыталась отобрать мой бёрн
[19:32:53] [Client thread/INFO] [CHAT] [Комета] _Azza [#277] » так што да
[19:32:56] [Client thread/INFO] [CHAT] MVP+ ┃ meowze [#?] » хохохо
[19:32:56] [Client thread/INFO] [CHAT] i Бустер монет от HE ┃ Azazelskiy закончился!
[19:32:59] [Client thread/INFO] [CHAT] [Спутник] MVP+ ┃ MidnightSolitude [#14] » тарантиновские диалоги
[19:33:00] [Client thread/ERROR] Error on handle event #BXBFw in Mod{name='SpaceTycoon', version='1.0.0+bc67650', persistent=false, delegate=a.a.d.a.a, modState=LOADED}
java.lang.AbstractMethodError: Receiver class a.a.d.a.e.g.c does not define or inherit an implementation of the resolved method 'abstract java.lang.Object invoke(java.lang.Object)' of interface kotlin.jvm.functions.Function1.
	at SpaceTycoon-v1.0.0+bc67650//a.a.d.a.e.g.b.a(SourceFile:46)
	at SpaceTycoon-v1.0.0+bc67650//a.a.d.a.e.g.b.injectedLambda$a$3(SourceFile)
	at java.base/java.util.HashMap$Values.forEach(Unknown Source)
	at SpaceTycoon-v1.0.0+bc67650//a.a.d.a.e.g.b.b(SourceFile:46)
	at SpaceTycoon-v1.0.0+bc67650//a.a.d.a.e.g.b.b(SourceFile:34)
	at SpaceTycoon-v1.0.0+bc67650//a.a.d.a.e.g.b.injectedLambda$b$1(SourceFile)
	at SpaceTycoon-v1.0.0+bc67650//a.a.a.m.a.b(SourceFile:58)
	at SpaceTycoon-v1.0.0+bc67650//a.a.a.m.a.injectedLambda$b$0(SourceFile)
	at #RaGIl.saYo(SourceFile:83)
	at #hvoSL.bBM(Unknown Source)
	at #hvoSL.accept(Unknown Source)
	at #ykMcj.slwQ(SourceFile:105)
	at #BrtKi.laL(Unknown Source)
	at #BrtKi.accept(Unknown Source)
	at #SmDYl.shof(SourceFile:59)
	at #vxdAh.blq(SourceFile)
	at #DRZva.smvZ(SourceFile:89)
	at #WblDI.sciG(SourceFile:100)
	at #DDMvh.hcz(SourceFile)
	at #GXpIT.slFh(SourceFile:75)
	at #acUkE.drn(SourceFile:650)
	at #qKRzt.skLS(Unknown Source:2396)
	at #hyWbW.satX(SourceFile:1837)
	at #RofNI.dB(SourceFile:43)
	at #GLnhB.run(SourceFile:32)
	at #GILEo.saUt(Unknown Source:40)
	at #sJuki.sfWB(SourceFile:11)
	at java.base/java.util.concurrent.FutureTask.run(Unknown Source)
	at #bfAok.sjvn(SourceFile:45)
	at #ptzkp.gXZ(SourceFile:52)
	at #gZdVe.sbpI(SourceFile:1466)
	at #UDDPE.sdDd(Unknown Source:1632)
	at #GMfdJ.sask(SourceFile:487)
	at net.minecraft.client.main.GameMain.iwR(SourceFile:220)
	at net.minecraft.client.main.GameMain.jtH(SourceFile:156)
	at #ZpHYL.i(Unknown Source)
	at #ZpHYL.run(Unknown Source)
	at java.base/java.lang.Thread.run(Unknown Source)
[19:33:00] [Client thread/ERROR] Error on handle event #BXBFw in Mod{name='SpaceTycoon', version='1.0.0+bc67650', persistent=false, delegate=a.a.d.a.a, modState=LOADED}
java.lang.AbstractMethodError: Receiver class a.a.d.a.e.g.c does not define or inherit an implementation of the resolved method 'abstract java.lang.Object invoke(java.lang.Object)' of interface kotlin.jvm.functions.Function1.
	at SpaceTycoon-v1.0.0+bc67650//a.a.d.a.e.g.b.a(SourceFile:46)
	at SpaceTycoon-v1.0.0+bc67650//a.a.d.a.e.g.b.injectedLambda$a$3(SourceFile)
	at java.base/java.util.HashMap$Values.forEach(Unknown Source)
	at SpaceTycoon-v1.0.0+bc67650//a.a.d.a.e.g.b.b(SourceFile:46)
	at SpaceTycoon-v1.0.0+bc67650//a.a.d.a.e.g.b.a(SourceFile:21)
	at SpaceTycoon-v1.0.0+bc67650//a.a.d.a.e.g.b.injectedLambda$a$0(SourceFile)
	at SpaceTycoon-v1.0.0+bc67650//a.a.a.m.a.b(SourceFile:58)
	at SpaceTycoon-v1.0.0+bc67650//a.a.a.m.a.injectedLambda$b$0(SourceFile)
	at #RaGIl.saYo(SourceFile:83)
	at #hvoSL.bBM(Unknown Source)
	at #hvoSL.accept(Unknown Source)
	at #ykMcj.slwQ(SourceFile:105)
	at #BrtKi.laL(Unknown Source)
	at #BrtKi.accept(Unknown Source)
	at #SmDYl.shof(SourceFile:59)
	at #vxdAh.blq(SourceFile)
	at #DRZva.smvZ(SourceFile:89)
	at #WblDI.sciG(SourceFile:100)
	at #DDMvh.hcz(SourceFile)
	at #GXpIT.slFh(SourceFile:75)
	at #acUkE.drn(SourceFile:650)
	at #qKRzt.skLS(Unknown Source:2396)
	at #hyWbW.satX(SourceFile:1837)
	at #RofNI.dB(SourceFile:43)
	at #GLnhB.run(SourceFile:32)
	at #GILEo.saUt(Unknown Source:40)
	at #sJuki.sfWB(SourceFile:11)
	at java.base/java.util.concurrent.FutureTask.run(Unknown Source)
	at #bfAok.sjvn(SourceFile:45)
	at #ptzkp.gXZ(SourceFile:52)
	at #gZdVe.sbpI(SourceFile:1466)
	at #UDDPE.sdDd(Unknown Source:1632)
	at #GMfdJ.sask(SourceFile:487)
	at net.minecraft.client.main.GameMain.iwR(SourceFile:220)
	at net.minecraft.client.main.GameMain.jtH(SourceFile:156)
	at #ZpHYL.i(Unknown Source)
	at #ZpHYL.run(Unknown Source)
	at java.base/java.lang.Thread.run(Unknown Source)
[19:33:04] [Client thread/ERROR] Error on handle event #BXBFw in Mod{name='SpaceTycoon', version='1.0.0+bc67650', persistent=false, delegate=a.a.d.a.a, modState=LOADED}
java.lang.IndexOutOfBoundsException: index: 70, length: 1 (expected: range(0, 70))
	at io.netty.buffer.AbstractByteBuf.checkRangeBounds(AbstractByteBuf.java:1390)
	at io.netty.buffer.AbstractByteBuf.checkIndex0(AbstractByteBuf.java:1397)
	at io.netty.buffer.AbstractUnpooledSlicedByteBuf.getBytes(AbstractUnpooledSlicedByteBuf.java:242)
	at io.netty.buffer.ReadOnlyByteBuf.getBytes(ReadOnlyByteBuf.java:270)
	at io.netty.buffer.ByteBufUtil.decodeString(ByteBufUtil.java:1151)
	at io.netty.buffer.AbstractByteBuf.toString(AbstractByteBuf.java:1246)
	at dev.xdark.feder.NetUtil.readString0(NetUtil.java:833)
	at dev.xdark.feder.NetUtil.readUtf8(NetUtil.java:188)
	at SpaceTycoon-v1.0.0+bc67650//a.a.a.m.a.f(SourceFile:176)
	at SpaceTycoon-v1.0.0+bc67650//a.a.d.a.e.h.b.d(SourceFile:60)
	at SpaceTycoon-v1.0.0+bc67650//a.a.d.a.e.h.b.injectedLambda$d$3(SourceFile)
	at SpaceTycoon-v1.0.0+bc67650//a.a.a.m.a.b(SourceFile:58)
	at SpaceTycoon-v1.0.0+bc67650//a.a.a.m.a.injectedLambda$b$0(SourceFile)
	at #RaGIl.saYo(SourceFile:83)
	at #hvoSL.bBM(Unknown Source)
	at #hvoSL.accept(Unknown Source)
	at #ykMcj.slwQ(SourceFile:105)
	at #BrtKi.laL(Unknown Source)
	at #BrtKi.accept(Unknown Source)
	at #SmDYl.shof(SourceFile:59)
	at #vxdAh.blq(SourceFile)
	at #DRZva.smvZ(SourceFile:89)
	at #WblDI.sciG(SourceFile:100)
	at #DDMvh.hcz(SourceFile)
	at #GXpIT.slFh(SourceFile:75)
	at #acUkE.drn(SourceFile:650)
	at #qKRzt.skLS(Unknown Source:2396)
	at #hyWbW.satX(SourceFile:1837)
	at #RofNI.dB(SourceFile:43)
	at #GLnhB.run(SourceFile:32)
	at #GILEo.saUt(Unknown Source:40)
	at #sJuki.sfWB(SourceFile:11)
	at java.base/java.util.concurrent.FutureTask.run(Unknown Source)
	at #bfAok.sjvn(SourceFile:45)
	at #ptzkp.gXZ(SourceFile:52)
	at #gZdVe.sbpI(SourceFile:1466)
	at #UDDPE.sdDd(Unknown Source:1632)
	at #GMfdJ.sask(SourceFile:487)
	at net.minecraft.client.main.GameMain.iwR(SourceFile:220)
	at net.minecraft.client.main.GameMain.jtH(SourceFile:156)
	at #ZpHYL.i(Unknown Source)
	at #ZpHYL.run(Unknown Source)
	at java.base/java.lang.Thread.run(Unknown Source)
[19:33:04] [Client thread/INFO] [CHAT] [Астроном] dointorer [#150] »  :(
[19:33:07] [Client thread/INFO] [CHAT] [Комета] _Azza [#277] » кубриковские
[19:33:12] [Client thread/INFO] [CHAT] [Астроном] kymitik [#149] » ну так то да
[19:33:18] [Client thread/INFO] [CHAT] [Исследователь] V ┃ DamianeX [#310] » монапольские
[19:33:21] [Client thread/INFO] [CHAT] [Туманник] YuuR [#70] »  там у Франции Мбаппе. Олисе. дембеле они в прайме
[19:33:38] [Client thread/INFO] [CHAT] [Туманник] YuuR [#70] » анрил Аргентине выиграть
[19:33:39] [Client thread/INFO] [CHAT] [Астроном] kymitik [#149] » а у аргентины сам президент фифа что лучше?
[19:33:40] [Client thread/INFO] [CHAT] [Комета] _Azza [#277] » но у них нет шарля
[19:33:44] [Client thread/INFO] [CHAT] MVP+ ┃ meowze [#?] » капец у тенса лсок стало много
[19:33:50] [Client thread/INFO] [STDOUT]: a.a.d.a.c.a.f.a.i@4d925fea
[19:33:57] [Client thread/INFO] [CHAT] [Туманник] YuuR [#70] »  да там даже президент не поможет
[19:34:08] [Client thread/ERROR] Error on handle event #BXBFw in Mod{name='SpaceTycoon', version='1.0.0+bc67650', persistent=false, delegate=a.a.d.a.a, modState=LOADED}
java.lang.AbstractMethodError: Receiver class a.a.d.a.e.g.c does not define or inherit an implementation of the resolved method 'abstract java.lang.Object invoke(java.lang.Object)' of interface kotlin.jvm.functions.Function1.
	at SpaceTycoon-v1.0.0+bc67650//a.a.d.a.e.g.b.a(SourceFile:46)
	at SpaceTycoon-v1.0.0+bc67650//a.a.d.a.e.g.b.injectedLambda$a$3(SourceFile)
	at java.base/java.util.HashMap$Values.forEach(Unknown Source)
	at SpaceTycoon-v1.0.0+bc67650//a.a.d.a.e.g.b.b(SourceFile:46)
	at SpaceTycoon-v1.0.0+bc67650//a.a.d.a.e.g.b.b(SourceFile:34)
	at SpaceTycoon-v1.0.0+bc67650//a.a.d.a.e.g.b.injectedLambda$b$1(SourceFile)
	at SpaceTycoon-v1.0.0+bc67650//a.a.a.m.a.b(SourceFile:58)
	at SpaceTycoon-v1.0.0+bc67650//a.a.a.m.a.injectedLambda$b$0(SourceFile)
	at #RaGIl.saYo(SourceFile:83)
	at #hvoSL.bBM(Unknown Source)
	at #hvoSL.accept(Unknown Source)
	at #ykMcj.slwQ(SourceFile:105)
	at #BrtKi.laL(Unknown Source)
	at #BrtKi.accept(Unknown Source)
	at #SmDYl.shof(SourceFile:59)
	at #vxdAh.blq(SourceFile)
	at #DRZva.smvZ(SourceFile:89)
	at #WblDI.sciG(SourceFile:100)
	at #DDMvh.hcz(SourceFile)
	at #GXpIT.slFh(SourceFile:75)
	at #acUkE.drn(SourceFile:650)
	at #qKRzt.skLS(Unknown Source:2396)
	at #hyWbW.satX(SourceFile:1837)
	at #RofNI.dB(SourceFile:43)
	at #GLnhB.run(SourceFile:32)
	at #GILEo.saUt(Unknown Source:40)
	at #sJuki.sfWB(SourceFile:11)
	at java.base/java.util.concurrent.FutureTask.run(Unknown Source)
	at #bfAok.sjvn(SourceFile:45)
	at #ptzkp.gXZ(SourceFile:52)
	at #gZdVe.sbpI(SourceFile:1466)
	at #UDDPE.sdDd(Unknown Source:1632)
	at #GMfdJ.sask(SourceFile:487)
	at net.minecraft.client.main.GameMain.iwR(SourceFile:220)
	at net.minecraft.client.main.GameMain.jtH(SourceFile:156)
	at #ZpHYL.i(Unknown Source)
	at #ZpHYL.run(Unknown Source)
	at java.base/java.lang.Thread.run(Unknown Source)
[19:34:08] [Client thread/ERROR] Error on handle event #BXBFw in Mod{name='SpaceTycoon', version='1.0.0+bc67650', persistent=false, delegate=a.a.d.a.a, modState=LOADED}
java.lang.AbstractMethodError: Receiver class a.a.d.a.e.g.c does not define or inherit an implementation of the resolved method 'abstract java.lang.Object invoke(java.lang.Object)' of interface kotlin.jvm.functions.Function1.
	at SpaceTycoon-v1.0.0+bc67650//a.a.d.a.e.g.b.a(SourceFile:46)
	at SpaceTycoon-v1.0.0+bc67650//a.a.d.a.e.g.b.injectedLambda$a$3(SourceFile)
	at java.base/java.util.HashMap$Values.forEach(Unknown Source)
	at SpaceTycoon-v1.0.0+bc67650//a.a.d.a.e.g.b.b(SourceFile:46)
	at SpaceTycoon-v1.0.0+bc67650//a.a.d.a.e.g.b.a(SourceFile:21)
	at SpaceTycoon-v1.0.0+bc67650//a.a.d.a.e.g.b.injectedLambda$a$0(SourceFile)
	at SpaceTycoon-v1.0.0+bc67650//a.a.a.m.a.b(SourceFile:58)
	at SpaceTycoon-v1.0.0+bc67650//a.a.a.m.a.injectedLambda$b$0(SourceFile)
	at #RaGIl.saYo(SourceFile:83)
	at #hvoSL.bBM(Unknown Source)
	at #hvoSL.accept(Unknown Source)
	at #ykMcj.slwQ(SourceFile:105)
	at #BrtKi.laL(Unknown Source)
	at #BrtKi.accept(Unknown Source)
	at #SmDYl.shof(SourceFile:59)
	at #vxdAh.blq(SourceFile)
	at #DRZva.smvZ(SourceFile:89)
	at #WblDI.sciG(SourceFile:100)
	at #DDMvh.hcz(SourceFile)
	at #GXpIT.slFh(SourceFile:75)
	at #acUkE.drn(SourceFile:650)
	at #qKRzt.skLS(Unknown Source:2396)
	at #hyWbW.satX(SourceFile:1837)
	at #RofNI.dB(SourceFile:43)
	at #GLnhB.run(SourceFile:32)
	at #GILEo.saUt(Unknown Source:40)
	at #sJuki.sfWB(SourceFile:11)
	at java.base/java.util.concurrent.FutureTask.run(Unknown Source)
	at #bfAok.sjvn(SourceFile:45)
	at #ptzkp.gXZ(SourceFile:52)
	at #gZdVe.sbpI(SourceFile:1466)
	at #UDDPE.sdDd(Unknown Source:1632)
	at #GMfdJ.sask(SourceFile:487)
	at net.minecraft.client.main.GameMain.iwR(SourceFile:220)
	at net.minecraft.client.main.GameMain.jtH(SourceFile:156)
	at #ZpHYL.i(Unknown Source)
	at #ZpHYL.run(Unknown Source)
	at java.base/java.lang.Thread.run(Unknown Source)
[19:34:18] [Client thread/INFO] [CHAT] Sian_Top1 [#?] » Ищем людей в команду для записи роликов на криссталиксе и не только. Пиши в лс!
[19:34:25] [Client thread/INFO] [CHAT] [Комета] _Azza [#277] » нет
[19:34:50] [Client thread/INFO] [STDOUT]: a.a.d.a.c.a.f.a.i@cfce9fc
[19:35:11] [Client thread/INFO] [CHAT] [Астроном] kymitik [#149] » я за испанию и Эмилиано Мартинеса
[19:35:19] [Client thread/ERROR] Error on handle event #BXBFw in Mod{name='SpaceTycoon', version='1.0.0+bc67650', persistent=false, delegate=a.a.d.a.a, modState=LOADED}
java.lang.AbstractMethodError: Receiver class a.a.d.a.e.g.c does not define or inherit an implementation of the resolved method 'abstract java.lang.Object invoke(java.lang.Object)' of interface kotlin.jvm.functions.Function1.
	at SpaceTycoon-v1.0.0+bc67650//a.a.d.a.e.g.b.a(SourceFile:46)
	at SpaceTycoon-v1.0.0+bc67650//a.a.d.a.e.g.b.injectedLambda$a$3(SourceFile)
	at java.base/java.util.HashMap$Values.forEach(Unknown Source)
	at SpaceTycoon-v1.0.0+bc67650//a.a.d.a.e.g.b.b(SourceFile:46)
	at SpaceTycoon-v1.0.0+bc67650//a.a.d.a.e.g.b.b(SourceFile:34)
	at SpaceTycoon-v1.0.0+bc67650//a.a.d.a.e.g.b.injectedLambda$b$1(SourceFile)
	at SpaceTycoon-v1.0.0+bc67650//a.a.a.m.a.b(SourceFile:58)
	at SpaceTycoon-v1.0.0+bc67650//a.a.a.m.a.injectedLambda$b$0(SourceFile)
	at #RaGIl.saYo(SourceFile:83)
	at #hvoSL.bBM(Unknown Source)
	at #hvoSL.accept(Unknown Source)
	at #ykMcj.slwQ(SourceFile:105)
	at #BrtKi.laL(Unknown Source)
	at #BrtKi.accept(Unknown Source)
	at #SmDYl.shof(SourceFile:59)
	at #vxdAh.blq(SourceFile)
	at #DRZva.smvZ(SourceFile:89)
	at #WblDI.sciG(SourceFile:100)
	at #DDMvh.hcz(SourceFile)
	at #GXpIT.slFh(SourceFile:75)
	at #acUkE.drn(SourceFile:650)
	at #qKRzt.skLS(Unknown Source:2396)
	at #hyWbW.satX(SourceFile:1837)
	at #RofNI.dB(SourceFile:43)
	at #GLnhB.run(SourceFile:32)
	at #GILEo.saUt(Unknown Source:40)
	at #sJuki.sfWB(SourceFile:11)
	at java.base/java.util.concurrent.FutureTask.run(Unknown Source)
	at #bfAok.sjvn(SourceFile:45)
	at #ptzkp.gXZ(SourceFile:52)
	at #gZdVe.sbpI(SourceFile:1466)
	at #UDDPE.sdDd(Unknown Source:1632)
	at #GMfdJ.sask(SourceFile:487)
	at net.minecraft.client.main.GameMain.iwR(SourceFile:220)
	at net.minecraft.client.main.GameMain.jtH(SourceFile:156)
	at #ZpHYL.i(Unknown Source)
	at #ZpHYL.run(Unknown Source)
	at java.base/java.lang.Thread.run(Unknown Source)
[19:35:19] [Client thread/ERROR] Error on handle event #BXBFw in Mod{name='SpaceTycoon', version='1.0.0+bc67650', persistent=false, delegate=a.a.d.a.a, modState=LOADED}
java.lang.AbstractMethodError: Receiver class a.a.d.a.e.g.c does not define or inherit an implementation of the resolved method 'abstract java.lang.Object invoke(java.lang.Object)' of interface kotlin.jvm.functions.Function1.
	at SpaceTycoon-v1.0.0+bc67650//a.a.d.a.e.g.b.a(SourceFile:46)
	at SpaceTycoon-v1.0.0+bc67650//a.a.d.a.e.g.b.injectedLambda$a$3(SourceFile)
	at java.base/java.util.HashMap$Values.forEach(Unknown Source)
	at SpaceTycoon-v1.0.0+bc67650//a.a.d.a.e.g.b.b(SourceFile:46)
	at SpaceTycoon-v1.0.0+bc67650//a.a.d.a.e.g.b.a(SourceFile:21)
	at SpaceTycoon-v1.0.0+bc67650//a.a.d.a.e.g.b.injectedLambda$a$0(SourceFile)
	at SpaceTycoon-v1.0.0+bc67650//a.a.a.m.a.b(SourceFile:58)
	at SpaceTycoon-v1.0.0+bc67650//a.a.a.m.a.injectedLambda$b$0(SourceFile)
	at #RaGIl.saYo(SourceFile:83)
	at #hvoSL.bBM(Unknown Source)
	at #hvoSL.accept(Unknown Source)
	at #ykMcj.slwQ(SourceFile:105)
	at #BrtKi.laL(Unknown Source)
	at #BrtKi.accept(Unknown Source)
	at #SmDYl.shof(SourceFile:59)
	at #vxdAh.blq(SourceFile)
	at #DRZva.smvZ(SourceFile:89)
	at #WblDI.sciG(SourceFile:100)
	at #DDMvh.hcz(SourceFile)
	at #GXpIT.slFh(SourceFile:75)
	at #acUkE.drn(SourceFile:650)
	at #qKRzt.skLS(Unknown Source:2396)
	at #hyWbW.satX(SourceFile:1837)
	at #RofNI.dB(SourceFile:43)
	at #GLnhB.run(SourceFile:32)
	at #GILEo.saUt(Unknown Source:40)
	at #sJuki.sfWB(SourceFile:11)
	at java.base/java.util.concurrent.FutureTask.run(Unknown Source)
	at #bfAok.sjvn(SourceFile:45)
	at #ptzkp.gXZ(SourceFile:52)
	at #gZdVe.sbpI(SourceFile:1466)
	at #UDDPE.sdDd(Unknown Source:1632)
	at #GMfdJ.sask(SourceFile:487)
	at net.minecraft.client.main.GameMain.iwR(SourceFile:220)
	at net.minecraft.client.main.GameMain.jtH(SourceFile:156)
	at #ZpHYL.i(Unknown Source)
	at #ZpHYL.run(Unknown Source)
	at java.base/java.lang.Thread.run(Unknown Source)
[19:35:22] [Client thread/ERROR] Error on handle event #BXBFw in Mod{name='SpaceTycoon', version='1.0.0+bc67650', persistent=false, delegate=a.a.d.a.a, modState=LOADED}
java.lang.IndexOutOfBoundsException: index: 70, length: 1 (expected: range(0, 70))
	at io.netty.buffer.AbstractByteBuf.checkRangeBounds(AbstractByteBuf.java:1390)
	at io.netty.buffer.AbstractByteBuf.checkIndex0(AbstractByteBuf.java:1397)
	at io.netty.buffer.AbstractUnpooledSlicedByteBuf.getBytes(AbstractUnpooledSlicedByteBuf.java:242)
	at io.netty.buffer.ReadOnlyByteBuf.getBytes(ReadOnlyByteBuf.java:270)
	at io.netty.buffer.ByteBufUtil.decodeString(ByteBufUtil.java:1151)
	at io.netty.buffer.AbstractByteBuf.toString(AbstractByteBuf.java:1246)
	at dev.xdark.feder.NetUtil.readString0(NetUtil.java:833)
	at dev.xdark.feder.NetUtil.readUtf8(NetUtil.java:188)
	at SpaceTycoon-v1.0.0+bc67650//a.a.a.m.a.f(SourceFile:176)
	at SpaceTycoon-v1.0.0+bc67650//a.a.d.a.e.h.b.d(SourceFile:60)
	at SpaceTycoon-v1.0.0+bc67650//a.a.d.a.e.h.b.injectedLambda$d$3(SourceFile)
	at SpaceTycoon-v1.0.0+bc67650//a.a.a.m.a.b(SourceFile:58)
	at SpaceTycoon-v1.0.0+bc67650//a.a.a.m.a.injectedLambda$b$0(SourceFile)
	at #RaGIl.saYo(SourceFile:83)
	at #hvoSL.bBM(Unknown Source)
	at #hvoSL.accept(Unknown Source)
	at #ykMcj.slwQ(SourceFile:105)
	at #BrtKi.laL(Unknown Source)
	at #BrtKi.accept(Unknown Source)
	at #SmDYl.shof(SourceFile:59)
	at #vxdAh.blq(SourceFile)
	at #DRZva.smvZ(SourceFile:89)
	at #WblDI.sciG(SourceFile:100)
	at #DDMvh.hcz(SourceFile)
	at #GXpIT.slFh(SourceFile:75)
	at #acUkE.drn(SourceFile:650)
	at #qKRzt.skLS(Unknown Source:2396)
	at #hyWbW.satX(SourceFile:1837)
	at #RofNI.dB(SourceFile:43)
	at #GLnhB.run(SourceFile:32)
	at #GILEo.saUt(Unknown Source:40)
	at #sJuki.sfWB(SourceFile:11)
	at java.base/java.util.concurrent.FutureTask.run(Unknown Source)
	at #bfAok.sjvn(SourceFile:45)
	at #ptzkp.gXZ(SourceFile:52)
	at #gZdVe.sbpI(SourceFile:1466)
	at #UDDPE.sdDd(Unknown Source:1632)
	at #GMfdJ.sask(SourceFile:487)
	at net.minecraft.client.main.GameMain.iwR(SourceFile:220)
	at net.minecraft.client.main.GameMain.jtH(SourceFile:156)
	at #ZpHYL.i(Unknown Source)
	at #ZpHYL.run(Unknown Source)
	at java.base/java.lang.Thread.run(Unknown Source)
[19:35:42] [Client thread/INFO] [STDOUT]: a.a.d.a.c.a.f.a.i@39912470
[19:35:47] [Client thread/ERROR] Error on handle event #BXBFw in Mod{name='SpaceTycoon', version='1.0.0+bc67650', persistent=false, delegate=a.a.d.a.a, modState=LOADED}
java.lang.IndexOutOfBoundsException: index: 70, length: 1 (expected: range(0, 70))
	at io.netty.buffer.AbstractByteBuf.checkRangeBounds(AbstractByteBuf.java:1390)
	at io.netty.buffer.AbstractByteBuf.checkIndex0(AbstractByteBuf.java:1397)
	at io.netty.buffer.AbstractUnpooledSlicedByteBuf.getBytes(AbstractUnpooledSlicedByteBuf.java:242)
	at io.netty.buffer.ReadOnlyByteBuf.getBytes(ReadOnlyByteBuf.java:270)
	at io.netty.buffer.ByteBufUtil.decodeString(ByteBufUtil.java:1151)
	at io.netty.buffer.AbstractByteBuf.toString(AbstractByteBuf.java:1246)
	at dev.xdark.feder.NetUtil.readString0(NetUtil.java:833)
	at dev.xdark.feder.NetUtil.readUtf8(NetUtil.java:188)
	at SpaceTycoon-v1.0.0+bc67650//a.a.a.m.a.f(SourceFile:176)
	at SpaceTycoon-v1.0.0+bc67650//a.a.d.a.e.h.b.d(SourceFile:60)
	at SpaceTycoon-v1.0.0+bc67650//a.a.d.a.e.h.b.injectedLambda$d$3(SourceFile)
	at SpaceTycoon-v1.0.0+bc67650//a.a.a.m.a.b(SourceFile:58)
	at SpaceTycoon-v1.0.0+bc67650//a.a.a.m.a.injectedLambda$b$0(SourceFile)
	at #RaGIl.saYo(SourceFile:83)
	at #hvoSL.bBM(Unknown Source)
	at #hvoSL.accept(Unknown Source)
	at #ykMcj.slwQ(SourceFile:105)
	at #BrtKi.laL(Unknown Source)
	at #BrtKi.accept(Unknown Source)
	at #SmDYl.shof(SourceFile:59)
	at #vxdAh.blq(SourceFile)
	at #DRZva.smvZ(SourceFile:89)
	at #WblDI.sciG(SourceFile:100)
	at #DDMvh.hcz(SourceFile)
	at #GXpIT.slFh(SourceFile:75)
	at #acUkE.drn(SourceFile:650)
	at #qKRzt.skLS(Unknown Source:2396)
	at #hyWbW.satX(SourceFile:1837)
	at #RofNI.dB(SourceFile:43)
	at #GLnhB.run(SourceFile:32)
	at #GILEo.saUt(Unknown Source:40)
	at #sJuki.sfWB(SourceFile:11)
	at java.base/java.util.concurrent.FutureTask.run(Unknown Source)
	at #bfAok.sjvn(SourceFile:45)
	at #ptzkp.gXZ(SourceFile:52)
	at #gZdVe.sbpI(SourceFile:1466)
	at #UDDPE.sdDd(Unknown Source:1632)
	at #GMfdJ.sask(SourceFile:487)
	at net.minecraft.client.main.GameMain.iwR(SourceFile:220)
	at net.minecraft.client.main.GameMain.jtH(SourceFile:156)
	at #ZpHYL.i(Unknown Source)
	at #ZpHYL.run(Unknown Source)
	at java.base/java.lang.Thread.run(Unknown Source)
[19:36:01] [Client thread/INFO] [CHAT] [Межгалактик] P ┃ _ЛюбитеКотиков_ [#7] » спасибо хорошо
[19:36:06] [Client thread/INFO] [CHAT]  Ты думаешь, я обычная резиновая уточка? 
[19:36:10] [Client thread/INFO] [CHAT] [Астроном] kymitik [#149] » а че exist 200 уже?
[19:36:24] [Client thread/INFO] [CHAT] \n  MEDIA ┃ ALMA3uk7  запустил стрим!\n  Платформа: Twitch\n  Напишите /media для проcмотра активных трансляций\n 
[19:36:28] [Client thread/INFO] [CHAT] [Астроном] kymitik [#149] »  papo4ka_v_dubae
[19:36:30] [Client thread/ERROR] Error on handle event #BXBFw in Mod{name='SpaceTycoon', version='1.0.0+bc67650', persistent=false, delegate=a.a.d.a.a, modState=LOADED}
java.lang.IndexOutOfBoundsException: index: 70, length: 1 (expected: range(0, 70))
	at io.netty.buffer.AbstractByteBuf.checkRangeBounds(AbstractByteBuf.java:1390)
	at io.netty.buffer.AbstractByteBuf.checkIndex0(AbstractByteBuf.java:1397)
	at io.netty.buffer.AbstractUnpooledSlicedByteBuf.getBytes(AbstractUnpooledSlicedByteBuf.java:242)
	at io.netty.buffer.ReadOnlyByteBuf.getBytes(ReadOnlyByteBuf.java:270)
	at io.netty.buffer.ByteBufUtil.decodeString(ByteBufUtil.java:1151)
	at io.netty.buffer.AbstractByteBuf.toString(AbstractByteBuf.java:1246)
	at dev.xdark.feder.NetUtil.readString0(NetUtil.java:833)
	at dev.xdark.feder.NetUtil.readUtf8(NetUtil.java:188)
	at SpaceTycoon-v1.0.0+bc67650//a.a.a.m.a.f(SourceFile:176)
	at SpaceTycoon-v1.0.0+bc67650//a.a.d.a.e.h.b.d(SourceFile:60)
	at SpaceTycoon-v1.0.0+bc67650//a.a.d.a.e.h.b.injectedLambda$d$3(SourceFile)
	at SpaceTycoon-v1.0.0+bc67650//a.a.a.m.a.b(SourceFile:58)
	at SpaceTycoon-v1.0.0+bc67650//a.a.a.m.a.injectedLambda$b$0(SourceFile)
	at #RaGIl.saYo(SourceFile:83)
	at #hvoSL.bBM(Unknown Source)
	at #hvoSL.accept(Unknown Source)
	at #ykMcj.slwQ(SourceFile:105)
	at #BrtKi.laL(Unknown Source)
	at #BrtKi.accept(Unknown Source)
	at #SmDYl.shof(SourceFile:59)
	at #vxdAh.blq(SourceFile)
	at #DRZva.smvZ(SourceFile:89)
	at #WblDI.sciG(SourceFile:100)
	at #DDMvh.hcz(SourceFile)
	at #GXpIT.slFh(SourceFile:75)
	at #acUkE.drn(SourceFile:650)
	at #qKRzt.skLS(Unknown Source:2396)
	at #hyWbW.satX(SourceFile:1837)
	at #RofNI.dB(SourceFile:43)
	at #GLnhB.run(SourceFile:32)
	at #GILEo.saUt(Unknown Source:40)
	at #sJuki.sfWB(SourceFile:11)
	at java.base/java.util.concurrent.FutureTask.run(Unknown Source)
	at #bfAok.sjvn(SourceFile:45)
	at #ptzkp.gXZ(SourceFile:52)
	at #gZdVe.sbpI(SourceFile:1466)
	at #UDDPE.sdDd(Unknown Source:1632)
	at #GMfdJ.sask(SourceFile:487)
	at net.minecraft.client.main.GameMain.iwR(SourceFile:220)
	at net.minecraft.client.main.GameMain.jtH(SourceFile:156)
	at #ZpHYL.i(Unknown Source)
	at #ZpHYL.run(Unknown Source)
	at java.base/java.lang.Thread.run(Unknown Source)
[19:36:33] [Client thread/INFO] [CHAT] MVP+ ┃ meowze [#?] » капец а куда так много локаций сделали
[19:36:38] [Client thread/INFO] [CHAT] [Комета] ghjbnvew12341 [#271] » хахах
[19:36:44] [Client thread/INFO] [CHAT]  Помоги воссоединить нашу резиновую семью! 
[19:36:56] [Client thread/INFO] [CHAT] [Спутник] MVP+ ┃ MidnightSolitude [#14] » так 80рб
[19:36:58] [Client thread/INFO] [STDOUT]: a.a.d.a.c.a.f.a.i@70fc2fc7
[19:37:00] [Client thread/INFO] [CHAT] MVP+ ┃ meowze [#?] » 80???
[19:37:04] [Client thread/INFO] [CHAT] [Спутник] MVP+ ┃ MidnightSolitude [#14] » уже 80
[19:37:04] [Client thread/INFO] [CHAT] MVP+ ┃ meowze [#?] » емае
[19:37:14] [Client thread/INFO] [CHAT] [Галактик] xmizz [#38] » не шути так
[19:37:16] [Client thread/INFO] [STDOUT]: a.a.d.a.c.a.f.a.i@57f8506f
[19:37:25] [Client thread/INFO] [CHAT] MVP+ ┃ meowze [#?] » чот разошелся на тенсе
[19:37:32] [Client thread/INFO] [CHAT] [Спутник] MVP+ ┃ MidnightSolitude [#14] » скурился братик
[19:37:40] [Client thread/INFO] [CHAT] MVP+ ┃ meowze [#?] » еще и лсок чот много у нево
[19:37:49] [Client thread/ERROR] Error on handle event #BXBFw in Mod{name='SpaceTycoon', version='1.0.0+bc67650', persistent=false, delegate=a.a.d.a.a, modState=LOADED}
java.lang.IndexOutOfBoundsException: index: 72, length: 109 (expected: range(0, 140))
	at io.netty.buffer.AbstractByteBuf.checkRangeBounds(AbstractByteBuf.java:1390)
	at io.netty.buffer.AbstractByteBuf.checkIndex0(AbstractByteBuf.java:1397)
	at io.netty.buffer.AbstractUnpooledSlicedByteBuf.getBytes(AbstractUnpooledSlicedByteBuf.java:242)
	at io.netty.buffer.ReadOnlyByteBuf.getBytes(ReadOnlyByteBuf.java:270)
	at io.netty.buffer.ByteBufUtil.decodeString(ByteBufUtil.java:1151)
	at io.netty.buffer.AbstractByteBuf.toString(AbstractByteBuf.java:1246)
	at dev.xdark.feder.NetUtil.readString0(NetUtil.java:833)
	at dev.xdark.feder.NetUtil.readUtf8(NetUtil.java:188)
	at SpaceTycoon-v1.0.0+bc67650//a.a.a.m.a.f(SourceFile:176)
	at SpaceTycoon-v1.0.0+bc67650//a.a.d.a.e.h.b.d(SourceFile:60)
	at SpaceTycoon-v1.0.0+bc67650//a.a.d.a.e.h.b.injectedLambda$d$3(SourceFile)
	at SpaceTycoon-v1.0.0+bc67650//a.a.a.m.a.b(SourceFile:58)
	at SpaceTycoon-v1.0.0+bc67650//a.a.a.m.a.injectedLambda$b$0(SourceFile)
	at #RaGIl.saYo(SourceFile:83)
	at #hvoSL.bBM(Unknown Source)
	at #hvoSL.accept(Unknown Source)
	at #ykMcj.slwQ(SourceFile:105)
	at #BrtKi.laL(Unknown Source)
	at #BrtKi.accept(Unknown Source)
	at #SmDYl.shof(SourceFile:59)
	at #vxdAh.blq(SourceFile)
	at #DRZva.smvZ(SourceFile:89)
	at #WblDI.sciG(SourceFile:100)
	at #DDMvh.hcz(SourceFile)
	at #GXpIT.slFh(SourceFile:75)
	at #acUkE.drn(SourceFile:650)
	at #qKRzt.skLS(Unknown Source:2396)
	at #hyWbW.satX(SourceFile:1837)
	at #RofNI.dB(SourceFile:43)
	at #GLnhB.run(SourceFile:32)
	at #GILEo.saUt(Unknown Source:40)
	at #sJuki.sfWB(SourceFile:11)
	at java.base/java.util.concurrent.FutureTask.run(Unknown Source)
	at #bfAok.sjvn(SourceFile:45)
	at #ptzkp.gXZ(SourceFile:52)
	at #gZdVe.sbpI(SourceFile:1466)
	at #UDDPE.sdDd(Unknown Source:1632)
	at #GMfdJ.sask(SourceFile:487)
	at net.minecraft.client.main.GameMain.iwR(SourceFile:220)
	at net.minecraft.client.main.GameMain.jtH(SourceFile:156)
	at #ZpHYL.i(Unknown Source)
	at #ZpHYL.run(Unknown Source)
	at java.base/java.lang.Thread.run(Unknown Source)
[19:37:52] [Client thread/INFO] [CHAT] [Астроном] kymitik [#149] » я уже плакать хочу слишком денег мало
[19:37:53] [Client thread/INFO] [CHAT] [Светило] LS ┃ Hiccups [#4] » Всего лишь 5
[19:37:55] [Client thread/ERROR] Error on handle event #BXBFw in Mod{name='SpaceTycoon', version='1.0.0+bc67650', persistent=false, delegate=a.a.d.a.a, modState=LOADED}
java.lang.AbstractMethodError: Receiver class a.a.d.a.e.g.c does not define or inherit an implementation of the resolved method 'abstract java.lang.Object invoke(java.lang.Object)' of interface kotlin.jvm.functions.Function1.
	at SpaceTycoon-v1.0.0+bc67650//a.a.d.a.e.g.b.a(SourceFile:46)
	at SpaceTycoon-v1.0.0+bc67650//a.a.d.a.e.g.b.injectedLambda$a$3(SourceFile)
	at java.base/java.util.HashMap$Values.forEach(Unknown Source)
	at SpaceTycoon-v1.0.0+bc67650//a.a.d.a.e.g.b.b(SourceFile:46)
	at SpaceTycoon-v1.0.0+bc67650//a.a.d.a.e.g.b.b(SourceFile:34)
	at SpaceTycoon-v1.0.0+bc67650//a.a.d.a.e.g.b.injectedLambda$b$1(SourceFile)
	at SpaceTycoon-v1.0.0+bc67650//a.a.a.m.a.b(SourceFile:58)
	at SpaceTycoon-v1.0.0+bc67650//a.a.a.m.a.injectedLambda$b$0(SourceFile)
	at #RaGIl.saYo(SourceFile:83)
	at #hvoSL.bBM(Unknown Source)
	at #hvoSL.accept(Unknown Source)
	at #ykMcj.slwQ(SourceFile:105)
	at #BrtKi.laL(Unknown Source)
	at #BrtKi.accept(Unknown Source)
	at #SmDYl.shof(SourceFile:59)
	at #vxdAh.blq(SourceFile)
	at #DRZva.smvZ(SourceFile:89)
	at #WblDI.sciG(SourceFile:100)
	at #DDMvh.hcz(SourceFile)
	at #GXpIT.slFh(SourceFile:75)
	at #acUkE.drn(SourceFile:650)
	at #qKRzt.skLS(Unknown Source:2396)
	at #hyWbW.satX(SourceFile:1837)
	at #RofNI.dB(SourceFile:43)
	at #GLnhB.run(SourceFile:32)
	at #GILEo.saUt(Unknown Source:40)
	at #sJuki.sfWB(SourceFile:11)
	at java.base/java.util.concurrent.FutureTask.run(Unknown Source)
	at #bfAok.sjvn(SourceFile:45)
	at #ptzkp.gXZ(SourceFile:52)
	at #gZdVe.sbpI(SourceFile:1466)
	at #UDDPE.sdDd(Unknown Source:1632)
	at #GMfdJ.sask(SourceFile:487)
	at net.minecraft.client.main.GameMain.iwR(SourceFile:220)
	at net.minecraft.client.main.GameMain.jtH(SourceFile:156)
	at #ZpHYL.i(Unknown Source)
	at #ZpHYL.run(Unknown Source)
	at java.base/java.lang.Thread.run(Unknown Source)
[19:37:55] [Client thread/ERROR] Error on handle event #BXBFw in Mod{name='SpaceTycoon', version='1.0.0+bc67650', persistent=false, delegate=a.a.d.a.a, modState=LOADED}
java.lang.AbstractMethodError: Receiver class a.a.d.a.e.g.c does not define or inherit an implementation of the resolved method 'abstract java.lang.Object invoke(java.lang.Object)' of interface kotlin.jvm.functions.Function1.
	at SpaceTycoon-v1.0.0+bc67650//a.a.d.a.e.g.b.a(SourceFile:46)
	at SpaceTycoon-v1.0.0+bc67650//a.a.d.a.e.g.b.injectedLambda$a$3(SourceFile)
	at java.base/java.util.HashMap$Values.forEach(Unknown Source)
	at SpaceTycoon-v1.0.0+bc67650//a.a.d.a.e.g.b.b(SourceFile:46)
	at SpaceTycoon-v1.0.0+bc67650//a.a.d.a.e.g.b.a(SourceFile:21)
	at SpaceTycoon-v1.0.0+bc67650//a.a.d.a.e.g.b.injectedLambda$a$0(SourceFile)
	at SpaceTycoon-v1.0.0+bc67650//a.a.a.m.a.b(SourceFile:58)
	at SpaceTycoon-v1.0.0+bc67650//a.a.a.m.a.injectedLambda$b$0(SourceFile)
	at #RaGIl.saYo(SourceFile:83)
	at #hvoSL.bBM(Unknown Source)
	at #hvoSL.accept(Unknown Source)
	at #ykMcj.slwQ(SourceFile:105)
	at #BrtKi.laL(Unknown Source)
	at #BrtKi.accept(Unknown Source)
	at #SmDYl.shof(SourceFile:59)
	at #vxdAh.blq(SourceFile)
	at #DRZva.smvZ(SourceFile:89)
	at #WblDI.sciG(SourceFile:100)
	at #DDMvh.hcz(SourceFile)
	at #GXpIT.slFh(SourceFile:75)
	at #acUkE.drn(SourceFile:650)
	at #qKRzt.skLS(Unknown Source:2396)
	at #hyWbW.satX(SourceFile:1837)
	at #RofNI.dB(SourceFile:43)
	at #GLnhB.run(SourceFile:32)
	at #GILEo.saUt(Unknown Source:40)
	at #sJuki.sfWB(SourceFile:11)
	at java.base/java.util.concurrent.FutureTask.run(Unknown Source)
	at #bfAok.sjvn(SourceFile:45)
	at #ptzkp.gXZ(SourceFile:52)
	at #gZdVe.sbpI(SourceFile:1466)
	at #UDDPE.sdDd(Unknown Source:1632)
	at #GMfdJ.sask(SourceFile:487)
	at net.minecraft.client.main.GameMain.iwR(SourceFile:220)
	at net.minecraft.client.main.GameMain.jtH(SourceFile:156)
	at #ZpHYL.i(Unknown Source)
	at #ZpHYL.run(Unknown Source)
	at java.base/java.lang.Thread.run(Unknown Source)
[19:37:56] [Client thread/INFO] [CHAT] [Спутник] MVP+ ┃ MidnightSolitude [#14] » ХИККупс самая полезная лска
[19:37:58] [Client thread/INFO] [CHAT] MVP+ ┃ meowze [#?] » 5?
[19:37:59] [Client thread/INFO] [CHAT] [Межгалактик] P ┃ _ЛюбитеКотиков_ [#7] » спасибо хорошо
[19:37:59] [Client thread/INFO] [CHAT] [Спутник] MVP+ ┃ MidnightSolitude [#14] » Если что
[19:38:01] [Client thread/INFO] [CHAT] MVP+ ┃ meowze [#?] » я думал 4
[19:38:10] [Client thread/INFO] [CHAT] MVP+ ┃ meowze [#?] » привет хиккупс
[19:38:11] [Client thread/INFO] [CHAT] [Светило] LS ┃ Hiccups [#4] » Ну если еще считать Веюшу
[19:38:13] [Client thread/INFO] [CHAT] [Странник] V ┃ AmirYTlogin [#201] » бусты накупите жи есть
[19:38:15] [Client thread/INFO] [CHAT] [Светило] LS ┃ Hiccups [#4] » То 5
[19:38:18] [Client thread/INFO] [CHAT] [Светило] LS ┃ Hiccups [#4] » Привет
[19:38:39] [Client thread/INFO] [CHAT] [Межгалактик] P ┃ _ЛюбитеКотиков_ [#7] » ориада до сцп пока самая норм
[19:38:42] [Client thread/INFO] [STDOUT]: a.a.d.a.c.a.f.a.i@4b370e6b
[19:38:50] [Client thread/INFO] [CHAT] MVP+ ┃ meowze [#?] » так если ты лска, в дубае который, татоша веюша
[19:38:54] [Client thread/INFO] [CHAT] MVP+ ┃ meowze [#?] » а кто пятый????
[19:39:00] [Client thread/INFO] [CHAT] [Светило] LS ┃ Hiccups [#4] » НеверГодз
[19:39:05] [Client thread/INFO] [CHAT] MVP+ ┃ meowze [#?] » а женек до сих пор лска
[19:39:05] [Client thread/ERROR] Error on handle event #BXBFw in Mod{name='SpaceTycoon', version='1.0.0+bc67650', persistent=false, delegate=a.a.d.a.a, modState=LOADED}
java.lang.AbstractMethodError: Receiver class a.a.d.a.e.g.c does not define or inherit an implementation of the resolved method 'abstract java.lang.Object invoke(java.lang.Object)' of interface kotlin.jvm.functions.Function1.
	at SpaceTycoon-v1.0.0+bc67650//a.a.d.a.e.g.b.a(SourceFile:46)
	at SpaceTycoon-v1.0.0+bc67650//a.a.d.a.e.g.b.injectedLambda$a$3(SourceFile)
	at java.base/java.util.HashMap$Values.forEach(Unknown Source)
	at SpaceTycoon-v1.0.0+bc67650//a.a.d.a.e.g.b.b(SourceFile:46)
	at SpaceTycoon-v1.0.0+bc67650//a.a.d.a.e.g.b.b(SourceFile:34)
	at SpaceTycoon-v1.0.0+bc67650//a.a.d.a.e.g.b.injectedLambda$b$1(SourceFile)
	at SpaceTycoon-v1.0.0+bc67650//a.a.a.m.a.b(SourceFile:58)
	at SpaceTycoon-v1.0.0+bc67650//a.a.a.m.a.injectedLambda$b$0(SourceFile)
	at #RaGIl.saYo(SourceFile:83)
	at #hvoSL.bBM(Unknown Source)
	at #hvoSL.accept(Unknown Source)
	at #ykMcj.slwQ(SourceFile:105)
	at #BrtKi.laL(Unknown Source)
	at #BrtKi.accept(Unknown Source)
	at #SmDYl.shof(SourceFile:59)
	at #vxdAh.blq(SourceFile)
	at #DRZva.smvZ(SourceFile:89)
	at #WblDI.sciG(SourceFile:100)
	at #DDMvh.hcz(SourceFile)
	at #GXpIT.slFh(SourceFile:75)
	at #acUkE.drn(SourceFile:650)
	at #qKRzt.skLS(Unknown Source:2396)
	at #hyWbW.satX(SourceFile:1837)
	at #RofNI.dB(SourceFile:43)
	at #GLnhB.run(SourceFile:32)
	at #GILEo.saUt(Unknown Source:40)
	at #sJuki.sfWB(SourceFile:11)
	at java.base/java.util.concurrent.FutureTask.run(Unknown Source)
	at #bfAok.sjvn(SourceFile:45)
	at #ptzkp.gXZ(SourceFile:52)
	at #gZdVe.sbpI(SourceFile:1466)
	at #UDDPE.sdDd(Unknown Source:1632)
	at #GMfdJ.sask(SourceFile:487)
	at net.minecraft.client.main.GameMain.iwR(SourceFile:220)
	at net.minecraft.client.main.GameMain.jtH(SourceFile:156)
	at #ZpHYL.i(Unknown Source)
	at #ZpHYL.run(Unknown Source)
	at java.base/java.lang.Thread.run(Unknown Source)
[19:39:05] [Client thread/ERROR] Error on handle event #BXBFw in Mod{name='SpaceTycoon', version='1.0.0+bc67650', persistent=false, delegate=a.a.d.a.a, modState=LOADED}
java.lang.AbstractMethodError: Receiver class a.a.d.a.e.g.c does not define or inherit an implementation of the resolved method 'abstract java.lang.Object invoke(java.lang.Object)' of interface kotlin.jvm.functions.Function1.
	at SpaceTycoon-v1.0.0+bc67650//a.a.d.a.e.g.b.a(SourceFile:46)
	at SpaceTycoon-v1.0.0+bc67650//a.a.d.a.e.g.b.injectedLambda$a$3(SourceFile)
	at java.base/java.util.HashMap$Values.forEach(Unknown Source)
	at SpaceTycoon-v1.0.0+bc67650//a.a.d.a.e.g.b.b(SourceFile:46)
	at SpaceTycoon-v1.0.0+bc67650//a.a.d.a.e.g.b.a(SourceFile:21)
	at SpaceTycoon-v1.0.0+bc67650//a.a.d.a.e.g.b.injectedLambda$a$0(SourceFile)
	at SpaceTycoon-v1.0.0+bc67650//a.a.a.m.a.b(SourceFile:58)
	at SpaceTycoon-v1.0.0+bc67650//a.a.a.m.a.injectedLambda$b$0(SourceFile)
	at #RaGIl.saYo(SourceFile:83)
	at #hvoSL.bBM(Unknown Source)
	at #hvoSL.accept(Unknown Source)
	at #ykMcj.slwQ(SourceFile:105)
	at #BrtKi.laL(Unknown Source)
	at #BrtKi.accept(Unknown Source)
	at #SmDYl.shof(SourceFile:59)
	at #vxdAh.blq(SourceFile)
	at #DRZva.smvZ(SourceFile:89)
	at #WblDI.sciG(SourceFile:100)
	at #DDMvh.hcz(SourceFile)
	at #GXpIT.slFh(SourceFile:75)
	at #acUkE.drn(SourceFile:650)
	at #qKRzt.skLS(Unknown Source:2396)
	at #hyWbW.satX(SourceFile:1837)
	at #RofNI.dB(SourceFile:43)
	at #GLnhB.run(SourceFile:32)
	at #GILEo.saUt(Unknown Source:40)
	at #sJuki.sfWB(SourceFile:11)
	at java.base/java.util.concurrent.FutureTask.run(Unknown Source)
	at #bfAok.sjvn(SourceFile:45)
	at #ptzkp.gXZ(SourceFile:52)
	at #gZdVe.sbpI(SourceFile:1466)
	at #UDDPE.sdDd(Unknown Source:1632)
	at #GMfdJ.sask(SourceFile:487)
	at net.minecraft.client.main.GameMain.iwR(SourceFile:220)
	at net.minecraft.client.main.GameMain.jtH(SourceFile:156)
	at #ZpHYL.i(Unknown Source)
	at #ZpHYL.run(Unknown Source)
	at java.base/java.lang.Thread.run(Unknown Source)
[19:39:12] [Client thread/INFO] [CHAT] [Светило] LS ┃ Hiccups [#4] » Почему бы и нет
[19:39:31] [Client thread/INFO] [STDOUT]: a.a.d.a.c.a.f.a.i@3cdc72bd
[19:39:32] [Client thread/INFO] [CHAT] [Межгалактик] P ┃ _ЛюбитеКотиков_ [#7] » спасибо хорошо
[19:39:40] [Client thread/INFO] [CHAT] [Светило] LS ┃ Hiccups [#4] » х2 руда на 41 рб да
[19:39:42] [Client thread/INFO] [STDOUT]: a.a.d.a.c.a.f.a.i@5748ea09
[19:39:49] [Client thread/INFO] [STDOUT]: a.a.d.a.c.a.f.a.i@40294914
[19:39:50] [Client thread/INFO] [CHAT] [Межгалактик] P ┃ _ЛюбитеКотиков_ [#7] » а х3
[19:39:50] [Client thread/INFO] [CHAT] [Сингуляр] S ┃ CyFrodo [#1] » удалите блекджек
[19:39:51] [Client thread/ERROR] Error on handle event #BXBFw in Mod{name='SpaceTycoon', version='1.0.0+bc67650', persistent=false, delegate=a.a.d.a.a, modState=LOADED}
java.lang.IndexOutOfBoundsException: index: 70, length: 1 (expected: range(0, 70))
	at io.netty.buffer.AbstractByteBuf.checkRangeBounds(AbstractByteBuf.java:1390)
	at io.netty.buffer.AbstractByteBuf.checkIndex0(AbstractByteBuf.java:1397)
	at io.netty.buffer.AbstractUnpooledSlicedByteBuf.getBytes(AbstractUnpooledSlicedByteBuf.java:242)
	at io.netty.buffer.ReadOnlyByteBuf.getBytes(ReadOnlyByteBuf.java:270)
	at io.netty.buffer.ByteBufUtil.decodeString(ByteBufUtil.java:1151)
	at io.netty.buffer.AbstractByteBuf.toString(AbstractByteBuf.java:1246)
	at dev.xdark.feder.NetUtil.readString0(NetUtil.java:833)
	at dev.xdark.feder.NetUtil.readUtf8(NetUtil.java:188)
	at SpaceTycoon-v1.0.0+bc67650//a.a.a.m.a.f(SourceFile:176)
	at SpaceTycoon-v1.0.0+bc67650//a.a.d.a.e.h.b.d(SourceFile:60)
	at SpaceTycoon-v1.0.0+bc67650//a.a.d.a.e.h.b.injectedLambda$d$3(SourceFile)
	at SpaceTycoon-v1.0.0+bc67650//a.a.a.m.a.b(SourceFile:58)
	at SpaceTycoon-v1.0.0+bc67650//a.a.a.m.a.injectedLambda$b$0(SourceFile)
	at #RaGIl.saYo(SourceFile:83)
	at #hvoSL.bBM(Unknown Source)
	at #hvoSL.accept(Unknown Source)
	at #ykMcj.slwQ(SourceFile:105)
	at #BrtKi.laL(Unknown Source)
	at #BrtKi.accept(Unknown Source)
	at #SmDYl.shof(SourceFile:59)
	at #vxdAh.blq(SourceFile)
	at #DRZva.smvZ(SourceFile:89)
	at #WblDI.sciG(SourceFile:100)
	at #DDMvh.hcz(SourceFile)
	at #GXpIT.slFh(SourceFile:75)
	at #acUkE.drn(SourceFile:650)
	at #qKRzt.skLS(Unknown Source:2396)
	at #hyWbW.satX(SourceFile:1837)
	at #RofNI.dB(SourceFile:43)
	at #GLnhB.run(SourceFile:32)
	at #GILEo.saUt(Unknown Source:40)
	at #sJuki.sfWB(SourceFile:11)
	at java.base/java.util.concurrent.FutureTask.run(Unknown Source)
	at #bfAok.sjvn(SourceFile:45)
	at #ptzkp.gXZ(SourceFile:52)
	at #gZdVe.sbpI(SourceFile:1466)
	at #UDDPE.sdDd(Unknown Source:1632)
	at #GMfdJ.sask(SourceFile:487)
	at net.minecraft.client.main.GameMain.iwR(SourceFile:220)
	at net.minecraft.client.main.GameMain.jtH(SourceFile:156)
	at #ZpHYL.i(Unknown Source)
	at #ZpHYL.run(Unknown Source)
	at java.base/java.lang.Thread.run(Unknown Source)
[19:39:52] [Client thread/INFO] [STDOUT]: a.a.d.a.c.a.f.a.i@64af43fc
[19:39:52] [Client thread/INFO] [CHAT] [Сингуляр] LS ┃ papo4ka_v_dubae [#3] » da
[19:39:57] [Client thread/INFO] [CHAT] [Сингуляр] S ┃ CyFrodo [#1] » ловлю 20, у дилера 21
[19:39:59] [Client thread/INFO] [STDOUT]: a.a.d.a.c.a.f.a.i@28a9cfa8
[19:40:02] [Client thread/INFO] [CHAT] MVP+ ┃ meowze [#?] » а чото из донатного можно на халявчик получить?
[19:40:10] [Client thread/INFO] [CHAT] [Сингуляр] LS ┃ papo4ka_v_dubae [#3] » привет меовзе
[19:40:12] [Client thread/INFO] [CHAT] MVP+ ┃ meowze [#?] » приветик
[19:40:14] [Client thread/INFO] [CHAT] [Астроном] P ┃ Tveiv [#178] » ахахахаха почему тут натуральный казик в игре как это еще не заблокировали
[19:40:19] [Client thread/INFO] [CHAT] [Сингуляр] S ┃ CyFrodo [#1] » и опять 21 ахахах
[19:40:19] [Client thread/INFO] [CHAT] [Сингуляр] LS ┃ papo4ka_v_dubae [#3] » собрат по снятию
[19:40:23] [Client thread/INFO] [CHAT] [Сингуляр] S ┃ CyFrodo [#1] » лан пофиг я дальше афк
[19:40:23] [Client thread/INFO] [CHAT] MVP+ ┃ meowze [#?] » АХХАХА
[19:40:35] [Client thread/INFO] [CHAT] MVP+ ┃ meowze [#?] » ну слышишь ты то дольше мя просидел
[19:40:39] [Client thread/INFO] [CHAT] MVP+ ┃ meowze [#?] » я ровно 30
[19:40:57] [Client thread/INFO] [CHAT] MVP+ ┃ meowze [#?] » ои этот казик людям топ руинил
[19:41:00] [Client thread/INFO] [CHAT] MVP+ ┃ meowze [#?] » а кому-то делал
[19:41:17] [Client thread/INFO] [STDOUT]: a.a.d.a.c.a.f.a.i@59de8b16
[19:41:20] [Client thread/ERROR] Error on handle event #BXBFw in Mod{name='SpaceTycoon', version='1.0.0+bc67650', persistent=false, delegate=a.a.d.a.a, modState=LOADED}
java.lang.IndexOutOfBoundsException: index: 70, length: 1 (expected: range(0, 70))
	at io.netty.buffer.AbstractByteBuf.checkRangeBounds(AbstractByteBuf.java:1390)
	at io.netty.buffer.AbstractByteBuf.checkIndex0(AbstractByteBuf.java:1397)
	at io.netty.buffer.AbstractUnpooledSlicedByteBuf.getBytes(AbstractUnpooledSlicedByteBuf.java:242)
	at io.netty.buffer.ReadOnlyByteBuf.getBytes(ReadOnlyByteBuf.java:270)
	at io.netty.buffer.ByteBufUtil.decodeString(ByteBufUtil.java:1151)
	at io.netty.buffer.AbstractByteBuf.toString(AbstractByteBuf.java:1246)
	at dev.xdark.feder.NetUtil.readString0(NetUtil.java:833)
	at dev.xdark.feder.NetUtil.readUtf8(NetUtil.java:188)
	at SpaceTycoon-v1.0.0+bc67650//a.a.a.m.a.f(SourceFile:176)
	at SpaceTycoon-v1.0.0+bc67650//a.a.d.a.e.h.b.d(SourceFile:60)
	at SpaceTycoon-v1.0.0+bc67650//a.a.d.a.e.h.b.injectedLambda$d$3(SourceFile)
	at SpaceTycoon-v1.0.0+bc67650//a.a.a.m.a.b(SourceFile:58)
	at SpaceTycoon-v1.0.0+bc67650//a.a.a.m.a.injectedLambda$b$0(SourceFile)
	at #RaGIl.saYo(SourceFile:83)
	at #hvoSL.bBM(Unknown Source)
	at #hvoSL.accept(Unknown Source)
	at #ykMcj.slwQ(SourceFile:105)
	at #BrtKi.laL(Unknown Source)
	at #BrtKi.accept(Unknown Source)
	at #SmDYl.shof(SourceFile:59)
	at #vxdAh.blq(SourceFile)
	at #DRZva.smvZ(SourceFile:89)
	at #WblDI.sciG(SourceFile:100)
	at #DDMvh.hcz(SourceFile)
	at #GXpIT.slFh(SourceFile:75)
	at #acUkE.drn(SourceFile:650)
	at #qKRzt.skLS(Unknown Source:2396)
	at #hyWbW.satX(SourceFile:1837)
	at #RofNI.dB(SourceFile:43)
	at #GLnhB.run(SourceFile:32)
	at #GILEo.saUt(Unknown Source:40)
	at #sJuki.sfWB(SourceFile:11)
	at java.base/java.util.concurrent.FutureTask.run(Unknown Source)
	at #bfAok.sjvn(SourceFile:45)
	at #ptzkp.gXZ(SourceFile:52)
	at #gZdVe.sbpI(SourceFile:1466)
	at #UDDPE.sdDd(Unknown Source:1632)
	at #GMfdJ.sask(SourceFile:487)
	at net.minecraft.client.main.GameMain.iwR(SourceFile:220)
	at net.minecraft.client.main.GameMain.jtH(SourceFile:156)
	at #ZpHYL.i(Unknown Source)
	at #ZpHYL.run(Unknown Source)
	at java.base/java.lang.Thread.run(Unknown Source)
[19:41:21] [Client thread/INFO] [STDOUT]: a.a.d.a.c.a.f.a.i@32a3b4cc
[19:41:44] [Client thread/INFO] [CHAT] MVP+ ┃ meowze [#?] » ладно спатки пойду пожалуй, удачки всем и сладких снов.
[19:41:50] [Client thread/INFO] [CHAT] [Галактор] P+ ┃ topcnik_v_pvp [#26] » мне на 18рб нужно 20s а в казике слито 100s
[19:42:15] [Client thread/INFO] [CHAT] [Астроном] kymitik [#149] » чет не чет?
[19:42:22] [Client thread/INFO] [CHAT] [Сверхновая] P ┃ I_LOVE_CATS [#45] » нече
[19:42:34] [Client thread/INFO] [CHAT] [Галактор] P+ ┃ topcnik_v_pvp [#26] » чет
[19:42:38] [Client thread/INFO] [CHAT] [Галактор] P+ ┃ topcnik_v_pvp [#26] » нечет не дает
[19:42:54] [Client thread/INFO] [CHAT] [Астроном] kymitik [#149] » ща проверю
[19:43:01] [Client thread/ERROR] Error on handle event #BXBFw in Mod{name='SpaceTycoon', version='1.0.0+bc67650', persistent=false, delegate=a.a.d.a.a, modState=LOADED}
java.lang.IndexOutOfBoundsException: index: 70, length: 1 (expected: range(0, 70))
	at io.netty.buffer.AbstractByteBuf.checkRangeBounds(AbstractByteBuf.java:1390)
	at io.netty.buffer.AbstractByteBuf.checkIndex0(AbstractByteBuf.java:1397)
	at io.netty.buffer.AbstractUnpooledSlicedByteBuf.getBytes(AbstractUnpooledSlicedByteBuf.java:242)
	at io.netty.buffer.ReadOnlyByteBuf.getBytes(ReadOnlyByteBuf.java:270)
	at io.netty.buffer.ByteBufUtil.decodeString(ByteBufUtil.java:1151)
	at io.netty.buffer.AbstractByteBuf.toString(AbstractByteBuf.java:1246)
	at dev.xdark.feder.NetUtil.readString0(NetUtil.java:833)
	at dev.xdark.feder.NetUtil.readUtf8(NetUtil.java:188)
	at SpaceTycoon-v1.0.0+bc67650//a.a.a.m.a.f(SourceFile:176)
	at SpaceTycoon-v1.0.0+bc67650//a.a.d.a.e.h.b.d(SourceFile:60)
	at SpaceTycoon-v1.0.0+bc67650//a.a.d.a.e.h.b.injectedLambda$d$3(SourceFile)
	at SpaceTycoon-v1.0.0+bc67650//a.a.a.m.a.b(SourceFile:58)
	at SpaceTycoon-v1.0.0+bc67650//a.a.a.m.a.injectedLambda$b$0(SourceFile)
	at #RaGIl.saYo(SourceFile:83)
	at #hvoSL.bBM(Unknown Source)
	at #hvoSL.accept(Unknown Source)
	at #ykMcj.slwQ(SourceFile:105)
	at #BrtKi.laL(Unknown Source)
	at #BrtKi.accept(Unknown Source)
	at #SmDYl.shof(SourceFile:59)
	at #vxdAh.blq(SourceFile)
	at #DRZva.smvZ(SourceFile:89)
	at #WblDI.sciG(SourceFile:100)
	at #DDMvh.hcz(SourceFile)
	at #GXpIT.slFh(SourceFile:75)
	at #acUkE.drn(SourceFile:650)
	at #qKRzt.skLS(Unknown Source:2396)
	at #hyWbW.satX(SourceFile:1837)
	at #RofNI.dB(SourceFile:43)
	at #GLnhB.run(SourceFile:32)
	at #GILEo.saUt(Unknown Source:40)
	at #sJuki.sfWB(SourceFile:11)
	at java.base/java.util.concurrent.FutureTask.run(Unknown Source)
	at #bfAok.sjvn(SourceFile:45)
	at #ptzkp.gXZ(SourceFile:52)
	at #gZdVe.sbpI(SourceFile:1466)
	at #UDDPE.sdDd(Unknown Source:1632)
	at #GMfdJ.sask(SourceFile:487)
	at net.minecraft.client.main.GameMain.iwR(SourceFile:220)
	at net.minecraft.client.main.GameMain.jtH(SourceFile:156)
	at #ZpHYL.i(Unknown Source)
	at #ZpHYL.run(Unknown Source)
	at java.base/java.lang.Thread.run(Unknown Source)
[19:43:29] [Client thread/INFO] [CHAT] [Астроном] kymitik [#149] » выиграл
[19:43:32] [Client thread/INFO] [CHAT] [Астроном] kymitik [#149] » а сейчас
[19:43:36] [Client thread/INFO] [CHAT] [Галактор] P+ ┃ topcnik_v_pvp [#26] » чет
[19:43:40] [Client thread/INFO] [CHAT] [Галактор] P+ ┃ topcnik_v_pvp [#26] » потом нечет
[19:43:40] [Client thread/INFO] [CHAT] [Гравитатор] I ┃ XuTruE_xd [#118] » так понимаю топ в питомце это чтобы был лега очиститель деньги и дропперы?
[19:44:04] [Client thread/INFO] [STDOUT]: a.a.d.a.c.a.f.a.i@94ef175
[19:44:18] [Client thread/INFO] [STDOUT]: a.a.d.a.c.a.f.a.i@15c28771
[19:44:21] [Client thread/INFO] [STDOUT]: a.a.d.a.c.a.f.a.c@2b3550bf
[19:44:21] [Client thread/INFO] [STDOUT]: a.a.d.a.c.a.f.a.a@185719fd
[19:44:22] [Client thread/INFO] [STDOUT]: a.a.d.a.c.a.f.a.m@146a99a4
[19:44:25] [Client thread/INFO] [CHAT] [Галактор] P+ ┃ topcnik_v_pvp [#26] » кумитик ставь ан ил интереснее будет
[19:44:25] [Client thread/ERROR] Error on handle event #BXBFw in Mod{name='SpaceTycoon', version='1.0.0+bc67650', persistent=false, delegate=a.a.d.a.a, modState=LOADED}
java.lang.IndexOutOfBoundsException: index: 72, length: 109 (expected: range(0, 140))
	at io.netty.buffer.AbstractByteBuf.checkRangeBounds(AbstractByteBuf.java:1390)
	at io.netty.buffer.AbstractByteBuf.checkIndex0(AbstractByteBuf.java:1397)
	at io.netty.buffer.AbstractUnpooledSlicedByteBuf.getBytes(AbstractUnpooledSlicedByteBuf.java:242)
	at io.netty.buffer.ReadOnlyByteBuf.getBytes(ReadOnlyByteBuf.java:270)
	at io.netty.buffer.ByteBufUtil.decodeString(ByteBufUtil.java:1151)
	at io.netty.buffer.AbstractByteBuf.toString(AbstractByteBuf.java:1246)
	at dev.xdark.feder.NetUtil.readString0(NetUtil.java:833)
	at dev.xdark.feder.NetUtil.readUtf8(NetUtil.java:188)
	at SpaceTycoon-v1.0.0+bc67650//a.a.a.m.a.f(SourceFile:176)
	at SpaceTycoon-v1.0.0+bc67650//a.a.d.a.e.h.b.d(SourceFile:60)
	at SpaceTycoon-v1.0.0+bc67650//a.a.d.a.e.h.b.injectedLambda$d$3(SourceFile)
	at SpaceTycoon-v1.0.0+bc67650//a.a.a.m.a.b(SourceFile:58)
	at SpaceTycoon-v1.0.0+bc67650//a.a.a.m.a.injectedLambda$b$0(SourceFile)
	at #RaGIl.saYo(SourceFile:83)
	at #hvoSL.bBM(Unknown Source)
	at #hvoSL.accept(Unknown Source)
	at #ykMcj.slwQ(SourceFile:105)
	at #BrtKi.laL(Unknown Source)
	at #BrtKi.accept(Unknown Source)
	at #SmDYl.shof(SourceFile:59)
	at #vxdAh.blq(SourceFile)
	at #DRZva.smvZ(SourceFile:89)
	at #WblDI.sciG(SourceFile:100)
	at #DDMvh.hcz(SourceFile)
	at #GXpIT.slFh(SourceFile:75)
	at #acUkE.drn(SourceFile:650)
	at #qKRzt.skLS(Unknown Source:2396)
	at #hyWbW.satX(SourceFile:1837)
	at #RofNI.dB(SourceFile:43)
	at #GLnhB.run(SourceFile:32)
	at #GILEo.saUt(Unknown Source:40)
	at #sJuki.sfWB(SourceFile:11)
	at java.base/java.util.concurrent.FutureTask.run(Unknown Source)
	at #bfAok.sjvn(SourceFile:45)
	at #ptzkp.gXZ(SourceFile:52)
	at #gZdVe.sbpI(SourceFile:1466)
	at #UDDPE.sdDd(Unknown Source:1632)
	at #GMfdJ.sask(SourceFile:487)
	at net.minecraft.client.main.GameMain.iwR(SourceFile:220)
	at net.minecraft.client.main.GameMain.jtH(SourceFile:156)
	at #ZpHYL.i(Unknown Source)
	at #ZpHYL.run(Unknown Source)
	at java.base/java.lang.Thread.run(Unknown Source)
[19:44:38] [Client thread/INFO] [CHAT] [Межгалактик] P ┃ _ЛюбитеКотиков_ [#7] » спасибо хорошо
[19:44:58] [Client thread/INFO] [CHAT] [Сингуляр] HE ┃ Kendelucky_morf [#2] »  Опа
[19:45:04] [Client thread/INFO] [CHAT] [Сингуляр] LS ┃ papo4ka_v_dubae [#3] » м
[19:45:04] [Client thread/INFO] [STDOUT]: a.a.d.a.c.a.f.a.i@5fe7f6cf
[19:45:09] [Client thread/INFO] [CHAT] [Сингуляр] HE ┃ Kendelucky_morf [#2] »  Татошка луднул чутка
[19:45:10] [Client thread/INFO] [STDOUT]: a.a.d.a.c.a.f.a.i@78fe736f
[19:45:10] [Client thread/INFO] [CHAT] [Сверхновая] P ┃ I_LOVE_CATS [#45] » туда его
[19:45:22] [Client thread/INFO] [CHAT] [Астроном] kymitik [#149] » чет не чет ща было нечет
[19:45:32] [Client thread/INFO] [CHAT] [Галактор] P+ ┃ topcnik_v_pvp [#26] » ты все проиграл?
[19:45:39] [Client thread/INFO] [CHAT] [Астроном] MVP+ ┃ KoJIoBuH [#256] » 
[19:45:48] [Client thread/INFO] [CHAT] [Астроном] MVP+ ┃ KoJIoBuH [#256] » че уточки делают
[19:45:51] [Client thread/INFO] [CHAT] [Галактор] P+ ┃ topcnik_v_pvp [#26] » а ну ставь черное
[19:45:52] [Client thread/INFO] [CHAT] [Астроном] kymitik [#149] » да
[19:45:55] [Client thread/INFO] [CHAT] [Сверхновая] P ┃ I_LOVE_CATS [#45] » крякают
[19:46:05] [Client thread/INFO] [CHAT] [Межгалактик] P ┃ _ЛюбитеКотиков_ [#7] » спасибо хорошо
[19:46:09] [Client thread/INFO] [CHAT] [Картограф] MVP ┃ 777_Хлебка_777 [#33] » уточки ключик от аур дают
[19:46:22] [Client thread/INFO] [CHAT] [Картограф] MVP ┃ 777_Хлебка_777 [#33] » точнее мита даёт
[19:46:26] [Client thread/INFO] [STDOUT]: a.a.d.a.c.a.f.a.i@4ec1b03f
[19:46:32] [Client thread/ERROR] Error on handle event #BXBFw in Mod{name='SpaceTycoon', version='1.0.0+bc67650', persistent=false, delegate=a.a.d.a.a, modState=LOADED}
java.lang.IndexOutOfBoundsException: index: 72, length: 109 (expected: range(0, 140))
	at io.netty.buffer.AbstractByteBuf.checkRangeBounds(AbstractByteBuf.java:1390)
	at io.netty.buffer.AbstractByteBuf.checkIndex0(AbstractByteBuf.java:1397)
	at io.netty.buffer.AbstractUnpooledSlicedByteBuf.getBytes(AbstractUnpooledSlicedByteBuf.java:242)
	at io.netty.buffer.ReadOnlyByteBuf.getBytes(ReadOnlyByteBuf.java:270)
	at io.netty.buffer.ByteBufUtil.decodeString(ByteBufUtil.java:1151)
	at io.netty.buffer.AbstractByteBuf.toString(AbstractByteBuf.java:1246)
	at dev.xdark.feder.NetUtil.readString0(NetUtil.java:833)
	at dev.xdark.feder.NetUtil.readUtf8(NetUtil.java:188)
	at SpaceTycoon-v1.0.0+bc67650//a.a.a.m.a.f(SourceFile:176)
	at SpaceTycoon-v1.0.0+bc67650//a.a.d.a.e.h.b.d(SourceFile:60)
	at SpaceTycoon-v1.0.0+bc67650//a.a.d.a.e.h.b.injectedLambda$d$3(SourceFile)
	at SpaceTycoon-v1.0.0+bc67650//a.a.a.m.a.b(SourceFile:58)
	at SpaceTycoon-v1.0.0+bc67650//a.a.a.m.a.injectedLambda$b$0(SourceFile)
	at #RaGIl.saYo(SourceFile:83)
	at #hvoSL.bBM(Unknown Source)
	at #hvoSL.accept(Unknown Source)
	at #ykMcj.slwQ(SourceFile:105)
	at #BrtKi.laL(Unknown Source)
	at #BrtKi.accept(Unknown Source)
	at #SmDYl.shof(SourceFile:59)
	at #vxdAh.blq(SourceFile)
	at #DRZva.smvZ(SourceFile:89)
	at #WblDI.sciG(SourceFile:100)
	at #DDMvh.hcz(SourceFile)
	at #GXpIT.slFh(SourceFile:75)
	at #acUkE.drn(SourceFile:650)
	at #qKRzt.skLS(Unknown Source:2396)
	at #hyWbW.satX(SourceFile:1837)
	at #RofNI.dB(SourceFile:43)
	at #GLnhB.run(SourceFile:32)
	at #GILEo.saUt(Unknown Source:40)
	at #sJuki.sfWB(SourceFile:11)
	at java.base/java.util.concurrent.FutureTask.run(Unknown Source)
	at #bfAok.sjvn(SourceFile:45)
	at #ptzkp.gXZ(SourceFile:52)
	at #gZdVe.sbpI(SourceFile:1466)
	at #UDDPE.sdDd(Unknown Source:1632)
	at #GMfdJ.sask(SourceFile:487)
	at net.minecraft.client.main.GameMain.iwR(SourceFile:220)
	at net.minecraft.client.main.GameMain.jtH(SourceFile:156)
	at #ZpHYL.i(Unknown Source)
	at #ZpHYL.run(Unknown Source)
	at java.base/java.lang.Thread.run(Unknown Source)
[19:46:34] [Client thread/INFO] [STDOUT]: a.a.d.a.c.a.f.a.i@5d9f8faa
[19:46:37] [Client thread/INFO] [CHAT] [Картограф] MVP ┃ 777_Хлебка_777 [#33] » за уточек
[19:46:41] [Client thread/INFO] [CHAT] [Звездочет] S ┃ xunstoppablex [#99] » хах
[19:46:44] [Client thread/INFO] [CHAT] [Астроном] MVP+ ┃ KoJIoBuH [#256] » спс
[19:46:50] [Client thread/INFO] [STDOUT]: a.a.d.a.c.a.f.a.i@66e7f483
[19:46:52] [Client thread/INFO] [CHAT] [Сверхновая] P ┃ I_LOVE_CATS [#45] » короче, Мита дает всем за уточек
[19:46:56] [Client thread/INFO] [CHAT] [Пульсар] T ┃ xKeEpeR_ [#18] » уточки супер
[19:47:00] [Client thread/INFO] [STDOUT]: a.a.d.a.c.a.f.a.i@1c65274e
[19:47:01] [Client thread/INFO] [CHAT] [Пульсар] T ┃ xKeEpeR_ [#18] » мне лег ауру подарили
[19:47:07] [Client thread/INFO] [CHAT] [Картограф] MVP ┃ 777_Хлебка_777 [#33] » =(
[19:47:09] [Client thread/INFO] [CHAT] [Межгалактик] P ┃ _ЛюбитеКотиков_ [#7] » спасибо хорошо
[19:47:11] [Client thread/ERROR] Error on handle event #BXBFw in Mod{name='SpaceTycoon', version='1.0.0+bc67650', persistent=false, delegate=a.a.d.a.a, modState=LOADED}
java.lang.IndexOutOfBoundsException: index: 72, length: 109 (expected: range(0, 140))
	at io.netty.buffer.AbstractByteBuf.checkRangeBounds(AbstractByteBuf.java:1390)
	at io.netty.buffer.AbstractByteBuf.checkIndex0(AbstractByteBuf.java:1397)
	at io.netty.buffer.AbstractUnpooledSlicedByteBuf.getBytes(AbstractUnpooledSlicedByteBuf.java:242)
	at io.netty.buffer.ReadOnlyByteBuf.getBytes(ReadOnlyByteBuf.java:270)
	at io.netty.buffer.ByteBufUtil.decodeString(ByteBufUtil.java:1151)
	at io.netty.buffer.AbstractByteBuf.toString(AbstractByteBuf.java:1246)
	at dev.xdark.feder.NetUtil.readString0(NetUtil.java:833)
	at dev.xdark.feder.NetUtil.readUtf8(NetUtil.java:188)
	at SpaceTycoon-v1.0.0+bc67650//a.a.a.m.a.f(SourceFile:176)
	at SpaceTycoon-v1.0.0+bc67650//a.a.d.a.e.h.b.d(SourceFile:60)
	at SpaceTycoon-v1.0.0+bc67650//a.a.d.a.e.h.b.injectedLambda$d$3(SourceFile)
	at SpaceTycoon-v1.0.0+bc67650//a.a.a.m.a.b(SourceFile:58)
	at SpaceTycoon-v1.0.0+bc67650//a.a.a.m.a.injectedLambda$b$0(SourceFile)
	at #RaGIl.saYo(SourceFile:83)
	at #hvoSL.bBM(Unknown Source)
	at #hvoSL.accept(Unknown Source)
	at #ykMcj.slwQ(SourceFile:105)
	at #BrtKi.laL(Unknown Source)
	at #BrtKi.accept(Unknown Source)
	at #SmDYl.shof(SourceFile:59)
	at #vxdAh.blq(SourceFile)
	at #DRZva.smvZ(SourceFile:89)
	at #WblDI.sciG(SourceFile:100)
	at #DDMvh.hcz(SourceFile)
	at #GXpIT.slFh(SourceFile:75)
	at #acUkE.drn(SourceFile:650)
	at #qKRzt.skLS(Unknown Source:2396)
	at #hyWbW.satX(SourceFile:1837)
	at #RofNI.dB(SourceFile:43)
	at #GLnhB.run(SourceFile:32)
	at #GILEo.saUt(Unknown Source:40)
	at #sJuki.sfWB(SourceFile:11)
	at java.base/java.util.concurrent.FutureTask.run(Unknown Source)
	at #bfAok.sjvn(SourceFile:45)
	at #ptzkp.gXZ(SourceFile:52)
	at #gZdVe.sbpI(SourceFile:1466)
	at #UDDPE.sdDd(Unknown Source:1632)
	at #GMfdJ.sask(SourceFile:487)
	at net.minecraft.client.main.GameMain.iwR(SourceFile:220)
	at net.minecraft.client.main.GameMain.jtH(SourceFile:156)
	at #ZpHYL.i(Unknown Source)
	at #ZpHYL.run(Unknown Source)
	at java.base/java.lang.Thread.run(Unknown Source)
[19:48:04] [Client thread/INFO] [STDOUT]: a.a.d.a.c.a.f.a.i@5848439
[19:48:12] [Client thread/INFO] [CHAT] [Квазар] P ┃ zder3456 [#52] » ветку петов до фулаа качать или взять 3-го пета и что то другое качать?
[19:48:19] [Client thread/INFO] [STDOUT]: a.a.d.a.c.a.f.a.i@40f7d7a
[19:48:22] [Client thread/INFO] [CHAT] [Спутник] MVP+ ┃ XXXXXXLoonDanya [#13] » до фула
[19:48:24] [Client thread/INFO] [CHAT] [Сверхновая] P ┃ I_LOVE_CATS [#45] » фулочка
[19:48:32] [Client thread/INFO] [CHAT] [Межгалактик] P ┃ _ЛюбитеКотиков_ [#7] » зач фулл то
[19:48:33] [Client thread/ERROR] Error on handle event #BXBFw in Mod{name='SpaceTycoon', version='1.0.0+bc67650', persistent=false, delegate=a.a.d.a.a, modState=LOADED}
java.lang.AbstractMethodError: Receiver class a.a.d.a.e.g.c does not define or inherit an implementation of the resolved method 'abstract java.lang.Object invoke(java.lang.Object)' of interface kotlin.jvm.functions.Function1.
	at SpaceTycoon-v1.0.0+bc67650//a.a.d.a.e.g.b.a(SourceFile:46)
	at SpaceTycoon-v1.0.0+bc67650//a.a.d.a.e.g.b.injectedLambda$a$3(SourceFile)
	at java.base/java.util.HashMap$Values.forEach(Unknown Source)
	at SpaceTycoon-v1.0.0+bc67650//a.a.d.a.e.g.b.b(SourceFile:46)
	at SpaceTycoon-v1.0.0+bc67650//a.a.d.a.e.g.b.b(SourceFile:34)
	at SpaceTycoon-v1.0.0+bc67650//a.a.d.a.e.g.b.injectedLambda$b$1(SourceFile)
	at SpaceTycoon-v1.0.0+bc67650//a.a.a.m.a.b(SourceFile:58)
	at SpaceTycoon-v1.0.0+bc67650//a.a.a.m.a.injectedLambda$b$0(SourceFile)
	at #RaGIl.saYo(SourceFile:83)
	at #hvoSL.bBM(Unknown Source)
	at #hvoSL.accept(Unknown Source)
	at #ykMcj.slwQ(SourceFile:105)
	at #BrtKi.laL(Unknown Source)
	at #BrtKi.accept(Unknown Source)
	at #SmDYl.shof(SourceFile:59)
	at #vxdAh.blq(SourceFile)
	at #DRZva.smvZ(SourceFile:89)
	at #WblDI.sciG(SourceFile:100)
	at #DDMvh.hcz(SourceFile)
	at #GXpIT.slFh(SourceFile:75)
	at #acUkE.drn(SourceFile:650)
	at #qKRzt.skLS(Unknown Source:2396)
	at #hyWbW.satX(SourceFile:1837)
	at #RofNI.dB(SourceFile:43)
	at #GLnhB.run(SourceFile:32)
	at #GILEo.saUt(Unknown Source:40)
	at #sJuki.sfWB(SourceFile:11)
	at java.base/java.util.concurrent.FutureTask.run(Unknown Source)
	at #bfAok.sjvn(SourceFile:45)
	at #ptzkp.gXZ(SourceFile:52)
	at #gZdVe.sbpI(SourceFile:1466)
	at #UDDPE.sdDd(Unknown Source:1632)
	at #GMfdJ.sask(SourceFile:487)
	at net.minecraft.client.main.GameMain.iwR(SourceFile:220)
	at net.minecraft.client.main.GameMain.jtH(SourceFile:156)
	at #ZpHYL.i(Unknown Source)
	at #ZpHYL.run(Unknown Source)
	at java.base/java.lang.Thread.run(Unknown Source)
[19:48:33] [Client thread/ERROR] Error on handle event #BXBFw in Mod{name='SpaceTycoon', version='1.0.0+bc67650', persistent=false, delegate=a.a.d.a.a, modState=LOADED}
java.lang.AbstractMethodError: Receiver class a.a.d.a.e.g.c does not define or inherit an implementation of the resolved method 'abstract java.lang.Object invoke(java.lang.Object)' of interface kotlin.jvm.functions.Function1.
	at SpaceTycoon-v1.0.0+bc67650//a.a.d.a.e.g.b.a(SourceFile:46)
	at SpaceTycoon-v1.0.0+bc67650//a.a.d.a.e.g.b.injectedLambda$a$3(SourceFile)
	at java.base/java.util.HashMap$Values.forEach(Unknown Source)
	at SpaceTycoon-v1.0.0+bc67650//a.a.d.a.e.g.b.b(SourceFile:46)
	at SpaceTycoon-v1.0.0+bc67650//a.a.d.a.e.g.b.a(SourceFile:21)
	at SpaceTycoon-v1.0.0+bc67650//a.a.d.a.e.g.b.injectedLambda$a$0(SourceFile)
	at SpaceTycoon-v1.0.0+bc67650//a.a.a.m.a.b(SourceFile:58)
	at SpaceTycoon-v1.0.0+bc67650//a.a.a.m.a.injectedLambda$b$0(SourceFile)
	at #RaGIl.saYo(SourceFile:83)
	at #hvoSL.bBM(Unknown Source)
	at #hvoSL.accept(Unknown Source)
	at #ykMcj.slwQ(SourceFile:105)
	at #BrtKi.laL(Unknown Source)
	at #BrtKi.accept(Unknown Source)
	at #SmDYl.shof(SourceFile:59)
	at #vxdAh.blq(SourceFile)
	at #DRZva.smvZ(SourceFile:89)
	at #WblDI.sciG(SourceFile:100)
	at #DDMvh.hcz(SourceFile)
	at #GXpIT.slFh(SourceFile:75)
	at #acUkE.drn(SourceFile:650)
	at #qKRzt.skLS(Unknown Source:2396)
	at #hyWbW.satX(SourceFile:1837)
	at #RofNI.dB(SourceFile:43)
	at #GLnhB.run(SourceFile:32)
	at #GILEo.saUt(Unknown Source:40)
	at #sJuki.sfWB(SourceFile:11)
	at java.base/java.util.concurrent.FutureTask.run(Unknown Source)
	at #bfAok.sjvn(SourceFile:45)
	at #ptzkp.gXZ(SourceFile:52)
	at #gZdVe.sbpI(SourceFile:1466)
	at #UDDPE.sdDd(Unknown Source:1632)
	at #GMfdJ.sask(SourceFile:487)
	at net.minecraft.client.main.GameMain.iwR(SourceFile:220)
	at net.minecraft.client.main.GameMain.jtH(SourceFile:156)
	at #ZpHYL.i(Unknown Source)
	at #ZpHYL.run(Unknown Source)
	at java.base/java.lang.Thread.run(Unknown Source)
[19:48:48] [Client thread/INFO] [CHAT] [Сверхновая] P ┃ I_LOVE_CATS [#45] » а стоп че, там теперь еще одного пета дают не 2 как раньше
[19:49:11] [Client thread/INFO] [STDOUT]: a.a.d.a.c.a.f.a.i@4211708b
[19:49:12] [Client thread/INFO] [CHAT] [Сингуляр] LS ┃ papo4ka_v_dubae [#2] » все так же 3
[19:49:32] [Client thread/INFO] [CHAT] [Сверхновая] P ┃ I_LOVE_CATS [#45] » вроде в прошлом 2 давали не?
[19:49:35] [Client thread/INFO] [CHAT] i Бустер очистителей от GOD ┃ cat03  закончился!
[19:49:39] [Client thread/INFO] [CHAT] [Сингуляр] LS ┃ papo4ka_v_dubae [#2] » не
[19:49:46] [Client thread/INFO] [CHAT] [Сверхновая] P ┃ I_LOVE_CATS [#45] » ну ладно
[19:49:47] [Client thread/INFO] [CHAT] [Комета] G ┃ ZuZikYt337 [#288] » где пожар тушить?
[19:49:51] [Client thread/INFO] [CHAT] [Сингуляр] LS ┃ papo4ka_v_dubae [#2] » просто из за новых прокачек кажется что это еще пет
[19:49:59] [Client thread/INFO] [CHAT] [Межгалактик] P ┃ _ЛюбитеКотиков_ [#7] » аа бож... я думал там дают посто шансы на легу
[19:50:07] [Client thread/INFO] [CHAT] [Межгалактик] P ┃ _ЛюбитеКотиков_ [#7] » ласт 3 прокачки
[19:50:34] [Client thread/INFO] [CHAT] [Пульсар] T ┃ xKeEpeR_ [#18] » бог
[19:50:35] [Client thread/INFO] [CHAT] [Межгалактик] P ┃ _ЛюбитеКотиков_ [#7] » вот почему мне падают леги с 11% на очисты и 15% на деньги
[19:50:39] [Client thread/INFO] [CHAT] [Сингуляр] LS ┃ papo4ka_v_dubae [#2] » а
[19:50:40] [Client thread/INFO] [CHAT] [Пульсар] T ┃ xKeEpeR_ [#18] » у тя какая аура
[19:50:48] [Client thread/INFO] [CHAT] [Сингуляр] LS ┃ papo4ka_v_dubae [#2] » квантовый контур
[19:50:53] [Client thread/INFO] [CHAT] [Спутник] MVP+ ┃ XXXXXXLoonDanya [#13] » легенда котик
[19:50:56] [Client thread/INFO] [CHAT] [Странник] I ┃ AIDOMETR [#245] » Как узнать сколько собрал я уточек
[19:51:03] [Client thread/INFO] [CHAT] [Комета] _Azza [#277] » ни одной
[19:51:04] [Client thread/INFO] [CHAT] [Пульсар] T ┃ xKeEpeR_ [#18] » а у меня океанида
[19:51:08] [Client thread/INFO] [CHAT] [Пульсар] T ┃ xKeEpeR_ [#18] » выпала
[19:51:11] [Client thread/INFO] [CHAT] [Сингуляр] LS ┃ papo4ka_v_dubae [#2] » лега чтоли
[19:51:13] [Client thread/INFO] [CHAT] [Странник] I ┃ AIDOMETR [#245] » Как узнать сколько собрал я уточек
[19:51:13] [Client thread/INFO] [CHAT] [Пульсар] T ┃ xKeEpeR_ [#18] » +
[19:51:17] [Client thread/INFO] [CHAT] [Пульсар] T ┃ xKeEpeR_ [#18] » с уток
[19:51:21] [Client thread/INFO] [CHAT] [Сингуляр] LS ┃ papo4ka_v_dubae [#2] » гц
[19:51:24] [Client thread/INFO] [CHAT] [Сверхновая] Men_Fox [#46] » в профиль зайди, снизу будет
[19:51:26] [Client thread/INFO] [CHAT] [Пульсар] T ┃ xKeEpeR_ [#18] » пасиб
[19:51:33] [Client thread/INFO] [CHAT] [Странник] I ┃ AIDOMETR [#245] » пасиб
[19:51:43] [Client thread/INFO] [CHAT] [Сингуляр] LS ┃ papo4ka_v_dubae [#2] » ну кстати бустер очистителей какой то слабенький
[19:51:45] [Client thread/INFO] [CHAT] [Комета] _Azza [#277] » а у меня 277 по какой штуке
[19:51:49] [Client thread/INFO] [CHAT] [Комета] _Azza [#277] » типа деньги или че
[19:51:52] [Client thread/INFO] [CHAT] [Гравитатор] P ┃ Saha237YT [#106] » рейтинг
[19:51:53] [Client thread/INFO] [CHAT] [Пульсар] T ┃ xKeEpeR_ [#18] » +
[19:51:57] [Client thread/INFO] [CHAT] [Комета] _Azza [#277] » ну рейтинг чего
[19:52:02] [Client thread/INFO] [CHAT] [Пульсар] T ┃ xKeEpeR_ [#18] » дроперы походу надо ловить
[19:52:09] [Client thread/INFO] [CHAT] [Сверхновая] Men_Fox [#46] » доход деньги перерождения
[19:52:14] [Client thread/INFO] [CHAT] [Комета] _Azza [#277] » прняолл
[19:52:28] [Client thread/INFO] [CHAT] [Сингуляр] LS ┃ papo4ka_v_dubae [#2] » у меня кд дропперов 0.7с
[19:52:33] [Client thread/INFO] [CHAT] [Межгалактик] P ┃ _ЛюбитеКотиков_ [#7] » ого
[19:52:45] [Client thread/INFO] [CHAT] [Спутник] MVP+ ┃ MidnightSolitude [#14] » поч не 0.3
[19:52:50] [Client thread/INFO] [CHAT] [Сингуляр] LS ┃ papo4ka_v_dubae [#2] » не осилил
[19:52:53] [Client thread/INFO] [CHAT] [Пульсар] T ┃ xKeEpeR_ [#18] » 1.39 у меня
[19:52:59] [Client thread/INFO] [CHAT] [Странник] V ┃ AmirYTlogin [#199] » deneg ne xvatilo
[19:53:04] [Client thread/INFO] [CHAT] [Комета] _Azza [#277] » 7.7
[19:53:05] [Client thread/INFO] [CHAT] [Спутник] MVP+ ┃ MidnightSolitude [#14] » ну 1.39 это мног будто
[19:53:05] [Client thread/INFO] [CHAT] [Межгалактик] P ┃ _ЛюбитеКотиков_ [#7] » 3.75 у меня)
[19:53:11] [Client thread/INFO] [CHAT] [Спутник] MVP+ ┃ MidnightSolitude [#14] » НУ 3.75 точно
[19:53:26] [Client thread/INFO] [CHAT] [Странник] V ┃ AmirYTlogin [#199] » 5.1 у меня у кого меньше
[19:53:28] [Client thread/INFO] [CHAT] [Аномал] P ┃ _ЛюбитеКотиков_ [#7] » на все 100%
[19:53:38] [Client thread/INFO] [CHAT] [Астроном] dointorer [#152] »  а где посмотреть
[19:53:51] [Client thread/INFO] [CHAT] [Странник] V ┃ AmirYTlogin [#199] » E профиль
[19:54:34] [Client thread/INFO] [CHAT] [Аномал] P ┃ _ЛюбитеКотиков_ [#7] » .
[19:55:00] [Client thread/INFO] [CHAT]  \ni До начала Астероидной битвы осталось 5м!\n 
[19:55:04] [Client thread/INFO] [STDOUT]: a.a.d.a.c.a.f.a.i@72287068
[19:55:08] [Client thread/INFO] [CHAT] [Звездочет] D ┃ Stas9n [#85] » о ура
[19:55:11] [Client thread/INFO] [CHAT] [Спутник] MVP+ ┃ MidnightSolitude [#14] » о нет придется не пойти
[19:55:12] [Client thread/INFO] [CHAT] [Странник] I ┃ AIDOMETR [#245] » что дают битвы эти
[19:55:16] [Client thread/INFO] [STDOUT]: a.a.d.a.c.a.f.a.i@f549a79
[19:55:24] [Client thread/INFO] [CHAT] [Сингуляр] LS ┃ papo4ka_v_dubae [#2] » Наконец то будет легче
[19:55:28] [Client thread/INFO] [CHAT] [Галактор] P+ ┃ topcnik_v_pvp [#26] » какие улучшения на петов самые лучшие?
[19:55:36] [Client thread/ERROR] Error on handle event #BXBFw in Mod{name='SpaceTycoon', version='1.0.0+bc67650', persistent=false, delegate=a.a.d.a.a, modState=LOADED}
java.lang.AbstractMethodError: Receiver class a.a.d.a.e.g.c does not define or inherit an implementation of the resolved method 'abstract java.lang.Object invoke(java.lang.Object)' of interface kotlin.jvm.functions.Function1.
	at SpaceTycoon-v1.0.0+bc67650//a.a.d.a.e.g.b.a(SourceFile:46)
	at SpaceTycoon-v1.0.0+bc67650//a.a.d.a.e.g.b.injectedLambda$a$3(SourceFile)
	at java.base/java.util.HashMap$Values.forEach(Unknown Source)
	at SpaceTycoon-v1.0.0+bc67650//a.a.d.a.e.g.b.b(SourceFile:46)
	at SpaceTycoon-v1.0.0+bc67650//a.a.d.a.e.g.b.b(SourceFile:34)
	at SpaceTycoon-v1.0.0+bc67650//a.a.d.a.e.g.b.injectedLambda$b$1(SourceFile)
	at SpaceTycoon-v1.0.0+bc67650//a.a.a.m.a.b(SourceFile:58)
	at SpaceTycoon-v1.0.0+bc67650//a.a.a.m.a.injectedLambda$b$0(SourceFile)
	at #RaGIl.saYo(SourceFile:83)
	at #hvoSL.bBM(Unknown Source)
	at #hvoSL.accept(Unknown Source)
	at #ykMcj.slwQ(SourceFile:105)
	at #BrtKi.laL(Unknown Source)
	at #BrtKi.accept(Unknown Source)
	at #SmDYl.shof(SourceFile:59)
	at #vxdAh.blq(SourceFile)
	at #DRZva.smvZ(SourceFile:89)
	at #WblDI.sciG(SourceFile:100)
	at #DDMvh.hcz(SourceFile)
	at #GXpIT.slFh(SourceFile:75)
	at #acUkE.drn(SourceFile:650)
	at #qKRzt.skLS(Unknown Source:2396)
	at #hyWbW.satX(SourceFile:1837)
	at #RofNI.dB(SourceFile:43)
	at #GLnhB.run(SourceFile:32)
	at #GILEo.saUt(Unknown Source:40)
	at #sJuki.sfWB(SourceFile:11)
	at java.base/java.util.concurrent.FutureTask.run(Unknown Source)
	at #bfAok.sjvn(SourceFile:45)
	at #ptzkp.gXZ(SourceFile:52)
	at #gZdVe.sbpI(SourceFile:1466)
	at #UDDPE.sdDd(Unknown Source:1632)
	at #GMfdJ.sask(SourceFile:487)
	at net.minecraft.client.main.GameMain.iwR(SourceFile:220)
	at net.minecraft.client.main.GameMain.jtH(SourceFile:156)
	at #ZpHYL.i(Unknown Source)
	at #ZpHYL.run(Unknown Source)
	at java.base/java.lang.Thread.run(Unknown Source)
[19:55:36] [Client thread/ERROR] Error on handle event #BXBFw in Mod{name='SpaceTycoon', version='1.0.0+bc67650', persistent=false, delegate=a.a.d.a.a, modState=LOADED}
java.lang.AbstractMethodError: Receiver class a.a.d.a.e.g.c does not define or inherit an implementation of the resolved method 'abstract java.lang.Object invoke(java.lang.Object)' of interface kotlin.jvm.functions.Function1.
	at SpaceTycoon-v1.0.0+bc67650//a.a.d.a.e.g.b.a(SourceFile:46)
	at SpaceTycoon-v1.0.0+bc67650//a.a.d.a.e.g.b.injectedLambda$a$3(SourceFile)
	at java.base/java.util.HashMap$Values.forEach(Unknown Source)
	at SpaceTycoon-v1.0.0+bc67650//a.a.d.a.e.g.b.b(SourceFile:46)
	at SpaceTycoon-v1.0.0+bc67650//a.a.d.a.e.g.b.a(SourceFile:21)
	at SpaceTycoon-v1.0.0+bc67650//a.a.d.a.e.g.b.injectedLambda$a$0(SourceFile)
	at SpaceTycoon-v1.0.0+bc67650//a.a.a.m.a.b(SourceFile:58)
	at SpaceTycoon-v1.0.0+bc67650//a.a.a.m.a.injectedLambda$b$0(SourceFile)
	at #RaGIl.saYo(SourceFile:83)
	at #hvoSL.bBM(Unknown Source)
	at #hvoSL.accept(Unknown Source)
	at #ykMcj.slwQ(SourceFile:105)
	at #BrtKi.laL(Unknown Source)
	at #BrtKi.accept(Unknown Source)
	at #SmDYl.shof(SourceFile:59)
	at #vxdAh.blq(SourceFile)
	at #DRZva.smvZ(SourceFile:89)
	at #WblDI.sciG(SourceFile:100)
	at #DDMvh.hcz(SourceFile)
	at #GXpIT.slFh(SourceFile:75)
	at #acUkE.drn(SourceFile:650)
	at #qKRzt.skLS(Unknown Source:2396)
	at #hyWbW.satX(SourceFile:1837)
	at #RofNI.dB(SourceFile:43)
	at #GLnhB.run(SourceFile:32)
	at #GILEo.saUt(Unknown Source:40)
	at #sJuki.sfWB(SourceFile:11)
	at java.base/java.util.concurrent.FutureTask.run(Unknown Source)
	at #bfAok.sjvn(SourceFile:45)
	at #ptzkp.gXZ(SourceFile:52)
	at #gZdVe.sbpI(SourceFile:1466)
	at #UDDPE.sdDd(Unknown Source:1632)
	at #GMfdJ.sask(SourceFile:487)
	at net.minecraft.client.main.GameMain.iwR(SourceFile:220)
	at net.minecraft.client.main.GameMain.jtH(SourceFile:156)
	at #ZpHYL.i(Unknown Source)
	at #ZpHYL.run(Unknown Source)
	at java.base/java.lang.Thread.run(Unknown Source)
[19:55:45] [Client thread/INFO] [CHAT] [Аномал] P ┃ _ЛюбитеКотиков_ [#7] » за 2 минуты 1s норм
[19:55:55] [Client thread/INFO] [CHAT] [Аномал] P ┃ _ЛюбитеКотиков_ [#7] » sp*
[19:56:00] [Client thread/INFO] [CHAT]  \ni До начала Астероидной битвы осталось 4м!\n 
[19:56:01] [Client thread/INFO] [CHAT] [Спутник] MVP+ ┃ MidnightSolitude [#14] » 1s это уважаемо
[19:56:03] [Client thread/INFO] [CHAT] [Пульсар] T ┃ xKeEpeR_ [#18] » поч легче
[19:56:08] [Client thread/INFO] [CHAT] [Пульсар] T ┃ xKeEpeR_ [#18] » а когда х2 руда?
[19:56:09] [Client thread/INFO] [CHAT] [Сингуляр] LS ┃ papo4ka_v_dubae [#2] » +2 копается
[19:56:12] [Client thread/INFO] [CHAT] [Пульсар] T ┃ xKeEpeR_ [#18] » на каком рб
[19:56:13] [Client thread/INFO] [CHAT] [Сингуляр] LS ┃ papo4ka_v_dubae [#2] » с 41 рб
[19:56:17] [Client thread/INFO] [CHAT] [Пульсар] T ┃ xKeEpeR_ [#18] » ...
[19:56:32] [Client thread/INFO] [CHAT] [Аномал] P ┃ _ЛюбитеКотиков_ [#7] » х3 на 51 получается
[19:56:37] [Client thread/INFO] [CHAT] [Сингуляр] LS ┃ papo4ka_v_dubae [#2] » хз
[19:56:43] [Client thread/ERROR] Error on handle event #BXBFw in Mod{name='SpaceTycoon', version='1.0.0+bc67650', persistent=false, delegate=a.a.d.a.a, modState=LOADED}
java.lang.AbstractMethodError: Receiver class a.a.d.a.e.g.c does not define or inherit an implementation of the resolved method 'abstract java.lang.Object invoke(java.lang.Object)' of interface kotlin.jvm.functions.Function1.
	at SpaceTycoon-v1.0.0+bc67650//a.a.d.a.e.g.b.a(SourceFile:46)
	at SpaceTycoon-v1.0.0+bc67650//a.a.d.a.e.g.b.injectedLambda$a$3(SourceFile)
	at java.base/java.util.HashMap$Values.forEach(Unknown Source)
	at SpaceTycoon-v1.0.0+bc67650//a.a.d.a.e.g.b.b(SourceFile:46)
	at SpaceTycoon-v1.0.0+bc67650//a.a.d.a.e.g.b.b(SourceFile:34)
	at SpaceTycoon-v1.0.0+bc67650//a.a.d.a.e.g.b.injectedLambda$b$1(SourceFile)
	at SpaceTycoon-v1.0.0+bc67650//a.a.a.m.a.b(SourceFile:58)
	at SpaceTycoon-v1.0.0+bc67650//a.a.a.m.a.injectedLambda$b$0(SourceFile)
	at #RaGIl.saYo(SourceFile:83)
	at #hvoSL.bBM(Unknown Source)
	at #hvoSL.accept(Unknown Source)
	at #ykMcj.slwQ(SourceFile:105)
	at #BrtKi.laL(Unknown Source)
	at #BrtKi.accept(Unknown Source)
	at #SmDYl.shof(SourceFile:59)
	at #vxdAh.blq(SourceFile)
	at #DRZva.smvZ(SourceFile:89)
	at #WblDI.sciG(SourceFile:100)
	at #DDMvh.hcz(SourceFile)
	at #GXpIT.slFh(SourceFile:75)
	at #acUkE.drn(SourceFile:650)
	at #qKRzt.skLS(Unknown Source:2396)
	at #hyWbW.satX(SourceFile:1837)
	at #RofNI.dB(SourceFile:43)
	at #GLnhB.run(SourceFile:32)
	at #GILEo.saUt(Unknown Source:40)
	at #sJuki.sfWB(SourceFile:11)
	at java.base/java.util.concurrent.FutureTask.run(Unknown Source)
	at #bfAok.sjvn(SourceFile:45)
	at #ptzkp.gXZ(SourceFile:52)
	at #gZdVe.sbpI(SourceFile:1466)
	at #UDDPE.sdDd(Unknown Source:1632)
	at #GMfdJ.sask(SourceFile:487)
	at net.minecraft.client.main.GameMain.iwR(SourceFile:220)
	at net.minecraft.client.main.GameMain.jtH(SourceFile:156)
	at #ZpHYL.i(Unknown Source)
	at #ZpHYL.run(Unknown Source)
	at java.base/java.lang.Thread.run(Unknown Source)
[19:56:43] [Client thread/ERROR] Error on handle event #BXBFw in Mod{name='SpaceTycoon', version='1.0.0+bc67650', persistent=false, delegate=a.a.d.a.a, modState=LOADED}
java.lang.AbstractMethodError: Receiver class a.a.d.a.e.g.c does not define or inherit an implementation of the resolved method 'abstract java.lang.Object invoke(java.lang.Object)' of interface kotlin.jvm.functions.Function1.
	at SpaceTycoon-v1.0.0+bc67650//a.a.d.a.e.g.b.a(SourceFile:46)
	at SpaceTycoon-v1.0.0+bc67650//a.a.d.a.e.g.b.injectedLambda$a$3(SourceFile)
	at java.base/java.util.HashMap$Values.forEach(Unknown Source)
	at SpaceTycoon-v1.0.0+bc67650//a.a.d.a.e.g.b.b(SourceFile:46)
	at SpaceTycoon-v1.0.0+bc67650//a.a.d.a.e.g.b.a(SourceFile:21)
	at SpaceTycoon-v1.0.0+bc67650//a.a.d.a.e.g.b.injectedLambda$a$0(SourceFile)
	at SpaceTycoon-v1.0.0+bc67650//a.a.a.m.a.b(SourceFile:58)
	at SpaceTycoon-v1.0.0+bc67650//a.a.a.m.a.injectedLambda$b$0(SourceFile)
	at #RaGIl.saYo(SourceFile:83)
	at #hvoSL.bBM(Unknown Source)
	at #hvoSL.accept(Unknown Source)
	at #ykMcj.slwQ(SourceFile:105)
	at #BrtKi.laL(Unknown Source)
	at #BrtKi.accept(Unknown Source)
	at #SmDYl.shof(SourceFile:59)
	at #vxdAh.blq(SourceFile)
	at #DRZva.smvZ(SourceFile:89)
	at #WblDI.sciG(SourceFile:100)
	at #DDMvh.hcz(SourceFile)
	at #GXpIT.slFh(SourceFile:75)
	at #acUkE.drn(SourceFile:650)
	at #qKRzt.skLS(Unknown Source:2396)
	at #hyWbW.satX(SourceFile:1837)
	at #RofNI.dB(SourceFile:43)
	at #GLnhB.run(SourceFile:32)
	at #GILEo.saUt(Unknown Source:40)
	at #sJuki.sfWB(SourceFile:11)
	at java.base/java.util.concurrent.FutureTask.run(Unknown Source)
	at #bfAok.sjvn(SourceFile:45)
	at #ptzkp.gXZ(SourceFile:52)
	at #gZdVe.sbpI(SourceFile:1466)
	at #UDDPE.sdDd(Unknown Source:1632)
	at #GMfdJ.sask(SourceFile:487)
	at net.minecraft.client.main.GameMain.iwR(SourceFile:220)
	at net.minecraft.client.main.GameMain.jtH(SourceFile:156)
	at #ZpHYL.i(Unknown Source)
	at #ZpHYL.run(Unknown Source)
	at java.base/java.lang.Thread.run(Unknown Source)
[19:56:45] [Client thread/ERROR] Error on handle event #BXBFw in Mod{name='SpaceTycoon', version='1.0.0+bc67650', persistent=false, delegate=a.a.d.a.a, modState=LOADED}
java.lang.IndexOutOfBoundsException: index: 70, length: 1 (expected: range(0, 70))
	at io.netty.buffer.AbstractByteBuf.checkRangeBounds(AbstractByteBuf.java:1390)
	at io.netty.buffer.AbstractByteBuf.checkIndex0(AbstractByteBuf.java:1397)
	at io.netty.buffer.AbstractUnpooledSlicedByteBuf.getBytes(AbstractUnpooledSlicedByteBuf.java:242)
	at io.netty.buffer.ReadOnlyByteBuf.getBytes(ReadOnlyByteBuf.java:270)
	at io.netty.buffer.ByteBufUtil.decodeString(ByteBufUtil.java:1151)
	at io.netty.buffer.AbstractByteBuf.toString(AbstractByteBuf.java:1246)
	at dev.xdark.feder.NetUtil.readString0(NetUtil.java:833)
	at dev.xdark.feder.NetUtil.readUtf8(NetUtil.java:188)
	at SpaceTycoon-v1.0.0+bc67650//a.a.a.m.a.f(SourceFile:176)
	at SpaceTycoon-v1.0.0+bc67650//a.a.d.a.e.h.b.d(SourceFile:60)
	at SpaceTycoon-v1.0.0+bc67650//a.a.d.a.e.h.b.injectedLambda$d$3(SourceFile)
	at SpaceTycoon-v1.0.0+bc67650//a.a.a.m.a.b(SourceFile:58)
	at SpaceTycoon-v1.0.0+bc67650//a.a.a.m.a.injectedLambda$b$0(SourceFile)
	at #RaGIl.saYo(SourceFile:83)
	at #hvoSL.bBM(Unknown Source)
	at #hvoSL.accept(Unknown Source)
	at #ykMcj.slwQ(SourceFile:105)
	at #BrtKi.laL(Unknown Source)
	at #BrtKi.accept(Unknown Source)
	at #SmDYl.shof(SourceFile:59)
	at #vxdAh.blq(SourceFile)
	at #DRZva.smvZ(SourceFile:89)
	at #WblDI.sciG(SourceFile:100)
	at #DDMvh.hcz(SourceFile)
	at #GXpIT.slFh(SourceFile:75)
	at #acUkE.drn(SourceFile:650)
	at #qKRzt.skLS(Unknown Source:2396)
	at #hyWbW.satX(SourceFile:1837)
	at #RofNI.dB(SourceFile:43)
	at #GLnhB.run(SourceFile:32)
	at #GILEo.saUt(Unknown Source:40)
	at #sJuki.sfWB(SourceFile:11)
	at java.base/java.util.concurrent.FutureTask.run(Unknown Source)
	at #bfAok.sjvn(SourceFile:45)
	at #ptzkp.gXZ(SourceFile:52)
	at #gZdVe.sbpI(SourceFile:1466)
	at #UDDPE.sdDd(Unknown Source:1632)
	at #GMfdJ.sask(SourceFile:487)
	at net.minecraft.client.main.GameMain.iwR(SourceFile:220)
	at net.minecraft.client.main.GameMain.jtH(SourceFile:156)
	at #ZpHYL.i(Unknown Source)
	at #ZpHYL.run(Unknown Source)
	at java.base/java.lang.Thread.run(Unknown Source)
[19:56:48] [Client thread/INFO] [CHAT] [Сингуляр] LS ┃ papo4ka_v_dubae [#2] » ну рб тяжелее стали
[19:56:48] [Client thread/INFO] [CHAT] [Аномал] P ┃ _ЛюбитеКотиков_ [#7] » 51-61
[19:56:55] [Client thread/INFO] [CHAT] [Пульсар] T ┃ xKeEpeR_ [#18] » да ваще
[19:56:55] [Client thread/INFO] [CHAT] [Галактор] P+ ┃ topcnik_v_pvp [#26] » какие улучшения на петов самые лучшие?
[19:56:56] [Client thread/INFO] [CHAT] [Туманник] HE ┃ Azazelskiy [#84] »  а как участвовать в битве?
[19:57:00] [Client thread/INFO] [CHAT]  \ni До начала Астероидной битвы осталось 3м!\n 
[19:57:05] [Client thread/INFO] [STDOUT]: a.a.d.a.c.a.f.a.i@30df8cdc
[19:57:09] [Client thread/INFO] [CHAT] [Сверхновая] P ┃ I_LOVE_CATS [#46] » деньги и очистные
[19:57:12] [Client thread/INFO] [CHAT] [Туманник] HE ┃ Azazelskiy [#84] »  а как участвовать в битве?
[19:57:13] [Client thread/INFO] [CHAT] [Аномал] P ┃ _ЛюбитеКотиков_ [#7] » да это потому что вы продажу качаете
[19:57:15] [Client thread/INFO] [CHAT] [Гравитатор] P ┃ Saha237YT [#106] » построй корабль и подойди к нпс
[19:57:16] [Client thread/ERROR] Error on handle event #BXBFw in Mod{name='SpaceTycoon', version='1.0.0+bc67650', persistent=false, delegate=a.a.d.a.a, modState=LOADED}
java.lang.IndexOutOfBoundsException: index: 70, length: 1 (expected: range(0, 70))
	at io.netty.buffer.AbstractByteBuf.checkRangeBounds(AbstractByteBuf.java:1390)
	at io.netty.buffer.AbstractByteBuf.checkIndex0(AbstractByteBuf.java:1397)
	at io.netty.buffer.AbstractUnpooledSlicedByteBuf.getBytes(AbstractUnpooledSlicedByteBuf.java:242)
	at io.netty.buffer.ReadOnlyByteBuf.getBytes(ReadOnlyByteBuf.java:270)
	at io.netty.buffer.ByteBufUtil.decodeString(ByteBufUtil.java:1151)
	at io.netty.buffer.AbstractByteBuf.toString(AbstractByteBuf.java:1246)
	at dev.xdark.feder.NetUtil.readString0(NetUtil.java:833)
	at dev.xdark.feder.NetUtil.readUtf8(NetUtil.java:188)
	at SpaceTycoon-v1.0.0+bc67650//a.a.a.m.a.f(SourceFile:176)
	at SpaceTycoon-v1.0.0+bc67650//a.a.d.a.e.h.b.d(SourceFile:60)
	at SpaceTycoon-v1.0.0+bc67650//a.a.d.a.e.h.b.injectedLambda$d$3(SourceFile)
	at SpaceTycoon-v1.0.0+bc67650//a.a.a.m.a.b(SourceFile:58)
	at SpaceTycoon-v1.0.0+bc67650//a.a.a.m.a.injectedLambda$b$0(SourceFile)
	at #RaGIl.saYo(SourceFile:83)
	at #hvoSL.bBM(Unknown Source)
	at #hvoSL.accept(Unknown Source)
	at #ykMcj.slwQ(SourceFile:105)
	at #BrtKi.laL(Unknown Source)
	at #BrtKi.accept(Unknown Source)
	at #SmDYl.shof(SourceFile:59)
	at #vxdAh.blq(SourceFile)
	at #DRZva.smvZ(SourceFile:89)
	at #WblDI.sciG(SourceFile:100)
	at #DDMvh.hcz(SourceFile)
	at #GXpIT.slFh(SourceFile:75)
	at #acUkE.drn(SourceFile:650)
	at #qKRzt.skLS(Unknown Source:2396)
	at #hyWbW.satX(SourceFile:1837)
	at #RofNI.dB(SourceFile:43)
	at #GLnhB.run(SourceFile:32)
	at #GILEo.saUt(Unknown Source:40)
	at #sJuki.sfWB(SourceFile:11)
	at java.base/java.util.concurrent.FutureTask.run(Unknown Source)
	at #bfAok.sjvn(SourceFile:45)
	at #ptzkp.gXZ(SourceFile:52)
	at #gZdVe.sbpI(SourceFile:1466)
	at #UDDPE.sdDd(Unknown Source:1632)
	at #GMfdJ.sask(SourceFile:487)
	at net.minecraft.client.main.GameMain.iwR(SourceFile:220)
	at net.minecraft.client.main.GameMain.jtH(SourceFile:156)
	at #ZpHYL.i(Unknown Source)
	at #ZpHYL.run(Unknown Source)
	at java.base/java.lang.Thread.run(Unknown Source)
[19:57:18] [Client thread/INFO] [CHAT] [Сингуляр] LS ┃ papo4ka_v_dubae [#2] » Битва происходит в четные часы по мск с **:00 до **:30 Чтобы зарегестрироваться надо подойти к дзиха
[19:57:18] [Client thread/INFO] [CHAT] [Светило] LS ┃ Hiccups [#4] » Эх -ракета
[19:57:23] [Client thread/INFO] [CHAT] [Сингуляр] LS ┃ papo4ka_v_dubae [#2] » анлак хикк
[19:57:23] [Client thread/INFO] [STDOUT]: a.a.d.a.c.a.f.a.i@5835de45
[19:57:26] [Client thread/INFO] [CHAT] [Странник] V ┃ AmirYTlogin [#196] » построй корабль и найди сокровище
[19:57:27] [Client thread/INFO] [CHAT] [Астроном] baga03 [#146] » папочка, ты реально в дубае?
[19:57:47] [Client thread/INFO] [CHAT] [Сверхновая] P ┃ I_LOVE_CATS [#46] » нет он в спарте
[19:58:00] [Client thread/INFO] [CHAT]  \ni До начала Астероидной битвы осталось 2м!\n 
[19:58:09] [Client thread/INFO] [CHAT] [Туманник] HE ┃ Azazelskiy [#84] » Я подошел но тут нет кнопки регистрация
[19:58:17] [Client thread/INFO] [CHAT] [Гравитатор] P ┃ Saha237YT [#106] » жди
[19:58:18] [Client thread/INFO] [CHAT] [Странник] V ┃ AmirYTlogin [#196] » щас появиться
[19:58:18] [Client thread/INFO] [CHAT] [Спутник] MVP+ ┃ MidnightSolitude [#14] » потому что не началась битва
[19:59:00] [Client thread/INFO] [CHAT]  \ni До начала Астероидной битвы осталось 1м!\n 
[19:59:16] [Client thread/INFO] [CHAT] [Сингуляр] LS ┃ papo4ka_v_dubae [#2] » долго
[20:00:00] [Client thread/INFO] [CHAT]  \ni Астероидная битва началась! Успейте зарегистрироваться в очередь!\n 
[20:00:07] [Client thread/ERROR] Error on handle event #BXBFw in Mod{name='SpaceTycoon', version='1.0.0+bc67650', persistent=false, delegate=a.a.d.a.a, modState=LOADED}
java.lang.AbstractMethodError: Receiver class a.a.d.a.e.g.c does not define or inherit an implementation of the resolved method 'abstract java.lang.Object invoke(java.lang.Object)' of interface kotlin.jvm.functions.Function1.
	at SpaceTycoon-v1.0.0+bc67650//a.a.d.a.e.g.b.a(SourceFile:46)
	at SpaceTycoon-v1.0.0+bc67650//a.a.d.a.e.g.b.injectedLambda$a$3(SourceFile)
	at java.base/java.util.HashMap$Values.forEach(Unknown Source)
	at SpaceTycoon-v1.0.0+bc67650//a.a.d.a.e.g.b.b(SourceFile:46)
	at SpaceTycoon-v1.0.0+bc67650//a.a.d.a.e.g.b.b(SourceFile:34)
	at SpaceTycoon-v1.0.0+bc67650//a.a.d.a.e.g.b.injectedLambda$b$1(SourceFile)
	at SpaceTycoon-v1.0.0+bc67650//a.a.a.m.a.b(SourceFile:58)
	at SpaceTycoon-v1.0.0+bc67650//a.a.a.m.a.injectedLambda$b$0(SourceFile)
	at #RaGIl.saYo(SourceFile:83)
	at #hvoSL.bBM(Unknown Source)
	at #hvoSL.accept(Unknown Source)
	at #ykMcj.slwQ(SourceFile:105)
	at #BrtKi.laL(Unknown Source)
	at #BrtKi.accept(Unknown Source)
	at #SmDYl.shof(SourceFile:59)
	at #vxdAh.blq(SourceFile)
	at #DRZva.smvZ(SourceFile:89)
	at #WblDI.sciG(SourceFile:100)
	at #DDMvh.hcz(SourceFile)
	at #GXpIT.slFh(SourceFile:75)
	at #acUkE.drn(SourceFile:650)
	at #qKRzt.skLS(Unknown Source:2396)
	at #hyWbW.satX(SourceFile:1837)
	at #RofNI.dB(SourceFile:43)
	at #GLnhB.run(SourceFile:32)
	at #GILEo.saUt(Unknown Source:40)
	at #sJuki.sfWB(SourceFile:11)
	at java.base/java.util.concurrent.FutureTask.run(Unknown Source)
	at #bfAok.sjvn(SourceFile:45)
	at #ptzkp.gXZ(SourceFile:52)
	at #gZdVe.sbpI(SourceFile:1466)
	at #UDDPE.sdDd(Unknown Source:1632)
	at #GMfdJ.sask(SourceFile:487)
	at net.minecraft.client.main.GameMain.iwR(SourceFile:220)
	at net.minecraft.client.main.GameMain.jtH(SourceFile:156)
	at #ZpHYL.i(Unknown Source)
	at #ZpHYL.run(Unknown Source)
	at java.base/java.lang.Thread.run(Unknown Source)
[20:00:07] [Client thread/ERROR] Error on handle event #BXBFw in Mod{name='SpaceTycoon', version='1.0.0+bc67650', persistent=false, delegate=a.a.d.a.a, modState=LOADED}
java.lang.AbstractMethodError: Receiver class a.a.d.a.e.g.c does not define or inherit an implementation of the resolved method 'abstract java.lang.Object invoke(java.lang.Object)' of interface kotlin.jvm.functions.Function1.
	at SpaceTycoon-v1.0.0+bc67650//a.a.d.a.e.g.b.a(SourceFile:46)
	at SpaceTycoon-v1.0.0+bc67650//a.a.d.a.e.g.b.injectedLambda$a$3(SourceFile)
	at java.base/java.util.HashMap$Values.forEach(Unknown Source)
	at SpaceTycoon-v1.0.0+bc67650//a.a.d.a.e.g.b.b(SourceFile:46)
	at SpaceTycoon-v1.0.0+bc67650//a.a.d.a.e.g.b.a(SourceFile:21)
	at SpaceTycoon-v1.0.0+bc67650//a.a.d.a.e.g.b.injectedLambda$a$0(SourceFile)
	at SpaceTycoon-v1.0.0+bc67650//a.a.a.m.a.b(SourceFile:58)
	at SpaceTycoon-v1.0.0+bc67650//a.a.a.m.a.injectedLambda$b$0(SourceFile)
	at #RaGIl.saYo(SourceFile:83)
	at #hvoSL.bBM(Unknown Source)
	at #hvoSL.accept(Unknown Source)
	at #ykMcj.slwQ(SourceFile:105)
	at #BrtKi.laL(Unknown Source)
	at #BrtKi.accept(Unknown Source)
	at #SmDYl.shof(SourceFile:59)
	at #vxdAh.blq(SourceFile)
	at #DRZva.smvZ(SourceFile:89)
	at #WblDI.sciG(SourceFile:100)
	at #DDMvh.hcz(SourceFile)
	at #GXpIT.slFh(SourceFile:75)
	at #acUkE.drn(SourceFile:650)
	at #qKRzt.skLS(Unknown Source:2396)
	at #hyWbW.satX(SourceFile:1837)
	at #RofNI.dB(SourceFile:43)
	at #GLnhB.run(SourceFile:32)
	at #GILEo.saUt(Unknown Source:40)
	at #sJuki.sfWB(SourceFile:11)
	at java.base/java.util.concurrent.FutureTask.run(Unknown Source)
	at #bfAok.sjvn(SourceFile:45)
	at #ptzkp.gXZ(SourceFile:52)
	at #gZdVe.sbpI(SourceFile:1466)
	at #UDDPE.sdDd(Unknown Source:1632)
	at #GMfdJ.sask(SourceFile:487)
	at net.minecraft.client.main.GameMain.iwR(SourceFile:220)
	at net.minecraft.client.main.GameMain.jtH(SourceFile:156)
	at #ZpHYL.i(Unknown Source)
	at #ZpHYL.run(Unknown Source)
	at java.base/java.lang.Thread.run(Unknown Source)
[20:00:15] [Network thread/INFO] Protocol upgrade mask: 157
[20:00:15] [Network thread/INFO] Upgrading protocol
[20:00:15] [Client thread/INFO] Invalidating server data
[20:00:15] [Client thread/INFO] Unloading mod Nebula/4a748fda-93fa-d443-6f47-fd2010d4f2db
[20:00:15] [Client thread/INFO] Unloading mod SpaceTycoon/e678290e-4bad-5906-1ba4-b9890de547f7
[20:00:15] [Client thread/INFO] [STDOUT]: [Enginex v5.16.3 - Wada] [Wada/debug] reload requested: ServerSwitch
[20:00:15] [Client thread/INFO] [STDOUT]: [Enginex v5.16.3 - Wada] [Wada/debug] cleanAndReload begin: sessionId=11, awaitingHandshake=true
[20:00:15] [Client thread/INFO] [STDOUT]: [Enginex v5.16.3 - Wada] VAO support: true
[20:00:15] [Client thread/INFO] [STDOUT]: [Enginex v5.16.3 - Wada] Initialization with mod Wada
[20:00:15] [Client thread/INFO] [STDOUT]: [Enginex v5.16.3 - Wada] Successfully initialized
[20:00:15] [Client thread/INFO] [STDOUT]: [Enginex v5.16.3 - Wada] [Wada/debug] handshake complete (w4:load), awaitingHandshake=false, sessionId=11
[20:00:16] [Client thread/INFO] Joining server SpaceTycoon (Игры)
[20:00:16] [Client thread/INFO] Start loading of mod SpaceTycoonGames
[20:00:16] [Client thread/INFO] Loading classes of SpaceTycoonGames
[20:00:16] [ForkJoinPool.commonPool-worker-3/INFO] SpaceTycoonGames-v1.0.0: class verification completed in 5ms
[20:00:16] [ForkJoinPool.commonPool-worker-3/INFO] SpaceTycoonGames-v1.0.0: defineClasses completed in 0ms
[20:00:16] [ForkJoinPool.commonPool-worker-3/INFO] Loaded classes in mod SpaceTycoonGames in 8 ms
[20:00:16] [Client thread/INFO] Loading mod SpaceTycoonGames v1.0.0 by Tensess
[20:00:16] [Client thread/INFO] [STDOUT]: [Enginex v5.12.1 - SpaceTycoonGames] VAO support: true
[20:00:16] [Client thread/INFO] [STDOUT]: [Enginex v5.12.1 - SpaceTycoonGames] Initialization with mod SpaceTycoonGames
[20:00:16] [Client thread/INFO] [STDOUT]: [Enginex v5.12.1 - SpaceTycoonGames] Successfully initialized
[20:00:16] [Client thread/INFO] Loaded mod SpaceTycoonGames v1.0.0 in 253 ms
[20:00:23] [Client thread/INFO] [CHAT] allcashhh » че тут делатьє
[20:00:27] [Client thread/INFO] [CHAT] E ┃ ThxMe » плыгать копать
[20:02:31] [Client thread/INFO] [CHAT] \nMEDIA ┃ LauraKillYOU  проводит ивент: AntWars!\nТип игры: Двойной\nНажми, чтобы переместиться!\n 
[20:04:52] [Client thread/INFO] [CHAT] I ┃ XuTruE_xd » да ты долбаеб
[20:04:57] [Client thread/INFO] [CHAT] I ┃ XuTruE_xd » че те надо
[20:07:36] [Client thread/INFO] [CHAT] E ┃ ThxMe » Че у вас 1 битва это?
[20:09:04] [Client thread/INFO] [CHAT] E ┃ ThxMe » балбесы
[20:09:08] [Client thread/INFO] [CHAT] E ┃ ThxMe » время теряют
[20:09:09] [Client thread/INFO] [CHAT] I ┃ XuTruE_xd » в очко себе постреляй
[20:09:45] [Network thread/INFO] Protocol upgrade mask: 157
[20:09:45] [Network thread/INFO] Upgrading protocol
[20:09:45] [Client thread/INFO] Invalidating server data
[20:09:45] [Client thread/INFO] Unloading mod SpaceTycoonGames/76e4e031-ab2d-3645-206c-934dd38c7a63
[20:09:45] [Client thread/INFO] [STDOUT]: [Enginex v5.16.3 - Wada] [Wada/debug] reload requested: ServerSwitch
[20:09:45] [Client thread/INFO] Start loading of mod LobbyMod
[20:09:45] [Client thread/INFO] Loading classes of LobbyMod
[20:09:45] [Client thread/INFO] [STDOUT]: [Enginex v5.16.3 - Wada] [Wada/debug] cleanAndReload begin: sessionId=12, awaitingHandshake=true
[20:09:45] [ForkJoinPool.commonPool-worker-6/INFO] LobbyMod-v1.0.0+4ce128a: class verification completed in 0ms
[20:09:45] [ForkJoinPool.commonPool-worker-6/INFO] LobbyMod-v1.0.0+4ce128a: defineClasses completed in 0ms
[20:09:45] [ForkJoinPool.commonPool-worker-6/INFO] Loaded classes in mod LobbyMod in 1 ms
[20:09:45] [Client thread/INFO] [STDOUT]: [Enginex v5.16.3 - Wada] VAO support: true
[20:09:45] [Client thread/INFO] [STDOUT]: [Enginex v5.16.3 - Wada] Initialization with mod Wada
[20:09:45] [Client thread/INFO] [STDOUT]: [Enginex v5.16.3 - Wada] Successfully initialized
[20:09:45] [Client thread/INFO] Loading mod LobbyMod v1.0.0+4ce128a by Cristalix
[20:09:45] [Client thread/INFO] Loaded mod LobbyMod v1.0.0+4ce128a in 12 ms
[20:09:45] [Client thread/INFO] Joining server SpaceTycoon Lobby
[20:09:45] [Client thread/INFO] [STDOUT]: [Enginex v5.16.3 - Wada] [Wada/debug] handshake complete (w4:load), awaitingHandshake=false, sessionId=12
[20:09:45] [Network thread/INFO] Protocol upgrade mask: 157
[20:09:45] [Network thread/INFO] Upgrading protocol
[20:09:45] [Client thread/INFO] Invalidating server data
[20:09:45] [Client thread/INFO] Unloading mod LobbyMod/961b26e4-6c57-bcfb-f8d0-94ecc7e17873
[20:09:45] [Client thread/INFO] [STDOUT]: [Enginex v5.16.3 - Wada] [Wada/debug] reload requested: ServerSwitch
[20:09:45] [Client thread/INFO] [STDOUT]: [Enginex v5.16.3 - Wada] [Wada/debug] cleanAndReload begin: sessionId=13, awaitingHandshake=true
[20:09:45] [Client thread/INFO] [STDOUT]: [Enginex v5.16.3 - Wada] VAO support: true
[20:09:45] [Client thread/INFO] [STDOUT]: [Enginex v5.16.3 - Wada] Initialization with mod Wada
[20:09:45] [Client thread/INFO] [STDOUT]: [Enginex v5.16.3 - Wada] Successfully initialized
[20:09:45] [Client thread/INFO] [STDOUT]: [Enginex v5.16.3 - Wada] [Wada/debug] handshake complete (w4:load), awaitingHandshake=false, sessionId=13
[20:09:45] [Client thread/INFO] [STDOUT]: [Enginex v5.16.3 - Wada] [Wada/debug] handshake complete (w2:load), awaitingHandshake=false, sessionId=13
[20:09:46] [Client thread/INFO] Start loading of mod Nebula
[20:09:46] [Client thread/INFO] Loading classes of Nebula
[20:09:46] [ForkJoinPool.commonPool-worker-4/INFO] Nebula-v1.0.0: class verification completed in 7ms
[20:09:46] [ForkJoinPool.commonPool-worker-4/INFO] Nebula-v1.0.0: defineClasses completed in 0ms
[20:09:46] [ForkJoinPool.commonPool-worker-4/INFO] Loaded classes in mod Nebula in 9 ms
[20:09:46] [Client thread/INFO] Loading mod Nebula v1.0.0 by Tensess
[20:09:46] [Client thread/INFO] [STDOUT]: [Enginex v5.13.1 - Nebula] VAO support: true
[20:09:46] [Client thread/INFO] [STDOUT]: [Enginex v5.13.1 - Nebula] Initialization with mod Nebula
[20:09:46] [Client thread/INFO] [STDOUT]: [Enginex v5.13.1 - Nebula] Successfully initialized
[20:09:46] [Client thread/INFO] Loaded mod Nebula v1.0.0 in 216 ms
[20:09:46] [Client thread/INFO] [CHAT] 
[20:09:46] [Client thread/INFO] [CHAT]  SpaceTycoon :re
[20:09:46] [Client thread/INFO] [CHAT] Твой бур создан, чтобы пронзить им небеса!
[20:09:46] [Client thread/INFO] [CHAT]   
[20:09:46] [Client thread/INFO] [CHAT]  Новости и космические приключения!\n t.me/spacetycoon_cristalix\n  
[20:09:47] [Client thread/INFO] Joining server SpaceTycoon #1
[20:09:47] [voice-openal-speaker/ERROR] Voicechat sound manager ALC error: #JFuFV.smmQ[68] Invalid device
[20:09:47] [vc-microphone/INFO] Use OpenAL Soft on Микрофон (MCHOSE V9 PRO) as microphone
[20:09:47] [vc-microphone/INFO] Microphone closed
[20:09:48] [Client thread/INFO] Start loading of mod SpaceTycoon
[20:09:48] [Client thread/INFO] Loading classes of SpaceTycoon
[20:09:48] [Client thread/INFO] Found file C:\Users\tveiv\.cristalix\updates\Minigames\server-resource-packs\abaeec9de03b9ca0ef11734796cdfd0e1b99b1d3 matching requested hash e82c84993c8292e952bdff2dd9f03d35ada0c86b
[20:09:48] [ForkJoinPool.commonPool-worker-2/INFO] SpaceTycoon-v1.0.0+bc67650: class verification completed in 17ms
[20:09:48] [ForkJoinPool.commonPool-worker-2/INFO] SpaceTycoon-v1.0.0+bc67650: defineClasses completed in 0ms
[20:09:48] [ForkJoinPool.commonPool-worker-2/INFO] Loaded classes in mod SpaceTycoon in 18 ms
[20:09:48] [Client thread/INFO] Loading mod SpaceTycoon v1.0.0+bc67650 by Tensess
[20:09:48] [Client thread/INFO] [STDOUT]: [Enginex v5.13.10 - SpaceTycoon] VAO support: true
[20:09:48] [Client thread/INFO] [STDOUT]: [Enginex v5.13.10 - SpaceTycoon] Initialization with mod SpaceTycoon
[20:09:48] [Client thread/INFO] [STDOUT]: [Enginex v5.13.10 - SpaceTycoon] Successfully initialized
[20:09:48] [Client thread/INFO] Loaded mod SpaceTycoon v1.0.0+bc67650 in 282 ms
[20:10:03] [Client thread/INFO] [STDOUT]: a.a.d.a.c.a.f.a.i@76e86bf5
[20:11:47] [Client thread/INFO] [STDOUT]: a.a.d.a.c.a.f.a.i@795947c4
[20:11:49] [Client thread/INFO] [STDOUT]: a.a.d.a.c.a.f.a.i@1b72ec55
[20:12:00] [Client thread/INFO] [CHAT] [Странник] _Azza [#274] » керило
[20:12:32] [Client thread/INFO] [CHAT] [Галактор] P+ ┃ topcnik_v_pvp [#26] » чет/нечет?
[20:12:40] [Client thread/INFO] [CHAT] [Гравитатор] Kvester_ [#103] » красное
[20:12:58] [Client thread/INFO] [CHAT] [Галактор] P+ ┃ topcnik_v_pvp [#26] » ща посмотрим
[20:12:58] [Client thread/INFO] [STDOUT]: a.a.d.a.c.a.f.a.i@295348c6
[20:13:19] [Client thread/ERROR] Error on handle event #BXBFw in Mod{name='SpaceTycoon', version='1.0.0+bc67650', persistent=false, delegate=a.a.d.a.a, modState=LOADED}
java.lang.IndexOutOfBoundsException: index: 70, length: 1 (expected: range(0, 70))
	at io.netty.buffer.AbstractByteBuf.checkRangeBounds(AbstractByteBuf.java:1390)
	at io.netty.buffer.AbstractByteBuf.checkIndex0(AbstractByteBuf.java:1397)
	at io.netty.buffer.AbstractUnpooledSlicedByteBuf.getBytes(AbstractUnpooledSlicedByteBuf.java:242)
	at io.netty.buffer.ReadOnlyByteBuf.getBytes(ReadOnlyByteBuf.java:270)
	at io.netty.buffer.ByteBufUtil.decodeString(ByteBufUtil.java:1151)
	at io.netty.buffer.AbstractByteBuf.toString(AbstractByteBuf.java:1246)
	at dev.xdark.feder.NetUtil.readString0(NetUtil.java:833)
	at dev.xdark.feder.NetUtil.readUtf8(NetUtil.java:188)
	at SpaceTycoon-v1.0.0+bc67650//a.a.a.m.a.f(SourceFile:176)
	at SpaceTycoon-v1.0.0+bc67650//a.a.d.a.e.h.b.d(SourceFile:60)
	at SpaceTycoon-v1.0.0+bc67650//a.a.d.a.e.h.b.injectedLambda$d$3(SourceFile)
	at SpaceTycoon-v1.0.0+bc67650//a.a.a.m.a.b(SourceFile:58)
	at SpaceTycoon-v1.0.0+bc67650//a.a.a.m.a.injectedLambda$b$0(SourceFile)
	at #RaGIl.saYo(SourceFile:83)
	at #hvoSL.bBM(Unknown Source)
	at #hvoSL.accept(Unknown Source)
	at #ykMcj.slwQ(SourceFile:105)
	at #BrtKi.laL(Unknown Source)
	at #BrtKi.accept(Unknown Source)
	at #SmDYl.shof(SourceFile:59)
	at #vxdAh.blq(SourceFile)
	at #DRZva.smvZ(SourceFile:89)
	at #WblDI.sciG(SourceFile:100)
	at #DDMvh.hcz(SourceFile)
	at #GXpIT.slFh(SourceFile:75)
	at #acUkE.drn(SourceFile:650)
	at #qKRzt.skLS(Unknown Source:2396)
	at #hyWbW.satX(SourceFile:1837)
	at #RofNI.dB(SourceFile:43)
	at #GLnhB.run(SourceFile:32)
	at #GILEo.saUt(Unknown Source:40)
	at #sJuki.sfWB(SourceFile:11)
	at java.base/java.util.concurrent.FutureTask.run(Unknown Source)
	at #bfAok.sjvn(SourceFile:45)
	at #ptzkp.gXZ(SourceFile:52)
	at #gZdVe.sbpI(SourceFile:1466)
	at #UDDPE.sdDd(Unknown Source:1632)
	at #GMfdJ.sask(SourceFile:487)
	at net.minecraft.client.main.GameMain.iwR(SourceFile:220)
	at net.minecraft.client.main.GameMain.jtH(SourceFile:156)
	at #ZpHYL.i(Unknown Source)
	at #ZpHYL.run(Unknown Source)
	at java.base/java.lang.Thread.run(Unknown Source)
[20:13:27] [Client thread/INFO] [CHAT] [Галактор] P+ ┃ topcnik_v_pvp [#26] » красавчик
[20:13:30] [Client thread/INFO] [CHAT] [Галактор] P+ ┃ topcnik_v_pvp [#26] » правильно
[20:13:34] [Client thread/INFO] [CHAT] [Экзопланет] xmizz [#38] » а
[20:14:29] [Client thread/INFO] [STDOUT]: a.a.d.a.c.a.f.a.i@69f7afed
[20:14:45] [Client thread/INFO] [STDOUT]: a.a.d.a.c.a.f.a.i@2a68bcba
[20:14:51] [Client thread/ERROR] Error on handle event #BXBFw in Mod{name='SpaceTycoon', version='1.0.0+bc67650', persistent=false, delegate=a.a.d.a.a, modState=LOADED}
java.lang.IndexOutOfBoundsException: index: 70, length: 1 (expected: range(0, 70))
	at io.netty.buffer.AbstractByteBuf.checkRangeBounds(AbstractByteBuf.java:1390)
	at io.netty.buffer.AbstractByteBuf.checkIndex0(AbstractByteBuf.java:1397)
	at io.netty.buffer.AbstractUnpooledSlicedByteBuf.getBytes(AbstractUnpooledSlicedByteBuf.java:242)
	at io.netty.buffer.ReadOnlyByteBuf.getBytes(ReadOnlyByteBuf.java:270)
	at io.netty.buffer.ByteBufUtil.decodeString(ByteBufUtil.java:1151)
	at io.netty.buffer.AbstractByteBuf.toString(AbstractByteBuf.java:1246)
	at dev.xdark.feder.NetUtil.readString0(NetUtil.java:833)
	at dev.xdark.feder.NetUtil.readUtf8(NetUtil.java:188)
	at SpaceTycoon-v1.0.0+bc67650//a.a.a.m.a.f(SourceFile:176)
	at SpaceTycoon-v1.0.0+bc67650//a.a.d.a.e.h.b.d(SourceFile:60)
	at SpaceTycoon-v1.0.0+bc67650//a.a.d.a.e.h.b.injectedLambda$d$3(SourceFile)
	at SpaceTycoon-v1.0.0+bc67650//a.a.a.m.a.b(SourceFile:58)
	at SpaceTycoon-v1.0.0+bc67650//a.a.a.m.a.injectedLambda$b$0(SourceFile)
	at #RaGIl.saYo(SourceFile:83)
	at #hvoSL.bBM(Unknown Source)
	at #hvoSL.accept(Unknown Source)
	at #ykMcj.slwQ(SourceFile:105)
	at #BrtKi.laL(Unknown Source)
	at #BrtKi.accept(Unknown Source)
	at #SmDYl.shof(SourceFile:59)
	at #vxdAh.blq(SourceFile)
	at #DRZva.smvZ(SourceFile:89)
	at #WblDI.sciG(SourceFile:100)
	at #DDMvh.hcz(SourceFile)
	at #GXpIT.slFh(SourceFile:75)
	at #acUkE.drn(SourceFile:650)
	at #qKRzt.skLS(Unknown Source:2396)
	at #hyWbW.satX(SourceFile:1837)
	at #RofNI.dB(SourceFile:43)
	at #GLnhB.run(SourceFile:32)
	at #GILEo.saUt(Unknown Source:40)
	at #sJuki.sfWB(SourceFile:11)
	at java.base/java.util.concurrent.FutureTask.run(Unknown Source)
	at #bfAok.sjvn(SourceFile:45)
	at #ptzkp.gXZ(SourceFile:52)
	at #gZdVe.sbpI(SourceFile:1466)
	at #UDDPE.sdDd(Unknown Source:1632)
	at #GMfdJ.sask(SourceFile:487)
	at net.minecraft.client.main.GameMain.iwR(SourceFile:220)
	at net.minecraft.client.main.GameMain.jtH(SourceFile:156)
	at #ZpHYL.i(Unknown Source)
	at #ZpHYL.run(Unknown Source)
	at java.base/java.lang.Thread.run(Unknown Source)
[20:15:48] [Client thread/INFO] [STDOUT]: a.a.d.a.c.a.f.a.i@2fa05e5e
[20:19:17] [Client thread/INFO] [CHAT] [Звездочет] D ┃ PotomPridumayu [#102] » а че за троны слева от топа
[20:20:39] [Client thread/INFO] [STDOUT]: a.a.d.a.c.a.f.a.i@46e70ded
[20:21:14] [Client thread/INFO] [CHAT] [АЛЯРМ ] GOD ┃ cat03 » Мууур
[20:21:37] [Client thread/INFO] [CHAT] [Галактор] P+ ┃ topcnik_v_pvp [#26] » кет купи бустер будь другом
[20:22:58] [Client thread/ERROR] Error on handle event #BXBFw in Mod{name='SpaceTycoon', version='1.0.0+bc67650', persistent=false, delegate=a.a.d.a.a, modState=LOADED}
java.lang.AbstractMethodError: Receiver class a.a.d.a.e.g.c does not define or inherit an implementation of the resolved method 'abstract java.lang.Object invoke(java.lang.Object)' of interface kotlin.jvm.functions.Function1.
	at SpaceTycoon-v1.0.0+bc67650//a.a.d.a.e.g.b.a(SourceFile:46)
	at SpaceTycoon-v1.0.0+bc67650//a.a.d.a.e.g.b.injectedLambda$a$3(SourceFile)
	at java.base/java.util.HashMap$Values.forEach(Unknown Source)
	at SpaceTycoon-v1.0.0+bc67650//a.a.d.a.e.g.b.b(SourceFile:46)
	at SpaceTycoon-v1.0.0+bc67650//a.a.d.a.e.g.b.b(SourceFile:34)
	at SpaceTycoon-v1.0.0+bc67650//a.a.d.a.e.g.b.injectedLambda$b$1(SourceFile)
	at SpaceTycoon-v1.0.0+bc67650//a.a.a.m.a.b(SourceFile:58)
	at SpaceTycoon-v1.0.0+bc67650//a.a.a.m.a.injectedLambda$b$0(SourceFile)
	at #RaGIl.saYo(SourceFile:83)
	at #hvoSL.bBM(Unknown Source)
	at #hvoSL.accept(Unknown Source)
	at #ykMcj.slwQ(SourceFile:105)
	at #BrtKi.laL(Unknown Source)
	at #BrtKi.accept(Unknown Source)
	at #SmDYl.shof(SourceFile:59)
	at #vxdAh.blq(SourceFile)
	at #DRZva.smvZ(SourceFile:89)
	at #WblDI.sciG(SourceFile:100)
	at #DDMvh.hcz(SourceFile)
	at #GXpIT.slFh(SourceFile:75)
	at #acUkE.drn(SourceFile:650)
	at #qKRzt.skLS(Unknown Source:2396)
	at #hyWbW.satX(SourceFile:1837)
	at #RofNI.dB(SourceFile:43)
	at #GLnhB.run(SourceFile:32)
	at #GILEo.saUt(Unknown Source:40)
	at #sJuki.sfWB(SourceFile:11)
	at java.base/java.util.concurrent.FutureTask.run(Unknown Source)
	at #bfAok.sjvn(SourceFile:45)
	at #ptzkp.gXZ(SourceFile:52)
	at #gZdVe.sbpI(SourceFile:1466)
	at #UDDPE.sdDd(Unknown Source:1632)
	at #GMfdJ.sask(SourceFile:487)
	at net.minecraft.client.main.GameMain.iwR(SourceFile:220)
	at net.minecraft.client.main.GameMain.jtH(SourceFile:156)
	at #ZpHYL.i(Unknown Source)
	at #ZpHYL.run(Unknown Source)
	at java.base/java.lang.Thread.run(Unknown Source)
[20:22:58] [Client thread/ERROR] Error on handle event #BXBFw in Mod{name='SpaceTycoon', version='1.0.0+bc67650', persistent=false, delegate=a.a.d.a.a, modState=LOADED}
java.lang.AbstractMethodError: Receiver class a.a.d.a.e.g.c does not define or inherit an implementation of the resolved method 'abstract java.lang.Object invoke(java.lang.Object)' of interface kotlin.jvm.functions.Function1.
	at SpaceTycoon-v1.0.0+bc67650//a.a.d.a.e.g.b.a(SourceFile:46)
	at SpaceTycoon-v1.0.0+bc67650//a.a.d.a.e.g.b.injectedLambda$a$3(SourceFile)
	at java.base/java.util.HashMap$Values.forEach(Unknown Source)
	at SpaceTycoon-v1.0.0+bc67650//a.a.d.a.e.g.b.b(SourceFile:46)
	at SpaceTycoon-v1.0.0+bc67650//a.a.d.a.e.g.b.a(SourceFile:21)
	at SpaceTycoon-v1.0.0+bc67650//a.a.d.a.e.g.b.injectedLambda$a$0(SourceFile)
	at SpaceTycoon-v1.0.0+bc67650//a.a.a.m.a.b(SourceFile:58)
	at SpaceTycoon-v1.0.0+bc67650//a.a.a.m.a.injectedLambda$b$0(SourceFile)
	at #RaGIl.saYo(SourceFile:83)
	at #hvoSL.bBM(Unknown Source)
	at #hvoSL.accept(Unknown Source)
	at #ykMcj.slwQ(SourceFile:105)
	at #BrtKi.laL(Unknown Source)
	at #BrtKi.accept(Unknown Source)
	at #SmDYl.shof(SourceFile:59)
	at #vxdAh.blq(SourceFile)
	at #DRZva.smvZ(SourceFile:89)
	at #WblDI.sciG(SourceFile:100)
	at #DDMvh.hcz(SourceFile)
	at #GXpIT.slFh(SourceFile:75)
	at #acUkE.drn(SourceFile:650)
	at #qKRzt.skLS(Unknown Source:2396)
	at #hyWbW.satX(SourceFile:1837)
	at #RofNI.dB(SourceFile:43)
	at #GLnhB.run(SourceFile:32)
	at #GILEo.saUt(Unknown Source:40)
	at #sJuki.sfWB(SourceFile:11)
	at java.base/java.util.concurrent.FutureTask.run(Unknown Source)
	at #bfAok.sjvn(SourceFile:45)
	at #ptzkp.gXZ(SourceFile:52)
	at #gZdVe.sbpI(SourceFile:1466)
	at #UDDPE.sdDd(Unknown Source:1632)
	at #GMfdJ.sask(SourceFile:487)
	at net.minecraft.client.main.GameMain.iwR(SourceFile:220)
	at net.minecraft.client.main.GameMain.jtH(SourceFile:156)
	at #ZpHYL.i(Unknown Source)
	at #ZpHYL.run(Unknown Source)
	at java.base/java.lang.Thread.run(Unknown Source)
[20:23:00] [Client thread/ERROR] Error on handle event #BXBFw in Mod{name='SpaceTycoon', version='1.0.0+bc67650', persistent=false, delegate=a.a.d.a.a, modState=LOADED}
java.lang.IndexOutOfBoundsException: index: 72, length: 109 (expected: range(0, 140))
	at io.netty.buffer.AbstractByteBuf.checkRangeBounds(AbstractByteBuf.java:1390)
	at io.netty.buffer.AbstractByteBuf.checkIndex0(AbstractByteBuf.java:1397)
	at io.netty.buffer.AbstractUnpooledSlicedByteBuf.getBytes(AbstractUnpooledSlicedByteBuf.java:242)
	at io.netty.buffer.ReadOnlyByteBuf.getBytes(ReadOnlyByteBuf.java:270)
	at io.netty.buffer.ByteBufUtil.decodeString(ByteBufUtil.java:1151)
	at io.netty.buffer.AbstractByteBuf.toString(AbstractByteBuf.java:1246)
	at dev.xdark.feder.NetUtil.readString0(NetUtil.java:833)
	at dev.xdark.feder.NetUtil.readUtf8(NetUtil.java:188)
	at SpaceTycoon-v1.0.0+bc67650//a.a.a.m.a.f(SourceFile:176)
	at SpaceTycoon-v1.0.0+bc67650//a.a.d.a.e.h.b.d(SourceFile:60)
	at SpaceTycoon-v1.0.0+bc67650//a.a.d.a.e.h.b.injectedLambda$d$3(SourceFile)
	at SpaceTycoon-v1.0.0+bc67650//a.a.a.m.a.b(SourceFile:58)
	at SpaceTycoon-v1.0.0+bc67650//a.a.a.m.a.injectedLambda$b$0(SourceFile)
	at #RaGIl.saYo(SourceFile:83)
	at #hvoSL.bBM(Unknown Source)
	at #hvoSL.accept(Unknown Source)
	at #ykMcj.slwQ(SourceFile:105)
	at #BrtKi.laL(Unknown Source)
	at #BrtKi.accept(Unknown Source)
	at #SmDYl.shof(SourceFile:59)
	at #vxdAh.blq(SourceFile)
	at #DRZva.smvZ(SourceFile:89)
	at #WblDI.sciG(SourceFile:100)
	at #DDMvh.hcz(SourceFile)
	at #GXpIT.slFh(SourceFile:75)
	at #acUkE.drn(SourceFile:650)
	at #qKRzt.skLS(Unknown Source:2396)
	at #hyWbW.satX(SourceFile:1837)
	at #RofNI.dB(SourceFile:43)
	at #GLnhB.run(SourceFile:32)
	at #GILEo.saUt(Unknown Source:40)
	at #sJuki.sfWB(SourceFile:11)
	at java.base/java.util.concurrent.FutureTask.run(Unknown Source)
	at #bfAok.sjvn(SourceFile:45)
	at #ptzkp.gXZ(SourceFile:52)
	at #gZdVe.sbpI(SourceFile:1466)
	at #UDDPE.sdDd(Unknown Source:1632)
	at #GMfdJ.sask(SourceFile:487)
	at net.minecraft.client.main.GameMain.iwR(SourceFile:220)
	at net.minecraft.client.main.GameMain.jtH(SourceFile:156)
	at #ZpHYL.i(Unknown Source)
	at #ZpHYL.run(Unknown Source)
	at java.base/java.lang.Thread.run(Unknown Source)
[20:23:22] [Client thread/ERROR] Error on handle event #BXBFw in Mod{name='SpaceTycoon', version='1.0.0+bc67650', persistent=false, delegate=a.a.d.a.a, modState=LOADED}
java.lang.AbstractMethodError: Receiver class a.a.d.a.e.g.c does not define or inherit an implementation of the resolved method 'abstract java.lang.Object invoke(java.lang.Object)' of interface kotlin.jvm.functions.Function1.
	at SpaceTycoon-v1.0.0+bc67650//a.a.d.a.e.g.b.a(SourceFile:46)
	at SpaceTycoon-v1.0.0+bc67650//a.a.d.a.e.g.b.injectedLambda$a$3(SourceFile)
	at java.base/java.util.HashMap$Values.forEach(Unknown Source)
	at SpaceTycoon-v1.0.0+bc67650//a.a.d.a.e.g.b.b(SourceFile:46)
	at SpaceTycoon-v1.0.0+bc67650//a.a.d.a.e.g.b.b(SourceFile:34)
	at SpaceTycoon-v1.0.0+bc67650//a.a.d.a.e.g.b.injectedLambda$b$1(SourceFile)
	at SpaceTycoon-v1.0.0+bc67650//a.a.a.m.a.b(SourceFile:58)
	at SpaceTycoon-v1.0.0+bc67650//a.a.a.m.a.injectedLambda$b$0(SourceFile)
	at #RaGIl.saYo(SourceFile:83)
	at #hvoSL.bBM(Unknown Source)
	at #hvoSL.accept(Unknown Source)
	at #ykMcj.slwQ(SourceFile:105)
	at #BrtKi.laL(Unknown Source)
	at #BrtKi.accept(Unknown Source)
	at #SmDYl.shof(SourceFile:59)
	at #vxdAh.blq(SourceFile)
	at #DRZva.smvZ(SourceFile:89)
	at #WblDI.sciG(SourceFile:100)
	at #DDMvh.hcz(SourceFile)
	at #GXpIT.slFh(SourceFile:75)
	at #acUkE.drn(SourceFile:650)
	at #qKRzt.skLS(Unknown Source:2396)
	at #hyWbW.satX(SourceFile:1837)
	at #RofNI.dB(SourceFile:43)
	at #GLnhB.run(SourceFile:32)
	at #GILEo.saUt(Unknown Source:40)
	at #sJuki.sfWB(SourceFile:11)
	at java.base/java.util.concurrent.FutureTask.run(Unknown Source)
	at #bfAok.sjvn(SourceFile:45)
	at #ptzkp.gXZ(SourceFile:52)
	at #gZdVe.sbpI(SourceFile:1466)
	at #UDDPE.sdDd(Unknown Source:1632)
	at #GMfdJ.sask(SourceFile:487)
	at net.minecraft.client.main.GameMain.iwR(SourceFile:220)
	at net.minecraft.client.main.GameMain.jtH(SourceFile:156)
	at #ZpHYL.i(Unknown Source)
	at #ZpHYL.run(Unknown Source)
	at java.base/java.lang.Thread.run(Unknown Source)
[20:23:22] [Client thread/ERROR] Error on handle event #BXBFw in Mod{name='SpaceTycoon', version='1.0.0+bc67650', persistent=false, delegate=a.a.d.a.a, modState=LOADED}
java.lang.AbstractMethodError: Receiver class a.a.d.a.e.g.c does not define or inherit an implementation of the resolved method 'abstract java.lang.Object invoke(java.lang.Object)' of interface kotlin.jvm.functions.Function1.
	at SpaceTycoon-v1.0.0+bc67650//a.a.d.a.e.g.b.a(SourceFile:46)
	at SpaceTycoon-v1.0.0+bc67650//a.a.d.a.e.g.b.injectedLambda$a$3(SourceFile)
	at java.base/java.util.HashMap$Values.forEach(Unknown Source)
	at SpaceTycoon-v1.0.0+bc67650//a.a.d.a.e.g.b.b(SourceFile:46)
	at SpaceTycoon-v1.0.0+bc67650//a.a.d.a.e.g.b.a(SourceFile:21)
	at SpaceTycoon-v1.0.0+bc67650//a.a.d.a.e.g.b.injectedLambda$a$0(SourceFile)
	at SpaceTycoon-v1.0.0+bc67650//a.a.a.m.a.b(SourceFile:58)
	at SpaceTycoon-v1.0.0+bc67650//a.a.a.m.a.injectedLambda$b$0(SourceFile)
	at #RaGIl.saYo(SourceFile:83)
	at #hvoSL.bBM(Unknown Source)
	at #hvoSL.accept(Unknown Source)
	at #ykMcj.slwQ(SourceFile:105)
	at #BrtKi.laL(Unknown Source)
	at #BrtKi.accept(Unknown Source)
	at #SmDYl.shof(SourceFile:59)
	at #vxdAh.blq(SourceFile)
	at #DRZva.smvZ(SourceFile:89)
	at #WblDI.sciG(SourceFile:100)
	at #DDMvh.hcz(SourceFile)
	at #GXpIT.slFh(SourceFile:75)
	at #acUkE.drn(SourceFile:650)
	at #qKRzt.skLS(Unknown Source:2396)
	at #hyWbW.satX(SourceFile:1837)
	at #RofNI.dB(SourceFile:43)
	at #GLnhB.run(SourceFile:32)
	at #GILEo.saUt(Unknown Source:40)
	at #sJuki.sfWB(SourceFile:11)
	at java.base/java.util.concurrent.FutureTask.run(Unknown Source)
	at #bfAok.sjvn(SourceFile:45)
	at #ptzkp.gXZ(SourceFile:52)
	at #gZdVe.sbpI(SourceFile:1466)
	at #UDDPE.sdDd(Unknown Source:1632)
	at #GMfdJ.sask(SourceFile:487)
	at net.minecraft.client.main.GameMain.iwR(SourceFile:220)
	at net.minecraft.client.main.GameMain.jtH(SourceFile:156)
	at #ZpHYL.i(Unknown Source)
	at #ZpHYL.run(Unknown Source)
	at java.base/java.lang.Thread.run(Unknown Source)
[20:23:24] [Client thread/INFO] [CHAT] [Астроном] kyricin [#171] » g
[20:23:25] [Client thread/INFO] [CHAT] [Странник] V ┃ AmirYTlogin [#197] » w
[20:23:52] [Client thread/INFO] [CHAT] \n   Сейчас трансляции ведут:\n   MEDIA ┃ ALMA3uk7 , MEDIA ┃ LauraKillYOU \n   Напишите /media для проcмотра активных трансляций\n 
[20:25:53] [Client thread/INFO] [CHAT] [Комета] G ┃ ZuZikYt337 [#292] » есть корды уток на 1 локе?
[20:26:04] [Client thread/INFO] [CHAT] [Туманник] V ┃ JujutsuKaisen [#84] » На форуме есть корды всех уток
[20:26:18] [Client thread/INFO] [CHAT] [Комета] G ┃ ZuZikYt337 [#292] » спасибо
[20:28:13] [Client thread/ERROR] Error on handle event #BXBFw in Mod{name='SpaceTycoon', version='1.0.0+bc67650', persistent=false, delegate=a.a.d.a.a, modState=LOADED}
java.lang.AbstractMethodError: Receiver class a.a.d.a.e.g.c does not define or inherit an implementation of the resolved method 'abstract java.lang.Object invoke(java.lang.Object)' of interface kotlin.jvm.functions.Function1.
	at SpaceTycoon-v1.0.0+bc67650//a.a.d.a.e.g.b.a(SourceFile:46)
	at SpaceTycoon-v1.0.0+bc67650//a.a.d.a.e.g.b.injectedLambda$a$3(SourceFile)
	at java.base/java.util.HashMap$Values.forEach(Unknown Source)
	at SpaceTycoon-v1.0.0+bc67650//a.a.d.a.e.g.b.b(SourceFile:46)
	at SpaceTycoon-v1.0.0+bc67650//a.a.d.a.e.g.b.b(SourceFile:34)
	at SpaceTycoon-v1.0.0+bc67650//a.a.d.a.e.g.b.injectedLambda$b$1(SourceFile)
	at SpaceTycoon-v1.0.0+bc67650//a.a.a.m.a.b(SourceFile:58)
	at SpaceTycoon-v1.0.0+bc67650//a.a.a.m.a.injectedLambda$b$0(SourceFile)
	at #RaGIl.saYo(SourceFile:83)
	at #hvoSL.bBM(Unknown Source)
	at #hvoSL.accept(Unknown Source)
	at #ykMcj.slwQ(SourceFile:105)
	at #BrtKi.laL(Unknown Source)
	at #BrtKi.accept(Unknown Source)
	at #SmDYl.shof(SourceFile:59)
	at #vxdAh.blq(SourceFile)
	at #DRZva.smvZ(SourceFile:89)
	at #WblDI.sciG(SourceFile:100)
	at #DDMvh.hcz(SourceFile)
	at #GXpIT.slFh(SourceFile:75)
	at #acUkE.drn(SourceFile:650)
	at #qKRzt.skLS(Unknown Source:2396)
	at #hyWbW.satX(SourceFile:1837)
	at #RofNI.dB(SourceFile:43)
	at #GLnhB.run(SourceFile:32)
	at #GILEo.saUt(Unknown Source:40)
	at #sJuki.sfWB(SourceFile:11)
	at java.base/java.util.concurrent.FutureTask.run(Unknown Source)
	at #bfAok.sjvn(SourceFile:45)
	at #ptzkp.gXZ(SourceFile:52)
	at #gZdVe.sbpI(SourceFile:1466)
	at #UDDPE.sdDd(Unknown Source:1632)
	at #GMfdJ.sask(SourceFile:487)
	at net.minecraft.client.main.GameMain.iwR(SourceFile:220)
	at net.minecraft.client.main.GameMain.jtH(SourceFile:156)
	at #ZpHYL.i(Unknown Source)
	at #ZpHYL.run(Unknown Source)
	at java.base/java.lang.Thread.run(Unknown Source)
[20:28:13] [Client thread/ERROR] Error on handle event #BXBFw in Mod{name='SpaceTycoon', version='1.0.0+bc67650', persistent=false, delegate=a.a.d.a.a, modState=LOADED}
java.lang.AbstractMethodError: Receiver class a.a.d.a.e.g.c does not define or inherit an implementation of the resolved method 'abstract java.lang.Object invoke(java.lang.Object)' of interface kotlin.jvm.functions.Function1.
	at SpaceTycoon-v1.0.0+bc67650//a.a.d.a.e.g.b.a(SourceFile:46)
	at SpaceTycoon-v1.0.0+bc67650//a.a.d.a.e.g.b.injectedLambda$a$3(SourceFile)
	at java.base/java.util.HashMap$Values.forEach(Unknown Source)
	at SpaceTycoon-v1.0.0+bc67650//a.a.d.a.e.g.b.b(SourceFile:46)
	at SpaceTycoon-v1.0.0+bc67650//a.a.d.a.e.g.b.a(SourceFile:21)
	at SpaceTycoon-v1.0.0+bc67650//a.a.d.a.e.g.b.injectedLambda$a$0(SourceFile)
	at SpaceTycoon-v1.0.0+bc67650//a.a.a.m.a.b(SourceFile:58)
	at SpaceTycoon-v1.0.0+bc67650//a.a.a.m.a.injectedLambda$b$0(SourceFile)
	at #RaGIl.saYo(SourceFile:83)
	at #hvoSL.bBM(Unknown Source)
	at #hvoSL.accept(Unknown Source)
	at #ykMcj.slwQ(SourceFile:105)
	at #BrtKi.laL(Unknown Source)
	at #BrtKi.accept(Unknown Source)
	at #SmDYl.shof(SourceFile:59)
	at #vxdAh.blq(SourceFile)
	at #DRZva.smvZ(SourceFile:89)
	at #WblDI.sciG(SourceFile:100)
	at #DDMvh.hcz(SourceFile)
	at #GXpIT.slFh(SourceFile:75)
	at #acUkE.drn(SourceFile:650)
	at #qKRzt.skLS(Unknown Source:2396)
	at #hyWbW.satX(SourceFile:1837)
	at #RofNI.dB(SourceFile:43)
	at #GLnhB.run(SourceFile:32)
	at #GILEo.saUt(Unknown Source:40)
	at #sJuki.sfWB(SourceFile:11)
	at java.base/java.util.concurrent.FutureTask.run(Unknown Source)
	at #bfAok.sjvn(SourceFile:45)
	at #ptzkp.gXZ(SourceFile:52)
	at #gZdVe.sbpI(SourceFile:1466)
	at #UDDPE.sdDd(Unknown Source:1632)
	at #GMfdJ.sask(SourceFile:487)
	at net.minecraft.client.main.GameMain.iwR(SourceFile:220)
	at net.minecraft.client.main.GameMain.jtH(SourceFile:156)
	at #ZpHYL.i(Unknown Source)
	at #ZpHYL.run(Unknown Source)
	at java.base/java.lang.Thread.run(Unknown Source)
[20:28:15] [Client thread/ERROR] Error on handle event #BXBFw in Mod{name='SpaceTycoon', version='1.0.0+bc67650', persistent=false, delegate=a.a.d.a.a, modState=LOADED}
java.lang.IndexOutOfBoundsException: index: 70, length: 1 (expected: range(0, 70))
	at io.netty.buffer.AbstractByteBuf.checkRangeBounds(AbstractByteBuf.java:1390)
	at io.netty.buffer.AbstractByteBuf.checkIndex0(AbstractByteBuf.java:1397)
	at io.netty.buffer.AbstractUnpooledSlicedByteBuf.getBytes(AbstractUnpooledSlicedByteBuf.java:242)
	at io.netty.buffer.ReadOnlyByteBuf.getBytes(ReadOnlyByteBuf.java:270)
	at io.netty.buffer.ByteBufUtil.decodeString(ByteBufUtil.java:1151)
	at io.netty.buffer.AbstractByteBuf.toString(AbstractByteBuf.java:1246)
	at dev.xdark.feder.NetUtil.readString0(NetUtil.java:833)
	at dev.xdark.feder.NetUtil.readUtf8(NetUtil.java:188)
	at SpaceTycoon-v1.0.0+bc67650//a.a.a.m.a.f(SourceFile:176)
	at SpaceTycoon-v1.0.0+bc67650//a.a.d.a.e.h.b.d(SourceFile:60)
	at SpaceTycoon-v1.0.0+bc67650//a.a.d.a.e.h.b.injectedLambda$d$3(SourceFile)
	at SpaceTycoon-v1.0.0+bc67650//a.a.a.m.a.b(SourceFile:58)
	at SpaceTycoon-v1.0.0+bc67650//a.a.a.m.a.injectedLambda$b$0(SourceFile)
	at #RaGIl.saYo(SourceFile:83)
	at #hvoSL.bBM(Unknown Source)
	at #hvoSL.accept(Unknown Source)
	at #ykMcj.slwQ(SourceFile:105)
	at #BrtKi.laL(Unknown Source)
	at #BrtKi.accept(Unknown Source)
	at #SmDYl.shof(SourceFile:59)
	at #vxdAh.blq(SourceFile)
	at #DRZva.smvZ(SourceFile:89)
	at #WblDI.sciG(SourceFile:100)
	at #DDMvh.hcz(SourceFile)
	at #GXpIT.slFh(SourceFile:75)
	at #acUkE.drn(SourceFile:650)
	at #qKRzt.skLS(Unknown Source:2396)
	at #hyWbW.satX(SourceFile:1837)
	at #RofNI.dB(SourceFile:43)
	at #GLnhB.run(SourceFile:32)
	at #GILEo.saUt(Unknown Source:40)
	at #sJuki.sfWB(SourceFile:11)
	at java.base/java.util.concurrent.FutureTask.run(Unknown Source)
	at #bfAok.sjvn(SourceFile:45)
	at #ptzkp.gXZ(SourceFile:52)
	at #gZdVe.sbpI(SourceFile:1466)
	at #UDDPE.sdDd(Unknown Source:1632)
	at #GMfdJ.sask(SourceFile:487)
	at net.minecraft.client.main.GameMain.iwR(SourceFile:220)
	at net.minecraft.client.main.GameMain.jtH(SourceFile:156)
	at #ZpHYL.i(Unknown Source)
	at #ZpHYL.run(Unknown Source)
	at java.base/java.lang.Thread.run(Unknown Source)
[20:28:20] [Client thread/INFO] [CHAT] [Аномал] P ┃ _ЛюбитеКотиков_ [#9] » норм так типу в казике насыпало
[20:28:41] [Client thread/ERROR] Error on handle event #BXBFw in Mod{name='SpaceTycoon', version='1.0.0+bc67650', persistent=false, delegate=a.a.d.a.a, modState=LOADED}
java.lang.IndexOutOfBoundsException: index: 70, length: 1 (expected: range(0, 70))
	at io.netty.buffer.AbstractByteBuf.checkRangeBounds(AbstractByteBuf.java:1390)
	at io.netty.buffer.AbstractByteBuf.checkIndex0(AbstractByteBuf.java:1397)
	at io.netty.buffer.AbstractUnpooledSlicedByteBuf.getBytes(AbstractUnpooledSlicedByteBuf.java:242)
	at io.netty.buffer.ReadOnlyByteBuf.getBytes(ReadOnlyByteBuf.java:270)
	at io.netty.buffer.ByteBufUtil.decodeString(ByteBufUtil.java:1151)
	at io.netty.buffer.AbstractByteBuf.toString(AbstractByteBuf.java:1246)
	at dev.xdark.feder.NetUtil.readString0(NetUtil.java:833)
	at dev.xdark.feder.NetUtil.readUtf8(NetUtil.java:188)
	at SpaceTycoon-v1.0.0+bc67650//a.a.a.m.a.f(SourceFile:176)
	at SpaceTycoon-v1.0.0+bc67650//a.a.d.a.e.h.b.d(SourceFile:60)
	at SpaceTycoon-v1.0.0+bc67650//a.a.d.a.e.h.b.injectedLambda$d$3(SourceFile)
	at SpaceTycoon-v1.0.0+bc67650//a.a.a.m.a.b(SourceFile:58)
	at SpaceTycoon-v1.0.0+bc67650//a.a.a.m.a.injectedLambda$b$0(SourceFile)
	at #RaGIl.saYo(SourceFile:83)
	at #hvoSL.bBM(Unknown Source)
	at #hvoSL.accept(Unknown Source)
	at #ykMcj.slwQ(SourceFile:105)
	at #BrtKi.laL(Unknown Source)
	at #BrtKi.accept(Unknown Source)
	at #SmDYl.shof(SourceFile:59)
	at #vxdAh.blq(SourceFile)
	at #DRZva.smvZ(SourceFile:89)
	at #WblDI.sciG(SourceFile:100)
	at #DDMvh.hcz(SourceFile)
	at #GXpIT.slFh(SourceFile:75)
	at #acUkE.drn(SourceFile:650)
	at #qKRzt.skLS(Unknown Source:2396)
	at #hyWbW.satX(SourceFile:1837)
	at #RofNI.dB(SourceFile:43)
	at #GLnhB.run(SourceFile:32)
	at #GILEo.saUt(Unknown Source:40)
	at #sJuki.sfWB(SourceFile:11)
	at java.base/java.util.concurrent.FutureTask.run(Unknown Source)
	at #bfAok.sjvn(SourceFile:45)
	at #ptzkp.gXZ(SourceFile:52)
	at #gZdVe.sbpI(SourceFile:1466)
	at #UDDPE.sdDd(Unknown Source:1632)
	at #GMfdJ.sask(SourceFile:487)
	at net.minecraft.client.main.GameMain.iwR(SourceFile:220)
	at net.minecraft.client.main.GameMain.jtH(SourceFile:156)
	at #ZpHYL.i(Unknown Source)
	at #ZpHYL.run(Unknown Source)
	at java.base/java.lang.Thread.run(Unknown Source)
[20:29:18] [Client thread/INFO] [CHAT] P+ ┃ CJlaDoCTb_ [#?] » Тут есть казик?
[20:29:21] [Client thread/INFO] [CHAT] [Аномал] P ┃ _ЛюбитеКотиков_ [#9] » да
[20:29:22] [Client thread/INFO] [CHAT] [Спутник] S ┃ Hestli0 [#12] » да
[20:29:25] [Client thread/INFO] [CHAT] P+ ┃ CJlaDoCTb_ [#?] » Где
[20:29:33] [Client thread/INFO] [CHAT] [Аномал] P ┃ _ЛюбитеКотиков_ [#9] » корабль
[20:29:44] [Client thread/INFO] [CHAT] [Астроном] heim_123 [#184] » ты должен прокачать на фулл первую локу
[20:29:52] [Client thread/INFO] [CHAT] [Астроном] heim_123 [#184] » потом откроется
[20:29:59] [Client thread/INFO] [CHAT] P+ ┃ CJlaDoCTb_ [#?] » Спасибо
[20:30:00] [Client thread/INFO] [CHAT]  \ni Астероидная битва закончена! Вернемся через некоторое время!\n 
[20:30:34] [Client thread/INFO] [CHAT] [Аномал] P ┃ _ЛюбитеКотиков_ [#9] » ему чо ещё на 24 насыпало рб
[20:30:47] [Client thread/INFO] [CHAT] [Спутник] S ┃ Hestli0 [#12] » кому
[20:31:02] [Client thread/INFO] [CHAT] [Аномал] P ┃ _ЛюбитеКотиков_ [#9] » XaJLaxTJIK
[20:31:09] [Client thread/INFO] [CHAT] [Спутник] S ┃ Hestli0 [#12] » да я х3 словил
[20:31:14] [Client thread/INFO] [CHAT] [Аномал] P ┃ _ЛюбитеКотиков_ [#9] » люто
[20:31:18] [Client thread/INFO] [CHAT] [Спутник] S ┃ Hestli0 [#12] » +
[20:32:56] [Client thread/INFO] [STDOUT]: a.a.d.a.c.a.f.a.i@12e1d94b
[20:33:03] [Client thread/INFO] [STDOUT]: a.a.d.a.c.a.f.a.i@38f7d629
[20:33:30] [Client thread/INFO] [STDOUT]: a.a.d.a.c.a.f.a.i@38097ce6
[20:33:36] [Client thread/INFO] [CHAT] \ncat03 проводит приватную игру: Бинго Одиночный 5x5!\nРежим: Фул хаус\nПриз победителю: 210\nНажми, чтобы переместиться!\n 
[20:33:37] [Client thread/INFO] [CHAT] [Гравитатор] V ┃ xqwiol [#130] » на что токены тратить можно
[20:33:41] [Client thread/INFO] [CHAT] [Странник] _Azza [#259] » бляяяяяятть
[20:33:48] [Client thread/INFO] [CHAT] [Странник] _Azza [#259] » не успел полный рюкзак ресов донести в битве
[20:33:54] [Client thread/INFO] [CHAT] [Аномал] P ┃ _ЛюбитеКотиков_ [#9] » бывает
[20:34:03] [Client thread/INFO] [STDOUT]: a.a.d.a.c.a.f.a.i@4483f144
[20:35:15] [Client thread/INFO] [CHAT] [Гравитатор] V ┃ xqwiol [#130] » на что токены тратить можно
[20:35:25] [Client thread/INFO] [CHAT] [Картограф] E ┃ ThxMe [#36] » казно
[20:35:35] [Client thread/INFO] [CHAT] [Гравитатор] V ┃ xqwiol [#130] » в любом режиме?
[20:35:45] [Client thread/INFO] [CHAT] [Картограф] E ┃ ThxMe [#36] » блек джек
[20:35:45] [Client thread/INFO] [CHAT] [Астроном] heim_123 [#182] » а зачем токены вообще? или просто ради казино
[20:38:56] [Client thread/ERROR] Error on handle event #BXBFw in Mod{name='SpaceTycoon', version='1.0.0+bc67650', persistent=false, delegate=a.a.d.a.a, modState=LOADED}
java.lang.IndexOutOfBoundsException: index: 70, length: 1 (expected: range(0, 70))
	at io.netty.buffer.AbstractByteBuf.checkRangeBounds(AbstractByteBuf.java:1390)
	at io.netty.buffer.AbstractByteBuf.checkIndex0(AbstractByteBuf.java:1397)
	at io.netty.buffer.AbstractUnpooledSlicedByteBuf.getBytes(AbstractUnpooledSlicedByteBuf.java:242)
	at io.netty.buffer.ReadOnlyByteBuf.getBytes(ReadOnlyByteBuf.java:270)
	at io.netty.buffer.ByteBufUtil.decodeString(ByteBufUtil.java:1151)
	at io.netty.buffer.AbstractByteBuf.toString(AbstractByteBuf.java:1246)
	at dev.xdark.feder.NetUtil.readString0(NetUtil.java:833)
	at dev.xdark.feder.NetUtil.readUtf8(NetUtil.java:188)
	at SpaceTycoon-v1.0.0+bc67650//a.a.a.m.a.f(SourceFile:176)
	at SpaceTycoon-v1.0.0+bc67650//a.a.d.a.e.h.b.d(SourceFile:60)
	at SpaceTycoon-v1.0.0+bc67650//a.a.d.a.e.h.b.injectedLambda$d$3(SourceFile)
	at SpaceTycoon-v1.0.0+bc67650//a.a.a.m.a.b(SourceFile:58)
	at SpaceTycoon-v1.0.0+bc67650//a.a.a.m.a.injectedLambda$b$0(SourceFile)
	at #RaGIl.saYo(SourceFile:83)
	at #hvoSL.bBM(Unknown Source)
	at #hvoSL.accept(Unknown Source)
	at #ykMcj.slwQ(SourceFile:105)
	at #BrtKi.laL(Unknown Source)
	at #BrtKi.accept(Unknown Source)
	at #SmDYl.shof(SourceFile:59)
	at #vxdAh.blq(SourceFile)
	at #DRZva.smvZ(SourceFile:89)
	at #WblDI.sciG(SourceFile:100)
	at #DDMvh.hcz(SourceFile)
	at #GXpIT.slFh(SourceFile:75)
	at #acUkE.drn(SourceFile:650)
	at #qKRzt.skLS(Unknown Source:2396)
	at #hyWbW.satX(SourceFile:1837)
	at #RofNI.dB(SourceFile:43)
	at #GLnhB.run(SourceFile:32)
	at #GILEo.saUt(Unknown Source:40)
	at #sJuki.sfWB(SourceFile:11)
	at java.base/java.util.concurrent.FutureTask.run(Unknown Source)
	at #bfAok.sjvn(SourceFile:45)
	at #ptzkp.gXZ(SourceFile:52)
	at #gZdVe.sbpI(SourceFile:1466)
	at #UDDPE.sdDd(Unknown Source:1632)
	at #GMfdJ.sask(SourceFile:487)
	at net.minecraft.client.main.GameMain.iwR(SourceFile:220)
	at net.minecraft.client.main.GameMain.jtH(SourceFile:156)
	at #ZpHYL.i(Unknown Source)
	at #ZpHYL.run(Unknown Source)
	at java.base/java.lang.Thread.run(Unknown Source)
[20:39:01] [Client thread/INFO] [CHAT] MVP+ ┃ Xx_Pactuwka_xX [#?] » кто такой aveichernyi
[20:39:24] [Client thread/INFO] [STDOUT]: a.a.d.a.c.a.f.a.i@4ec3bd0a
[20:39:42] [Client thread/ERROR] Error on handle event #BXBFw in Mod{name='SpaceTycoon', version='1.0.0+bc67650', persistent=false, delegate=a.a.d.a.a, modState=LOADED}
java.lang.IndexOutOfBoundsException: index: 70, length: 1 (expected: range(0, 70))
	at io.netty.buffer.AbstractByteBuf.checkRangeBounds(AbstractByteBuf.java:1390)
	at io.netty.buffer.AbstractByteBuf.checkIndex0(AbstractByteBuf.java:1397)
	at io.netty.buffer.AbstractUnpooledSlicedByteBuf.getBytes(AbstractUnpooledSlicedByteBuf.java:242)
	at io.netty.buffer.ReadOnlyByteBuf.getBytes(ReadOnlyByteBuf.java:270)
	at io.netty.buffer.ByteBufUtil.decodeString(ByteBufUtil.java:1151)
	at io.netty.buffer.AbstractByteBuf.toString(AbstractByteBuf.java:1246)
	at dev.xdark.feder.NetUtil.readString0(NetUtil.java:833)
	at dev.xdark.feder.NetUtil.readUtf8(NetUtil.java:188)
	at SpaceTycoon-v1.0.0+bc67650//a.a.a.m.a.f(SourceFile:176)
	at SpaceTycoon-v1.0.0+bc67650//a.a.d.a.e.h.b.d(SourceFile:60)
	at SpaceTycoon-v1.0.0+bc67650//a.a.d.a.e.h.b.injectedLambda$d$3(SourceFile)
	at SpaceTycoon-v1.0.0+bc67650//a.a.a.m.a.b(SourceFile:58)
	at SpaceTycoon-v1.0.0+bc67650//a.a.a.m.a.injectedLambda$b$0(SourceFile)
	at #RaGIl.saYo(SourceFile:83)
	at #hvoSL.bBM(Unknown Source)
	at #hvoSL.accept(Unknown Source)
	at #ykMcj.slwQ(SourceFile:105)
	at #BrtKi.laL(Unknown Source)
	at #BrtKi.accept(Unknown Source)
	at #SmDYl.shof(SourceFile:59)
	at #vxdAh.blq(SourceFile)
	at #DRZva.smvZ(SourceFile:89)
	at #WblDI.sciG(SourceFile:100)
	at #DDMvh.hcz(SourceFile)
	at #GXpIT.slFh(SourceFile:75)
	at #acUkE.drn(SourceFile:650)
	at #qKRzt.skLS(Unknown Source:2396)
	at #hyWbW.satX(SourceFile:1837)
	at #RofNI.dB(SourceFile:43)
	at #GLnhB.run(SourceFile:32)
	at #GILEo.saUt(Unknown Source:40)
	at #sJuki.sfWB(SourceFile:11)
	at java.base/java.util.concurrent.FutureTask.run(Unknown Source)
	at #bfAok.sjvn(SourceFile:45)
	at #ptzkp.gXZ(SourceFile:52)
	at #gZdVe.sbpI(SourceFile:1466)
	at #UDDPE.sdDd(Unknown Source:1632)
	at #GMfdJ.sask(SourceFile:487)
	at net.minecraft.client.main.GameMain.iwR(SourceFile:220)
	at net.minecraft.client.main.GameMain.jtH(SourceFile:156)
	at #ZpHYL.i(Unknown Source)
	at #ZpHYL.run(Unknown Source)
	at java.base/java.lang.Thread.run(Unknown Source)
[20:39:44] [Client thread/INFO] [STDOUT]: a.a.d.a.c.a.f.a.i@214a589f
[20:39:52] [Client thread/INFO] [STDOUT]: a.a.d.a.c.a.f.a.i@61804737
[20:40:01] [Client thread/ERROR] Error on handle event #BXBFw in Mod{name='SpaceTycoon', version='1.0.0+bc67650', persistent=false, delegate=a.a.d.a.a, modState=LOADED}
java.lang.IndexOutOfBoundsException: index: 70, length: 1 (expected: range(0, 70))
	at io.netty.buffer.AbstractByteBuf.checkRangeBounds(AbstractByteBuf.java:1390)
	at io.netty.buffer.AbstractByteBuf.checkIndex0(AbstractByteBuf.java:1397)
	at io.netty.buffer.AbstractUnpooledSlicedByteBuf.getBytes(AbstractUnpooledSlicedByteBuf.java:242)
	at io.netty.buffer.ReadOnlyByteBuf.getBytes(ReadOnlyByteBuf.java:270)
	at io.netty.buffer.ByteBufUtil.decodeString(ByteBufUtil.java:1151)
	at io.netty.buffer.AbstractByteBuf.toString(AbstractByteBuf.java:1246)
	at dev.xdark.feder.NetUtil.readString0(NetUtil.java:833)
	at dev.xdark.feder.NetUtil.readUtf8(NetUtil.java:188)
	at SpaceTycoon-v1.0.0+bc67650//a.a.a.m.a.f(SourceFile:176)
	at SpaceTycoon-v1.0.0+bc67650//a.a.d.a.e.h.b.d(SourceFile:60)
	at SpaceTycoon-v1.0.0+bc67650//a.a.d.a.e.h.b.injectedLambda$d$3(SourceFile)
	at SpaceTycoon-v1.0.0+bc67650//a.a.a.m.a.b(SourceFile:58)
	at SpaceTycoon-v1.0.0+bc67650//a.a.a.m.a.injectedLambda$b$0(SourceFile)
	at #RaGIl.saYo(SourceFile:83)
	at #hvoSL.bBM(Unknown Source)
	at #hvoSL.accept(Unknown Source)
	at #ykMcj.slwQ(SourceFile:105)
	at #BrtKi.laL(Unknown Source)
	at #BrtKi.accept(Unknown Source)
	at #SmDYl.shof(SourceFile:59)
	at #vxdAh.blq(SourceFile)
	at #DRZva.smvZ(SourceFile:89)
	at #WblDI.sciG(SourceFile:100)
	at #DDMvh.hcz(SourceFile)
	at #GXpIT.slFh(SourceFile:75)
	at #acUkE.drn(SourceFile:650)
	at #qKRzt.skLS(Unknown Source:2396)
	at #hyWbW.satX(SourceFile:1837)
	at #RofNI.dB(SourceFile:43)
	at #GLnhB.run(SourceFile:32)
	at #GILEo.saUt(Unknown Source:40)
	at #sJuki.sfWB(SourceFile:11)
	at java.base/java.util.concurrent.FutureTask.run(Unknown Source)
	at #bfAok.sjvn(SourceFile:45)
	at #ptzkp.gXZ(SourceFile:52)
	at #gZdVe.sbpI(SourceFile:1466)
	at #UDDPE.sdDd(Unknown Source:1632)
	at #GMfdJ.sask(SourceFile:487)
	at net.minecraft.client.main.GameMain.iwR(SourceFile:220)
	at net.minecraft.client.main.GameMain.jtH(SourceFile:156)
	at #ZpHYL.i(Unknown Source)
	at #ZpHYL.run(Unknown Source)
	at java.base/java.lang.Thread.run(Unknown Source)
[20:40:02] [Client thread/INFO] [STDOUT]: a.a.d.a.c.a.f.a.i@19ac5f55
[20:41:18] [Client thread/INFO] [STDOUT]: a.a.d.a.c.a.f.a.i@775b6069
[20:41:27] [Client thread/INFO] [CHAT] [Астроном] P ┃ Tveiv [#178] » множитель денег вообще работает?
[20:41:28] [Client thread/INFO] [STDOUT]: a.a.d.a.c.a.f.a.i@57b08fa4
[20:41:39] [Client thread/INFO] [STDOUT]: a.a.d.a.c.a.f.a.i@109bb6e
[20:42:02] [Client thread/INFO] [STDOUT]: a.a.d.a.c.a.f.a.i@50ed1059
[20:42:11] [Client thread/ERROR] Error on handle event #BXBFw in Mod{name='SpaceTycoon', version='1.0.0+bc67650', persistent=false, delegate=a.a.d.a.a, modState=LOADED}
java.lang.AbstractMethodError: Receiver class a.a.d.a.e.g.c does not define or inherit an implementation of the resolved method 'abstract java.lang.Object invoke(java.lang.Object)' of interface kotlin.jvm.functions.Function1.
	at SpaceTycoon-v1.0.0+bc67650//a.a.d.a.e.g.b.a(SourceFile:46)
	at SpaceTycoon-v1.0.0+bc67650//a.a.d.a.e.g.b.injectedLambda$a$3(SourceFile)
	at java.base/java.util.HashMap$Values.forEach(Unknown Source)
	at SpaceTycoon-v1.0.0+bc67650//a.a.d.a.e.g.b.b(SourceFile:46)
	at SpaceTycoon-v1.0.0+bc67650//a.a.d.a.e.g.b.b(SourceFile:34)
	at SpaceTycoon-v1.0.0+bc67650//a.a.d.a.e.g.b.injectedLambda$b$1(SourceFile)
	at SpaceTycoon-v1.0.0+bc67650//a.a.a.m.a.b(SourceFile:58)
	at SpaceTycoon-v1.0.0+bc67650//a.a.a.m.a.injectedLambda$b$0(SourceFile)
	at #RaGIl.saYo(SourceFile:83)
	at #hvoSL.bBM(Unknown Source)
	at #hvoSL.accept(Unknown Source)
	at #ykMcj.slwQ(SourceFile:105)
	at #BrtKi.laL(Unknown Source)
	at #BrtKi.accept(Unknown Source)
	at #SmDYl.shof(SourceFile:59)
	at #vxdAh.blq(SourceFile)
	at #DRZva.smvZ(SourceFile:89)
	at #WblDI.sciG(SourceFile:100)
	at #DDMvh.hcz(SourceFile)
	at #GXpIT.slFh(SourceFile:75)
	at #acUkE.drn(SourceFile:650)
	at #qKRzt.skLS(Unknown Source:2396)
	at #hyWbW.satX(SourceFile:1837)
	at #RofNI.dB(SourceFile:43)
	at #GLnhB.run(SourceFile:32)
	at #GILEo.saUt(Unknown Source:40)
	at #sJuki.sfWB(SourceFile:11)
	at java.base/java.util.concurrent.FutureTask.run(Unknown Source)
	at #bfAok.sjvn(SourceFile:45)
	at #ptzkp.gXZ(SourceFile:52)
	at #gZdVe.sbpI(SourceFile:1466)
	at #UDDPE.sdDd(Unknown Source:1632)
	at #GMfdJ.sask(SourceFile:487)
	at net.minecraft.client.main.GameMain.iwR(SourceFile:220)
	at net.minecraft.client.main.GameMain.jtH(SourceFile:156)
	at #ZpHYL.i(Unknown Source)
	at #ZpHYL.run(Unknown Source)
	at java.base/java.lang.Thread.run(Unknown Source)
[20:42:11] [Client thread/ERROR] Error on handle event #BXBFw in Mod{name='SpaceTycoon', version='1.0.0+bc67650', persistent=false, delegate=a.a.d.a.a, modState=LOADED}
java.lang.AbstractMethodError: Receiver class a.a.d.a.e.g.c does not define or inherit an implementation of the resolved method 'abstract java.lang.Object invoke(java.lang.Object)' of interface kotlin.jvm.functions.Function1.
	at SpaceTycoon-v1.0.0+bc67650//a.a.d.a.e.g.b.a(SourceFile:46)
	at SpaceTycoon-v1.0.0+bc67650//a.a.d.a.e.g.b.injectedLambda$a$3(SourceFile)
	at java.base/java.util.HashMap$Values.forEach(Unknown Source)
	at SpaceTycoon-v1.0.0+bc67650//a.a.d.a.e.g.b.b(SourceFile:46)
	at SpaceTycoon-v1.0.0+bc67650//a.a.d.a.e.g.b.a(SourceFile:21)
	at SpaceTycoon-v1.0.0+bc67650//a.a.d.a.e.g.b.injectedLambda$a$0(SourceFile)
	at SpaceTycoon-v1.0.0+bc67650//a.a.a.m.a.b(SourceFile:58)
	at SpaceTycoon-v1.0.0+bc67650//a.a.a.m.a.injectedLambda$b$0(SourceFile)
	at #RaGIl.saYo(SourceFile:83)
	at #hvoSL.bBM(Unknown Source)
	at #hvoSL.accept(Unknown Source)
	at #ykMcj.slwQ(SourceFile:105)
	at #BrtKi.laL(Unknown Source)
	at #BrtKi.accept(Unknown Source)
	at #SmDYl.shof(SourceFile:59)
	at #vxdAh.blq(SourceFile)
	at #DRZva.smvZ(SourceFile:89)
	at #WblDI.sciG(SourceFile:100)
	at #DDMvh.hcz(SourceFile)
	at #GXpIT.slFh(SourceFile:75)
	at #acUkE.drn(SourceFile:650)
	at #qKRzt.skLS(Unknown Source:2396)
	at #hyWbW.satX(SourceFile:1837)
	at #RofNI.dB(SourceFile:43)
	at #GLnhB.run(SourceFile:32)
	at #GILEo.saUt(Unknown Source:40)
	at #sJuki.sfWB(SourceFile:11)
	at java.base/java.util.concurrent.FutureTask.run(Unknown Source)
	at #bfAok.sjvn(SourceFile:45)
	at #ptzkp.gXZ(SourceFile:52)
	at #gZdVe.sbpI(SourceFile:1466)
	at #UDDPE.sdDd(Unknown Source:1632)
	at #GMfdJ.sask(SourceFile:487)
	at net.minecraft.client.main.GameMain.iwR(SourceFile:220)
	at net.minecraft.client.main.GameMain.jtH(SourceFile:156)
	at #ZpHYL.i(Unknown Source)
	at #ZpHYL.run(Unknown Source)
	at java.base/java.lang.Thread.run(Unknown Source)
[20:42:39] [Client thread/INFO] [STDOUT]: a.a.d.a.c.a.f.a.i@252ccd0d
[20:43:00] [Client thread/INFO] [STDOUT]: a.a.d.a.c.a.f.a.i@e2ee130
[20:43:12] [Client thread/INFO] [STDOUT]: a.a.d.a.c.a.f.a.i@7e916cf4
[20:43:32] [Client thread/INFO] [STDOUT]: a.a.d.a.c.a.f.a.i@71afad66
[20:43:50] [Client thread/INFO] [STDOUT]: a.a.d.a.c.a.f.a.i@6b3ae3d1
[20:44:05] [Client thread/INFO] [STDOUT]: a.a.d.a.c.a.f.a.i@22df5787
[20:45:32] [Client thread/ERROR] Error on handle event #BXBFw in Mod{name='SpaceTycoon', version='1.0.0+bc67650', persistent=false, delegate=a.a.d.a.a, modState=LOADED}
java.lang.AbstractMethodError: Receiver class a.a.d.a.e.g.c does not define or inherit an implementation of the resolved method 'abstract java.lang.Object invoke(java.lang.Object)' of interface kotlin.jvm.functions.Function1.
	at SpaceTycoon-v1.0.0+bc67650//a.a.d.a.e.g.b.a(SourceFile:46)
	at SpaceTycoon-v1.0.0+bc67650//a.a.d.a.e.g.b.injectedLambda$a$3(SourceFile)
	at java.base/java.util.HashMap$Values.forEach(Unknown Source)
	at SpaceTycoon-v1.0.0+bc67650//a.a.d.a.e.g.b.b(SourceFile:46)
	at SpaceTycoon-v1.0.0+bc67650//a.a.d.a.e.g.b.b(SourceFile:34)
	at SpaceTycoon-v1.0.0+bc67650//a.a.d.a.e.g.b.injectedLambda$b$1(SourceFile)
	at SpaceTycoon-v1.0.0+bc67650//a.a.a.m.a.b(SourceFile:58)
	at SpaceTycoon-v1.0.0+bc67650//a.a.a.m.a.injectedLambda$b$0(SourceFile)
	at #RaGIl.saYo(SourceFile:83)
	at #hvoSL.bBM(Unknown Source)
	at #hvoSL.accept(Unknown Source)
	at #ykMcj.slwQ(SourceFile:105)
	at #BrtKi.laL(Unknown Source)
	at #BrtKi.accept(Unknown Source)
	at #SmDYl.shof(SourceFile:59)
	at #vxdAh.blq(SourceFile)
	at #DRZva.smvZ(SourceFile:89)
	at #WblDI.sciG(SourceFile:100)
	at #DDMvh.hcz(SourceFile)
	at #GXpIT.slFh(SourceFile:75)
	at #acUkE.drn(SourceFile:650)
	at #qKRzt.skLS(Unknown Source:2396)
	at #hyWbW.satX(SourceFile:1837)
	at #RofNI.dB(SourceFile:43)
	at #GLnhB.run(SourceFile:32)
	at #GILEo.saUt(Unknown Source:40)
	at #sJuki.sfWB(SourceFile:11)
	at java.base/java.util.concurrent.FutureTask.run(Unknown Source)
	at #bfAok.sjvn(SourceFile:45)
	at #ptzkp.gXZ(SourceFile:52)
	at #gZdVe.sbpI(SourceFile:1466)
	at #UDDPE.sdDd(Unknown Source:1632)
	at #GMfdJ.sask(SourceFile:487)
	at net.minecraft.client.main.GameMain.iwR(SourceFile:220)
	at net.minecraft.client.main.GameMain.jtH(SourceFile:156)
	at #ZpHYL.i(Unknown Source)
	at #ZpHYL.run(Unknown Source)
	at java.base/java.lang.Thread.run(Unknown Source)
[20:45:32] [Client thread/ERROR] Error on handle event #BXBFw in Mod{name='SpaceTycoon', version='1.0.0+bc67650', persistent=false, delegate=a.a.d.a.a, modState=LOADED}
java.lang.AbstractMethodError: Receiver class a.a.d.a.e.g.c does not define or inherit an implementation of the resolved method 'abstract java.lang.Object invoke(java.lang.Object)' of interface kotlin.jvm.functions.Function1.
	at SpaceTycoon-v1.0.0+bc67650//a.a.d.a.e.g.b.a(SourceFile:46)
	at SpaceTycoon-v1.0.0+bc67650//a.a.d.a.e.g.b.injectedLambda$a$3(SourceFile)
	at java.base/java.util.HashMap$Values.forEach(Unknown Source)
	at SpaceTycoon-v1.0.0+bc67650//a.a.d.a.e.g.b.b(SourceFile:46)
	at SpaceTycoon-v1.0.0+bc67650//a.a.d.a.e.g.b.a(SourceFile:21)
	at SpaceTycoon-v1.0.0+bc67650//a.a.d.a.e.g.b.injectedLambda$a$0(SourceFile)
	at SpaceTycoon-v1.0.0+bc67650//a.a.a.m.a.b(SourceFile:58)
	at SpaceTycoon-v1.0.0+bc67650//a.a.a.m.a.injectedLambda$b$0(SourceFile)
	at #RaGIl.saYo(SourceFile:83)
	at #hvoSL.bBM(Unknown Source)
	at #hvoSL.accept(Unknown Source)
	at #ykMcj.slwQ(SourceFile:105)
	at #BrtKi.laL(Unknown Source)
	at #BrtKi.accept(Unknown Source)
	at #SmDYl.shof(SourceFile:59)
	at #vxdAh.blq(SourceFile)
	at #DRZva.smvZ(SourceFile:89)
	at #WblDI.sciG(SourceFile:100)
	at #DDMvh.hcz(SourceFile)
	at #GXpIT.slFh(SourceFile:75)
	at #acUkE.drn(SourceFile:650)
	at #qKRzt.skLS(Unknown Source:2396)
	at #hyWbW.satX(SourceFile:1837)
	at #RofNI.dB(SourceFile:43)
	at #GLnhB.run(SourceFile:32)
	at #GILEo.saUt(Unknown Source:40)
	at #sJuki.sfWB(SourceFile:11)
	at java.base/java.util.concurrent.FutureTask.run(Unknown Source)
	at #bfAok.sjvn(SourceFile:45)
	at #ptzkp.gXZ(SourceFile:52)
	at #gZdVe.sbpI(SourceFile:1466)
	at #UDDPE.sdDd(Unknown Source:1632)
	at #GMfdJ.sask(SourceFile:487)
	at net.minecraft.client.main.GameMain.iwR(SourceFile:220)
	at net.minecraft.client.main.GameMain.jtH(SourceFile:156)
	at #ZpHYL.i(Unknown Source)
	at #ZpHYL.run(Unknown Source)
	at java.base/java.lang.Thread.run(Unknown Source)
[20:45:39] [Client thread/INFO] [CHAT] [Странник] ghjbnvew12341 [#249] » где блять фишки потратить
[20:45:51] [Client thread/INFO] [STDOUT]: a.a.d.a.c.a.f.a.i@7a7178de
[20:45:59] [Client thread/ERROR] Error on handle event #BXBFw in Mod{name='SpaceTycoon', version='1.0.0+bc67650', persistent=false, delegate=a.a.d.a.a, modState=LOADED}
java.lang.IndexOutOfBoundsException: index: 70, length: 1 (expected: range(0, 70))
	at io.netty.buffer.AbstractByteBuf.checkRangeBounds(AbstractByteBuf.java:1390)
	at io.netty.buffer.AbstractByteBuf.checkIndex0(AbstractByteBuf.java:1397)
	at io.netty.buffer.AbstractUnpooledSlicedByteBuf.getBytes(AbstractUnpooledSlicedByteBuf.java:242)
	at io.netty.buffer.ReadOnlyByteBuf.getBytes(ReadOnlyByteBuf.java:270)
	at io.netty.buffer.ByteBufUtil.decodeString(ByteBufUtil.java:1151)
	at io.netty.buffer.AbstractByteBuf.toString(AbstractByteBuf.java:1246)
	at dev.xdark.feder.NetUtil.readString0(NetUtil.java:833)
	at dev.xdark.feder.NetUtil.readUtf8(NetUtil.java:188)
	at SpaceTycoon-v1.0.0+bc67650//a.a.a.m.a.f(SourceFile:176)
	at SpaceTycoon-v1.0.0+bc67650//a.a.d.a.e.h.b.d(SourceFile:60)
	at SpaceTycoon-v1.0.0+bc67650//a.a.d.a.e.h.b.injectedLambda$d$3(SourceFile)
	at SpaceTycoon-v1.0.0+bc67650//a.a.a.m.a.b(SourceFile:58)
	at SpaceTycoon-v1.0.0+bc67650//a.a.a.m.a.injectedLambda$b$0(SourceFile)
	at #RaGIl.saYo(SourceFile:83)
	at #hvoSL.bBM(Unknown Source)
	at #hvoSL.accept(Unknown Source)
	at #ykMcj.slwQ(SourceFile:105)
	at #BrtKi.laL(Unknown Source)
	at #BrtKi.accept(Unknown Source)
	at #SmDYl.shof(SourceFile:59)
	at #vxdAh.blq(SourceFile)
	at #DRZva.smvZ(SourceFile:89)
	at #WblDI.sciG(SourceFile:100)
	at #DDMvh.hcz(SourceFile)
	at #GXpIT.slFh(SourceFile:75)
	at #acUkE.drn(SourceFile:650)
	at #qKRzt.skLS(Unknown Source:2396)
	at #hyWbW.satX(SourceFile:1837)
	at #RofNI.dB(SourceFile:43)
	at #GLnhB.run(SourceFile:32)
	at #GILEo.saUt(Unknown Source:40)
	at #sJuki.sfWB(SourceFile:11)
	at java.base/java.util.concurrent.FutureTask.run(Unknown Source)
	at #bfAok.sjvn(SourceFile:45)
	at #ptzkp.gXZ(SourceFile:52)
	at #gZdVe.sbpI(SourceFile:1466)
	at #UDDPE.sdDd(Unknown Source:1632)
	at #GMfdJ.sask(SourceFile:487)
	at net.minecraft.client.main.GameMain.iwR(SourceFile:220)
	at net.minecraft.client.main.GameMain.jtH(SourceFile:156)
	at #ZpHYL.i(Unknown Source)
	at #ZpHYL.run(Unknown Source)
	at java.base/java.lang.Thread.run(Unknown Source)
[20:46:20] [Client thread/ERROR] Error on handle event #BXBFw in Mod{name='SpaceTycoon', version='1.0.0+bc67650', persistent=false, delegate=a.a.d.a.a, modState=LOADED}
java.lang.IndexOutOfBoundsException: index: 70, length: 1 (expected: range(0, 70))
	at io.netty.buffer.AbstractByteBuf.checkRangeBounds(AbstractByteBuf.java:1390)
	at io.netty.buffer.AbstractByteBuf.checkIndex0(AbstractByteBuf.java:1397)
	at io.netty.buffer.AbstractUnpooledSlicedByteBuf.getBytes(AbstractUnpooledSlicedByteBuf.java:242)
	at io.netty.buffer.ReadOnlyByteBuf.getBytes(ReadOnlyByteBuf.java:270)
	at io.netty.buffer.ByteBufUtil.decodeString(ByteBufUtil.java:1151)
	at io.netty.buffer.AbstractByteBuf.toString(AbstractByteBuf.java:1246)
	at dev.xdark.feder.NetUtil.readString0(NetUtil.java:833)
	at dev.xdark.feder.NetUtil.readUtf8(NetUtil.java:188)
	at SpaceTycoon-v1.0.0+bc67650//a.a.a.m.a.f(SourceFile:176)
	at SpaceTycoon-v1.0.0+bc67650//a.a.d.a.e.h.b.d(SourceFile:60)
	at SpaceTycoon-v1.0.0+bc67650//a.a.d.a.e.h.b.injectedLambda$d$3(SourceFile)
	at SpaceTycoon-v1.0.0+bc67650//a.a.a.m.a.b(SourceFile:58)
	at SpaceTycoon-v1.0.0+bc67650//a.a.a.m.a.injectedLambda$b$0(SourceFile)
	at #RaGIl.saYo(SourceFile:83)
	at #hvoSL.bBM(Unknown Source)
	at #hvoSL.accept(Unknown Source)
	at #ykMcj.slwQ(SourceFile:105)
	at #BrtKi.laL(Unknown Source)
	at #BrtKi.accept(Unknown Source)
	at #SmDYl.shof(SourceFile:59)
	at #vxdAh.blq(SourceFile)
	at #DRZva.smvZ(SourceFile:89)
	at #WblDI.sciG(SourceFile:100)
	at #DDMvh.hcz(SourceFile)
	at #GXpIT.slFh(SourceFile:75)
	at #acUkE.drn(SourceFile:650)
	at #qKRzt.skLS(Unknown Source:2396)
	at #hyWbW.satX(SourceFile:1837)
	at #RofNI.dB(SourceFile:43)
	at #GLnhB.run(SourceFile:32)
	at #GILEo.saUt(Unknown Source:40)
	at #sJuki.sfWB(SourceFile:11)
	at java.base/java.util.concurrent.FutureTask.run(Unknown Source)
	at #bfAok.sjvn(SourceFile:45)
	at #ptzkp.gXZ(SourceFile:52)
	at #gZdVe.sbpI(SourceFile:1466)
	at #UDDPE.sdDd(Unknown Source:1632)
	at #GMfdJ.sask(SourceFile:487)
	at net.minecraft.client.main.GameMain.iwR(SourceFile:220)
	at net.minecraft.client.main.GameMain.jtH(SourceFile:156)
	at #ZpHYL.i(Unknown Source)
	at #ZpHYL.run(Unknown Source)
	at java.base/java.lang.Thread.run(Unknown Source)
[20:46:54] [Client thread/ERROR] Error on handle event #BXBFw in Mod{name='SpaceTycoon', version='1.0.0+bc67650', persistent=false, delegate=a.a.d.a.a, modState=LOADED}
java.lang.IndexOutOfBoundsException: index: 72, length: 109 (expected: range(0, 140))
	at io.netty.buffer.AbstractByteBuf.checkRangeBounds(AbstractByteBuf.java:1390)
	at io.netty.buffer.AbstractByteBuf.checkIndex0(AbstractByteBuf.java:1397)
	at io.netty.buffer.AbstractUnpooledSlicedByteBuf.getBytes(AbstractUnpooledSlicedByteBuf.java:242)
	at io.netty.buffer.ReadOnlyByteBuf.getBytes(ReadOnlyByteBuf.java:270)
	at io.netty.buffer.ByteBufUtil.decodeString(ByteBufUtil.java:1151)
	at io.netty.buffer.AbstractByteBuf.toString(AbstractByteBuf.java:1246)
	at dev.xdark.feder.NetUtil.readString0(NetUtil.java:833)
	at dev.xdark.feder.NetUtil.readUtf8(NetUtil.java:188)
	at SpaceTycoon-v1.0.0+bc67650//a.a.a.m.a.f(SourceFile:176)
	at SpaceTycoon-v1.0.0+bc67650//a.a.d.a.e.h.b.d(SourceFile:60)
	at SpaceTycoon-v1.0.0+bc67650//a.a.d.a.e.h.b.injectedLambda$d$3(SourceFile)
	at SpaceTycoon-v1.0.0+bc67650//a.a.a.m.a.b(SourceFile:58)
	at SpaceTycoon-v1.0.0+bc67650//a.a.a.m.a.injectedLambda$b$0(SourceFile)
	at #RaGIl.saYo(SourceFile:83)
	at #hvoSL.bBM(Unknown Source)
	at #hvoSL.accept(Unknown Source)
	at #ykMcj.slwQ(SourceFile:105)
	at #BrtKi.laL(Unknown Source)
	at #BrtKi.accept(Unknown Source)
	at #SmDYl.shof(SourceFile:59)
	at #vxdAh.blq(SourceFile)
	at #DRZva.smvZ(SourceFile:89)
	at #WblDI.sciG(SourceFile:100)
	at #DDMvh.hcz(SourceFile)
	at #GXpIT.slFh(SourceFile:75)
	at #acUkE.drn(SourceFile:650)
	at #qKRzt.skLS(Unknown Source:2396)
	at #hyWbW.satX(SourceFile:1837)
	at #RofNI.dB(SourceFile:43)
	at #GLnhB.run(SourceFile:32)
	at #GILEo.saUt(Unknown Source:40)
	at #sJuki.sfWB(SourceFile:11)
	at java.base/java.util.concurrent.FutureTask.run(Unknown Source)
	at #bfAok.sjvn(SourceFile:45)
	at #ptzkp.gXZ(SourceFile:52)
	at #gZdVe.sbpI(SourceFile:1466)
	at #UDDPE.sdDd(Unknown Source:1632)
	at #GMfdJ.sask(SourceFile:487)
	at net.minecraft.client.main.GameMain.iwR(SourceFile:220)
	at net.minecraft.client.main.GameMain.jtH(SourceFile:156)
	at #ZpHYL.i(Unknown Source)
	at #ZpHYL.run(Unknown Source)
	at java.base/java.lang.Thread.run(Unknown Source)
[20:46:58] [Client thread/INFO] [STDOUT]: a.a.d.a.c.a.f.a.i@509dc731
[20:47:02] [Client thread/INFO] [STDOUT]: a.a.d.a.c.a.f.a.i@6622db4
[20:47:21] [Client thread/INFO] [STDOUT]: a.a.d.a.c.a.f.a.i@4d57e7a
[20:47:25] [Client thread/INFO] [STDOUT]: a.a.d.a.c.a.f.a.i@7872155f
[20:47:28] [Client thread/INFO] [STDOUT]: a.a.d.a.c.a.f.a.i@4cddde97
[20:47:33] [Client thread/INFO] [STDOUT]: a.a.d.a.c.a.f.a.i@28e8ccdf
[20:48:07] [Client thread/INFO] [STDOUT]: a.a.d.a.c.a.f.a.i@567ea969
[20:48:09] [Client thread/INFO] [STDOUT]: a.a.d.a.c.a.f.a.i@3f88236f
[20:48:10] [Client thread/INFO] [STDOUT]: a.a.d.a.c.a.f.a.c@566576ba
[20:48:10] [Client thread/INFO] [STDOUT]: a.a.d.a.c.a.f.a.a@7a4a137e
[20:48:14] [Client thread/INFO] [STDOUT]: a.a.d.a.c.a.f.a.m@29405c6c
[20:48:16] [Client thread/INFO] [STDOUT]: a.a.d.a.c.a.f.a.k@1c7d725d
[20:48:17] [Client thread/INFO] [STDOUT]: a.a.d.a.c.a.f.a.i@726c4d6
[20:48:18] [Client thread/INFO] [STDOUT]: a.a.d.a.c.a.f.a.k@6027f66b
[20:48:28] [Client thread/INFO] [CHAT] [Экзопланет] V+ ┃ zxcdv_RU22 [#41] » На руды последние 2 улучшения есть смысл качать?
[20:48:29] [Client thread/INFO] [CHAT] [Сверхновая] P ┃ zder3456 [#48] » в профиле есть значение множитель денег и в нем числа делятся как через "," так и через "." после "." же это дробное число?
[20:49:09] [Client thread/INFO] [CHAT] [Сверхновая] P ┃ zder3456 [#48] » у меня значение 40,000.000, тоесть множитель у меня 40к?
[20:49:15] [Client thread/INFO] [CHAT] [Экзопланет] V+ ┃ zxcdv_RU22 [#41] » Да
[20:50:18] [Client thread/INFO] [CHAT] [Странник] KyBwuH [#234] » а
[20:50:25] [Client thread/INFO] [CHAT] [Странник] V ┃ AmirYTlogin [#195] » зачем токены?
[20:50:46] [Client thread/ERROR] Error on handle event #BXBFw in Mod{name='SpaceTycoon', version='1.0.0+bc67650', persistent=false, delegate=a.a.d.a.a, modState=LOADED}
java.lang.IndexOutOfBoundsException: index: 72, length: 109 (expected: range(0, 140))
	at io.netty.buffer.AbstractByteBuf.checkRangeBounds(AbstractByteBuf.java:1390)
	at io.netty.buffer.AbstractByteBuf.checkIndex0(AbstractByteBuf.java:1397)
	at io.netty.buffer.AbstractUnpooledSlicedByteBuf.getBytes(AbstractUnpooledSlicedByteBuf.java:242)
	at io.netty.buffer.ReadOnlyByteBuf.getBytes(ReadOnlyByteBuf.java:270)
	at io.netty.buffer.ByteBufUtil.decodeString(ByteBufUtil.java:1151)
	at io.netty.buffer.AbstractByteBuf.toString(AbstractByteBuf.java:1246)
	at dev.xdark.feder.NetUtil.readString0(NetUtil.java:833)
	at dev.xdark.feder.NetUtil.readUtf8(NetUtil.java:188)
	at SpaceTycoon-v1.0.0+bc67650//a.a.a.m.a.f(SourceFile:176)
	at SpaceTycoon-v1.0.0+bc67650//a.a.d.a.e.h.b.d(SourceFile:60)
	at SpaceTycoon-v1.0.0+bc67650//a.a.d.a.e.h.b.injectedLambda$d$3(SourceFile)
	at SpaceTycoon-v1.0.0+bc67650//a.a.a.m.a.b(SourceFile:58)
	at SpaceTycoon-v1.0.0+bc67650//a.a.a.m.a.injectedLambda$b$0(SourceFile)
	at #RaGIl.saYo(SourceFile:83)
	at #hvoSL.bBM(Unknown Source)
	at #hvoSL.accept(Unknown Source)
	at #ykMcj.slwQ(SourceFile:105)
	at #BrtKi.laL(Unknown Source)
	at #BrtKi.accept(Unknown Source)
	at #SmDYl.shof(SourceFile:59)
	at #vxdAh.blq(SourceFile)
	at #DRZva.smvZ(SourceFile:89)
	at #WblDI.sciG(SourceFile:100)
	at #DDMvh.hcz(SourceFile)
	at #GXpIT.slFh(SourceFile:75)
	at #acUkE.drn(SourceFile:650)
	at #qKRzt.skLS(Unknown Source:2396)
	at #hyWbW.satX(SourceFile:1837)
	at #RofNI.dB(SourceFile:43)
	at #GLnhB.run(SourceFile:32)
	at #GILEo.saUt(Unknown Source:40)
	at #sJuki.sfWB(SourceFile:11)
	at java.base/java.util.concurrent.FutureTask.run(Unknown Source)
	at #bfAok.sjvn(SourceFile:45)
	at #ptzkp.gXZ(SourceFile:52)
	at #gZdVe.sbpI(SourceFile:1466)
	at #UDDPE.sdDd(Unknown Source:1632)
	at #GMfdJ.sask(SourceFile:487)
	at net.minecraft.client.main.GameMain.iwR(SourceFile:220)
	at net.minecraft.client.main.GameMain.jtH(SourceFile:156)
	at #ZpHYL.i(Unknown Source)
	at #ZpHYL.run(Unknown Source)
	at java.base/java.lang.Thread.run(Unknown Source)
[20:52:01] [Client thread/INFO] [CHAT] Mrxkxy_js [#?] »  ребитх лучше делать когда скок минут приблизительно
[20:52:23] [Client thread/ERROR] Error on handle event #BXBFw in Mod{name='SpaceTycoon', version='1.0.0+bc67650', persistent=false, delegate=a.a.d.a.a, modState=LOADED}
java.lang.IndexOutOfBoundsException: index: 70, length: 1 (expected: range(0, 70))
	at io.netty.buffer.AbstractByteBuf.checkRangeBounds(AbstractByteBuf.java:1390)
	at io.netty.buffer.AbstractByteBuf.checkIndex0(AbstractByteBuf.java:1397)
	at io.netty.buffer.AbstractUnpooledSlicedByteBuf.getBytes(AbstractUnpooledSlicedByteBuf.java:242)
	at io.netty.buffer.ReadOnlyByteBuf.getBytes(ReadOnlyByteBuf.java:270)
	at io.netty.buffer.ByteBufUtil.decodeString(ByteBufUtil.java:1151)
	at io.netty.buffer.AbstractByteBuf.toString(AbstractByteBuf.java:1246)
	at dev.xdark.feder.NetUtil.readString0(NetUtil.java:833)
	at dev.xdark.feder.NetUtil.readUtf8(NetUtil.java:188)
	at SpaceTycoon-v1.0.0+bc67650//a.a.a.m.a.f(SourceFile:176)
	at SpaceTycoon-v1.0.0+bc67650//a.a.d.a.e.h.b.d(SourceFile:60)
	at SpaceTycoon-v1.0.0+bc67650//a.a.d.a.e.h.b.injectedLambda$d$3(SourceFile)
	at SpaceTycoon-v1.0.0+bc67650//a.a.a.m.a.b(SourceFile:58)
	at SpaceTycoon-v1.0.0+bc67650//a.a.a.m.a.injectedLambda$b$0(SourceFile)
	at #RaGIl.saYo(SourceFile:83)
	at #hvoSL.bBM(Unknown Source)
	at #hvoSL.accept(Unknown Source)
	at #ykMcj.slwQ(SourceFile:105)
	at #BrtKi.laL(Unknown Source)
	at #BrtKi.accept(Unknown Source)
	at #SmDYl.shof(SourceFile:59)
	at #vxdAh.blq(SourceFile)
	at #DRZva.smvZ(SourceFile:89)
	at #WblDI.sciG(SourceFile:100)
	at #DDMvh.hcz(SourceFile)
	at #GXpIT.slFh(SourceFile:75)
	at #acUkE.drn(SourceFile:650)
	at #qKRzt.skLS(Unknown Source:2396)
	at #hyWbW.satX(SourceFile:1837)
	at #RofNI.dB(SourceFile:43)
	at #GLnhB.run(SourceFile:32)
	at #GILEo.saUt(Unknown Source:40)
	at #sJuki.sfWB(SourceFile:11)
	at java.base/java.util.concurrent.FutureTask.run(Unknown Source)
	at #bfAok.sjvn(SourceFile:45)
	at #ptzkp.gXZ(SourceFile:52)
	at #gZdVe.sbpI(SourceFile:1466)
	at #UDDPE.sdDd(Unknown Source:1632)
	at #GMfdJ.sask(SourceFile:487)
	at net.minecraft.client.main.GameMain.iwR(SourceFile:220)
	at net.minecraft.client.main.GameMain.jtH(SourceFile:156)
	at #ZpHYL.i(Unknown Source)
	at #ZpHYL.run(Unknown Source)
	at java.base/java.lang.Thread.run(Unknown Source)
[20:53:43] [Client thread/INFO] [CHAT] [Странник] P+ ┃ bezuprechnyi [#209] »  а это норм что пишет пожар а его нет?...
[20:53:57] [Client thread/INFO] [CHAT] [Буревест] HE ┃ Unick55 [#29] » поищи получше либо перезайди
[20:54:32] [Client thread/INFO] [CHAT] [Странник] P+ ┃ bezuprechnyi [#209] »  р появился
[20:54:49] [Client thread/INFO] [CHAT] [Буревест] HE ┃ Unick55 [#29] » перезашел?
[20:54:54] [Client thread/INFO] [CHAT] [Странник] P+ ┃ bezuprechnyi [#209] »  да
[20:56:03] [Client thread/ERROR] Error on handle event #BXBFw in Mod{name='SpaceTycoon', version='1.0.0+bc67650', persistent=false, delegate=a.a.d.a.a, modState=LOADED}
java.lang.IndexOutOfBoundsException: index: 70, length: 1 (expected: range(0, 70))
	at io.netty.buffer.AbstractByteBuf.checkRangeBounds(AbstractByteBuf.java:1390)
	at io.netty.buffer.AbstractByteBuf.checkIndex0(AbstractByteBuf.java:1397)
	at io.netty.buffer.AbstractUnpooledSlicedByteBuf.getBytes(AbstractUnpooledSlicedByteBuf.java:242)
	at io.netty.buffer.ReadOnlyByteBuf.getBytes(ReadOnlyByteBuf.java:270)
	at io.netty.buffer.ByteBufUtil.decodeString(ByteBufUtil.java:1151)
	at io.netty.buffer.AbstractByteBuf.toString(AbstractByteBuf.java:1246)
	at dev.xdark.feder.NetUtil.readString0(NetUtil.java:833)
	at dev.xdark.feder.NetUtil.readUtf8(NetUtil.java:188)
	at SpaceTycoon-v1.0.0+bc67650//a.a.a.m.a.f(SourceFile:176)
	at SpaceTycoon-v1.0.0+bc67650//a.a.d.a.e.h.b.d(SourceFile:60)
	at SpaceTycoon-v1.0.0+bc67650//a.a.d.a.e.h.b.injectedLambda$d$3(SourceFile)
	at SpaceTycoon-v1.0.0+bc67650//a.a.a.m.a.b(SourceFile:58)
	at SpaceTycoon-v1.0.0+bc67650//a.a.a.m.a.injectedLambda$b$0(SourceFile)
	at #RaGIl.saYo(SourceFile:83)
	at #hvoSL.bBM(Unknown Source)
	at #hvoSL.accept(Unknown Source)
	at #ykMcj.slwQ(SourceFile:105)
	at #BrtKi.laL(Unknown Source)
	at #BrtKi.accept(Unknown Source)
	at #SmDYl.shof(SourceFile:59)
	at #vxdAh.blq(SourceFile)
	at #DRZva.smvZ(SourceFile:89)
	at #WblDI.sciG(SourceFile:100)
	at #DDMvh.hcz(SourceFile)
	at #GXpIT.slFh(SourceFile:75)
	at #acUkE.drn(SourceFile:650)
	at #qKRzt.skLS(Unknown Source:2396)
	at #hyWbW.satX(SourceFile:1837)
	at #RofNI.dB(SourceFile:43)
	at #GLnhB.run(SourceFile:32)
	at #GILEo.saUt(Unknown Source:40)
	at #sJuki.sfWB(SourceFile:11)
	at java.base/java.util.concurrent.FutureTask.run(Unknown Source)
	at #bfAok.sjvn(SourceFile:45)
	at #ptzkp.gXZ(SourceFile:52)
	at #gZdVe.sbpI(SourceFile:1466)
	at #UDDPE.sdDd(Unknown Source:1632)
	at #GMfdJ.sask(SourceFile:487)
	at net.minecraft.client.main.GameMain.iwR(SourceFile:220)
	at net.minecraft.client.main.GameMain.jtH(SourceFile:156)
	at #ZpHYL.i(Unknown Source)
	at #ZpHYL.run(Unknown Source)
	at java.base/java.lang.Thread.run(Unknown Source)
[20:56:24] [Client thread/INFO] [STDOUT]: a.a.d.a.c.a.f.a.i@321d2c3
[20:58:06] [Client thread/INFO] [STDOUT]: a.a.d.a.c.a.f.a.i@4183b34a
[20:58:20] [Client thread/ERROR] Error on handle event #BXBFw in Mod{name='SpaceTycoon', version='1.0.0+bc67650', persistent=false, delegate=a.a.d.a.a, modState=LOADED}
java.lang.IndexOutOfBoundsException: index: 70, length: 1 (expected: range(0, 70))
	at io.netty.buffer.AbstractByteBuf.checkRangeBounds(AbstractByteBuf.java:1390)
	at io.netty.buffer.AbstractByteBuf.checkIndex0(AbstractByteBuf.java:1397)
	at io.netty.buffer.AbstractUnpooledSlicedByteBuf.getBytes(AbstractUnpooledSlicedByteBuf.java:242)
	at io.netty.buffer.ReadOnlyByteBuf.getBytes(ReadOnlyByteBuf.java:270)
	at io.netty.buffer.ByteBufUtil.decodeString(ByteBufUtil.java:1151)
	at io.netty.buffer.AbstractByteBuf.toString(AbstractByteBuf.java:1246)
	at dev.xdark.feder.NetUtil.readString0(NetUtil.java:833)
	at dev.xdark.feder.NetUtil.readUtf8(NetUtil.java:188)
	at SpaceTycoon-v1.0.0+bc67650//a.a.a.m.a.f(SourceFile:176)
	at SpaceTycoon-v1.0.0+bc67650//a.a.d.a.e.h.b.d(SourceFile:60)
	at SpaceTycoon-v1.0.0+bc67650//a.a.d.a.e.h.b.injectedLambda$d$3(SourceFile)
	at SpaceTycoon-v1.0.0+bc67650//a.a.a.m.a.b(SourceFile:58)
	at SpaceTycoon-v1.0.0+bc67650//a.a.a.m.a.injectedLambda$b$0(SourceFile)
	at #RaGIl.saYo(SourceFile:83)
	at #hvoSL.bBM(Unknown Source)
	at #hvoSL.accept(Unknown Source)
	at #ykMcj.slwQ(SourceFile:105)
	at #BrtKi.laL(Unknown Source)
	at #BrtKi.accept(Unknown Source)
	at #SmDYl.shof(SourceFile:59)
	at #vxdAh.blq(SourceFile)
	at #DRZva.smvZ(SourceFile:89)
	at #WblDI.sciG(SourceFile:100)
	at #DDMvh.hcz(SourceFile)
	at #GXpIT.slFh(SourceFile:75)
	at #acUkE.drn(SourceFile:650)
	at #qKRzt.skLS(Unknown Source:2396)
	at #hyWbW.satX(SourceFile:1837)
	at #RofNI.dB(SourceFile:43)
	at #GLnhB.run(SourceFile:32)
	at #GILEo.saUt(Unknown Source:40)
	at #sJuki.sfWB(SourceFile:11)
	at java.base/java.util.concurrent.FutureTask.run(Unknown Source)
	at #bfAok.sjvn(SourceFile:45)
	at #ptzkp.gXZ(SourceFile:52)
	at #gZdVe.sbpI(SourceFile:1466)
	at #UDDPE.sdDd(Unknown Source:1632)
	at #GMfdJ.sask(SourceFile:487)
	at net.minecraft.client.main.GameMain.iwR(SourceFile:220)
	at net.minecraft.client.main.GameMain.jtH(SourceFile:156)
	at #ZpHYL.i(Unknown Source)
	at #ZpHYL.run(Unknown Source)
	at java.base/java.lang.Thread.run(Unknown Source)
[20:58:28] [Client thread/INFO] [STDOUT]: a.a.d.a.c.a.f.a.i@65710fa4
[21:00:40] [Client thread/ERROR] Error on handle event #BXBFw in Mod{name='SpaceTycoon', version='1.0.0+bc67650', persistent=false, delegate=a.a.d.a.a, modState=LOADED}
java.lang.IndexOutOfBoundsException: index: 70, length: 1 (expected: range(0, 70))
	at io.netty.buffer.AbstractByteBuf.checkRangeBounds(AbstractByteBuf.java:1390)
	at io.netty.buffer.AbstractByteBuf.checkIndex0(AbstractByteBuf.java:1397)
	at io.netty.buffer.AbstractUnpooledSlicedByteBuf.getBytes(AbstractUnpooledSlicedByteBuf.java:242)
	at io.netty.buffer.ReadOnlyByteBuf.getBytes(ReadOnlyByteBuf.java:270)
	at io.netty.buffer.ByteBufUtil.decodeString(ByteBufUtil.java:1151)
	at io.netty.buffer.AbstractByteBuf.toString(AbstractByteBuf.java:1246)
	at dev.xdark.feder.NetUtil.readString0(NetUtil.java:833)
	at dev.xdark.feder.NetUtil.readUtf8(NetUtil.java:188)
	at SpaceTycoon-v1.0.0+bc67650//a.a.a.m.a.f(SourceFile:176)
	at SpaceTycoon-v1.0.0+bc67650//a.a.d.a.e.h.b.d(SourceFile:60)
	at SpaceTycoon-v1.0.0+bc67650//a.a.d.a.e.h.b.injectedLambda$d$3(SourceFile)
	at SpaceTycoon-v1.0.0+bc67650//a.a.a.m.a.b(SourceFile:58)
	at SpaceTycoon-v1.0.0+bc67650//a.a.a.m.a.injectedLambda$b$0(SourceFile)
	at #RaGIl.saYo(SourceFile:83)
	at #hvoSL.bBM(Unknown Source)
	at #hvoSL.accept(Unknown Source)
	at #ykMcj.slwQ(SourceFile:105)
	at #BrtKi.laL(Unknown Source)
	at #BrtKi.accept(Unknown Source)
	at #SmDYl.shof(SourceFile:59)
	at #vxdAh.blq(SourceFile)
	at #DRZva.smvZ(SourceFile:89)
	at #WblDI.sciG(SourceFile:100)
	at #DDMvh.hcz(SourceFile)
	at #GXpIT.slFh(SourceFile:75)
	at #acUkE.drn(SourceFile:650)
	at #qKRzt.skLS(Unknown Source:2396)
	at #hyWbW.satX(SourceFile:1837)
	at #RofNI.dB(SourceFile:43)
	at #GLnhB.run(SourceFile:32)
	at #GILEo.saUt(Unknown Source:40)
	at #sJuki.sfWB(SourceFile:11)
	at java.base/java.util.concurrent.FutureTask.run(Unknown Source)
	at #bfAok.sjvn(SourceFile:45)
	at #ptzkp.gXZ(SourceFile:52)
	at #gZdVe.sbpI(SourceFile:1466)
	at #UDDPE.sdDd(Unknown Source:1632)
	at #GMfdJ.sask(SourceFile:487)
	at net.minecraft.client.main.GameMain.iwR(SourceFile:220)
	at net.minecraft.client.main.GameMain.jtH(SourceFile:156)
	at #ZpHYL.i(Unknown Source)
	at #ZpHYL.run(Unknown Source)
	at java.base/java.lang.Thread.run(Unknown Source)
[21:00:50] [Client thread/INFO] [CHAT] [Нейтрон] S ┃ CyFrodo [#3] » скучноо
[21:01:08] [Client thread/INFO] [CHAT] [Экзопланет] V+ ┃ zxcdv_RU22 [#40] » А почему битвы нету?
[21:01:13] [Client thread/INFO] [CHAT] [Нейтрон] S ┃ CyFrodo [#3] » в четный час
[21:01:16] [Client thread/INFO] [CHAT] [Нейтрон] S ┃ CyFrodo [#3] » по мск
[21:01:21] [Client thread/INFO] [CHAT] datecs [#?] »  а как поменять скин себе бесплатно
[21:01:21] [Client thread/INFO] [CHAT] [Экзопланет] V+ ┃ zxcdv_RU22 [#40] » Ааа, понял, пасиб
[21:01:40] [Client thread/INFO] [CHAT] datecs [#?] »  а как поменять скин себе бесплатно
[21:01:48] [Client thread/INFO] [CHAT] [Экзопланет] V+ ┃ zxcdv_RU22 [#40] » Никак
[21:01:51] [Client thread/ERROR] Error on handle event #BXBFw in Mod{name='SpaceTycoon', version='1.0.0+bc67650', persistent=false, delegate=a.a.d.a.a, modState=LOADED}
java.lang.IndexOutOfBoundsException: index: 70, length: 1 (expected: range(0, 70))
	at io.netty.buffer.AbstractByteBuf.checkRangeBounds(AbstractByteBuf.java:1390)
	at io.netty.buffer.AbstractByteBuf.checkIndex0(AbstractByteBuf.java:1397)
	at io.netty.buffer.AbstractUnpooledSlicedByteBuf.getBytes(AbstractUnpooledSlicedByteBuf.java:242)
	at io.netty.buffer.ReadOnlyByteBuf.getBytes(ReadOnlyByteBuf.java:270)
	at io.netty.buffer.ByteBufUtil.decodeString(ByteBufUtil.java:1151)
	at io.netty.buffer.AbstractByteBuf.toString(AbstractByteBuf.java:1246)
	at dev.xdark.feder.NetUtil.readString0(NetUtil.java:833)
	at dev.xdark.feder.NetUtil.readUtf8(NetUtil.java:188)
	at SpaceTycoon-v1.0.0+bc67650//a.a.a.m.a.f(SourceFile:176)
	at SpaceTycoon-v1.0.0+bc67650//a.a.d.a.e.h.b.d(SourceFile:60)
	at SpaceTycoon-v1.0.0+bc67650//a.a.d.a.e.h.b.injectedLambda$d$3(SourceFile)
	at SpaceTycoon-v1.0.0+bc67650//a.a.a.m.a.b(SourceFile:58)
	at SpaceTycoon-v1.0.0+bc67650//a.a.a.m.a.injectedLambda$b$0(SourceFile)
	at #RaGIl.saYo(SourceFile:83)
	at #hvoSL.bBM(Unknown Source)
	at #hvoSL.accept(Unknown Source)
	at #ykMcj.slwQ(SourceFile:105)
	at #BrtKi.laL(Unknown Source)
	at #BrtKi.accept(Unknown Source)
	at #SmDYl.shof(SourceFile:59)
	at #vxdAh.blq(SourceFile)
	at #DRZva.smvZ(SourceFile:89)
	at #WblDI.sciG(SourceFile:100)
	at #DDMvh.hcz(SourceFile)
	at #GXpIT.slFh(SourceFile:75)
	at #acUkE.drn(SourceFile:650)
	at #qKRzt.skLS(Unknown Source:2396)
	at #hyWbW.satX(SourceFile:1837)
	at #RofNI.dB(SourceFile:43)
	at #GLnhB.run(SourceFile:32)
	at #GILEo.saUt(Unknown Source:40)
	at #sJuki.sfWB(SourceFile:11)
	at java.base/java.util.concurrent.FutureTask.run(Unknown Source)
	at #bfAok.sjvn(SourceFile:45)
	at #ptzkp.gXZ(SourceFile:52)
	at #gZdVe.sbpI(SourceFile:1466)
	at #UDDPE.sdDd(Unknown Source:1632)
	at #GMfdJ.sask(SourceFile:487)
	at net.minecraft.client.main.GameMain.iwR(SourceFile:220)
	at net.minecraft.client.main.GameMain.jtH(SourceFile:156)
	at #ZpHYL.i(Unknown Source)
	at #ZpHYL.run(Unknown Source)
	at java.base/java.lang.Thread.run(Unknown Source)
[21:01:54] [Client thread/INFO] [CHAT] datecs [#?] »  рил
[21:01:55] [Client thread/INFO] [CHAT] [Гравитатор] H ┃ SKIN4IK  [#130] » На сайте cristalix
[21:02:15] [Client thread/INFO] [CHAT] [Экзопланет] V+ ┃ zxcdv_RU22 [#40] » Ну там же за криссталики
[21:02:23] [Client thread/INFO] [CHAT] [Экзопланет] V+ ┃ zxcdv_RU22 [#40] » Или я что то путаю?
[21:02:27] [Client thread/INFO] [CHAT] [Астроном] dointorer [#152] »  нет
[21:02:47] [Client thread/INFO] [CHAT] [Нейтрон] S ┃ CyFrodo [#3] » я придумал бизнес
[21:02:51] [Client thread/ERROR] Error on handle event #BXBFw in Mod{name='SpaceTycoon', version='1.0.0+bc67650', persistent=false, delegate=a.a.d.a.a, modState=LOADED}
java.lang.IndexOutOfBoundsException: index: 70, length: 1 (expected: range(0, 70))
	at io.netty.buffer.AbstractByteBuf.checkRangeBounds(AbstractByteBuf.java:1390)
	at io.netty.buffer.AbstractByteBuf.checkIndex0(AbstractByteBuf.java:1397)
	at io.netty.buffer.AbstractUnpooledSlicedByteBuf.getBytes(AbstractUnpooledSlicedByteBuf.java:242)
	at io.netty.buffer.ReadOnlyByteBuf.getBytes(ReadOnlyByteBuf.java:270)
	at io.netty.buffer.ByteBufUtil.decodeString(ByteBufUtil.java:1151)
	at io.netty.buffer.AbstractByteBuf.toString(AbstractByteBuf.java:1246)
	at dev.xdark.feder.NetUtil.readString0(NetUtil.java:833)
	at dev.xdark.feder.NetUtil.readUtf8(NetUtil.java:188)
	at SpaceTycoon-v1.0.0+bc67650//a.a.a.m.a.f(SourceFile:176)
	at SpaceTycoon-v1.0.0+bc67650//a.a.d.a.e.h.b.d(SourceFile:60)
	at SpaceTycoon-v1.0.0+bc67650//a.a.d.a.e.h.b.injectedLambda$d$3(SourceFile)
	at SpaceTycoon-v1.0.0+bc67650//a.a.a.m.a.b(SourceFile:58)
	at SpaceTycoon-v1.0.0+bc67650//a.a.a.m.a.injectedLambda$b$0(SourceFile)
	at #RaGIl.saYo(SourceFile:83)
	at #hvoSL.bBM(Unknown Source)
	at #hvoSL.accept(Unknown Source)
	at #ykMcj.slwQ(SourceFile:105)
	at #BrtKi.laL(Unknown Source)
	at #BrtKi.accept(Unknown Source)
	at #SmDYl.shof(SourceFile:59)
	at #vxdAh.blq(SourceFile)
	at #DRZva.smvZ(SourceFile:89)
	at #WblDI.sciG(SourceFile:100)
	at #DDMvh.hcz(SourceFile)
	at #GXpIT.slFh(SourceFile:75)
	at #acUkE.drn(SourceFile:650)
	at #qKRzt.skLS(Unknown Source:2396)
	at #hyWbW.satX(SourceFile:1837)
	at #RofNI.dB(SourceFile:43)
	at #GLnhB.run(SourceFile:32)
	at #GILEo.saUt(Unknown Source:40)
	at #sJuki.sfWB(SourceFile:11)
	at java.base/java.util.concurrent.FutureTask.run(Unknown Source)
	at #bfAok.sjvn(SourceFile:45)
	at #ptzkp.gXZ(SourceFile:52)
	at #gZdVe.sbpI(SourceFile:1466)
	at #UDDPE.sdDd(Unknown Source:1632)
	at #GMfdJ.sask(SourceFile:487)
	at net.minecraft.client.main.GameMain.iwR(SourceFile:220)
	at net.minecraft.client.main.GameMain.jtH(SourceFile:156)
	at #ZpHYL.i(Unknown Source)
	at #ZpHYL.run(Unknown Source)
	at java.base/java.lang.Thread.run(Unknown Source)
[21:02:54] [Client thread/INFO] [CHAT] [Нейтрон] S ┃ CyFrodo [#3] » но надо уточнить легально ли такое
[21:02:57] [Client thread/ERROR] Error on handle event #BXBFw in Mod{name='SpaceTycoon', version='1.0.0+bc67650', persistent=false, delegate=a.a.d.a.a, modState=LOADED}
java.lang.IndexOutOfBoundsException: index: 70, length: 1 (expected: range(0, 70))
	at io.netty.buffer.AbstractByteBuf.checkRangeBounds(AbstractByteBuf.java:1390)
	at io.netty.buffer.AbstractByteBuf.checkIndex0(AbstractByteBuf.java:1397)
	at io.netty.buffer.AbstractUnpooledSlicedByteBuf.getBytes(AbstractUnpooledSlicedByteBuf.java:242)
	at io.netty.buffer.ReadOnlyByteBuf.getBytes(ReadOnlyByteBuf.java:270)
	at io.netty.buffer.ByteBufUtil.decodeString(ByteBufUtil.java:1151)
	at io.netty.buffer.AbstractByteBuf.toString(AbstractByteBuf.java:1246)
	at dev.xdark.feder.NetUtil.readString0(NetUtil.java:833)
	at dev.xdark.feder.NetUtil.readUtf8(NetUtil.java:188)
	at SpaceTycoon-v1.0.0+bc67650//a.a.a.m.a.f(SourceFile:176)
	at SpaceTycoon-v1.0.0+bc67650//a.a.d.a.e.h.b.d(SourceFile:60)
	at SpaceTycoon-v1.0.0+bc67650//a.a.d.a.e.h.b.injectedLambda$d$3(SourceFile)
	at SpaceTycoon-v1.0.0+bc67650//a.a.a.m.a.b(SourceFile:58)
	at SpaceTycoon-v1.0.0+bc67650//a.a.a.m.a.injectedLambda$b$0(SourceFile)
	at #RaGIl.saYo(SourceFile:83)
	at #hvoSL.bBM(Unknown Source)
	at #hvoSL.accept(Unknown Source)
	at #ykMcj.slwQ(SourceFile:105)
	at #BrtKi.laL(Unknown Source)
	at #BrtKi.accept(Unknown Source)
	at #SmDYl.shof(SourceFile:59)
	at #vxdAh.blq(SourceFile)
	at #DRZva.smvZ(SourceFile:89)
	at #WblDI.sciG(SourceFile:100)
	at #DDMvh.hcz(SourceFile)
	at #GXpIT.slFh(SourceFile:75)
	at #acUkE.drn(SourceFile:650)
	at #qKRzt.skLS(Unknown Source:2396)
	at #hyWbW.satX(SourceFile:1837)
	at #RofNI.dB(SourceFile:43)
	at #GLnhB.run(SourceFile:32)
	at #GILEo.saUt(Unknown Source:40)
	at #sJuki.sfWB(SourceFile:11)
	at java.base/java.util.concurrent.FutureTask.run(Unknown Source)
	at #bfAok.sjvn(SourceFile:45)
	at #ptzkp.gXZ(SourceFile:52)
	at #gZdVe.sbpI(SourceFile:1466)
	at #UDDPE.sdDd(Unknown Source:1632)
	at #GMfdJ.sask(SourceFile:487)
	at net.minecraft.client.main.GameMain.iwR(SourceFile:220)
	at net.minecraft.client.main.GameMain.jtH(SourceFile:156)
	at #ZpHYL.i(Unknown Source)
	at #ZpHYL.run(Unknown Source)
	at java.base/java.lang.Thread.run(Unknown Source)
[21:03:04] [Client thread/INFO] [CHAT] [Астроном] P ┃ Tveiv [#175] » нелегально.
[21:03:05] [Client thread/INFO] [STDOUT]: a.a.d.a.c.a.f.a.i@7ed72377
[21:03:06] [Client thread/INFO] [CHAT] [Созвездие] Mayk1xq [#?] » нелегально
[21:03:08] [Client thread/INFO] [CHAT] [Нейтрон] S ┃ CyFrodo [#3] » понял
[21:03:11] [Client thread/INFO] [CHAT] [Экзопланет] V+ ┃ zxcdv_RU22 [#40] » Поставки в Авган?
[21:03:14] [Client thread/INFO] [CHAT] [Экзопланет] V+ ┃ zxcdv_RU22 [#40] » Легально
[21:03:22] [Client thread/INFO] [CHAT] [Нейтрон] S ┃ CyFrodo [#3] » )
[21:03:30] [Client thread/INFO] [CHAT] [Буревест] Savva2 [#32] » а вот что за стёб у лег с "До 8 характеристик" тут же всего 5 их?
[21:03:38] [Client thread/INFO] [CHAT] [Астроном] dointorer [#152] » ну
[21:03:39] [Client thread/INFO] [CHAT] [Нейтрон] S ┃ CyFrodo [#3] » там может и 2 быть
[21:03:42] [Client thread/INFO] [CHAT] [Астроном] dointorer [#152] » до а не от
[21:03:50] [Client thread/INFO] [CHAT] [Нейтрон] S ┃ CyFrodo [#3] » там просто падает более 1 статки
[21:03:57] [Client thread/INFO] [CHAT] [Нейтрон] S ┃ CyFrodo [#3] » типо у тебя падает пет на 10-15% монет
[21:03:59] [Client thread/INFO] [CHAT] [Исследователь] HE ┃ AzureDvd5 [#318] » Когда битва?
[21:04:05] [Client thread/INFO] [CHAT] [Нейтрон] S ┃ CyFrodo [#3] » 10-15% это 1 статка
[21:04:11] [Client thread/INFO] [CHAT] [Нейтрон] S ┃ CyFrodo [#3] » а у тебя может быть хоть 75% монет
[21:04:14] [Client thread/INFO] [CHAT] [Экзопланет] V+ ┃ zxcdv_RU22 [#40] » Через час битва
[21:04:14] [Client thread/INFO] [CHAT] [Астроном] dointorer [#152] » макс лвл пета какой
[21:04:15] [Client thread/INFO] [CHAT] [Буревест] Savva2 [#32] » не разу не пало с двумя одинаковыми статоми на одном пэте
[21:04:16] [Client thread/INFO] [CHAT] [Нейтрон] S ┃ CyFrodo [#3] » лан непонятно объянил
[21:04:22] [Client thread/INFO] [CHAT] [Нейтрон] S ┃ CyFrodo [#3] » оно не будет писать
[21:04:22] [Client thread/INFO] [CHAT] [Экзопланет] V+ ┃ zxcdv_RU22 [#40] » Легендарного 16
[21:04:25] [Client thread/INFO] [CHAT] [Аномал] P ┃ _ЛюбитеКотиков_ [#8] » го понятнее
[21:04:25] [Client thread/INFO] [CHAT] [Буревест] HE ┃ Unick55 [#29] » да норм как будто
[21:04:26] [Client thread/INFO] [CHAT] [Нейтрон] S ┃ CyFrodo [#2] » оно проценты сразу сумирует
[21:04:29] [Client thread/INFO] [CHAT] [Нейтрон] S ┃ CyFrodo [#2] » суммирует
[21:04:30] [Client thread/INFO] [CHAT] [Астроном] dointorer [#151] » понял
[21:04:31] [Client thread/INFO] [CHAT] [Буревест] HE ┃ Unick55 [#29] » там разные статы могут стакаться
[21:04:41] [Client thread/INFO] [CHAT] [Буревест] MVP ┃ 777_Хлебка_777 [#32] » битва через час
[21:04:44] [Client thread/INFO] [CHAT] [Нейтрон] S ┃ CyFrodo [#2] » да я хз как для новичков это объяснить
[21:04:45] [Client thread/INFO] [CHAT] [Комета] V ┃ LamboToon [#273] » это кайфууун
[21:04:51] [Client thread/INFO] [CHAT] [Аномал] P ┃ _ЛюбитеКотиков_ [#8] » ну
[21:04:53] [Client thread/INFO] [CHAT] [Комета] V ┃ LamboToon [#273] » это кайфун
[21:04:53] [Client thread/INFO] [CHAT] [Буревест] HE ┃ Unick55 [#29] » сами поймут
[21:04:55] [Client thread/INFO] [CHAT] [Аномал] P ┃ _ЛюбитеКотиков_ [#8] » какнибудь
[21:04:59] [Client thread/INFO] [CHAT] [Буревест] HE ┃ Unick55 [#29] » как подольше поиграют
[21:05:21] [Client thread/INFO] [CHAT] [Нейтрон] S ┃ CyFrodo [#2] » когда мне уже персу за топ выдадут ааа
[21:05:40] [Client thread/INFO] [CHAT] [Аномал] P ┃ _ЛюбитеКотиков_ [#8] » за 1 катка в млке - 1.5 sp
[21:05:43] [Client thread/INFO] [CHAT] [Аномал] P ┃ _ЛюбитеКотиков_ [#8] » хм
[21:05:47] [Client thread/INFO] [CHAT] [Союз] T ┃ xKeEpeR_ [#18] » агаа
[21:05:50] [Client thread/ERROR] Error on handle event #BXBFw in Mod{name='SpaceTycoon', version='1.0.0+bc67650', persistent=false, delegate=a.a.d.a.a, modState=LOADED}
java.lang.IndexOutOfBoundsException: index: 70, length: 1 (expected: range(0, 70))
	at io.netty.buffer.AbstractByteBuf.checkRangeBounds(AbstractByteBuf.java:1390)
	at io.netty.buffer.AbstractByteBuf.checkIndex0(AbstractByteBuf.java:1397)
	at io.netty.buffer.AbstractUnpooledSlicedByteBuf.getBytes(AbstractUnpooledSlicedByteBuf.java:242)
	at io.netty.buffer.ReadOnlyByteBuf.getBytes(ReadOnlyByteBuf.java:270)
	at io.netty.buffer.ByteBufUtil.decodeString(ByteBufUtil.java:1151)
	at io.netty.buffer.AbstractByteBuf.toString(AbstractByteBuf.java:1246)
	at dev.xdark.feder.NetUtil.readString0(NetUtil.java:833)
	at dev.xdark.feder.NetUtil.readUtf8(NetUtil.java:188)
	at SpaceTycoon-v1.0.0+bc67650//a.a.a.m.a.f(SourceFile:176)
	at SpaceTycoon-v1.0.0+bc67650//a.a.d.a.e.h.b.d(SourceFile:60)
	at SpaceTycoon-v1.0.0+bc67650//a.a.d.a.e.h.b.injectedLambda$d$3(SourceFile)
	at SpaceTycoon-v1.0.0+bc67650//a.a.a.m.a.b(SourceFile:58)
	at SpaceTycoon-v1.0.0+bc67650//a.a.a.m.a.injectedLambda$b$0(SourceFile)
	at #RaGIl.saYo(SourceFile:83)
	at #hvoSL.bBM(Unknown Source)
	at #hvoSL.accept(Unknown Source)
	at #ykMcj.slwQ(SourceFile:105)
	at #BrtKi.laL(Unknown Source)
	at #BrtKi.accept(Unknown Source)
	at #SmDYl.shof(SourceFile:59)
	at #vxdAh.blq(SourceFile)
	at #DRZva.smvZ(SourceFile:89)
	at #WblDI.sciG(SourceFile:100)
	at #DDMvh.hcz(SourceFile)
	at #GXpIT.slFh(SourceFile:75)
	at #acUkE.drn(SourceFile:650)
	at #qKRzt.skLS(Unknown Source:2396)
	at #hyWbW.satX(SourceFile:1837)
	at #RofNI.dB(SourceFile:43)
	at #GLnhB.run(SourceFile:32)
	at #GILEo.saUt(Unknown Source:40)
	at #sJuki.sfWB(SourceFile:11)
	at java.base/java.util.concurrent.FutureTask.run(Unknown Source)
	at #bfAok.sjvn(SourceFile:45)
	at #ptzkp.gXZ(SourceFile:52)
	at #gZdVe.sbpI(SourceFile:1466)
	at #UDDPE.sdDd(Unknown Source:1632)
	at #GMfdJ.sask(SourceFile:487)
	at net.minecraft.client.main.GameMain.iwR(SourceFile:220)
	at net.minecraft.client.main.GameMain.jtH(SourceFile:156)
	at #ZpHYL.i(Unknown Source)
	at #ZpHYL.run(Unknown Source)
	at java.base/java.lang.Thread.run(Unknown Source)
[21:05:51] [Client thread/INFO] [STDOUT]: a.a.d.a.c.a.f.a.i@61a44632
[21:05:55] [Client thread/INFO] [CHAT] [Астроном] V ┃ AmirYTlogin [#158] » что такое млка
[21:05:57] [Client thread/INFO] [CHAT] [Нейтрон] S ┃ CyFrodo [#2] » 42 ребитха норм
[21:06:01] [Client thread/INFO] [CHAT] [Экзопланет] V+ ┃ zxcdv_RU22 [#40] » Количество бустов на петах падает в зависимости от его рарности (епик/лега и т.д), потом ти можеш улучшить его уровень, и етим ты улучшаеш те же бусты в несколько раз
[21:06:08] [Client thread/INFO] [CHAT] [Нейтрон] S ┃ CyFrodo [#2] » х2 копаю но мне лень уже
[21:06:13] [Client thread/INFO] [CHAT] [Нейтрон] S ┃ CyFrodo [#2] » и так весь вайп играл прошлый
[21:06:13] [Client thread/INFO] [CHAT] [Аномал] P ┃ _ЛюбитеКотиков_ [#8] » 1.5sp - 15sp
[21:06:19] [Client thread/INFO] [CHAT] [Аномал] P ┃ _ЛюбитеКотиков_ [#8] » норм
[21:06:25] [Client thread/INFO] [CHAT] [Нейтрон] HE ┃ Kendelucky_morf [#1] »  Да успеешь ещё покопать чё ты
[21:06:28] [Client thread/INFO] [CHAT] [Нейтрон] HE ┃ Kendelucky_morf [#1] »  Времени навалом
[21:06:32] [Client thread/INFO] [CHAT] [Нейтрон] S ┃ CyFrodo [#2] » это да
[21:06:38] [Client thread/ERROR] Error on handle event #BXBFw in Mod{name='SpaceTycoon', version='1.0.0+bc67650', persistent=false, delegate=a.a.d.a.a, modState=LOADED}
java.lang.IndexOutOfBoundsException: index: 70, length: 1 (expected: range(0, 70))
	at io.netty.buffer.AbstractByteBuf.checkRangeBounds(AbstractByteBuf.java:1390)
	at io.netty.buffer.AbstractByteBuf.checkIndex0(AbstractByteBuf.java:1397)
	at io.netty.buffer.AbstractUnpooledSlicedByteBuf.getBytes(AbstractUnpooledSlicedByteBuf.java:242)
	at io.netty.buffer.ReadOnlyByteBuf.getBytes(ReadOnlyByteBuf.java:270)
	at io.netty.buffer.ByteBufUtil.decodeString(ByteBufUtil.java:1151)
	at io.netty.buffer.AbstractByteBuf.toString(AbstractByteBuf.java:1246)
	at dev.xdark.feder.NetUtil.readString0(NetUtil.java:833)
	at dev.xdark.feder.NetUtil.readUtf8(NetUtil.java:188)
	at SpaceTycoon-v1.0.0+bc67650//a.a.a.m.a.f(SourceFile:176)
	at SpaceTycoon-v1.0.0+bc67650//a.a.d.a.e.h.b.d(SourceFile:60)
	at SpaceTycoon-v1.0.0+bc67650//a.a.d.a.e.h.b.injectedLambda$d$3(SourceFile)
	at SpaceTycoon-v1.0.0+bc67650//a.a.a.m.a.b(SourceFile:58)
	at SpaceTycoon-v1.0.0+bc67650//a.a.a.m.a.injectedLambda$b$0(SourceFile)
	at #RaGIl.saYo(SourceFile:83)
	at #hvoSL.bBM(Unknown Source)
	at #hvoSL.accept(Unknown Source)
	at #ykMcj.slwQ(SourceFile:105)
	at #BrtKi.laL(Unknown Source)
	at #BrtKi.accept(Unknown Source)
	at #SmDYl.shof(SourceFile:59)
	at #vxdAh.blq(SourceFile)
	at #DRZva.smvZ(SourceFile:89)
	at #WblDI.sciG(SourceFile:100)
	at #DDMvh.hcz(SourceFile)
	at #GXpIT.slFh(SourceFile:75)
	at #acUkE.drn(SourceFile:650)
	at #qKRzt.skLS(Unknown Source:2396)
	at #hyWbW.satX(SourceFile:1837)
	at #RofNI.dB(SourceFile:43)
	at #GLnhB.run(SourceFile:32)
	at #GILEo.saUt(Unknown Source:40)
	at #sJuki.sfWB(SourceFile:11)
	at java.base/java.util.concurrent.FutureTask.run(Unknown Source)
	at #bfAok.sjvn(SourceFile:45)
	at #ptzkp.gXZ(SourceFile:52)
	at #gZdVe.sbpI(SourceFile:1466)
	at #UDDPE.sdDd(Unknown Source:1632)
	at #GMfdJ.sask(SourceFile:487)
	at net.minecraft.client.main.GameMain.iwR(SourceFile:220)
	at net.minecraft.client.main.GameMain.jtH(SourceFile:156)
	at #ZpHYL.i(Unknown Source)
	at #ZpHYL.run(Unknown Source)
	at java.base/java.lang.Thread.run(Unknown Source)
[21:06:49] [Client thread/INFO] [CHAT] [Нейтрон] S ┃ CyFrodo [#2] » я бы предпочел в афк встать уже
[21:06:56] [Client thread/INFO] [CHAT] [Экзопланет] V+ ┃ zxcdv_RU22 [#40] » Ну на часик можна
[21:07:03] [Client thread/INFO] [CHAT] [Нейтрон] S ┃ CyFrodo [#2] » ну, на месяца 3 надо
[21:07:07] [Client thread/INFO] [CHAT] [Нейтрон] S ┃ CyFrodo [#2] » до вайпа
[21:07:20] [Client thread/ERROR] Error on handle event #BXBFw in Mod{name='SpaceTycoon', version='1.0.0+bc67650', persistent=false, delegate=a.a.d.a.a, modState=LOADED}
java.lang.IndexOutOfBoundsException: index: 70, length: 1 (expected: range(0, 70))
	at io.netty.buffer.AbstractByteBuf.checkRangeBounds(AbstractByteBuf.java:1390)
	at io.netty.buffer.AbstractByteBuf.checkIndex0(AbstractByteBuf.java:1397)
	at io.netty.buffer.AbstractUnpooledSlicedByteBuf.getBytes(AbstractUnpooledSlicedByteBuf.java:242)
	at io.netty.buffer.ReadOnlyByteBuf.getBytes(ReadOnlyByteBuf.java:270)
	at io.netty.buffer.ByteBufUtil.decodeString(ByteBufUtil.java:1151)
	at io.netty.buffer.AbstractByteBuf.toString(AbstractByteBuf.java:1246)
	at dev.xdark.feder.NetUtil.readString0(NetUtil.java:833)
	at dev.xdark.feder.NetUtil.readUtf8(NetUtil.java:188)
	at SpaceTycoon-v1.0.0+bc67650//a.a.a.m.a.f(SourceFile:176)
	at SpaceTycoon-v1.0.0+bc67650//a.a.d.a.e.h.b.d(SourceFile:60)
	at SpaceTycoon-v1.0.0+bc67650//a.a.d.a.e.h.b.injectedLambda$d$3(SourceFile)
	at SpaceTycoon-v1.0.0+bc67650//a.a.a.m.a.b(SourceFile:58)
	at SpaceTycoon-v1.0.0+bc67650//a.a.a.m.a.injectedLambda$b$0(SourceFile)
	at #RaGIl.saYo(SourceFile:83)
	at #hvoSL.bBM(Unknown Source)
	at #hvoSL.accept(Unknown Source)
	at #ykMcj.slwQ(SourceFile:105)
	at #BrtKi.laL(Unknown Source)
	at #BrtKi.accept(Unknown Source)
	at #SmDYl.shof(SourceFile:59)
	at #vxdAh.blq(SourceFile)
	at #DRZva.smvZ(SourceFile:89)
	at #WblDI.sciG(SourceFile:100)
	at #DDMvh.hcz(SourceFile)
	at #GXpIT.slFh(SourceFile:75)
	at #acUkE.drn(SourceFile:650)
	at #qKRzt.skLS(Unknown Source:2396)
	at #hyWbW.satX(SourceFile:1837)
	at #RofNI.dB(SourceFile:43)
	at #GLnhB.run(SourceFile:32)
	at #GILEo.saUt(Unknown Source:40)
	at #sJuki.sfWB(SourceFile:11)
	at java.base/java.util.concurrent.FutureTask.run(Unknown Source)
	at #bfAok.sjvn(SourceFile:45)
	at #ptzkp.gXZ(SourceFile:52)
	at #gZdVe.sbpI(SourceFile:1466)
	at #UDDPE.sdDd(Unknown Source:1632)
	at #GMfdJ.sask(SourceFile:487)
	at net.minecraft.client.main.GameMain.iwR(SourceFile:220)
	at net.minecraft.client.main.GameMain.jtH(SourceFile:156)
	at #ZpHYL.i(Unknown Source)
	at #ZpHYL.run(Unknown Source)
	at java.base/java.lang.Thread.run(Unknown Source)
[21:07:50] [Client thread/INFO] [CHAT] [Созвездие] Mayk1xq [#?] » а что лучше вкачивать в ветке?
[21:07:53] [Client thread/INFO] [CHAT] [Созвездие] Mayk1xq [#?] » питомцев?
[21:08:07] [Client thread/INFO] [CHAT] [Экзопланет] V+ ┃ zxcdv_RU22 [#40] » На руды последние 2 улучшения есть смысл качать?
[21:08:12] [Client thread/INFO] [CHAT] [Созвездие] Mayk1xq [#?] » 
[21:08:22] [Client thread/INFO] [CHAT] [Созвездие] Mayk1xq [#?] »  а что лучше вкачивать в ветке?
[21:08:27] [Client thread/INFO] [CHAT] [Астроном] dointorer [#151] » левую
[21:08:32] [Client thread/INFO] [CHAT] [Аномал] P ┃ _ЛюбитеКотиков_ [#8] » за что мне это
[21:08:34] [Client thread/INFO] [CHAT] [Созвездие] Mayk1xq [#?] » спасибо
[21:08:50] [Client thread/INFO] [CHAT] [Аномал] P ┃ _ЛюбитеКотиков_ [#8] » франко мия сильвана
[21:08:56] [Client thread/INFO] [CHAT] P+ ┃ Savelii00x [#?] » вв
[21:09:05] [Client thread/INFO] [CHAT] [Аномал] P ┃ _ЛюбитеКотиков_ [#8] » это у меня в тиме
[21:09:09] [Client thread/INFO] [CHAT] VAGDUS [#?] » Что
[21:09:11] [Client thread/INFO] [CHAT] P+ ┃ Savelii00x [#?] » соболезную)
[21:09:27] [Client thread/INFO] [CHAT] VAGDUS [#?] » Ребят, как в лс писать?
[21:09:32] [Client thread/INFO] [CHAT] [Звездочет] D ┃ PotomPridumayu [#95] » на ник тыкни
[21:09:35] [Client thread/INFO] [CHAT] [Астероид] MVP+ ┃ Still2 [#69] »  какой тут самый важный донат?
[21:09:36] [Client thread/INFO] [CHAT] [Странник] G ┃ ZuZikYt337 [#267] » эх убрать бы 2 в начале
[21:09:43] [Client thread/INFO] [CHAT] [Аномал] P ┃ _ЛюбитеКотиков_ [#8] » х5 и петы
[21:09:44] [Client thread/INFO] [CHAT] [Экзопланет] xmizz [#39] » сраный казик минус час афк блин
[21:10:02] [Client thread/INFO] [CHAT] VAGDUS [#?] » Спасибо
[21:10:04] [Client thread/INFO] [CHAT] [Экзопланет] xmizz [#39] » я мог сразу перейти на другую локу и рб сделать
[21:10:15] [Client thread/INFO] [CHAT] [Нейтрон] S ┃ CyFrodo [#2] » казик захавал мои 160D
[21:10:18] [Client thread/INFO] [CHAT] [Буревест] Savva2 [#32] » капец, у пэтов статы высокие
[21:10:25] [Client thread/INFO] [CHAT] [Нейтрон] S ┃ CyFrodo [#2] » 2 раза подряд мудак выдал двадцать одно
[21:10:37] [Client thread/INFO] [CHAT] [Буревест] HE ┃ Unick55 [#29] » вот я в жизни в блэк джеке оч часто выигрываю а тут нифига
[21:10:37] [Client thread/INFO] [CHAT] [Странник] P+ ┃ MaLeHbKaR_Girl [#210] » хпхп
[21:10:52] [Client thread/INFO] [CHAT] [Экзопланет] xmizz [#39] » 6 раз подряд выдало красный
[21:10:52] [Client thread/INFO] [CHAT] [Буревест] HE ┃ Unick55 [#29] » чо за подкрутка ботам
[21:10:55] [Client thread/INFO] [CHAT] [Нейтрон] S ┃ CyFrodo [#2] » я в сампе в 18 году с 50к 8кк делал в блекджек
[21:10:59] [Client thread/INFO] [CHAT] [Нейтрон] S ┃ CyFrodo [#2] » а здесь ни разу не выиграл
[21:11:00] [Client thread/INFO] [CHAT] [Буревест] HE ┃ Unick55 [#29] » уфф
[21:11:06] [Client thread/INFO] [CHAT] [Буревест] HE ┃ Unick55 [#29] » ну рил чота намудрили тута
[21:11:11] [Client thread/INFO] [CHAT] [Нейтрон] S ┃ CyFrodo [#2] » по кд 21 выдает
[21:11:15] [Client thread/INFO] [CHAT] [Нейтрон] S ┃ CyFrodo [#2] » либо 20
[21:11:19] [Client thread/INFO] [CHAT] [Нейтрон] S ┃ CyFrodo [#2] » ни разу перебор не давал
[21:11:38] [Client thread/INFO] [CHAT] [Буревест] Savva2 [#32] » почему у меня до очистителя до рб было час 26, а после покупки час 28?
[21:11:49] [Client thread/INFO] [CHAT] [Звездочет] D ┃ PotomPridumayu [#93] » деньги потратил
[21:11:57] [Client thread/INFO] [CHAT] [Нейтрон] S ┃ CyFrodo [#2] » время в рамке не правильное
[21:12:04] [Client thread/INFO] [CHAT] [Буревест] HE ┃ Unick55 [#29] » так и не пофиксили?
[21:12:05] [Client thread/INFO] [CHAT] [Нейтрон] S ┃ CyFrodo [#2] » оно не учитывает твои бусты за руду как минимум
[21:12:23] [Client thread/INFO] [CHAT] [Экзопланет] V+ ┃ zxcdv_RU22 [#40] » На руды последние 2 улучшения есть смысл качать?
[21:12:40] [Client thread/INFO] [CHAT] [Астроном] P ┃ Tveiv [#174] »  ребят я правильно понимаю что множитель денег для казика нужен?
[21:12:50] [Client thread/INFO] [CHAT] [Экзопланет] xmizz [#39] » неа
[21:12:52] [Client thread/ERROR] Error on handle event #BXBFw in Mod{name='SpaceTycoon', version='1.0.0+bc67650', persistent=false, delegate=a.a.d.a.a, modState=LOADED}
java.lang.IndexOutOfBoundsException: index: 70, length: 1 (expected: range(0, 70))
	at io.netty.buffer.AbstractByteBuf.checkRangeBounds(AbstractByteBuf.java:1390)
	at io.netty.buffer.AbstractByteBuf.checkIndex0(AbstractByteBuf.java:1397)
	at io.netty.buffer.AbstractUnpooledSlicedByteBuf.getBytes(AbstractUnpooledSlicedByteBuf.java:242)
	at io.netty.buffer.ReadOnlyByteBuf.getBytes(ReadOnlyByteBuf.java:270)
	at io.netty.buffer.ByteBufUtil.decodeString(ByteBufUtil.java:1151)
	at io.netty.buffer.AbstractByteBuf.toString(AbstractByteBuf.java:1246)
	at dev.xdark.feder.NetUtil.readString0(NetUtil.java:833)
	at dev.xdark.feder.NetUtil.readUtf8(NetUtil.java:188)
	at SpaceTycoon-v1.0.0+bc67650//a.a.a.m.a.f(SourceFile:176)
	at SpaceTycoon-v1.0.0+bc67650//a.a.d.a.e.h.b.d(SourceFile:60)
	at SpaceTycoon-v1.0.0+bc67650//a.a.d.a.e.h.b.injectedLambda$d$3(SourceFile)
	at SpaceTycoon-v1.0.0+bc67650//a.a.a.m.a.b(SourceFile:58)
	at SpaceTycoon-v1.0.0+bc67650//a.a.a.m.a.injectedLambda$b$0(SourceFile)
	at #RaGIl.saYo(SourceFile:83)
	at #hvoSL.bBM(Unknown Source)
	at #hvoSL.accept(Unknown Source)
	at #ykMcj.slwQ(SourceFile:105)
	at #BrtKi.laL(Unknown Source)
	at #BrtKi.accept(Unknown Source)
	at #SmDYl.shof(SourceFile:59)
	at #vxdAh.blq(SourceFile)
	at #DRZva.smvZ(SourceFile:89)
	at #WblDI.sciG(SourceFile:100)
	at #DDMvh.hcz(SourceFile)
	at #GXpIT.slFh(SourceFile:75)
	at #acUkE.drn(SourceFile:650)
	at #qKRzt.skLS(Unknown Source:2396)
	at #hyWbW.satX(SourceFile:1837)
	at #RofNI.dB(SourceFile:43)
	at #GLnhB.run(SourceFile:32)
	at #GILEo.saUt(Unknown Source:40)
	at #sJuki.sfWB(SourceFile:11)
	at java.base/java.util.concurrent.FutureTask.run(Unknown Source)
	at #bfAok.sjvn(SourceFile:45)
	at #ptzkp.gXZ(SourceFile:52)
	at #gZdVe.sbpI(SourceFile:1466)
	at #UDDPE.sdDd(Unknown Source:1632)
	at #GMfdJ.sask(SourceFile:487)
	at net.minecraft.client.main.GameMain.iwR(SourceFile:220)
	at net.minecraft.client.main.GameMain.jtH(SourceFile:156)
	at #ZpHYL.i(Unknown Source)
	at #ZpHYL.run(Unknown Source)
	at java.base/java.lang.Thread.run(Unknown Source)
[21:13:00] [Client thread/INFO] [CHAT] [Буревест] MVP ┃ 777_Хлебка_777 [#31] » нет
[21:13:04] [Client thread/INFO] [CHAT] [Туманник] V ┃ JujutsuKaisen [#78] » BlackJack норм тема, 54 проигрыша, 11 побед
[21:13:19] [Client thread/INFO] [CHAT] [Буревест] MVP ┃ 777_Хлебка_777 [#31] » тема
[21:13:26] [Client thread/INFO] [STDOUT]: a.a.d.a.c.a.f.a.i@20fd53b4
[21:13:30] [Client thread/INFO] [STDOUT]: a.a.d.a.c.a.f.a.i@4ab05595
[21:13:30] [Client thread/INFO] [STDOUT]: a.a.d.a.c.a.f.a.c@7bbb64a
[21:13:31] [Client thread/INFO] [STDOUT]: a.a.d.a.c.a.f.a.a@1bfab6c8
[21:13:31] [Client thread/INFO] [STDOUT]: a.a.d.a.c.a.f.a.m@3abb243f
[21:13:31] [Client thread/INFO] [STDOUT]: a.a.d.a.c.a.f.a.k@1160fbd9
[21:13:37] [Client thread/INFO] [STDOUT]: a.a.d.a.c.a.f.a.i@26215360
[21:13:47] [Client thread/INFO] [CHAT] [Странник] V ┃ LamboToon [#256] » киньте бусты а
[21:13:50] [Client thread/INFO] [CHAT] [Странник] V ┃ LamboToon [#256] » по братски
[21:14:07] [Client thread/INFO] [CHAT] [Аномал] P ┃ _ЛюбитеКотиков_ [#8] » спасибо хорошо
[21:14:16] [Client thread/INFO] [CHAT] [Нейтрон] S ┃ CyFrodo [#2] » найс
[21:14:20] [Client thread/INFO] [CHAT] [Экзопланет] xmizz [#39] » я ггг
[21:14:22] [Client thread/INFO] [CHAT] [Нейтрон] S ┃ CyFrodo [#2] » поставил 1d и разделил
[21:14:29] [Client thread/INFO] [CHAT] [Нейтрон] S ┃ CyFrodo [#2] » в итоге выиграл 2d
[21:14:34] [Client thread/INFO] [CHAT] [Нейтрон] S ┃ CyFrodo [#2] » хотя потратил вроде 2d
[21:14:45] [Client thread/INFO] [CHAT] [Астроном] HE ┃ NicknameTaken [#160] » ну в0 ушел
[21:15:07] [Client thread/INFO] [CHAT] [Нейтрон] S ┃ CyFrodo [#2] » ура побеждаю
[21:15:16] [Client thread/INFO] [CHAT] \nMEDIA ┃ ALMA3uk7  проводит ивент: LavaRises!\nТип игры: Двойной\nНажми, чтобы переместиться!\n 
[21:15:24] [Client thread/INFO] [CHAT] [Астероид] MVP+ ┃ Still2 [#68] »  токены в казике можно выводить как то?
[21:15:48] [Client thread/INFO] [CHAT] [Союз] T ┃ xKeEpeR_ [#19] » -все бабк норм вблекджеке
[21:16:00] [Client thread/INFO] [CHAT] [Нейтрон] S ┃ CyFrodo [#2] » играю по тактике х2 ставка
[21:16:04] [Client thread/INFO] [CHAT] [Нейтрон] S ┃ CyFrodo [#2] » в итоге в минусе оказался
[21:16:08] [Client thread/INFO] [CHAT] [Нейтрон] S ┃ CyFrodo [#2] » че за фигня
[21:16:08] [Client thread/INFO] [CHAT] [Союз] T ┃ xKeEpeR_ [#19] » ))
[21:16:35] [Client thread/INFO] [CHAT] [Экзопланет] V+ ┃ zxcdv_RU22 [#40] » Думаю пора задротить битвы
[21:16:41] [Client thread/INFO] [CHAT] [Экзопланет] V+ ┃ zxcdv_RU22 [#40] » А то ничего там не вкачано
[21:16:50] [Client thread/INFO] [CHAT] [Нейтрон] S ┃ CyFrodo [#2] » х16 продажу качнул дальше лень
[21:16:54] [Client thread/INFO] [CHAT] [Нейтрон] S ┃ CyFrodo [#2] » лан можно и дальше
[21:16:58] [Client thread/INFO] [CHAT] [Нейтрон] S ┃ CyFrodo [#2] » но сеня не
[21:16:59] [Client thread/INFO] [CHAT] [Союз] T ┃ xKeEpeR_ [#19] » нет
[21:17:06] [Client thread/INFO] [CHAT] [Экзопланет] V+ ┃ zxcdv_RU22 [#40] » А множитель продаж ет что?
[21:17:09] [Client thread/INFO] [CHAT] [Нейтрон] S ┃ CyFrodo [#2] » я устал на топ играть
[21:17:12] [Client thread/INFO] [CHAT] [Нейтрон] S ┃ CyFrodo [#2] » хочу по кайфу посидеть
[21:17:14] [Client thread/INFO] [CHAT] [Союз] T ┃ xKeEpeR_ [#19] » играй
[21:17:31] [Client thread/INFO] [CHAT] [Астероид] YuuR [#66] » Когда след битва?
[21:17:34] [Client thread/INFO] [CHAT] [Экзопланет] V+ ┃ zxcdv_RU22 [#40] » В 22
[21:17:48] [Client thread/INFO] [CHAT] [Странник] G ┃ ZuZikYt337 [#267] » в 21:30 ;t
[21:17:52] [Client thread/INFO] [CHAT] [Странник] G ┃ ZuZikYt337 [#267] » или нет
[21:17:55] [Client thread/INFO] [CHAT] [Аномал] P ┃ _ЛюбитеКотиков_ [#8] » спасибо хорошо
[21:17:57] [Client thread/INFO] [CHAT] [Экзопланет] V+ ┃ zxcdv_RU22 [#40] » В четное время битвы
[21:18:12] [Client thread/INFO] [CHAT] [Нейтрон] S ┃ CyFrodo [#2] » я не поверю никогда чтоб у дилера 4 раза подряд 21 было
[21:18:21] [Client thread/INFO] [CHAT] [Экзопланет] V+ ┃ zxcdv_RU22 [#40] » Обидно что я с топа по времени слетел
[21:18:28] [Client thread/INFO] [CHAT] [Союз] D ┃ HardStorm [#18] » Он жёстко сливает
[21:18:37] [Client thread/INFO] [CHAT] [Союз] T ┃ xKeEpeR_ [#19] » топ по времени есть?
[21:18:40] [Client thread/INFO] [CHAT] [Экзопланет] V+ ┃ zxcdv_RU22 [#40] » Да
[21:18:43] [Client thread/INFO] [CHAT] [Союз] T ┃ xKeEpeR_ [#19] » где
[21:18:44] [Client thread/INFO] [CHAT] [Нейтрон] S ┃ CyFrodo [#2] » сайт статистики только
[21:18:46] [Client thread/INFO] [CHAT] [Экзопланет] V+ ┃ zxcdv_RU22 [#40] » Ну он в статистике на сайте
[21:18:49] [Client thread/INFO] [CHAT] [Союз] T ┃ xKeEpeR_ [#19] » :/
[21:18:52] [Client thread/ERROR] Error on handle event #BXBFw in Mod{name='SpaceTycoon', version='1.0.0+bc67650', persistent=false, delegate=a.a.d.a.a, modState=LOADED}
java.lang.IndexOutOfBoundsException: index: 70, length: 1 (expected: range(0, 70))
	at io.netty.buffer.AbstractByteBuf.checkRangeBounds(AbstractByteBuf.java:1390)
	at io.netty.buffer.AbstractByteBuf.checkIndex0(AbstractByteBuf.java:1397)
	at io.netty.buffer.AbstractUnpooledSlicedByteBuf.getBytes(AbstractUnpooledSlicedByteBuf.java:242)
	at io.netty.buffer.ReadOnlyByteBuf.getBytes(ReadOnlyByteBuf.java:270)
	at io.netty.buffer.ByteBufUtil.decodeString(ByteBufUtil.java:1151)
	at io.netty.buffer.AbstractByteBuf.toString(AbstractByteBuf.java:1246)
	at dev.xdark.feder.NetUtil.readString0(NetUtil.java:833)
	at dev.xdark.feder.NetUtil.readUtf8(NetUtil.java:188)
	at SpaceTycoon-v1.0.0+bc67650//a.a.a.m.a.f(SourceFile:176)
	at SpaceTycoon-v1.0.0+bc67650//a.a.d.a.e.h.b.d(SourceFile:60)
	at SpaceTycoon-v1.0.0+bc67650//a.a.d.a.e.h.b.injectedLambda$d$3(SourceFile)
	at SpaceTycoon-v1.0.0+bc67650//a.a.a.m.a.b(SourceFile:58)
	at SpaceTycoon-v1.0.0+bc67650//a.a.a.m.a.injectedLambda$b$0(SourceFile)
	at #RaGIl.saYo(SourceFile:83)
	at #hvoSL.bBM(Unknown Source)
	at #hvoSL.accept(Unknown Source)
	at #ykMcj.slwQ(SourceFile:105)
	at #BrtKi.laL(Unknown Source)
	at #BrtKi.accept(Unknown Source)
	at #SmDYl.shof(SourceFile:59)
	at #vxdAh.blq(SourceFile)
	at #DRZva.smvZ(SourceFile:89)
	at #WblDI.sciG(SourceFile:100)
	at #DDMvh.hcz(SourceFile)
	at #GXpIT.slFh(SourceFile:75)
	at #acUkE.drn(SourceFile:650)
	at #qKRzt.skLS(Unknown Source:2396)
	at #hyWbW.satX(SourceFile:1837)
	at #RofNI.dB(SourceFile:43)
	at #GLnhB.run(SourceFile:32)
	at #GILEo.saUt(Unknown Source:40)
	at #sJuki.sfWB(SourceFile:11)
	at java.base/java.util.concurrent.FutureTask.run(Unknown Source)
	at #bfAok.sjvn(SourceFile:45)
	at #ptzkp.gXZ(SourceFile:52)
	at #gZdVe.sbpI(SourceFile:1466)
	at #UDDPE.sdDd(Unknown Source:1632)
	at #GMfdJ.sask(SourceFile:487)
	at net.minecraft.client.main.GameMain.iwR(SourceFile:220)
	at net.minecraft.client.main.GameMain.jtH(SourceFile:156)
	at #ZpHYL.i(Unknown Source)
	at #ZpHYL.run(Unknown Source)
	at java.base/java.lang.Thread.run(Unknown Source)
[21:18:53] [Client thread/INFO] [CHAT] [Нейтрон] S ┃ CyFrodo [#2] » я в прошлом вайпе был топ 1 по афк хахаха
[21:18:54] [Client thread/INFO] [CHAT] [Экзопланет] xmizz [#39] » а
[21:19:02] [Client thread/INFO] [CHAT] [Экзопланет] V+ ┃ zxcdv_RU22 [#40] » Та я тоже до утра был топ 1
[21:19:03] [Client thread/INFO] [CHAT] [Нейтрон] S ┃ CyFrodo [#2] » если бы еще время с ивента учитывалось эх
[21:19:16] [Client thread/INFO] [CHAT] [Экзопланет] V+ ┃ zxcdv_RU22 [#40] » Потом ушел на роботу, а оно меня тепнуло в хаб и -7ч вроде
[21:19:26] [Client thread/INFO] [CHAT] [Экзопланет] V+ ┃ zxcdv_RU22 [#40] » А что за ивенты?
[21:19:33] [Client thread/INFO] [CHAT] [Андромеда] P ┃ TNMA2 [#26] » звездная битва
[21:20:42] [Client thread/INFO] [CHAT] [Астероид] MVP+ ┃ Still2 [#67] »  аура "вторая орбита" норм?
[21:20:43] [Client thread/INFO] [CHAT] [Нейтрон] S ┃ CyFrodo [#3] » я все проиграл
[21:20:49] [Client thread/INFO] [CHAT] [Нейтрон] S ┃ CyFrodo [#3] » не играйте в блекджек это скриптованная шляпа
[21:20:52] [Client thread/INFO] [CHAT] [Нейтрон] S ┃ CyFrodo [#3] » по кд 21 выдает дилеру
[21:20:58] [Client thread/INFO] [CHAT] [Туманник] V ┃ JujutsuKaisen [#77] » Факты
[21:21:04] [Client thread/INFO] [CHAT] [Экзопланет] V+ ┃ zxcdv_RU22 [#40] » Я уже тоже проверял
[21:21:06] [Client thread/INFO] [CHAT] [Буревест] MVP ┃ 777_Хлебка_777 [#31] » интересный режим, можно ливать
[21:21:09] [Client thread/INFO] [CHAT] [Экзопланет] V+ ┃ zxcdv_RU22 [#40] » Казик не играю теперь
[21:21:13] [Client thread/INFO] [CHAT] [Астероид] MVP+ ┃ Still2 [#67] »  аура "вторая орбита" норм?
[21:21:30] [Client thread/INFO] [CHAT] [Экзопланет] V+ ┃ zxcdv_RU22 [#40] » Лучшая из худших
[21:22:01] [Client thread/INFO] [CHAT] [Экзопланет] V+ ┃ zxcdv_RU22 [#40] » На руды последние 2 улучшения есть смысл качать?
[21:23:47] [Client thread/ERROR] Error on handle event #BXBFw in Mod{name='SpaceTycoon', version='1.0.0+bc67650', persistent=false, delegate=a.a.d.a.a, modState=LOADED}
java.lang.IndexOutOfBoundsException: index: 70, length: 1 (expected: range(0, 70))
	at io.netty.buffer.AbstractByteBuf.checkRangeBounds(AbstractByteBuf.java:1390)
	at io.netty.buffer.AbstractByteBuf.checkIndex0(AbstractByteBuf.java:1397)
	at io.netty.buffer.AbstractUnpooledSlicedByteBuf.getBytes(AbstractUnpooledSlicedByteBuf.java:242)
	at io.netty.buffer.ReadOnlyByteBuf.getBytes(ReadOnlyByteBuf.java:270)
	at io.netty.buffer.ByteBufUtil.decodeString(ByteBufUtil.java:1151)
	at io.netty.buffer.AbstractByteBuf.toString(AbstractByteBuf.java:1246)
	at dev.xdark.feder.NetUtil.readString0(NetUtil.java:833)
	at dev.xdark.feder.NetUtil.readUtf8(NetUtil.java:188)
	at SpaceTycoon-v1.0.0+bc67650//a.a.a.m.a.f(SourceFile:176)
	at SpaceTycoon-v1.0.0+bc67650//a.a.d.a.e.h.b.d(SourceFile:60)
	at SpaceTycoon-v1.0.0+bc67650//a.a.d.a.e.h.b.injectedLambda$d$3(SourceFile)
	at SpaceTycoon-v1.0.0+bc67650//a.a.a.m.a.b(SourceFile:58)
	at SpaceTycoon-v1.0.0+bc67650//a.a.a.m.a.injectedLambda$b$0(SourceFile)
	at #RaGIl.saYo(SourceFile:83)
	at #hvoSL.bBM(Unknown Source)
	at #hvoSL.accept(Unknown Source)
	at #ykMcj.slwQ(SourceFile:105)
	at #BrtKi.laL(Unknown Source)
	at #BrtKi.accept(Unknown Source)
	at #SmDYl.shof(SourceFile:59)
	at #vxdAh.blq(SourceFile)
	at #DRZva.smvZ(SourceFile:89)
	at #WblDI.sciG(SourceFile:100)
	at #DDMvh.hcz(SourceFile)
	at #GXpIT.slFh(SourceFile:75)
	at #acUkE.drn(SourceFile:650)
	at #qKRzt.skLS(Unknown Source:2396)
	at #hyWbW.satX(SourceFile:1837)
	at #RofNI.dB(SourceFile:43)
	at #GLnhB.run(SourceFile:32)
	at #GILEo.saUt(Unknown Source:40)
	at #sJuki.sfWB(SourceFile:11)
	at java.base/java.util.concurrent.FutureTask.run(Unknown Source)
	at #bfAok.sjvn(SourceFile:45)
	at #ptzkp.gXZ(SourceFile:52)
	at #gZdVe.sbpI(SourceFile:1466)
	at #UDDPE.sdDd(Unknown Source:1632)
	at #GMfdJ.sask(SourceFile:487)
	at net.minecraft.client.main.GameMain.iwR(SourceFile:220)
	at net.minecraft.client.main.GameMain.jtH(SourceFile:156)
	at #ZpHYL.i(Unknown Source)
	at #ZpHYL.run(Unknown Source)
	at java.base/java.lang.Thread.run(Unknown Source)
[21:23:52] [Client thread/INFO] [CHAT] \n   Сейчас трансляции ведут:\n   MEDIA ┃ ALMA3uk7 , MEDIA ┃ LauraKillYOU \n   Напишите /media для проcмотра активных трансляций\n 
[21:25:07] [Client thread/INFO] [CHAT] [Нейтрон] LS ┃ papo4ka_v_dubae [#2] » фродо
[21:25:24] [Client thread/INFO] [CHAT] [Нейтрон] LS ┃ papo4ka_v_dubae [#2] » блэк джек проигрывает когда ставка маленькая, но выигрывает когда она большая зна
[21:26:19] [Client thread/INFO] [CHAT] [Гравитатор] heim_123 [#147] » а зачем нужны новые дроперы где вручную надо они больше денег дают чем прошлые или они одинаковые?
[21:26:22] [Client thread/INFO] [CHAT] [Странник] G ┃ ZuZikYt337 [#261] » а что с токенами делать?
[21:26:27] [Client thread/INFO] [CHAT] [Гравитатор] heim_123 [#147] » играть
[21:26:33] [Client thread/INFO] [CHAT] [Созвездие] P+ ┃ Savelii00x [#?] » а где казик?
[21:26:34] [Client thread/INFO] [CHAT] [Странник] G ┃ ZuZikYt337 [#261] » и всё?
[21:26:39] [Client thread/INFO] [CHAT] [Межгалактик] MVP+ ┃ XXXXXXLoonDanya [#11] » на корабле казик
[21:26:45] [Client thread/INFO] [CHAT] [Созвездие] P+ ┃ Savelii00x [#?] » thx
[21:26:46] [Client thread/INFO] [CHAT] [Межгалактик] MVP+ ┃ XXXXXXLoonDanya [#11] » после земли корабль
[21:26:54] [Client thread/INFO] [CHAT] [Гравитатор] heim_123 [#147] »  savelii00x когда ты прокачаешь на фулл первую локу казино откроется
[21:27:48] [Client thread/INFO] [CHAT] [Странник] WaRAfaTTI [#207] » Сколько на корабле уток?
[21:28:13] [Client thread/INFO] [CHAT] [Гравитатор] heim_123 [#147] » сколько на земле уток или их нет?
[21:28:26] [Client thread/INFO] [CHAT] [Странник] WaRAfaTTI [#207] » 7 вроде
[21:30:55] [Client thread/INFO] [CHAT] [Аномал] P ┃ _ЛюбитеКотиков_ [#8] » спасибо хорошо
[21:31:12] [Client thread/INFO] [CHAT] [Аномал] P ┃ _ЛюбитеКотиков_ [#8] » я задолбался эти катки в соло вывозить
[21:31:25] [Client thread/INFO] [CHAT] [Созвездие] P+ ┃ Savelii00x [#?] » че по рангу и пул лайн
[21:31:32] [Client thread/INFO] [CHAT] [Аномал] P ┃ _ЛюбитеКотиков_ [#8] » мид голд
[21:31:37] [Client thread/INFO] [CHAT] [Аномал] P ┃ _ЛюбитеКотиков_ [#8] » воин
[21:31:37] [Client thread/INFO] [CHAT] [Созвездие] P+ ┃ Savelii00x [#?] » а ранг?
[21:31:47] [Client thread/INFO] [CHAT] [Аномал] P ┃ _ЛюбитеКотиков_ [#8] » й
[21:31:47] [Client thread/INFO] [CHAT] [Созвездие] P+ ┃ Savelii00x [#?] » 0_0 на войне же боты
[21:31:50] [Client thread/INFO] [CHAT] [Комета] E ┃ pasha_Morozov [#296] » 1
[21:31:55] [Client thread/INFO] [CHAT] [Аномал] P ┃ _ЛюбитеКотиков_ [#8] » ну дак сложно там
[21:32:01] [Client thread/INFO] [CHAT] [Созвездие] P+ ┃ Savelii00x [#?] » окак
[21:32:04] [Client thread/INFO] [CHAT] [Аномал] P ┃ _ЛюбитеКотиков_ [#8] » я в фулл пот играю
[21:32:12] [Client thread/INFO] [CHAT] [Нейтрон] LS ┃ papo4ka_v_dubae [#2] » я чилл
[21:32:32] [Client thread/INFO] [CHAT] [Аномал] P ┃ _ЛюбитеКотиков_ [#8] » ну как играть в это говно когда типы идут со счётом 1/5
[21:32:36] [Client thread/INFO] [CHAT] [Аномал] P ┃ _ЛюбитеКотиков_ [#8] » на 5 минуте
[21:32:53] [Client thread/INFO] [CHAT] [Созвездие] P+ ┃ Savelii00x [#?] » я гвоорю там боты, обычно лдо леги 1 без поражений иду
[21:33:03] [Client thread/INFO] [CHAT] [Нейтрон] LS ┃ papo4ka_v_dubae [#2] » вы про что
[21:33:07] [Client thread/INFO] [CHAT] [Аномал] P ┃ _ЛюбитеКотиков_ [#8] » сам бы попробывал на войне сыиграть
[21:33:11] [Client thread/INFO] [CHAT] [Созвездие] P+ ┃ Savelii00x [#?] » на 100 звездах 80 вр
[21:33:17] [Client thread/INFO] [CHAT] [Созвездие] P+ ┃ Savelii00x [#?] » про моблу
[21:33:18] [Client thread/INFO] [CHAT] [Странник] G ┃ ZuZikYt337 [#261] » а где на корабле покупать ауру за уточки
[21:33:20] [Client thread/INFO] [CHAT] [Аномал] P ┃ _ЛюбитеКотиков_ [#8] » мала
[21:33:26] [Client thread/INFO] [CHAT] [Созвездие] P+ ┃ Savelii00x [#?] » мало?)
[21:33:29] [Client thread/INFO] [CHAT] [Аномал] P ┃ _ЛюбитеКотиков_ [#8] » у меня в прайме было больше
[21:33:40] [Client thread/INFO] [CHAT] [Созвездие] P+ ┃ Savelii00x [#?] » вр или звезд
[21:33:49] [Client thread/INFO] [CHAT] [Аномал] P ┃ _ЛюбитеКотиков_ [#8] » вр и звезд
[21:33:54] [Client thread/INFO] [CHAT] [Аномал] P ┃ _ЛюбитеКотиков_ [#8] » ё
[21:33:57] [Client thread/INFO] [CHAT] [Созвездие] P+ ┃ Savelii00x [#?] » верю
[21:34:07] [Client thread/INFO] [CHAT] [Аномал] P ┃ _ЛюбитеКотиков_ [#8] » хочешь верь хочешь не верь
[21:34:22] [Client thread/INFO] [CHAT] [Аномал] P ┃ _ЛюбитеКотиков_ [#8] » у меня в прайме войн 1 и 100 вр
[21:34:31] [Client thread/INFO] [CHAT] [Нейтрон] S ┃ CyFrodo [#3] » кто то накопает 100к руду
[21:34:36] [Client thread/INFO] [CHAT] [Нейтрон] S ┃ CyFrodo [#3] » в этом вайпе, руды*
[21:34:37] [Client thread/INFO] [CHAT] [Нейтрон] LS ┃ papo4ka_v_dubae [#2] » дану
[21:34:45] [Client thread/INFO] [CHAT] [Аномал] P ┃ _ЛюбитеКотиков_ [#8] » зач
[21:34:50] [Client thread/INFO] [CHAT] [Нейтрон] S ┃ CyFrodo [#3] » не знаю
[21:34:51] [Client thread/INFO] [CHAT] [Звездочет] D ┃ PotomPridumayu [#93] » а де че копать
[21:35:01] [Client thread/INFO] [CHAT] [Нейтрон] S ┃ CyFrodo [#3] » в том вайпе 47к было но топ добавили спустя неделю вайпа
[21:35:09] [Client thread/INFO] [CHAT] [Аномал] P ┃ _ЛюбитеКотиков_ [#8] » больше де
[21:35:28] [Client thread/INFO] [CHAT] [Нейтрон] LS ┃ papo4ka_v_dubae [#2] » ну за 1 день накопали 4к
[21:35:28] [Client thread/INFO] [CHAT] [Аномал] P ┃ _ЛюбитеКотиков_ [#8] » неделя и 7ч
[21:35:32] [Client thread/INFO] [CHAT] [Нейтрон] LS ┃ papo4ka_v_dubae [#2] » 10 дней 40к
[21:35:32] [Client thread/INFO] [CHAT] [Нейтрон] S ┃ CyFrodo [#3] » ну если учитывть что прошло больше суток и уже 5к
[21:35:44] [Client thread/INFO] [CHAT] [Нейтрон] S ┃ CyFrodo [#3] » а все копали в основном первую неделю
[21:35:48] [Client thread/INFO] [CHAT] [Аномал] P ┃ _ЛюбитеКотиков_ [#8] » да говно этот топ по блокам
[21:35:52] [Client thread/INFO] [CHAT] [Аномал] P ┃ _ЛюбитеКотиков_ [#8] » киллы самое важное
[21:35:55] [Client thread/INFO] [CHAT] [Нейтрон] S ┃ CyFrodo [#3] » ну он кривой
[21:36:06] [Client thread/INFO] [CHAT] [Аномал] P ┃ _ЛюбитеКотиков_ [#8] » фродо
[21:36:07] [Client thread/INFO] [CHAT] [Нейтрон] S ┃ CyFrodo [#3] » не совсем понятно скок копаешь все равно
[21:36:10] [Client thread/INFO] [CHAT] [Аномал] P ┃ _ЛюбитеКотиков_ [#8] » скоро кира придёт за тобой
[21:36:14] [Client thread/INFO] [CHAT] [Нейтрон] S ┃ CyFrodo [#3] » ты же на прокачку тратишь
[21:36:18] [Client thread/INFO] [CHAT] [Нейтрон] S ┃ CyFrodo [#3] » ну ее нафиг
[21:36:21] [Client thread/INFO] [CHAT] [Нейтрон] S ┃ CyFrodo [#3] » я афк стою
[21:36:25] [Client thread/INFO] [CHAT] [Нейтрон] S ┃ CyFrodo [#3] » я на чилле
[21:36:29] [Client thread/INFO] [CHAT] [Аномал] P ┃ _ЛюбитеКотиков_ [#8] » понял так и передам
[21:36:31] [Client thread/INFO] [CHAT] [Нейтрон] S ┃ CyFrodo [#3] » топ 1 взят можно по кайфу играть
[21:36:47] [Client thread/INFO] [CHAT] [Странник] G ┃ ZuZikYt337 [#261] » а норм то что на 2 локе
[21:36:55] [Client thread/INFO] [CHAT] [Аномал] P ┃ _ЛюбитеКотиков_ [#8] » чо там
[21:36:55] [Client thread/INFO] [CHAT] [Космонавт] zamanov_xcv [#356] » rак использовать корабль
[21:36:59] [Client thread/INFO] [CHAT] [Странник] G ┃ ZuZikYt337 [#261] » стоит колесо фортуны где топ 1 донат
[21:37:08] [Client thread/INFO] [CHAT] [Нейтрон] S ┃ CyFrodo [#3] » на астрилии пофиксили пожары?
[21:37:12] [Client thread/INFO] [CHAT] [Нейтрон] S ┃ CyFrodo [#3] » которые есть, но их нету
[21:37:18] [Client thread/INFO] [CHAT] [Нейтрон] S ┃ CyFrodo [#3] » мне не понравилось поймать его в 4 утра
[21:37:21] [Client thread/INFO] [CHAT] [Нейтрон] S ┃ CyFrodo [#3] » и качаться мешочками
[21:37:23] [Client thread/ERROR] Error on handle event #BXBFw in Mod{name='SpaceTycoon', version='1.0.0+bc67650', persistent=false, delegate=a.a.d.a.a, modState=LOADED}
java.lang.AbstractMethodError: Receiver class a.a.d.a.e.g.c does not define or inherit an implementation of the resolved method 'abstract java.lang.Object invoke(java.lang.Object)' of interface kotlin.jvm.functions.Function1.
	at SpaceTycoon-v1.0.0+bc67650//a.a.d.a.e.g.b.a(SourceFile:46)
	at SpaceTycoon-v1.0.0+bc67650//a.a.d.a.e.g.b.injectedLambda$a$3(SourceFile)
	at java.base/java.util.HashMap$Values.forEach(Unknown Source)
	at SpaceTycoon-v1.0.0+bc67650//a.a.d.a.e.g.b.b(SourceFile:46)
	at SpaceTycoon-v1.0.0+bc67650//a.a.d.a.e.g.b.b(SourceFile:34)
	at SpaceTycoon-v1.0.0+bc67650//a.a.d.a.e.g.b.injectedLambda$b$1(SourceFile)
	at SpaceTycoon-v1.0.0+bc67650//a.a.a.m.a.b(SourceFile:58)
	at SpaceTycoon-v1.0.0+bc67650//a.a.a.m.a.injectedLambda$b$0(SourceFile)
	at #RaGIl.saYo(SourceFile:83)
	at #hvoSL.bBM(Unknown Source)
	at #hvoSL.accept(Unknown Source)
	at #ykMcj.slwQ(SourceFile:105)
	at #BrtKi.laL(Unknown Source)
	at #BrtKi.accept(Unknown Source)
	at #SmDYl.shof(SourceFile:59)
	at #vxdAh.blq(SourceFile)
	at #DRZva.smvZ(SourceFile:89)
	at #WblDI.sciG(SourceFile:100)
	at #DDMvh.hcz(SourceFile)
	at #GXpIT.slFh(SourceFile:75)
	at #acUkE.drn(SourceFile:650)
	at #qKRzt.skLS(Unknown Source:2396)
	at #hyWbW.satX(SourceFile:1837)
	at #RofNI.dB(SourceFile:43)
	at #GLnhB.run(SourceFile:32)
	at #GILEo.saUt(Unknown Source:40)
	at #sJuki.sfWB(SourceFile:11)
	at java.base/java.util.concurrent.FutureTask.run(Unknown Source)
	at #bfAok.sjvn(SourceFile:45)
	at #ptzkp.gXZ(SourceFile:52)
	at #gZdVe.sbpI(SourceFile:1466)
	at #UDDPE.sdDd(Unknown Source:1632)
	at #GMfdJ.sask(SourceFile:487)
	at net.minecraft.client.main.GameMain.iwR(SourceFile:220)
	at net.minecraft.client.main.GameMain.jtH(SourceFile:156)
	at #ZpHYL.i(Unknown Source)
	at #ZpHYL.run(Unknown Source)
	at java.base/java.lang.Thread.run(Unknown Source)
[21:37:23] [Client thread/ERROR] Error on handle event #BXBFw in Mod{name='SpaceTycoon', version='1.0.0+bc67650', persistent=false, delegate=a.a.d.a.a, modState=LOADED}
java.lang.AbstractMethodError: Receiver class a.a.d.a.e.g.c does not define or inherit an implementation of the resolved method 'abstract java.lang.Object invoke(java.lang.Object)' of interface kotlin.jvm.functions.Function1.
	at SpaceTycoon-v1.0.0+bc67650//a.a.d.a.e.g.b.a(SourceFile:46)
	at SpaceTycoon-v1.0.0+bc67650//a.a.d.a.e.g.b.injectedLambda$a$3(SourceFile)
	at java.base/java.util.HashMap$Values.forEach(Unknown Source)
	at SpaceTycoon-v1.0.0+bc67650//a.a.d.a.e.g.b.b(SourceFile:46)
	at SpaceTycoon-v1.0.0+bc67650//a.a.d.a.e.g.b.a(SourceFile:21)
	at SpaceTycoon-v1.0.0+bc67650//a.a.d.a.e.g.b.injectedLambda$a$0(SourceFile)
	at SpaceTycoon-v1.0.0+bc67650//a.a.a.m.a.b(SourceFile:58)
	at SpaceTycoon-v1.0.0+bc67650//a.a.a.m.a.injectedLambda$b$0(SourceFile)
	at #RaGIl.saYo(SourceFile:83)
	at #hvoSL.bBM(Unknown Source)
	at #hvoSL.accept(Unknown Source)
	at #ykMcj.slwQ(SourceFile:105)
	at #BrtKi.laL(Unknown Source)
	at #BrtKi.accept(Unknown Source)
	at #SmDYl.shof(SourceFile:59)
	at #vxdAh.blq(SourceFile)
	at #DRZva.smvZ(SourceFile:89)
	at #WblDI.sciG(SourceFile:100)
	at #DDMvh.hcz(SourceFile)
	at #GXpIT.slFh(SourceFile:75)
	at #acUkE.drn(SourceFile:650)
	at #qKRzt.skLS(Unknown Source:2396)
	at #hyWbW.satX(SourceFile:1837)
	at #RofNI.dB(SourceFile:43)
	at #GLnhB.run(SourceFile:32)
	at #GILEo.saUt(Unknown Source:40)
	at #sJuki.sfWB(SourceFile:11)
	at java.base/java.util.concurrent.FutureTask.run(Unknown Source)
	at #bfAok.sjvn(SourceFile:45)
	at #ptzkp.gXZ(SourceFile:52)
	at #gZdVe.sbpI(SourceFile:1466)
	at #UDDPE.sdDd(Unknown Source:1632)
	at #GMfdJ.sask(SourceFile:487)
	at net.minecraft.client.main.GameMain.iwR(SourceFile:220)
	at net.minecraft.client.main.GameMain.jtH(SourceFile:156)
	at #ZpHYL.i(Unknown Source)
	at #ZpHYL.run(Unknown Source)
	at java.base/java.lang.Thread.run(Unknown Source)
[21:37:24] [Client thread/INFO] [CHAT] [Нейтрон] LS ┃ papo4ka_v_dubae [#2] » ликерия мб?
[21:37:28] [Client thread/INFO] [CHAT] [Нейтрон] S ┃ CyFrodo [#3] » ой
[21:37:32] [Client thread/INFO] [CHAT] [Нейтрон] S ┃ CyFrodo [#3] » дада ликер
[21:37:38] [Client thread/INFO] [CHAT] [Нейтрон] LS ┃ papo4ka_v_dubae [#2] » хз
[21:37:41] [Client thread/INFO] [CHAT] [Астроном] P ┃ Tveiv [#169] » что за монетки золотые когда ты на корабле
[21:37:43] [Client thread/INFO] [CHAT] [Созвездие] P+ ┃ Savelii00x [#?] » почему тут так логает...
[21:37:45] [Client thread/INFO] [CHAT] [Аномал] P ┃ _ЛюбитеКотиков_ [#8] » ну говно планета
[21:37:46] [Client thread/INFO] [CHAT] [Нейтрон] LS ┃ papo4ka_v_dubae [#2] » я тенсу написал он мне оффнул пожар
[21:37:48] [Client thread/INFO] [CHAT] [Аномал] P ┃ _ЛюбитеКотиков_ [#8] » и говно баги
[21:37:51] [Client thread/INFO] [CHAT] [Нейтрон] S ┃ CyFrodo [#3] » ну те кайф
[21:37:54] [Client thread/INFO] [CHAT] [Космонавт] zamanov_xcv [#356] » rак использовать корабль
[21:37:55] [Client thread/INFO] [CHAT] [Нейтрон] S ┃ CyFrodo [#3] » а я в 4 утра никому написать не мог
[21:38:00] [Client thread/INFO] [CHAT] [Нейтрон] S ┃ CyFrodo [#3] » правда он в 7 утра сам пропал у меня
[21:38:03] [Client thread/INFO] [CHAT] [Нейтрон] S ┃ CyFrodo [#3] » но мне уже не надо было...
[21:39:08] [Client thread/INFO] [CHAT] [Нейтрон] LS ┃ papo4ka_v_dubae [#2] » а ну он пропал наверное потому что тенс постарался
[21:39:21] [Client thread/INFO] [CHAT] [Аномал] P ┃ _ЛюбитеКотиков_ [#8] » пожелел
[21:39:22] [Client thread/INFO] [CHAT] [Нейтрон] S ┃ CyFrodo [#3] » ну все равно не прикольно было качаться мешочками
[21:39:36] [Client thread/INFO] [CHAT] [Нейтрон] S ┃ CyFrodo [#3] » мне тогда 1 мешочек давал денег на ребитх
[21:39:40] [Client thread/INFO] [CHAT] [Нейтрон] S ┃ CyFrodo [#3] » теперь надо 5 мешочков
[21:39:59] [Client thread/INFO] [CHAT] [Гравитатор] I ┃ 666Devils [#108] » что делать с пожаром если его просто нету?
[21:40:10] [Client thread/INFO] [CHAT] [Нейтрон] S ┃ CyFrodo [#3] » попробуй перезайти
[21:40:14] [Client thread/INFO] [CHAT] [Созвездие] P+ ┃ Savelii00x [#?] » как корабль юзать
[21:40:34] [Client thread/INFO] [CHAT] [Созвездие] P+ ┃ Savelii00x [#?] » как корабль юзать
[21:40:57] [Client thread/INFO] [CHAT] [Аномал] P ┃ _ЛюбитеКотиков_ [#8] » ещё 1sp надо
[21:41:49] [Client thread/INFO] [CHAT] [Аномал] P ┃ _ЛюбитеКотиков_ [#8] » спасибо хорошо
[21:42:00] [Client thread/ERROR] Error on handle event #BXBFw in Mod{name='SpaceTycoon', version='1.0.0+bc67650', persistent=false, delegate=a.a.d.a.a, modState=LOADED}
java.lang.AbstractMethodError: Receiver class a.a.d.a.e.g.c does not define or inherit an implementation of the resolved method 'abstract java.lang.Object invoke(java.lang.Object)' of interface kotlin.jvm.functions.Function1.
	at SpaceTycoon-v1.0.0+bc67650//a.a.d.a.e.g.b.a(SourceFile:46)
	at SpaceTycoon-v1.0.0+bc67650//a.a.d.a.e.g.b.injectedLambda$a$3(SourceFile)
	at java.base/java.util.HashMap$Values.forEach(Unknown Source)
	at SpaceTycoon-v1.0.0+bc67650//a.a.d.a.e.g.b.b(SourceFile:46)
	at SpaceTycoon-v1.0.0+bc67650//a.a.d.a.e.g.b.b(SourceFile:34)
	at SpaceTycoon-v1.0.0+bc67650//a.a.d.a.e.g.b.injectedLambda$b$1(SourceFile)
	at SpaceTycoon-v1.0.0+bc67650//a.a.a.m.a.b(SourceFile:58)
	at SpaceTycoon-v1.0.0+bc67650//a.a.a.m.a.injectedLambda$b$0(SourceFile)
	at #RaGIl.saYo(SourceFile:83)
	at #hvoSL.bBM(Unknown Source)
	at #hvoSL.accept(Unknown Source)
	at #ykMcj.slwQ(SourceFile:105)
	at #BrtKi.laL(Unknown Source)
	at #BrtKi.accept(Unknown Source)
	at #SmDYl.shof(SourceFile:59)
	at #vxdAh.blq(SourceFile)
	at #DRZva.smvZ(SourceFile:89)
	at #WblDI.sciG(SourceFile:100)
	at #DDMvh.hcz(SourceFile)
	at #GXpIT.slFh(SourceFile:75)
	at #acUkE.drn(SourceFile:650)
	at #qKRzt.skLS(Unknown Source:2396)
	at #hyWbW.satX(SourceFile:1837)
	at #RofNI.dB(SourceFile:43)
	at #GLnhB.run(SourceFile:32)
	at #GILEo.saUt(Unknown Source:40)
	at #sJuki.sfWB(SourceFile:11)
	at java.base/java.util.concurrent.FutureTask.run(Unknown Source)
	at #bfAok.sjvn(SourceFile:45)
	at #ptzkp.gXZ(SourceFile:52)
	at #gZdVe.sbpI(SourceFile:1466)
	at #UDDPE.sdDd(Unknown Source:1632)
	at #GMfdJ.sask(SourceFile:487)
	at net.minecraft.client.main.GameMain.iwR(SourceFile:220)
	at net.minecraft.client.main.GameMain.jtH(SourceFile:156)
	at #ZpHYL.i(Unknown Source)
	at #ZpHYL.run(Unknown Source)
	at java.base/java.lang.Thread.run(Unknown Source)
[21:42:00] [Client thread/ERROR] Error on handle event #BXBFw in Mod{name='SpaceTycoon', version='1.0.0+bc67650', persistent=false, delegate=a.a.d.a.a, modState=LOADED}
java.lang.AbstractMethodError: Receiver class a.a.d.a.e.g.c does not define or inherit an implementation of the resolved method 'abstract java.lang.Object invoke(java.lang.Object)' of interface kotlin.jvm.functions.Function1.
	at SpaceTycoon-v1.0.0+bc67650//a.a.d.a.e.g.b.a(SourceFile:46)
	at SpaceTycoon-v1.0.0+bc67650//a.a.d.a.e.g.b.injectedLambda$a$3(SourceFile)
	at java.base/java.util.HashMap$Values.forEach(Unknown Source)
	at SpaceTycoon-v1.0.0+bc67650//a.a.d.a.e.g.b.b(SourceFile:46)
	at SpaceTycoon-v1.0.0+bc67650//a.a.d.a.e.g.b.a(SourceFile:21)
	at SpaceTycoon-v1.0.0+bc67650//a.a.d.a.e.g.b.injectedLambda$a$0(SourceFile)
	at SpaceTycoon-v1.0.0+bc67650//a.a.a.m.a.b(SourceFile:58)
	at SpaceTycoon-v1.0.0+bc67650//a.a.a.m.a.injectedLambda$b$0(SourceFile)
	at #RaGIl.saYo(SourceFile:83)
	at #hvoSL.bBM(Unknown Source)
	at #hvoSL.accept(Unknown Source)
	at #ykMcj.slwQ(SourceFile:105)
	at #BrtKi.laL(Unknown Source)
	at #BrtKi.accept(Unknown Source)
	at #SmDYl.shof(SourceFile:59)
	at #vxdAh.blq(SourceFile)
	at #DRZva.smvZ(SourceFile:89)
	at #WblDI.sciG(SourceFile:100)
	at #DDMvh.hcz(SourceFile)
	at #GXpIT.slFh(SourceFile:75)
	at #acUkE.drn(SourceFile:650)
	at #qKRzt.skLS(Unknown Source:2396)
	at #hyWbW.satX(SourceFile:1837)
	at #RofNI.dB(SourceFile:43)
	at #GLnhB.run(SourceFile:32)
	at #GILEo.saUt(Unknown Source:40)
	at #sJuki.sfWB(SourceFile:11)
	at java.base/java.util.concurrent.FutureTask.run(Unknown Source)
	at #bfAok.sjvn(SourceFile:45)
	at #ptzkp.gXZ(SourceFile:52)
	at #gZdVe.sbpI(SourceFile:1466)
	at #UDDPE.sdDd(Unknown Source:1632)
	at #GMfdJ.sask(SourceFile:487)
	at net.minecraft.client.main.GameMain.iwR(SourceFile:220)
	at net.minecraft.client.main.GameMain.jtH(SourceFile:156)
	at #ZpHYL.i(Unknown Source)
	at #ZpHYL.run(Unknown Source)
	at java.base/java.lang.Thread.run(Unknown Source)
[21:42:16] [Client thread/INFO] [CHAT] [Созвездие] P+ ┃ Savelii00x [#?] » как корабль юзать? я собрал его фулл или можно только послу фулл Зели
[21:42:23] [Client thread/ERROR] Error on handle event #BXBFw in Mod{name='SpaceTycoon', version='1.0.0+bc67650', persistent=false, delegate=a.a.d.a.a, modState=LOADED}
java.lang.AbstractMethodError: Receiver class a.a.d.a.e.g.c does not define or inherit an implementation of the resolved method 'abstract java.lang.Object invoke(java.lang.Object)' of interface kotlin.jvm.functions.Function1.
	at SpaceTycoon-v1.0.0+bc67650//a.a.d.a.e.g.b.a(SourceFile:46)
	at SpaceTycoon-v1.0.0+bc67650//a.a.d.a.e.g.b.injectedLambda$a$3(SourceFile)
	at java.base/java.util.HashMap$Values.forEach(Unknown Source)
	at SpaceTycoon-v1.0.0+bc67650//a.a.d.a.e.g.b.b(SourceFile:46)
	at SpaceTycoon-v1.0.0+bc67650//a.a.d.a.e.g.b.b(SourceFile:34)
	at SpaceTycoon-v1.0.0+bc67650//a.a.d.a.e.g.b.injectedLambda$b$1(SourceFile)
	at SpaceTycoon-v1.0.0+bc67650//a.a.a.m.a.b(SourceFile:58)
	at SpaceTycoon-v1.0.0+bc67650//a.a.a.m.a.injectedLambda$b$0(SourceFile)
	at #RaGIl.saYo(SourceFile:83)
	at #hvoSL.bBM(Unknown Source)
	at #hvoSL.accept(Unknown Source)
	at #ykMcj.slwQ(SourceFile:105)
	at #BrtKi.laL(Unknown Source)
	at #BrtKi.accept(Unknown Source)
	at #SmDYl.shof(SourceFile:59)
	at #vxdAh.blq(SourceFile)
	at #DRZva.smvZ(SourceFile:89)
	at #WblDI.sciG(SourceFile:100)
	at #DDMvh.hcz(SourceFile)
	at #GXpIT.slFh(SourceFile:75)
	at #acUkE.drn(SourceFile:650)
	at #qKRzt.skLS(Unknown Source:2396)
	at #hyWbW.satX(SourceFile:1837)
	at #RofNI.dB(SourceFile:43)
	at #GLnhB.run(SourceFile:32)
	at #GILEo.saUt(Unknown Source:40)
	at #sJuki.sfWB(SourceFile:11)
	at java.base/java.util.concurrent.FutureTask.run(Unknown Source)
	at #bfAok.sjvn(SourceFile:45)
	at #ptzkp.gXZ(SourceFile:52)
	at #gZdVe.sbpI(SourceFile:1466)
	at #UDDPE.sdDd(Unknown Source:1632)
	at #GMfdJ.sask(SourceFile:487)
	at net.minecraft.client.main.GameMain.iwR(SourceFile:220)
	at net.minecraft.client.main.GameMain.jtH(SourceFile:156)
	at #ZpHYL.i(Unknown Source)
	at #ZpHYL.run(Unknown Source)
	at java.base/java.lang.Thread.run(Unknown Source)
[21:42:23] [Client thread/ERROR] Error on handle event #BXBFw in Mod{name='SpaceTycoon', version='1.0.0+bc67650', persistent=false, delegate=a.a.d.a.a, modState=LOADED}
java.lang.AbstractMethodError: Receiver class a.a.d.a.e.g.c does not define or inherit an implementation of the resolved method 'abstract java.lang.Object invoke(java.lang.Object)' of interface kotlin.jvm.functions.Function1.
	at SpaceTycoon-v1.0.0+bc67650//a.a.d.a.e.g.b.a(SourceFile:46)
	at SpaceTycoon-v1.0.0+bc67650//a.a.d.a.e.g.b.injectedLambda$a$3(SourceFile)
	at java.base/java.util.HashMap$Values.forEach(Unknown Source)
	at SpaceTycoon-v1.0.0+bc67650//a.a.d.a.e.g.b.b(SourceFile:46)
	at SpaceTycoon-v1.0.0+bc67650//a.a.d.a.e.g.b.a(SourceFile:21)
	at SpaceTycoon-v1.0.0+bc67650//a.a.d.a.e.g.b.injectedLambda$a$0(SourceFile)
	at SpaceTycoon-v1.0.0+bc67650//a.a.a.m.a.b(SourceFile:58)
	at SpaceTycoon-v1.0.0+bc67650//a.a.a.m.a.injectedLambda$b$0(SourceFile)
	at #RaGIl.saYo(SourceFile:83)
	at #hvoSL.bBM(Unknown Source)
	at #hvoSL.accept(Unknown Source)
	at #ykMcj.slwQ(SourceFile:105)
	at #BrtKi.laL(Unknown Source)
	at #BrtKi.accept(Unknown Source)
	at #SmDYl.shof(SourceFile:59)
	at #vxdAh.blq(SourceFile)
	at #DRZva.smvZ(SourceFile:89)
	at #WblDI.sciG(SourceFile:100)
	at #DDMvh.hcz(SourceFile)
	at #GXpIT.slFh(SourceFile:75)
	at #acUkE.drn(SourceFile:650)
	at #qKRzt.skLS(Unknown Source:2396)
	at #hyWbW.satX(SourceFile:1837)
	at #RofNI.dB(SourceFile:43)
	at #GLnhB.run(SourceFile:32)
	at #GILEo.saUt(Unknown Source:40)
	at #sJuki.sfWB(SourceFile:11)
	at java.base/java.util.concurrent.FutureTask.run(Unknown Source)
	at #bfAok.sjvn(SourceFile:45)
	at #ptzkp.gXZ(SourceFile:52)
	at #gZdVe.sbpI(SourceFile:1466)
	at #UDDPE.sdDd(Unknown Source:1632)
	at #GMfdJ.sask(SourceFile:487)
	at net.minecraft.client.main.GameMain.iwR(SourceFile:220)
	at net.minecraft.client.main.GameMain.jtH(SourceFile:156)
	at #ZpHYL.i(Unknown Source)
	at #ZpHYL.run(Unknown Source)
	at java.base/java.lang.Thread.run(Unknown Source)
[21:42:40] [Client thread/INFO] [CHAT] [Астроном] P ┃ Tveiv [#169] »  корабль можно юзать во время астероидного ивента
[21:42:47] [Client thread/INFO] [CHAT] [Созвездие] P+ ┃ Savelii00x [#?] » а спасибо
[21:42:58] [Client thread/INFO] [CHAT] [Астроном] P ┃ Tveiv [#169] »  а тот корабль о котором ты говоришь это следующая после земли лока
[21:43:11] [Client thread/INFO] [CHAT] [Звездочет] XxLordKillerxX [#92] » это казик
[21:45:09] [Client thread/INFO] [CHAT] [Аномал] P ┃ _ЛюбитеКотиков_ [#8] » ещё 15 минут
[21:45:15] [Client thread/INFO] [CHAT] [Астроном] P ┃ Tveiv [#169] »  до войн?
[21:45:20] [Client thread/INFO] [CHAT] [Аномал] P ┃ _ЛюбитеКотиков_ [#8] » ?
[21:45:22] [Client thread/INFO] [CHAT] [Гравитатор] D ┃ _pixty [#130] » до нулей
[21:45:27] [Client thread/INFO] [CHAT] [Аномал] P ┃ _ЛюбитеКотиков_ [#8] » да
[21:48:32] [Client thread/INFO] [CHAT] [Астроном] ghjbnvew12341 [#193] » ?
[21:48:35] [Client thread/INFO] [CHAT] [Астроном] ghjbnvew12341 [#193] » ура
[21:48:43] [Client thread/INFO] [CHAT] [Аномал] P ┃ _ЛюбитеКотиков_ [#8] » спасибо, хорошо.
[21:48:49] [Client thread/INFO] [CHAT] [Астроном] ghjbnvew12341 [#193] » отмотал срок
[21:50:39] [Client thread/ERROR] Error on handle event #BXBFw in Mod{name='SpaceTycoon', version='1.0.0+bc67650', persistent=false, delegate=a.a.d.a.a, modState=LOADED}
java.lang.IndexOutOfBoundsException: index: 70, length: 109 (expected: range(0, 138))
	at io.netty.buffer.AbstractByteBuf.checkRangeBounds(AbstractByteBuf.java:1390)
	at io.netty.buffer.AbstractByteBuf.checkIndex0(AbstractByteBuf.java:1397)
	at io.netty.buffer.AbstractUnpooledSlicedByteBuf.getBytes(AbstractUnpooledSlicedByteBuf.java:242)
	at io.netty.buffer.ReadOnlyByteBuf.getBytes(ReadOnlyByteBuf.java:270)
	at io.netty.buffer.ByteBufUtil.decodeString(ByteBufUtil.java:1151)
	at io.netty.buffer.AbstractByteBuf.toString(AbstractByteBuf.java:1246)
	at dev.xdark.feder.NetUtil.readString0(NetUtil.java:833)
	at dev.xdark.feder.NetUtil.readUtf8(NetUtil.java:188)
	at SpaceTycoon-v1.0.0+bc67650//a.a.a.m.a.f(SourceFile:176)
	at SpaceTycoon-v1.0.0+bc67650//a.a.d.a.e.h.b.d(SourceFile:60)
	at SpaceTycoon-v1.0.0+bc67650//a.a.d.a.e.h.b.injectedLambda$d$3(SourceFile)
	at SpaceTycoon-v1.0.0+bc67650//a.a.a.m.a.b(SourceFile:58)
	at SpaceTycoon-v1.0.0+bc67650//a.a.a.m.a.injectedLambda$b$0(SourceFile)
	at #RaGIl.saYo(SourceFile:83)
	at #hvoSL.bBM(Unknown Source)
	at #hvoSL.accept(Unknown Source)
	at #ykMcj.slwQ(SourceFile:105)
	at #BrtKi.laL(Unknown Source)
	at #BrtKi.accept(Unknown Source)
	at #SmDYl.shof(SourceFile:59)
	at #vxdAh.blq(SourceFile)
	at #DRZva.smvZ(SourceFile:89)
	at #WblDI.sciG(SourceFile:100)
	at #DDMvh.hcz(SourceFile)
	at #GXpIT.slFh(SourceFile:75)
	at #acUkE.drn(SourceFile:650)
	at #qKRzt.skLS(Unknown Source:2396)
	at #hyWbW.satX(SourceFile:1837)
	at #RofNI.dB(SourceFile:43)
	at #GLnhB.run(SourceFile:32)
	at #GILEo.saUt(Unknown Source:40)
	at #sJuki.sfWB(SourceFile:11)
	at java.base/java.util.concurrent.FutureTask.run(Unknown Source)
	at #bfAok.sjvn(SourceFile:45)
	at #ptzkp.gXZ(SourceFile:52)
	at #gZdVe.sbpI(SourceFile:1466)
	at #UDDPE.sdDd(Unknown Source:1632)
	at #GMfdJ.sask(SourceFile:487)
	at net.minecraft.client.main.GameMain.iwR(SourceFile:220)
	at net.minecraft.client.main.GameMain.jtH(SourceFile:156)
	at #ZpHYL.i(Unknown Source)
	at #ZpHYL.run(Unknown Source)
	at java.base/java.lang.Thread.run(Unknown Source)
[21:51:03] [Client thread/INFO] [CHAT] [Астроном] ghjbnvew12341 [#193] » а как по войсу общатся
[21:51:28] [Client thread/ERROR] Error on handle event #BXBFw in Mod{name='SpaceTycoon', version='1.0.0+bc67650', persistent=false, delegate=a.a.d.a.a, modState=LOADED}
java.lang.IndexOutOfBoundsException: index: 70, length: 1 (expected: range(0, 70))
	at io.netty.buffer.AbstractByteBuf.checkRangeBounds(AbstractByteBuf.java:1390)
	at io.netty.buffer.AbstractByteBuf.checkIndex0(AbstractByteBuf.java:1397)
	at io.netty.buffer.AbstractUnpooledSlicedByteBuf.getBytes(AbstractUnpooledSlicedByteBuf.java:242)
	at io.netty.buffer.ReadOnlyByteBuf.getBytes(ReadOnlyByteBuf.java:270)
	at io.netty.buffer.ByteBufUtil.decodeString(ByteBufUtil.java:1151)
	at io.netty.buffer.AbstractByteBuf.toString(AbstractByteBuf.java:1246)
	at dev.xdark.feder.NetUtil.readString0(NetUtil.java:833)
	at dev.xdark.feder.NetUtil.readUtf8(NetUtil.java:188)
	at SpaceTycoon-v1.0.0+bc67650//a.a.a.m.a.f(SourceFile:176)
	at SpaceTycoon-v1.0.0+bc67650//a.a.d.a.e.h.b.d(SourceFile:60)
	at SpaceTycoon-v1.0.0+bc67650//a.a.d.a.e.h.b.injectedLambda$d$3(SourceFile)
	at SpaceTycoon-v1.0.0+bc67650//a.a.a.m.a.b(SourceFile:58)
	at SpaceTycoon-v1.0.0+bc67650//a.a.a.m.a.injectedLambda$b$0(SourceFile)
	at #RaGIl.saYo(SourceFile:83)
	at #hvoSL.bBM(Unknown Source)
	at #hvoSL.accept(Unknown Source)
	at #ykMcj.slwQ(SourceFile:105)
	at #BrtKi.laL(Unknown Source)
	at #BrtKi.accept(Unknown Source)
	at #SmDYl.shof(SourceFile:59)
	at #vxdAh.blq(SourceFile)
	at #DRZva.smvZ(SourceFile:89)
	at #WblDI.sciG(SourceFile:100)
	at #DDMvh.hcz(SourceFile)
	at #GXpIT.slFh(SourceFile:75)
	at #acUkE.drn(SourceFile:650)
	at #qKRzt.skLS(Unknown Source:2396)
	at #hyWbW.satX(SourceFile:1837)
	at #RofNI.dB(SourceFile:43)
	at #GLnhB.run(SourceFile:32)
	at #GILEo.saUt(Unknown Source:40)
	at #sJuki.sfWB(SourceFile:11)
	at java.base/java.util.concurrent.FutureTask.run(Unknown Source)
	at #bfAok.sjvn(SourceFile:45)
	at #ptzkp.gXZ(SourceFile:52)
	at #gZdVe.sbpI(SourceFile:1466)
	at #UDDPE.sdDd(Unknown Source:1632)
	at #GMfdJ.sask(SourceFile:487)
	at net.minecraft.client.main.GameMain.iwR(SourceFile:220)
	at net.minecraft.client.main.GameMain.jtH(SourceFile:156)
	at #ZpHYL.i(Unknown Source)
	at #ZpHYL.run(Unknown Source)
	at java.base/java.lang.Thread.run(Unknown Source)
[21:51:51] [Client thread/ERROR] Error on handle event #BXBFw in Mod{name='SpaceTycoon', version='1.0.0+bc67650', persistent=false, delegate=a.a.d.a.a, modState=LOADED}
java.lang.AbstractMethodError: Receiver class a.a.d.a.e.g.c does not define or inherit an implementation of the resolved method 'abstract java.lang.Object invoke(java.lang.Object)' of interface kotlin.jvm.functions.Function1.
	at SpaceTycoon-v1.0.0+bc67650//a.a.d.a.e.g.b.a(SourceFile:46)
	at SpaceTycoon-v1.0.0+bc67650//a.a.d.a.e.g.b.injectedLambda$a$3(SourceFile)
	at java.base/java.util.HashMap$Values.forEach(Unknown Source)
	at SpaceTycoon-v1.0.0+bc67650//a.a.d.a.e.g.b.b(SourceFile:46)
	at SpaceTycoon-v1.0.0+bc67650//a.a.d.a.e.g.b.b(SourceFile:34)
	at SpaceTycoon-v1.0.0+bc67650//a.a.d.a.e.g.b.injectedLambda$b$1(SourceFile)
	at SpaceTycoon-v1.0.0+bc67650//a.a.a.m.a.b(SourceFile:58)
	at SpaceTycoon-v1.0.0+bc67650//a.a.a.m.a.injectedLambda$b$0(SourceFile)
	at #RaGIl.saYo(SourceFile:83)
	at #hvoSL.bBM(Unknown Source)
	at #hvoSL.accept(Unknown Source)
	at #ykMcj.slwQ(SourceFile:105)
	at #BrtKi.laL(Unknown Source)
	at #BrtKi.accept(Unknown Source)
	at #SmDYl.shof(SourceFile:59)
	at #vxdAh.blq(SourceFile)
	at #DRZva.smvZ(SourceFile:89)
	at #WblDI.sciG(SourceFile:100)
	at #DDMvh.hcz(SourceFile)
	at #GXpIT.slFh(SourceFile:75)
	at #acUkE.drn(SourceFile:650)
	at #qKRzt.skLS(Unknown Source:2396)
	at #hyWbW.satX(SourceFile:1837)
	at #RofNI.dB(SourceFile:43)
	at #GLnhB.run(SourceFile:32)
	at #GILEo.saUt(Unknown Source:40)
	at #sJuki.sfWB(SourceFile:11)
	at java.base/java.util.concurrent.FutureTask.run(Unknown Source)
	at #bfAok.sjvn(SourceFile:45)
	at #ptzkp.gXZ(SourceFile:52)
	at #gZdVe.sbpI(SourceFile:1466)
	at #UDDPE.sdDd(Unknown Source:1632)
	at #GMfdJ.sask(SourceFile:487)
	at net.minecraft.client.main.GameMain.iwR(SourceFile:220)
	at net.minecraft.client.main.GameMain.jtH(SourceFile:156)
	at #ZpHYL.i(Unknown Source)
	at #ZpHYL.run(Unknown Source)
	at java.base/java.lang.Thread.run(Unknown Source)
[21:51:51] [Client thread/ERROR] Error on handle event #BXBFw in Mod{name='SpaceTycoon', version='1.0.0+bc67650', persistent=false, delegate=a.a.d.a.a, modState=LOADED}
java.lang.AbstractMethodError: Receiver class a.a.d.a.e.g.c does not define or inherit an implementation of the resolved method 'abstract java.lang.Object invoke(java.lang.Object)' of interface kotlin.jvm.functions.Function1.
	at SpaceTycoon-v1.0.0+bc67650//a.a.d.a.e.g.b.a(SourceFile:46)
	at SpaceTycoon-v1.0.0+bc67650//a.a.d.a.e.g.b.injectedLambda$a$3(SourceFile)
	at java.base/java.util.HashMap$Values.forEach(Unknown Source)
	at SpaceTycoon-v1.0.0+bc67650//a.a.d.a.e.g.b.b(SourceFile:46)
	at SpaceTycoon-v1.0.0+bc67650//a.a.d.a.e.g.b.a(SourceFile:21)
	at SpaceTycoon-v1.0.0+bc67650//a.a.d.a.e.g.b.injectedLambda$a$0(SourceFile)
	at SpaceTycoon-v1.0.0+bc67650//a.a.a.m.a.b(SourceFile:58)
	at SpaceTycoon-v1.0.0+bc67650//a.a.a.m.a.injectedLambda$b$0(SourceFile)
	at #RaGIl.saYo(SourceFile:83)
	at #hvoSL.bBM(Unknown Source)
	at #hvoSL.accept(Unknown Source)
	at #ykMcj.slwQ(SourceFile:105)
	at #BrtKi.laL(Unknown Source)
	at #BrtKi.accept(Unknown Source)
	at #SmDYl.shof(SourceFile:59)
	at #vxdAh.blq(SourceFile)
	at #DRZva.smvZ(SourceFile:89)
	at #WblDI.sciG(SourceFile:100)
	at #DDMvh.hcz(SourceFile)
	at #GXpIT.slFh(SourceFile:75)
	at #acUkE.drn(SourceFile:650)
	at #qKRzt.skLS(Unknown Source:2396)
	at #hyWbW.satX(SourceFile:1837)
	at #RofNI.dB(SourceFile:43)
	at #GLnhB.run(SourceFile:32)
	at #GILEo.saUt(Unknown Source:40)
	at #sJuki.sfWB(SourceFile:11)
	at java.base/java.util.concurrent.FutureTask.run(Unknown Source)
	at #bfAok.sjvn(SourceFile:45)
	at #ptzkp.gXZ(SourceFile:52)
	at #gZdVe.sbpI(SourceFile:1466)
	at #UDDPE.sdDd(Unknown Source:1632)
	at #GMfdJ.sask(SourceFile:487)
	at net.minecraft.client.main.GameMain.iwR(SourceFile:220)
	at net.minecraft.client.main.GameMain.jtH(SourceFile:156)
	at #ZpHYL.i(Unknown Source)
	at #ZpHYL.run(Unknown Source)
	at java.base/java.lang.Thread.run(Unknown Source)
[21:52:07] [Client thread/INFO] [CHAT] [Туманник] XxLordKillerxX [#93] » а в чем прикол перерождений я сделал с 120х на 250х и ничего не поменялось я так же получаю
[21:52:32] [Client thread/ERROR] Error on handle event #BXBFw in Mod{name='SpaceTycoon', version='1.0.0+bc67650', persistent=false, delegate=a.a.d.a.a, modState=LOADED}
java.lang.AbstractMethodError: Receiver class a.a.d.a.e.g.c does not define or inherit an implementation of the resolved method 'abstract java.lang.Object invoke(java.lang.Object)' of interface kotlin.jvm.functions.Function1.
	at SpaceTycoon-v1.0.0+bc67650//a.a.d.a.e.g.b.a(SourceFile:46)
	at SpaceTycoon-v1.0.0+bc67650//a.a.d.a.e.g.b.injectedLambda$a$3(SourceFile)
	at java.base/java.util.HashMap$Values.forEach(Unknown Source)
	at SpaceTycoon-v1.0.0+bc67650//a.a.d.a.e.g.b.b(SourceFile:46)
	at SpaceTycoon-v1.0.0+bc67650//a.a.d.a.e.g.b.b(SourceFile:34)
	at SpaceTycoon-v1.0.0+bc67650//a.a.d.a.e.g.b.injectedLambda$b$1(SourceFile)
	at SpaceTycoon-v1.0.0+bc67650//a.a.a.m.a.b(SourceFile:58)
	at SpaceTycoon-v1.0.0+bc67650//a.a.a.m.a.injectedLambda$b$0(SourceFile)
	at #RaGIl.saYo(SourceFile:83)
	at #hvoSL.bBM(Unknown Source)
	at #hvoSL.accept(Unknown Source)
	at #ykMcj.slwQ(SourceFile:105)
	at #BrtKi.laL(Unknown Source)
	at #BrtKi.accept(Unknown Source)
	at #SmDYl.shof(SourceFile:59)
	at #vxdAh.blq(SourceFile)
	at #DRZva.smvZ(SourceFile:89)
	at #WblDI.sciG(SourceFile:100)
	at #DDMvh.hcz(SourceFile)
	at #GXpIT.slFh(SourceFile:75)
	at #acUkE.drn(SourceFile:650)
	at #qKRzt.skLS(Unknown Source:2396)
	at #hyWbW.satX(SourceFile:1837)
	at #RofNI.dB(SourceFile:43)
	at #GLnhB.run(SourceFile:32)
	at #GILEo.saUt(Unknown Source:40)
	at #sJuki.sfWB(SourceFile:11)
	at java.base/java.util.concurrent.FutureTask.run(Unknown Source)
	at #bfAok.sjvn(SourceFile:45)
	at #ptzkp.gXZ(SourceFile:52)
	at #gZdVe.sbpI(SourceFile:1466)
	at #UDDPE.sdDd(Unknown Source:1632)
	at #GMfdJ.sask(SourceFile:487)
	at net.minecraft.client.main.GameMain.iwR(SourceFile:220)
	at net.minecraft.client.main.GameMain.jtH(SourceFile:156)
	at #ZpHYL.i(Unknown Source)
	at #ZpHYL.run(Unknown Source)
	at java.base/java.lang.Thread.run(Unknown Source)
[21:52:32] [Client thread/ERROR] Error on handle event #BXBFw in Mod{name='SpaceTycoon', version='1.0.0+bc67650', persistent=false, delegate=a.a.d.a.a, modState=LOADED}
java.lang.AbstractMethodError: Receiver class a.a.d.a.e.g.c does not define or inherit an implementation of the resolved method 'abstract java.lang.Object invoke(java.lang.Object)' of interface kotlin.jvm.functions.Function1.
	at SpaceTycoon-v1.0.0+bc67650//a.a.d.a.e.g.b.a(SourceFile:46)
	at SpaceTycoon-v1.0.0+bc67650//a.a.d.a.e.g.b.injectedLambda$a$3(SourceFile)
	at java.base/java.util.HashMap$Values.forEach(Unknown Source)
	at SpaceTycoon-v1.0.0+bc67650//a.a.d.a.e.g.b.b(SourceFile:46)
	at SpaceTycoon-v1.0.0+bc67650//a.a.d.a.e.g.b.a(SourceFile:21)
	at SpaceTycoon-v1.0.0+bc67650//a.a.d.a.e.g.b.injectedLambda$a$0(SourceFile)
	at SpaceTycoon-v1.0.0+bc67650//a.a.a.m.a.b(SourceFile:58)
	at SpaceTycoon-v1.0.0+bc67650//a.a.a.m.a.injectedLambda$b$0(SourceFile)
	at #RaGIl.saYo(SourceFile:83)
	at #hvoSL.bBM(Unknown Source)
	at #hvoSL.accept(Unknown Source)
	at #ykMcj.slwQ(SourceFile:105)
	at #BrtKi.laL(Unknown Source)
	at #BrtKi.accept(Unknown Source)
	at #SmDYl.shof(SourceFile:59)
	at #vxdAh.blq(SourceFile)
	at #DRZva.smvZ(SourceFile:89)
	at #WblDI.sciG(SourceFile:100)
	at #DDMvh.hcz(SourceFile)
	at #GXpIT.slFh(SourceFile:75)
	at #acUkE.drn(SourceFile:650)
	at #qKRzt.skLS(Unknown Source:2396)
	at #hyWbW.satX(SourceFile:1837)
	at #RofNI.dB(SourceFile:43)
	at #GLnhB.run(SourceFile:32)
	at #GILEo.saUt(Unknown Source:40)
	at #sJuki.sfWB(SourceFile:11)
	at java.base/java.util.concurrent.FutureTask.run(Unknown Source)
	at #bfAok.sjvn(SourceFile:45)
	at #ptzkp.gXZ(SourceFile:52)
	at #gZdVe.sbpI(SourceFile:1466)
	at #UDDPE.sdDd(Unknown Source:1632)
	at #GMfdJ.sask(SourceFile:487)
	at net.minecraft.client.main.GameMain.iwR(SourceFile:220)
	at net.minecraft.client.main.GameMain.jtH(SourceFile:156)
	at #ZpHYL.i(Unknown Source)
	at #ZpHYL.run(Unknown Source)
	at java.base/java.lang.Thread.run(Unknown Source)
[21:52:40] [Client thread/ERROR] Error on handle event #BXBFw in Mod{name='SpaceTycoon', version='1.0.0+bc67650', persistent=false, delegate=a.a.d.a.a, modState=LOADED}
java.lang.IndexOutOfBoundsException: index: 72, length: 109 (expected: range(0, 140))
	at io.netty.buffer.AbstractByteBuf.checkRangeBounds(AbstractByteBuf.java:1390)
	at io.netty.buffer.AbstractByteBuf.checkIndex0(AbstractByteBuf.java:1397)
	at io.netty.buffer.AbstractUnpooledSlicedByteBuf.getBytes(AbstractUnpooledSlicedByteBuf.java:242)
	at io.netty.buffer.ReadOnlyByteBuf.getBytes(ReadOnlyByteBuf.java:270)
	at io.netty.buffer.ByteBufUtil.decodeString(ByteBufUtil.java:1151)
	at io.netty.buffer.AbstractByteBuf.toString(AbstractByteBuf.java:1246)
	at dev.xdark.feder.NetUtil.readString0(NetUtil.java:833)
	at dev.xdark.feder.NetUtil.readUtf8(NetUtil.java:188)
	at SpaceTycoon-v1.0.0+bc67650//a.a.a.m.a.f(SourceFile:176)
	at SpaceTycoon-v1.0.0+bc67650//a.a.d.a.e.h.b.d(SourceFile:60)
	at SpaceTycoon-v1.0.0+bc67650//a.a.d.a.e.h.b.injectedLambda$d$3(SourceFile)
	at SpaceTycoon-v1.0.0+bc67650//a.a.a.m.a.b(SourceFile:58)
	at SpaceTycoon-v1.0.0+bc67650//a.a.a.m.a.injectedLambda$b$0(SourceFile)
	at #RaGIl.saYo(SourceFile:83)
	at #hvoSL.bBM(Unknown Source)
	at #hvoSL.accept(Unknown Source)
	at #ykMcj.slwQ(SourceFile:105)
	at #BrtKi.laL(Unknown Source)
	at #BrtKi.accept(Unknown Source)
	at #SmDYl.shof(SourceFile:59)
	at #vxdAh.blq(SourceFile)
	at #DRZva.smvZ(SourceFile:89)
	at #WblDI.sciG(SourceFile:100)
	at #DDMvh.hcz(SourceFile)
	at #GXpIT.slFh(SourceFile:75)
	at #acUkE.drn(SourceFile:650)
	at #qKRzt.skLS(Unknown Source:2396)
	at #hyWbW.satX(SourceFile:1837)
	at #RofNI.dB(SourceFile:43)
	at #GLnhB.run(SourceFile:32)
	at #GILEo.saUt(Unknown Source:40)
	at #sJuki.sfWB(SourceFile:11)
	at java.base/java.util.concurrent.FutureTask.run(Unknown Source)
	at #bfAok.sjvn(SourceFile:45)
	at #ptzkp.gXZ(SourceFile:52)
	at #gZdVe.sbpI(SourceFile:1466)
	at #UDDPE.sdDd(Unknown Source:1632)
	at #GMfdJ.sask(SourceFile:487)
	at net.minecraft.client.main.GameMain.iwR(SourceFile:220)
	at net.minecraft.client.main.GameMain.jtH(SourceFile:156)
	at #ZpHYL.i(Unknown Source)
	at #ZpHYL.run(Unknown Source)
	at java.base/java.lang.Thread.run(Unknown Source)
[21:53:44] [Client thread/INFO] [CHAT] [Туманник] XxLordKillerxX [#89] » а в чем прикол перерождений я сделал с 120х на 250х и ничего не поменялось я так же получаю
[21:53:52] [Client thread/ERROR] Error on handle event #BXBFw in Mod{name='SpaceTycoon', version='1.0.0+bc67650', persistent=false, delegate=a.a.d.a.a, modState=LOADED}
java.lang.IndexOutOfBoundsException: index: 180, length: 116 (expected: range(0, 208))
	at io.netty.buffer.AbstractByteBuf.checkRangeBounds(AbstractByteBuf.java:1390)
	at io.netty.buffer.AbstractByteBuf.checkIndex0(AbstractByteBuf.java:1397)
	at io.netty.buffer.AbstractUnpooledSlicedByteBuf.getBytes(AbstractUnpooledSlicedByteBuf.java:242)
	at io.netty.buffer.ReadOnlyByteBuf.getBytes(ReadOnlyByteBuf.java:270)
	at io.netty.buffer.ByteBufUtil.decodeString(ByteBufUtil.java:1151)
	at io.netty.buffer.AbstractByteBuf.toString(AbstractByteBuf.java:1246)
	at dev.xdark.feder.NetUtil.readString0(NetUtil.java:833)
	at dev.xdark.feder.NetUtil.readUtf8(NetUtil.java:188)
	at SpaceTycoon-v1.0.0+bc67650//a.a.a.m.a.f(SourceFile:176)
	at SpaceTycoon-v1.0.0+bc67650//a.a.d.a.e.h.b.d(SourceFile:60)
	at SpaceTycoon-v1.0.0+bc67650//a.a.d.a.e.h.b.injectedLambda$d$3(SourceFile)
	at SpaceTycoon-v1.0.0+bc67650//a.a.a.m.a.b(SourceFile:58)
	at SpaceTycoon-v1.0.0+bc67650//a.a.a.m.a.injectedLambda$b$0(SourceFile)
	at #RaGIl.saYo(SourceFile:83)
	at #hvoSL.bBM(Unknown Source)
	at #hvoSL.accept(Unknown Source)
	at #ykMcj.slwQ(SourceFile:105)
	at #BrtKi.laL(Unknown Source)
	at #BrtKi.accept(Unknown Source)
	at #SmDYl.shof(SourceFile:59)
	at #vxdAh.blq(SourceFile)
	at #DRZva.smvZ(SourceFile:89)
	at #WblDI.sciG(SourceFile:100)
	at #DDMvh.hcz(SourceFile)
	at #GXpIT.slFh(SourceFile:75)
	at #acUkE.drn(SourceFile:650)
	at #qKRzt.skLS(Unknown Source:2396)
	at #hyWbW.satX(SourceFile:1837)
	at #RofNI.dB(SourceFile:43)
	at #GLnhB.run(SourceFile:32)
	at #GILEo.saUt(Unknown Source:40)
	at #sJuki.sfWB(SourceFile:11)
	at java.base/java.util.concurrent.FutureTask.run(Unknown Source)
	at #bfAok.sjvn(SourceFile:45)
	at #ptzkp.gXZ(SourceFile:52)
	at #gZdVe.sbpI(SourceFile:1466)
	at #UDDPE.sdDd(Unknown Source:1632)
	at #GMfdJ.sask(SourceFile:487)
	at net.minecraft.client.main.GameMain.iwR(SourceFile:220)
	at net.minecraft.client.main.GameMain.jtH(SourceFile:156)
	at #ZpHYL.i(Unknown Source)
	at #ZpHYL.run(Unknown Source)
	at java.base/java.lang.Thread.run(Unknown Source)
[21:53:55] [Client thread/INFO] [STDOUT]: a.a.d.a.c.a.f.a.i@63c009d0
[21:54:21] [Client thread/ERROR] Error on handle event #BXBFw in Mod{name='SpaceTycoon', version='1.0.0+bc67650', persistent=false, delegate=a.a.d.a.a, modState=LOADED}
java.lang.IndexOutOfBoundsException: index: 70, length: 1 (expected: range(0, 70))
	at io.netty.buffer.AbstractByteBuf.checkRangeBounds(AbstractByteBuf.java:1390)
	at io.netty.buffer.AbstractByteBuf.checkIndex0(AbstractByteBuf.java:1397)
	at io.netty.buffer.AbstractUnpooledSlicedByteBuf.getBytes(AbstractUnpooledSlicedByteBuf.java:242)
	at io.netty.buffer.ReadOnlyByteBuf.getBytes(ReadOnlyByteBuf.java:270)
	at io.netty.buffer.ByteBufUtil.decodeString(ByteBufUtil.java:1151)
	at io.netty.buffer.AbstractByteBuf.toString(AbstractByteBuf.java:1246)
	at dev.xdark.feder.NetUtil.readString0(NetUtil.java:833)
	at dev.xdark.feder.NetUtil.readUtf8(NetUtil.java:188)
	at SpaceTycoon-v1.0.0+bc67650//a.a.a.m.a.f(SourceFile:176)
	at SpaceTycoon-v1.0.0+bc67650//a.a.d.a.e.h.b.d(SourceFile:60)
	at SpaceTycoon-v1.0.0+bc67650//a.a.d.a.e.h.b.injectedLambda$d$3(SourceFile)
	at SpaceTycoon-v1.0.0+bc67650//a.a.a.m.a.b(SourceFile:58)
	at SpaceTycoon-v1.0.0+bc67650//a.a.a.m.a.injectedLambda$b$0(SourceFile)
	at #RaGIl.saYo(SourceFile:83)
	at #hvoSL.bBM(Unknown Source)
	at #hvoSL.accept(Unknown Source)
	at #ykMcj.slwQ(SourceFile:105)
	at #BrtKi.laL(Unknown Source)
	at #BrtKi.accept(Unknown Source)
	at #SmDYl.shof(SourceFile:59)
	at #vxdAh.blq(SourceFile)
	at #DRZva.smvZ(SourceFile:89)
	at #WblDI.sciG(SourceFile:100)
	at #DDMvh.hcz(SourceFile)
	at #GXpIT.slFh(SourceFile:75)
	at #acUkE.drn(SourceFile:650)
	at #qKRzt.skLS(Unknown Source:2396)
	at #hyWbW.satX(SourceFile:1837)
	at #RofNI.dB(SourceFile:43)
	at #GLnhB.run(SourceFile:32)
	at #GILEo.saUt(Unknown Source:40)
	at #sJuki.sfWB(SourceFile:11)
	at java.base/java.util.concurrent.FutureTask.run(Unknown Source)
	at #bfAok.sjvn(SourceFile:45)
	at #ptzkp.gXZ(SourceFile:52)
	at #gZdVe.sbpI(SourceFile:1466)
	at #UDDPE.sdDd(Unknown Source:1632)
	at #GMfdJ.sask(SourceFile:487)
	at net.minecraft.client.main.GameMain.iwR(SourceFile:220)
	at net.minecraft.client.main.GameMain.jtH(SourceFile:156)
	at #ZpHYL.i(Unknown Source)
	at #ZpHYL.run(Unknown Source)
	at java.base/java.lang.Thread.run(Unknown Source)
[21:55:00] [Client thread/INFO] [CHAT]  \ni До начала Астероидной битвы осталось 5м!\n 
[21:55:10] [Client thread/INFO] [CHAT] [Астроном] ghjbnvew12341 [#191] » кайф
[21:55:16] [Client thread/INFO] [CHAT] [Нейтрон] LS ┃ papo4ka_v_dubae [#2] » yt
[21:55:21] [Client thread/INFO] [CHAT] [Нейтрон] LS ┃ papo4ka_v_dubae [#2] » хочу домой
[21:55:25] [Client thread/ERROR] Error on handle event #BXBFw in Mod{name='SpaceTycoon', version='1.0.0+bc67650', persistent=false, delegate=a.a.d.a.a, modState=LOADED}
java.lang.IndexOutOfBoundsException: index: 70, length: 109 (expected: range(0, 138))
	at io.netty.buffer.AbstractByteBuf.checkRangeBounds(AbstractByteBuf.java:1390)
	at io.netty.buffer.AbstractByteBuf.checkIndex0(AbstractByteBuf.java:1397)
	at io.netty.buffer.AbstractUnpooledSlicedByteBuf.getBytes(AbstractUnpooledSlicedByteBuf.java:242)
	at io.netty.buffer.ReadOnlyByteBuf.getBytes(ReadOnlyByteBuf.java:270)
	at io.netty.buffer.ByteBufUtil.decodeString(ByteBufUtil.java:1151)
	at io.netty.buffer.AbstractByteBuf.toString(AbstractByteBuf.java:1246)
	at dev.xdark.feder.NetUtil.readString0(NetUtil.java:833)
	at dev.xdark.feder.NetUtil.readUtf8(NetUtil.java:188)
	at SpaceTycoon-v1.0.0+bc67650//a.a.a.m.a.f(SourceFile:176)
	at SpaceTycoon-v1.0.0+bc67650//a.a.d.a.e.h.b.d(SourceFile:60)
	at SpaceTycoon-v1.0.0+bc67650//a.a.d.a.e.h.b.injectedLambda$d$3(SourceFile)
	at SpaceTycoon-v1.0.0+bc67650//a.a.a.m.a.b(SourceFile:58)
	at SpaceTycoon-v1.0.0+bc67650//a.a.a.m.a.injectedLambda$b$0(SourceFile)
	at #RaGIl.saYo(SourceFile:83)
	at #hvoSL.bBM(Unknown Source)
	at #hvoSL.accept(Unknown Source)
	at #ykMcj.slwQ(SourceFile:105)
	at #BrtKi.laL(Unknown Source)
	at #BrtKi.accept(Unknown Source)
	at #SmDYl.shof(SourceFile:59)
	at #vxdAh.blq(SourceFile)
	at #DRZva.smvZ(SourceFile:89)
	at #WblDI.sciG(SourceFile:100)
	at #DDMvh.hcz(SourceFile)
	at #GXpIT.slFh(SourceFile:75)
	at #acUkE.drn(SourceFile:650)
	at #qKRzt.skLS(Unknown Source:2396)
	at #hyWbW.satX(SourceFile:1837)
	at #RofNI.dB(SourceFile:43)
	at #GLnhB.run(SourceFile:32)
	at #GILEo.saUt(Unknown Source:40)
	at #sJuki.sfWB(SourceFile:11)
	at java.base/java.util.concurrent.FutureTask.run(Unknown Source)
	at #bfAok.sjvn(SourceFile:45)
	at #ptzkp.gXZ(SourceFile:52)
	at #gZdVe.sbpI(SourceFile:1466)
	at #UDDPE.sdDd(Unknown Source:1632)
	at #GMfdJ.sask(SourceFile:487)
	at net.minecraft.client.main.GameMain.iwR(SourceFile:220)
	at net.minecraft.client.main.GameMain.jtH(SourceFile:156)
	at #ZpHYL.i(Unknown Source)
	at #ZpHYL.run(Unknown Source)
	at java.base/java.lang.Thread.run(Unknown Source)
[21:55:26] [Client thread/INFO] [CHAT] [Астроном] ghjbnvew12341 [#191] » ?
[21:55:28] [Client thread/INFO] [CHAT] [Ветер] P ┃ _ЛюбитеКотиков_ [#8] » спасибо, хорошо.
[21:56:00] [Client thread/INFO] [CHAT]  \ni До начала Астероидной битвы осталось 4м!\n 
[21:56:09] [Client thread/ERROR] Error on handle event #BXBFw in Mod{name='SpaceTycoon', version='1.0.0+bc67650', persistent=false, delegate=a.a.d.a.a, modState=LOADED}
java.lang.IndexOutOfBoundsException: index: 70, length: 1 (expected: range(0, 70))
	at io.netty.buffer.AbstractByteBuf.checkRangeBounds(AbstractByteBuf.java:1390)
	at io.netty.buffer.AbstractByteBuf.checkIndex0(AbstractByteBuf.java:1397)
	at io.netty.buffer.AbstractUnpooledSlicedByteBuf.getBytes(AbstractUnpooledSlicedByteBuf.java:242)
	at io.netty.buffer.ReadOnlyByteBuf.getBytes(ReadOnlyByteBuf.java:270)
	at io.netty.buffer.ByteBufUtil.decodeString(ByteBufUtil.java:1151)
	at io.netty.buffer.AbstractByteBuf.toString(AbstractByteBuf.java:1246)
	at dev.xdark.feder.NetUtil.readString0(NetUtil.java:833)
	at dev.xdark.feder.NetUtil.readUtf8(NetUtil.java:188)
	at SpaceTycoon-v1.0.0+bc67650//a.a.a.m.a.f(SourceFile:176)
	at SpaceTycoon-v1.0.0+bc67650//a.a.d.a.e.h.b.d(SourceFile:60)
	at SpaceTycoon-v1.0.0+bc67650//a.a.d.a.e.h.b.injectedLambda$d$3(SourceFile)
	at SpaceTycoon-v1.0.0+bc67650//a.a.a.m.a.b(SourceFile:58)
	at SpaceTycoon-v1.0.0+bc67650//a.a.a.m.a.injectedLambda$b$0(SourceFile)
	at #RaGIl.saYo(SourceFile:83)
	at #hvoSL.bBM(Unknown Source)
	at #hvoSL.accept(Unknown Source)
	at #ykMcj.slwQ(SourceFile:105)
	at #BrtKi.laL(Unknown Source)
	at #BrtKi.accept(Unknown Source)
	at #SmDYl.shof(SourceFile:59)
	at #vxdAh.blq(SourceFile)
	at #DRZva.smvZ(SourceFile:89)
	at #WblDI.sciG(SourceFile:100)
	at #DDMvh.hcz(SourceFile)
	at #GXpIT.slFh(SourceFile:75)
	at #acUkE.drn(SourceFile:650)
	at #qKRzt.skLS(Unknown Source:2396)
	at #hyWbW.satX(SourceFile:1837)
	at #RofNI.dB(SourceFile:43)
	at #GLnhB.run(SourceFile:32)
	at #GILEo.saUt(Unknown Source:40)
	at #sJuki.sfWB(SourceFile:11)
	at java.base/java.util.concurrent.FutureTask.run(Unknown Source)
	at #bfAok.sjvn(SourceFile:45)
	at #ptzkp.gXZ(SourceFile:52)
	at #gZdVe.sbpI(SourceFile:1466)
	at #UDDPE.sdDd(Unknown Source:1632)
	at #GMfdJ.sask(SourceFile:487)
	at net.minecraft.client.main.GameMain.iwR(SourceFile:220)
	at net.minecraft.client.main.GameMain.jtH(SourceFile:156)
	at #ZpHYL.i(Unknown Source)
	at #ZpHYL.run(Unknown Source)
	at java.base/java.lang.Thread.run(Unknown Source)
[21:56:46] [Client thread/INFO] [CHAT] Sian_Top1 [#?] » Ищем людей в команду для записи роликов на криссталиксе и не только. Пиши в лс!
[21:57:00] [Client thread/INFO] [CHAT]  \ni До начала Астероидной битвы осталось 3м!\n 
[21:57:02] [Client thread/INFO] [CHAT] [Космонавт] silexxgodlike [#440] » парни а в какой зоне ангара контейрены там деталь для корабля, подскажите пожайлуста
[21:57:09] [Client thread/INFO] [CHAT] [Астроном] ghjbnvew12341 [#191] » 2
[21:57:15] [Client thread/INFO] [CHAT] [Туманник] D ┃ Stas9n [#77] » слева
[21:57:17] [Client thread/ERROR] Error on handle event #BXBFw in Mod{name='SpaceTycoon', version='1.0.0+bc67650', persistent=false, delegate=a.a.d.a.a, modState=LOADED}
java.lang.IndexOutOfBoundsException: index: 70, length: 109 (expected: range(0, 138))
	at io.netty.buffer.AbstractByteBuf.checkRangeBounds(AbstractByteBuf.java:1390)
	at io.netty.buffer.AbstractByteBuf.checkIndex0(AbstractByteBuf.java:1397)
	at io.netty.buffer.AbstractUnpooledSlicedByteBuf.getBytes(AbstractUnpooledSlicedByteBuf.java:242)
	at io.netty.buffer.ReadOnlyByteBuf.getBytes(ReadOnlyByteBuf.java:270)
	at io.netty.buffer.ByteBufUtil.decodeString(ByteBufUtil.java:1151)
	at io.netty.buffer.AbstractByteBuf.toString(AbstractByteBuf.java:1246)
	at dev.xdark.feder.NetUtil.readString0(NetUtil.java:833)
	at dev.xdark.feder.NetUtil.readUtf8(NetUtil.java:188)
	at SpaceTycoon-v1.0.0+bc67650//a.a.a.m.a.f(SourceFile:176)
	at SpaceTycoon-v1.0.0+bc67650//a.a.d.a.e.h.b.d(SourceFile:60)
	at SpaceTycoon-v1.0.0+bc67650//a.a.d.a.e.h.b.injectedLambda$d$3(SourceFile)
	at SpaceTycoon-v1.0.0+bc67650//a.a.a.m.a.b(SourceFile:58)
	at SpaceTycoon-v1.0.0+bc67650//a.a.a.m.a.injectedLambda$b$0(SourceFile)
	at #RaGIl.saYo(SourceFile:83)
	at #hvoSL.bBM(Unknown Source)
	at #hvoSL.accept(Unknown Source)
	at #ykMcj.slwQ(SourceFile:105)
	at #BrtKi.laL(Unknown Source)
	at #BrtKi.accept(Unknown Source)
	at #SmDYl.shof(SourceFile:59)
	at #vxdAh.blq(SourceFile)
	at #DRZva.smvZ(SourceFile:89)
	at #WblDI.sciG(SourceFile:100)
	at #DDMvh.hcz(SourceFile)
	at #GXpIT.slFh(SourceFile:75)
	at #acUkE.drn(SourceFile:650)
	at #qKRzt.skLS(Unknown Source:2396)
	at #hyWbW.satX(SourceFile:1837)
	at #RofNI.dB(SourceFile:43)
	at #GLnhB.run(SourceFile:32)
	at #GILEo.saUt(Unknown Source:40)
	at #sJuki.sfWB(SourceFile:11)
	at java.base/java.util.concurrent.FutureTask.run(Unknown Source)
	at #bfAok.sjvn(SourceFile:45)
	at #ptzkp.gXZ(SourceFile:52)
	at #gZdVe.sbpI(SourceFile:1466)
	at #UDDPE.sdDd(Unknown Source:1632)
	at #GMfdJ.sask(SourceFile:487)
	at net.minecraft.client.main.GameMain.iwR(SourceFile:220)
	at net.minecraft.client.main.GameMain.jtH(SourceFile:156)
	at #ZpHYL.i(Unknown Source)
	at #ZpHYL.run(Unknown Source)
	at java.base/java.lang.Thread.run(Unknown Source)
[21:57:26] [Client thread/INFO] [CHAT] [Космонавт] silexxgodlike [#440] » там где машина?\
[21:57:29] [Client thread/INFO] [CHAT] [Астроном] ghjbnvew12341 [#191] » lf
[21:57:33] [Client thread/INFO] [CHAT] [Астроном] ghjbnvew12341 [#191] » да
[21:57:35] [Client thread/ERROR] Error on handle event #BXBFw in Mod{name='SpaceTycoon', version='1.0.0+bc67650', persistent=false, delegate=a.a.d.a.a, modState=LOADED}
java.lang.AbstractMethodError: Receiver class a.a.d.a.e.g.c does not define or inherit an implementation of the resolved method 'abstract java.lang.Object invoke(java.lang.Object)' of interface kotlin.jvm.functions.Function1.
	at SpaceTycoon-v1.0.0+bc67650//a.a.d.a.e.g.b.a(SourceFile:46)
	at SpaceTycoon-v1.0.0+bc67650//a.a.d.a.e.g.b.injectedLambda$a$3(SourceFile)
	at java.base/java.util.HashMap$Values.forEach(Unknown Source)
	at SpaceTycoon-v1.0.0+bc67650//a.a.d.a.e.g.b.b(SourceFile:46)
	at SpaceTycoon-v1.0.0+bc67650//a.a.d.a.e.g.b.b(SourceFile:34)
	at SpaceTycoon-v1.0.0+bc67650//a.a.d.a.e.g.b.injectedLambda$b$1(SourceFile)
	at SpaceTycoon-v1.0.0+bc67650//a.a.a.m.a.b(SourceFile:58)
	at SpaceTycoon-v1.0.0+bc67650//a.a.a.m.a.injectedLambda$b$0(SourceFile)
	at #RaGIl.saYo(SourceFile:83)
	at #hvoSL.bBM(Unknown Source)
	at #hvoSL.accept(Unknown Source)
	at #ykMcj.slwQ(SourceFile:105)
	at #BrtKi.laL(Unknown Source)
	at #BrtKi.accept(Unknown Source)
	at #SmDYl.shof(SourceFile:59)
	at #vxdAh.blq(SourceFile)
	at #DRZva.smvZ(SourceFile:89)
	at #WblDI.sciG(SourceFile:100)
	at #DDMvh.hcz(SourceFile)
	at #GXpIT.slFh(SourceFile:75)
	at #acUkE.drn(SourceFile:650)
	at #qKRzt.skLS(Unknown Source:2396)
	at #hyWbW.satX(SourceFile:1837)
	at #RofNI.dB(SourceFile:43)
	at #GLnhB.run(SourceFile:32)
	at #GILEo.saUt(Unknown Source:40)
	at #sJuki.sfWB(SourceFile:11)
	at java.base/java.util.concurrent.FutureTask.run(Unknown Source)
	at #bfAok.sjvn(SourceFile:45)
	at #ptzkp.gXZ(SourceFile:52)
	at #gZdVe.sbpI(SourceFile:1466)
	at #UDDPE.sdDd(Unknown Source:1632)
	at #GMfdJ.sask(SourceFile:487)
	at net.minecraft.client.main.GameMain.iwR(SourceFile:220)
	at net.minecraft.client.main.GameMain.jtH(SourceFile:156)
	at #ZpHYL.i(Unknown Source)
	at #ZpHYL.run(Unknown Source)
	at java.base/java.lang.Thread.run(Unknown Source)
[21:57:35] [Client thread/ERROR] Error on handle event #BXBFw in Mod{name='SpaceTycoon', version='1.0.0+bc67650', persistent=false, delegate=a.a.d.a.a, modState=LOADED}
java.lang.AbstractMethodError: Receiver class a.a.d.a.e.g.c does not define or inherit an implementation of the resolved method 'abstract java.lang.Object invoke(java.lang.Object)' of interface kotlin.jvm.functions.Function1.
	at SpaceTycoon-v1.0.0+bc67650//a.a.d.a.e.g.b.a(SourceFile:46)
	at SpaceTycoon-v1.0.0+bc67650//a.a.d.a.e.g.b.injectedLambda$a$3(SourceFile)
	at java.base/java.util.HashMap$Values.forEach(Unknown Source)
	at SpaceTycoon-v1.0.0+bc67650//a.a.d.a.e.g.b.b(SourceFile:46)
	at SpaceTycoon-v1.0.0+bc67650//a.a.d.a.e.g.b.a(SourceFile:21)
	at SpaceTycoon-v1.0.0+bc67650//a.a.d.a.e.g.b.injectedLambda$a$0(SourceFile)
	at SpaceTycoon-v1.0.0+bc67650//a.a.a.m.a.b(SourceFile:58)
	at SpaceTycoon-v1.0.0+bc67650//a.a.a.m.a.injectedLambda$b$0(SourceFile)
	at #RaGIl.saYo(SourceFile:83)
	at #hvoSL.bBM(Unknown Source)
	at #hvoSL.accept(Unknown Source)
	at #ykMcj.slwQ(SourceFile:105)
	at #BrtKi.laL(Unknown Source)
	at #BrtKi.accept(Unknown Source)
	at #SmDYl.shof(SourceFile:59)
	at #vxdAh.blq(SourceFile)
	at #DRZva.smvZ(SourceFile:89)
	at #WblDI.sciG(SourceFile:100)
	at #DDMvh.hcz(SourceFile)
	at #GXpIT.slFh(SourceFile:75)
	at #acUkE.drn(SourceFile:650)
	at #qKRzt.skLS(Unknown Source:2396)
	at #hyWbW.satX(SourceFile:1837)
	at #RofNI.dB(SourceFile:43)
	at #GLnhB.run(SourceFile:32)
	at #GILEo.saUt(Unknown Source:40)
	at #sJuki.sfWB(SourceFile:11)
	at java.base/java.util.concurrent.FutureTask.run(Unknown Source)
	at #bfAok.sjvn(SourceFile:45)
	at #ptzkp.gXZ(SourceFile:52)
	at #gZdVe.sbpI(SourceFile:1466)
	at #UDDPE.sdDd(Unknown Source:1632)
	at #GMfdJ.sask(SourceFile:487)
	at net.minecraft.client.main.GameMain.iwR(SourceFile:220)
	at net.minecraft.client.main.GameMain.jtH(SourceFile:156)
	at #ZpHYL.i(Unknown Source)
	at #ZpHYL.run(Unknown Source)
	at java.base/java.lang.Thread.run(Unknown Source)
[21:57:44] [Client thread/INFO] [CHAT] [Космонавт] silexxgodlike [#440] » я тут только утку нашел
[21:58:00] [Client thread/INFO] [CHAT]  \ni До начала Астероидной битвы осталось 2м!\n 
[21:58:40] [Client thread/INFO] [STDOUT]: a.a.d.a.c.a.f.a.i@5a715705
[21:58:58] [Client thread/INFO] [CHAT] [Туманник] D ┃ Stas9n [#77] » а где можно узнать какие макс уровни у петов?
[21:59:00] [Client thread/INFO] [CHAT]  \ni До начала Астероидной битвы осталось 1м!\n 
[21:59:26] [Client thread/INFO] [CHAT] [Нейтрон] LS ┃ papo4ka_v_dubae [#2] » на своей шкуре почувствовать макс лвл
[21:59:41] [Client thread/INFO] [CHAT] [Межгалактик] MVP+ ┃ XXXXXXLoonDanya [#12] » лега 16 эпик 13
[21:59:46] [Client thread/INFO] [CHAT] [Туманник] D ┃ Stas9n [#77] » Спасибо
[21:59:53] [Client thread/INFO] [CHAT] [Нейтрон] LS ┃ papo4ka_v_dubae [#2] » ну или ждать доброго хлунданя
[22:00:00] [Client thread/INFO] [CHAT]  \ni Астероидная битва началась! Успейте зарегистрироваться в очередь!\n 
[22:00:01] [Client thread/INFO] [CHAT] [Межгалактик] MVP+ ┃ XXXXXXLoonDanya [#12] » кис кис
[22:00:19] [Network thread/INFO] Protocol upgrade mask: 157
[22:00:19] [Network thread/INFO] Upgrading protocol
[22:00:19] [Client thread/INFO] Invalidating server data
[22:00:19] [Client thread/INFO] Unloading mod Nebula/e45999ac-e6d6-e9a8-cd93-bc71f5fd3ec3
[22:00:19] [Client thread/INFO] Unloading mod SpaceTycoon/c3d673ca-ad34-91f8-6103-74bcaca84e3f
[22:00:19] [Client thread/INFO] [STDOUT]: [Enginex v5.16.3 - Wada] [Wada/debug] reload requested: ServerSwitch
[22:00:19] [Client thread/INFO] [STDOUT]: [Enginex v5.16.3 - Wada] [Wada/debug] cleanAndReload begin: sessionId=14, awaitingHandshake=true
[22:00:19] [Client thread/INFO] [STDOUT]: [Enginex v5.16.3 - Wada] VAO support: true
[22:00:19] [Client thread/INFO] [STDOUT]: [Enginex v5.16.3 - Wada] Initialization with mod Wada
[22:00:19] [Client thread/INFO] [STDOUT]: [Enginex v5.16.3 - Wada] Successfully initialized
[22:00:19] [Client thread/INFO] [STDOUT]: [Enginex v5.16.3 - Wada] [Wada/debug] handshake complete (w4:load), awaitingHandshake=false, sessionId=14
[22:00:20] [Client thread/INFO] Start loading of mod SpaceTycoonGames
[22:00:20] [Client thread/INFO] Loading classes of SpaceTycoonGames
[22:00:20] [ForkJoinPool.commonPool-worker-8/INFO] SpaceTycoonGames-v1.0.0: class verification completed in 3ms
[22:00:20] [ForkJoinPool.commonPool-worker-8/INFO] SpaceTycoonGames-v1.0.0: defineClasses completed in 0ms
[22:00:20] [ForkJoinPool.commonPool-worker-8/INFO] Loaded classes in mod SpaceTycoonGames in 6 ms
[22:00:20] [Client thread/INFO] Joining server SpaceTycoon (Игры)
[22:00:20] [Client thread/INFO] Loading mod SpaceTycoonGames v1.0.0 by Tensess
[22:00:20] [Client thread/INFO] [STDOUT]: [Enginex v5.12.1 - SpaceTycoonGames] VAO support: true
[22:00:20] [Client thread/INFO] [STDOUT]: [Enginex v5.12.1 - SpaceTycoonGames] Initialization with mod SpaceTycoonGames
[22:00:20] [Client thread/INFO] [STDOUT]: [Enginex v5.12.1 - SpaceTycoonGames] Successfully initialized
[22:00:20] [Client thread/INFO] Loaded mod SpaceTycoonGames v1.0.0 in 253 ms
[22:10:27] [Network thread/INFO] Protocol upgrade mask: 157
[22:10:27] [Network thread/INFO] Upgrading protocol
[22:10:27] [Client thread/INFO] Invalidating server data
[22:10:27] [Client thread/INFO] Unloading mod SpaceTycoonGames/2383f53c-05e7-afaa-2874-589f4de7b5f7
[22:10:27] [Client thread/INFO] [STDOUT]: [Enginex v5.16.3 - Wada] [Wada/debug] reload requested: ServerSwitch
[22:10:27] [Client thread/INFO] Joining server SpaceTycoon Lobby
[22:10:27] [Client thread/INFO] [STDOUT]: [Enginex v5.16.3 - Wada] [Wada/debug] cleanAndReload begin: sessionId=15, awaitingHandshake=true
[22:10:27] [Client thread/INFO] [STDOUT]: [Enginex v5.16.3 - Wada] VAO support: true
[22:10:27] [Client thread/INFO] [STDOUT]: [Enginex v5.16.3 - Wada] Initialization with mod Wada
[22:10:27] [Client thread/INFO] [STDOUT]: [Enginex v5.16.3 - Wada] Successfully initialized
[22:10:27] [Client thread/INFO] Start loading of mod LobbyMod
[22:10:27] [Client thread/INFO] Loading classes of LobbyMod
[22:10:27] [ForkJoinPool.commonPool-worker-8/INFO] LobbyMod-v1.0.0+4ce128a: class verification completed in 0ms
[22:10:27] [ForkJoinPool.commonPool-worker-8/INFO] LobbyMod-v1.0.0+4ce128a: defineClasses completed in 0ms
[22:10:27] [ForkJoinPool.commonPool-worker-8/INFO] Loaded classes in mod LobbyMod in 3 ms
[22:10:27] [Client thread/INFO] Loading mod LobbyMod v1.0.0+4ce128a by Cristalix
[22:10:27] [Client thread/INFO] Loaded mod LobbyMod v1.0.0+4ce128a in 15 ms
[22:10:27] [Client thread/INFO] [STDOUT]: [Enginex v5.16.3 - Wada] [Wada/debug] handshake complete (w4:load), awaitingHandshake=false, sessionId=15
[22:10:29] [Network thread/INFO] Protocol upgrade mask: 157
[22:10:29] [Network thread/INFO] Upgrading protocol
[22:10:29] [Client thread/INFO] Invalidating server data
[22:10:29] [Client thread/INFO] Unloading mod LobbyMod/829095f5-c708-bf11-a518-be6ccb810db4
[22:10:29] [Client thread/INFO] [STDOUT]: [Enginex v5.16.3 - Wada] [Wada/debug] reload requested: ServerSwitch
[22:10:29] [Client thread/INFO] [STDOUT]: [Enginex v5.16.3 - Wada] [Wada/debug] cleanAndReload begin: sessionId=16, awaitingHandshake=true
[22:10:29] [Client thread/INFO] [STDOUT]: [Enginex v5.16.3 - Wada] VAO support: true
[22:10:29] [Client thread/INFO] [STDOUT]: [Enginex v5.16.3 - Wada] Initialization with mod Wada
[22:10:29] [Client thread/INFO] [STDOUT]: [Enginex v5.16.3 - Wada] Successfully initialized
[22:10:30] [Client thread/INFO] Start loading of mod Nebula
[22:10:30] [Client thread/INFO] Loading classes of Nebula
[22:10:30] [Client thread/INFO] [CHAT] 
[22:10:30] [Client thread/INFO] [CHAT]  SpaceTycoon :re
[22:10:30] [Client thread/INFO] [CHAT] Твой бур создан, чтобы пронзить им небеса!
[22:10:30] [Client thread/INFO] [CHAT]   
[22:10:30] [Client thread/INFO] [CHAT]  Новости и космические приключения!\n t.me/spacetycoon_cristalix\n  
[22:10:30] [ForkJoinPool.commonPool-worker-6/INFO] Nebula-v1.0.0: class verification completed in 6ms
[22:10:30] [ForkJoinPool.commonPool-worker-6/INFO] Nebula-v1.0.0: defineClasses completed in 0ms
[22:10:30] [ForkJoinPool.commonPool-worker-6/INFO] Loaded classes in mod Nebula in 8 ms
[22:10:30] [Client thread/INFO] Loading mod Nebula v1.0.0 by Tensess
[22:10:30] [Client thread/INFO] [STDOUT]: [Enginex v5.13.1 - Nebula] VAO support: true
[22:10:30] [Client thread/INFO] [STDOUT]: [Enginex v5.13.1 - Nebula] Initialization with mod Nebula
[22:10:30] [Client thread/INFO] [STDOUT]: [Enginex v5.13.1 - Nebula] Successfully initialized
[22:10:30] [Client thread/INFO] Loaded mod Nebula v1.0.0 in 223 ms
[22:10:31] [Client thread/INFO] Joining server SpaceTycoon #1
[22:10:31] [voice-openal-speaker/ERROR] Voicechat sound manager ALC error: #JFuFV.smmQ[68] Invalid device
[22:10:31] [Client thread/INFO] [STDOUT]: [Enginex v5.16.3 - Wada] [Wada/debug] handshake complete (w4:load), awaitingHandshake=false, sessionId=16
[22:10:31] [Client thread/INFO] [STDOUT]: [Enginex v5.16.3 - Wada] [Wada/debug] handshake complete (w2:load), awaitingHandshake=false, sessionId=16
[22:10:31] [vc-microphone/INFO] Use OpenAL Soft on Микрофон (MCHOSE V9 PRO) as microphone
[22:10:31] [vc-microphone/INFO] Microphone closed
[22:10:32] [Client thread/INFO] Start loading of mod SpaceTycoon
[22:10:32] [Client thread/INFO] Loading classes of SpaceTycoon
[22:10:32] [Client thread/INFO] Found file C:\Users\tveiv\.cristalix\updates\Minigames\server-resource-packs\abaeec9de03b9ca0ef11734796cdfd0e1b99b1d3 matching requested hash e82c84993c8292e952bdff2dd9f03d35ada0c86b
[22:10:32] [ForkJoinPool.commonPool-worker-2/INFO] SpaceTycoon-v1.0.0+bc67650: class verification completed in 17ms
[22:10:32] [ForkJoinPool.commonPool-worker-2/INFO] SpaceTycoon-v1.0.0+bc67650: defineClasses completed in 1ms
[22:10:32] [ForkJoinPool.commonPool-worker-2/INFO] Loaded classes in mod SpaceTycoon in 21 ms
[22:10:32] [Client thread/INFO] Loading mod SpaceTycoon v1.0.0+bc67650 by Tensess
[22:10:32] [Client thread/INFO] [STDOUT]: [Enginex v5.13.10 - SpaceTycoon] VAO support: true
[22:10:32] [Client thread/INFO] [STDOUT]: [Enginex v5.13.10 - SpaceTycoon] Initialization with mod SpaceTycoon
[22:10:32] [Client thread/INFO] [STDOUT]: [Enginex v5.13.10 - SpaceTycoon] Successfully initialized
[22:10:32] [Client thread/INFO] Loaded mod SpaceTycoon v1.0.0+bc67650 in 333 ms
[22:11:04] [Client thread/INFO] [CHAT] [Буревест] Savva2 [#31] » тут есть что-то кроме уток?
[22:11:13] [Client thread/ERROR] Error on handle event #BXBFw in Mod{name='SpaceTycoon', version='1.0.0+bc67650', persistent=false, delegate=a.a.d.a.a, modState=LOADED}
java.lang.IndexOutOfBoundsException: index: 180, length: 116 (expected: range(0, 208))
	at io.netty.buffer.AbstractByteBuf.checkRangeBounds(AbstractByteBuf.java:1390)
	at io.netty.buffer.AbstractByteBuf.checkIndex0(AbstractByteBuf.java:1397)
	at io.netty.buffer.AbstractUnpooledSlicedByteBuf.getBytes(AbstractUnpooledSlicedByteBuf.java:242)
	at io.netty.buffer.ReadOnlyByteBuf.getBytes(ReadOnlyByteBuf.java:270)
	at io.netty.buffer.ByteBufUtil.decodeString(ByteBufUtil.java:1151)
	at io.netty.buffer.AbstractByteBuf.toString(AbstractByteBuf.java:1246)
	at dev.xdark.feder.NetUtil.readString0(NetUtil.java:833)
	at dev.xdark.feder.NetUtil.readUtf8(NetUtil.java:188)
	at SpaceTycoon-v1.0.0+bc67650//a.a.a.m.a.f(SourceFile:176)
	at SpaceTycoon-v1.0.0+bc67650//a.a.d.a.e.h.b.d(SourceFile:60)
	at SpaceTycoon-v1.0.0+bc67650//a.a.d.a.e.h.b.injectedLambda$d$3(SourceFile)
	at SpaceTycoon-v1.0.0+bc67650//a.a.a.m.a.b(SourceFile:58)
	at SpaceTycoon-v1.0.0+bc67650//a.a.a.m.a.injectedLambda$b$0(SourceFile)
	at #RaGIl.saYo(SourceFile:83)
	at #hvoSL.bBM(Unknown Source)
	at #hvoSL.accept(Unknown Source)
	at #ykMcj.slwQ(SourceFile:105)
	at #BrtKi.laL(Unknown Source)
	at #BrtKi.accept(Unknown Source)
	at #SmDYl.shof(SourceFile:59)
	at #vxdAh.blq(SourceFile)
	at #DRZva.smvZ(SourceFile:89)
	at #WblDI.sciG(SourceFile:100)
	at #DDMvh.hcz(SourceFile)
	at #GXpIT.slFh(SourceFile:75)
	at #acUkE.drn(SourceFile:650)
	at #qKRzt.skLS(Unknown Source:2396)
	at #hyWbW.satX(SourceFile:1837)
	at #RofNI.dB(SourceFile:43)
	at #GLnhB.run(SourceFile:32)
	at #GILEo.saUt(Unknown Source:40)
	at #sJuki.sfWB(SourceFile:11)
	at java.base/java.util.concurrent.FutureTask.run(Unknown Source)
	at #bfAok.sjvn(SourceFile:45)
	at #ptzkp.gXZ(SourceFile:52)
	at #gZdVe.sbpI(SourceFile:1466)
	at #UDDPE.sdDd(Unknown Source:1632)
	at #GMfdJ.sask(SourceFile:487)
	at net.minecraft.client.main.GameMain.iwR(SourceFile:220)
	at net.minecraft.client.main.GameMain.jtH(SourceFile:156)
	at #ZpHYL.i(Unknown Source)
	at #ZpHYL.run(Unknown Source)
	at java.base/java.lang.Thread.run(Unknown Source)
[22:12:08] [Client thread/INFO] [CHAT] D ┃ kirill565541 [#?] » Го в битву строителей 2/12
[22:12:12] [Network thread/INFO] Protocol upgrade mask: 157
[22:12:12] [Network thread/INFO] Upgrading protocol
[22:12:12] [Client thread/INFO] Invalidating server data
[22:12:12] [Client thread/INFO] Unloading mod Nebula/592086ee-694c-3ce1-7da7-5086d77f3761
[22:12:12] [Client thread/INFO] Unloading mod SpaceTycoon/045657b1-1497-3768-2fe5-6a93885effb4
[22:12:12] [Client thread/INFO] [STDOUT]: [Enginex v5.16.3 - Wada] [Wada/debug] reload requested: ServerSwitch
[22:12:12] [Client thread/INFO] [STDOUT]: [Enginex v5.16.3 - Wada] [Wada/debug] cleanAndReload begin: sessionId=17, awaitingHandshake=true
[22:12:12] [Client thread/INFO] [STDOUT]: [Enginex v5.16.3 - Wada] VAO support: true
[22:12:12] [Client thread/INFO] [STDOUT]: [Enginex v5.16.3 - Wada] Initialization with mod Wada
[22:12:12] [Client thread/INFO] [STDOUT]: [Enginex v5.16.3 - Wada] Successfully initialized
[22:12:12] [Client thread/INFO] [STDOUT]: [Enginex v5.16.3 - Wada] [Wada/debug] handshake complete (w4:load), awaitingHandshake=false, sessionId=17
[22:12:12] [Client thread/INFO] Joining server SpaceTycoon (Игры)
[22:12:13] [Client thread/INFO] Start loading of mod SpaceTycoonGames
[22:12:13] [Client thread/INFO] Loading classes of SpaceTycoonGames
[22:12:13] [ForkJoinPool.commonPool-worker-2/INFO] SpaceTycoonGames-v1.0.0: class verification completed in 2ms
[22:12:13] [ForkJoinPool.commonPool-worker-2/INFO] SpaceTycoonGames-v1.0.0: defineClasses completed in 0ms
[22:12:13] [ForkJoinPool.commonPool-worker-2/INFO] Loaded classes in mod SpaceTycoonGames in 3 ms
[22:12:13] [Client thread/INFO] Loading mod SpaceTycoonGames v1.0.0 by Tensess
[22:12:13] [Client thread/INFO] [STDOUT]: [Enginex v5.12.1 - SpaceTycoonGames] VAO support: true
[22:12:13] [Client thread/INFO] [STDOUT]: [Enginex v5.12.1 - SpaceTycoonGames] Initialization with mod SpaceTycoonGames
[22:12:13] [Client thread/INFO] [STDOUT]: [Enginex v5.12.1 - SpaceTycoonGames] Successfully initialized
[22:12:13] [Client thread/INFO] Loaded mod SpaceTycoonGames v1.0.0 in 236 ms
[22:13:05] [Client thread/INFO] [CHAT] P ┃ Tveiv » как я сюда попал
[22:13:09] [Client thread/INFO] [CHAT] XxLordKillerxX » хз
[22:13:14] [Client thread/INFO] [CHAT] P ┃ Tveiv » у меня даже корабля нет
[22:13:57] [Network thread/INFO] Protocol upgrade mask: 157
[22:13:57] [Network thread/INFO] Upgrading protocol
[22:13:57] [Client thread/INFO] Invalidating server data
[22:13:57] [Client thread/INFO] Unloading mod SpaceTycoonGames/abb6cad9-6065-af9e-2674-be0cdcffa47d
[22:13:57] [Client thread/INFO] [STDOUT]: [Enginex v5.16.3 - Wada] [Wada/debug] reload requested: ServerSwitch
[22:13:57] [Client thread/INFO] [STDOUT]: [Enginex v5.16.3 - Wada] [Wada/debug] cleanAndReload begin: sessionId=18, awaitingHandshake=true
[22:13:57] [Client thread/INFO] [STDOUT]: [Enginex v5.16.3 - Wada] VAO support: true
[22:13:57] [Client thread/INFO] [STDOUT]: [Enginex v5.16.3 - Wada] Initialization with mod Wada
[22:13:57] [Client thread/INFO] [STDOUT]: [Enginex v5.16.3 - Wada] Successfully initialized
[22:13:57] [Client thread/INFO] Joining server Хаб #3
[22:13:57] [Client thread/INFO] Reloading ResourceManager: assets-addon.jar, Default
[22:13:57] [Client thread/WARN] Missing sound for event: minecraft:entity.turtle.ambient
[22:13:57] [Client thread/WARN] Missing sound for event: minecraft:entity.turtle.baby_hurt
[22:13:57] [Client thread/WARN] Missing sound for event: minecraft:entity.turtle.hurt
[22:13:57] [Client thread/WARN] Missing sound for event: minecraft:entity.turtle.baby_death
[22:13:57] [Client thread/WARN] Missing sound for event: minecraft:entity.turtle.death
[22:13:57] [Client thread/WARN] Missing sound for event: minecraft:entity.turtle.baby_step
[22:13:57] [Client thread/WARN] Missing sound for event: minecraft:entity.turtle.step
[22:13:57] [Client thread/WARN] Missing sound for event: minecraft:entity.turtle.swim
[22:13:57] [Client thread/WARN] Missing sound for event: minecraft:block.turtle_egg.crack
[22:13:57] [Client thread/WARN] Missing sound for event: minecraft:block.turtle_egg.egg_break
[22:13:57] [Client thread/WARN] Missing sound for event: minecraft:block.turtle_egg.fall
[22:13:57] [Client thread/WARN] Missing sound for event: minecraft:block.turtle_egg.hatch
[22:13:57] [Client thread/INFO] SoundSystem shutting down...
[22:13:57] [Client thread/WARN] Author: Paul Lamb, www.paulscode.com
[22:13:57] [Client thread/INFO] Starting up SoundSystem...
[22:13:57] [Thread-58/INFO] Initializing LWJGL OpenAL
[22:13:57] [Thread-58/INFO] (The LWJGL binding of OpenAL.  For more information, see http://www.lwjgl.org)
[22:13:57] [Thread-58/INFO] OpenAL audio device: OpenAL Soft on Динамики (MCHOSE V9 PRO)
[22:13:57] [Thread-58/INFO] OpenAL initialized.
[22:13:57] [Client thread/INFO] Sound engine reloaded
[22:13:58] [ForkJoinPool.commonPool-worker-6/WARN] Unable to load variant: axis=x from minecraft:lodestone#axis=x
[22:13:58] [ForkJoinPool.commonPool-worker-6/WARN] Unable to load variant: axis=y from minecraft:lodestone#axis=y
[22:13:58] [ForkJoinPool.commonPool-worker-6/WARN] Unable to load variant: axis=z from minecraft:lodestone#axis=z
[22:13:58] [ForkJoinPool.commonPool-worker-6/ERROR] Unable to load item model: 'minecraft:mcpatcher/cit/others/megumin_hat#inventory' for item: 'minecraft:mcpatcher/cit/others/megumin_hat'
[22:13:58] [ForkJoinPool.commonPool-worker-6/WARN] Unable to resolve texture due to upward reference: #cross in minecraft:models/block/chain.json
[22:13:58] [ForkJoinPool.commonPool-worker-6/WARN] Unable to resolve texture due to upward reference: #cross in minecraft:models/block/chain.json
[22:13:58] [ForkJoinPool.commonPool-worker-6/INFO] [OptiFine] Mipmap levels: 4
[22:13:58] [ForkJoinPool.commonPool-worker-6/INFO] [OptiFine] Multi-texturing: false
[22:13:58] [ForkJoinPool.commonPool-worker-6/INFO] [OptiFine] Multipass connected textures: false
[22:13:58] [ForkJoinPool.commonPool-worker-6/INFO] [OptiFine] BetterGrass: Parsing default configuration optifine/bettergrass.properties
[22:13:58] [ForkJoinPool.commonPool-worker-6/FATAL] [OptiFine] Scaled too small texture: minecraft:particles/glow_2, 8 -> 16
[22:13:58] [ForkJoinPool.commonPool-worker-6/FATAL] [OptiFine] Scaled too small texture: minecraft:particles/glow_1, 8 -> 16
[22:13:58] [ForkJoinPool.commonPool-worker-6/FATAL] [OptiFine] Scaled too small texture: minecraft:particles/glow_0, 8 -> 16
[22:13:58] [ForkJoinPool.commonPool-worker-6/FATAL] [OptiFine] Scaled too small texture: minecraft:particles/glow_6, 8 -> 16
[22:13:58] [ForkJoinPool.commonPool-worker-6/FATAL] [OptiFine] Scaled too small texture: minecraft:particles/glow_5, 8 -> 16
[22:13:58] [ForkJoinPool.commonPool-worker-6/FATAL] [OptiFine] Scaled too small texture: minecraft:particles/glow_4, 8 -> 16
[22:13:58] [ForkJoinPool.commonPool-worker-6/FATAL] [OptiFine] Scaled too small texture: minecraft:particles/glow_3, 8 -> 16
[22:13:58] [ForkJoinPool.commonPool-worker-6/FATAL] [OptiFine] Scaled too small texture: minecraft:particles/glow_9, 8 -> 16
[22:13:58] [ForkJoinPool.commonPool-worker-6/FATAL] [OptiFine] Scaled too small texture: minecraft:particles/glow_8, 8 -> 16
[22:13:58] [ForkJoinPool.commonPool-worker-6/FATAL] [OptiFine] Scaled too small texture: minecraft:particles/glow_7, 8 -> 16
[22:13:58] [ForkJoinPool.commonPool-worker-6/FATAL] [OptiFine] Scaled too small texture: minecraft:particles/glow_11, 8 -> 16
[22:13:58] [ForkJoinPool.commonPool-worker-6/FATAL] [OptiFine] Scaled too small texture: minecraft:particles/glow_10, 8 -> 16
[22:13:58] [ForkJoinPool.commonPool-worker-6/FATAL] [OptiFine] Scaled too small texture: minecraft:particles/glow_13, 8 -> 16
[22:13:58] [ForkJoinPool.commonPool-worker-6/FATAL] [OptiFine] Scaled too small texture: minecraft:particles/glow_12, 8 -> 16
[22:13:58] [ForkJoinPool.commonPool-worker-6/FATAL] [OptiFine] Scaled too small texture: minecraft:particles/glow_15, 8 -> 16
[22:13:58] [ForkJoinPool.commonPool-worker-6/FATAL] [OptiFine] Scaled too small texture: minecraft:particles/glow_14, 8 -> 16
[22:13:58] [ForkJoinPool.commonPool-worker-6/INFO] load sprites for 48ms
[22:13:58] [ForkJoinPool.commonPool-worker-6/INFO] Created: 1024x1024 textures-atlas in 83ms
[22:13:58] [ForkJoinPool.commonPool-worker-6/INFO] [DEBUG] Atlas assembly for 6.510ms
[22:13:58] [Client thread/INFO] [DEBUG] upload atlas for 1.854ms
[22:13:58] [Client thread/INFO] [DEBUG] Generate mipmaps for 0.004ms
[22:13:58] [Client thread/INFO] [OptiFine] Animated sprites: 0
[22:13:58] [Client thread/INFO] [OptiFine] CustomColors: Loading mcpatcher/color.properties
[22:13:58] [Client thread/INFO] Textures loaded for 1161.447ms
[22:13:59] [Client thread/INFO] Loaded mod HubMod/28bbbd24-2297-745a-f647-739982ab9f2f v1.4.5 in 8 ms
[22:13:59] [Client thread/INFO] Loaded mod Visual Driver/04a2cc9e-4862-869f-e5d4-68458026df6a v3.8.31+9da32142 in 4 ms
[22:14:00] [Client thread/INFO] [STDOUT]: [Enginex v5.16.3 - Wada] [Wada/debug] handshake complete (w4:load), awaitingHandshake=false, sessionId=18
[22:14:02] [Network thread/INFO] Protocol upgrade mask: 157
[22:14:02] [Network thread/INFO] Upgrading protocol
[22:14:02] [Client thread/INFO] Invalidating server data
[22:14:02] [Client thread/INFO] Unloading mod Visual Driver/04a2cc9e-4862-869f-e5d4-68458026df6a
[22:14:02] [Client thread/INFO] Unloading mod HubMod/28bbbd24-2297-745a-f647-739982ab9f2f
[22:14:02] [Client thread/INFO] [STDOUT]: [Enginex v5.16.3 - Wada] [Wada/debug] reload requested: ServerSwitch
[22:14:02] [Client thread/INFO] Joining server SpaceTycoon Lobby
[22:14:02] [Client thread/INFO] Start loading of mod LobbyMod
[22:14:02] [Client thread/INFO] Loading classes of LobbyMod
[22:14:02] [Client thread/INFO] [STDOUT]: [Enginex v5.16.3 - Wada] [Wada/debug] cleanAndReload begin: sessionId=19, awaitingHandshake=true
[22:14:02] [ForkJoinPool.commonPool-worker-1/INFO] LobbyMod-v1.0.0+4ce128a: class verification completed in 0ms
[22:14:02] [ForkJoinPool.commonPool-worker-1/INFO] LobbyMod-v1.0.0+4ce128a: defineClasses completed in 0ms
[22:14:02] [ForkJoinPool.commonPool-worker-1/INFO] Loaded classes in mod LobbyMod in 2 ms
[22:14:02] [Client thread/INFO] [STDOUT]: [Enginex v5.16.3 - Wada] VAO support: true
[22:14:02] [Client thread/INFO] [STDOUT]: [Enginex v5.16.3 - Wada] Initialization with mod Wada
[22:14:02] [Client thread/INFO] [STDOUT]: [Enginex v5.16.3 - Wada] Successfully initialized
[22:14:02] [Client thread/INFO] Loading mod LobbyMod v1.0.0+4ce128a by Cristalix
[22:14:02] [Client thread/INFO] Loaded mod LobbyMod v1.0.0+4ce128a in 14 ms
[22:14:02] [Client thread/INFO] [STDOUT]: [Enginex v5.16.3 - Wada] [Wada/debug] handshake complete (w4:load), awaitingHandshake=false, sessionId=19
[22:14:03] [Network thread/INFO] Protocol upgrade mask: 157
[22:14:03] [Network thread/INFO] Upgrading protocol
[22:14:03] [Client thread/INFO] Invalidating server data
[22:14:03] [Client thread/INFO] Unloading mod LobbyMod/5e821acd-da7a-5f1a-5264-c4f47cebc347
[22:14:03] [Client thread/INFO] [STDOUT]: [Enginex v5.16.3 - Wada] [Wada/debug] reload requested: ServerSwitch
[22:14:03] [Client thread/INFO] [STDOUT]: [Enginex v5.16.3 - Wada] [Wada/debug] cleanAndReload begin: sessionId=20, awaitingHandshake=true
[22:14:03] [Client thread/INFO] [STDOUT]: [Enginex v5.16.3 - Wada] VAO support: true
[22:14:03] [Client thread/INFO] [STDOUT]: [Enginex v5.16.3 - Wada] Initialization with mod Wada
[22:14:03] [Client thread/INFO] [STDOUT]: [Enginex v5.16.3 - Wada] Successfully initialized
[22:14:04] [Client thread/INFO] [STDOUT]: [Enginex v5.16.3 - Wada] [Wada/debug] handshake complete (w4:load), awaitingHandshake=false, sessionId=20
[22:14:04] [Client thread/INFO] [STDOUT]: [Enginex v5.16.3 - Wada] [Wada/debug] handshake complete (w2:load), awaitingHandshake=false, sessionId=20
[22:14:04] [Client thread/INFO] Start loading of mod Nebula
[22:14:04] [Client thread/INFO] Loading classes of Nebula
[22:14:04] [Client thread/INFO] [CHAT] 
[22:14:04] [Client thread/INFO] [CHAT]  SpaceTycoon :re
[22:14:04] [Client thread/INFO] [CHAT] Твой бур создан, чтобы пронзить им небеса!
[22:14:04] [Client thread/INFO] [CHAT]   
[22:14:04] [Client thread/INFO] [CHAT]  Новости и космические приключения!\n t.me/spacetycoon_cristalix\n  
[22:14:04] [ForkJoinPool.commonPool-worker-4/INFO] Nebula-v1.0.0: class verification completed in 6ms
[22:14:04] [ForkJoinPool.commonPool-worker-4/INFO] Nebula-v1.0.0: defineClasses completed in 0ms
[22:14:04] [ForkJoinPool.commonPool-worker-4/INFO] Loaded classes in mod Nebula in 8 ms
[22:14:04] [Client thread/INFO] Loading mod Nebula v1.0.0 by Tensess
[22:14:04] [Client thread/INFO] [STDOUT]: [Enginex v5.13.1 - Nebula] VAO support: true
[22:14:04] [Client thread/INFO] [STDOUT]: [Enginex v5.13.1 - Nebula] Initialization with mod Nebula
[22:14:04] [Client thread/INFO] [STDOUT]: [Enginex v5.13.1 - Nebula] Successfully initialized
[22:14:04] [Client thread/INFO] Loaded mod Nebula v1.0.0 in 226 ms
[22:14:04] [Client thread/ERROR] minecraft:models/ducks/duck_14.model is not found
[22:14:04] [Client thread/ERROR] minecraft:models/ducks/duck_14.model is not found
[22:14:04] [Client thread/INFO] Joining server SpaceTycoon #1
[22:14:04] [voice-openal-speaker/ERROR] Voicechat sound manager ALC error: #JFuFV.smmQ[68] Invalid device
[22:14:04] [vc-microphone/INFO] Microphone closed
[22:14:04] [vc-microphone/INFO] Use OpenAL Soft on Микрофон (MCHOSE V9 PRO) as microphone
[22:14:04] [Client thread/ERROR] minecraft:models/ducks/duck_14.model is not found
[22:14:04] [Client thread/ERROR] minecraft:models/ducks/duck_14.model is not found
[22:14:04] [Client thread/INFO] Start loading of mod SpaceTycoon
[22:14:04] [Client thread/INFO] Loading classes of SpaceTycoon
[22:14:04] [Client thread/ERROR] minecraft:models/ducks/duck_14.model is not found
[22:14:04] [Client thread/ERROR] minecraft:models/ducks/duck_14.model is not found
[22:14:04] [Client thread/ERROR] minecraft:models/ducks/duck_14.model is not found
[22:14:04] [Client thread/ERROR] minecraft:models/ducks/duck_14.model is not found
[22:14:04] [Client thread/ERROR] minecraft:models/ducks/duck_14.model is not found
[22:14:04] [Client thread/ERROR] minecraft:models/ducks/duck_14.model is not found
[22:14:04] [ForkJoinPool.commonPool-worker-7/INFO] SpaceTycoon-v1.0.0+bc67650: class verification completed in 17ms
[22:14:04] [ForkJoinPool.commonPool-worker-7/INFO] SpaceTycoon-v1.0.0+bc67650: defineClasses completed in 1ms
[22:14:04] [ForkJoinPool.commonPool-worker-7/INFO] Loaded classes in mod SpaceTycoon in 21 ms
[22:14:04] [Client thread/ERROR] minecraft:models/ducks/duck_14.model is not found
[22:14:04] [Client thread/INFO] Loading mod SpaceTycoon v1.0.0+bc67650 by Tensess
[22:14:04] [Client thread/INFO] [STDOUT]: [Enginex v5.13.10 - SpaceTycoon] VAO support: true
[22:14:04] [Client thread/INFO] [STDOUT]: [Enginex v5.13.10 - SpaceTycoon] Initialization with mod SpaceTycoon
[22:14:04] [Client thread/INFO] [STDOUT]: [Enginex v5.13.10 - SpaceTycoon] Successfully initialized
[22:14:04] [Client thread/INFO] Loaded mod SpaceTycoon v1.0.0+bc67650 in 287 ms
[22:14:04] [Client thread/ERROR] minecraft:models/ducks/duck_14.model is not found
[22:14:04] [Client thread/ERROR] minecraft:models/ducks/duck_14.model is not found
[22:14:04] [Client thread/ERROR] minecraft:models/ducks/duck_14.model is not found
[22:14:04] [Client thread/ERROR] minecraft:models/ducks/duck_14.model is not found
[22:14:04] [Client thread/ERROR] minecraft:models/ducks/duck_14.model is not found
[22:14:04] [Client thread/ERROR] minecraft:models/ducks/duck_14.model is not found
[22:14:04] [Client thread/ERROR] minecraft:models/ducks/duck_14.model is not found
[22:14:04] [Client thread/ERROR] minecraft:models/ducks/duck_14.model is not found
[22:14:04] [Client thread/ERROR] minecraft:models/ducks/duck_14.model is not found
[22:14:04] [Client thread/ERROR] minecraft:models/ducks/duck_14.model is not found
[22:14:05] [Client thread/ERROR] minecraft:models/ducks/duck_14.model is not found
[22:14:05] [Client thread/ERROR] minecraft:models/ducks/duck_14.model is not found
[22:14:05] [Client thread/ERROR] minecraft:models/ducks/duck_14.model is not found
[22:14:05] [Client thread/ERROR] minecraft:models/ducks/duck_14.model is not found
[22:14:05] [Client thread/ERROR] minecraft:models/ducks/duck_14.model is not found
[22:14:05] [Client thread/ERROR] minecraft:models/ducks/duck_14.model is not found
[22:14:05] [Client thread/ERROR] minecraft:models/ducks/duck_14.model is not found
[22:14:05] [Client thread/INFO] Found file C:\Users\tveiv\.cristalix\updates\Minigames\server-resource-packs\abaeec9de03b9ca0ef11734796cdfd0e1b99b1d3 matching requested hash e82c84993c8292e952bdff2dd9f03d35ada0c86b
[22:14:05] [Client thread/INFO] Cache hit
[22:14:05] [Client thread/INFO] Reloading ResourceManager: assets-addon.jar, Default, abaeec9de03b9ca0ef11734796cdfd0e1b99b1d3
[22:14:05] [Client thread/WARN] Missing sound for event: minecraft:entity.turtle.ambient
[22:14:05] [Client thread/WARN] Missing sound for event: minecraft:entity.turtle.baby_hurt
[22:14:05] [Client thread/WARN] Missing sound for event: minecraft:entity.turtle.hurt
[22:14:05] [Client thread/WARN] Missing sound for event: minecraft:entity.turtle.baby_death
[22:14:05] [Client thread/WARN] Missing sound for event: minecraft:entity.turtle.death
[22:14:05] [Client thread/WARN] Missing sound for event: minecraft:entity.turtle.baby_step
[22:14:05] [Client thread/WARN] Missing sound for event: minecraft:entity.turtle.step
[22:14:05] [Client thread/WARN] Missing sound for event: minecraft:entity.turtle.swim
[22:14:05] [Client thread/WARN] Missing sound for event: minecraft:block.turtle_egg.crack
[22:14:05] [Client thread/WARN] Missing sound for event: minecraft:block.turtle_egg.egg_break
[22:14:05] [Client thread/WARN] Missing sound for event: minecraft:block.turtle_egg.fall
[22:14:05] [Client thread/WARN] Missing sound for event: minecraft:block.turtle_egg.hatch
[22:14:05] [Client thread/INFO] SoundSystem shutting down...
[22:14:05] [Client thread/WARN] Author: Paul Lamb, www.paulscode.com
[22:14:05] [Client thread/INFO] Starting up SoundSystem...
[22:14:05] [Thread-64/INFO] Initializing LWJGL OpenAL
[22:14:05] [Thread-64/INFO] (The LWJGL binding of OpenAL.  For more information, see http://www.lwjgl.org)
[22:14:05] [Thread-64/INFO] OpenAL audio device: OpenAL Soft on Динамики (MCHOSE V9 PRO)
[22:14:05] [Thread-64/INFO] OpenAL initialized.
[22:14:05] [Client thread/INFO] Sound engine reloaded
[22:14:05] [ForkJoinPool.commonPool-worker-3/WARN] Unable to load variant: axis=x from minecraft:lodestone#axis=x
[22:14:05] [ForkJoinPool.commonPool-worker-3/WARN] Unable to load variant: axis=y from minecraft:lodestone#axis=y
[22:14:05] [ForkJoinPool.commonPool-worker-3/WARN] Unable to load variant: axis=z from minecraft:lodestone#axis=z
[22:14:05] [ForkJoinPool.commonPool-worker-3/WARN] [OptiFine] mcpatcher/cit/asteroid/laser_gun.properties > Item not found: wood_hoe (wood_hoe)
[22:14:05] [ForkJoinPool.commonPool-worker-3/ERROR] Unable to load item model: 'minecraft:mcpatcher/cit/others/megumin_hat#inventory' for item: 'minecraft:mcpatcher/cit/others/megumin_hat'
[22:14:05] [ForkJoinPool.commonPool-worker-3/INFO] [OptiFine] Mipmap levels: 4
[22:14:05] [ForkJoinPool.commonPool-worker-3/INFO] [OptiFine] Multi-texturing: false
[22:14:05] [ForkJoinPool.commonPool-worker-3/INFO] [OptiFine] Multipass connected textures: false
[22:14:05] [ForkJoinPool.commonPool-worker-3/INFO] [OptiFine] BetterGrass: Parsing default configuration optifine/bettergrass.properties
[22:14:05] [ForkJoinPool.commonPool-worker-3/FATAL] [OptiFine] Scaled too small texture: minecraft:particles/glow_2, 8 -> 16
[22:14:05] [ForkJoinPool.commonPool-worker-3/FATAL] [OptiFine] Scaled too small texture: minecraft:particles/glow_1, 8 -> 16
[22:14:05] [ForkJoinPool.commonPool-worker-3/FATAL] [OptiFine] Scaled too small texture: minecraft:particles/glow_0, 8 -> 16
[22:14:05] [ForkJoinPool.commonPool-worker-3/FATAL] [OptiFine] Scaled too small texture: minecraft:particles/glow_6, 8 -> 16
[22:14:05] [ForkJoinPool.commonPool-worker-3/FATAL] [OptiFine] Scaled too small texture: minecraft:particles/glow_5, 8 -> 16
[22:14:05] [ForkJoinPool.commonPool-worker-3/FATAL] [OptiFine] Scaled too small texture: minecraft:particles/glow_4, 8 -> 16
[22:14:05] [ForkJoinPool.commonPool-worker-3/FATAL] [OptiFine] Scaled too small texture: minecraft:particles/glow_3, 8 -> 16
[22:14:05] [ForkJoinPool.commonPool-worker-3/FATAL] [OptiFine] Scaled too small texture: minecraft:particles/glow_9, 8 -> 16
[22:14:05] [ForkJoinPool.commonPool-worker-3/FATAL] [OptiFine] Scaled too small texture: minecraft:particles/glow_8, 8 -> 16
[22:14:05] [ForkJoinPool.commonPool-worker-3/FATAL] [OptiFine] Scaled too small texture: minecraft:particles/glow_7, 8 -> 16
[22:14:05] [ForkJoinPool.commonPool-worker-3/ERROR] Error with minecraft:mcpatcher/cit/casino/casino_card_and_token.png
java.lang.RuntimeException: broken aspect ratio and not an animation
	at #kOyVX.snaN(SourceFile:355)
	at #rwMAC.skyr(SourceFile:220)
	at #jbWsw.shok(SourceFile:616)
	at #pUFjH.siZB(SourceFile:150)
	at #BrjMY.slAk(SourceFile:992)
	at #TfJft.sglB(SourceFile:133)
	at #xWFjz.saEf(SourceFile:71)
	at #fLygu.bqe(Unknown Source)
	at #fLygu.run(Unknown Source)
	at java.base/java.util.concurrent.ForkJoinTask$RunnableExecuteAction.compute(Unknown Source)
	at java.base/java.util.concurrent.ForkJoinTask$InterruptibleTask.exec(Unknown Source)
	at java.base/java.util.concurrent.ForkJoinTask.doExec(Unknown Source)
	at java.base/java.util.concurrent.ForkJoinPool$WorkQueue.topLevelExec(Unknown Source)
	at java.base/java.util.concurrent.ForkJoinPool.runWorker(Unknown Source)
	at java.base/java.util.concurrent.ForkJoinWorkerThread.run(Unknown Source)
[22:14:05] [ForkJoinPool.commonPool-worker-3/FATAL] [OptiFine] Scaled too small texture: minecraft:particles/glow_11, 8 -> 16
[22:14:05] [ForkJoinPool.commonPool-worker-3/FATAL] [OptiFine] Scaled too small texture: minecraft:particles/glow_10, 8 -> 16
[22:14:05] [ForkJoinPool.commonPool-worker-3/FATAL] [OptiFine] Scaled too small texture: minecraft:particles/glow_13, 8 -> 16
[22:14:05] [ForkJoinPool.commonPool-worker-3/FATAL] [OptiFine] Scaled too small texture: minecraft:particles/glow_12, 8 -> 16
[22:14:05] [ForkJoinPool.commonPool-worker-3/FATAL] [OptiFine] Scaled too small texture: minecraft:particles/glow_15, 8 -> 16
[22:14:05] [ForkJoinPool.commonPool-worker-3/FATAL] [OptiFine] Scaled too small texture: minecraft:particles/glow_14, 8 -> 16
[22:14:05] [ForkJoinPool.commonPool-worker-3/INFO] load sprites for 11ms
[22:14:05] [ForkJoinPool.commonPool-worker-3/INFO] Created: 2048x1024 textures-atlas in 22ms
[22:14:05] [ForkJoinPool.commonPool-worker-3/INFO] [DEBUG] Atlas assembly for 3.427ms
[22:14:05] [Client thread/INFO] [DEBUG] upload atlas for 2.768ms
[22:14:05] [Client thread/INFO] [DEBUG] Generate mipmaps for 0.004ms
[22:14:05] [Client thread/INFO] [OptiFine] Animated sprites: 0
[22:14:05] [Client thread/INFO] [OptiFine] CustomColors: Loading mcpatcher/color.properties
[22:14:05] [Client thread/INFO] Textures loaded for 560.029ms
[22:15:06] [Client thread/ERROR] Error on handle event #BXBFw in Mod{name='SpaceTycoon', version='1.0.0+bc67650', persistent=false, delegate=a.a.d.a.a, modState=LOADED}
java.lang.IndexOutOfBoundsException: index: 180, length: 116 (expected: range(0, 208))
	at io.netty.buffer.AbstractByteBuf.checkRangeBounds(AbstractByteBuf.java:1390)
	at io.netty.buffer.AbstractByteBuf.checkIndex0(AbstractByteBuf.java:1397)
	at io.netty.buffer.AbstractUnpooledSlicedByteBuf.getBytes(AbstractUnpooledSlicedByteBuf.java:242)
	at io.netty.buffer.ReadOnlyByteBuf.getBytes(ReadOnlyByteBuf.java:270)
	at io.netty.buffer.ByteBufUtil.decodeString(ByteBufUtil.java:1151)
	at io.netty.buffer.AbstractByteBuf.toString(AbstractByteBuf.java:1246)
	at dev.xdark.feder.NetUtil.readString0(NetUtil.java:833)
	at dev.xdark.feder.NetUtil.readUtf8(NetUtil.java:188)
	at SpaceTycoon-v1.0.0+bc67650//a.a.a.m.a.f(SourceFile:176)
	at SpaceTycoon-v1.0.0+bc67650//a.a.d.a.e.h.b.d(SourceFile:60)
	at SpaceTycoon-v1.0.0+bc67650//a.a.d.a.e.h.b.injectedLambda$d$3(SourceFile)
	at SpaceTycoon-v1.0.0+bc67650//a.a.a.m.a.b(SourceFile:58)
	at SpaceTycoon-v1.0.0+bc67650//a.a.a.m.a.injectedLambda$b$0(SourceFile)
	at #RaGIl.saYo(SourceFile:83)
	at #hvoSL.bBM(Unknown Source)
	at #hvoSL.accept(Unknown Source)
	at #ykMcj.slwQ(SourceFile:105)
	at #BrtKi.laL(Unknown Source)
	at #BrtKi.accept(Unknown Source)
	at #SmDYl.shof(SourceFile:59)
	at #vxdAh.blq(SourceFile)
	at #DRZva.smvZ(SourceFile:89)
	at #WblDI.sciG(SourceFile:100)
	at #DDMvh.hcz(SourceFile)
	at #GXpIT.slFh(SourceFile:75)
	at #acUkE.drn(SourceFile:650)
	at #qKRzt.skLS(Unknown Source:2396)
	at #hyWbW.satX(SourceFile:1837)
	at #RofNI.dB(SourceFile:43)
	at #GLnhB.run(SourceFile:32)
	at #GILEo.saUt(Unknown Source:40)
	at #sJuki.sfWB(SourceFile:11)
	at java.base/java.util.concurrent.FutureTask.run(Unknown Source)
	at #bfAok.sjvn(SourceFile:45)
	at #ptzkp.gXZ(SourceFile:52)
	at #gZdVe.sbpI(SourceFile:1466)
	at #UDDPE.sdDd(Unknown Source:1632)
	at #GMfdJ.sask(SourceFile:487)
	at net.minecraft.client.main.GameMain.iwR(SourceFile:220)
	at net.minecraft.client.main.GameMain.jtH(SourceFile:156)
	at #ZpHYL.i(Unknown Source)
	at #ZpHYL.run(Unknown Source)
	at java.base/java.lang.Thread.run(Unknown Source)
[22:15:24] [Client thread/INFO] [CHAT] D ┃ kirill565541 [#?] » Го в битву строителей 4/12
[22:15:40] [Client thread/ERROR] Error on handle event #BXBFw in Mod{name='SpaceTycoon', version='1.0.0+bc67650', persistent=false, delegate=a.a.d.a.a, modState=LOADED}
java.lang.IndexOutOfBoundsException: index: 70, length: 1 (expected: range(0, 70))
	at io.netty.buffer.AbstractByteBuf.checkRangeBounds(AbstractByteBuf.java:1390)
	at io.netty.buffer.AbstractByteBuf.checkIndex0(AbstractByteBuf.java:1397)
	at io.netty.buffer.AbstractUnpooledSlicedByteBuf.getBytes(AbstractUnpooledSlicedByteBuf.java:242)
	at io.netty.buffer.ReadOnlyByteBuf.getBytes(ReadOnlyByteBuf.java:270)
	at io.netty.buffer.ByteBufUtil.decodeString(ByteBufUtil.java:1151)
	at io.netty.buffer.AbstractByteBuf.toString(AbstractByteBuf.java:1246)
	at dev.xdark.feder.NetUtil.readString0(NetUtil.java:833)
	at dev.xdark.feder.NetUtil.readUtf8(NetUtil.java:188)
	at SpaceTycoon-v1.0.0+bc67650//a.a.a.m.a.f(SourceFile:176)
	at SpaceTycoon-v1.0.0+bc67650//a.a.d.a.e.h.b.d(SourceFile:60)
	at SpaceTycoon-v1.0.0+bc67650//a.a.d.a.e.h.b.injectedLambda$d$3(SourceFile)
	at SpaceTycoon-v1.0.0+bc67650//a.a.a.m.a.b(SourceFile:58)
	at SpaceTycoon-v1.0.0+bc67650//a.a.a.m.a.injectedLambda$b$0(SourceFile)
	at #RaGIl.saYo(SourceFile:83)
	at #hvoSL.bBM(Unknown Source)
	at #hvoSL.accept(Unknown Source)
	at #ykMcj.slwQ(SourceFile:105)
	at #BrtKi.laL(Unknown Source)
	at #BrtKi.accept(Unknown Source)
	at #SmDYl.shof(SourceFile:59)
	at #vxdAh.blq(SourceFile)
	at #DRZva.smvZ(SourceFile:89)
	at #WblDI.sciG(SourceFile:100)
	at #DDMvh.hcz(SourceFile)
	at #GXpIT.slFh(SourceFile:75)
	at #acUkE.drn(SourceFile:650)
	at #qKRzt.skLS(Unknown Source:2396)
	at #hyWbW.satX(SourceFile:1837)
	at #RofNI.dB(SourceFile:43)
	at #GLnhB.run(SourceFile:32)
	at #GILEo.saUt(Unknown Source:40)
	at #sJuki.sfWB(SourceFile:11)
	at java.base/java.util.concurrent.FutureTask.run(Unknown Source)
	at #bfAok.sjvn(SourceFile:45)
	at #ptzkp.gXZ(SourceFile:52)
	at #gZdVe.sbpI(SourceFile:1466)
	at #UDDPE.sdDd(Unknown Source:1632)
	at #GMfdJ.sask(SourceFile:487)
	at net.minecraft.client.main.GameMain.iwR(SourceFile:220)
	at net.minecraft.client.main.GameMain.jtH(SourceFile:156)
	at #ZpHYL.i(Unknown Source)
	at #ZpHYL.run(Unknown Source)
	at java.base/java.lang.Thread.run(Unknown Source)
[22:16:21] [Client thread/INFO] [CHAT] [Астроном] GoodGamer_Xa [#191] » t
[22:19:50] [Client thread/INFO] [CHAT] [Астроном] GoodGamer_Xa [#189] » смысл есть на 2 планете мобов выбивать?
[22:19:56] [Client thread/INFO] [CHAT] [Нейтрон] LS ┃ papo4ka_v_dubae [#2] » го в битву
[22:20:01] [Client thread/INFO] [CHAT] [Астроном] GoodGamer_Xa [#189] » ой петов
[22:20:15] [Client thread/INFO] [CHAT] [Гравитатор] kymitik [#138] » тоже думаю
[22:22:37] [Client thread/INFO] [CHAT] [Туманник] XxLordKillerxX [#89] » .
[22:23:15] [Client thread/ERROR] Error on handle event #BXBFw in Mod{name='SpaceTycoon', version='1.0.0+bc67650', persistent=false, delegate=a.a.d.a.a, modState=LOADED}
java.lang.IndexOutOfBoundsException: index: 68, length: 1 (expected: range(0, 68))
	at io.netty.buffer.AbstractByteBuf.checkRangeBounds(AbstractByteBuf.java:1390)
	at io.netty.buffer.AbstractByteBuf.checkIndex0(AbstractByteBuf.java:1397)
	at io.netty.buffer.AbstractUnpooledSlicedByteBuf.getBytes(AbstractUnpooledSlicedByteBuf.java:242)
	at io.netty.buffer.ReadOnlyByteBuf.getBytes(ReadOnlyByteBuf.java:270)
	at io.netty.buffer.ByteBufUtil.decodeString(ByteBufUtil.java:1151)
	at io.netty.buffer.AbstractByteBuf.toString(AbstractByteBuf.java:1246)
	at dev.xdark.feder.NetUtil.readString0(NetUtil.java:833)
	at dev.xdark.feder.NetUtil.readUtf8(NetUtil.java:188)
	at SpaceTycoon-v1.0.0+bc67650//a.a.a.m.a.f(SourceFile:176)
	at SpaceTycoon-v1.0.0+bc67650//a.a.d.a.e.h.b.d(SourceFile:60)
	at SpaceTycoon-v1.0.0+bc67650//a.a.d.a.e.h.b.injectedLambda$d$3(SourceFile)
	at SpaceTycoon-v1.0.0+bc67650//a.a.a.m.a.b(SourceFile:58)
	at SpaceTycoon-v1.0.0+bc67650//a.a.a.m.a.injectedLambda$b$0(SourceFile)
	at #RaGIl.saYo(SourceFile:83)
	at #hvoSL.bBM(Unknown Source)
	at #hvoSL.accept(Unknown Source)
	at #ykMcj.slwQ(SourceFile:105)
	at #BrtKi.laL(Unknown Source)
	at #BrtKi.accept(Unknown Source)
	at #SmDYl.shof(SourceFile:59)
	at #vxdAh.blq(SourceFile)
	at #DRZva.smvZ(SourceFile:89)
	at #WblDI.sciG(SourceFile:100)
	at #DDMvh.hcz(SourceFile)
	at #GXpIT.slFh(SourceFile:75)
	at #acUkE.drn(SourceFile:650)
	at #qKRzt.skLS(Unknown Source:2396)
	at #hyWbW.satX(SourceFile:1837)
	at #RofNI.dB(SourceFile:43)
	at #GLnhB.run(SourceFile:32)
	at #GILEo.saUt(Unknown Source:40)
	at #sJuki.sfWB(SourceFile:11)
	at java.base/java.util.concurrent.FutureTask.run(Unknown Source)
	at #bfAok.sjvn(SourceFile:45)
	at #ptzkp.gXZ(SourceFile:52)
	at #gZdVe.sbpI(SourceFile:1466)
	at #UDDPE.sdDd(Unknown Source:1632)
	at #GMfdJ.sask(SourceFile:487)
	at net.minecraft.client.main.GameMain.iwR(SourceFile:220)
	at net.minecraft.client.main.GameMain.jtH(SourceFile:156)
	at #ZpHYL.i(Unknown Source)
	at #ZpHYL.run(Unknown Source)
	at java.base/java.lang.Thread.run(Unknown Source)
[22:23:52] [Client thread/INFO] [CHAT] \n   Сейчас трансляции ведут:\n   MEDIA ┃ ALMA3uk7 \n   Напишите /media для проcмотра активных трансляций\n 
[22:25:51] [Client thread/INFO] [STDOUT]: a.a.d.a.c.a.f.a.i@73b4e952
[22:26:26] [Client thread/INFO] [CHAT] [Космонавт] D ┃ dimas585 [#468] » а за достижения что-нибудь дают?
[22:27:22] [Client thread/INFO] [CHAT] [Галактик] P ┃ zder3456 [#43] » почему авто не работает на Лег петов, мне что вручную всех класть в слоты
[22:28:49] [Client thread/INFO] [CHAT] [Галактик] P ┃ zder3456 [#43] » Кто DEV этого редима?
[22:28:59] [Client thread/INFO] [CHAT] [Галактик] P ┃ zder3456 [#43] » Битошка?
[22:29:19] [Client thread/INFO] [CHAT] [Гравитатор] Kvester_ [#106] » я вернулся
[22:30:00] [Client thread/INFO] [CHAT]  \ni Астероидная битва закончена! Вернемся через некоторое время!\n 
[22:31:26] [Client thread/INFO] [CHAT] Ch2V1k [#?] » Стрим ютуб chuvikclsh
[22:36:02] [Client thread/INFO] [CHAT] [Туманник] XxLordKillerxX [#91] » меня отделяет одна утка от кейса с аурами
[22:36:18] [Client thread/INFO] [CHAT] [Туманник] D ┃ Stas9n [#78] » Такая же фигня
[22:36:35] [Client thread/INFO] [CHAT] [Гравитатор] Kvester_ [#107] » так же
[22:36:48] [Client thread/INFO] [CHAT] [Гравитатор] Kvester_ [#107] » но я уже скоро ейо получу
[22:36:56] [Client thread/INFO] [CHAT] [Туманник] XxLordKillerxX [#91] » я тоже
[22:37:23] [Client thread/INFO] [CHAT] [Гравитатор] Kvester_ [#107] » вот только деньги копяться что то долго
[22:37:27] [Client thread/INFO] [CHAT] [Ветер] P ┃ _ЛюбитеКотиков_ [#8] » ели как на апп на скрёб
[22:37:34] [Client thread/INFO] [CHAT] [Гравитатор] Kvester_ [#107] » на ночь афк встану мб
[22:37:36] [Client thread/INFO] [CHAT] [Ветер] P ┃ _ЛюбитеКотиков_ [#8] » о я воздухан
[22:37:44] [Client thread/INFO] [CHAT] [Ветер] P ┃ _ЛюбитеКотиков_ [#8] » спасибо, хорошо.
[22:38:01] [Client thread/INFO] [CHAT] [Туманник] XxLordKillerxX [#91] » так рил деньги долго капают я сделал перерождение с 120х до 250х ничего не поменялось
[22:38:15] [Client thread/INFO] [CHAT] [Гравитатор] HE ┃ NicknameTaken [#128] » так петов апай
[22:38:18] [Client thread/INFO] [CHAT] [Экзопланет] snufflubitel [#41] » а что вообще качать именно в битве
[22:38:19] [Client thread/INFO] [CHAT] [Гравитатор] Kvester_ [#107] » факт
[22:38:21] [Client thread/INFO] [CHAT] [Экзопланет] snufflubitel [#41] » после битвы
[22:38:26] [Client thread/INFO] [CHAT] [Экзопланет] snufflubitel [#41] » за камни
[22:38:29] [Client thread/INFO] [CHAT] [Астроном] P ┃ Tveiv [#168] »  апаешь петов так там тож самое по деньгам получается после продажи
[22:38:34] [Client thread/INFO] [CHAT] [Галактор] E ┃ ThxMe [#30] » ну что чувствуешь то и качаешь
[22:38:52] [Client thread/INFO] [CHAT] MIDOSON [#?] » всем ку как тут играть
[22:38:53] [Client thread/INFO] [CHAT] [Гравитатор] Kvester_ [#107] » у меня вот петы норм вкачение уже
[22:38:53] [Client thread/INFO] [CHAT] [Гравитатор] HE ┃ NicknameTaken [#128] » хз у меня все норм увеличивается
[22:39:03] [Client thread/INFO] [CHAT] [Туманник] XxLordKillerxX [#91] » петы стоят по 112т у меня минут за 15 только 1q накапает
[22:39:12] [Client thread/INFO] [CHAT] [Космонавт] silexxgodlike [#416] » а где петов покупать?
[22:39:17] [Client thread/INFO] [CHAT] [Гравитатор] Kvester_ [#107] » так не покупай дорогие
[22:39:18] [Client thread/INFO] [CHAT] [Галактор] E ┃ ThxMe [#30] » кейсы крутить надо
[22:39:19] [Client thread/INFO] [CHAT] [Астероид] D ┃ Stas9n [#78] » Еще накопится
[22:39:36] [Client thread/INFO] [CHAT] [Гравитатор] Kvester_ [#107] » есть по 1т или за 10к
[22:39:38] [Client thread/INFO] [CHAT] [Космонавт] silexxgodlike [#416] » а у меня почемуто по 10.5к дальше не завышается цена
[22:39:53] [Client thread/INFO] [CHAT] [Туманник] XxLordKillerxX [#91] » я пошёл крутить петов по 1.4т
[22:40:00] [Client thread/INFO] [CHAT] [Гравитатор] Kvester_ [#107] » удачи
[22:40:09] [Client thread/INFO] [CHAT] [Экзопланет] snufflubitel [#41] » а в чем смысл крутить петов
[22:40:09] [Client thread/INFO] [CHAT] [Туманник] XxLordKillerxX [#88] » спс
[22:40:18] [Client thread/INFO] [CHAT] [Галактор] E ┃ ThxMe [#30] » на петах бафы
[22:40:29] [Client thread/INFO] [CHAT] [Экзопланет] snufflubitel [#41] » так прост легендарки до 16 качаешь и все
[22:40:32] [Client thread/INFO] [CHAT] [Экзопланет] snufflubitel [#41] » с кейсов за 10к
[22:40:39] [Client thread/INFO] [CHAT] [Гравитатор] Kvester_ [#107] » не
[22:40:43] [Client thread/INFO] [CHAT] [Экзопланет] snufflubitel [#41] » а дальше смысла нет каг будто
[22:40:43] [Client thread/INFO] [CHAT] [Гравитатор] Kvester_ [#107] » там разние бафы
[22:40:52] [Client thread/INFO] [CHAT] [Гравитатор] Kvester_ [#107] » и разние проценты
[22:40:54] [Client thread/INFO] [CHAT] [Астероид] D ┃ Stas9n [#71] » процент начальный выше
[22:41:00] [Client thread/INFO] [CHAT] [Экзопланет] snufflubitel [#41] » у меня 16 гура дает столько же что и 16 эхо
[22:41:02] [Client thread/INFO] [CHAT] [Астероид] D ┃ Stas9n [#71] » у поздних петов
[22:41:23] [Client thread/INFO] [CHAT] [Комета] D ┃ Bwue_blue [#303] » какой макс лвл у питомцев?
[22:41:27] [Client thread/INFO] [CHAT] [Астероид] D ┃ Stas9n [#71] » 16
[22:41:28] [Client thread/INFO] [CHAT] [Экзопланет] snufflubitel [#41] » легендарка 16
[22:41:29] [Client thread/INFO] [CHAT] [Галактор] E ┃ ThxMe [#30] » у лег 16
[22:41:34] [Client thread/INFO] [CHAT] [Экзопланет] snufflubitel [#41] » эпик 13
[22:41:34] [Client thread/INFO] [CHAT] [Комета] D ┃ Bwue_blue [#303] » спс
[22:41:36] [Client thread/INFO] [CHAT] [Астроном] P ┃ Tveiv [#169] »  авто открытие нельзя бесплатно получить?
[22:41:44] [Client thread/INFO] [CHAT] [Экзопланет] snufflubitel [#41] » ток спать с модерами
[22:41:53] [Client thread/INFO] [CHAT] [Туманник] V ┃ JujutsuKaisen [#76] » Бесплатно вроде только х3 кейсы можно зафармить
[22:41:54] [Client thread/INFO] [CHAT] [Экзопланет] snufflubitel [#41] » по другому никак
[22:42:07] [Client thread/INFO] [CHAT] [Гравитатор] Kvester_ [#107] » просто кликер запусти на 5 сек и всё
[22:42:17] [Client thread/INFO] [CHAT] [Астроном] P ┃ Tveiv [#169] » разраб фармит бабос
[22:42:26] [Client thread/INFO] [CHAT] [Гравитатор] Kvester_ [#107] » мож отойти и ждать пока фулл инв нафармиться
[22:42:37] [Client thread/INFO] [CHAT] [Гравитатор] Kvester_ [#107] » и вибрать лучшего
[22:42:46] [Client thread/INFO] [CHAT] [Экзопланет] snufflubitel [#41] » что такое вибрать
[22:42:52] [Client thread/INFO] [CHAT] [Экзопланет] snufflubitel [#41] » это типо вибрировать?
[22:43:03] [Client thread/INFO] [CHAT] [Галактор] E ┃ ThxMe [#30] » да
[22:43:05] [Client thread/INFO] [CHAT] [Астроном] P ┃ Tveiv [#169] »  да
[22:43:06] [Client thread/INFO] [CHAT] [Гравитатор] Kvester_ [#107] » не потужний ты
[22:43:07] [Client thread/INFO] [CHAT] [Галактор] E ┃ ThxMe [#30] » вибратор
[22:43:16] [Client thread/INFO] [CHAT] [Буревест] Savva2 [#32] » а как вам + 300 % к скорости конвейеров на 1 уровне ?
[22:43:27] [Client thread/INFO] [CHAT] [Экзопланет] snufflubitel [#41] » это кто
[22:43:28] [Client thread/INFO] [CHAT] [Галактор] E ┃ ThxMe [#30] » имба качай
[22:43:37] [Client thread/INFO] [CHAT] [Буревест] Savva2 [#32] » хахахахах
[22:43:55] [Client thread/INFO] [CHAT] [Экзопланет] snufflubitel [#41] » ща буду по 500Q крутить
[22:43:59] [Client thread/INFO] [CHAT] [Гравитатор] HE ┃ NicknameTaken [#123] » норм эпик 101% денег
[22:44:08] [Client thread/INFO] [CHAT] [Буревест] Savva2 [#32] » имба
[22:44:11] [Client thread/INFO] [CHAT] [Союз] T ┃ xKeEpeR_ [#19] » чё
[22:44:15] [Client thread/INFO] [CHAT] [Гравитатор] V ┃ xqwiol [#132] » где кейсы с аурами открывать?
[22:44:24] [Client thread/INFO] [CHAT] [Гравитатор] HE ┃ NicknameTaken [#123] » 103% ошибся чутка
[22:44:27] [Client thread/INFO] [CHAT] [Космонавт] arsprofort [#378] » а где найти части для коробля?
[22:44:55] [Client thread/INFO] [CHAT] [Галактор] E ┃ ThxMe [#30] » 111% скорость дроперов 
[22:45:05] [Client thread/INFO] [CHAT] [Космонавт] arsprofort [#378] » а где найти части для коробля?
[22:45:15] [Client thread/INFO] [CHAT] [Гравитатор] HE ┃ NicknameTaken [#123] » эх ток 66% скорость дроперов и 103% денег на эпике
[22:45:22] [Client thread/INFO] [CHAT] [Астероид] D ┃ xyz14 [#69] » вы очиститель лучше качайте
[22:45:28] [Client thread/INFO] [CHAT] [Странник] I ┃ AIDOMETR [#221] » Почему на трилионах так мало деньги фармятся?
[22:45:31] [Client thread/INFO] [CHAT] [Странник] I ┃ AIDOMETR [#221] » долга*
[22:45:32] [Client thread/INFO] [CHAT] [Туманник] V ┃ JujutsuKaisen [#76] » Что очиститель делает
[22:45:45] [Client thread/INFO] [CHAT] V+ ┃ pon4ik_vkusni [#?] » я фурри фимбой
[22:45:48] [Client thread/INFO] [CHAT] [Галактор] E ┃ ThxMe [#30] » мило
[22:45:59] [Client thread/INFO] [CHAT] [Астероид] D ┃ Stas9n [#71] » что-то, что приносит много денег
[22:46:04] [Client thread/INFO] [CHAT] [Странник] P ┃ _haze [#268] » а что за токены
[22:46:11] [Client thread/INFO] [CHAT] [Нейтрон] LS ┃ papo4ka_v_dubae [#2] » они нужны для покера
[22:46:18] [Client thread/INFO] [CHAT] [Галактор] E ┃ ThxMe [#30] » у меня в табе флаг россии
[22:46:32] [Client thread/INFO] [STDOUT]: a.a.d.a.c.a.f.a.i@2a8daadc
[22:46:33] [Client thread/INFO] [STDOUT]: a.a.d.a.c.a.f.a.c@7a0ac22d
[22:46:33] [Client thread/INFO] [STDOUT]: a.a.d.a.c.a.f.a.a@1820845e
[22:46:33] [Client thread/INFO] [STDOUT]: a.a.d.a.c.a.f.a.m@172759ab
[22:46:34] [Client thread/INFO] [STDOUT]: a.a.d.a.c.a.f.a.i@2a8daadc
[22:46:36] [Client thread/INFO] [CHAT] [Созвездие] LeGoSya [#496] » .
[22:47:24] [Client thread/INFO] [CHAT] [Астероид] D ┃ Stas9n [#71] » ура последняя уточка, сюда блин
[22:47:47] [Client thread/INFO] [CHAT] [Звездочет] Kvester_ [#107] » имба
[22:47:53] [Client thread/INFO] [CHAT] [Звездочет] Kvester_ [#107] » скажешь что выпало
[22:48:28] [Client thread/INFO] [CHAT] [Астероид] D ┃ Stas9n [#71] » хаха, 20% скорость передвижения
[22:48:32] [Client thread/INFO] [CHAT] V+ ┃ pon4ik_vkusni активировал Бустер конвейеров x1.5.
[22:48:35] [Client thread/INFO] [CHAT] [Туманник] V ┃ JujutsuKaisen [#76] » =/
[22:48:40] [Client thread/INFO] [CHAT] [Галактор] E ┃ ThxMe [#30] » лучший
[22:48:55] [Client thread/INFO] [CHAT] [Астероид] D ┃ Stas9n [#71] » придется донатить(
[22:48:59] [Client thread/INFO] [CHAT] V+ ┃ pon4ik_vkusni активировал Бустер дропперов x1.5.
[22:49:00] [Client thread/INFO] [CHAT] [Галактор] E ┃ ThxMe [#30] » грустно
[22:49:03] [Client thread/INFO] [CHAT] [Нейтрон] LS ┃ papo4ka_v_dubae [#2] » о спс
[22:49:05] [Client thread/INFO] [CHAT] [Галактор] E ┃ ThxMe [#30] » о изи
[22:49:09] [Client thread/INFO] [CHAT] [Туманник] V ┃ JujutsuKaisen [#76] » Герой!
[22:49:10] [Client thread/INFO] [CHAT] [Звездочет] Kvester_ [#107] » легенда
[22:49:21] [Client thread/INFO] [CHAT] [Звездочет] Kvester_ [#107] » давай ещо буст денег до фулл комплекта
[22:49:24] [Client thread/INFO] [CHAT] [Галактор] E ┃ ThxMe [#30] » 1.096 дропер фига я клутой
[22:50:36] [Client thread/INFO] [CHAT] V+ ┃ pon4ik_vkusni [#?] » мяу мяу
[22:50:44] [Client thread/INFO] [CHAT] [Галактор] E ┃ ThxMe [#30] » мрмррм
[22:50:46] [Client thread/INFO] [CHAT] [Астероид] D ┃ Stas9n [#71] » топ пет как я понял 3-4 стат лега?
[22:50:52] [Client thread/INFO] [CHAT] [Гравитатор] HE ┃ NicknameTaken [#113] » 2 стат
[22:50:59] [Client thread/INFO] [CHAT] [Астероид] D ┃ Stas9n [#70] » ну
[22:50:59] [Client thread/INFO] [CHAT] [Галактор] E ┃ ThxMe [#30] » апать лучше всего таких
[22:51:10] [Client thread/INFO] [CHAT] [Астероид] D ┃ Stas9n [#70] » ну это прям сказка 2 стат
[22:51:26] [Client thread/INFO] [CHAT] [Гравитатор] HE ┃ NicknameTaken [#113] » ну если ты лакер
[22:51:26] [Client thread/INFO] [CHAT] [Комета] P ┃ ex1Sanya [#306] » +70% к чистителю неплохо
[22:51:36] [Client thread/INFO] [CHAT] [Межгалактик] MVP+ ┃ XXXXXXLoonDanya [#12] » топ пет 3 стата, 4 многа
[22:51:43] [Client thread/INFO] [CHAT] [Астероид] D ┃ Stas9n [#70] » с нуля?
[22:51:50] [Client thread/INFO] [CHAT] [Блазар] LS ┃ papo4ka_v_dubae [#2] » хз 3 статы самые лучшие пока что
[22:52:08] [Client thread/INFO] [CHAT] [Межгалактик] MVP+ ┃ XXXXXXLoonDanya [#12] » у меня ваще 3 эпика одето потому что там 3 стата а лег с 3 статами ток 1
[22:52:29] [Client thread/INFO] [CHAT] [Гравитатор] HE ┃ NicknameTaken [#113] » я вообще не думаю что эпика с 1 локи буду менять
[22:52:37] [Client thread/INFO] [CHAT] [Блазар] LS ┃ papo4ka_v_dubae [#2] » почему
[22:52:45] [Client thread/INFO] [CHAT] [Астероид] D ┃ xyz14 [#69] » а че у тебя всего 3 слота:
[22:52:48] [Client thread/INFO] [CHAT] [Гравитатор] HE ┃ NicknameTaken [#113] » 66% дроперы 103% денег
[22:52:50] [Client thread/INFO] [CHAT] [Астероид] D ┃ xyz14 [#69] » ?
[22:52:54] [Client thread/INFO] [CHAT] [Блазар] LS ┃ papo4ka_v_dubae [#2] » буквально уже на пульсаре лега лучше будет наверное
[22:53:16] [Client thread/INFO] [CHAT] [Гравитатор] HE ┃ NicknameTaken [#113] » ты её еще выбить попробуй
[22:53:25] [Client thread/INFO] [CHAT] [Блазар] LS ┃ papo4ka_v_dubae [#2] » там шанс нормальные же
[22:53:27] [Client thread/INFO] [CHAT] [Межгалактик] MVP+ ┃ XXXXXXLoonDanya [#12] » у меня лега 90 денег 90 дроп 90 очист блин
[22:53:29] [Client thread/INFO] [CHAT] [Астероид] D ┃ Stas9n [#70] » точно будет
[22:53:51] [Client thread/INFO] [CHAT] [Астероид] D ┃ Stas9n [#70] » тем более после прокачки на статы
[22:54:20] [Client thread/INFO] [CHAT] [Гравитатор] HE ┃ NicknameTaken [#113] » ну лан че на будущее загадывать поживем увидим
[22:54:34] [Client thread/INFO] [CHAT] [Блазар] LS ┃ papo4ka_v_dubae [#2] » взрыв сверхновой на хромея ммм
[22:54:40] [Client thread/INFO] [CHAT] [Блазар] LS ┃ papo4ka_v_dubae [#2] » кайф
[22:54:58] [Client thread/INFO] [CHAT] [Астероид] D ┃ xyz14 [#69] » а вот эти ивентовые бусты как работают
[22:55:11] [Client thread/INFO] [CHAT] [Блазар] LS ┃ papo4ka_v_dubae [#2] » хз
[22:57:10] [Client thread/INFO] [CHAT] [Гравитатор] kymitik [#141] » на денюжки буста закиньте пожалуйста
[22:57:18] [Client thread/INFO] [CHAT] [Созвездие] V+ ┃ pon4ik_vkusni [#?] » подскажите как зарабатывать маленькому фурри фембойчику а то у меня лапки и я не понимаю куда тыкаться
[22:57:54] [Client thread/INFO] [CHAT] [Нейтрон] S ┃ CyFrodo [#3] » включите глоб на очисты пж)
[22:57:58] [Client thread/INFO] [CHAT] [Нейтрон] S ┃ CyFrodo [#3] » это имба
[22:57:59] [Client thread/INFO] [CHAT] [Союз] T ┃ xKeEpeR_ [#19] » рил
[22:58:08] [Client thread/INFO] [CHAT] [Нейтрон] S ┃ CyFrodo [#3] » а поч локалки нет на это кста
[22:58:18] [Client thread/INFO] [CHAT] [Нейтрон] S ┃ CyFrodo [#3] » чтоб всякие фиры в конце вайпа не лутались под локалками что ли хаха
[22:58:33] [Client thread/INFO] [CHAT] [Нейтрон] S ┃ CyFrodo [#3] » а
[22:58:37] [Client thread/INFO] [CHAT] [Межгалактик] MVP+ ┃ XXXXXXLoonDanya [#12] » есть ж
[22:58:37] [Client thread/INFO] [CHAT] [Нейтрон] S ┃ CyFrodo [#3] » я дурак, есть оказывается
[22:58:40] [Client thread/INFO] [CHAT] [Ветер] P ┃ _ЛюбитеКотиков_ [#8] » спасибо, хорошо.
[22:58:42] [Client thread/INFO] [CHAT] [Блазар] LS ┃ papo4ka_v_dubae [#1] » что есть
[22:58:44] [Client thread/INFO] [CHAT] [Нейтрон] S ┃ CyFrodo [#3] » а я думаю че я так отсасываю по топу
[22:58:48] [Client thread/INFO] [CHAT] [Межгалактик] MVP+ ┃ XXXXXXLoonDanya [#12] » фу топер
[22:58:49] [Client thread/INFO] [CHAT] [Блазар] LS ┃ papo4ka_v_dubae [#1] » вы про что
[22:58:56] [Client thread/INFO] [CHAT] [Союз] T ┃ xKeEpeR_ [#19] » донатеры
[22:59:02] [Client thread/INFO] [CHAT] [Блазар] LS ┃ papo4ka_v_dubae [#1] » АЛЕ что я пропустил
[22:59:13] [Client thread/INFO] [CHAT] [Межгалактик] MVP+ ┃ XXXXXXLoonDanya [#12] » ты виноват кароче
[22:59:15] [Client thread/INFO] [CHAT] [Союз] T ┃ xKeEpeR_ [#19] » фродо будет покуапть локалки
[22:59:16] [Client thread/INFO] [CHAT] [Блазар] LS ┃ papo4ka_v_dubae [#1] » КАК
[22:59:22] [Client thread/INFO] [CHAT] [Блазар] LS ┃ papo4ka_v_dubae [#1] » эмм
[22:59:24] [Client thread/INFO] [CHAT] [Гравитатор] kymitik [#141] » закинь нам бусты папочка
[22:59:24] [Client thread/INFO] [CHAT] [Нейтрон] S ┃ CyFrodo [#3] » уже
[22:59:27] [Client thread/INFO] [CHAT] [Нейтрон] S ┃ CyFrodo [#3] » лан шучу
[22:59:33] [Client thread/INFO] [CHAT] [Гравитатор] kymitik [#141] » будь отцом
[22:59:37] [Client thread/INFO] [CHAT] [Союз] T ┃ xKeEpeR_ [#19] » врет
[22:59:40] [Client thread/INFO] [CHAT] [Блазар] LS ┃ papo4ka_v_dubae [#1] » были бы у меня бесконечные кристалики..
[22:59:41] [Client thread/INFO] [CHAT] [Союз] T ┃ xKeEpeR_ [#19] » уже покупает
[22:59:54] [Client thread/INFO] [CHAT] flooxferdtc0125 [#?] » ';
[22:59:59] [Client thread/INFO] [CHAT] tiredmonster [#?] » 67
[23:00:18] [Client thread/INFO] [CHAT] [Нейтрон] S ┃ CyFrodo [#3] » я устал бегать с х1.5 скоркой
[23:00:29] [Client thread/INFO] [CHAT] [Гравитатор] kymitik [#141] » я устал на велории
[23:01:22] [Client thread/INFO] [CHAT] [Блазар] LS ┃ papo4ka_v_dubae [#1] » рил надо попросить больше скорости
[23:01:37] [Client thread/INFO] [CHAT] [Гравитатор] kymitik [#141] » надо бустов бустов
[23:02:01] [Client thread/INFO] [CHAT] [Гравитатор] kymitik [#138] » если бы тут казика не было проще было бы
[23:03:10] [Client thread/INFO] [CHAT] [Гравитатор] kymitik [#138] » а чо exist в итоге спать пошел
[23:03:14] [Client thread/INFO] [CHAT] [Блазар] LS ┃ papo4ka_v_dubae [#1] » да
[23:03:23] [Client thread/INFO] [CHAT] [Ветер] P ┃ _ЛюбитеКотиков_ [#9] » а зачем
[23:03:26] [Client thread/INFO] [CHAT] [Гравитатор] kymitik [#138] » я думал он уже того
[23:03:30] [Client thread/INFO] [CHAT] [Гравитатор] kymitik [#138] » 200
[23:04:16] [Client thread/INFO] [CHAT] [Галактор] E ┃ ThxMe [#30] » 313 скорость конвееров на 1 лвле
[23:04:20] [Client thread/INFO] [CHAT] [Созвездие] V+ ┃ pon4ik_vkusni [#?] » какой бустер самый крутой
[23:04:39] [Client thread/INFO] [CHAT] [Гравитатор] kymitik [#138] » очистели мб
[23:05:07] [Client thread/INFO] [CHAT] [Галактор] E ┃ ThxMe [#30] » очистители/деньги/дропперы
[23:05:10] [Client thread/INFO] [CHAT] [Гравитатор] kymitik [#138] » и бабки
[23:05:22] [Client thread/INFO] [CHAT] MVP+ ┃ Rick123sanchez активировал Бустер монет x1.5.
[23:05:27] [Client thread/INFO] [CHAT] [Нейтрон] S ┃ CyFrodo [#3] » ура бустер денег
[23:05:30] [Client thread/INFO] [CHAT] [Гравитатор] V ┃ Bargriga324 [#124] » спасибо
[23:05:32] [Client thread/INFO] [CHAT] [Нейтрон] S ┃ CyFrodo [#3] » очистов бы кто то продубил я бы кайфанул
[23:05:36] [Client thread/INFO] [CHAT] [Гравитатор] kymitik [#138] » дай бог тебе здоровья
[23:05:37] [Client thread/INFO] [CHAT] [Странник] D ┃ Bwue_blue [#276] » <3
[23:05:37] [Client thread/INFO] [CHAT] [Ветер] P ┃ _ЛюбитеКотиков_ [#9] » фу
[23:05:41] [Client thread/INFO] [CHAT] [Ветер] P ┃ _ЛюбитеКотиков_ [#9] » очисты
[23:05:42] [Client thread/INFO] [CHAT] MVP+ ┃ Rick123sanchez [#?] » ))))
[23:05:47] [Client thread/INFO] [CHAT] V+ ┃ pon4ik_vkusni активировал Бустер очистителей x1.5.
[23:05:49] [Client thread/INFO] [CHAT] [Блазар] LS ┃ papo4ka_v_dubae [#1] » спс
[23:05:49] [Client thread/INFO] [CHAT] [Ветер] P ┃ _ЛюбитеКотиков_ [#9] » ...
[23:05:51] [Client thread/INFO] [CHAT] [Гравитатор] kymitik [#138] » дай бог тебе здоровья
[23:05:52] [Client thread/INFO] [CHAT] [Странник] D ┃ Bwue_blue [#276] » <3
[23:05:53] [Client thread/INFO] [CHAT] [Нейтрон] S ┃ CyFrodo [#3] » ахахах от души
[23:05:56] [Client thread/INFO] [CHAT] [Блазар] LS ┃ papo4ka_v_dubae [#1] » по дешки за секу
[23:05:58] [Client thread/INFO] [CHAT] [Гравитатор] kymitik [#138] » какие же вы боагтые
[23:06:04] [Client thread/INFO] [CHAT] [Туманник] V ┃ JujutsuKaisen [#76] » Герои! Спасибо
[23:06:09] [Client thread/INFO] [CHAT] [Астероид] D ┃ Stas9n [#66] » ооо 11 рб близко, спасибо вам люди добрые
[23:06:43] [Client thread/INFO] [CHAT] [Ветер] P ┃ _ЛюбитеКотиков_ [#9] » ну хотябы х3b денег стало
[23:08:07] [Client thread/INFO] [CHAT] [Созвездие] V+ ┃ pon4ik_vkusni [#?] » где кейсы открыть?
[23:08:11] [Client thread/INFO] [CHAT] [Туманник] V ┃ JujutsuKaisen [#76] » На спавне
[23:08:19] [Client thread/INFO] [CHAT] [Гравитатор] kymitik [#133] » какие кейсы смотря
[23:08:33] [Client thread/INFO] [CHAT] [Созвездие] V+ ┃ pon4ik_vkusni [#?] » а я хзэ
[23:08:44] [Client thread/INFO] [CHAT] [Созвездие] V+ ┃ pon4ik_vkusni [#?] » я в магазине купил самые топовые
[23:08:53] [Client thread/INFO] [CHAT] [Гравитатор] kymitik [#133] » легко вам богатым
[23:09:04] [Client thread/INFO] [CHAT] [Туманник] V ┃ JujutsuKaisen [#76] » Питомцы на спавне, а ауры на 2-й локе (корабль). Но нужно пройти первую локацию полностью
[23:09:20] [Client thread/INFO] [CHAT] [Ветер] P ┃ _ЛюбитеКотиков_ [#9] » вот бы щас очист дали
[23:09:24] [Client thread/INFO] [CHAT] [Созвездие] V+ ┃ pon4ik_vkusni [#?] » как на спавн поспасть
[23:09:25] [Client thread/INFO] [CHAT] [Ветер] P ┃ _ЛюбитеКотиков_ [#9] » я бы кайфанул
[23:09:29] [Client thread/INFO] [CHAT] [Гравитатор] kymitik [#133] » /spawn
[23:09:46] [Client thread/INFO] [CHAT] [Гравитатор] kymitik [#133] » ну или тп на локу прост там в начало кинет
[23:09:57] [Client thread/INFO] [CHAT] [Экзопланет] P ┃ zder3456 [#42] » норм что рб по часу каждый?
[23:10:01] [Client thread/INFO] [CHAT] [Ветер] P ┃ _ЛюбитеКотиков_ [#9] » да
[23:10:03] [Client thread/INFO] [CHAT] [Звездочет] HE ┃ NicknameTaken [#96] » вполне
[23:10:04] [Client thread/INFO] [CHAT] [Гравитатор] kymitik [#133] » утки какая ласт планета?
[23:10:19] [Client thread/INFO] [CHAT] [Экзопланет] P ┃ zder3456 [#42] » как тегнуть петов?
[23:11:13] [Client thread/INFO] [CHAT] [Гравитатор] kymitik [#133] » пончик вопрос а сколько у тебя кристаликов?
[23:11:37] [Client thread/INFO] [CHAT] [Сверхновая] HE ┃ Azazelskiy [#60] » а лс эт че
[23:11:41] [Client thread/INFO] [CHAT] [Блазар] LS ┃ papo4ka_v_dubae [#1] » локал стафф
[23:11:41] [Client thread/INFO] [CHAT] [Галактор] E ┃ ThxMe [#30] » локал стаф
[23:11:43] [Client thread/INFO] [CHAT] [Аномал] MVP+ ┃ XXXXXXLoonDanya [#12] » локал стафф
[23:11:47] [Client thread/INFO] [CHAT] [Ветер] P ┃ _ЛюбитеКотиков_ [#9] » оо
[23:11:52] [Client thread/INFO] [CHAT] [Ветер] P ┃ _ЛюбитеКотиков_ [#9] » щаспоидёт доход
[23:11:55] [Client thread/INFO] [CHAT] [Ветер] P ┃ _ЛюбитеКотиков_ [#9] » с 1 очистом
[23:12:45] [Client thread/INFO] [CHAT] [Странник] D ┃ Bwue_blue [#271] » куда токены тратить?
[23:12:50] [Client thread/INFO] [CHAT] [Аномал] MVP+ ┃ XXXXXXLoonDanya [#12] » играть в покер
[23:12:52] [Client thread/INFO] [CHAT] [Гравитатор] V ┃ Bargriga324 [#126] » в покере
[23:12:54] [Client thread/INFO] [CHAT] [Гравитатор] kymitik [#133] » а есть смысл открыть петов на велории?
[23:13:11] [Client thread/INFO] [CHAT] [Галактор] E ┃ ThxMe [#31] » на новых локал всегда есть смысл
[23:13:16] [Client thread/INFO] [CHAT] [Гравитатор] P+ ┃ bezuprechnyi [#148] » а
[23:13:31] [Client thread/INFO] [CHAT] [Гравитатор] kymitik [#133] » ща если казик даст пойду открывать
[23:13:44] [Client thread/INFO] [CHAT] [Звездочет] D ┃ _pixty [#107] » хорошо давай
[23:13:46] [Client thread/INFO] [CHAT] [Галактор] E ┃ ThxMe [#31] » ну там просто получше они
[23:13:51] [Client thread/INFO] [CHAT] [Гравитатор] kymitik [#133] » на че ставить
[23:13:53] [Client thread/INFO] [CHAT] [Галактор] E ┃ ThxMe [#31] » нет смысл открывать планету и сразу крутить кейсы
[23:13:59] [Client thread/INFO] [CHAT] [Ветер] P ┃ _ЛюбитеКотиков_ [#8] » поч
[23:14:03] [Client thread/INFO] [CHAT] [Галактор] E ┃ ThxMe [#31] » ну дорого
[23:14:03] [Client thread/INFO] [CHAT] [Гравитатор] kymitik [#133] » на че ставить
[23:14:09] [Client thread/INFO] [CHAT] [Ветер] P ┃ _ЛюбитеКотиков_ [#8] » как дорого
[23:14:10] [Client thread/INFO] [CHAT] [Звездочет] D ┃ _pixty [#107] » на меня
[23:14:15] [Client thread/INFO] [CHAT] [Ветер] P ┃ _ЛюбитеКотиков_ [#8] » а если не дорого то можно?
[23:14:19] [Client thread/INFO] [CHAT] [Галактор] E ┃ ThxMe [#31] » то да можно
[23:14:24] [Client thread/INFO] [CHAT] [Аномал] MVP+ ┃ XXXXXXLoonDanya [#12] » всегда дорого
[23:14:32] [Client thread/INFO] [CHAT] [Астроном] V ┃ LamboToon [#204] » на нас надвигается кайфун
[23:14:32] [Client thread/INFO] [CHAT] [Ветер] P ┃ _ЛюбитеКотиков_ [#8] » а если полудорого
[23:14:35] [Client thread/INFO] [CHAT] [Созвездие] HE ┃ strannikk00 [#?] » .
[23:14:42] [Client thread/INFO] [CHAT] [Аномал] MVP+ ┃ XXXXXXLoonDanya [#12] » ну смысл крутить 1 кейс
[23:16:46] [Client thread/INFO] [CHAT] [Блазар] S ┃ CyFrodo [#3] » кто метки ставил на хромеи для дропперов и конвов что за ужас
[23:16:58] [Client thread/INFO] [CHAT] [Блазар] LS ┃ papo4ka_v_dubae [#2] » оо ты на 3 гаража
[23:17:10] [Client thread/INFO] [CHAT] [Блазар] S ┃ CyFrodo [#3] » да я не покупал гаражи смысл пока не видел
[23:17:53] [Client thread/INFO] [CHAT] [Блазар] LS ┃ papo4ka_v_dubae [#2] » неет бустики
[23:18:08] [Client thread/INFO] [CHAT] [Гравитатор] P+ ┃ MaLeHbKaR_Girl [#169] » =(
[23:18:26] [Client thread/INFO] [CHAT] [Туманник] HE ┃ NicknameTaken [#96] » да пофиг на них и так норм
[23:18:32] [Client thread/INFO] [CHAT] i Бустер конвейеров от V+ ┃ pon4ik_vkusni закончился!
[23:18:37] [Client thread/INFO] [CHAT] [Блазар] S ┃ CyFrodo [#3] » нет(
[23:18:40] [Client thread/INFO] [CHAT] [Гравитатор] P+ ┃ MaLeHbKaR_Girl [#169] » Так не интересно
[23:18:42] [Client thread/INFO] [CHAT] [Звездочет] D ┃ _pixty [#107] » онеет как так
[23:18:42] [Client thread/INFO] [CHAT] [Блазар] S ┃ CyFrodo [#3] » дропперы щас тоже уйдут ехх
[23:18:43] [Client thread/INFO] [CHAT] [Блазар] LS ┃ papo4ka_v_dubae [#2] » очень важный бустик
[23:18:46] [Client thread/INFO] [CHAT] [Астроном] V ┃ AmirYTlogin [#162] » gaz ese
[23:18:55] [Client thread/INFO] [CHAT] [Созвездие] V+ ┃ pon4ik_vkusni [#482] » ((
[23:18:58] [Client thread/INFO] [CHAT] [Блазар] S ┃ CyFrodo [#3] » как хорошо что бусты 30 минут а не 20 как раньше
[23:18:59] [Client thread/INFO] [CHAT] i Бустер дропперов от V+ ┃ pon4ik_vkusni закончился!
[23:19:07] [Client thread/INFO] [CHAT] [Гравитатор] P+ ┃ MaLeHbKaR_Girl [#149] » победа!
[23:19:19] [Client thread/INFO] [CHAT] [Галактор] HE ┃ Unick55 [#28] » f
[23:19:20] [Client thread/INFO] [CHAT] [Блазар] S ┃ CyFrodo [#3] » о не зря прокачал конв
[23:19:24] [Client thread/INFO] [CHAT] [Блазар] S ┃ CyFrodo [#3] » деньги полетели немного
[23:21:35] [Client thread/INFO] [CHAT] [Туманник] HE ┃ NicknameTaken [#80] » чет я как-то начал людей скипать..
[23:21:41] [Client thread/INFO] [CHAT] [Блазар] LS ┃ papo4ka_v_dubae [#1] » каких
[23:21:53] [Client thread/INFO] [CHAT] [Туманник] HE ┃ NicknameTaken [#80] » по топу буквально полчаса на 200был
[23:22:09] [Client thread/INFO] [CHAT] [Ветер] P ┃ _ЛюбитеКотиков_ [#9] » papo4ka_v_dubae у меня встал вопрос
[23:22:12] [Client thread/INFO] [CHAT] [Блазар] LS ┃ papo4ka_v_dubae [#1] » давай
[23:22:14] [Client thread/INFO] [CHAT] [Квазар] D ┃ Stas9n [#62] » Чем дальше, тем дольше, знаешь же
[23:22:21] [Client thread/INFO] [CHAT] [Ветер] P ┃ _ЛюбитеКотиков_ [#9] » как отключить моих соперников
[23:22:24] [Client thread/INFO] [CHAT] [Ветер] P ┃ _ЛюбитеКотиков_ [#9] » мне это не нравится
[23:22:29] [Client thread/INFO] [CHAT] [Блазар] LS ┃ papo4ka_v_dubae [#1] » В плане
[23:22:36] [Client thread/INFO] [CHAT] [Квазар] D ┃ Stas9n [#62] » людей?
[23:22:38] [Client thread/INFO] [CHAT] [Блазар] LS ┃ papo4ka_v_dubae [#1] » свет перегрызти чтоли
[23:22:40] [Client thread/INFO] [CHAT] [Блазар] S ┃ CyFrodo [#3] » грустно без бустеров щас будет ех
[23:22:43] [Client thread/INFO] [CHAT] [Созвездие] mamaAydera [#?] » f
[23:22:50] [Client thread/INFO] [CHAT] [Блазар] LS ┃ papo4ka_v_dubae [#1] » главное рб успею
[23:22:55] [Client thread/INFO] [CHAT] [Гравитатор] P+ ┃ MaLeHbKaR_Girl [#149] » ех, кто бы ещё включил
[23:22:59] [Client thread/INFO] [CHAT] [Ветер] P ┃ _ЛюбитеКотиков_ [#9] » ну в плане у меня вон халастяк и премка +
[23:23:05] [Client thread/INFO] [CHAT] [Ветер] P ┃ _ЛюбитеКотиков_ [#9] » они меня переганяют
[23:23:08] [Client thread/INFO] [CHAT] [Аномал] MVP+ ┃ XXXXXXLoonDanya [#12] » и я успею
[23:23:10] [Client thread/INFO] [CHAT] [Ветер] P ┃ _ЛюбитеКотиков_ [#9] » как мне их отключить
[23:23:20] [Client thread/INFO] [CHAT] [Блазар] LS ┃ papo4ka_v_dubae [#1] » время все покажет бро
[23:23:26] [Client thread/INFO] [CHAT] [Ветер] P ┃ _ЛюбитеКотиков_ [#9] » окей бро
[23:23:29] [Client thread/INFO] [CHAT] [Блазар] LS ┃ papo4ka_v_dubae [#1] » <3
[23:23:35] [Client thread/INFO] [CHAT] [Блазар] S ┃ CyFrodo [#3] » если буш копать весь вайп то их можно даже не отключать
[23:23:44] [Client thread/INFO] [CHAT] [Туманник] HE ┃ NicknameTaken [#80] » весь вайп копать это боль
[23:23:46] [Client thread/INFO] [CHAT] [Гравитатор] kymitik [#133] » дайте лайфхаков как качаться
[23:23:49] [Client thread/INFO] [CHAT] [Блазар] S ┃ CyFrodo [#3] » ну хотяб 2 месяца покопать по 8 ивентов в день
[23:23:54] [Client thread/INFO] [CHAT] [Блазар] LS ┃ papo4ka_v_dubae [#1] » призон ево на минималках
[23:24:09] [Client thread/INFO] [CHAT] [Гравитатор] P+ ┃ MaLeHbKaR_Girl [#149] » ага
[23:24:17] [Client thread/INFO] [CHAT] [Ветер] P ┃ _ЛюбитеКотиков_ [#9] » да я тут просто проиду тайкон
[23:24:20] [Client thread/INFO] [CHAT] [Ветер] P ┃ _ЛюбитеКотиков_ [#9] » и дальше за кф
[23:24:25] [Client thread/INFO] [CHAT] [Блазар] LS ┃ papo4ka_v_dubae [#1] » не
[23:24:28] [Client thread/INFO] [CHAT] [Ветер] P ┃ _ЛюбитеКотиков_ [#9] » поч
[23:24:35] [Client thread/INFO] [CHAT] [Блазар] LS ┃ papo4ka_v_dubae [#1] » Я сам думаю что до фулла не дойду
[23:24:44] [Client thread/INFO] [CHAT] [Блазар] S ┃ CyFrodo [#3] » а там страшно после 70рб?
[23:24:52] [Client thread/INFO] [CHAT] [Блазар] LS ┃ papo4ka_v_dubae [#1] » 1да
[23:24:55] [Client thread/INFO] [CHAT] [Блазар] S ┃ CyFrodo [#3] » :(
[23:25:03] [Client thread/INFO] [CHAT] [Ветер] P ┃ _ЛюбитеКотиков_ [#9] » сцп в соло
[23:25:06] [Client thread/INFO] [CHAT] [Блазар] LS ┃ papo4ka_v_dubae [#1] » ну типо
[23:25:08] [Client thread/INFO] [CHAT] [Ветер] P ┃ _ЛюбитеКотиков_ [#9] » я уверен
[23:25:08] [Client thread/INFO] [CHAT] [Портал] D ┃ XaJLacTJIK [#7] » мне на 25 страшно
[23:25:13] [Client thread/INFO] [CHAT] [Астроном] V ┃ AmirYTlogin [#165] » 2 раза 1 сектор зашел
[23:25:14] [Client thread/INFO] [CHAT] [Портал] D ┃ XaJLacTJIK [#7] » я больше 30 минут стою уже
[23:25:17] [Client thread/INFO] [CHAT] [Гравитатор] kymitik [#129] » посоветуйте лайфхаков как качаться вы же крутые вон топ 1 топ 7 топ 9
[23:25:19] [Client thread/INFO] [CHAT] [Астроном] V ┃ AmirYTlogin [#165] » балик х6 чисто
[23:25:23] [Client thread/INFO] [CHAT] [Блазар] LS ┃ papo4ka_v_dubae [#1] » до 70 бы дожить
[23:25:36] [Client thread/INFO] [CHAT] [Ветер] P ┃ _ЛюбитеКотиков_ [#9] » 25 легко главное х4 очисты апнуть
[23:25:44] [Client thread/INFO] [CHAT] [Ветер] P ┃ _ЛюбитеКотиков_ [#9] » там до 39 вроде изи будет
[23:25:44] [Client thread/INFO] [CHAT] [Блазар] S ┃ CyFrodo [#3] » бог
[23:25:46] [Client thread/INFO] [CHAT] [Блазар] LS ┃ papo4ka_v_dubae [#1] » а
[23:25:47] [Client thread/INFO] [CHAT] [Портал] D ┃ XaJLacTJIK [#7] » главное чтобы х3 ставка залетьела
[23:25:48] [Client thread/INFO] [CHAT] [Блазар] S ┃ CyFrodo [#3] » очист реально баффа не дает
[23:25:52] [Client thread/INFO] [CHAT] [Ветер] P ┃ _ЛюбитеКотиков_ [#9] » фу
[23:25:52] [Client thread/INFO] [CHAT] [Блазар] S ┃ CyFrodo [#3] » зря покупали
[23:25:54] [Client thread/INFO] [CHAT] [Блазар] LS ┃ papo4ka_v_dubae [#1] » Все спс
[23:25:56] [Client thread/INFO] [CHAT] [Ветер] P ┃ _ЛюбитеКотиков_ [#9] » казик
[23:25:59] [Client thread/INFO] [CHAT] [Блазар] S ┃ CyFrodo [#3] » я щас п осчитал дроп с ним и без него в минуту
[23:25:59] [Client thread/INFO] [CHAT] [Блазар] LS ┃ papo4ka_v_dubae [#1] » я пойду сейчас тенсу мозги бить
[23:26:07] [Client thread/INFO] [CHAT] [Портал] D ┃ XaJLacTJIK [#7] » 22,23,24 за час где-тто
[23:26:07] [Client thread/INFO] [CHAT] [Ветер] P ┃ _ЛюбитеКотиков_ [#9] » зач
[23:26:11] [Client thread/INFO] [CHAT] [Портал] D ┃ XaJLacTJIK [#7] » с казиком
[23:26:13] [Client thread/INFO] [CHAT] [Блазар] S ┃ CyFrodo [#3] » у меня скрниы есть, но тайма не видно там ладно
[23:26:18] [Client thread/INFO] [CHAT] [Ветер] P ┃ _ЛюбитеКотиков_ [#9] » мало как-то
[23:26:18] [Client thread/INFO] [CHAT] [Блазар] S ┃ CyFrodo [#3] » я просто таймер включал на телефоне
[23:26:19] [Client thread/INFO] [CHAT] [Блазар] LS ┃ papo4ka_v_dubae [#1] » а вот и боком вышли ваши костыли для сцп
[23:27:00] [Client thread/INFO] [CHAT] [Аномал] MVP+ ┃ XXXXXXLoonDanya [#12] » так лень на битву идти
[23:27:02] [Client thread/INFO] [CHAT] [Ветер] P ┃ _ЛюбитеКотиков_ [#9] » да у вас просто новая планета
[23:27:05] [Client thread/INFO] [CHAT] [Блазар] LS ┃ papo4ka_v_dubae [#1] » не иди друг
[23:27:05] [Client thread/INFO] [CHAT] [Ветер] P ┃ _ЛюбитеКотиков_ [#9] » а она 100% говно
[23:27:09] [Client thread/INFO] [CHAT] [Гравитатор] kymitik [#129] » когда битва
[23:27:11] [Client thread/INFO] [CHAT] [Блазар] S ┃ CyFrodo [#3] » там все планеты говно будут
[23:27:15] [Client thread/INFO] [CHAT] [Блазар] LS ┃ papo4ka_v_dubae [#1] » да..
[23:27:17] [Client thread/INFO] [CHAT] [Блазар] S ┃ CyFrodo [#3] » но ладно
[23:27:17] [Client thread/INFO] [CHAT] [Ветер] P ┃ _ЛюбитеКотиков_ [#9] » ээ слыш
[23:27:20] [Client thread/INFO] [CHAT] [Ветер] P ┃ _ЛюбитеКотиков_ [#9] » на сцп не гони
[23:27:21] [Client thread/INFO] [CHAT] [Блазар] S ┃ CyFrodo [#3] » это интереснее чем за день до 70 рб
[23:27:23] [Client thread/INFO] [CHAT] [Ветер] P ┃ _ЛюбитеКотиков_ [#9] » это имба
[23:27:31] [Client thread/INFO] [CHAT] [Ветер] P ┃ _ЛюбитеКотиков_ [#9] » бывшая
[23:28:07] [Client thread/INFO] [CHAT] [Туманник] D ┃ PotomPridumayu [#86] » а как на битву попадать?
[23:28:18] [Client thread/INFO] [CHAT] [Гравитатор] kymitik [#129] » когда битва
[23:28:47] [Client thread/INFO] [CHAT] [Ветер] P ┃ _ЛюбитеКотиков_ [#9] » ого
[23:28:50] [Client thread/INFO] [CHAT] [Блазар] LS ┃ papo4ka_v_dubae [#1] » s
[23:28:53] [Client thread/INFO] [CHAT] [Картограф] P ┃ zder3456 [#40] » а сколько можно купить слотов для пета за руду??
[23:29:00] [Client thread/INFO] [CHAT] [Ветер] P ┃ _ЛюбитеКотиков_ [#9] » 13 место 21 рб а 12 уже 23
[23:29:01] [Client thread/INFO] [CHAT] [Блазар] LS ┃ papo4ka_v_dubae [#1] » приятно что еще лска
[23:29:11] [Client thread/INFO] [CHAT] [Портал] D ┃ XaJLacTJIK [#7] » какие плюсы лски
[23:29:16] [Client thread/INFO] [CHAT] [Блазар] LS ┃ papo4ka_v_dubae [#1] » раб тенса
[23:29:21] [Client thread/INFO] [CHAT] [Портал] D ┃ XaJLacTJIK [#7] » имба
[23:29:21] [Client thread/INFO] [CHAT] [Ветер] P ┃ _ЛюбитеКотиков_ [#9] » обнову знают раньше
[23:29:32] [Client thread/INFO] [CHAT] [Блазар] S ┃ CyFrodo [#3] » зеленый цвет в чате у лсок
[23:29:36] [Client thread/INFO] [CHAT] [Блазар] S ┃ CyFrodo [#3] » сочту это за плюс
[23:29:41] [Client thread/ERROR] Error on handle event #BXBFw in Mod{name='SpaceTycoon', version='1.0.0+bc67650', persistent=false, delegate=a.a.d.a.a, modState=LOADED}
java.lang.IndexOutOfBoundsException: index: 180, length: 116 (expected: range(0, 208))
	at io.netty.buffer.AbstractByteBuf.checkRangeBounds(AbstractByteBuf.java:1390)
	at io.netty.buffer.AbstractByteBuf.checkIndex0(AbstractByteBuf.java:1397)
	at io.netty.buffer.AbstractUnpooledSlicedByteBuf.getBytes(AbstractUnpooledSlicedByteBuf.java:242)
	at io.netty.buffer.ReadOnlyByteBuf.getBytes(ReadOnlyByteBuf.java:270)
	at io.netty.buffer.ByteBufUtil.decodeString(ByteBufUtil.java:1151)
	at io.netty.buffer.AbstractByteBuf.toString(AbstractByteBuf.java:1246)
	at dev.xdark.feder.NetUtil.readString0(NetUtil.java:833)
	at dev.xdark.feder.NetUtil.readUtf8(NetUtil.java:188)
	at SpaceTycoon-v1.0.0+bc67650//a.a.a.m.a.f(SourceFile:176)
	at SpaceTycoon-v1.0.0+bc67650//a.a.d.a.e.h.b.d(SourceFile:60)
	at SpaceTycoon-v1.0.0+bc67650//a.a.d.a.e.h.b.injectedLambda$d$3(SourceFile)
	at SpaceTycoon-v1.0.0+bc67650//a.a.a.m.a.b(SourceFile:58)
	at SpaceTycoon-v1.0.0+bc67650//a.a.a.m.a.injectedLambda$b$0(SourceFile)
	at #RaGIl.saYo(SourceFile:83)
	at #hvoSL.bBM(Unknown Source)
	at #hvoSL.accept(Unknown Source)
	at #ykMcj.slwQ(SourceFile:105)
	at #BrtKi.laL(Unknown Source)
	at #BrtKi.accept(Unknown Source)
	at #SmDYl.shof(SourceFile:59)
	at #vxdAh.blq(SourceFile)
	at #DRZva.smvZ(SourceFile:89)
	at #WblDI.sciG(SourceFile:100)
	at #DDMvh.hcz(SourceFile)
	at #GXpIT.slFh(SourceFile:75)
	at #acUkE.drn(SourceFile:650)
	at #qKRzt.skLS(Unknown Source:2396)
	at #hyWbW.satX(SourceFile:1837)
	at #RofNI.dB(SourceFile:43)
	at #GLnhB.run(SourceFile:32)
	at #GILEo.saUt(Unknown Source:40)
	at #sJuki.sfWB(SourceFile:11)
	at java.base/java.util.concurrent.FutureTask.run(Unknown Source)
	at #bfAok.sjvn(SourceFile:45)
	at #ptzkp.gXZ(SourceFile:52)
	at #gZdVe.sbpI(SourceFile:1466)
	at #UDDPE.sdDd(Unknown Source:1632)
	at #GMfdJ.sask(SourceFile:487)
	at net.minecraft.client.main.GameMain.iwR(SourceFile:220)
	at net.minecraft.client.main.GameMain.jtH(SourceFile:156)
	at #ZpHYL.i(Unknown Source)
	at #ZpHYL.run(Unknown Source)
	at java.base/java.lang.Thread.run(Unknown Source)
[23:29:46] [Client thread/INFO] [CHAT] [Ветер] P ┃ _ЛюбитеКотиков_ [#9] » ого
[23:30:10] [Client thread/INFO] [CHAT] [Портал] D ┃ XaJLacTJIK [#7] » скажи тенсу чтобы сделал сортировку петов по характеристикам
[23:30:19] [Client thread/INFO] [CHAT] [Галактор] E ┃ ThxMe [#30] » он вроде хотел
[23:30:21] [Client thread/INFO] [CHAT] [Блазар] LS ┃ papo4ka_v_dubae [#1] » у модеров тоже зеленый
[23:30:25] [Client thread/INFO] [CHAT] [Галактор] E ┃ ThxMe [#30] » вчера что-то такое писал
[23:30:35] [Client thread/INFO] [CHAT] [Космонавт] V+ ┃ pon4ik_vkusni [#410] » зайки как в топ попасть?
[23:30:36] [Client thread/INFO] [CHAT] [Гравитатор] kymitik [#128] » эх бустики кончаються вот бы papo4ka_v_dubae закинул бустиков
[23:30:45] [Client thread/INFO] [CHAT] [Блазар] LS ┃ papo4ka_v_dubae [#1] » я бедный
[23:30:47] [Client thread/INFO] [CHAT] [Галактор] E ┃ ThxMe [#30] » ты итак в топе, на 410!
[23:30:48] [Client thread/INFO] [CHAT] [Ветер] P ┃ _ЛюбитеКотиков_ [#9] » лучше б добавил автоматическое копание руды
[23:31:05] [Client thread/INFO] [CHAT] [Космонавт] V+ ┃ pon4ik_vkusni [#410] » я хочу топ 1
[23:31:07] [Client thread/INFO] [CHAT] [Созвездие] P+ ┃ Alpha_D [#?] » Лучше бы рюкзак сделали больше в битве
[23:31:13] [Client thread/INFO] [CHAT] [Созвездие] P+ ┃ Alpha_D [#?] » и тогда автоматическое копание не нужно
[23:31:24] [Client thread/INFO] [CHAT] [Гравитатор] kymitik [#128] » а че шпион делает
[23:31:27] [Client thread/INFO] [CHAT] [Ветер] P ┃ _ЛюбитеКотиков_ [#9] » в падлу копать будет
[23:31:30] [Client thread/INFO] [CHAT] [Звездочет] heim_123 [#158] » остановливает производство
[23:31:32] [Client thread/INFO] [CHAT] [Ветер] P ┃ _ЛюбитеКотиков_ [#9] » мне и так уже в падлу
[23:31:34] [Client thread/INFO] [CHAT] [Созвездие] P+ ┃ Alpha_D [#?] » с х3-х4 рудами сидишь, а рюкзак забивается за секунду
[23:31:37] [Client thread/INFO] [CHAT] [Метеор] LS ┃ papo4ka_v_dubae [#1] » '[
[23:31:45] [Client thread/INFO] [CHAT] [Метеор] LS ┃ papo4ka_v_dubae [#1] » Я думал будет +1 к копке(
[23:32:13] [Client thread/ERROR] Error on handle event #BXBFw in Mod{name='SpaceTycoon', version='1.0.0+bc67650', persistent=false, delegate=a.a.d.a.a, modState=LOADED}
java.lang.IndexOutOfBoundsException: index: 70, length: 109 (expected: range(0, 138))
	at io.netty.buffer.AbstractByteBuf.checkRangeBounds(AbstractByteBuf.java:1390)
	at io.netty.buffer.AbstractByteBuf.checkIndex0(AbstractByteBuf.java:1397)
	at io.netty.buffer.AbstractUnpooledSlicedByteBuf.getBytes(AbstractUnpooledSlicedByteBuf.java:242)
	at io.netty.buffer.ReadOnlyByteBuf.getBytes(ReadOnlyByteBuf.java:270)
	at io.netty.buffer.ByteBufUtil.decodeString(ByteBufUtil.java:1151)
	at io.netty.buffer.AbstractByteBuf.toString(AbstractByteBuf.java:1246)
	at dev.xdark.feder.NetUtil.readString0(NetUtil.java:833)
	at dev.xdark.feder.NetUtil.readUtf8(NetUtil.java:188)
	at SpaceTycoon-v1.0.0+bc67650//a.a.a.m.a.f(SourceFile:176)
	at SpaceTycoon-v1.0.0+bc67650//a.a.d.a.e.h.b.d(SourceFile:60)
	at SpaceTycoon-v1.0.0+bc67650//a.a.d.a.e.h.b.injectedLambda$d$3(SourceFile)
	at SpaceTycoon-v1.0.0+bc67650//a.a.a.m.a.b(SourceFile:58)
	at SpaceTycoon-v1.0.0+bc67650//a.a.a.m.a.injectedLambda$b$0(SourceFile)
	at #RaGIl.saYo(SourceFile:83)
	at #hvoSL.bBM(Unknown Source)
	at #hvoSL.accept(Unknown Source)
	at #ykMcj.slwQ(SourceFile:105)
	at #BrtKi.laL(Unknown Source)
	at #BrtKi.accept(Unknown Source)
	at #SmDYl.shof(SourceFile:59)
	at #vxdAh.blq(SourceFile)
	at #DRZva.smvZ(SourceFile:89)
	at #WblDI.sciG(SourceFile:100)
	at #DDMvh.hcz(SourceFile)
	at #GXpIT.slFh(SourceFile:75)
	at #acUkE.drn(SourceFile:650)
	at #qKRzt.skLS(Unknown Source:2396)
	at #hyWbW.satX(SourceFile:1837)
	at #RofNI.dB(SourceFile:43)
	at #GLnhB.run(SourceFile:32)
	at #GILEo.saUt(Unknown Source:40)
	at #sJuki.sfWB(SourceFile:11)
	at java.base/java.util.concurrent.FutureTask.run(Unknown Source)
	at #bfAok.sjvn(SourceFile:45)
	at #ptzkp.gXZ(SourceFile:52)
	at #gZdVe.sbpI(SourceFile:1466)
	at #UDDPE.sdDd(Unknown Source:1632)
	at #GMfdJ.sask(SourceFile:487)
	at net.minecraft.client.main.GameMain.iwR(SourceFile:220)
	at net.minecraft.client.main.GameMain.jtH(SourceFile:156)
	at #ZpHYL.i(Unknown Source)
	at #ZpHYL.run(Unknown Source)
	at java.base/java.lang.Thread.run(Unknown Source)
[23:32:40] [Client thread/INFO] [CHAT] [Звездочет] heim_123 [#158] » что лучше улучшать я все время прокачивался в петов или лучше в другое?
[23:32:47] [Client thread/INFO] [CHAT] [Ветер] MVP+ ┃ XXXXXXLoonDanya [#12] » петов макси
[23:32:50] [Client thread/INFO] [CHAT] [Сверхновая] HE ┃ Azazelskiy [#51] » а что за топ справа?
[23:32:51] [Client thread/INFO] [CHAT] [Звездочет] heim_123 [#158] » я про прокачку с помощью очков перерождения
[23:32:52] [Client thread/INFO] [CHAT] [Ветер] MVP+ ┃ XXXXXXLoonDanya [#12] » потом руды
[23:32:59] [Client thread/INFO] [CHAT] [Звездочет] heim_123 [#158] » окей спасибо
[23:33:03] [Client thread/INFO] [CHAT] [Сверхновая] HE ┃ Azazelskiy [#51] » а что за топ справа? потому-что тут не топ по перерождениям
[23:33:06] [Client thread/ERROR] Error on handle event #BXBFw in Mod{name='SpaceTycoon', version='1.0.0+bc67650', persistent=false, delegate=a.a.d.a.a, modState=LOADED}
java.lang.IndexOutOfBoundsException: index: 68, length: 1 (expected: range(0, 68))
	at io.netty.buffer.AbstractByteBuf.checkRangeBounds(AbstractByteBuf.java:1390)
	at io.netty.buffer.AbstractByteBuf.checkIndex0(AbstractByteBuf.java:1397)
	at io.netty.buffer.AbstractUnpooledSlicedByteBuf.getBytes(AbstractUnpooledSlicedByteBuf.java:242)
	at io.netty.buffer.ReadOnlyByteBuf.getBytes(ReadOnlyByteBuf.java:270)
	at io.netty.buffer.ByteBufUtil.decodeString(ByteBufUtil.java:1151)
	at io.netty.buffer.AbstractByteBuf.toString(AbstractByteBuf.java:1246)
	at dev.xdark.feder.NetUtil.readString0(NetUtil.java:833)
	at dev.xdark.feder.NetUtil.readUtf8(NetUtil.java:188)
	at SpaceTycoon-v1.0.0+bc67650//a.a.a.m.a.f(SourceFile:176)
	at SpaceTycoon-v1.0.0+bc67650//a.a.d.a.e.h.b.d(SourceFile:60)
	at SpaceTycoon-v1.0.0+bc67650//a.a.d.a.e.h.b.injectedLambda$d$3(SourceFile)
	at SpaceTycoon-v1.0.0+bc67650//a.a.a.m.a.b(SourceFile:58)
	at SpaceTycoon-v1.0.0+bc67650//a.a.a.m.a.injectedLambda$b$0(SourceFile)
	at #RaGIl.saYo(SourceFile:83)
	at #hvoSL.bBM(Unknown Source)
	at #hvoSL.accept(Unknown Source)
	at #ykMcj.slwQ(SourceFile:105)
	at #BrtKi.laL(Unknown Source)
	at #BrtKi.accept(Unknown Source)
	at #SmDYl.shof(SourceFile:59)
	at #vxdAh.blq(SourceFile)
	at #DRZva.smvZ(SourceFile:89)
	at #WblDI.sciG(SourceFile:100)
	at #DDMvh.hcz(SourceFile)
	at #GXpIT.slFh(SourceFile:75)
	at #acUkE.drn(SourceFile:650)
	at #qKRzt.skLS(Unknown Source:2396)
	at #hyWbW.satX(SourceFile:1837)
	at #RofNI.dB(SourceFile:43)
	at #GLnhB.run(SourceFile:32)
	at #GILEo.saUt(Unknown Source:40)
	at #sJuki.sfWB(SourceFile:11)
	at java.base/java.util.concurrent.FutureTask.run(Unknown Source)
	at #bfAok.sjvn(SourceFile:45)
	at #ptzkp.gXZ(SourceFile:52)
	at #gZdVe.sbpI(SourceFile:1466)
	at #UDDPE.sdDd(Unknown Source:1632)
	at #GMfdJ.sask(SourceFile:487)
	at net.minecraft.client.main.GameMain.iwR(SourceFile:220)
	at net.minecraft.client.main.GameMain.jtH(SourceFile:156)
	at #ZpHYL.i(Unknown Source)
	at #ZpHYL.run(Unknown Source)
	at java.base/java.lang.Thread.run(Unknown Source)
[23:33:07] [Client thread/INFO] [STDOUT]: a.a.d.a.c.a.f.a.i@3ea036c7
[23:33:18] [Client thread/INFO] [CHAT] [Ветер] MVP+ ┃ XXXXXXLoonDanya [#12] » какой топ справа
[23:33:19] [Client thread/INFO] [CHAT] [Сверхновая] HE ┃ Azazelskiy [#51] » первое место flowee какой-то
[23:33:27] [Client thread/INFO] [CHAT] [Ветер] MVP+ ┃ XXXXXXLoonDanya [#12] » а, по донату
[23:33:27] [Client thread/INFO] [CHAT] [Сверхновая] HE ┃ Azazelskiy [#51] » ну на планету тепаешь и справа топ какой-то
[23:33:36] [Client thread/INFO] [CHAT] [Астроном] V ┃ AmirYTlogin [#161] » .РГИ
[23:33:38] [Client thread/INFO] [CHAT] [Сверхновая] HE ┃ Azazelskiy [#51] » а че я делаю на 4 месте
[23:33:44] [Client thread/INFO] [CHAT] [Ветер] MVP+ ┃ XXXXXXLoonDanya [#12] » ну т4 донатер значит
[23:33:49] [Client thread/INFO] [CHAT] [Сверхновая] HE ┃ Azazelskiy [#51] » мде
[23:33:58] [Client thread/INFO] [CHAT] [Сверхновая] HE ┃ Azazelskiy [#51] » тут пончик бустов больше закинул
[23:34:03] [Client thread/INFO] [CHAT] [Андромеда] E ┃ ThxMe [#30] » фу донатер
[23:34:08] [Client thread/INFO] [CHAT] [Гравитатор] kymitik [#128] » пончик легенда
[23:34:08] [Client thread/INFO] [CHAT] [Сверхновая] HE ┃ Azazelskiy [#51] » а он на 9
[23:34:09] [Client thread/INFO] [CHAT] [Гравитатор] P ┃ Tveiv [#155] » фу донатер
[23:34:10] [Client thread/INFO] [CHAT] [Созвездие] P+ ┃ Alpha_D [#?] » во сколько там битва напомните
[23:34:12] [Client thread/ERROR] Error on handle event #BXBFw in Mod{name='SpaceTycoon', version='1.0.0+bc67650', persistent=false, delegate=a.a.d.a.a, modState=LOADED}
java.lang.IndexOutOfBoundsException: index: 70, length: 109 (expected: range(0, 138))
	at io.netty.buffer.AbstractByteBuf.checkRangeBounds(AbstractByteBuf.java:1390)
	at io.netty.buffer.AbstractByteBuf.checkIndex0(AbstractByteBuf.java:1397)
	at io.netty.buffer.AbstractUnpooledSlicedByteBuf.getBytes(AbstractUnpooledSlicedByteBuf.java:242)
	at io.netty.buffer.ReadOnlyByteBuf.getBytes(ReadOnlyByteBuf.java:270)
	at io.netty.buffer.ByteBufUtil.decodeString(ByteBufUtil.java:1151)
	at io.netty.buffer.AbstractByteBuf.toString(AbstractByteBuf.java:1246)
	at dev.xdark.feder.NetUtil.readString0(NetUtil.java:833)
	at dev.xdark.feder.NetUtil.readUtf8(NetUtil.java:188)
	at SpaceTycoon-v1.0.0+bc67650//a.a.a.m.a.f(SourceFile:176)
	at SpaceTycoon-v1.0.0+bc67650//a.a.d.a.e.h.b.d(SourceFile:60)
	at SpaceTycoon-v1.0.0+bc67650//a.a.d.a.e.h.b.injectedLambda$d$3(SourceFile)
	at SpaceTycoon-v1.0.0+bc67650//a.a.a.m.a.b(SourceFile:58)
	at SpaceTycoon-v1.0.0+bc67650//a.a.a.m.a.injectedLambda$b$0(SourceFile)
	at #RaGIl.saYo(SourceFile:83)
	at #hvoSL.bBM(Unknown Source)
	at #hvoSL.accept(Unknown Source)
	at #ykMcj.slwQ(SourceFile:105)
	at #BrtKi.laL(Unknown Source)
	at #BrtKi.accept(Unknown Source)
	at #SmDYl.shof(SourceFile:59)
	at #vxdAh.blq(SourceFile)
	at #DRZva.smvZ(SourceFile:89)
	at #WblDI.sciG(SourceFile:100)
	at #DDMvh.hcz(SourceFile)
	at #GXpIT.slFh(SourceFile:75)
	at #acUkE.drn(SourceFile:650)
	at #qKRzt.skLS(Unknown Source:2396)
	at #hyWbW.satX(SourceFile:1837)
	at #RofNI.dB(SourceFile:43)
	at #GLnhB.run(SourceFile:32)
	at #GILEo.saUt(Unknown Source:40)
	at #sJuki.sfWB(SourceFile:11)
	at java.base/java.util.concurrent.FutureTask.run(Unknown Source)
	at #bfAok.sjvn(SourceFile:45)
	at #ptzkp.gXZ(SourceFile:52)
	at #gZdVe.sbpI(SourceFile:1466)
	at #UDDPE.sdDd(Unknown Source:1632)
	at #GMfdJ.sask(SourceFile:487)
	at net.minecraft.client.main.GameMain.iwR(SourceFile:220)
	at net.minecraft.client.main.GameMain.jtH(SourceFile:156)
	at #ZpHYL.i(Unknown Source)
	at #ZpHYL.run(Unknown Source)
	at java.base/java.lang.Thread.run(Unknown Source)
[23:34:16] [Client thread/INFO] [CHAT] [Туманник] D ┃ PotomPridumayu [#86] » нет
[23:34:16] [Client thread/INFO] [CHAT] [Ветер] MVP+ ┃ XXXXXXLoonDanya [#12] » в 00
[23:34:18] [Client thread/INFO] [CHAT] [Ветер] P ┃ _ЛюбитеКотиков_ [#9] » 26 мин
[23:34:19] [Client thread/INFO] [CHAT] [Созвездие] P+ ┃ Alpha_D [#?] » спасибо
[23:34:23] [Client thread/INFO] [CHAT] [Созвездие] P+ ┃ Alpha_D [#?] » Серёга иди на сл!
[23:34:28] [Client thread/INFO] [CHAT] [Туманник] D ┃ PotomPridumayu [#86] » отказано
[23:34:32] [Client thread/INFO] [CHAT] [Созвездие] P+ ┃ Alpha_D [#?] » :(
[23:34:35] [Client thread/INFO] [CHAT] [Созвездие] P+ ┃ Alpha_D [#?] » ты шо вообще тут забыл xD
[23:34:40] [Client thread/INFO] [CHAT] [Туманник] D ┃ PotomPridumayu [#86] » скучно
[23:35:04] [Client thread/INFO] [CHAT] [Гравитатор] kymitik [#128] » прощайте топовые бусты
[23:35:12] [Client thread/INFO] [CHAT] [Гравитатор] P+ ┃ MaLeHbKaR_Girl [#141] » пака
[23:35:16] [Client thread/INFO] [CHAT] [Квазар] D ┃ Stas9n [#61] » T_T
[23:35:19] [Client thread/INFO] [CHAT] [Ветер] P ┃ _ЛюбитеКотиков_ [#9] » пока оховские бусты
[23:35:23] [Client thread/INFO] [CHAT] i Бустер монет от MVP+ ┃ Rick123sanchez закончился!
[23:35:42] [Client thread/INFO] [CHAT] [Гравитатор] kymitik [#128] » чет денег мало стало сыпать
[23:35:48] [Client thread/INFO] [CHAT] i Бустер очистителей от V+ ┃ pon4ik_vkusni закончился!
[23:36:23] [Client thread/INFO] [CHAT] [Астроном] V ┃ AmirYTlogin [#161] » Почему я на пульсар перейти не могу?
[23:36:27] [Client thread/INFO] [CHAT] [Космонавт] V+ ┃ pon4ik_vkusni [#392] » так
[23:36:44] [Client thread/INFO] [CHAT] [Космонавт] V+ ┃ pon4ik_vkusni [#392] » спидран
[23:36:46] [Client thread/INFO] [CHAT] [Квазар] D ┃ Stas9n [#60] » Может рб не хватает?
[23:36:49] [Client thread/INFO] [CHAT] [Гравитатор] kymitik [#128] » papo4ka_v_dubae ты конечно не звезды,но смотреть на тебя один кайф
[23:37:07] [Client thread/INFO] [CHAT] [Созвездие] P+ ┃ Alpha_D [#?] » Богу комплименты делают :D
[23:37:10] [Client thread/INFO] [CHAT] [Гравитатор] kymitik [#128] » за это закинь буст денег
[23:37:32] [Client thread/INFO] [CHAT] [Гравитатор] kymitik [#128] » а кому еще делать
[23:37:37] [Client thread/INFO] [CHAT] [Квазар] D ┃ Stas9n [#60] » да блин, одни 5 статные леги падают
[23:37:42] [Client thread/INFO] [CHAT] [Метеор] LS ┃ papo4ka_v_dubae [#2] » да у меня нету денег
[23:37:52] [Client thread/INFO] [CHAT] [Ветер] P ┃ _ЛюбитеКотиков_ [#9] » papo4ka_v_dubae ты конечно не бустер, но ты можешь это исправить. <3
[23:37:52] [Client thread/INFO] [CHAT] [Сверхновая] HE ┃ Azazelskiy [#49] » )
[23:38:37] [Client thread/INFO] [CHAT] [Гравитатор] kymitik [#128] » pon4ik_vkusni ты как прям как магнит,притягиваешь меня из далека
[23:39:10] [Client thread/INFO] [CHAT] KirillMK0110 [#?] » а как зделать перероздение?
[23:39:14] [Client thread/INFO] [CHAT] [Гравитатор] kymitik [#128] » pon4ik_vkusni ты конечно не батарея отопления ,но даже на расстоянии греешь меня, лучше чем она
[23:39:15] [Client thread/INFO] [CHAT] [Звездочет] heim_123 [#114] » R
[23:39:18] [Client thread/INFO] [CHAT] [Созвездие] vazachevaza [#?] » R
[23:39:20] [Client thread/INFO] [CHAT] [Звездочет] heim_123 [#114] » кнопка R
[23:39:45] [Client thread/INFO] [CHAT] [Звездочет] heim_123 [#114] » а зачем компаньон ?
[23:39:51] [Client thread/INFO] [CHAT] [Звездочет] heim_123 [#114] » именно начальный
[23:39:51] [Client thread/INFO] [CHAT] [Метеор] LS ┃ papo4ka_v_dubae [#2] » чтобы ты не был одинок
[23:40:02] [Client thread/INFO] [CHAT] [Космонавт] V+ ┃ pon4ik_vkusni [#392] » как ник цветным сделать
[23:40:17] [Client thread/INFO] [CHAT] [Гравитатор] kymitik [#128] »  _ЛюбитеКотиков_ ты как нокаутирующий удар одно твое сообщение и я сразу чуствую себя потрясенным
[23:40:22] [Client thread/INFO] [CHAT] [Метеор] LS ┃ papo4ka_v_dubae [#2] » от группы мвп можно в личном кабинете изменить цвет ника
[23:40:42] [Client thread/INFO] [CHAT] [Ветер] P ┃ _ЛюбитеКотиков_ [#9] » papo4ka_v_dubae ты конечно не бустер денег, но ты все равно притягиваешь к себе деньги
[23:40:47] [Client thread/INFO] [CHAT] [Космонавт] V+ ┃ pon4ik_vkusni [#392] » бля я первый день тут не понимаю
[23:40:48] [Client thread/INFO] [CHAT] [Гравитатор] P ┃ Tveiv [#148] »  ты как книга только без к
[23:40:50] [Client thread/INFO] [CHAT] [Ветер] P ┃ _ЛюбитеКотиков_ [#9] » так что
[23:40:54] [Client thread/INFO] [CHAT] [Ветер] P ┃ _ЛюбитеКотиков_ [#9] » давай включай бустер
[23:41:05] [Client thread/INFO] [CHAT] [Гравитатор] kymitik [#128] » во во давай бустиков
[23:41:07] [Client thread/INFO] [CHAT] [Метеор] LS ┃ papo4ka_v_dubae [#2] » ты ветер
[23:41:10] [Client thread/INFO] [CHAT] [Созвездие] V ┃ Fineno [#?] » .
[23:41:11] [Client thread/INFO] [CHAT] [Ветер] P ┃ _ЛюбитеКотиков_ [#9] » и что
[23:41:15] [Client thread/INFO] Unloading mod Nebula/bf16d3e3-35f1-0046-f70a-e5ca326d6714
[23:41:15] [Client thread/INFO] Unloading mod SpaceTycoon/d736112a-a0ef-82c1-8ba6-4c5e61c97340
[23:41:15] [Client thread/INFO] Reloading ResourceManager: assets-addon.jar, Default
[23:41:15] [Client thread/WARN] Missing sound for event: minecraft:entity.turtle.ambient
[23:41:15] [Client thread/WARN] Missing sound for event: minecraft:entity.turtle.baby_hurt
[23:41:15] [Client thread/WARN] Missing sound for event: minecraft:entity.turtle.hurt
[23:41:15] [Client thread/WARN] Missing sound for event: minecraft:entity.turtle.baby_death
[23:41:15] [Client thread/WARN] Missing sound for event: minecraft:entity.turtle.death
[23:41:15] [Client thread/WARN] Missing sound for event: minecraft:entity.turtle.baby_step
[23:41:15] [Client thread/WARN] Missing sound for event: minecraft:entity.turtle.step
[23:41:15] [Client thread/WARN] Missing sound for event: minecraft:entity.turtle.swim
[23:41:15] [Client thread/WARN] Missing sound for event: minecraft:block.turtle_egg.crack
[23:41:15] [Client thread/WARN] Missing sound for event: minecraft:block.turtle_egg.egg_break
[23:41:15] [Client thread/WARN] Missing sound for event: minecraft:block.turtle_egg.fall
[23:41:15] [Client thread/WARN] Missing sound for event: minecraft:block.turtle_egg.hatch
[23:41:15] [Client thread/INFO] SoundSystem shutting down...
[23:41:15] [Client thread/WARN] Author: Paul Lamb, www.paulscode.com
[23:41:15] [Client thread/INFO] Starting up SoundSystem...
[23:41:15] [Thread-66/INFO] Initializing LWJGL OpenAL
[23:41:15] [Thread-66/INFO] (The LWJGL binding of OpenAL.  For more information, see http://www.lwjgl.org)
[23:41:15] [Thread-66/INFO] OpenAL audio device: OpenAL Soft on Динамики (MCHOSE V9 PRO)
[23:41:15] [Thread-66/INFO] OpenAL initialized.
[23:41:15] [Client thread/INFO] Sound engine reloaded
[23:41:15] [ForkJoinPool.commonPool-worker-2/WARN] Unable to load variant: axis=x from minecraft:lodestone#axis=x
[23:41:15] [ForkJoinPool.commonPool-worker-2/WARN] Unable to load variant: axis=y from minecraft:lodestone#axis=y
[23:41:15] [ForkJoinPool.commonPool-worker-2/WARN] Unable to load variant: axis=z from minecraft:lodestone#axis=z
[23:41:15] [ForkJoinPool.commonPool-worker-2/ERROR] Unable to load item model: 'minecraft:mcpatcher/cit/others/megumin_hat#inventory' for item: 'minecraft:mcpatcher/cit/others/megumin_hat'
[23:41:15] [ForkJoinPool.commonPool-worker-2/WARN] Unable to resolve texture due to upward reference: #cross in minecraft:models/block/chain.json
[23:41:15] [ForkJoinPool.commonPool-worker-2/WARN] Unable to resolve texture due to upward reference: #cross in minecraft:models/block/chain.json
[23:41:15] [ForkJoinPool.commonPool-worker-2/INFO] [OptiFine] Mipmap levels: 4
[23:41:15] [ForkJoinPool.commonPool-worker-2/INFO] [OptiFine] Multi-texturing: false
[23:41:15] [ForkJoinPool.commonPool-worker-2/INFO] [OptiFine] Multipass connected textures: false
[23:41:15] [ForkJoinPool.commonPool-worker-2/INFO] [OptiFine] BetterGrass: Parsing default configuration optifine/bettergrass.properties
[23:41:15] [ForkJoinPool.commonPool-worker-2/FATAL] [OptiFine] Scaled too small texture: minecraft:particles/glow_2, 8 -> 16
[23:41:15] [ForkJoinPool.commonPool-worker-2/FATAL] [OptiFine] Scaled too small texture: minecraft:particles/glow_1, 8 -> 16
[23:41:15] [ForkJoinPool.commonPool-worker-2/FATAL] [OptiFine] Scaled too small texture: minecraft:particles/glow_0, 8 -> 16
[23:41:15] [ForkJoinPool.commonPool-worker-2/FATAL] [OptiFine] Scaled too small texture: minecraft:particles/glow_6, 8 -> 16
[23:41:15] [ForkJoinPool.commonPool-worker-2/FATAL] [OptiFine] Scaled too small texture: minecraft:particles/glow_5, 8 -> 16
[23:41:15] [ForkJoinPool.commonPool-worker-2/FATAL] [OptiFine] Scaled too small texture: minecraft:particles/glow_4, 8 -> 16
[23:41:15] [ForkJoinPool.commonPool-worker-2/FATAL] [OptiFine] Scaled too small texture: minecraft:particles/glow_3, 8 -> 16
[23:41:15] [ForkJoinPool.commonPool-worker-2/FATAL] [OptiFine] Scaled too small texture: minecraft:particles/glow_9, 8 -> 16
[23:41:15] [ForkJoinPool.commonPool-worker-2/FATAL] [OptiFine] Scaled too small texture: minecraft:particles/glow_8, 8 -> 16
[23:41:15] [ForkJoinPool.commonPool-worker-2/FATAL] [OptiFine] Scaled too small texture: minecraft:particles/glow_7, 8 -> 16
[23:41:15] [ForkJoinPool.commonPool-worker-2/FATAL] [OptiFine] Scaled too small texture: minecraft:particles/glow_11, 8 -> 16
[23:41:15] [ForkJoinPool.commonPool-worker-2/FATAL] [OptiFine] Scaled too small texture: minecraft:particles/glow_10, 8 -> 16
[23:41:15] [ForkJoinPool.commonPool-worker-2/FATAL] [OptiFine] Scaled too small texture: minecraft:particles/glow_13, 8 -> 16
[23:41:15] [ForkJoinPool.commonPool-worker-2/FATAL] [OptiFine] Scaled too small texture: minecraft:particles/glow_12, 8 -> 16
[23:41:15] [ForkJoinPool.commonPool-worker-2/FATAL] [OptiFine] Scaled too small texture: minecraft:particles/glow_15, 8 -> 16
[23:41:15] [ForkJoinPool.commonPool-worker-2/FATAL] [OptiFine] Scaled too small texture: minecraft:particles/glow_14, 8 -> 16
[23:41:15] [Client thread/INFO] Stopping!
[23:41:15] [Client thread/INFO] Unloading mod Wada/3933d716-25a1-448b-73fd-66432112566d
[23:41:15] [Client thread/INFO] Unloading mod Socials/86854ca0-982d-0c8e-e0bc-db6a44bf0229
[23:41:15] [Client thread/INFO] Unloading mod Gama/6ebe9958-fea0-0617-3ed7-52fa7652b971
[23:41:15] [ForkJoinPool.commonPool-worker-2/INFO] load sprites for 24ms
