[18:20:29] [ForkJoinPool.commonPool-worker-1/INFO] IntegerCache population took 66ms
[18:20:30] [Client thread/INFO] Setting user: Tveiv
[18:20:30] [Client thread/INFO] Client Commit: b90cab564
[18:20:30] [Client thread/INFO] LWJGL Version: 3.4.2-snapshot
[18:20:31] [ForkJoinPool.commonPool-worker-3/INFO] Bootstrapping took 1663ms
[18:20:31] [Client thread/INFO] [STDOUT]: [LWJGL] Setting up window
[18:20:31] [Client thread/INFO] [STDOUT]: [LWJGL] Creating window
[18:20:31] [Client thread/INFO] [STDOUT]: [LWJGL] Done creating window
[18:20:31] [Client thread/INFO] Number of textures in a framebuffer: 2
[18:20:32] [Client thread/WARN] Skipping bad option: lastServer:
[18:20:32] [Client thread/INFO] Model view matrix stack size: 64
[18:20:32] [Client thread/INFO] Projection matrix stack size: 8
[18:20:32] [Client thread/INFO] Texture matrix stack size: 20
[18:20:32] [Client thread/INFO] [OptiFine] OS: Windows 10 (amd64) version 10.0
[18:20:32] [Client thread/INFO] [OptiFine] VM: OpenJDK 64-Bit Server VM (mixed mode), Oracle Corporation / 1.8.0_442-b06
[18:20:33] [Client thread/INFO] Reloading ResourceManager: assets-addon.jar, Default
[18:20:34] [Client thread/WARN] Unknown language en_us
[18:20:34] [Client thread/WARN] Unknown language ru_ru
[18:20:34] [Client thread/INFO] Current language: ru_ru
[18:20:35] [Client thread/INFO] Refreshing resources for the first time
[18:20:35] [Client thread/INFO] Starting up SoundSystem...
[18:20:35] [Thread-18/INFO] Initializing LWJGL OpenAL
[18:20:35] [Thread-18/INFO] (The LWJGL binding of OpenAL.  For more information, see http://www.lwjgl.org)
[18:20:35] [Thread-18/INFO] OpenAL audio device: OpenAL Soft on Динамики (MCHOSE V9 PRO)
[18:20:35] [Thread-18/INFO] OpenAL initialized.
[18:20:35] [Client thread/INFO] Sound engine started
[18:20:35] [Client thread/INFO] SoundSystem loading took 77ms
[18:20:35] [Client thread/INFO] Items registration took 7ms
[18:20:35] [Client thread/INFO] Total 29242 blocks.
[18:20:35] [Client thread/INFO] Custom blocks registration took 284ms
[18:20:35] [Client thread/INFO] Search tree population took 170ms
[18:20:35] [Client thread/INFO] Using standard Java compressor.
[18:20:35] [Client thread/INFO] Using standard Java cipher.
[18:20:35] [Client thread/INFO] [Shaders] Load shaders configuration.
[18:20:35] [Client thread/INFO] [Shaders] Save shaders configuration.
[18:20:35] [Client thread/INFO] [Shaders] No shaderpack loaded.
[18:20:35] [Client thread/INFO] Reloading ResourceManager: assets-addon.jar, Default
[18:20:35] [Client thread/WARN] Missing sound for event: minecraft:entity.turtle.ambient
[18:20:35] [Client thread/WARN] Missing sound for event: minecraft:entity.turtle.baby_hurt
[18:20:35] [Client thread/WARN] Missing sound for event: minecraft:entity.turtle.hurt
[18:20:35] [Client thread/WARN] Missing sound for event: minecraft:entity.turtle.baby_death
[18:20:35] [Client thread/WARN] Missing sound for event: minecraft:entity.turtle.death
[18:20:35] [Client thread/WARN] Missing sound for event: minecraft:entity.turtle.baby_step
[18:20:35] [Client thread/WARN] Missing sound for event: minecraft:entity.turtle.step
[18:20:35] [Client thread/WARN] Missing sound for event: minecraft:entity.turtle.swim
[18:20:35] [Client thread/WARN] Missing sound for event: minecraft:block.turtle_egg.crack
[18:20:35] [Client thread/WARN] Missing sound for event: minecraft:block.turtle_egg.egg_break
[18:20:35] [Client thread/WARN] Missing sound for event: minecraft:block.turtle_egg.fall
[18:20:35] [Client thread/WARN] Missing sound for event: minecraft:block.turtle_egg.hatch
[18:20:35] [Client thread/INFO] SoundSystem shutting down...
[18:20:35] [Client thread/WARN] Author: Paul Lamb, www.paulscode.com
[18:20:35] [Client thread/INFO] Starting up SoundSystem...
[18:20:35] [Thread-20/INFO] Initializing LWJGL OpenAL
[18:20:35] [Thread-20/INFO] (The LWJGL binding of OpenAL.  For more information, see http://www.lwjgl.org)
[18:20:35] [Thread-20/INFO] OpenAL audio device: OpenAL Soft on Динамики (MCHOSE V9 PRO)
[18:20:35] [Thread-20/INFO] OpenAL initialized.
[18:20:35] [Client thread/INFO] Sound engine reloaded
[18:20:36] [Client thread/INFO] Starting Watchdog monitor, timeout is: 90000ms/90s
[18:20:36] [Client thread/INFO] Watchdog init took 2ms
[18:20:36] [Client thread/INFO] Start loading of mod Wada
[18:20:36] [Client thread/INFO] Loading classes of Wada
[18:20:36] [Client thread/INFO] Start loading of mod Socials
[18:20:36] [Client thread/INFO] Loading classes of Socials
[18:20:36] [Client thread/INFO] Start loading of mod Gama
[18:20:36] [Client thread/INFO] Loading classes of Gama
[18:20:36] [ForkJoinPool.commonPool-worker-6/INFO] Gama-v1.5.2+5cb5bab: class verification completed in 118ms
[18:20:36] [ForkJoinPool.commonPool-worker-6/INFO] Gama-v1.5.2+5cb5bab: defineClasses completed in 2ms
[18:20:36] [ForkJoinPool.commonPool-worker-6/INFO] Loaded classes in mod Gama in 125 ms
[18:20:36] [ForkJoinPool.commonPool-worker-1/INFO] Socials-v2.2.2+04923ea: class verification completed in 161ms
[18:20:36] [Client thread/INFO] Has Unsafe: true
[18:20:36] [Client thread/INFO] Direct buffers preferred: false
[18:20:36] [Client thread/INFO] Byte order: LITTLE_ENDIAN
[18:20:36] [Client thread/INFO] Timer resolution: 1000000000
[18:20:36] [ForkJoinPool.commonPool-worker-1/INFO] Socials-v2.2.2+04923ea: defineClasses completed in 1ms
[18:20:36] [ForkJoinPool.commonPool-worker-1/INFO] Loaded classes in mod Socials in 165 ms
[18:20:36] [Client thread/INFO] Loading mod Gama v1.5.2+5cb5bab by Cristalix Team
[18:20:36] [ForkJoinPool.commonPool-worker-3/INFO] Wada-v4.12.2+151850d3: class verification completed in 268ms
[18:20:36] [ForkJoinPool.commonPool-worker-3/INFO] Wada-v4.12.2+151850d3: defineClasses completed in 2ms
[18:20:36] [ForkJoinPool.commonPool-worker-3/INFO] Loaded classes in mod Wada in 273 ms
[18:20:36] [Client thread/INFO] [STDOUT]: [Enginex v5.16.1 - Gama] VAO support: true
[18:20:36] [ForkJoinPool.commonPool-worker-5/WARN] Unable to load variant: axis=x from minecraft:lodestone#axis=x
[18:20:36] [ForkJoinPool.commonPool-worker-5/WARN] Unable to load variant: axis=y from minecraft:lodestone#axis=y
[18:20:36] [ForkJoinPool.commonPool-worker-5/WARN] Unable to load variant: axis=z from minecraft:lodestone#axis=z
[18:20:36] [Client thread/INFO] [STDOUT]: [Enginex v5.16.1 - Gama] Initialization with mod Gama
[18:20:37] [ForkJoinPool.commonPool-worker-5/ERROR] Unable to load item model: 'minecraft:mcpatcher/cit/others/megumin_hat#inventory' for item: 'minecraft:mcpatcher/cit/others/megumin_hat'
[18:20:37] [ForkJoinPool.commonPool-worker-5/WARN] Unable to resolve texture due to upward reference: #cross in minecraft:models/block/chain.json
[18:20:37] [ForkJoinPool.commonPool-worker-5/WARN] Unable to resolve texture due to upward reference: #cross in minecraft:models/block/chain.json
[18:20:37] [ForkJoinPool.commonPool-worker-5/INFO] [OptiFine] Mipmap levels: 4
[18:20:37] [ForkJoinPool.commonPool-worker-5/INFO] [OptiFine] Multi-texturing: false
[18:20:37] [ForkJoinPool.commonPool-worker-5/INFO] [OptiFine] Multipass connected textures: false
[18:20:37] [ForkJoinPool.commonPool-worker-5/INFO] [OptiFine] BetterGrass: Parsing default configuration optifine/bettergrass.properties
[18:20:37] [ForkJoinPool.commonPool-worker-5/FATAL] [OptiFine] Scaled too small texture: minecraft:mcpatcher/ctm/default/empty, 1 -> 16
[18:20:37] [ForkJoinPool.commonPool-worker-5/FATAL] [OptiFine] Scaled too small texture: minecraft:particles/glow_2, 8 -> 16
[18:20:37] [ForkJoinPool.commonPool-worker-5/FATAL] [OptiFine] Scaled too small texture: minecraft:particles/glow_1, 8 -> 16
[18:20:37] [ForkJoinPool.commonPool-worker-5/FATAL] [OptiFine] Scaled too small texture: minecraft:particles/glow_0, 8 -> 16
[18:20:37] [ForkJoinPool.commonPool-worker-5/FATAL] [OptiFine] Scaled too small texture: minecraft:particles/glow_6, 8 -> 16
[18:20:37] [ForkJoinPool.commonPool-worker-5/FATAL] [OptiFine] Scaled too small texture: minecraft:particles/glow_5, 8 -> 16
[18:20:37] [ForkJoinPool.commonPool-worker-5/FATAL] [OptiFine] Scaled too small texture: minecraft:particles/glow_4, 8 -> 16
[18:20:37] [ForkJoinPool.commonPool-worker-5/FATAL] [OptiFine] Scaled too small texture: minecraft:particles/glow_3, 8 -> 16
[18:20:37] [ForkJoinPool.commonPool-worker-5/FATAL] [OptiFine] Scaled too small texture: minecraft:particles/glow_9, 8 -> 16
[18:20:37] [ForkJoinPool.commonPool-worker-5/FATAL] [OptiFine] Scaled too small texture: minecraft:particles/glow_8, 8 -> 16
[18:20:37] [ForkJoinPool.commonPool-worker-5/FATAL] [OptiFine] Scaled too small texture: minecraft:particles/glow_7, 8 -> 16
[18:20:37] [ForkJoinPool.commonPool-worker-5/FATAL] [OptiFine] Scaled too small texture: minecraft:particles/glow_11, 8 -> 16
[18:20:37] [ForkJoinPool.commonPool-worker-5/FATAL] [OptiFine] Scaled too small texture: minecraft:particles/glow_10, 8 -> 16
[18:20:37] [ForkJoinPool.commonPool-worker-5/FATAL] [OptiFine] Scaled too small texture: minecraft:particles/glow_13, 8 -> 16
[18:20:37] [ForkJoinPool.commonPool-worker-5/FATAL] [OptiFine] Scaled too small texture: minecraft:particles/glow_12, 8 -> 16
[18:20:37] [ForkJoinPool.commonPool-worker-5/FATAL] [OptiFine] Scaled too small texture: minecraft:particles/glow_15, 8 -> 16
[18:20:37] [ForkJoinPool.commonPool-worker-5/FATAL] [OptiFine] Scaled too small texture: minecraft:particles/glow_14, 8 -> 16
[18:20:37] [ForkJoinPool.commonPool-worker-5/INFO] load sprites for 86ms
[18:20:37] [ForkJoinPool.commonPool-worker-5/INFO] Created: 1024x1024 textures-atlas in 167ms
[18:20:37] [Client thread/INFO] Loaded mod Gama v1.5.2+5cb5bab in 1191 ms
[18:20:37] [Client thread/INFO] Loading mod Socials v2.2.2+04923ea by Cristalix Team
[18:20:37] [Client thread/INFO] Loaded mod Socials v2.2.2+04923ea in 171 ms
[18:20:37] [Thread-22/INFO] [STDOUT]: [Enginex v5.16.1 - Gama] Successfully initialized
[18:20:37] [Client thread/INFO] Client loaded for (8.123s/9.061s)
[18:20:37] [Thread-23/INFO] [STDOUT]: Settings successfully saved to social-settings.json.
[18:20:38] [Client thread/INFO] Loading mod Wada v4.12.2+151850d3 by Cristalix Team
[18:20:38] [Client thread/INFO] [STDOUT]: [Enginex v5.16.1 - Wada] VAO support: true
[18:20:38] [Client thread/INFO] [STDOUT]: [Enginex v5.16.1 - Wada] Initialization with mod Wada
[18:20:38] [Client thread/INFO] Loaded mod Wada v4.12.2+151850d3 in 256 ms
[18:20:38] [ForkJoinPool.commonPool-worker-5/INFO] [DEBUG] Atlas assembly for 4.241ms
[18:20:38] [Client thread/INFO] [DEBUG] upload atlas for 1.197ms
[18:20:38] [Client thread/INFO] [DEBUG] Generate mipmaps for 0.027ms
[18:20:38] [Client thread/INFO] [OptiFine] Animated sprites: 0
[18:20:38] [Client thread/INFO] [OptiFine] CustomColors: Loading mcpatcher/color.properties
[18:20:38] [Client thread/INFO] Textures loaded for 2009.088ms
[18:20:38] [Client Scheduler/INFO] Found preferred client: ANY
[18:20:40] [Thread-25/INFO] [STDOUT]: [Enginex v5.16.1 - Wada] Successfully initialized
[18:20:50] [Network thread/INFO] Protocol upgrade mask: 157
[18:20:50] [Network thread/INFO] Upgrading protocol
[18:20:50] [Client thread/INFO] [STDOUT]: [Enginex v5.16.1 - Wada] [Wada/debug] reload requested: ServerConnect
[18:20:50] [Client thread/INFO] [STDOUT]: [Enginex v5.16.1 - Wada] [Wada/debug] cleanAndReload begin: sessionId=1, awaitingHandshake=true
[18:20:50] [Client thread/INFO] [STDOUT]: [Enginex v5.16.1 - Wada] VAO support: true
[18:20:50] [Client thread/INFO] [STDOUT]: [Enginex v5.16.1 - Wada] Initialization with mod Wada
[18:20:50] [Client thread/INFO] [STDOUT]: [Enginex v5.16.1 - Wada] Successfully initialized
[18:20:51] [Client thread/INFO] Joining server Хаб #2
[18:20:51] [Client thread/INFO] Start loading of mod HubMod
[18:20:51] [Client thread/INFO] Loading classes of HubMod
[18:20:51] [Client thread/INFO] Start loading of mod Visual Driver
[18:20:51] [Client thread/INFO] Loading classes of Visual Driver
[18:20:51] [ForkJoinPool.commonPool-worker-7/INFO] HubMod-v1.4.5: class verification completed in 2ms
[18:20:51] [ForkJoinPool.commonPool-worker-7/INFO] HubMod-v1.4.5: defineClasses completed in 0ms
[18:20:51] [ForkJoinPool.commonPool-worker-7/INFO] Loaded classes in mod HubMod in 3 ms
[18:20:51] [ForkJoinPool.commonPool-worker-8/INFO] Visual Driver-v3.8.31+9da32142: class verification completed in 17ms
[18:20:51] [ForkJoinPool.commonPool-worker-8/INFO] Visual Driver-v3.8.31+9da32142: defineClasses completed in 0ms
[18:20:51] [ForkJoinPool.commonPool-worker-8/INFO] Loaded classes in mod Visual Driver in 20 ms
[18:20:52] [Client thread/INFO] Loading mod HubMod v1.4.5 by Cristalix Team
[18:20:52] [Client thread/INFO] Loaded mod HubMod v1.4.5 in 68 ms
[18:20:52] [Client thread/INFO] Loading mod Visual Driver v3.8.31+9da32142 by Cristalix Team
[18:20:52] [Client thread/INFO] Loaded mod Visual Driver v3.8.31+9da32142 in 68 ms
[18:20:52] [Client thread/INFO] [STDOUT]: [Enginex v5.16.1 - Wada] [Wada/debug] handshake complete (w4:load), awaitingHandshake=false, sessionId=1
[18:21:04] [Client thread/INFO] [CHAT] P+ ┃ Holera_Fasbear Хаб #2 » че будет если я все байки найду
[18:21:20] [Client thread/INFO] [CHAT] P ┃ Tveiv Хаб #2 » тебя забанят сразу
[18:21:24] [Client thread/INFO] [CHAT] P+ ┃ Holera_Fasbear Хаб #2 » халява
[18:21:35] [Client thread/INFO] [CHAT] P ┃ Tveiv Хаб #2 » ураа
[18:21:41] [Client thread/INFO] [CHAT] P+ ┃ Holera_Fasbear Хаб #2 » уже 4
[18:21:41] [Client thread/INFO] [CHAT] bydertMC Хаб #2 » кто дружить
[18:21:47] [Client thread/INFO] [CHAT] P+ ┃ Holera_Fasbear Хаб #2 » гоу я
[18:21:52] [Client thread/INFO] [CHAT] P+ ┃ Holera_Fasbear Хаб #2 » в кск можем потом
[18:22:39] [Client thread/INFO] [CHAT] bydertMC Хаб #3 » а
[18:22:43] [Client thread/INFO] [CHAT] P+ ┃ Holera_Fasbear Хаб #2 » б?
[18:22:43] [Client thread/INFO] [CHAT] bydertMC Хаб #3 » кто дружить
[18:22:53] [Client thread/INFO] [CHAT] P+ ┃ Holera_Fasbear Хаб #2 » я што шутка какая то
[18:22:57] [Client thread/INFO] [CHAT] bydertMC Хаб #3 » хахаа
[18:23:02] [Client thread/INFO] [CHAT] bydertMC Хаб #3 » я ге
[18:23:07] [Network thread/INFO] Protocol upgrade mask: 157
[18:23:07] [Network thread/INFO] Upgrading protocol
[18:23:07] [Client thread/INFO] Invalidating server data
[18:23:07] [Client thread/INFO] Unloading mod HubMod/2e343ee2-14ca-dd0a-a0f2-94b9aac71bf7
[18:23:07] [Client thread/INFO] Unloading mod Visual Driver/4af25f4f-9390-6d69-a3c0-283ebf411bce
[18:23:07] [Client thread/INFO] [STDOUT]: [Enginex v5.16.1 - Wada] [Wada/debug] reload requested: ServerSwitch
[18:23:07] [Client thread/INFO] [STDOUT]: [Enginex v5.16.1 - Wada] [Wada/debug] cleanAndReload begin: sessionId=2, awaitingHandshake=true
[18:23:07] [Client thread/INFO] [STDOUT]: [Enginex v5.16.1 - Wada] VAO support: true
[18:23:07] [Client thread/INFO] [STDOUT]: [Enginex v5.16.1 - Wada] Initialization with mod Wada
[18:23:07] [Client thread/INFO] [STDOUT]: [Enginex v5.16.1 - Wada] Successfully initialized
[18:23:08] [Client thread/INFO] Found file C:\Users\tveiv\.cristalix\updates\Minigames\server-resource-packs\40bb4597c7ce6b5b4690666d2a8804747a202ba3 matching requested hash 2a33a213ea168e73eaf34aeab631978eb6603e7b
[18:23:08] [Client thread/INFO] Allocated new cache for server resource pack
[18:23:08] [Client thread/INFO] Joining server VoidGame #3
[18:23:08] [Client thread/INFO] Reloading ResourceManager: assets-addon.jar, Default, 40bb4597c7ce6b5b4690666d2a8804747a202ba3
[18:23:08] [Client thread/WARN] Missing sound for event: minecraft:entity.turtle.ambient
[18:23:08] [Client thread/WARN] Missing sound for event: minecraft:entity.turtle.baby_hurt
[18:23:08] [Client thread/WARN] Missing sound for event: minecraft:entity.turtle.hurt
[18:23:08] [Client thread/WARN] Missing sound for event: minecraft:entity.turtle.baby_death
[18:23:08] [Client thread/WARN] Missing sound for event: minecraft:entity.turtle.death
[18:23:08] [Client thread/WARN] Missing sound for event: minecraft:entity.turtle.baby_step
[18:23:08] [Client thread/WARN] Missing sound for event: minecraft:entity.turtle.step
[18:23:08] [Client thread/WARN] Missing sound for event: minecraft:entity.turtle.swim
[18:23:08] [Client thread/WARN] Missing sound for event: minecraft:block.turtle_egg.crack
[18:23:08] [Client thread/WARN] Missing sound for event: minecraft:block.turtle_egg.egg_break
[18:23:08] [Client thread/WARN] Missing sound for event: minecraft:block.turtle_egg.fall
[18:23:08] [Client thread/WARN] Missing sound for event: minecraft:block.turtle_egg.hatch
[18:23:08] [Client thread/INFO] SoundSystem shutting down...
[18:23:08] [Client thread/WARN] Author: Paul Lamb, www.paulscode.com
[18:23:08] [Client thread/INFO] Starting up SoundSystem...
[18:23:08] [Thread-30/INFO] Initializing LWJGL OpenAL
[18:23:08] [Thread-30/INFO] (The LWJGL binding of OpenAL.  For more information, see http://www.lwjgl.org)
[18:23:08] [Thread-30/INFO] OpenAL audio device: OpenAL Soft on Динамики (MCHOSE V9 PRO)
[18:23:08] [Thread-30/INFO] OpenAL initialized.
[18:23:08] [Client thread/INFO] Sound engine reloaded
[18:23:08] [Client thread/INFO] Start loading of mod VoidMod
[18:23:08] [Client thread/INFO] Loading mod VoidMod v1.0+089d877 by ZeksterP
[18:23:08] [ForkJoinPool.commonPool-worker-3/WARN] Unable to load variant: axis=x from minecraft:lodestone#axis=x
[18:23:08] [ForkJoinPool.commonPool-worker-3/WARN] Unable to load variant: axis=y from minecraft:lodestone#axis=y
[18:23:08] [ForkJoinPool.commonPool-worker-3/WARN] Unable to load variant: axis=z from minecraft:lodestone#axis=z
[18:23:08] [Client thread/INFO] [STDOUT]: [Enginex v5.13.11-TEST-2 - VoidMod] VAO support: true
[18:23:08] [ForkJoinPool.commonPool-worker-3/ERROR] Unable to load item model: 'minecraft:mcpatcher/cit/others/megumin_hat#inventory' for item: 'minecraft:mcpatcher/cit/others/megumin_hat'
[18:23:08] [ForkJoinPool.commonPool-worker-3/INFO] [OptiFine] Mipmap levels: 4
[18:23:08] [ForkJoinPool.commonPool-worker-3/INFO] [OptiFine] Multi-texturing: false
[18:23:08] [ForkJoinPool.commonPool-worker-3/INFO] [OptiFine] Multipass connected textures: false
[18:23:08] [ForkJoinPool.commonPool-worker-3/INFO] [OptiFine] BetterGrass: Parsing default configuration optifine/bettergrass.properties
[18:23:08] [ForkJoinPool.commonPool-worker-3/FATAL] [OptiFine] Scaled too small texture: minecraft:particles/glow_2, 8 -> 16
[18:23:08] [ForkJoinPool.commonPool-worker-3/FATAL] [OptiFine] Scaled too small texture: minecraft:particles/glow_1, 8 -> 16
[18:23:08] [ForkJoinPool.commonPool-worker-3/FATAL] [OptiFine] Scaled too small texture: minecraft:particles/glow_0, 8 -> 16
[18:23:08] [ForkJoinPool.commonPool-worker-3/FATAL] [OptiFine] Scaled too small texture: minecraft:particles/glow_6, 8 -> 16
[18:23:08] [ForkJoinPool.commonPool-worker-3/FATAL] [OptiFine] Scaled too small texture: minecraft:particles/glow_5, 8 -> 16
[18:23:08] [ForkJoinPool.commonPool-worker-3/FATAL] [OptiFine] Scaled too small texture: minecraft:particles/glow_4, 8 -> 16
[18:23:08] [ForkJoinPool.commonPool-worker-3/FATAL] [OptiFine] Scaled too small texture: minecraft:particles/glow_3, 8 -> 16
[18:23:08] [ForkJoinPool.commonPool-worker-3/FATAL] [OptiFine] Scaled too small texture: minecraft:particles/glow_9, 8 -> 16
[18:23:08] [ForkJoinPool.commonPool-worker-3/FATAL] [OptiFine] Scaled too small texture: minecraft:particles/glow_8, 8 -> 16
[18:23:08] [ForkJoinPool.commonPool-worker-3/FATAL] [OptiFine] Scaled too small texture: minecraft:particles/glow_7, 8 -> 16
[18:23:08] [ForkJoinPool.commonPool-worker-3/ERROR] Using missing texture, unable to load minecraft:textures/items/wooden_sword.png
[18:23:08] [ForkJoinPool.commonPool-worker-3/FATAL] [OptiFine] Scaled too small texture: minecraft:particles/glow_11, 8 -> 16
[18:23:08] [ForkJoinPool.commonPool-worker-3/FATAL] [OptiFine] Scaled too small texture: minecraft:particles/glow_10, 8 -> 16
[18:23:08] [ForkJoinPool.commonPool-worker-3/FATAL] [OptiFine] Scaled too small texture: minecraft:particles/glow_13, 8 -> 16
[18:23:08] [ForkJoinPool.commonPool-worker-3/FATAL] [OptiFine] Scaled too small texture: minecraft:particles/glow_12, 8 -> 16
[18:23:08] [ForkJoinPool.commonPool-worker-3/FATAL] [OptiFine] Scaled too small texture: minecraft:particles/glow_15, 8 -> 16
[18:23:08] [ForkJoinPool.commonPool-worker-3/FATAL] [OptiFine] Scaled too small texture: minecraft:particles/glow_14, 8 -> 16
[18:23:08] [ForkJoinPool.commonPool-worker-3/FATAL] [OptiFine] Scaled non power of 2: minecraft:mcpatcher/cit/items/bad_omen, 18 -> 32
[18:23:08] [ForkJoinPool.commonPool-worker-3/FATAL] [OptiFine] Scaled non power of 2: minecraft:mcpatcher/cit/items/trial_omen, 18 -> 32
[18:23:08] [ForkJoinPool.commonPool-worker-3/INFO] load sprites for 13ms
[18:23:08] [ForkJoinPool.commonPool-worker-3/INFO] Created: 1024x1024 textures-atlas in 32ms
[18:23:08] [Client thread/INFO] [STDOUT]: [Enginex v5.13.11-TEST-2 - VoidMod] Initialization with mod VoidMod
[18:23:09] [Client thread/INFO] [STDOUT]: [Enginex v5.13.11-TEST-2 - VoidMod] Successfully initialized
[18:23:09] [Client thread/INFO] Loaded mod VoidMod v1.0+089d877 in 843 ms
[18:23:09] [Client thread/INFO] [STDOUT]: [Enginex v5.16.1 - Wada] [Wada/debug] handshake complete (w4:load), awaitingHandshake=false, sessionId=2
[18:23:09] [ForkJoinPool.commonPool-worker-3/INFO] [DEBUG] Atlas assembly for 73.469ms
[18:23:09] [Client thread/INFO] [DEBUG] upload atlas for 1.686ms
[18:23:09] [Client thread/INFO] [DEBUG] Generate mipmaps for 0.003ms
[18:23:09] [Client thread/INFO] [OptiFine] Animated sprites: 0
[18:23:09] [Client thread/INFO] [OptiFine] CustomColors: Loading mcpatcher/color.properties
[18:23:09] [Client thread/INFO] Textures loaded for 789.778ms
[18:23:25] [Network thread/ERROR] 95.181.159.4:25564: Internal Exception: java.lang.UnsupportedOperationException
[18:23:25] [Client thread/INFO] Unloading mod VoidMod/3db997b0-634f-c72e-afa4-496a41963d35
[18:23:25] [Client thread/INFO] Reloading ResourceManager: assets-addon.jar, Default
[18:23:25] [Client thread/WARN] Missing sound for event: minecraft:entity.turtle.ambient
[18:23:25] [Client thread/WARN] Missing sound for event: minecraft:entity.turtle.baby_hurt
[18:23:25] [Client thread/WARN] Missing sound for event: minecraft:entity.turtle.hurt
[18:23:25] [Client thread/WARN] Missing sound for event: minecraft:entity.turtle.baby_death
[18:23:25] [Client thread/WARN] Missing sound for event: minecraft:entity.turtle.death
[18:23:25] [Client thread/WARN] Missing sound for event: minecraft:entity.turtle.baby_step
[18:23:25] [Client thread/WARN] Missing sound for event: minecraft:entity.turtle.step
[18:23:25] [Client thread/WARN] Missing sound for event: minecraft:entity.turtle.swim
[18:23:25] [Client thread/WARN] Missing sound for event: minecraft:block.turtle_egg.crack
[18:23:25] [Client thread/WARN] Missing sound for event: minecraft:block.turtle_egg.egg_break
[18:23:25] [Client thread/WARN] Missing sound for event: minecraft:block.turtle_egg.fall
[18:23:25] [Client thread/WARN] Missing sound for event: minecraft:block.turtle_egg.hatch
[18:23:25] [Client thread/INFO] SoundSystem shutting down...
[18:23:25] [Client thread/WARN] Author: Paul Lamb, www.paulscode.com
[18:23:25] [Client thread/INFO] Starting up SoundSystem...
[18:23:25] [Thread-33/INFO] Initializing LWJGL OpenAL
[18:23:25] [Thread-33/INFO] (The LWJGL binding of OpenAL.  For more information, see http://www.lwjgl.org)
[18:23:25] [Thread-33/INFO] OpenAL audio device: OpenAL Soft on Динамики (MCHOSE V9 PRO)
[18:23:25] [Thread-33/INFO] OpenAL initialized.
[18:23:25] [Client thread/INFO] Sound engine reloaded
[18:23:25] [ForkJoinPool.commonPool-worker-7/WARN] Unable to load variant: axis=x from minecraft:lodestone#axis=x
[18:23:25] [ForkJoinPool.commonPool-worker-7/WARN] Unable to load variant: axis=y from minecraft:lodestone#axis=y
[18:23:25] [ForkJoinPool.commonPool-worker-7/WARN] Unable to load variant: axis=z from minecraft:lodestone#axis=z
[18:23:25] [ForkJoinPool.commonPool-worker-7/ERROR] Unable to load item model: 'minecraft:mcpatcher/cit/others/megumin_hat#inventory' for item: 'minecraft:mcpatcher/cit/others/megumin_hat'
[18:23:25] [ForkJoinPool.commonPool-worker-7/INFO] [OptiFine] Mipmap levels: 4
[18:23:25] [ForkJoinPool.commonPool-worker-7/INFO] [OptiFine] Multi-texturing: false
[18:23:25] [ForkJoinPool.commonPool-worker-7/INFO] [OptiFine] Multipass connected textures: false
[18:23:25] [ForkJoinPool.commonPool-worker-7/INFO] [OptiFine] BetterGrass: Parsing default configuration optifine/bettergrass.properties
[18:23:25] [ForkJoinPool.commonPool-worker-7/FATAL] [OptiFine] Scaled too small texture: minecraft:particles/glow_2, 8 -> 16
[18:23:25] [ForkJoinPool.commonPool-worker-7/FATAL] [OptiFine] Scaled too small texture: minecraft:particles/glow_1, 8 -> 16
[18:23:25] [ForkJoinPool.commonPool-worker-7/FATAL] [OptiFine] Scaled too small texture: minecraft:particles/glow_0, 8 -> 16
[18:23:25] [ForkJoinPool.commonPool-worker-7/FATAL] [OptiFine] Scaled too small texture: minecraft:particles/glow_6, 8 -> 16
[18:23:25] [ForkJoinPool.commonPool-worker-7/FATAL] [OptiFine] Scaled too small texture: minecraft:particles/glow_5, 8 -> 16
[18:23:25] [ForkJoinPool.commonPool-worker-7/FATAL] [OptiFine] Scaled too small texture: minecraft:particles/glow_4, 8 -> 16
[18:23:25] [ForkJoinPool.commonPool-worker-7/FATAL] [OptiFine] Scaled too small texture: minecraft:particles/glow_3, 8 -> 16
[18:23:25] [ForkJoinPool.commonPool-worker-7/FATAL] [OptiFine] Scaled too small texture: minecraft:particles/glow_9, 8 -> 16
[18:23:25] [ForkJoinPool.commonPool-worker-7/FATAL] [OptiFine] Scaled too small texture: minecraft:particles/glow_8, 8 -> 16
[18:23:25] [ForkJoinPool.commonPool-worker-7/FATAL] [OptiFine] Scaled too small texture: minecraft:particles/glow_7, 8 -> 16
[18:23:25] [ForkJoinPool.commonPool-worker-7/FATAL] [OptiFine] Scaled too small texture: minecraft:particles/glow_11, 8 -> 16
[18:23:25] [ForkJoinPool.commonPool-worker-7/FATAL] [OptiFine] Scaled too small texture: minecraft:particles/glow_10, 8 -> 16
[18:23:25] [ForkJoinPool.commonPool-worker-7/FATAL] [OptiFine] Scaled too small texture: minecraft:particles/glow_13, 8 -> 16
[18:23:25] [ForkJoinPool.commonPool-worker-7/FATAL] [OptiFine] Scaled too small texture: minecraft:particles/glow_12, 8 -> 16
[18:23:25] [ForkJoinPool.commonPool-worker-7/FATAL] [OptiFine] Scaled too small texture: minecraft:particles/glow_15, 8 -> 16
[18:23:25] [ForkJoinPool.commonPool-worker-7/FATAL] [OptiFine] Scaled too small texture: minecraft:particles/glow_14, 8 -> 16
[18:23:25] [ForkJoinPool.commonPool-worker-7/INFO] load sprites for 3ms
[18:23:25] [ForkJoinPool.commonPool-worker-7/INFO] Created: 1024x1024 textures-atlas in 13ms
[18:23:25] [ForkJoinPool.commonPool-worker-7/INFO] [DEBUG] Atlas assembly for 2.088ms
[18:23:25] [Client thread/INFO] [DEBUG] upload atlas for 1.218ms
[18:23:25] [Client thread/INFO] [DEBUG] Generate mipmaps for 0.003ms
[18:23:25] [Client thread/INFO] [OptiFine] Animated sprites: 0
[18:23:25] [Client thread/INFO] [OptiFine] CustomColors: Loading mcpatcher/color.properties
[18:23:25] [Client thread/INFO] Textures loaded for 322.775ms
[18:23:36] [Network thread/INFO] Protocol upgrade mask: 157
[18:23:36] [Network thread/INFO] Upgrading protocol
[18:23:36] [Client thread/INFO] [STDOUT]: [Enginex v5.16.1 - Wada] [Wada/debug] reload requested: ServerConnect
[18:23:36] [Client thread/INFO] [STDOUT]: [Enginex v5.16.1 - Wada] [Wada/debug] cleanAndReload begin: sessionId=3, awaitingHandshake=true
[18:23:36] [Client thread/INFO] [STDOUT]: [Enginex v5.16.1 - Wada] VAO support: true
[18:23:36] [Client thread/INFO] [STDOUT]: [Enginex v5.16.1 - Wada] Initialization with mod Wada
[18:23:36] [Client thread/INFO] [STDOUT]: [Enginex v5.16.1 - Wada] Successfully initialized
[18:23:36] [Client thread/INFO] Loaded mod Visual Driver/4af25f4f-9390-6d69-a3c0-283ebf411bce v3.8.31+9da32142 in 8 ms
[18:23:37] [Client thread/INFO] Loaded mod HubMod/2e343ee2-14ca-dd0a-a0f2-94b9aac71bf7 v1.4.5 in 9 ms
[18:23:37] [Client thread/INFO] Joining server Хаб #2
[18:23:37] [Client thread/INFO] [STDOUT]: [Enginex v5.16.1 - Wada] [Wada/debug] handshake complete (w4:load), awaitingHandshake=false, sessionId=3
[18:23:38] [Client thread/WARN] Unknown bedrock format: void_fist.png.mcmeta
[18:23:39] [Network thread/INFO] Protocol upgrade mask: 157
[18:23:39] [Network thread/INFO] Upgrading protocol
[18:23:39] [Client thread/INFO] Invalidating server data
[18:23:39] [Client thread/INFO] Unloading mod HubMod/2e343ee2-14ca-dd0a-a0f2-94b9aac71bf7
[18:23:39] [Client thread/INFO] Unloading mod Visual Driver/4af25f4f-9390-6d69-a3c0-283ebf411bce
[18:23:39] [Client thread/INFO] [STDOUT]: [Enginex v5.16.1 - Wada] [Wada/debug] reload requested: ServerSwitch
[18:23:39] [Client thread/INFO] [STDOUT]: [Enginex v5.16.1 - Wada] [Wada/debug] cleanAndReload begin: sessionId=4, awaitingHandshake=true
[18:23:39] [Client thread/INFO] [STDOUT]: [Enginex v5.16.1 - Wada] VAO support: true
[18:23:39] [Client thread/INFO] [STDOUT]: [Enginex v5.16.1 - Wada] Initialization with mod Wada
[18:23:39] [Client thread/INFO] [STDOUT]: [Enginex v5.16.1 - Wada] Successfully initialized
[18:23:40] [Client thread/INFO] Found file C:\Users\tveiv\.cristalix\updates\Minigames\server-resource-packs\40bb4597c7ce6b5b4690666d2a8804747a202ba3 matching requested hash 2a33a213ea168e73eaf34aeab631978eb6603e7b
[18:23:40] [Client thread/INFO] Cache hit
[18:23:40] [Client thread/INFO] Joining server VoidGame #1
[18:23:40] [Client thread/INFO] Reloading ResourceManager: assets-addon.jar, Default, 40bb4597c7ce6b5b4690666d2a8804747a202ba3
[18:23:40] [Client thread/WARN] Missing sound for event: minecraft:entity.turtle.ambient
[18:23:40] [Client thread/WARN] Missing sound for event: minecraft:entity.turtle.baby_hurt
[18:23:40] [Client thread/WARN] Missing sound for event: minecraft:entity.turtle.hurt
[18:23:40] [Client thread/WARN] Missing sound for event: minecraft:entity.turtle.baby_death
[18:23:40] [Client thread/WARN] Missing sound for event: minecraft:entity.turtle.death
[18:23:40] [Client thread/WARN] Missing sound for event: minecraft:entity.turtle.baby_step
[18:23:40] [Client thread/WARN] Missing sound for event: minecraft:entity.turtle.step
[18:23:40] [Client thread/WARN] Missing sound for event: minecraft:entity.turtle.swim
[18:23:40] [Client thread/WARN] Missing sound for event: minecraft:block.turtle_egg.crack
[18:23:40] [Client thread/WARN] Missing sound for event: minecraft:block.turtle_egg.egg_break
[18:23:40] [Client thread/WARN] Missing sound for event: minecraft:block.turtle_egg.fall
[18:23:40] [Client thread/WARN] Missing sound for event: minecraft:block.turtle_egg.hatch
[18:23:40] [Client thread/INFO] SoundSystem shutting down...
[18:23:40] [Client thread/WARN] Author: Paul Lamb, www.paulscode.com
[18:23:40] [Client thread/INFO] Starting up SoundSystem...
[18:23:40] [Thread-37/INFO] Initializing LWJGL OpenAL
[18:23:40] [Thread-37/INFO] (The LWJGL binding of OpenAL.  For more information, see http://www.lwjgl.org)
[18:23:40] [Thread-37/INFO] OpenAL audio device: OpenAL Soft on Динамики (MCHOSE V9 PRO)
[18:23:40] [Thread-37/INFO] OpenAL initialized.
[18:23:40] [Client thread/INFO] Sound engine reloaded
[18:23:40] [Client thread/INFO] Start loading of mod VoidMod
[18:23:40] [Client thread/INFO] Loading mod VoidMod v1.0+089d877 by ZeksterP
[18:23:40] [Client thread/INFO] [STDOUT]: [Enginex v5.13.11-TEST-2 - VoidMod] VAO support: true
[18:23:40] [Client thread/INFO] [STDOUT]: [Enginex v5.13.11-TEST-2 - VoidMod] Initialization with mod VoidMod
[18:23:40] [ForkJoinPool.commonPool-worker-6/WARN] Unable to load variant: axis=x from minecraft:lodestone#axis=x
[18:23:40] [ForkJoinPool.commonPool-worker-6/WARN] Unable to load variant: axis=y from minecraft:lodestone#axis=y
[18:23:40] [ForkJoinPool.commonPool-worker-6/WARN] Unable to load variant: axis=z from minecraft:lodestone#axis=z
[18:23:40] [ForkJoinPool.commonPool-worker-6/ERROR] Unable to load item model: 'minecraft:mcpatcher/cit/others/megumin_hat#inventory' for item: 'minecraft:mcpatcher/cit/others/megumin_hat'
[18:23:40] [ForkJoinPool.commonPool-worker-6/INFO] [OptiFine] Mipmap levels: 4
[18:23:40] [ForkJoinPool.commonPool-worker-6/INFO] [OptiFine] Multi-texturing: false
[18:23:40] [ForkJoinPool.commonPool-worker-6/INFO] [OptiFine] Multipass connected textures: false
[18:23:40] [ForkJoinPool.commonPool-worker-6/INFO] [OptiFine] BetterGrass: Parsing default configuration optifine/bettergrass.properties
[18:23:40] [ForkJoinPool.commonPool-worker-6/FATAL] [OptiFine] Scaled too small texture: minecraft:particles/glow_2, 8 -> 16
[18:23:40] [ForkJoinPool.commonPool-worker-6/FATAL] [OptiFine] Scaled too small texture: minecraft:particles/glow_1, 8 -> 16
[18:23:40] [ForkJoinPool.commonPool-worker-6/FATAL] [OptiFine] Scaled too small texture: minecraft:particles/glow_0, 8 -> 16
[18:23:40] [ForkJoinPool.commonPool-worker-6/FATAL] [OptiFine] Scaled too small texture: minecraft:particles/glow_6, 8 -> 16
[18:23:40] [ForkJoinPool.commonPool-worker-6/FATAL] [OptiFine] Scaled too small texture: minecraft:particles/glow_5, 8 -> 16
[18:23:40] [ForkJoinPool.commonPool-worker-6/FATAL] [OptiFine] Scaled too small texture: minecraft:particles/glow_4, 8 -> 16
[18:23:40] [ForkJoinPool.commonPool-worker-6/FATAL] [OptiFine] Scaled too small texture: minecraft:particles/glow_3, 8 -> 16
[18:23:40] [ForkJoinPool.commonPool-worker-6/FATAL] [OptiFine] Scaled too small texture: minecraft:particles/glow_9, 8 -> 16
[18:23:40] [ForkJoinPool.commonPool-worker-6/FATAL] [OptiFine] Scaled too small texture: minecraft:particles/glow_8, 8 -> 16
[18:23:40] [ForkJoinPool.commonPool-worker-6/FATAL] [OptiFine] Scaled too small texture: minecraft:particles/glow_7, 8 -> 16
[18:23:40] [ForkJoinPool.commonPool-worker-6/ERROR] Using missing texture, unable to load minecraft:textures/items/wooden_sword.png
[18:23:40] [ForkJoinPool.commonPool-worker-6/FATAL] [OptiFine] Scaled too small texture: minecraft:particles/glow_11, 8 -> 16
[18:23:40] [ForkJoinPool.commonPool-worker-6/FATAL] [OptiFine] Scaled too small texture: minecraft:particles/glow_10, 8 -> 16
[18:23:40] [ForkJoinPool.commonPool-worker-6/FATAL] [OptiFine] Scaled too small texture: minecraft:particles/glow_13, 8 -> 16
[18:23:40] [ForkJoinPool.commonPool-worker-6/FATAL] [OptiFine] Scaled too small texture: minecraft:particles/glow_12, 8 -> 16
[18:23:40] [ForkJoinPool.commonPool-worker-6/FATAL] [OptiFine] Scaled too small texture: minecraft:particles/glow_15, 8 -> 16
[18:23:40] [ForkJoinPool.commonPool-worker-6/FATAL] [OptiFine] Scaled too small texture: minecraft:particles/glow_14, 8 -> 16
[18:23:40] [ForkJoinPool.commonPool-worker-6/INFO] load sprites for 4ms
[18:23:40] [ForkJoinPool.commonPool-worker-6/INFO] Created: 1024x1024 textures-atlas in 14ms
[18:23:40] [Client thread/INFO] [STDOUT]: [Enginex v5.13.11-TEST-2 - VoidMod] Successfully initialized
[18:23:40] [Client thread/INFO] Loaded mod VoidMod v1.0+089d877 in 777 ms
[18:23:40] [Client thread/ERROR] Error on handle event #WaxMW in Mod{name='VoidMod', version='1.0+089d877', persistent=false, delegate=dev.a.a.a, modState=LOADED}
java.lang.NullPointerException: DataWatcher entry 149 in {0, 25, 4, 50, 12, 13, 8, 9, 24, 150, 16, 17, 18, 23, 20, 22, 21, 2, 6, 15, 14, 199, 11, 10, 1, 3, 7, 5}/{140, 137, 143, 139, 141, 144, 148, 149, 145, 146, 147, 142} not found!
	at #OWAdp.sniS(SourceFile:114)
	at #lsWaj.slIt(SourceFile:1027)
	at #vJTxF.BP(SourceFile)
	at VoidMod-v1.0+089d877//dev.a.a.d.b.a.a(SourceFile:64)
	at VoidMod-v1.0+089d877//dev.a.a.d.b.a.a(SourceFile:54)
	at VoidMod-v1.0+089d877//dev.a.a.h.c.e.b.c(SourceFile:98)
	at VoidMod-v1.0+089d877//dev.a.a.h.c.e.b.a(SourceFile:65)
	at VoidMod-v1.0+089d877//dev.a.a.h.c.e.b.injectedLambda$a$0(SourceFile)
	at #BHMxk.sanH(Unknown Source:56)
	at #EDvEB.kcv(Unknown Source)
	at #EDvEB.accept(Unknown Source)
	at #gthWo.shRq(SourceFile:105)
	at #RczXx.iHk(Unknown Source)
	at #RczXx.accept(Unknown Source)
	at #tZnke.sjcO(SourceFile:59)
	at #cCSpT.Ib(SourceFile)
	at #cVHnR.seEn(Unknown Source:89)
	at #GItiT.sfDZ(SourceFile:100)
	at #CFNmt.dZG(SourceFile)
	at #eFdzA.sgmB(SourceFile:50)
	at #IziuD.sbAk(SourceFile:3665)
	at #KLfhq.syS(SourceFile:2346)
	at #NMJuQ.bvu(SourceFile)
	at #VmgeL.ctL(SourceFile:1783)
	at #VmgeL.bvu(SourceFile)
	at #hNmzb.akk(SourceFile:2347)
	at #hNmzb.bvu(SourceFile)
	at #sbkzL.gfP(SourceFile:581)
	at #sbkzL.bvu(SourceFile)
	at #IlYjT.sjzJ(Unknown Source:93)
	at #vTBoP.sdty(SourceFile:1022)
	at #vJTxF.iDc(SourceFile)
	at VoidMod-v1.0+089d877//dev.a.a.d.b.a.a(SourceFile:35)
	at VoidMod-v1.0+089d877//dev.a.a.d.b.a.a(SourceFile:61)
	at VoidMod-v1.0+089d877//dev.a.a.d.b.a.a(SourceFile:54)
	at VoidMod-v1.0+089d877//dev.a.a.h.c.e.b.a(SourceFile:81)
	at VoidMod-v1.0+089d877//dev.a.a.h.c.e.c.a(SourceFile:77)
	at VoidMod-v1.0+089d877//dev.a.a.h.c.e.c.injectedLambda$a$0(SourceFile)
	at #BHMxk.sanH(Unknown Source:56)
	at #EDvEB.kcv(Unknown Source)
	at #EDvEB.accept(Unknown Source)
	at #gthWo.shRq(SourceFile:105)
	at #RczXx.iHk(Unknown Source)
	at #RczXx.accept(Unknown Source)
	at #tZnke.sjcO(SourceFile:59)
	at #cCSpT.Ib(SourceFile)
	at #cVHnR.seEn(Unknown Source:89)
	at #GItiT.sfDZ(SourceFile:100)
	at #CFNmt.dZG(SourceFile)
	at #eFdzA.sgmB(SourceFile:50)
	at #ApIxa.slkc(SourceFile:3595)
	at #ZeCEz.sljt(SourceFile:2032)
	at #TSEwU.smhy(SourceFile:1482)
	at #ZQCSx.shqa(SourceFile:1634)
	at #kQsKH.smKh(SourceFile:487)
	at net.minecraft.client.main.GameMain.mgm(SourceFile:220)
	at net.minecraft.client.main.GameMain.iLJ(SourceFile:156)
	at #cnUTs.lIs(Unknown Source)
	at #cnUTs.run(Unknown Source)
	at java.base/java.lang.Thread.run(Unknown Source)
[18:23:41] [Client thread/INFO] [STDOUT]: [Enginex v5.16.1 - Wada] [Wada/debug] handshake complete (w4:load), awaitingHandshake=false, sessionId=4
[18:23:41] [ForkJoinPool.commonPool-worker-8/INFO] [DEBUG] Atlas assembly for 1.965ms
[18:23:41] [Client thread/INFO] [DEBUG] upload atlas for 2.210ms
[18:23:41] [Client thread/INFO] [DEBUG] Generate mipmaps for 0.004ms
[18:23:41] [Client thread/INFO] [OptiFine] Animated sprites: 0
[18:23:41] [Client thread/INFO] [OptiFine] CustomColors: Loading mcpatcher/color.properties
[18:23:41] [Client thread/INFO] Textures loaded for 579.464ms
[18:23:47] [ForkJoinPool.commonPool-worker-7/ERROR] 95.129.234.97:25565: Internal Exception: java.net.ConnectException: Connection timed out: connect
[18:23:52] [Client thread/INFO] [CHAT] \n   Сейчас трансляции ведут:\n   MEDIA ┃ Lera_1337 , MEDIA ┃ MiSTiK31, MEDIA ┃ Za4emNick\n   Напишите /media для проcмотра активных трансляций\n 
[18:24:28] [Client thread/INFO] [CHAT] Tveiv получил Собиратель мусора
[18:24:34] [Client thread/INFO] [CHAT] Авто-кликер включен
[18:24:43] [Client thread/INFO] [CHAT] Tveiv получил Ничего
[18:24:43] [Client thread/INFO] [CHAT] Получено 44 звезд
[18:24:43] [Client thread/INFO] [CHAT] Урон игрока Tveiv: 7683
[18:24:45] [Client thread/INFO] [CHAT] Tveiv получил Бонус урона
[18:25:01] [Client thread/INFO] [CHAT] Получено 44 звезд
[18:25:01] [Client thread/INFO] [CHAT] Урон игрока Tveiv: 11754
[18:25:04] [Client thread/INFO] [CHAT] Tveiv получил Черная карта
[18:25:05] [Client thread/INFO] [CHAT] Свет, исполняющий Желание: Чего ты желаешь? Я исполню все, что ты хочешь.
[18:25:06] [Client thread/ERROR] Error on png decode
java.io.EOFException
	at #sxZYr.scIq(Unknown Source:79)
	at #jmezQ.sbRO(SourceFile:93)
	at #FaKMg.shSw(SourceFile:75)
	at #QmVcX.RJ(SourceFile)
	at #zaiJF.sgOp(SourceFile:63)
	at #LGxKi.RJ(SourceFile)
	at #RpxQO.skJt(Unknown Source:243)
	at #WHweF.siKt(SourceFile:121)
	at #uzDIF.kWZ(SourceFile:271)
	at #uzDIF.eEI(SourceFile)
	at #YqJut.sgEU(Unknown Source:169)
	at #nHEpO.bVe(SourceFile)
	at #zQMKT.skGM(SourceFile:116)
	at #NzXqW.bVe(SourceFile)
	at #YbKeD.sgYm(SourceFile:51)
	at #fBAIZ.OP(SourceFile)
	at #iWRkW.smZz(SourceFile:204)
	at #qLlso.sBf(SourceFile:123)
	at #qLlso.sBf(SourceFile:136)
	at #EDvEB.saEh(Unknown Source:268)
	at #BXaHm.sidN(SourceFile:376)
	at #RlqYH.scDK(SourceFile:1204)
	at #KKhTP.smHc(Unknown Source:1076)
	at #voakw.siTy(SourceFile:3489)
	at #UDbzx.sjbu(SourceFile:1509)
	at #ZQCSx.shqa(SourceFile:1640)
	at #kQsKH.smKh(SourceFile:487)
	at net.minecraft.client.main.GameMain.mgm(SourceFile:220)
	at net.minecraft.client.main.GameMain.iLJ(SourceFile:156)
	at #cnUTs.lIs(Unknown Source)
	at #cnUTs.run(Unknown Source)
	at java.base/java.lang.Thread.run(Unknown Source)
[18:25:12] [Client thread/INFO] [CHAT] Свет, исполняющий Желание: Ты желаешь дверь во тьму? Будет исполнено.
[18:25:15] [Client thread/INFO] [CHAT] Свет, исполняющий Желание: Ваше желание исполнено.
[18:25:15] [Client thread/INFO] [CHAT] Tveiv получил Дверь во тьму
[18:25:29] [Client thread/INFO] [CHAT] Получено 43 звезд
[18:25:29] [Client thread/INFO] [CHAT] Урон игрока Tveiv: 7791
[18:25:31] [Client thread/INFO] [CHAT] Tveiv получил Воронка проклятий x2
[18:25:38] [Client thread/INFO] [CHAT] Мыслитель Вазор: Он чудовище, потому-что жалоголовый.
[18:25:39] [Client thread/INFO] [CHAT] Мыслитель Теагон: Нет, мой друг, он жалоголовый, потому-что чудовище.
[18:25:42] [Client thread/INFO] [CHAT] Новатор Мысли: Здравствуй, Странник Тьмы, не мог бы ты рассудить, чье высказывание является верным?
[18:25:42] [Client thread/INFO] [CHAT] Мыслитель Теагон: Даже необразованный Странник понимает, что к чему, а до тебя все не дойдет.
[18:25:42] [Client thread/INFO] [CHAT] Получено 100 звезд
[18:25:47] [Client thread/INFO] [CHAT] \n  MEDIA ┃ romus выпустил новое видео!\n  Название: БИМБО БАЗА И БЕСКОНЕЧНЫЕ РЕСУРСЫ! 😱 | Cristalix SkyBlock OLD #2\n  Напишите /videos для просмотра видео\n 
[18:25:55] [Client thread/INFO] [CHAT] Получено 45 звезд
[18:25:55] [Client thread/INFO] [CHAT] Урон игрока Tveiv: 10210
[18:25:59] [Client thread/INFO] [CHAT] Tveiv получил Кровопролитие
[18:26:00] [Client thread/INFO] [CHAT] Tveiv получил Смотри на меня x2
[18:26:00] [Client thread/INFO] [CHAT] Tveiv получил Ножницы пространства x2
[18:26:06] [Client thread/INFO] [CHAT] Потеряно 208 звезд
[18:26:06] [Client thread/INFO] [CHAT] Tveiv получил Зеркало Катастрофы
[18:26:27] [Client thread/INFO] [CHAT] Получено 41 звезд
[18:26:27] [Client thread/INFO] [CHAT] Урон игрока Tveiv: 12628
[18:26:28] [Client thread/INFO] [CHAT] Tveiv получил Паранойя Победителя x3
[18:26:28] [Client thread/INFO] [CHAT] Tveiv получил Самосознающие стрелы x3
[18:26:32] [Client thread/INFO] [CHAT] Маленькие проклинатели залетают в комнату, Вам следует быть осторожными с ними.
[18:26:33] [Client thread/INFO] [CHAT] Маленький проклинатель: Сладкий, вкусный Странник Тьмы, просим тебя, прими наши небольшие подарки.
[18:26:38] [Client thread/INFO] [CHAT] Tveiv получил Викторина Монксельда
[18:26:38] [Client thread/INFO] [CHAT] Tveiv получил Проклятие
[18:27:29] [Client thread/INFO] [CHAT] Получено 29 звезд
[18:27:29] [Client thread/INFO] [CHAT] Урон игрока Tveiv: 39415
[18:27:30] [Client thread/INFO] [CHAT] Tveiv получил Пожиратель энергии x2
[18:27:36] [Client thread/INFO] [CHAT] Потеряно 53 звезд
[18:27:36] [Client thread/INFO] [CHAT] Tveiv получил Висп в бутылке
[18:27:37] [Client thread/INFO] [CHAT] Потеряно 53 звезд
[18:27:37] [Client thread/INFO] [CHAT] Tveiv получил Бонус уклонения
[18:27:44] [Client thread/INFO] [CHAT] Tveiv получил Бонус брони
[18:27:56] [Client thread/INFO] [CHAT] Вы уклонились на 28%
[18:28:00] [Client thread/INFO] [CHAT] [27] P+ ┃ CFIl » время перезарядки аккреационний диск?
[18:28:01] [Client thread/INFO] [CHAT] Вы уклонились на 50%
[18:28:09] [Client thread/INFO] [CHAT] Tveiv получил Куб неуязвимости
[18:28:15] [Client thread/INFO] [CHAT] Получено 35 звезд
[18:28:15] [Client thread/INFO] [CHAT] Урон игрока Tveiv: 21835
[18:28:15] [Client thread/INFO] [CHAT] Tveiv получил Сетка для ловли звёзд x2
[18:28:21] [Client thread/INFO] [CHAT] Вы уклонились на 42%
[18:28:27] [Client thread/INFO] [CHAT] Вы уклонились на 30%
[18:28:35] [Client thread/INFO] [CHAT] Получено 77 звезд
[18:28:35] [Client thread/INFO] [CHAT] Урон игрока Tveiv: 10242
[18:28:36] [Client thread/INFO] [CHAT] Tveiv получил Росток алмазного дерева x2
[18:28:52] [Client thread/INFO] [CHAT] Вы уклонились на 45%
[18:28:53] [Client thread/INFO] [CHAT] Вы уклонились на 31%
[18:28:55] [Client thread/INFO] [CHAT] Вы уклонились на 45%
[18:28:58] [Client thread/INFO] [CHAT] Вы уклонились на 33%
[18:29:08] [Client thread/INFO] [CHAT] Получено 66 звезд
[18:29:08] [Client thread/INFO] [CHAT] Урон игрока Tveiv: 20467
[18:29:09] [Client thread/INFO] [CHAT] Tveiv получил Дух предстоящей победы x2
[18:29:10] [Client thread/INFO] [CHAT] Tveiv получил Проклятие мультивыбора x3
[18:29:10] [Client thread/INFO] [CHAT] Tveiv получил Карта выбора x3
[18:29:18] [Client thread/INFO] [CHAT] Вы уклонились на 40%
[18:29:20] [Client thread/INFO] [CHAT] Вы уклонились на 47%
[18:29:20] [Client thread/INFO] [CHAT] \nMEDIA ┃ Za4emNick проводит ивент: ColorControl!\nНажми, чтобы переместиться!\n 
[18:29:23] [Client thread/INFO] [CHAT] Tveiv получил Маноед
[18:29:41] [Client thread/INFO] [CHAT] Tveiv получил Бонус брони
[18:29:44] [Client thread/INFO] [CHAT] Tveiv получил Бонус брони
[18:29:55] [Client thread/INFO] [CHAT] Получено 57 звезд
[18:29:55] [Client thread/INFO] [CHAT] Урон игрока Tveiv: 28396
[18:29:56] [Client thread/INFO] [CHAT] Tveiv получил Бумажный меч x3
[18:29:58] [Client thread/INFO] [CHAT] Последователь и его группа ожидают от Вас ответа.
[18:30:03] [Client thread/INFO] [CHAT] Последователь Этоля: Превосходный ответ, мы ожидаем от тебя свершений.
[18:30:03] [Client thread/INFO] [CHAT] Tveiv получил Бонус урона x2
[18:30:19] [Client thread/INFO] [CHAT] Вы уклонились на 44%
[18:30:23] [Client thread/INFO] [CHAT] Вы уклонились на 35%
[18:30:31] [Client thread/INFO] [CHAT] Получено 68 звезд
[18:30:31] [Client thread/INFO] [CHAT] Урон игрока Tveiv: 12329
[18:30:31] [Client thread/INFO] [CHAT] Tveiv получил Компас заклинателя x3
[18:30:37] [Client thread/INFO] [CHAT] Tveiv получил Проклятие
[18:30:37] [Client thread/INFO] [CHAT] Tveiv потерял Бумажный меч
[18:30:37] [Client thread/INFO] [CHAT] Tveiv получил Проклятие
[18:30:37] [Client thread/INFO] [CHAT] Tveiv потерял Бумажный меч
[18:30:37] [Client thread/INFO] [CHAT] Tveiv получил Проклятие
[18:30:37] [Client thread/INFO] [CHAT] Tveiv потерял Бумажный меч
[18:30:40] [Client thread/INFO] [CHAT] [25] D ┃ Oliivia » [Посох слизня ☬ +9]
[18:30:49] [Client thread/INFO] [CHAT] Вы уклонились на 28%
[18:30:49] [Client thread/INFO] [CHAT] [27] P+ ┃ CFIl » х10 лалофоьию словил гавно
[18:30:52] [Client thread/INFO] [CHAT] Вы уклонились на 49%
[18:30:53] [Client thread/INFO] [CHAT] Вы уклонились на 49%
[18:31:17] [Client thread/INFO] [CHAT] Получено 61 звезд
[18:31:17] [Client thread/INFO] [CHAT] Урон игрока Tveiv: 29814
[18:31:18] [Client thread/INFO] [CHAT] Tveiv получил Чаша Победителей x2
[18:31:30] [Client thread/INFO] [CHAT] Потеряно 56 звезд
[18:31:30] [Client thread/INFO] [CHAT] Tveiv получил Проклятие мультивыбора
[18:31:30] [Client thread/INFO] [CHAT] Потеряно 56 звезд
[18:31:30] [Client thread/INFO] [CHAT] Tveiv получил Мышь на Венере
[18:31:32] [Client thread/INFO] [CHAT] Потеряно 56 звезд
[18:31:32] [Client thread/INFO] [CHAT] Tveiv получил Кровопролитие
[18:31:33] [Client thread/INFO] [CHAT] Потеряно 56 звезд
[18:31:33] [Client thread/INFO] [CHAT] Tveiv получил Дверь во тьму
[18:31:34] [Client thread/INFO] [CHAT] Потеряно 56 звезд
[18:31:34] [Client thread/INFO] [CHAT] Tveiv получил Башня яркой Луны
[18:31:36] [Client thread/INFO] [CHAT] Последователи Бедствия появляются в комнате.
[18:31:37] [Client thread/INFO] [CHAT] Наследница Бедствия: Странник Тьмы, ты же направляешься к Расиме?
[18:31:38] [Client thread/INFO] [CHAT] Наследница Бедствия: Мы можем помочь друг-другу.
[18:31:40] [Client thread/INFO] [CHAT] Наследница Бедствия: В битве с Расимой, мы будем на твоей стороне. Согласен?
[18:31:44] [Client thread/INFO] [CHAT] Наследница Бедствия: Ты ещё пожалеешь об этом.
[18:31:53] [Client thread/INFO] [CHAT] Tveiv получил Бонус урона x2
[18:31:54] [Client thread/INFO] [CHAT] Вы уклонились на 31%
[18:31:55] [Client thread/INFO] [CHAT] Вы уклонились на 26%
[18:31:56] [Client thread/INFO] [CHAT] Вы уклонились на 36%
[18:32:04] [Client thread/INFO] [CHAT] Получено 73 звезд
[18:32:04] [Client thread/INFO] [CHAT] Урон игрока Tveiv: 16318
[18:32:04] [Client thread/INFO] [CHAT] Tveiv получил Расшифровщик Валотайла x2
[18:32:16] [Client thread/INFO] [CHAT] Вампиризм сброшен!
[18:32:17] [Client thread/INFO] [CHAT] [25] D ┃ Oliivia » [Высасывающий клинок Расимы ☬ +3]
[18:32:21] [Client thread/INFO] [CHAT] Вампиризм сброшен!
[18:32:23] [Client thread/INFO] [CHAT] Tveiv получил Бонус урона x2
[18:32:31] [Client thread/INFO] [CHAT] Tveiv получил Ничего x2
[18:32:31] [Client thread/INFO] [CHAT] Получено 72 звезд
[18:32:31] [Client thread/INFO] [CHAT] Урон игрока Tveiv: 21941
[18:32:32] [Client thread/INFO] [CHAT] Tveiv получил Осквернённое перо x3
[18:32:32] [Client thread/INFO] [CHAT] Tveiv получил Губка x3
[18:32:32] [Client thread/INFO] [CHAT] Tveiv получил Дьяволица x3
[18:32:33] [Client thread/INFO] [CHAT] Tveiv получил Бонус уровня x3
[18:32:33] [Client thread/INFO] [CHAT] Tveiv получил Бонус урона x3
[18:32:33] [Client thread/INFO] [CHAT] Tveiv получил Чаша Победителей x3
[18:32:40] [Client thread/INFO] [CHAT] Вампиризм сброшен!
[18:32:44] [Client thread/INFO] [CHAT] Tveiv получил Бонус брони x2
[18:32:47] [Client thread/INFO] [CHAT] Вы уклонились на 26%
[18:32:53] [Client thread/INFO] [CHAT] Вы уклонились на 29%
[18:32:58] [Client thread/INFO] [CHAT] Tveiv получил Бонус маны x2
[18:33:05] [Client thread/INFO] [CHAT] Вы уклонились на 33%
[18:33:10] [Client thread/INFO] [CHAT] VoidGame » Мана кончилась и ясность мысли покидает Вас!
[18:33:10] [Client thread/INFO] [CHAT] Вы уклонились на 41%
[18:33:11] [Client thread/INFO] [CHAT] VoidGame » Мана кончилась и ясность мысли покидает Вас!
[18:33:12] [Client thread/INFO] [CHAT] VoidGame » Мана кончилась и ясность мысли покидает Вас!
[18:33:13] [Client thread/INFO] [CHAT] VoidGame » Мана кончилась и ясность мысли покидает Вас!
[18:33:14] [Client thread/INFO] [CHAT] VoidGame » Мана кончилась и ясность мысли покидает Вас!
[18:33:15] [Client thread/INFO] [CHAT] VoidGame » Мана кончилась и ясность мысли покидает Вас!
[18:33:16] [Client thread/INFO] [CHAT] VoidGame » Мана кончилась и ясность мысли покидает Вас!
[18:33:17] [Client thread/INFO] [CHAT] VoidGame » Мана кончилась и ясность мысли покидает Вас!
[18:33:18] [Client thread/INFO] [CHAT] VoidGame » Мана кончилась и ясность мысли покидает Вас!
[18:33:28] [Client thread/INFO] [CHAT] Tveiv получил Бонус скорости x2
[18:33:28] [Client thread/INFO] [CHAT] Получено 48 звезд
[18:33:28] [Client thread/INFO] [CHAT] Урон игрока Tveiv: 48712
[18:33:29] [Client thread/INFO] [CHAT] Tveiv получил Лалофобия x3
[18:33:29] [Client thread/INFO] [CHAT] Tveiv получил Внутренняя сила x3
[18:33:29] [Client thread/INFO] [CHAT] Tveiv получил Губка x3
[18:33:44] [Client thread/INFO] [CHAT] Последователь и его группа ожидают от Вас ответа.
[18:33:48] [Client thread/INFO] [CHAT] Последователь Этоля: Превосходный ответ, мы ожидаем от тебя свершений.
[18:33:48] [Client thread/INFO] [CHAT] Tveiv получил Свинцовый слоник x2
[18:33:51] [Client thread/INFO] [CHAT] Вампиризм сброшен!
[18:33:54] [Client thread/INFO] [CHAT] Вампиризм сброшен!
[18:33:57] [Client thread/INFO] [CHAT] На Вас наложен Яростный взор, Вы получаете урон, когда смотрите на существ
[18:34:04] [Client thread/INFO] [CHAT] Вампиризм сброшен!
[18:34:22] [Client thread/INFO] [CHAT] Вампиризм сброшен!
[18:34:22] [Client thread/INFO] [CHAT] Вампиризм сброшен!
[18:34:24] [Client thread/INFO] [CHAT] Вампиризм сброшен!
[18:34:25] [Client thread/INFO] [CHAT] Вампиризм сброшен!
[18:34:25] [Client thread/INFO] [CHAT] Вампиризм сброшен!
[18:34:27] [Client thread/INFO] [CHAT] Вампиризм сброшен!
[18:34:27] [Client thread/INFO] [CHAT] Вампиризм сброшен!
[18:34:28] [Client thread/INFO] [CHAT] Вампиризм сброшен!
[18:34:30] [Client thread/INFO] [CHAT] Вампиризм сброшен!
[18:34:32] [Client thread/INFO] [CHAT] Вампиризм сброшен!
[18:34:32] [Client thread/INFO] [CHAT] Вы уклонились на 33%
[18:34:32] [Client thread/INFO] [CHAT] На Вас наложено Проклятие Страха, Ваш вампиризм заблокирован
[18:34:32] [Client thread/INFO] [CHAT] Вампиризм сброшен!
[18:34:33] [Client thread/INFO] [CHAT] Вампиризм сброшен!
[18:34:35] [Client thread/INFO] [CHAT] Вампиризм сброшен!
[18:34:36] [Client thread/INFO] [CHAT] Вампиризм сброшен!
[18:34:37] [Client thread/INFO] [CHAT] Вампиризм сброшен!
[18:34:38] [Client thread/INFO] [CHAT] Вампиризм сброшен!
[18:34:39] [Client thread/INFO] [CHAT] Вампиризм сброшен!
[18:34:39] [Client thread/INFO] [CHAT] Tveiv получил Бонус брони x2
[18:34:39] [Client thread/INFO] [CHAT] Вампиризм сброшен!
[18:34:40] [Client thread/INFO] [CHAT] Tveiv получил Чаша Победителей
[18:34:44] [Client thread/INFO] [CHAT] Вампиризм сброшен!
[18:34:48] [Client thread/INFO] [CHAT] Вампиризм сброшен!
[18:34:49] [Client thread/INFO] [CHAT] Прошла минута с начала волны! Урон противников увеличен на 25%
[18:34:51] [Client thread/INFO] [CHAT] Вампиризм сброшен!
[18:34:53] [Client thread/INFO] [CHAT] Вампиризм сброшен!
[18:34:56] [Client thread/INFO] [CHAT] Tveiv получил Бонус маны x2
[18:34:56] [Client thread/INFO] [CHAT] Получено 39 звезд
[18:34:56] [Client thread/INFO] [CHAT] Урон игрока Tveiv: 91553
[18:34:57] [Client thread/INFO] [CHAT] Tveiv получил Сфера Повелительницы Болезней x3
[18:34:57] [Client thread/INFO] [CHAT] Tveiv получил Расшифровщик Валотайла x3
[18:34:57] [Client thread/INFO] [CHAT] Tveiv получил Долг судьбы x3
[18:35:01] [Client thread/INFO] [CHAT] Потеряно 58 звезд
[18:35:01] [Client thread/INFO] [CHAT] Tveiv получил Дух предстоящей победы
[18:35:02] [Client thread/INFO] [CHAT] Потеряно 58 звезд
[18:35:02] [Client thread/INFO] [CHAT] Tveiv получил Бонус урона
[18:35:03] [Client thread/INFO] [CHAT] Потеряно 58 звезд
[18:35:03] [Client thread/INFO] [CHAT] Tveiv получил Контроль
[18:35:05] [Client thread/INFO] [CHAT] Потеряно 58 звезд
[18:35:05] [Client thread/INFO] [CHAT] Губка поглотила Проклятие! 1/30
[18:35:06] [Client thread/INFO] [CHAT] Потеряно 58 звезд
[18:35:06] [Client thread/INFO] [CHAT] Tveiv получил Зеркало Катастрофы
[18:35:08] [Client thread/INFO] [CHAT] Последователь и его группа ожидают от Вас ответа.
[18:35:15] [Client thread/INFO] [CHAT] Последователь Этоля: Превосходный ответ, мы ожидаем от тебя свершений.
[18:35:15] [Client thread/INFO] [CHAT] Tveiv получил Собиратель мусора x2
[18:35:16] [Client thread/ERROR] Error on handle event #bUlBe in Mod{name='VoidMod', version='1.0+089d877', persistent=false, delegate=dev.a.a.a, modState=LOADED}
java.lang.NullPointerException: Cannot invoke "!#RicbX.jS()" because "<parameter1>" is null
	at VoidMod-v1.0+089d877//dev.a.a.d.b.a.a(SourceFile:54)
	at VoidMod-v1.0+089d877//dev.a.a.f.j.a.c.d(SourceFile:15)
	at VoidMod-v1.0+089d877//dev.a.a.f.j.a.c.injectedLambda$d$1(SourceFile)
	at VoidMod-v1.0+089d877//dev.a.a.f.j.b.a(SourceFile:21)
	at VoidMod-v1.0+089d877//dev.a.a.f.j.b.injectedLambda$a$10(SourceFile)
	at java.base/java.util.ArrayList.forEach(Unknown Source)
	at VoidMod-v1.0+089d877//dev.a.a.f.j.b.a(SourceFile:185)
	at VoidMod-v1.0+089d877//dev.a.a.f.j.b.injectedLambda$a$0(SourceFile)
	at #BHMxk.sanH(Unknown Source:56)
	at #EDvEB.kcv(Unknown Source)
	at #EDvEB.accept(Unknown Source)
	at #gthWo.shRq(SourceFile:105)
	at #RczXx.iHk(Unknown Source)
	at #RczXx.accept(Unknown Source)
	at #tZnke.sjcO(SourceFile:59)
	at #cCSpT.Ib(SourceFile)
	at #cVHnR.seEn(Unknown Source:89)
	at #GItiT.sfDZ(SourceFile:100)
	at #CFNmt.dZG(SourceFile)
	at #eFdzA.sgmB(SourceFile:50)
	at #oZEKS.skYg(SourceFile:3463)
	at #JxJII.sfCz(SourceFile:3447)
	at #UwmgL.skmN(SourceFile:2219)
	at #tZEFi.sdxw(SourceFile:2131)
	at #ZeCEz.sljt(SourceFile:2013)
	at #TSEwU.smhy(SourceFile:1482)
	at #ZQCSx.shqa(SourceFile:1634)
	at #kQsKH.smKh(SourceFile:487)
	at net.minecraft.client.main.GameMain.mgm(SourceFile:220)
	at net.minecraft.client.main.GameMain.iLJ(SourceFile:156)
	at #cnUTs.lIs(Unknown Source)
	at #cnUTs.run(Unknown Source)
	at java.base/java.lang.Thread.run(Unknown Source)
[18:35:18] [Client thread/INFO] [CHAT] VoidGame » Мана кончилась и ясность мысли покидает Вас!
[18:35:19] [Client thread/INFO] [CHAT] VoidGame » Мана кончилась и ясность мысли покидает Вас!
[18:35:20] [Client thread/INFO] [CHAT] VoidGame » Мана кончилась и ясность мысли покидает Вас!
[18:35:21] [Client thread/INFO] [CHAT] VoidGame » Мана кончилась и ясность мысли покидает Вас!
[18:35:22] [Client thread/INFO] [CHAT] Вы уклонились на 30%
[18:35:22] [Client thread/INFO] [CHAT] VoidGame » Мана кончилась и ясность мысли покидает Вас!
[18:35:23] [Client thread/INFO] [CHAT] На Вас наложен Яростный взор, Вы получаете урон, когда смотрите на существ
[18:35:23] [Client thread/INFO] [CHAT] VoidGame » Мана кончилась и ясность мысли покидает Вас!
[18:35:23] [Client thread/INFO] [CHAT] Вы уклонились на 28%
[18:35:24] [Client thread/INFO] [CHAT] VoidGame » Мана кончилась и ясность мысли покидает Вас!
[18:35:25] [Client thread/INFO] [CHAT] VoidGame » Мана кончилась и ясность мысли покидает Вас!
[18:35:26] [Client thread/INFO] [CHAT] На Вас наложено Проклятие Страха, Ваш вампиризм заблокирован
[18:35:26] [Client thread/INFO] [CHAT] VoidGame » Мана кончилась и ясность мысли покидает Вас!
[18:35:28] [Client thread/INFO] [CHAT] VoidGame » Мана кончилась и ясность мысли покидает Вас!
[18:35:28] [Client thread/ERROR] Error on handle event #VseFK in Mod{name='VoidMod', version='1.0+089d877', persistent=false, delegate=dev.a.a.a, modState=LOADED}
java.lang.NullPointerException: Cannot invoke "!#RicbX.cop()" because "<parameter1>" is null
	at VoidMod-v1.0+089d877//dev.a.a.g.g.a(SourceFile:13)
	at VoidMod-v1.0+089d877//dev.a.a.h.a.a.a.h(SourceFile)
	at VoidMod-v1.0+089d877//dev.a.a.h.a.b.a(SourceFile:49)
	at VoidMod-v1.0+089d877//dev.a.a.h.a.b.injectedLambda$a$13(SourceFile)
	at java.base/java.util.Collection.removeIf(Unknown Source)
	at VoidMod-v1.0+089d877//dev.a.a.h.a.b.a(SourceFile:46)
	at VoidMod-v1.0+089d877//dev.a.a.h.a.b.injectedLambda$a$9(SourceFile)
	at #BHMxk.sanH(Unknown Source:56)
	at #EDvEB.kcv(Unknown Source)
	at #EDvEB.accept(Unknown Source)
	at #gthWo.shRq(SourceFile:105)
	at #RczXx.iHk(Unknown Source)
	at #RczXx.accept(Unknown Source)
	at #tZnke.sjcO(SourceFile:59)
	at #cCSpT.Ib(SourceFile)
	at #cVHnR.seEn(Unknown Source:89)
	at #GItiT.sfDZ(SourceFile:100)
	at #CFNmt.dZG(SourceFile)
	at #eFdzA.sgmB(SourceFile:50)
	at #dhvTt.sjja(SourceFile:3590)
	at #ZeCEz.sljt(SourceFile:1999)
	at #TSEwU.smhy(SourceFile:1482)
	at #ZQCSx.shqa(SourceFile:1634)
	at #kQsKH.smKh(SourceFile:487)
	at net.minecraft.client.main.GameMain.mgm(SourceFile:220)
	at net.minecraft.client.main.GameMain.iLJ(SourceFile:156)
	at #cnUTs.lIs(Unknown Source)
	at #cnUTs.run(Unknown Source)
	at java.base/java.lang.Thread.run(Unknown Source)
[18:35:40] [Network thread/ERROR] 95.181.159.4:25564: Internal Exception: java.lang.UnsupportedOperationException
[18:35:40] [Client thread/INFO] Unloading mod VoidMod/7a3ffa96-05e5-1c01-47e4-900b4699363b
[18:35:40] [Client thread/INFO] Reloading ResourceManager: assets-addon.jar, Default
[18:35:40] [Client thread/WARN] Missing sound for event: minecraft:entity.turtle.ambient
[18:35:40] [Client thread/WARN] Missing sound for event: minecraft:entity.turtle.baby_hurt
[18:35:40] [Client thread/WARN] Missing sound for event: minecraft:entity.turtle.hurt
[18:35:40] [Client thread/WARN] Missing sound for event: minecraft:entity.turtle.baby_death
[18:35:40] [Client thread/WARN] Missing sound for event: minecraft:entity.turtle.death
[18:35:40] [Client thread/WARN] Missing sound for event: minecraft:entity.turtle.baby_step
[18:35:40] [Client thread/WARN] Missing sound for event: minecraft:entity.turtle.step
[18:35:40] [Client thread/WARN] Missing sound for event: minecraft:entity.turtle.swim
[18:35:40] [Client thread/WARN] Missing sound for event: minecraft:block.turtle_egg.crack
[18:35:40] [Client thread/WARN] Missing sound for event: minecraft:block.turtle_egg.egg_break
[18:35:40] [Client thread/WARN] Missing sound for event: minecraft:block.turtle_egg.fall
[18:35:40] [Client thread/WARN] Missing sound for event: minecraft:block.turtle_egg.hatch
[18:35:40] [Client thread/INFO] SoundSystem shutting down...
[18:35:40] [Client thread/WARN] Author: Paul Lamb, www.paulscode.com
[18:35:40] [Client thread/INFO] Starting up SoundSystem...
[18:35:40] [Thread-40/INFO] Initializing LWJGL OpenAL
[18:35:40] [Thread-40/INFO] (The LWJGL binding of OpenAL.  For more information, see http://www.lwjgl.org)
[18:35:40] [Thread-40/INFO] OpenAL audio device: OpenAL Soft on Динамики (MCHOSE V9 PRO)
[18:35:40] [Thread-40/INFO] OpenAL initialized.
[18:35:40] [Client thread/INFO] Sound engine reloaded
[18:35:40] [ForkJoinPool.commonPool-worker-1/WARN] Unable to load variant: axis=x from minecraft:lodestone#axis=x
[18:35:40] [ForkJoinPool.commonPool-worker-1/WARN] Unable to load variant: axis=y from minecraft:lodestone#axis=y
[18:35:40] [ForkJoinPool.commonPool-worker-1/WARN] Unable to load variant: axis=z from minecraft:lodestone#axis=z
[18:35:41] [ForkJoinPool.commonPool-worker-1/ERROR] Unable to load item model: 'minecraft:mcpatcher/cit/others/megumin_hat#inventory' for item: 'minecraft:mcpatcher/cit/others/megumin_hat'
[18:35:41] [ForkJoinPool.commonPool-worker-1/INFO] [OptiFine] Mipmap levels: 4
[18:35:41] [ForkJoinPool.commonPool-worker-1/INFO] [OptiFine] Multi-texturing: false
[18:35:41] [ForkJoinPool.commonPool-worker-1/INFO] [OptiFine] Multipass connected textures: false
[18:35:41] [ForkJoinPool.commonPool-worker-1/INFO] [OptiFine] BetterGrass: Parsing default configuration optifine/bettergrass.properties
[18:35:41] [ForkJoinPool.commonPool-worker-1/FATAL] [OptiFine] Scaled too small texture: minecraft:particles/glow_2, 8 -> 16
[18:35:41] [ForkJoinPool.commonPool-worker-1/FATAL] [OptiFine] Scaled too small texture: minecraft:particles/glow_1, 8 -> 16
[18:35:41] [ForkJoinPool.commonPool-worker-1/FATAL] [OptiFine] Scaled too small texture: minecraft:particles/glow_0, 8 -> 16
[18:35:41] [ForkJoinPool.commonPool-worker-1/FATAL] [OptiFine] Scaled too small texture: minecraft:particles/glow_6, 8 -> 16
[18:35:41] [ForkJoinPool.commonPool-worker-1/FATAL] [OptiFine] Scaled too small texture: minecraft:particles/glow_5, 8 -> 16
[18:35:41] [ForkJoinPool.commonPool-worker-1/FATAL] [OptiFine] Scaled too small texture: minecraft:particles/glow_4, 8 -> 16
[18:35:41] [ForkJoinPool.commonPool-worker-1/FATAL] [OptiFine] Scaled too small texture: minecraft:particles/glow_3, 8 -> 16
[18:35:41] [ForkJoinPool.commonPool-worker-1/FATAL] [OptiFine] Scaled too small texture: minecraft:particles/glow_9, 8 -> 16
[18:35:41] [ForkJoinPool.commonPool-worker-1/FATAL] [OptiFine] Scaled too small texture: minecraft:particles/glow_8, 8 -> 16
[18:35:41] [ForkJoinPool.commonPool-worker-1/FATAL] [OptiFine] Scaled too small texture: minecraft:particles/glow_7, 8 -> 16
[18:35:41] [ForkJoinPool.commonPool-worker-1/FATAL] [OptiFine] Scaled too small texture: minecraft:particles/glow_11, 8 -> 16
[18:35:41] [ForkJoinPool.commonPool-worker-1/FATAL] [OptiFine] Scaled too small texture: minecraft:particles/glow_10, 8 -> 16
[18:35:41] [ForkJoinPool.commonPool-worker-1/FATAL] [OptiFine] Scaled too small texture: minecraft:particles/glow_13, 8 -> 16
[18:35:41] [ForkJoinPool.commonPool-worker-1/FATAL] [OptiFine] Scaled too small texture: minecraft:particles/glow_12, 8 -> 16
[18:35:41] [ForkJoinPool.commonPool-worker-1/FATAL] [OptiFine] Scaled too small texture: minecraft:particles/glow_15, 8 -> 16
[18:35:41] [ForkJoinPool.commonPool-worker-1/FATAL] [OptiFine] Scaled too small texture: minecraft:particles/glow_14, 8 -> 16
[18:35:41] [ForkJoinPool.commonPool-worker-1/INFO] load sprites for 15ms
[18:35:41] [ForkJoinPool.commonPool-worker-1/INFO] Created: 1024x1024 textures-atlas in 46ms
[18:35:41] [ForkJoinPool.commonPool-worker-6/INFO] [DEBUG] Atlas assembly for 5.086ms
[18:35:41] [Client thread/INFO] [DEBUG] upload atlas for 1.207ms
[18:35:41] [Client thread/INFO] [DEBUG] Generate mipmaps for 0.003ms
[18:35:41] [Client thread/INFO] [OptiFine] Animated sprites: 0
[18:35:41] [Client thread/INFO] [OptiFine] CustomColors: Loading mcpatcher/color.properties
[18:35:41] [Client thread/INFO] Textures loaded for 710.189ms
[18:35:52] [Network thread/INFO] Protocol upgrade mask: 157
[18:35:52] [Network thread/INFO] Upgrading protocol
[18:35:52] [Client thread/INFO] [STDOUT]: [Enginex v5.16.1 - Wada] [Wada/debug] reload requested: ServerConnect
[18:35:52] [Client thread/INFO] [STDOUT]: [Enginex v5.16.1 - Wada] [Wada/debug] cleanAndReload begin: sessionId=5, awaitingHandshake=true
[18:35:52] [Client thread/INFO] [STDOUT]: [Enginex v5.16.1 - Wada] VAO support: true
[18:35:52] [Client thread/INFO] [STDOUT]: [Enginex v5.16.1 - Wada] Initialization with mod Wada
[18:35:52] [Client thread/INFO] [STDOUT]: [Enginex v5.16.1 - Wada] Successfully initialized
[18:35:52] [Client thread/INFO] Joining server Хаб #3
[18:35:53] [Client thread/INFO] Loaded mod Visual Driver/4af25f4f-9390-6d69-a3c0-283ebf411bce v3.8.31+9da32142 in 5 ms
[18:35:53] [Client thread/INFO] Loaded mod HubMod/2e343ee2-14ca-dd0a-a0f2-94b9aac71bf7 v1.4.5 in 8 ms
[18:35:54] [Client thread/INFO] [STDOUT]: [Enginex v5.16.1 - Wada] [Wada/debug] handshake complete (w4:load), awaitingHandshake=false, sessionId=5
[18:35:58] [Network thread/INFO] Protocol upgrade mask: 157
[18:35:58] [Network thread/INFO] Upgrading protocol
[18:35:58] [Client thread/INFO] Invalidating server data
[18:35:58] [Client thread/INFO] Unloading mod HubMod/2e343ee2-14ca-dd0a-a0f2-94b9aac71bf7
[18:35:58] [Client thread/INFO] Unloading mod Visual Driver/4af25f4f-9390-6d69-a3c0-283ebf411bce
[18:35:58] [Client thread/INFO] [STDOUT]: [Enginex v5.16.1 - Wada] [Wada/debug] reload requested: ServerSwitch
[18:35:58] [Client thread/INFO] [STDOUT]: [Enginex v5.16.1 - Wada] [Wada/debug] cleanAndReload begin: sessionId=6, awaitingHandshake=true
[18:35:58] [Client thread/INFO] [STDOUT]: [Enginex v5.16.1 - Wada] VAO support: true
[18:35:58] [Client thread/INFO] [STDOUT]: [Enginex v5.16.1 - Wada] Initialization with mod Wada
[18:35:58] [Client thread/INFO] [STDOUT]: [Enginex v5.16.1 - Wada] Successfully initialized
[18:35:58] [Client thread/INFO] Found file C:\Users\tveiv\.cristalix\updates\Minigames\server-resource-packs\40bb4597c7ce6b5b4690666d2a8804747a202ba3 matching requested hash 2a33a213ea168e73eaf34aeab631978eb6603e7b
[18:35:58] [Client thread/INFO] Cache hit
[18:35:58] [Client thread/INFO] Joining server VoidGame #3
[18:35:58] [Client thread/INFO] Reloading ResourceManager: assets-addon.jar, Default, 40bb4597c7ce6b5b4690666d2a8804747a202ba3
[18:35:58] [Client thread/WARN] Missing sound for event: minecraft:entity.turtle.ambient
[18:35:58] [Client thread/WARN] Missing sound for event: minecraft:entity.turtle.baby_hurt
[18:35:58] [Client thread/WARN] Missing sound for event: minecraft:entity.turtle.hurt
[18:35:58] [Client thread/WARN] Missing sound for event: minecraft:entity.turtle.baby_death
[18:35:58] [Client thread/WARN] Missing sound for event: minecraft:entity.turtle.death
[18:35:58] [Client thread/WARN] Missing sound for event: minecraft:entity.turtle.baby_step
[18:35:58] [Client thread/WARN] Missing sound for event: minecraft:entity.turtle.step
[18:35:58] [Client thread/WARN] Missing sound for event: minecraft:entity.turtle.swim
[18:35:58] [Client thread/WARN] Missing sound for event: minecraft:block.turtle_egg.crack
[18:35:58] [Client thread/WARN] Missing sound for event: minecraft:block.turtle_egg.egg_break
[18:35:58] [Client thread/WARN] Missing sound for event: minecraft:block.turtle_egg.fall
[18:35:58] [Client thread/WARN] Missing sound for event: minecraft:block.turtle_egg.hatch
[18:35:58] [Client thread/INFO] SoundSystem shutting down...
[18:35:58] [Client thread/WARN] Author: Paul Lamb, www.paulscode.com
[18:35:58] [Client thread/INFO] Starting up SoundSystem...
[18:35:58] [Thread-44/INFO] Initializing LWJGL OpenAL
[18:35:58] [Thread-44/INFO] (The LWJGL binding of OpenAL.  For more information, see http://www.lwjgl.org)
[18:35:58] [Thread-44/INFO] OpenAL audio device: OpenAL Soft on Динамики (MCHOSE V9 PRO)
[18:35:58] [Thread-44/INFO] OpenAL initialized.
[18:35:58] [Client thread/INFO] Sound engine reloaded
[18:35:58] [ForkJoinPool.commonPool-worker-4/WARN] Unable to load variant: axis=x from minecraft:lodestone#axis=x
[18:35:58] [ForkJoinPool.commonPool-worker-4/WARN] Unable to load variant: axis=y from minecraft:lodestone#axis=y
[18:35:58] [ForkJoinPool.commonPool-worker-4/WARN] Unable to load variant: axis=z from minecraft:lodestone#axis=z
[18:35:58] [ForkJoinPool.commonPool-worker-4/ERROR] Unable to load item model: 'minecraft:mcpatcher/cit/others/megumin_hat#inventory' for item: 'minecraft:mcpatcher/cit/others/megumin_hat'
[18:35:58] [ForkJoinPool.commonPool-worker-4/INFO] [OptiFine] Mipmap levels: 4
[18:35:58] [ForkJoinPool.commonPool-worker-4/INFO] [OptiFine] Multi-texturing: false
[18:35:58] [ForkJoinPool.commonPool-worker-4/INFO] [OptiFine] Multipass connected textures: false
[18:35:58] [ForkJoinPool.commonPool-worker-4/INFO] [OptiFine] BetterGrass: Parsing default configuration optifine/bettergrass.properties
[18:35:58] [ForkJoinPool.commonPool-worker-4/FATAL] [OptiFine] Scaled too small texture: minecraft:particles/glow_2, 8 -> 16
[18:35:58] [ForkJoinPool.commonPool-worker-4/FATAL] [OptiFine] Scaled too small texture: minecraft:particles/glow_1, 8 -> 16
[18:35:58] [ForkJoinPool.commonPool-worker-4/FATAL] [OptiFine] Scaled too small texture: minecraft:particles/glow_0, 8 -> 16
[18:35:58] [ForkJoinPool.commonPool-worker-4/FATAL] [OptiFine] Scaled too small texture: minecraft:particles/glow_6, 8 -> 16
[18:35:58] [ForkJoinPool.commonPool-worker-4/FATAL] [OptiFine] Scaled too small texture: minecraft:particles/glow_5, 8 -> 16
[18:35:58] [ForkJoinPool.commonPool-worker-4/FATAL] [OptiFine] Scaled too small texture: minecraft:particles/glow_4, 8 -> 16
[18:35:58] [ForkJoinPool.commonPool-worker-4/FATAL] [OptiFine] Scaled too small texture: minecraft:particles/glow_3, 8 -> 16
[18:35:58] [ForkJoinPool.commonPool-worker-4/FATAL] [OptiFine] Scaled too small texture: minecraft:particles/glow_9, 8 -> 16
[18:35:58] [ForkJoinPool.commonPool-worker-4/FATAL] [OptiFine] Scaled too small texture: minecraft:particles/glow_8, 8 -> 16
[18:35:58] [ForkJoinPool.commonPool-worker-4/FATAL] [OptiFine] Scaled too small texture: minecraft:particles/glow_7, 8 -> 16
[18:35:58] [ForkJoinPool.commonPool-worker-4/ERROR] Using missing texture, unable to load minecraft:textures/items/wooden_sword.png
[18:35:58] [ForkJoinPool.commonPool-worker-4/FATAL] [OptiFine] Scaled too small texture: minecraft:particles/glow_11, 8 -> 16
[18:35:58] [ForkJoinPool.commonPool-worker-4/FATAL] [OptiFine] Scaled too small texture: minecraft:particles/glow_10, 8 -> 16
[18:35:58] [ForkJoinPool.commonPool-worker-4/FATAL] [OptiFine] Scaled too small texture: minecraft:particles/glow_13, 8 -> 16
[18:35:58] [ForkJoinPool.commonPool-worker-4/FATAL] [OptiFine] Scaled too small texture: minecraft:particles/glow_12, 8 -> 16
[18:35:58] [ForkJoinPool.commonPool-worker-4/FATAL] [OptiFine] Scaled too small texture: minecraft:particles/glow_15, 8 -> 16
[18:35:58] [ForkJoinPool.commonPool-worker-4/FATAL] [OptiFine] Scaled too small texture: minecraft:particles/glow_14, 8 -> 16
[18:35:58] [ForkJoinPool.commonPool-worker-4/INFO] load sprites for 7ms
[18:35:58] [ForkJoinPool.commonPool-worker-4/INFO] Created: 1024x1024 textures-atlas in 23ms
[18:35:58] [Client thread/INFO] Start loading of mod VoidMod
[18:35:58] [Client thread/INFO] Loading mod VoidMod v1.0+089d877 by ZeksterP
[18:35:58] [Client thread/INFO] [STDOUT]: [Enginex v5.13.11-TEST-2 - VoidMod] VAO support: true
[18:35:59] [Client thread/INFO] [STDOUT]: [Enginex v5.13.11-TEST-2 - VoidMod] Initialization with mod VoidMod
[18:35:59] [Client thread/INFO] [STDOUT]: [Enginex v5.13.11-TEST-2 - VoidMod] Successfully initialized
[18:35:59] [Client thread/INFO] Loaded mod VoidMod v1.0+089d877 in 849 ms
[18:35:59] [Client thread/INFO] [STDOUT]: [Enginex v5.16.1 - Wada] [Wada/debug] handshake complete (w4:load), awaitingHandshake=false, sessionId=6
[18:35:59] [ForkJoinPool.commonPool-worker-4/INFO] [DEBUG] Atlas assembly for 71.814ms
[18:36:00] [Client thread/INFO] [DEBUG] upload atlas for 2.581ms
[18:36:00] [Client thread/INFO] [DEBUG] Generate mipmaps for 0.004ms
[18:36:00] [Client thread/INFO] [OptiFine] Animated sprites: 0
[18:36:00] [Client thread/INFO] [OptiFine] CustomColors: Loading mcpatcher/color.properties
[18:36:00] [Client thread/INFO] Textures loaded for 587.457ms
[18:36:02] [ForkJoinPool.commonPool-worker-3/ERROR] 95.129.234.97:25565: Internal Exception: java.net.ConnectException: Connection timed out: connect
[18:36:36] [Client thread/INFO] [CHAT] Авто-кликер включен
[18:36:50] [Client thread/INFO] [CHAT] Tveiv получил Собиратель мусора
[18:36:50] [Client thread/INFO] [CHAT] Получено 300 звезд
[18:36:53] [Client thread/INFO] [CHAT] Потеряно 200 звезд
[18:36:53] [Client thread/INFO] [CHAT] Tveiv получил Башня яркой Луны
[18:37:00] [Client thread/INFO] [CHAT] Получено 5 звезд
[18:37:00] [Client thread/INFO] [CHAT] Вам выпал Обугленный череп x1
[18:37:03] [Client thread/INFO] [CHAT] Получено 6 звезд
[18:38:42] [Client thread/INFO] [CHAT] Получено 5 звезд
[18:38:45] [Client thread/INFO] [CHAT] Получено 5 звезд
[18:38:45] [Client thread/INFO] [CHAT] Вам выпал Осколок фантазии Этоля x1
[18:38:46] [Client thread/INFO] [CHAT] Получено 5 звезд
[18:38:46] [Client thread/INFO] [CHAT] Вампиризм сброшен!
[18:38:46] [Client thread/INFO] [CHAT] Получено 5 звезд
[18:38:46] [Client thread/INFO] [CHAT] Вам выпал Изумруд x2
[18:38:46] [Client thread/INFO] [CHAT] Вам выпал Обугленный череп x1
[18:38:46] [Client thread/INFO] [CHAT] Вам выпал Осколок Луны x1
[18:38:46] [Client thread/INFO] [CHAT] Получено 12 звезд
[18:38:49] [Client thread/INFO] [CHAT] Tveiv получил Приманка
[18:38:54] [Client thread/INFO] [CHAT] [15] _Fonta_ » ! куда заклинание девать ненужные?
[18:38:58] [Client thread/INFO] [CHAT] \n  MEDIA ┃ quxaniii  запустил стрим!\n  Платформа: Twitch\n  Напишите /media для проcмотра активных трансляций\n 
[18:39:00] [Client thread/INFO] [CHAT] [30] D ┃ Razban » кушать
[18:39:01] [Client thread/INFO] [CHAT] [10] S ┃ Alonewild » Ледяная колыбель
[18:39:01] [Client thread/INFO] [CHAT] Получено 5 звезд
[18:39:03] [Client thread/INFO] [CHAT] Получено 5 звезд
[18:39:03] [Client thread/INFO] [CHAT] Вам выпал Обугленный череп x1
[18:39:15] [Client thread/INFO] [CHAT] Получено 5 звезд
[18:39:15] [Client thread/INFO] [CHAT] Получено 6 звезд
[18:39:18] [Client thread/INFO] [CHAT] Получено 5 звезд
[18:39:23] [Client thread/INFO] [CHAT] Получено 5 звезд
[18:39:23] [Client thread/INFO] [CHAT] Получено 5 звезд
[18:39:31] [Client thread/INFO] [CHAT] Получено 7 звезд
[18:39:33] [Client thread/INFO] [CHAT] Вампиризм сброшен!
[18:39:35] [Client thread/INFO] [CHAT] Получено 6 звезд
[18:39:35] [Client thread/INFO] [CHAT] Вам выпал Изумруд x1
[18:39:37] [Client thread/INFO] [CHAT] Вампиризм сброшен!
[18:39:38] [Client thread/INFO] [CHAT] Вампиризм сброшен!
[18:39:38] [Client thread/INFO] [CHAT] Вампиризм сброшен!
[18:39:40] [Client thread/INFO] [CHAT] Вампиризм сброшен!
[18:39:41] [Client thread/INFO] [CHAT] Получено 6 звезд
[18:39:42] [Client thread/INFO] [CHAT] Вампиризм сброшен!
[18:39:42] [Client thread/INFO] [CHAT] Получено 5 звезд
[18:39:42] [Client thread/INFO] [CHAT] Вам выпал Изумруд x1
[18:39:42] [Client thread/INFO] [CHAT] Вам выпал Обугленный череп x1
[18:39:42] [Client thread/INFO] [CHAT] Вам выпал Осколок фантазии Этоля x1
[18:39:43] [Client thread/INFO] [CHAT] Получено 5 звезд
[18:39:43] [Client thread/INFO] [CHAT] Вампиризм сброшен!
[18:39:45] [Client thread/INFO] [CHAT] Получено 5 звезд
[18:39:48] [Client thread/INFO] [CHAT] Получено 5 звезд
[18:39:48] [Client thread/INFO] [CHAT] Вам выпал Серебряная звезда зачарования x1
[18:39:48] [Client thread/INFO] [CHAT] Получено 16 звезд
[18:39:51] [Client thread/INFO] [CHAT] Tveiv получил Двигайся, как камень
[18:39:55] [Client thread/INFO] [CHAT] Получено 5 звезд
[18:39:56] [Client thread/INFO] [CHAT] Получено 5 звезд
[18:40:08] [Client thread/INFO] [CHAT] Вампиризм сброшен!
[18:40:14] [Client thread/INFO] [CHAT] Получено 5 звезд
[18:40:18] [Client thread/INFO] [CHAT] Получено 5 звезд
[18:40:21] [Client thread/INFO] [CHAT] Вампиризм сброшен!
[18:40:23] [Client thread/INFO] [CHAT] Вампиризм сброшен!
[18:40:23] [Client thread/INFO] [CHAT] На Вас наложен Яростный взор, Вы получаете урон, когда смотрите на существ
[18:40:23] [Client thread/INFO] [CHAT] Вампиризм сброшен!
[18:40:24] [Client thread/INFO] [CHAT] Получено 6 звезд
[18:40:24] [Client thread/INFO] [CHAT] Получено 7 звезд
[18:40:24] [Client thread/INFO] [CHAT] Вам выпал Осколок Луны x1
[18:40:24] [Client thread/INFO] [CHAT] Получено 21 звезд
[18:40:24] [Client thread/INFO] [CHAT] Получено 5 звезд
[18:40:27] [Client thread/INFO] [CHAT] Tveiv получил Паранойя Победителя
[18:40:28] [Client thread/INFO] [CHAT] Получено 5 звезд
[18:40:28] [Client thread/INFO] [CHAT] Вам выпал Обугленный череп x1
[18:40:28] [Client thread/INFO] [CHAT] Получено 5 звезд
[18:40:28] [Client thread/INFO] [CHAT] Вам выпал Обугленный череп x1
[18:40:30] [Client thread/INFO] [CHAT] Получено 5 звезд
[18:40:30] [Client thread/INFO] [CHAT] Вам выпал Изумруд x2
[18:40:30] [Client thread/INFO] [CHAT] Получено 5 звезд
[18:40:30] [Client thread/INFO] [CHAT] Вам выпал Обугленный череп x1
[18:40:39] [Client thread/INFO] [CHAT] Получено 5 звезд
[18:40:45] [Client thread/INFO] [CHAT] Получено 6 звезд
[18:40:45] [Client thread/INFO] [CHAT] Вам выпал Изумруд x1
[18:40:57] [Client thread/INFO] [CHAT] Получено 5 звезд
[18:41:02] [Client thread/INFO] [CHAT] Получено 5 звезд
[18:41:04] [Client thread/INFO] [CHAT] [30] V ┃ Paranoiid » [Уничтожение ⚝ +5]
[18:41:08] [Client thread/INFO] [CHAT] Получено 5 звезд
[18:41:16] [Client thread/INFO] [CHAT] [30] P ┃ Tveiv » авыхыавхаывх
[18:41:19] [Client thread/INFO] [CHAT] Получено 5 звезд
[18:41:24] [Client thread/INFO] [CHAT] Получено 5 звезд
[18:41:32] [Client thread/INFO] [CHAT] Получено 6 звезд
[18:41:32] [Client thread/INFO] [CHAT] Получено 5 звезд
[18:41:34] [Client thread/INFO] [CHAT] [21] V ┃ RatBurger » [Куртка из кошмара ♆ +8]
[18:41:40] [Client thread/INFO] [CHAT] Получено 5 звезд
[18:41:45] [Client thread/INFO] [CHAT] Получено 5 звезд
[18:41:50] [Client thread/INFO] [CHAT] Получено 5 звезд
[18:41:50] [Client thread/INFO] [CHAT] Получено 5 звезд
[18:41:51] [Client thread/INFO] [CHAT] Получено 5 звезд
[18:41:57] [Client thread/INFO] [CHAT] Вы стали стеклянным! Вы умрете, если получите урон 10 раз
[18:41:58] [Client thread/INFO] [CHAT] [1] S ┃ Todak » как тут играть
[18:42:03] [Client thread/INFO] [CHAT] [1] S ┃ Todak » бригу парни
[18:42:03] [Client thread/INFO] [CHAT] [30] V ┃ Paranoiid » хз
[18:42:08] [Client thread/INFO] [CHAT] [30] V ┃ Paranoiid » Научишь?
[18:42:12] [Client thread/INFO] [CHAT] [1] S ┃ Todak » ну реал
[18:42:29] [Client thread/INFO] [CHAT] [21] V ┃ RatBurger » Ну типа берёшь чистишь волны тебе выпадають ништяки ты их точишь и становишься крутым
[18:42:39] [Client thread/INFO] [CHAT] [1] S ┃ Todak » а как волну запустить
[18:42:40] [Client thread/INFO] [CHAT] На Вас наложено Проклятие Страха, Ваш вампиризм заблокирован
[18:42:40] [Client thread/INFO] [CHAT] Получено 5 звезд
[18:42:40] [Client thread/INFO] [CHAT] Вам выпал Изумруд x13
[18:42:40] [Client thread/INFO] [CHAT] Вам выпал Обугленный череп x6
[18:42:40] [Client thread/INFO] [CHAT] Вам выпал Серебряная звезда зачарования x1
[18:42:40] [Client thread/INFO] [CHAT] Вам выпал Благословенная серебряная звезда зачарования x1
[18:42:40] [Client thread/INFO] [CHAT] Вам выпал Осколок фантазии Этоля x1
[18:42:40] [Client thread/INFO] [CHAT] Получено 5 звезд
[18:42:43] [Client thread/INFO] [CHAT] [1] S ┃ Todak » g не робит
[18:42:55] [Client thread/INFO] [CHAT] [2] D ┃ qPuTbKyC » а тут донат есть?
[18:42:59] [Client thread/INFO] [CHAT] [25] D ┃ Oliivia » урона нет вообще..
[18:43:18] [Client thread/INFO] [CHAT] [21] V ┃ RatBurger » ну вот нпс запуск там запускаешься
[18:43:19] [Client thread/INFO] [CHAT] Потеряно 200 звезд
[18:43:19] [Client thread/INFO] [CHAT] Tveiv получил Стеклянная кукла
[18:43:30] [Client thread/INFO] [CHAT] Получено 6 звезд
[18:43:34] [Client thread/INFO] [CHAT] Получено 5 звезд
[18:43:39] [Client thread/INFO] [CHAT] Получено 5 звезд
[18:43:41] [Client thread/INFO] [CHAT] Получено 5 звезд
[18:43:42] [Client thread/INFO] [CHAT] Получено 5 звезд
[18:43:44] [Client thread/INFO] [CHAT] Получено 5 звезд
[18:43:44] [Client thread/INFO] [CHAT] Вам выпал Изумруд x2
[18:43:48] [Client thread/INFO] [CHAT] Получено 5 звезд
[18:43:54] [Client thread/INFO] [CHAT] Получено 5 звезд
[18:43:55] [Client thread/INFO] [CHAT] Получено 5 звезд
[18:43:55] [Client thread/INFO] [CHAT] Вам выпал Обугленный череп x1
[18:43:58] [Client thread/INFO] [CHAT] Получено 5 звезд
[18:44:00] [Client thread/INFO] [CHAT] Получено 5 звезд
[18:44:00] [Client thread/INFO] [CHAT] Вам выпал Осколок фантазии Этоля x1
[18:44:04] [Client thread/INFO] [CHAT] Получено 5 звезд
[18:44:04] [Client thread/INFO] [CHAT] Вам выпал Благословенная серебряная звезда зачарования x1
[18:44:04] [Client thread/INFO] [CHAT] Получено 5 звезд
[18:44:04] [Client thread/INFO] [CHAT] Вам выпал Серебряная звезда зачарования x1
[18:44:04] [Client thread/INFO] [CHAT] Вам выпал Осколок фантазии Этоля x1
[18:44:04] [Client thread/INFO] [CHAT] Получено 8 звезд
[18:44:05] [Client thread/INFO] [CHAT] Получено 5 звезд
[18:44:05] [Client thread/INFO] [CHAT] Получено 5 звезд
[18:44:05] [Client thread/INFO] [CHAT] Получено 5 звезд
[18:44:07] [Client thread/INFO] [CHAT] Tveiv получил Проклятие
[18:44:31] [Client thread/INFO] [CHAT] Получено 5 звезд
[18:44:32] [Client thread/INFO] [CHAT] Получено 5 звезд
[18:44:32] [Client thread/INFO] [CHAT] Получено 21 звезд
[18:44:34] [Client thread/INFO] [CHAT] Tveiv получил Нож на перестрелке
[18:44:42] [Client thread/INFO] [CHAT] Получено 8 звезд
[18:44:50] [Client thread/INFO] [CHAT] Получено 5 звезд
[18:44:52] [Client thread/INFO] [CHAT] Получено 5 звезд
[18:44:54] [Client thread/INFO] [CHAT] Получено 5 звезд
[18:44:57] [Client thread/INFO] [CHAT] Получено 5 звезд
[18:44:57] [Client thread/INFO] [CHAT] Вам выпал Изумруд x2
[18:44:57] [Client thread/INFO] [CHAT] Вампиризм сброшен!
[18:44:58] [Client thread/INFO] [CHAT] Получено 5 звезд
[18:44:58] [Client thread/INFO] [CHAT] Вампиризм сброшен!
[18:44:58] [Client thread/INFO] [CHAT] Получено 5 звезд
[18:45:04] [Client thread/INFO] [CHAT] Получено 6 звезд
[18:45:04] [Client thread/INFO] [CHAT] Получено 5 звезд
[18:45:04] [Client thread/INFO] [CHAT] Получено 5 звезд
[18:45:09] [Client thread/INFO] [CHAT] Получено 5 звезд
[18:45:18] [Client thread/INFO] [CHAT] [30] I ┃ JonY_00 » [Жертва ритуалу ♡ +9]
[18:45:24] [Client thread/INFO] [CHAT] Получено 5 звезд
[18:45:28] [Client thread/INFO] [CHAT] Получено 5 звезд
[18:45:29] [Client thread/INFO] [CHAT] Получено 5 звезд
[18:45:33] [Client thread/INFO] [CHAT] Получено 5 звезд
[18:45:35] [Client thread/INFO] [CHAT] Получено 5 звезд
[18:45:35] [Client thread/INFO] [CHAT] [26] D ┃ Latcher » бро,как клинки расимы работают
[18:45:41] [Client thread/INFO] [CHAT] [26] D ┃ Latcher » ?
[18:45:42] [Client thread/INFO] [CHAT] Получено 5 звезд
[18:45:43] [Client thread/INFO] [CHAT] Получено 5 звезд
[18:45:43] [Client thread/INFO] [CHAT] Вам выпал Серебряная звезда зачарования x1
[18:45:43] [Client thread/INFO] [CHAT] Вам выпал Осколок фантазии Этоля x1
[18:45:43] [Client thread/INFO] [CHAT] Получено 5 звезд
[18:45:51] [Client thread/INFO] [CHAT] Получено 8 звезд
[18:45:51] [Client thread/INFO] [CHAT] Вам выпал Изумруд x2
[18:45:51] [Client thread/INFO] [CHAT] Вам выпал Обугленный череп x1
[18:45:51] [Client thread/INFO] [CHAT] Получено 16 звезд
[18:45:53] [Client thread/INFO] [CHAT] Tveiv получил Шестерёнки страха
[18:45:53] [Client thread/INFO] [CHAT] Вампиризм сброшен!
[18:45:54] [Client thread/INFO] [CHAT] Получено 5 звезд
[18:45:54] [Client thread/INFO] [CHAT] Вам выпал Обугленный череп x1
[18:45:54] [Client thread/INFO] [CHAT] Получено 6 звезд
[18:45:54] [Client thread/INFO] [CHAT] Вам выпал Обугленный череп x1
[18:46:14] [Client thread/INFO] [CHAT] Получено 8 звезд
[18:46:17] [Client thread/INFO] [CHAT] Получено 7 звезд
[18:46:25] [Client thread/INFO] [CHAT] Получено 5 звезд
[18:46:25] [Client thread/INFO] [CHAT] Вам выпал Обугленный череп x1
[18:46:27] [Client thread/INFO] [CHAT] [30] V ┃ Paranoiid » Морф
[18:46:28] [Client thread/INFO] [CHAT] Получено 5 звезд
[18:46:29] [Client thread/INFO] [CHAT] Получено 5 звезд
[18:46:29] [Client thread/INFO] [CHAT] Вам выпал Изумруд x2
[18:46:29] [Client thread/INFO] [CHAT] Получено 5 звезд
[18:46:29] [Client thread/INFO] [CHAT] Получено 5 звезд
[18:46:29] [Client thread/INFO] [CHAT] Получено 5 звезд
[18:46:29] [Client thread/INFO] [CHAT] Получено 18 звезд
[18:46:29] [Client thread/INFO] [CHAT] Получено 5 звезд
[18:46:30] [Client thread/INFO] [CHAT] Получено 5 звезд
[18:46:30] [Client thread/INFO] [CHAT] Вам выпал Изумруд x1
[18:46:30] [Client thread/INFO] [CHAT] Получено 5 звезд
[18:46:30] [Client thread/INFO] [CHAT] Получено 5 звезд
[18:46:30] [Client thread/INFO] [CHAT] Получено 5 звезд
[18:46:31] [Client thread/INFO] [CHAT] [30] V ┃ Paranoiid » Ку
[18:46:31] [Client thread/INFO] [CHAT] Tveiv получил Сплетение теней x2
[18:46:34] [Client thread/INFO] [CHAT] [1] HE ┃ Kendelucky_morf » ! Здарова
[18:46:37] [Client thread/INFO] [CHAT] [30] G ┃ Exidaee » [Карта созвездий]
[18:46:39] [Client thread/INFO] [CHAT] [30] V ┃ Paranoiid » ! не надо
[18:46:44] [Client thread/INFO] [CHAT] [1] HE ┃ Kendelucky_morf » ! буду
[18:46:44] [Client thread/INFO] [CHAT] Получено 8 звезд
[18:46:49] [Client thread/INFO] [CHAT] [30] V ┃ Paranoiid » Окей)\
[18:46:51] [Client thread/INFO] [CHAT] Получено 5 звезд
[18:46:51] [Client thread/INFO] [CHAT] Вам выпал Изумруд x1
[18:46:58] [Client thread/INFO] [CHAT] Получено 5 звезд
[18:46:58] [Client thread/INFO] [CHAT] Вам выпал Изумруд x2
[18:47:01] [Client thread/INFO] [CHAT] [5] D ┃ HIVE09 » da
[18:47:02] [Client thread/INFO] [CHAT] Получено 5 звезд
[18:47:06] [Client thread/INFO] [CHAT] Получено 5 звезд
[18:47:06] [Client thread/INFO] [CHAT] Вам выпал Изумруд x2
[18:47:11] [Client thread/INFO] [CHAT] Получено 5 звезд
[18:47:16] [Client thread/INFO] [CHAT] Получено 5 звезд
[18:47:20] [Client thread/INFO] [CHAT] Получено 5 звезд
[18:47:20] [Client thread/INFO] [CHAT] Вам выпал Изумруд x1
[18:47:24] [Client thread/INFO] [CHAT] Получено 5 звезд
[18:47:24] [Client thread/INFO] [CHAT] Вам выпал Изумруд x1
[18:47:26] [Client thread/INFO] [CHAT] Получено 5 звезд
[18:47:31] [Client thread/INFO] [CHAT] Получено 6 звезд
[18:47:43] [Client thread/INFO] [CHAT] Получено 8 звезд
[18:47:45] [Client thread/INFO] [CHAT] Получено 5 звезд
[18:47:50] [Client thread/INFO] [CHAT] Получено 5 звезд
[18:47:53] [Client thread/INFO] [CHAT] Получено 5 звезд
[18:47:57] [Client thread/INFO] [CHAT] Получено 5 звезд
[18:48:01] [Client thread/INFO] [CHAT] Получено 5 звезд
[18:48:04] [Client thread/INFO] [CHAT] Получено 6 звезд
[18:48:08] [Client thread/INFO] [CHAT] Получено 5 звезд
[18:48:31] [Client thread/INFO] [CHAT] Получено 5 звезд
[18:48:31] [Client thread/INFO] [CHAT] Вам выпал Обугленный череп x1
[18:48:35] [Client thread/INFO] [CHAT] Получено 5 звезд
[18:48:47] [Client thread/INFO] [CHAT] Получено 7 звезд
[18:48:48] [Client thread/INFO] [CHAT] Что-то произошло. 1/4
[18:48:53] [Client thread/INFO] [CHAT] Вы стали стеклянным! Вы умрете, если получите урон 10 раз
[18:49:04] [Client thread/INFO] [CHAT] Получено 5 звезд
[18:49:13] [Client thread/INFO] [CHAT] Получено 6 звезд
[18:49:15] [Client thread/INFO] [CHAT] Получено 5 звезд
[18:49:21] [Client thread/INFO] [CHAT] Получено 5 звезд
[18:49:21] [Client thread/INFO] [CHAT] Вам выпал Изумруд x1
[18:49:24] [Client thread/INFO] [CHAT] Получено 6 звезд
[18:49:24] [Client thread/INFO] [CHAT] Вам выпал Осколок фантазии Этоля x1
[18:49:29] [Client thread/INFO] [CHAT] Получено 5 звезд
[18:49:29] [Client thread/INFO] [CHAT] Вам выпал Обугленный череп x1
[18:49:32] [Client thread/INFO] [CHAT] Получено 5 звезд
[18:49:32] [Client thread/INFO] [CHAT] Вам выпал Серебряная звезда зачарования x1
[18:49:36] [Client thread/INFO] [CHAT] Получено 5 звезд
[18:49:36] [Client thread/INFO] [CHAT] Вам выпал Осколок фантазии Этоля x1
[18:49:43] [Client thread/INFO] [CHAT] Получено 5 звезд
[18:49:43] [Client thread/INFO] [CHAT] Вам выпал Серебряная звезда зачарования x1
[18:49:43] [Client thread/INFO] [CHAT] Получено 5 звезд
[18:49:46] [Client thread/INFO] [CHAT] Получено 5 звезд
[18:49:54] [Client thread/INFO] [CHAT] Получено 5 звезд
[18:49:54] [Client thread/INFO] [CHAT] Вам выпал Изумруд x1
[18:49:54] [Client thread/INFO] [CHAT] Получено 5 звезд
[18:49:58] [Client thread/INFO] [CHAT] Получено 5 звезд
[18:50:07] [Client thread/INFO] [CHAT] Наследница Бедствия: Вы явились в самый разгар событий. Перед нашей битвой, давайте хотя бы представимся. Я - Мальфиса Флеу, единственная достойная Наследница Бедствия.
[18:50:14] [Client thread/INFO] [CHAT] Наследница Бедствия: Разрушение.
[18:50:22] [Client thread/INFO] [CHAT] Наследница Бедствия: Кажется, дышать становится все тяжелее..
[18:50:33] [Client thread/INFO] [CHAT] Наследница Бедствия: Давайте на чистоту: я рада, что вы сами пришли ко мне, ловить вас было бы слишком расточительно по времени.
[18:50:34] [Client thread/INFO] [CHAT] Наследница Бедствия: Разрушение.
[18:50:43] [Client thread/INFO] [CHAT] Наследница Бедствия: Кажется, дышать становится все тяжелее..
[18:50:54] [Client thread/INFO] [CHAT] Наследница Бедствия: Разрушение.
[18:51:02] [Client thread/INFO] [CHAT] Наследница Бедствия: Кажется, дышать становится все тяжелее..
[18:51:11] [Client thread/INFO] [CHAT] Наследница Бедствия: Вы потеряли оружие и доблесть. Исход этого боя уже предрешён.
[18:51:16] [Client thread/INFO] [CHAT] Наследница Бедствия: Меч света разорвет вас на части!
[18:51:26] [Client thread/INFO] [CHAT] Наследница Бедствия: Я очень долго собирала себе армию, неужели вы думали, что я буду сражаться одна?
[18:51:35] [Client thread/INFO] [CHAT] Наследница Бедствия: Меч света разорвет вас на части!
[18:51:54] [Client thread/INFO] [CHAT] Наследница Бедствия: Меч света разорвет вас на части!
[18:51:55] [Client thread/INFO] [CHAT] Наследница Бедствия: Пора заканчивать..
[18:51:59] [Client thread/INFO] [CHAT] Наследница Бедствия: Раб души!
[18:52:01] [Client thread/INFO] [CHAT] Наследница Бедствия: Теперь, я лично вас обезглавлю.
[18:52:13] [Client thread/INFO] [CHAT] Наследница Бедствия: Меч света разорвет вас на части!
[18:52:24] [Client thread/INFO] [CHAT] Наследница Бедствия: Вы сами пришли в театр отчаяния! Даже если проиграю, я заберу вас с собой!
[18:52:32] [Client thread/INFO] [CHAT] Наследница Бедствия: Меч света разорвет вас на части!
[18:52:49] [Client thread/INFO] [CHAT] Получено 5 звезд
[18:52:49] [Client thread/INFO] [CHAT] Вам выпал Изумруд x52
[18:52:49] [Client thread/INFO] [CHAT] Вам выпал Обугленный череп x2
[18:52:49] [Client thread/INFO] [CHAT] Вам выпал Серебряная звезда зачарования x1
[18:52:49] [Client thread/INFO] [CHAT] Вам выпал Благословенная серебряная звезда зачарования x1
[18:52:49] [Client thread/INFO] [CHAT] Вам выпал Осколок фантазии Этоля x1
[18:52:49] [Client thread/INFO] [CHAT] Вам выпал Звёздная шкатулка Этоля x1
[18:52:49] [Client thread/INFO] [CHAT] Получено 5 звезд
[18:52:49] [Client thread/INFO] [CHAT] Вам выпал Благословенная серебряная звезда зачарования x1
[18:52:54] [Client thread/ERROR] Error on handle event #WaxMW in Mod{name='VoidMod', version='1.0+089d877', persistent=false, delegate=dev.a.a.a, modState=LOADED}
java.lang.NullPointerException: Cannot invoke "!#vqIrQ.ayV(String)" because the return value of "!#XIUjS.eja()" is null
	at VoidMod-v1.0+089d877//dev.a.a.i.b.a(SourceFile:3095)
	at VoidMod-v1.0+089d877//dev.a.a.i.b.injectedLambda$a$1(SourceFile)
	at #BHMxk.sanH(Unknown Source:56)
	at #EDvEB.kcv(Unknown Source)
	at #EDvEB.accept(Unknown Source)
	at #gthWo.shRq(SourceFile:105)
	at #RczXx.iHk(Unknown Source)
	at #RczXx.accept(Unknown Source)
	at #tZnke.sjcO(SourceFile:59)
	at #cCSpT.Ib(SourceFile)
	at #cVHnR.seEn(Unknown Source:89)
	at #GItiT.sfDZ(SourceFile:100)
	at #CFNmt.dZG(SourceFile)
	at #eFdzA.sgmB(SourceFile:50)
	at #IziuD.sbAk(SourceFile:3665)
	at #KLfhq.syS(SourceFile:2346)
	at #NMJuQ.bvu(SourceFile)
	at #yIWTs.snwq(SourceFile:206)
	at #FiZhE.sltv(SourceFile:469)
	at #zVeRA.scjA(SourceFile:29)
	at #esBRw.scLa(SourceFile:10)
	at #HnjFk.run(SourceFile:32)
	at #MuqgW.smMh(SourceFile:40)
	at #rArYX.sggH(SourceFile:11)
	at java.base/java.util.concurrent.FutureTask.run(Unknown Source)
	at #ankXZ.skOv(SourceFile:45)
	at #bBoCn.fLx(SourceFile:52)
	at #lABBH.sgvJ(Unknown Source:1466)
	at #ZQCSx.shqa(SourceFile:1632)
	at #kQsKH.smKh(SourceFile:487)
	at net.minecraft.client.main.GameMain.mgm(SourceFile:220)
	at net.minecraft.client.main.GameMain.iLJ(SourceFile:156)
	at #cnUTs.lIs(Unknown Source)
	at #cnUTs.run(Unknown Source)
	at java.base/java.lang.Thread.run(Unknown Source)
[18:53:00] [Client thread/INFO] [CHAT] Получено 5 звезд
[18:53:06] [Client thread/ERROR] Error on handle event #WaxMW in Mod{name='VoidMod', version='1.0+089d877', persistent=false, delegate=dev.a.a.a, modState=LOADED}
java.lang.NullPointerException: Cannot invoke "!#vqIrQ.ayV(String)" because the return value of "!#XIUjS.eja()" is null
	at VoidMod-v1.0+089d877//dev.a.a.i.b.a(SourceFile:3095)
	at VoidMod-v1.0+089d877//dev.a.a.i.b.injectedLambda$a$1(SourceFile)
	at #BHMxk.sanH(Unknown Source:56)
	at #EDvEB.kcv(Unknown Source)
	at #EDvEB.accept(Unknown Source)
	at #gthWo.shRq(SourceFile:105)
	at #RczXx.iHk(Unknown Source)
	at #RczXx.accept(Unknown Source)
	at #tZnke.sjcO(SourceFile:59)
	at #cCSpT.Ib(SourceFile)
	at #cVHnR.seEn(Unknown Source:89)
	at #GItiT.sfDZ(SourceFile:100)
	at #CFNmt.dZG(SourceFile)
	at #eFdzA.sgmB(SourceFile:50)
	at #IziuD.sbAk(SourceFile:3665)
	at #KLfhq.syS(SourceFile:2346)
	at #NMJuQ.bvu(SourceFile)
	at #yIWTs.snwq(SourceFile:206)
	at #FiZhE.sltv(SourceFile:469)
	at #zVeRA.scjA(SourceFile:29)
	at #esBRw.scLa(SourceFile:10)
	at #HnjFk.run(SourceFile:32)
	at #MuqgW.smMh(SourceFile:40)
	at #rArYX.sggH(SourceFile:11)
	at java.base/java.util.concurrent.FutureTask.run(Unknown Source)
	at #ankXZ.skOv(SourceFile:45)
	at #bBoCn.fLx(SourceFile:52)
	at #lABBH.sgvJ(Unknown Source:1466)
	at #ZQCSx.shqa(SourceFile:1632)
	at #kQsKH.smKh(SourceFile:487)
	at net.minecraft.client.main.GameMain.mgm(SourceFile:220)
	at net.minecraft.client.main.GameMain.iLJ(SourceFile:156)
	at #cnUTs.lIs(Unknown Source)
	at #cnUTs.run(Unknown Source)
	at java.base/java.lang.Thread.run(Unknown Source)
[18:53:09] [Client thread/INFO] [CHAT] Получено 5 звезд
[18:53:09] [Client thread/INFO] [CHAT] Получено 5 звезд
[18:53:09] [Client thread/INFO] [CHAT] Вам выпал Обугленный череп x1
[18:53:14] [Client thread/INFO] [CHAT] Получено 6 звезд
[18:53:20] [Client thread/INFO] [CHAT] Получено 6 звезд
[18:53:25] [Client thread/INFO] [CHAT] Получено 5 звезд
[18:53:25] [Client thread/INFO] [CHAT] Вам выпал Изумруд x1
[18:53:25] [Client thread/INFO] [CHAT] Получено 5 звезд
[18:53:25] [Client thread/INFO] [CHAT] Вам выпал Обугленный череп x1
[18:53:33] [Client thread/INFO] [CHAT] Получено 5 звезд
[18:53:39] [Client thread/INFO] [CHAT] Получено 5 звезд
[18:53:39] [Client thread/INFO] [CHAT] Вам выпал Обугленный череп x1
[18:53:47] [Client thread/INFO] [CHAT] Получено 5 звезд
[18:53:47] [Client thread/INFO] [CHAT] Получено 5 звезд
[18:53:49] [Client thread/INFO] [CHAT] Получено 5 звезд
[18:53:53] [Client thread/INFO] [CHAT] Получено 6 звезд
[18:53:53] [Client thread/INFO] [CHAT] Вам выпал Серебряная звезда зачарования x1
[18:53:53] [Client thread/INFO] [CHAT] Вам выпал Осколок фантазии Этоля x1
[18:53:55] [Client thread/INFO] [CHAT] Получено 5 звезд
[18:54:01] [Client thread/INFO] [CHAT] Дверь в комнату управления открыта.
[18:54:13] [Client thread/INFO] [CHAT] Проход в крепость закрыт. Теперь Вы в безопасности.
[18:54:28] [Client thread/INFO] [CHAT] Потеряно 200 звезд
[18:54:28] [Client thread/INFO] [CHAT] Tveiv получил Стеклянная кукла
[18:54:31] [Client thread/INFO] [CHAT] Потеряно 200 звезд
[18:54:31] [Client thread/INFO] [CHAT] Tveiv получил Острый клинок
[18:54:42] [Client thread/INFO] [CHAT] Потеряно 200 звезд
[18:54:42] [Client thread/INFO] [CHAT] Tveiv получил Непоколебимость Победителя
[18:54:45] [Client thread/INFO] [CHAT] Потеряно 200 звезд
[18:54:45] [Client thread/INFO] [CHAT] Tveiv получил Воронка проклятий
[18:54:58] [Client thread/INFO] [CHAT] Получено 6 звезд
[18:55:00] [Client thread/INFO] [CHAT] Получено 5 звезд
[18:55:00] [Client thread/INFO] [CHAT] Вам выпал Изумруд x2
[18:55:01] [Client thread/INFO] [CHAT] Получено 5 звезд
[18:55:02] [Client thread/INFO] [CHAT] Получено 5 звезд
[18:55:02] [Client thread/INFO] [CHAT] Получено 5 звезд
[18:55:02] [Client thread/INFO] [CHAT] Получено 5 звезд
[18:55:02] [Client thread/INFO] [CHAT] Получено 5 звезд
[18:55:04] [Client thread/INFO] [CHAT] Получено 5 звезд
[18:55:04] [Client thread/INFO] [CHAT] Получено 10 звезд
[18:55:04] [Client thread/INFO] [CHAT] Получено 5 звезд
[18:55:06] [Client thread/INFO] [CHAT] Вампиризм сброшен!
[18:55:06] [Client thread/INFO] [CHAT] Tveiv получил Лалофобия x2
[18:55:08] [Client thread/INFO] [CHAT] Получено 5 звезд
[18:55:08] [Client thread/INFO] [CHAT] Получено 5 звезд
[18:55:11] [Client thread/INFO] [CHAT] Получено 5 звезд
[18:55:13] [Client thread/INFO] [CHAT] Получено 5 звезд
[18:55:13] [Client thread/INFO] [CHAT] Вам выпал Обугленный череп x1
[18:55:19] [Client thread/ERROR] Error on handle event #WaxMW in Mod{name='VoidMod', version='1.0+089d877', persistent=false, delegate=dev.a.a.a, modState=LOADED}
java.lang.NullPointerException: Cannot invoke "!#vqIrQ.ayV(String)" because the return value of "!#XIUjS.eja()" is null
	at VoidMod-v1.0+089d877//dev.a.a.i.b.a(SourceFile:3095)
	at VoidMod-v1.0+089d877//dev.a.a.i.b.injectedLambda$a$1(SourceFile)
	at #BHMxk.sanH(Unknown Source:56)
	at #EDvEB.kcv(Unknown Source)
	at #EDvEB.accept(Unknown Source)
	at #gthWo.shRq(SourceFile:105)
	at #RczXx.iHk(Unknown Source)
	at #RczXx.accept(Unknown Source)
	at #tZnke.sjcO(SourceFile:59)
	at #cCSpT.Ib(SourceFile)
	at #cVHnR.seEn(Unknown Source:89)
	at #GItiT.sfDZ(SourceFile:100)
	at #CFNmt.dZG(SourceFile)
	at #eFdzA.sgmB(SourceFile:50)
	at #IziuD.sbAk(SourceFile:3665)
	at #KLfhq.syS(SourceFile:2346)
	at #NMJuQ.bvu(SourceFile)
	at #yIWTs.snwq(SourceFile:206)
	at #FiZhE.sltv(SourceFile:469)
	at #zVeRA.scjA(SourceFile:29)
	at #esBRw.scLa(SourceFile:10)
	at #HnjFk.run(SourceFile:32)
	at #MuqgW.smMh(SourceFile:40)
	at #rArYX.sggH(SourceFile:11)
	at java.base/java.util.concurrent.FutureTask.run(Unknown Source)
	at #ankXZ.skOv(SourceFile:45)
	at #bBoCn.fLx(SourceFile:52)
	at #lABBH.sgvJ(Unknown Source:1466)
	at #ZQCSx.shqa(SourceFile:1632)
	at #kQsKH.smKh(SourceFile:487)
	at net.minecraft.client.main.GameMain.mgm(SourceFile:220)
	at net.minecraft.client.main.GameMain.iLJ(SourceFile:156)
	at #cnUTs.lIs(Unknown Source)
	at #cnUTs.run(Unknown Source)
	at java.base/java.lang.Thread.run(Unknown Source)
[18:55:41] [Client thread/INFO] [CHAT] Получено 5 звезд
[18:55:41] [Client thread/INFO] [CHAT] Получено 7 звезд
[18:55:41] [Client thread/INFO] [CHAT] Получено 6 звезд
[18:55:41] [Client thread/INFO] [CHAT] Вам выпал Изумруд x1
[18:55:41] [Client thread/INFO] [CHAT] Получено 5 звезд
[18:55:41] [Client thread/INFO] [CHAT] Вам выпал Серебряная звезда зачарования x1
[18:55:47] [Client thread/INFO] [CHAT] Получено 5 звезд
[18:55:47] [Client thread/INFO] [CHAT] Вам выпал Изумруд x1
[18:55:47] [Client thread/INFO] [CHAT] Получено 5 звезд
[18:55:47] [Client thread/INFO] [CHAT] Получено 18 звезд
[18:55:47] [Client thread/INFO] [CHAT] Получено 5 звезд
[18:55:47] [Client thread/INFO] [CHAT] Вам выпал Обугленный череп x1
[18:55:47] [Client thread/INFO] [CHAT] Получено 7 звезд
[18:55:47] [Client thread/INFO] [CHAT] Вам выпал Серебряная звезда зачарования x1
[18:55:49] [Client thread/INFO] [CHAT] Tveiv получил Спарагмос x2
[18:55:50] [Client thread/INFO] [CHAT] Получено 5 звезд
[18:55:52] [Client thread/INFO] [CHAT] Получено 5 звезд
[18:56:26] [Client thread/INFO] [CHAT] Получено 5 звезд
[18:56:26] [Client thread/INFO] [CHAT] Получено 7 звезд
[18:56:27] [Client thread/INFO] [CHAT] Получено 5 звезд
[18:56:29] [Client thread/INFO] [CHAT] Получено 5 звезд
[18:56:29] [Client thread/INFO] [CHAT] Получено 5 звезд
[18:56:29] [Client thread/INFO] [CHAT] Вам выпал Обугленный череп x1
[18:56:29] [Client thread/INFO] [CHAT] Получено 5 звезд
[18:56:29] [Client thread/INFO] [CHAT] Вам выпал Серебряная звезда зачарования x1
[18:56:29] [Client thread/INFO] [CHAT] Получено 16 звезд
[18:56:29] [Client thread/INFO] [CHAT] Получено 5 звезд
[18:56:29] [Client thread/INFO] [CHAT] Вам выпал Изумруд x2
[18:56:31] [Client thread/INFO] [CHAT] Tveiv получил Эхо Волшебства x2
[18:56:36] [Client thread/INFO] [CHAT] Получено 7 звезд
[18:56:36] [Client thread/INFO] [CHAT] Вам выпал Изумруд x2
[18:56:36] [Client thread/INFO] [CHAT] Вам выпал Серебряная звезда зачарования x1
[18:56:36] [Client thread/INFO] [CHAT] Получено 5 звезд
[18:56:39] [Client thread/INFO] [CHAT] Получено 5 звезд
[18:56:39] [Client thread/INFO] [CHAT] Вам выпал Изумруд x2
[18:56:39] [Client thread/INFO] [CHAT] Вам выпал Обугленный череп x1
[18:56:41] [Client thread/INFO] [CHAT] [30] V ┃ Paranoiid » йцу
[18:56:57] [Client thread/INFO] [CHAT] Что-то произошло. 2/4
[18:57:07] [Client thread/ERROR] Error on handle event #WaxMW in Mod{name='VoidMod', version='1.0+089d877', persistent=false, delegate=dev.a.a.a, modState=LOADED}
java.lang.NullPointerException: Cannot invoke "!#vqIrQ.ayV(String)" because the return value of "!#XIUjS.eja()" is null
	at VoidMod-v1.0+089d877//dev.a.a.i.b.a(SourceFile:3095)
	at VoidMod-v1.0+089d877//dev.a.a.i.b.injectedLambda$a$1(SourceFile)
	at #BHMxk.sanH(Unknown Source:56)
	at #EDvEB.kcv(Unknown Source)
	at #EDvEB.accept(Unknown Source)
	at #gthWo.shRq(SourceFile:105)
	at #RczXx.iHk(Unknown Source)
	at #RczXx.accept(Unknown Source)
	at #tZnke.sjcO(SourceFile:59)
	at #cCSpT.Ib(SourceFile)
	at #cVHnR.seEn(Unknown Source:89)
	at #GItiT.sfDZ(SourceFile:100)
	at #CFNmt.dZG(SourceFile)
	at #eFdzA.sgmB(SourceFile:50)
	at #IziuD.sbAk(SourceFile:3665)
	at #KLfhq.syS(SourceFile:2346)
	at #NMJuQ.bvu(SourceFile)
	at #yIWTs.snwq(SourceFile:206)
	at #FiZhE.sltv(SourceFile:469)
	at #zVeRA.scjA(SourceFile:29)
	at #esBRw.scLa(SourceFile:10)
	at #HnjFk.run(SourceFile:32)
	at #MuqgW.smMh(SourceFile:40)
	at #rArYX.sggH(SourceFile:11)
	at java.base/java.util.concurrent.FutureTask.run(Unknown Source)
	at #ankXZ.skOv(SourceFile:45)
	at #bBoCn.fLx(SourceFile:52)
	at #lABBH.sgvJ(Unknown Source:1466)
	at #ZQCSx.shqa(SourceFile:1632)
	at #kQsKH.smKh(SourceFile:487)
	at net.minecraft.client.main.GameMain.mgm(SourceFile:220)
	at net.minecraft.client.main.GameMain.iLJ(SourceFile:156)
	at #cnUTs.lIs(Unknown Source)
	at #cnUTs.run(Unknown Source)
	at java.base/java.lang.Thread.run(Unknown Source)
[18:57:33] [Client thread/INFO] [CHAT] Tveiv получил Собиратель мусора
[18:57:33] [Client thread/INFO] [CHAT] Получено 300 звезд
[18:57:38] [Client thread/INFO] [CHAT] Потеряно 200 звезд
[18:57:38] [Client thread/INFO] [CHAT] Tveiv получил Острый клинок
[18:59:51] [Client thread/INFO] [CHAT] Получено 5 звезд
[18:59:51] [Client thread/INFO] [CHAT] Вам выпал Обугленный череп x1
[18:59:52] [Client thread/INFO] [CHAT] Получено 6 звезд
[18:59:52] [Client thread/INFO] [CHAT] Вам выпал Изумруд x2
[18:59:54] [Client thread/INFO] [CHAT] Получено 5 звезд
[18:59:55] [Client thread/INFO] [CHAT] Вампиризм сброшен!
[18:59:57] [Client thread/INFO] [CHAT] Получено 6 звезд
[18:59:57] [Client thread/INFO] [CHAT] Получено 18 звезд
[19:00:02] [Client thread/INFO] [CHAT] Tveiv получил Мрачная тень
[19:00:04] [Client thread/INFO] [CHAT] [28] I ┃ Bushido_Zhoo » c кем можно пойти в 27 данж?
[19:00:10] [Client thread/INFO] [CHAT] Получено 5 звезд
[19:00:13] [Client thread/INFO] [CHAT] Получено 5 звезд
[19:00:13] [Client thread/INFO] [CHAT] Вам выпал Серебряная звезда зачарования x1
[19:00:14] [Client thread/INFO] [CHAT] Получено 5 звезд
[19:00:14] [Client thread/INFO] [CHAT] Вам выпал Серебряная звезда зачарования x1
[19:00:20] [Client thread/INFO] [CHAT] Получено 6 звезд
[19:00:33] [Client thread/INFO] [CHAT] Получено 7 звезд
[19:00:33] [Client thread/INFO] [CHAT] Вам выпал Изумруд x1
[19:00:35] [Client thread/INFO] [CHAT] Получено 5 звезд
[19:00:38] [Client thread/INFO] [CHAT] Получено 5 звезд
[19:00:39] [Client thread/INFO] [CHAT] Получено 5 звезд
[19:00:40] [Client thread/INFO] [CHAT] Получено 5 звезд
[19:00:43] [Client thread/INFO] [CHAT] Вампиризм сброшен!
[19:00:43] [Client thread/INFO] [CHAT] Вампиризм сброшен!
[19:00:45] [Client thread/INFO] [CHAT] Получено 5 звезд
[19:00:46] [Client thread/INFO] [CHAT] Вампиризм сброшен!
[19:00:46] [Client thread/INFO] [CHAT] Получено 5 звезд
[19:00:46] [Client thread/INFO] [CHAT] Вам выпал Серебряная звезда зачарования x1
[19:00:49] [Client thread/INFO] [CHAT] Получено 5 звезд
[19:00:54] [Client thread/INFO] [CHAT] Получено 5 звезд
[19:00:54] [Client thread/INFO] [CHAT] Вам выпал Обугленный череп x1
[19:00:54] [Client thread/INFO] [CHAT] Вам выпал Серебряная звезда зачарования x1
[19:00:54] [Client thread/INFO] [CHAT] Получено 12 звезд
[19:00:56] [Client thread/INFO] [CHAT] Tveiv получил Сфера Повелительницы Болезней
[19:01:04] [Client thread/INFO] [CHAT] Получено 5 звезд
[19:01:08] [Client thread/INFO] [CHAT] Получено 5 звезд
[19:01:09] [Client thread/INFO] [CHAT] Получено 5 звезд
[19:01:14] [Client thread/INFO] [CHAT] Получено 5 звезд
[19:01:14] [Client thread/INFO] [CHAT] Вам выпал Изумруд x1
[19:01:17] [Client thread/INFO] [CHAT] Получено 5 звезд
[19:01:25] [Client thread/INFO] [CHAT] Потеряно 200 звезд
[19:01:25] [Client thread/INFO] [CHAT] Tveiv получил Стеклянная кукла
[19:01:35] [Client thread/INFO] [CHAT] Получено 5 звезд
[19:01:35] [Client thread/INFO] [CHAT] Вам выпал Изумруд x1
[19:01:35] [Client thread/INFO] [CHAT] Вам выпал Обугленный череп x1
[19:01:36] [Client thread/INFO] [CHAT] [28] I ┃ Bushido_Zhoo » c кем можно пойти в 27 данж?
[19:01:37] [Client thread/INFO] [CHAT] Получено 5 звезд
[19:01:41] [Client thread/INFO] [CHAT] Получено 5 звезд
[19:01:41] [Client thread/INFO] [CHAT] Вам выпал Изумруд x1
[19:01:41] [Client thread/INFO] [CHAT] Вам выпал Обугленный череп x1
[19:01:41] [Client thread/INFO] [CHAT] Вам выпал Серебряная звезда зачарования x1
[19:01:44] [Client thread/INFO] [CHAT] Получено 5 звезд
[19:01:44] [Client thread/INFO] [CHAT] Получено 5 звезд
[19:01:44] [Client thread/INFO] [CHAT] Вам выпал Обугленный череп x1
[19:01:59] [Client thread/INFO] [CHAT] Получено 6 звезд
[19:02:00] [Client thread/INFO] [CHAT] Получено 7 звезд
[19:02:03] [Client thread/INFO] [CHAT] Получено 5 звезд
[19:02:05] [Client thread/INFO] [CHAT] Получено 5 звезд
[19:02:10] [Client thread/INFO] [CHAT] Вампиризм сброшен!
[19:02:10] [Client thread/INFO] [CHAT] Получено 5 звезд
[19:02:14] [Client thread/INFO] [CHAT] Получено 5 звезд
[19:02:14] [Client thread/INFO] [CHAT] Вам выпал Изумруд x2
[19:02:19] [Client thread/INFO] [CHAT] Получено 6 звезд
[19:02:19] [Client thread/INFO] [CHAT] Вампиризм сброшен!
[19:02:20] [Client thread/INFO] [CHAT] Получено 5 звезд
[19:02:20] [Client thread/INFO] [CHAT] Вам выпал Обугленный череп x1
[19:02:20] [Client thread/INFO] [CHAT] Получено 16 звезд
[19:02:23] [Client thread/INFO] [CHAT] Tveiv получил Проклятие
[19:02:40] [Client thread/INFO] [CHAT] Получено 8 звезд
[19:02:40] [Client thread/INFO] [CHAT] Вам выпал Обугленный череп x1
[19:02:40] [Client thread/INFO] [CHAT] Получено 27 звезд
[19:02:43] [Client thread/INFO] [CHAT] Tveiv получил Пениафобия
[19:02:48] [Client thread/INFO] [CHAT] Получено 7 звезд
[19:02:48] [Client thread/INFO] [CHAT] Вам выпал Серебряная звезда зачарования x1
[19:02:55] [Client thread/INFO] [CHAT] Получено 5 звезд
[19:02:55] [Client thread/INFO] [CHAT] Вам выпал Изумруд x2
[19:02:55] [Client thread/INFO] [CHAT] Вам выпал Осколок фантазии Этоля x1
[19:02:55] [Client thread/INFO] [CHAT] Получено 5 звезд
[19:03:02] [Client thread/INFO] [CHAT] Получено 6 звезд
[19:03:10] [Client thread/INFO] [CHAT] Получено 7 звезд
[19:03:13] [Client thread/INFO] [CHAT] Получено 5 звезд
[19:03:13] [Client thread/INFO] [CHAT] Вам выпал Изумруд x2
[19:03:17] [Client thread/INFO] [CHAT] Получено 5 звезд
[19:03:22] [Client thread/INFO] [CHAT] Получено 5 звезд
[19:03:26] [Client thread/INFO] [CHAT] Получено 5 звезд
[19:03:28] [Client thread/INFO] [CHAT] Получено 5 звезд
[19:03:35] [Client thread/INFO] [CHAT] Получено 6 звезд
[19:03:36] [Client thread/INFO] [CHAT] Получено 5 звезд
[19:03:43] [Client thread/INFO] [CHAT] Получено 5 звезд
[19:03:49] [Client thread/INFO] [CHAT] Получено 5 звезд
[19:03:55] [Client thread/INFO] [CHAT] Получено 5 звезд
[19:03:55] [Client thread/INFO] [CHAT] Вам выпал Изумруд x2
[19:03:55] [Client thread/INFO] [CHAT] Вам выпал Обугленный череп x1
[19:03:56] [Client thread/INFO] [CHAT] Получено 5 звезд
[19:03:58] [Client thread/INFO] [CHAT] Получено 5 звезд
[19:04:02] [Client thread/INFO] [CHAT] Вы стали стеклянным! Вы умрете, если получите урон 10 раз
[19:04:41] [Client thread/INFO] [CHAT] Получено 5 звезд
[19:04:41] [Client thread/INFO] [CHAT] Вам выпал Изумруд x11
[19:04:41] [Client thread/INFO] [CHAT] Вам выпал Обугленный череп x6
[19:04:41] [Client thread/INFO] [CHAT] Вам выпал Серебряная звезда зачарования x1
[19:04:41] [Client thread/INFO] [CHAT] Вам выпал Благословенная серебряная звезда зачарования x1
[19:04:41] [Client thread/INFO] [CHAT] Вам выпал Осколок фантазии Этоля x1
[19:04:41] [Client thread/INFO] [CHAT] Получено 5 звезд
[19:04:41] [Client thread/INFO] [CHAT] Вам выпал Благословенная серебряная звезда зачарования x1
[19:05:17] [Client thread/INFO] [CHAT] Потеряно 200 звезд
[19:05:17] [Client thread/INFO] [CHAT] Tveiv получил Взгляд Расимы
[19:05:29] [Client thread/INFO] [CHAT] Получено 5 звезд
[19:05:29] [Client thread/INFO] [CHAT] Вам выпал Серебряная звезда зачарования x1
[19:05:36] [Client thread/INFO] [CHAT] Получено 5 звезд
[19:05:36] [Client thread/INFO] [CHAT] Получено 5 звезд
[19:05:39] [Client thread/INFO] [CHAT] Получено 5 звезд
[19:05:42] [Client thread/INFO] [CHAT] Вампиризм сброшен!
[19:05:43] [Client thread/INFO] [CHAT] Получено 5 звезд
[19:05:45] [Client thread/INFO] [CHAT] Получено 5 звезд
[19:05:48] [Client thread/INFO] [CHAT] Получено 5 звезд
[19:05:48] [Client thread/INFO] [CHAT] Вам выпал Обугленный череп x1
[19:05:54] [Client thread/INFO] [CHAT] Получено 5 звезд
[19:05:54] [Client thread/INFO] [CHAT] Вам выпал Обугленный череп x1
[19:05:56] [Client thread/INFO] [CHAT] Вампиризм сброшен!
[19:05:57] [Client thread/INFO] [CHAT] Получено 5 звезд
[19:05:59] [Client thread/INFO] [CHAT] Получено 7 звезд
[19:05:59] [Client thread/INFO] [CHAT] Вам выпал Обугленный череп x1
[19:06:01] [Client thread/INFO] [CHAT] Получено 5 звезд
[19:06:13] [Client thread/INFO] [CHAT] Получено 5 звезд
[19:06:13] [Client thread/INFO] [CHAT] Вампиризм сброшен!
[19:06:16] [Client thread/INFO] [CHAT] Вампиризм сброшен!
[19:06:17] [Client thread/INFO] [CHAT] Получено 8 звезд
[19:06:19] [Client thread/INFO] [CHAT] Получено 5 звезд
[19:06:20] [Client thread/INFO] [CHAT] Получено 5 звезд
[19:06:22] [Client thread/INFO] [CHAT] Получено 5 звезд
[19:06:23] [Client thread/INFO] [CHAT] Получено 5 звезд
[19:06:23] [Client thread/INFO] [CHAT] Вам выпал Изумруд x2
[19:06:23] [Client thread/INFO] [CHAT] Получено 14 звезд
[19:06:25] [Client thread/INFO] [CHAT] Tveiv получил Осквернённое перо
[19:06:33] [Client thread/INFO] [CHAT] Получено 7 звезд
[19:06:37] [Client thread/INFO] [CHAT] Получено 6 звезд
[19:06:40] [Client thread/INFO] [CHAT] Получено 5 звезд
[19:06:41] [Client thread/INFO] [CHAT] Получено 5 звезд
[19:06:41] [Client thread/INFO] [CHAT] Вам выпал Изумруд x2
[19:06:42] [Client thread/INFO] [CHAT] Вампиризм сброшен!
[19:06:42] [Client thread/INFO] [CHAT] Вампиризм сброшен!
[19:06:43] [Client thread/INFO] [CHAT] Получено 5 звезд
[19:06:43] [Client thread/INFO] [CHAT] Вам выпал Изумруд x2
[19:06:45] [Client thread/INFO] [CHAT] Вампиризм сброшен!
[19:06:46] [Client thread/INFO] [CHAT] Получено 5 звезд
[19:06:49] [Client thread/INFO] [CHAT] Получено 5 звезд
[19:06:49] [Client thread/INFO] [CHAT] Получено 14 звезд
[19:06:51] [Client thread/INFO] [CHAT] Tveiv получил Децидофобия
[19:06:57] [Client thread/INFO] [CHAT] Получено 5 звезд
[19:07:02] [Client thread/INFO] [CHAT] Получено 5 звезд
[19:07:04] [Client thread/INFO] [CHAT] Что-то произошло. 1/4
[19:07:15] [Client thread/INFO] [CHAT] Получено 5 звезд
[19:07:23] [Client thread/INFO] [CHAT] Получено 5 звезд
[19:07:23] [Client thread/INFO] [CHAT] Вам выпал Изумруд x1
[19:07:29] [Client thread/INFO] [CHAT] Получено 5 звезд
[19:07:29] [Client thread/INFO] [CHAT] Вам выпал Серебряная звезда зачарования x1
[19:07:34] [Client thread/INFO] [CHAT] Получено 5 звезд
[19:07:39] [Client thread/INFO] [CHAT] Получено 5 звезд
[19:07:39] [Client thread/INFO] [CHAT] Вам выпал Изумруд x1
[19:07:43] [Client thread/INFO] [CHAT] Получено 5 звезд
[19:07:49] [Client thread/INFO] [CHAT] Получено 8 звезд
[19:07:52] [Client thread/INFO] [CHAT] Получено 5 звезд
[19:07:55] [Client thread/INFO] [CHAT] Получено 5 звезд
[19:08:00] [Client thread/INFO] [CHAT] Получено 5 звезд
[19:08:03] [Client thread/INFO] [CHAT] Получено 6 звезд
[19:08:06] [Client thread/INFO] [CHAT] Получено 5 звезд
[19:08:09] [Client thread/INFO] [CHAT] Получено 5 звезд
[19:08:15] [Client thread/INFO] [CHAT] Получено 5 звезд
[19:08:22] [Client thread/INFO] [CHAT] Получено 6 звезд
[19:08:25] [Client thread/INFO] [CHAT] Получено 5 звезд
[19:08:31] [Client thread/INFO] [CHAT] Получено 8 звезд
[19:08:49] [Client thread/INFO] [CHAT] Что-то произошло. 2/4
[19:08:59] [Client thread/INFO] [CHAT] Получено 5 звезд
[19:08:59] [Client thread/INFO] [CHAT] Вам выпал Обугленный череп x1
[19:09:02] [Client thread/INFO] [CHAT] Получено 5 звезд
[19:09:10] [Client thread/INFO] [CHAT] Получено 8 звезд
[19:09:10] [Client thread/INFO] [CHAT] Вам выпал Изумруд x1
[19:09:12] [Client thread/INFO] [CHAT] Вампиризм сброшен!
[19:09:14] [Client thread/INFO] [CHAT] Получено 6 звезд
[19:09:15] [Client thread/INFO] [CHAT] Вампиризм сброшен!
[19:09:15] [Client thread/INFO] [CHAT] Вампиризм сброшен!
[19:09:17] [Client thread/INFO] [CHAT] Получено 6 звезд
[19:09:18] [Client thread/INFO] [CHAT] Вампиризм сброшен!
[19:09:19] [Client thread/INFO] [CHAT] Вампиризм сброшен!
[19:09:20] [Client thread/INFO] [CHAT] Вампиризм сброшен!
[19:09:20] [Client thread/INFO] [CHAT] Получено 5 звезд
[19:09:22] [Client thread/INFO] [CHAT] Получено 5 звезд
[19:09:22] [Client thread/INFO] [CHAT] Вам выпал Серебряная звезда зачарования x1
[19:09:24] [Client thread/INFO] [CHAT] Получено 5 звезд
[19:09:28] [Client thread/INFO] [CHAT] Получено 5 звезд
[19:09:28] [Client thread/INFO] [CHAT] Получено 18 звезд
[19:09:32] [Client thread/INFO] [CHAT] Tveiv получил Проклятие
[19:09:32] [Client thread/INFO] [CHAT] Tveiv получил Никтофобия
[19:09:32] [Client thread/INFO] [CHAT] Tveiv получил Лалофобия
[19:09:32] [Client thread/INFO] [CHAT] Tveiv получил Децидофобия
[19:09:32] [Client thread/INFO] [CHAT] Tveiv получил Пениафобия
[19:09:32] [Client thread/INFO] [CHAT] Tveiv получил Панофобия
[19:09:35] [Client thread/INFO] [CHAT] [6] yarikks » что значит можно активировать в меню запуска
[19:09:36] [Client thread/INFO] [CHAT] Что-то произошло. 3/4
[19:09:39] [Client thread/INFO] [CHAT] Получено 6 звезд
[19:09:41] [Client thread/INFO] [CHAT] [6] yarikks » на артефакте
[19:09:49] [Client thread/INFO] [CHAT] Получено 5 звезд
[19:09:49] [Client thread/INFO] [CHAT] Вам выпал Обугленный череп x1
[19:09:49] [Client thread/INFO] [CHAT] [6] yarikks » уже понял
[19:09:52] [Client thread/INFO] [CHAT] [6] yarikks » хахах
[19:09:53] [Client thread/INFO] [CHAT] Получено 6 звезд
[19:09:55] [Client thread/INFO] [CHAT] Получено 5 звезд
[19:09:55] [Client thread/INFO] [CHAT] Вам выпал Изумруд x1
[19:09:55] [Client thread/INFO] [CHAT] Вам выпал Обугленный череп x1
[19:09:56] [Client thread/INFO] [CHAT] [27] P+ ┃ CFIl » )
[19:09:59] [Client thread/INFO] [CHAT] Получено 5 звезд
[19:10:04] [Client thread/INFO] [CHAT] Получено 5 звезд
[19:10:07] [Client thread/INFO] [CHAT] Получено 5 звезд
[19:10:07] [Client thread/INFO] [CHAT] [6] yarikks » эволюция даёт своё
[19:10:13] [Client thread/INFO] [CHAT] Получено 5 звезд
[19:10:16] [Client thread/INFO] [CHAT] Получено 5 звезд
[19:10:16] [Client thread/INFO] [CHAT] Вам выпал Изумруд x2
[19:10:23] [Client thread/INFO] [CHAT] Получено 6 звезд
[19:10:23] [Client thread/INFO] [CHAT] Вам выпал Изумруд x2
[19:10:24] [Client thread/INFO] [CHAT] Получено 5 звезд
[19:10:27] [Client thread/INFO] [CHAT] Получено 5 звезд
[19:10:36] [Client thread/INFO] [CHAT] Вампиризм сброшен!
[19:10:43] [Client thread/INFO] [CHAT] Получено 8 звезд
[19:10:43] [Client thread/INFO] [CHAT] Вам выпал Изумруд x1
[19:10:47] [Client thread/INFO] [CHAT] Получено 5 звезд
[19:10:47] [Client thread/INFO] [CHAT] Вам выпал Обугленный череп x1
[19:10:48] [Client thread/INFO] [CHAT] Вампиризм сброшен!
[19:10:49] [Client thread/INFO] [CHAT] Получено 5 звезд
[19:10:49] [Client thread/INFO] [CHAT] Вам выпал Серебряная звезда зачарования x1
[19:10:52] [Client thread/INFO] [CHAT] Вампиризм сброшен!
[19:10:58] [Client thread/INFO] [CHAT] Получено 5 звезд
[19:10:58] [Client thread/INFO] [CHAT] Вам выпал Обугленный череп x1
[19:10:58] [Client thread/INFO] [CHAT] Получено 5 звезд
[19:11:01] [Client thread/INFO] [CHAT] Получено 5 звезд
[19:11:01] [Client thread/INFO] [CHAT] Вам выпал Благословенная серебряная звезда зачарования x1
[19:11:01] [Client thread/INFO] [CHAT] Получено 5 звезд
[19:11:01] [Client thread/INFO] [CHAT] Вампиризм сброшен!
[19:11:03] [Client thread/INFO] [CHAT] Получено 5 звезд
[19:11:03] [Client thread/INFO] [CHAT] Вам выпал Изумруд x1
[19:11:03] [Client thread/INFO] [CHAT] Получено 5 звезд
[19:11:04] [Client thread/INFO] [CHAT] [12] zaikinaant » он пернул я умер
[19:11:06] [Client thread/INFO] [CHAT] Получено 5 звезд
[19:11:06] [Client thread/INFO] [CHAT] Получено 14 звезд
[19:11:09] [Client thread/INFO] [CHAT] Tveiv получил Приманка
[19:11:12] [Client thread/INFO] [CHAT] Получено 5 звезд
[19:11:12] [Client thread/INFO] [CHAT] Вам выпал Изумруд x2
[19:11:18] [Client thread/INFO] [CHAT] Тайная дверь открыта.
[19:11:28] [Client thread/INFO] [CHAT] [5] dioooo » !макодзебе
[19:11:39] [Client thread/INFO] [CHAT] Получено 5 звезд
[19:11:39] [Client thread/INFO] [CHAT] Получено 5 звезд
[19:11:39] [Client thread/INFO] [CHAT] Вам выпал Обугленный череп x1
[19:11:49] [Client thread/INFO] [CHAT] Получено 5 звезд
[19:11:49] [Client thread/INFO] [CHAT] Получено 5 звезд
[19:11:53] [Client thread/INFO] [CHAT] Получено 7 звезд
[19:11:53] [Client thread/INFO] [CHAT] Получено 5 звезд
[19:11:53] [Client thread/INFO] [CHAT] Получено 5 звезд
[19:11:54] [Client thread/INFO] [CHAT] Получено 7 звезд
[19:11:54] [Client thread/INFO] [CHAT] Вам выпал Изумруд x2
[19:12:38] [Client thread/INFO] [CHAT] Получено 5 звезд
[19:12:38] [Client thread/INFO] [CHAT] Получено 5 звезд
[19:12:40] [Client thread/INFO] [CHAT] Получено 5 звезд
[19:12:45] [Client thread/INFO] [CHAT] Получено 5 звезд
[19:12:58] [Client thread/INFO] [CHAT] Получено 5 звезд
[19:12:58] [Client thread/INFO] [CHAT] Вам выпал Изумруд x2
[19:12:58] [Client thread/INFO] [CHAT] Получено 5 звезд
[19:13:04] [Client thread/INFO] [CHAT] Получено 7 звезд
[19:13:10] [Client thread/INFO] [CHAT] Получено 5 звезд
[19:13:16] [Client thread/INFO] [CHAT] Получено 5 звезд
[19:13:16] [Client thread/INFO] [CHAT] Получено 5 звезд
[19:13:16] [Client thread/INFO] [CHAT] Вам выпал Обугленный череп x1
[19:13:22] [Client thread/INFO] [CHAT] Получено 5 звезд
[19:13:31] [Client thread/INFO] [CHAT] Получено 6 звезд
[19:13:31] [Client thread/INFO] [CHAT] Вам выпал Обугленный череп x1
[19:13:34] [Client thread/INFO] [CHAT] Получено 6 звезд
[19:13:39] [Client thread/INFO] [CHAT] Получено 5 звезд
[19:13:39] [Client thread/INFO] [CHAT] Получено 5 звезд
[19:13:43] [Client thread/INFO] [CHAT] Вампиризм сброшен!
[19:13:46] [Client thread/INFO] [CHAT] Получено 5 звезд
[19:13:46] [Client thread/INFO] [CHAT] Вампиризм сброшен!
[19:13:46] [Client thread/INFO] [CHAT] Получено 5 звезд
[19:13:46] [Client thread/INFO] [CHAT] Вам выпал Изумруд x1
[19:13:48] [Client thread/INFO] [CHAT] Получено 5 звезд
[19:13:51] [Client thread/INFO] [CHAT] Получено 5 звезд
[19:14:00] [Client thread/INFO] [CHAT] Получено 5 звезд
[19:14:00] [Client thread/INFO] [CHAT] Вам выпал Серебряная звезда зачарования x1
[19:14:00] [Client thread/INFO] [CHAT] Получено 5 звезд
[19:14:00] [Client thread/INFO] [CHAT] Вам выпал Обугленный череп x1
[19:14:01] [Client thread/INFO] [CHAT] Получено 5 звезд
[19:14:01] [Client thread/INFO] [CHAT] Получено 14 звезд
[19:14:04] [Client thread/INFO] [CHAT] Tveiv получил Долг боли
[19:14:06] [Client thread/INFO] [CHAT] Получено 6 звезд
[19:14:06] [Client thread/INFO] [CHAT] Вам выпал Изумруд x2
[19:14:06] [Client thread/INFO] [CHAT] Получено 5 звезд
[19:14:06] [Client thread/INFO] [CHAT] Вам выпал Изумруд x1
[19:14:07] [Client thread/INFO] [CHAT] Получено 5 звезд
[19:14:14] [Client thread/INFO] [CHAT] Вы стали стеклянным! Вы умрете, если получите урон 10 раз
[19:14:21] [Client thread/INFO] [CHAT] Дверь в комнату управления открыта.
[19:14:34] [Client thread/INFO] [CHAT] Вампиризм сброшен!
[19:14:35] [Client thread/INFO] [CHAT] Получено 5 звезд
[19:14:35] [Client thread/INFO] [CHAT] Вампиризм сброшен!
[19:14:36] [Client thread/INFO] [CHAT] Получено 5 звезд
[19:14:36] [Client thread/INFO] [CHAT] Вам выпал Изумруд x1
[19:14:42] [Client thread/INFO] [CHAT] Проход в крепость закрыт. Теперь Вы в безопасности.
[19:14:45] [Client thread/INFO] [CHAT] Потеряно 200 звезд
[19:14:45] [Client thread/INFO] [CHAT] Tveiv получил Кровопролитие
[19:14:46] [Client thread/INFO] [CHAT] Потеряно 200 звезд
[19:14:46] [Client thread/INFO] [CHAT] Tveiv получил Бонус урона
[19:14:49] [Client thread/INFO] [CHAT] Потеряно 200 звезд
[19:14:49] [Client thread/INFO] [CHAT] Tveiv получил Куб неуязвимости
[19:15:10] [Client thread/INFO] [CHAT] Наследница Бедствия: Вы явились в самый разгар событий. Перед нашей битвой, давайте хотя бы представимся. Я - Мальфиса Флеу, единственная достойная Наследница Бедствия.
[19:15:18] [Client thread/INFO] [CHAT] Наследница Бедствия: Разрушение.
[19:15:26] [Client thread/INFO] [CHAT] Наследница Бедствия: Кажется, дышать становится все тяжелее..
[19:15:38] [Client thread/INFO] [CHAT] Наследница Бедствия: Разрушение.
[19:15:42] [Client thread/INFO] [CHAT] Наследница Бедствия: Давайте на чистоту: я рада, что вы сами пришли ко мне, ловить вас было бы слишком расточительно по времени.
[19:15:46] [Client thread/INFO] [CHAT] Наследница Бедствия: Кажется, дышать становится все тяжелее..
[19:15:58] [Client thread/INFO] [CHAT] Наследница Бедствия: Разрушение.
[19:16:06] [Client thread/INFO] [CHAT] Наследница Бедствия: Кажется, дышать становится все тяжелее..
[19:16:18] [Client thread/INFO] [CHAT] Наследница Бедствия: Разрушение.
[19:16:26] [Client thread/INFO] [CHAT] Наследница Бедствия: Кажется, дышать становится все тяжелее..
[19:16:38] [Client thread/INFO] [CHAT] Наследница Бедствия: Разрушение.
[19:16:39] [Client thread/INFO] [CHAT] Наследница Бедствия: Вы потеряли оружие и доблесть. Исход этого боя уже предрешён.
[19:16:40] [Client thread/INFO] [CHAT] Наследница Бедствия: Меч света разорвет вас на части!
[19:16:59] [Client thread/INFO] [CHAT] Наследница Бедствия: Меч света разорвет вас на части!
[19:17:00] [Client thread/INFO] [CHAT] Наследница Бедствия: Я очень долго собирала себе армию, неужели вы думали, что я буду сражаться одна?
[19:17:18] [Client thread/INFO] [CHAT] Наследница Бедствия: Меч света разорвет вас на части!
[19:17:37] [Client thread/INFO] [CHAT] Наследница Бедствия: Меч света разорвет вас на части!
[19:17:44] [Client thread/INFO] [CHAT] Наследница Бедствия: Пора заканчивать..
[19:17:48] [Client thread/INFO] [CHAT] Наследница Бедствия: Раб души!
[19:17:49] [Client thread/INFO] [CHAT] Tveiv погиб! Осталось 2 возрождения
[19:18:14] [Client thread/INFO] [CHAT] Наследница Бедствия: Меч света разорвет вас на части!
[19:18:17] [Client thread/INFO] [CHAT] [5] SASHA_2001 » зомби бьют мечём на 19 урона, что произойдет ? останется живым или умрет, какой правельный ответ?
[19:18:22] [Client thread/INFO] [CHAT] Наследница Бедствия: Вы сами пришли в театр отчаяния! Даже если проиграю, я заберу вас с собой!
[19:18:28] [Client thread/INFO] [CHAT] [28] I ┃ Bushido_Zhoo » выживет
[19:18:33] [Client thread/INFO] [CHAT] Наследница Бедствия: Меч света разорвет вас на части!
[19:18:34] [Client thread/INFO] [CHAT] [30] P+ ┃ broken_aim » [Осколок фантазии Этоля x 42]
[19:18:37] [Client thread/INFO] [CHAT] Получено 5 звезд
[19:18:37] [Client thread/INFO] [CHAT] Вам выпал Изумруд x48
[19:18:37] [Client thread/INFO] [CHAT] Вам выпал Обугленный череп x3
[19:18:37] [Client thread/INFO] [CHAT] Вам выпал Серебряная звезда зачарования x1
[19:18:37] [Client thread/INFO] [CHAT] Вам выпал Благословенная серебряная звезда зачарования x1
[19:18:37] [Client thread/INFO] [CHAT] Вам выпал Осколок фантазии Этоля x1
[19:18:37] [Client thread/INFO] [CHAT] Получено 5 звезд
[19:18:37] [Client thread/INFO] [CHAT] Вам выпал Благословенная серебряная звезда зачарования x1
[19:18:38] [Client thread/INFO] [CHAT] [28] I ┃ Bushido_Zhoo » [Богохульство ♆ +5]
[19:18:40] [Client thread/INFO] [CHAT] [28] I ┃ Bushido_Zhoo » [Раздражающий клинок Расимы ♨ +2]
[19:18:43] [Client thread/INFO] [CHAT] [28] I ┃ Bushido_Zhoo » что лучше будет
[19:18:44] [Client thread/ERROR] Error on handle event #WaxMW in Mod{name='VoidMod', version='1.0+089d877', persistent=false, delegate=dev.a.a.a, modState=LOADED}
java.lang.NullPointerException: Cannot invoke "!#vqIrQ.ayV(String)" because the return value of "!#XIUjS.eja()" is null
	at VoidMod-v1.0+089d877//dev.a.a.i.b.a(SourceFile:3095)
	at VoidMod-v1.0+089d877//dev.a.a.i.b.injectedLambda$a$1(SourceFile)
	at #BHMxk.sanH(Unknown Source:56)
	at #EDvEB.kcv(Unknown Source)
	at #EDvEB.accept(Unknown Source)
	at #gthWo.shRq(SourceFile:105)
	at #RczXx.iHk(Unknown Source)
	at #RczXx.accept(Unknown Source)
	at #tZnke.sjcO(SourceFile:59)
	at #cCSpT.Ib(SourceFile)
	at #cVHnR.seEn(Unknown Source:89)
	at #GItiT.sfDZ(SourceFile:100)
	at #CFNmt.dZG(SourceFile)
	at #eFdzA.sgmB(SourceFile:50)
	at #IziuD.sbAk(SourceFile:3665)
	at #KLfhq.syS(SourceFile:2346)
	at #NMJuQ.bvu(SourceFile)
	at #yIWTs.snwq(SourceFile:206)
	at #FiZhE.sltv(SourceFile:469)
	at #zVeRA.scjA(SourceFile:29)
	at #esBRw.scLa(SourceFile:10)
	at #HnjFk.run(SourceFile:32)
	at #MuqgW.smMh(SourceFile:40)
	at #rArYX.sggH(SourceFile:11)
	at java.base/java.util.concurrent.FutureTask.run(Unknown Source)
	at #ankXZ.skOv(SourceFile:45)
	at #bBoCn.fLx(SourceFile:52)
	at #lABBH.sgvJ(Unknown Source:1466)
	at #ZQCSx.shqa(SourceFile:1632)
	at #kQsKH.smKh(SourceFile:487)
	at net.minecraft.client.main.GameMain.mgm(SourceFile:220)
	at net.minecraft.client.main.GameMain.iLJ(SourceFile:156)
	at #cnUTs.lIs(Unknown Source)
	at #cnUTs.run(Unknown Source)
	at java.base/java.lang.Thread.run(Unknown Source)
[19:20:14] [Client thread/INFO] [CHAT] [28] I ┃ Bushido_Zhoo » [Раздражающий клинок Расимы ♆ +5] а сжигание маны это за удар типо?
[19:23:49] [Client thread/INFO] [CHAT] [30] I ┃ TheFoolLotm » qq all обнов и изменений не было?
[19:23:52] [Client thread/INFO] [CHAT] \n   Сейчас трансляции ведут:\n   MEDIA ┃ Lera_1337 , MEDIA ┃ quxaniii \n   Напишите /media для проcмотра активных трансляций\n 
[19:23:53] [Client thread/INFO] [CHAT] [30] I ┃ TheFoolLotm » или новостей каких то
[19:23:57] [Client thread/INFO] [CHAT] [28] I ┃ Bushido_Zhoo » ne
[19:24:04] [Client thread/INFO] [CHAT] [30] I ┃ TheFoolLotm » дс не создали?
[19:24:17] [Client thread/INFO] [CHAT] [30] I ┃ TheFoolLotm » печаль
[19:26:49] [Client thread/INFO] [CHAT] Tveiv получил Собиратель мусора
[19:27:00] [Client thread/INFO] [CHAT] Получено 45 звезд
[19:27:00] [Client thread/INFO] [CHAT] Урон игрока Tveiv: 6408
[19:27:02] [Client thread/INFO] [CHAT] Tveiv получил Черная карта
[19:27:04] [Client thread/INFO] [CHAT] Загадочное зеркало материализовалось в комнате.
[19:27:04] [Client thread/INFO] [CHAT] ЛКМ - Разбить зеркало
[19:27:04] [Client thread/INFO] [CHAT] ПКМ - Заглянуть в зеркало
[19:27:04] [Client thread/FATAL] Error executing task
java.util.concurrent.ExecutionException: java.lang.IllegalArgumentException: URI is not absolute
	at java.base/java.util.concurrent.FutureTask.report(Unknown Source)
	at java.base/java.util.concurrent.FutureTask.get(Unknown Source)
	at #ankXZ.skOv(SourceFile:46)
	at #bBoCn.fLx(SourceFile:52)
	at #lABBH.sgvJ(Unknown Source:1466)
	at #ZQCSx.shqa(SourceFile:1632)
	at #kQsKH.smKh(SourceFile:487)
	at net.minecraft.client.main.GameMain.mgm(SourceFile:220)
	at net.minecraft.client.main.GameMain.iLJ(SourceFile:156)
	at #cnUTs.lIs(Unknown Source)
	at #cnUTs.run(Unknown Source)
	at java.base/java.lang.Thread.run(Unknown Source)
Caused by: java.lang.IllegalArgumentException: URI is not absolute
	at java.base/java.net.URL.of(Unknown Source)
	at #lccti.sdvz(SourceFile:250)
	at #YdQwo.seAd(SourceFile:204)
	at #JLCmF.sgTq(SourceFile:508)
	at #eeeNb.lcy(Unknown Source)
	at #eeeNb.run(Unknown Source)
	at java.base/java.util.concurrent.Executors$RunnableAdapter.call(Unknown Source)
	at java.base/java.util.concurrent.FutureTask.run(Unknown Source)
	at #ankXZ.skOv(SourceFile:45)
	... 9 more
[19:27:06] [Client thread/INFO] [CHAT] Вы заглядываете в зеркало и видите в нём себя. Внезапно, зеркало исчезает и Ваше отражение бросается в атаку.
[19:27:12] [Client thread/INFO] [CHAT] Tveiv получил Зеркальный
[19:27:33] [Client thread/INFO] [CHAT] Получено 39 звезд
[19:27:33] [Client thread/INFO] [CHAT] Урон игрока Tveiv: 13683
[19:27:34] [Client thread/INFO] [CHAT] Tveiv получил Бонус урона
[19:27:50] [Client thread/INFO] [CHAT] Получено 43 звезд
[19:27:50] [Client thread/INFO] [CHAT] Урон игрока Tveiv: 7455
[19:27:52] [Client thread/INFO] [CHAT] Tveiv получил Внутренняя сила
[19:27:56] [Client thread/INFO] [CHAT] Потеряно 51 звезд
[19:27:56] [Client thread/INFO] [CHAT] Tveiv получил Острый клинок
[19:27:57] [Client thread/INFO] [CHAT] Потеряно 51 звезд
[19:27:57] [Client thread/INFO] [CHAT] Tveiv получил Непобеждаемая слот-машина
[19:28:10] [Client thread/INFO] [CHAT] Tveiv получил Бонус скорости
[19:28:10] [Client thread/INFO] [CHAT] Получено 45 звезд
[19:28:10] [Client thread/INFO] [CHAT] Урон игрока Tveiv: 9705
[19:28:13] [Client thread/INFO] [CHAT] Tveiv получил Фатальная бессонница
[19:28:16] [Client thread/INFO] [CHAT] Tveiv получил Сфера Повелительницы Болезней x2
[19:28:21] [Client thread/INFO] [CHAT] Потеряно 52 звезд
[19:28:21] [Client thread/INFO] [CHAT] Получено 15 звезд
[19:28:21] [Client thread/INFO] [CHAT] Tveiv получил Маноед
[19:28:35] [Client thread/INFO] [CHAT] Tveiv получил Спокойствие разума
[19:28:48] [Client thread/INFO] [CHAT] Получено 39 звезд
[19:28:48] [Client thread/INFO] [CHAT] Урон игрока Tveiv: 12771
[19:28:49] [Client thread/INFO] [CHAT] Tveiv получил Небытие x2
[19:28:53] [Client thread/INFO] [CHAT] Потеряно 52 звезд
[19:28:53] [Client thread/INFO] [CHAT] Получено 15 звезд
[19:28:53] [Client thread/INFO] [CHAT] Tveiv получил Никтофобия
[19:29:04] [Client thread/INFO] [CHAT] Tveiv получил Бонус урона x2
[19:29:41] [Client thread/INFO] [CHAT] [28] I ┃ Bushido_Zhoo » может кто взять на 27 локу с собой?
[19:29:41] [Client thread/INFO] [CHAT] Получено 31 звезд
[19:29:41] [Client thread/INFO] [CHAT] Урон игрока Tveiv: 42163
[19:29:43] [Client thread/INFO] [CHAT] Tveiv получил Взгляд Расимы x2
[19:31:01] [Client thread/INFO] [CHAT] Tveiv получил Собиратель мусора
[19:31:01] [Client thread/INFO] [CHAT] Получено 300 звезд
[19:31:04] [Client thread/INFO] [CHAT] Потеряно 200 звезд
[19:31:04] [Client thread/INFO] [CHAT] Tveiv получил Башня яркой Луны
[19:31:15] [Client thread/INFO] [CHAT] Получено 7 звезд
[19:31:22] [Client thread/INFO] [CHAT] Получено 6 звезд
[19:31:22] [Client thread/INFO] [CHAT] Вам выпал Изумруд x2
[19:32:43] [Client thread/INFO] [CHAT] [13] I ┃ dasker2 » кто поможет третий уровень пройти? у меня 13 уровень игрока
[19:32:54] [Client thread/INFO] [CHAT] Получено 6 звезд
[19:32:54] [Client thread/INFO] [CHAT] Вам выпал Серебряная звезда зачарования x1
[19:32:56] [Client thread/INFO] [CHAT] Получено 5 звезд
[19:32:56] [Client thread/INFO] [CHAT] Вам выпал Изумруд x1
[19:32:59] [Client thread/INFO] [CHAT] Получено 5 звезд
[19:33:01] [Client thread/INFO] [CHAT] Получено 6 звезд
[19:33:01] [Client thread/INFO] [CHAT] Вам выпал Изумруд x2
[19:33:08] [Client thread/INFO] [CHAT] Получено 8 звезд
[19:33:08] [Client thread/INFO] [CHAT] Получено 27 звезд
[19:33:11] [Client thread/INFO] [CHAT] Tveiv получил Двигайся, как камень
[19:33:26] [Client thread/INFO] [CHAT] Получено 7 звезд
[19:33:26] [Client thread/INFO] [CHAT] Вам выпал Изумруд x2
[19:33:31] [Client thread/INFO] [CHAT] Получено 6 звезд
[19:33:37] [Client thread/INFO] [CHAT] На Вас наложен Яростный взор, Вы получаете урон, когда смотрите на существ
[19:33:43] [Client thread/INFO] [CHAT] Получено 5 звезд
[19:33:43] [Client thread/INFO] [CHAT] Вам выпал Изумруд x2
[19:33:43] [Client thread/INFO] [CHAT] Получено 5 звезд
[19:33:44] [Client thread/INFO] [CHAT] Получено 5 звезд
[19:33:44] [Client thread/INFO] [CHAT] Вам выпал Обугленный череп x1
[19:33:51] [Client thread/INFO] [CHAT] Получено 6 звезд
[19:33:51] [Client thread/INFO] [CHAT] Вам выпал Обугленный череп x1
[19:33:55] [Client thread/INFO] [CHAT] Получено 5 звезд
[19:34:02] [Client thread/INFO] [CHAT] Вампиризм сброшен!
[19:34:10] [Client thread/INFO] [CHAT] Получено 7 звезд
[19:34:11] [Client thread/INFO] [CHAT] Вампиризм сброшен!
[19:34:11] [Client thread/INFO] [CHAT] Вампиризм сброшен!
[19:34:13] [Client thread/INFO] [CHAT] Получено 5 звезд
[19:34:15] [Client thread/INFO] [CHAT] Получено 5 звезд
[19:34:17] [Client thread/INFO] [CHAT] Получено 5 звезд
[19:34:19] [Client thread/INFO] [CHAT] Получено 5 звезд
[19:34:19] [Client thread/INFO] [CHAT] Получено 5 звезд
[19:34:19] [Client thread/INFO] [CHAT] Вам выпал Обугленный череп x1
[19:34:20] [Client thread/INFO] [CHAT] Получено 7 звезд
[19:34:22] [Client thread/INFO] [CHAT] Получено 6 звезд
[19:34:24] [Client thread/INFO] [CHAT] Получено 5 звезд
[19:34:24] [Client thread/INFO] [CHAT] Вам выпал Обугленный череп x1
[19:34:24] [Client thread/INFO] [CHAT] Получено 18 звезд
[19:34:27] [Client thread/INFO] [CHAT] Tveiv получил Смотри на меня
[19:34:40] [Client thread/INFO] [CHAT] Вампиризм сброшен!
[19:34:43] [Client thread/INFO] [CHAT] Получено 5 звезд
[19:34:44] [Client thread/INFO] [CHAT] Получено 5 звезд
[19:34:46] [Client thread/INFO] [CHAT] Получено 5 звезд
[19:34:46] [Client thread/INFO] [CHAT] Получено 6 звезд
[19:34:46] [Client thread/INFO] [CHAT] Вам выпал Изумруд x2
[19:34:48] [Client thread/INFO] [CHAT] Вампиризм сброшен!
[19:34:48] [Client thread/INFO] [CHAT] Получено 5 звезд
[19:34:48] [Client thread/INFO] [CHAT] Получено 15 звезд
[19:34:51] [Client thread/INFO] [CHAT] Tveiv получил Децидофобия
[19:34:54] [Client thread/INFO] [CHAT] На Вас наложен Яростный взор, Вы получаете урон, когда смотрите на существ
[19:34:56] [Client thread/INFO] [CHAT] Получено 5 звезд
[19:34:56] [Client thread/INFO] [CHAT] Получено 5 звезд
[19:35:01] [Client thread/INFO] [CHAT] Получено 5 звезд
[19:35:07] [Client thread/INFO] [CHAT] Получено 5 звезд
[19:35:11] [Client thread/INFO] [CHAT] Получено 5 звезд
[19:35:16] [Client thread/INFO] [CHAT] Получено 5 звезд
[19:35:21] [Client thread/INFO] [CHAT] Получено 5 звезд
[19:35:25] [Client thread/INFO] [CHAT] Получено 5 звезд
[19:35:25] [Client thread/INFO] [CHAT] Вам выпал Изумруд x2
[19:35:25] [Client thread/INFO] [CHAT] Вам выпал Обугленный череп x1
[19:35:29] [Client thread/INFO] [CHAT] Получено 5 звезд
[19:35:32] [Client thread/INFO] [CHAT] Получено 5 звезд
[19:35:33] [Client thread/INFO] [CHAT] Получено 5 звезд
[19:35:48] [Client thread/INFO] [CHAT] Получено 5 звезд
[19:35:53] [Client thread/INFO] [CHAT] Получено 5 звезд
[19:35:58] [Client thread/INFO] [CHAT] На Вас наложено Проклятие Страха, Ваш вампиризм заблокирован
[19:36:00] [Client thread/INFO] [CHAT] Получено 5 звезд
[19:36:00] [Client thread/INFO] [CHAT] Получено 5 звезд
[19:36:01] [Client thread/INFO] [CHAT] Получено 6 звезд
[19:36:05] [Client thread/INFO] [CHAT] Вы стали стеклянным! Вы умрете, если получите урон 10 раз
[19:36:44] [Client thread/INFO] [CHAT] На Вас наложено Проклятие Страха, Ваш вампиризм заблокирован
[19:36:57] [Client thread/INFO] [CHAT] Получено 5 звезд
[19:36:57] [Client thread/INFO] [CHAT] Вам выпал Изумруд x29
[19:36:57] [Client thread/INFO] [CHAT] Вам выпал Обугленный череп x3
[19:36:57] [Client thread/INFO] [CHAT] Вам выпал Серебряная звезда зачарования x1
[19:36:57] [Client thread/INFO] [CHAT] Вам выпал Благословенная серебряная звезда зачарования x1
[19:36:57] [Client thread/INFO] [CHAT] Вам выпал Осколок фантазии Этоля x1
[19:36:57] [Client thread/INFO] [CHAT] Получено 5 звезд
[19:37:44] [Client thread/INFO] [CHAT] Потеряно 200 звезд
[19:37:44] [Client thread/INFO] [CHAT] Tveiv получил Грохот научного триумфа
[19:37:45] [Client thread/INFO] [CHAT] Потеряно 200 звезд
[19:37:45] [Client thread/INFO] [CHAT] Tveiv получил Прогноз погоды
[19:37:59] [Client thread/INFO] [CHAT] Получено 5 звезд
[19:38:03] [Client thread/INFO] [CHAT] Получено 5 звезд
[19:38:07] [Client thread/INFO] [CHAT] Получено 5 звезд
[19:38:09] [Client thread/INFO] [CHAT] Получено 5 звезд
[19:38:09] [Client thread/INFO] [CHAT] Вам выпал Изумруд x1
[19:38:10] [Client thread/INFO] [CHAT] Получено 5 звезд
[19:38:11] [Client thread/INFO] [CHAT] Получено 5 звезд
[19:38:12] [Client thread/INFO] [CHAT] Получено 5 звезд
[19:38:12] [Client thread/INFO] [CHAT] Вампиризм сброшен!
[19:38:21] [Client thread/INFO] [CHAT] Вампиризм сброшен!
[19:38:24] [Client thread/INFO] [CHAT] Получено 8 звезд
[19:38:24] [Client thread/INFO] [CHAT] Вам выпал Изумруд x2
[19:38:24] [Client thread/INFO] [CHAT] Вампиризм сброшен!
[19:38:26] [Client thread/INFO] [CHAT] Вампиризм сброшен!
[19:38:27] [Client thread/INFO] [CHAT] Получено 5 звезд
[19:38:27] [Client thread/INFO] [CHAT] Получено 5 звезд
[19:38:28] [Client thread/INFO] [CHAT] Получено 5 звезд
[19:38:28] [Client thread/INFO] [CHAT] Вам выпал Изумруд x1
[19:38:28] [Client thread/INFO] [CHAT] Получено 5 звезд
[19:38:28] [Client thread/INFO] [CHAT] Вам выпал Изумруд x1
[19:38:32] [Client thread/INFO] [CHAT] Получено 5 звезд
[19:38:32] [Client thread/INFO] [CHAT] Вам выпал Осколок Луны x1
[19:38:32] [Client thread/INFO] [CHAT] Получено 14 звезд
[19:38:35] [Client thread/INFO] [CHAT] Tveiv получил Сплетение теней
[19:38:42] [Client thread/INFO] [CHAT] Получено 5 звезд
[19:38:48] [Client thread/INFO] [CHAT] Получено 5 звезд
[19:38:49] [Client thread/INFO] [CHAT] Получено 6 звезд
[19:38:50] [Client thread/INFO] [CHAT] Вампиризм сброшен!
[19:38:51] [Client thread/INFO] [CHAT] Получено 5 звезд
[19:38:53] [Client thread/INFO] [CHAT] Получено 5 звезд
[19:38:53] [Client thread/INFO] [CHAT] Вам выпал Изумруд x1
[19:38:59] [Client thread/INFO] [CHAT] Получено 5 звезд
[19:38:59] [Client thread/INFO] [CHAT] Вам выпал Изумруд x2
[19:39:01] [Client thread/INFO] [CHAT] Получено 5 звезд
[19:39:03] [Client thread/INFO] [CHAT] Получено 6 звезд
[19:39:10] [Client thread/INFO] [CHAT] Получено 7 звезд
[19:39:11] [Client thread/INFO] [CHAT] [7] P ┃ LordGold24 » как наложить заклинание на оружие
[19:39:12] [Client thread/INFO] [CHAT] Получено 5 звезд
[19:39:17] [Client thread/INFO] [CHAT] [30] G ┃ Exidaee » [Тирания ☠ +8]
[19:39:21] [Client thread/INFO] [CHAT] Вампиризм сброшен!
[19:39:22] [Client thread/INFO] [CHAT] Получено 6 звезд
[19:39:22] [Client thread/INFO] [CHAT] Вам выпал Изумруд x1
[19:39:22] [Client thread/INFO] [CHAT] Вам выпал Обугленный череп x1
[19:39:25] [Client thread/INFO] [CHAT] Получено 5 звезд
[19:39:25] [Client thread/INFO] [CHAT] Вам выпал Изумруд x2
[19:39:25] [Client thread/INFO] [CHAT] Вампиризм сброшен!
[19:39:28] [Client thread/INFO] [CHAT] Получено 6 звезд
[19:39:29] [Client thread/INFO] [CHAT] Вампиризм сброшен!
[19:39:30] [Client thread/INFO] [CHAT] Получено 5 звезд
[19:39:30] [Client thread/INFO] [CHAT] Получено 5 звезд
[19:39:32] [Client thread/INFO] [CHAT] Вампиризм сброшен!
[19:39:33] [Client thread/INFO] [CHAT] Получено 5 звезд
[19:39:35] [Client thread/INFO] [CHAT] Получено 5 звезд
[19:39:35] [Client thread/INFO] [CHAT] Вам выпал Серебряная звезда зачарования x1
[19:39:35] [Client thread/INFO] [CHAT] Получено 12 звезд
[19:39:37] [Client thread/INFO] [CHAT] Tveiv получил Мирный сон Бедствия
[19:39:45] [Client thread/INFO] [CHAT] [30] I ┃ JonY_00 » [Жертва ритуалу ♡ +9]
[19:39:58] [Client thread/INFO] [CHAT] \nMEDIA ┃ Lera_1337  проводит ивент: StickFight!\nТип игры: Пятерной\nНажми, чтобы переместиться!\n 
[19:40:00] [Client thread/INFO] [CHAT] Получено 6 звезд
[19:40:00] [Client thread/INFO] [CHAT] Вам выпал Изумруд x1
[19:40:02] [Client thread/INFO] [CHAT] Вампиризм сброшен!
[19:40:04] [Client thread/INFO] [CHAT] Получено 6 звезд
[19:40:06] [Client thread/INFO] [CHAT] Получено 5 звезд
[19:40:07] [Client thread/INFO] [CHAT] Получено 5 звезд
[19:40:07] [Client thread/INFO] [CHAT] Получено 5 звезд
[19:40:09] [Client thread/INFO] [CHAT] Получено 5 звезд
[19:40:11] [Client thread/INFO] [CHAT] Получено 5 звезд
[19:40:12] [Client thread/INFO] [CHAT] Вампиризм сброшен!
[19:40:13] [Client thread/INFO] [CHAT] Получено 5 звезд
[19:40:16] [Client thread/INFO] [CHAT] Получено 5 звезд
[19:40:16] [Client thread/INFO] [CHAT] Вам выпал Изумруд x2
[19:40:16] [Client thread/INFO] [CHAT] Получено 12 звезд
[19:40:18] [Client thread/INFO] [CHAT] Tveiv получил Приманка
[19:40:24] [Client thread/INFO] [CHAT] Получено 5 звезд
[19:40:29] [Client thread/INFO] [CHAT] Получено 5 звезд
[19:40:29] [Client thread/INFO] [CHAT] Вам выпал Серебряная звезда зачарования x1
[19:40:50] [Client thread/INFO] [CHAT] Получено 5 звезд
[19:40:53] [Client thread/INFO] [CHAT] Получено 5 звезд
[19:40:53] [Client thread/INFO] [CHAT] Вам выпал Осколок фантазии Этоля x1
[19:40:59] [Client thread/INFO] [CHAT] Получено 5 звезд
[19:40:59] [Client thread/INFO] [CHAT] Вам выпал Обугленный череп x1
[19:41:03] [Client thread/INFO] [CHAT] [7] P ┃ LordGold24 » как наложить заклинание на оружие?
[19:41:03] [Client thread/INFO] [CHAT] Получено 5 звезд
[19:41:03] [Client thread/INFO] [CHAT] Вам выпал Изумруд x2
[19:41:03] [Client thread/INFO] [CHAT] Вам выпал Осколок фантазии Этоля x1
[19:41:08] [Client thread/INFO] [CHAT] Получено 5 звезд
[19:41:10] [Client thread/INFO] [CHAT] [28] P+ ┃ CFIl » на оружие никак
[19:41:13] [Client thread/INFO] [CHAT] Получено 5 звезд
[19:41:16] [Client thread/INFO] [CHAT] Получено 5 звезд
[19:41:18] [Client thread/INFO] [CHAT] Получено 5 звезд
[19:41:23] [Client thread/INFO] [CHAT] Получено 5 звезд
[19:41:27] [Client thread/INFO] [CHAT] Получено 5 звезд
[19:41:30] [Client thread/INFO] [CHAT] Получено 5 звезд
[19:41:31] [Client thread/INFO] [CHAT] [28] P+ ┃ CFIl » это справа где фантазии ставишь слоты под способности
[19:41:33] [Client thread/INFO] [CHAT] Получено 6 звезд
[19:41:33] [Client thread/INFO] [CHAT] Вам выпал Обугленный череп x1
[19:41:36] [Client thread/INFO] [CHAT] Получено 5 звезд
[19:41:36] [Client thread/INFO] [CHAT] Вам выпал Обугленный череп x1
[19:41:42] [Client thread/INFO] [CHAT] Получено 5 звезд
[19:41:46] [Client thread/INFO] [CHAT] Получено 5 звезд
[19:41:49] [Client thread/INFO] [CHAT] Получено 5 звезд
[19:41:53] [Client thread/INFO] [CHAT] Получено 5 звезд
[19:41:53] [Client thread/INFO] [CHAT] Вам выпал Изумруд x2
[19:41:54] [Client thread/INFO] [CHAT] [7] P ┃ LordGold24 » чё, а зачем тогда у меня книга заклинания с багровым разрезом
[19:42:07] [Client thread/INFO] [CHAT] [30] P ┃ Tveiv » баг
[19:42:20] [Client thread/INFO] [CHAT] Получено 5 звезд
[19:42:20] [Client thread/INFO] [CHAT] Вам выпал Изумруд x2
[19:42:20] [Client thread/INFO] [CHAT] Вам выпал Обугленный череп x1
[19:42:24] [Client thread/INFO] [CHAT] Получено 5 звезд
[19:42:28] [Client thread/INFO] [CHAT] Получено 5 звезд
[19:42:28] [Client thread/INFO] [CHAT] Вам выпал Изумруд x1
[19:42:28] [Client thread/INFO] [CHAT] Вам выпал Обугленный череп x1
[19:42:28] [Client thread/INFO] [CHAT] Вам выпал Благословенная серебряная звезда зачарования x1
[19:42:30] [Client thread/INFO] [CHAT] Что-то произошло. 1/4
[19:42:34] [Client thread/INFO] [CHAT] Вы стали стеклянным! Вы умрете, если получите урон 10 раз
[19:42:41] [Client thread/INFO] [CHAT] Дверь в комнату управления открыта.
[19:42:44] [Client thread/INFO] [CHAT] Получено 5 звезд
[19:42:46] [Client thread/INFO] [CHAT] Получено 5 звезд
[19:42:48] [Client thread/INFO] [CHAT] Получено 5 звезд
[19:42:55] [Client thread/INFO] [CHAT] Получено 5 звезд
[19:42:55] [Client thread/INFO] [CHAT] Вам выпал Серебряная звезда зачарования x1
[19:42:55] [Client thread/INFO] [CHAT] Получено 5 звезд
[19:42:55] [Client thread/INFO] [CHAT] Вам выпал Обугленный череп x1
[19:42:59] [Client thread/INFO] [CHAT] Получено 5 звезд
[19:42:59] [Client thread/INFO] [CHAT] Вам выпал Изумруд x1
[19:43:03] [Client thread/INFO] [CHAT] Получено 5 звезд
[19:43:03] [Client thread/INFO] [CHAT] Вам выпал Обугленный череп x1
[19:43:06] [Client thread/INFO] [CHAT] Проход в крепость закрыт. Теперь Вы в безопасности.
[19:43:14] [Client thread/INFO] [CHAT] Потеряно 200 звезд
[19:43:14] [Client thread/INFO] [CHAT] Tveiv получил Стеклянная кукла
[19:43:23] [Client thread/INFO] [CHAT] Получено 5 звезд
[19:43:23] [Client thread/INFO] [CHAT] Получено 5 звезд
[19:43:29] [Client thread/INFO] [CHAT] Потеряно 200 звезд
[19:43:29] [Client thread/INFO] [CHAT] Tveiv получил Замок без ключа
[19:43:35] [Client thread/INFO] [CHAT] Получено 5 звезд
[19:43:40] [Client thread/INFO] [CHAT] Получено 6 звезд
[19:43:47] [Client thread/INFO] [CHAT] Получено 5 звезд
[19:43:47] [Client thread/INFO] [CHAT] Вам выпал Обугленный череп x1
[19:43:47] [Client thread/INFO] [CHAT] Получено 5 звезд
[19:43:50] [Client thread/INFO] [CHAT] Получено 5 звезд
[19:43:52] [Client thread/INFO] [CHAT] Получено 5 звезд
[19:44:00] [Client thread/INFO] [CHAT] Получено 5 звезд
[19:44:00] [Client thread/INFO] [CHAT] Получено 5 звезд
[19:44:00] [Client thread/INFO] [CHAT] Вам выпал Обугленный череп x1
[19:44:04] [Client thread/INFO] [CHAT] Получено 6 звезд
[19:44:04] [Client thread/INFO] [CHAT] Вам выпал Изумруд x1
[19:44:10] [Client thread/INFO] [CHAT] Получено 5 звезд
[19:44:10] [Client thread/INFO] [CHAT] Вам выпал Изумруд x1
[19:44:10] [Client thread/INFO] [CHAT] Получено 5 звезд
[19:44:10] [Client thread/INFO] [CHAT] Вам выпал Обугленный череп x1
[19:44:13] [Client thread/INFO] [CHAT] Получено 5 звезд
[19:44:13] [Client thread/INFO] [CHAT] Вам выпал Изумруд x1
[19:44:16] [Client thread/INFO] [CHAT] Получено 5 звезд
[19:44:17] [Client thread/INFO] [CHAT] Получено 5 звезд
[19:44:22] [Client thread/INFO] [CHAT] Получено 5 звезд
[19:44:24] [Client thread/INFO] [CHAT] Получено 5 звезд
[19:44:27] [Client thread/INFO] [CHAT] Получено 5 звезд
[19:44:31] [Client thread/INFO] [CHAT] Получено 5 звезд
[19:44:33] [Client thread/INFO] [CHAT] Получено 5 звезд
[19:45:00] [Client thread/INFO] [CHAT] Наследница Бедствия: Вы явились в самый разгар событий. Перед нашей битвой, давайте хотя бы представимся. Я - Мальфиса Флеу, единственная достойная Наследница Бедствия.
[19:45:07] [Client thread/INFO] [CHAT] Наследница Бедствия: Разрушение.
[19:45:11] [Client thread/INFO] [CHAT] Наследница Бедствия: Давайте на чистоту: я рада, что вы сами пришли ко мне, ловить вас было бы слишком расточительно по времени.
[19:45:15] [Client thread/INFO] [CHAT] Наследница Бедствия: Кажется, дышать становится все тяжелее..
[19:45:27] [Client thread/INFO] [CHAT] Наследница Бедствия: Разрушение.
[19:45:35] [Client thread/INFO] [CHAT] Наследница Бедствия: Кажется, дышать становится все тяжелее..
[19:45:47] [Client thread/INFO] [CHAT] Наследница Бедствия: Разрушение.
[19:45:52] [Client thread/INFO] [CHAT] Наследница Бедствия: Вы потеряли оружие и доблесть. Исход этого боя уже предрешён.
[19:46:03] [Client thread/INFO] [CHAT] Наследница Бедствия: Я очень долго собирала себе армию, неужели вы думали, что я буду сражаться одна?
[19:46:04] [Client thread/INFO] [CHAT] Наследница Бедствия: Меч света разорвет вас на части!
[19:46:23] [Client thread/INFO] [CHAT] Наследница Бедствия: Меч света разорвет вас на части!
[19:46:35] [Client thread/INFO] [CHAT] Наследница Бедствия: Пора заканчивать..
[19:46:39] [Client thread/INFO] [CHAT] Наследница Бедствия: Раб души!
[19:46:41] [Client thread/INFO] [CHAT] Наследница Бедствия: Теперь, я лично вас обезглавлю.
[19:46:57] [Client thread/INFO] [CHAT] Наследница Бедствия: Вы сами пришли в театр отчаяния! Даже если проиграю, я заберу вас с собой!
[19:46:58] [Client thread/INFO] [CHAT] Наследница Бедствия: Меч света разорвет вас на части!
[19:47:17] [Client thread/INFO] [CHAT] Получено 5 звезд
[19:47:17] [Client thread/INFO] [CHAT] Вам выпал Изумруд x25
[19:47:17] [Client thread/INFO] [CHAT] Вам выпал Обугленный череп x7
[19:47:17] [Client thread/INFO] [CHAT] Вам выпал Серебряная звезда зачарования x1
[19:47:17] [Client thread/INFO] [CHAT] Вам выпал Благословенная серебряная звезда зачарования x1
[19:47:17] [Client thread/INFO] [CHAT] Вам выпал Осколок фантазии Этоля x1
[19:47:17] [Client thread/INFO] [CHAT] Вам выпал Шкатулка наследницы x1
[19:47:17] [Client thread/INFO] [CHAT] Получено 5 звезд
[19:47:17] [Client thread/INFO] [CHAT] Вам выпал Благословенная серебряная звезда зачарования x1
[19:47:22] [Client thread/ERROR] Error on handle event #WaxMW in Mod{name='VoidMod', version='1.0+089d877', persistent=false, delegate=dev.a.a.a, modState=LOADED}
java.lang.NullPointerException: Cannot invoke "!#vqIrQ.ayV(String)" because the return value of "!#XIUjS.eja()" is null
	at VoidMod-v1.0+089d877//dev.a.a.i.b.a(SourceFile:3095)
	at VoidMod-v1.0+089d877//dev.a.a.i.b.injectedLambda$a$1(SourceFile)
	at #BHMxk.sanH(Unknown Source:56)
	at #EDvEB.kcv(Unknown Source)
	at #EDvEB.accept(Unknown Source)
	at #gthWo.shRq(SourceFile:105)
	at #RczXx.iHk(Unknown Source)
	at #RczXx.accept(Unknown Source)
	at #tZnke.sjcO(SourceFile:59)
	at #cCSpT.Ib(SourceFile)
	at #cVHnR.seEn(Unknown Source:89)
	at #GItiT.sfDZ(SourceFile:100)
	at #CFNmt.dZG(SourceFile)
	at #eFdzA.sgmB(SourceFile:50)
	at #IziuD.sbAk(SourceFile:3665)
	at #KLfhq.syS(SourceFile:2346)
	at #NMJuQ.bvu(SourceFile)
	at #yIWTs.snwq(SourceFile:206)
	at #FiZhE.sltv(SourceFile:469)
	at #zVeRA.scjA(SourceFile:29)
	at #esBRw.scLa(SourceFile:10)
	at #HnjFk.run(SourceFile:32)
	at #MuqgW.smMh(SourceFile:40)
	at #rArYX.sggH(SourceFile:11)
	at java.base/java.util.concurrent.FutureTask.run(Unknown Source)
	at #ankXZ.skOv(SourceFile:45)
	at #bBoCn.fLx(SourceFile:52)
	at #lABBH.sgvJ(Unknown Source:1466)
	at #ZQCSx.shqa(SourceFile:1632)
	at #kQsKH.smKh(SourceFile:487)
	at net.minecraft.client.main.GameMain.mgm(SourceFile:220)
	at net.minecraft.client.main.GameMain.iLJ(SourceFile:156)
	at #cnUTs.lIs(Unknown Source)
	at #cnUTs.run(Unknown Source)
	at java.base/java.lang.Thread.run(Unknown Source)
[19:47:42] [Client thread/INFO] [CHAT] Получено 6 звезд
[19:47:43] [Client thread/ERROR] Error on handle event #VseFK in Mod{name='VoidMod', version='1.0+089d877', persistent=false, delegate=dev.a.a.a, modState=LOADED}
java.lang.NullPointerException: Cannot invoke "!#RicbX.cop()" because "<parameter1>" is null
	at VoidMod-v1.0+089d877//dev.a.a.g.g.a(SourceFile:13)
	at VoidMod-v1.0+089d877//dev.a.a.h.a.a.a.h(SourceFile)
	at VoidMod-v1.0+089d877//dev.a.a.h.a.b.a(SourceFile:49)
	at VoidMod-v1.0+089d877//dev.a.a.h.a.b.injectedLambda$a$13(SourceFile)
	at java.base/java.util.Collection.removeIf(Unknown Source)
	at VoidMod-v1.0+089d877//dev.a.a.h.a.b.a(SourceFile:46)
	at VoidMod-v1.0+089d877//dev.a.a.h.a.b.injectedLambda$a$9(SourceFile)
	at #BHMxk.sanH(Unknown Source:56)
	at #EDvEB.kcv(Unknown Source)
	at #EDvEB.accept(Unknown Source)
	at #gthWo.shRq(SourceFile:105)
	at #RczXx.iHk(Unknown Source)
	at #RczXx.accept(Unknown Source)
	at #tZnke.sjcO(SourceFile:59)
	at #cCSpT.Ib(SourceFile)
	at #cVHnR.seEn(Unknown Source:89)
	at #GItiT.sfDZ(SourceFile:100)
	at #CFNmt.dZG(SourceFile)
	at #eFdzA.sgmB(SourceFile:50)
	at #dhvTt.sjja(SourceFile:3590)
	at #ZeCEz.sljt(SourceFile:1999)
	at #TSEwU.smhy(SourceFile:1482)
	at #ZQCSx.shqa(SourceFile:1634)
	at #kQsKH.smKh(SourceFile:487)
	at net.minecraft.client.main.GameMain.mgm(SourceFile:220)
	at net.minecraft.client.main.GameMain.iLJ(SourceFile:156)
	at #cnUTs.lIs(Unknown Source)
	at #cnUTs.run(Unknown Source)
	at java.base/java.lang.Thread.run(Unknown Source)
[19:47:43] [Client thread/ERROR] Error on handle event #VseFK in Mod{name='VoidMod', version='1.0+089d877', persistent=false, delegate=dev.a.a.a, modState=LOADED}
java.lang.NullPointerException: Cannot invoke "!#RicbX.cop()" because "<parameter1>" is null
	at VoidMod-v1.0+089d877//dev.a.a.g.g.a(SourceFile:13)
	at VoidMod-v1.0+089d877//dev.a.a.h.a.a.a.h(SourceFile)
	at VoidMod-v1.0+089d877//dev.a.a.h.a.b.a(SourceFile:49)
	at VoidMod-v1.0+089d877//dev.a.a.h.a.b.injectedLambda$a$13(SourceFile)
	at java.base/java.util.Collection.removeIf(Unknown Source)
	at VoidMod-v1.0+089d877//dev.a.a.h.a.b.a(SourceFile:46)
	at VoidMod-v1.0+089d877//dev.a.a.h.a.b.injectedLambda$a$9(SourceFile)
	at #BHMxk.sanH(Unknown Source:56)
	at #EDvEB.kcv(Unknown Source)
	at #EDvEB.accept(Unknown Source)
	at #gthWo.shRq(SourceFile:105)
	at #RczXx.iHk(Unknown Source)
	at #RczXx.accept(Unknown Source)
	at #tZnke.sjcO(SourceFile:59)
	at #cCSpT.Ib(SourceFile)
	at #cVHnR.seEn(Unknown Source:89)
	at #GItiT.sfDZ(SourceFile:100)
	at #CFNmt.dZG(SourceFile)
	at #eFdzA.sgmB(SourceFile:50)
	at #dhvTt.sjja(SourceFile:3590)
	at #ZeCEz.sljt(SourceFile:1999)
	at #TSEwU.smhy(SourceFile:1482)
	at #ZQCSx.shqa(SourceFile:1634)
	at #kQsKH.smKh(SourceFile:487)
	at net.minecraft.client.main.GameMain.mgm(SourceFile:220)
	at net.minecraft.client.main.GameMain.iLJ(SourceFile:156)
	at #cnUTs.lIs(Unknown Source)
	at #cnUTs.run(Unknown Source)
	at java.base/java.lang.Thread.run(Unknown Source)
[19:47:45] [Client thread/INFO] [CHAT] Получено 5 звезд
[19:47:45] [Client thread/INFO] [CHAT] Вам выпал Осколок фантазии Этоля x1
[19:47:46] [Client thread/INFO] [CHAT] Вампиризм сброшен!
[19:47:48] [Client thread/INFO] [CHAT] Получено 5 звезд
[19:47:48] [Client thread/INFO] [CHAT] Получено 5 звезд
[19:47:49] [Client thread/INFO] [CHAT] Вампиризм сброшен!
[19:47:50] [Client thread/INFO] [CHAT] Получено 5 звезд
[19:47:52] [Client thread/INFO] [CHAT] Получено 6 звезд
[19:47:52] [Client thread/INFO] [CHAT] Получено 5 звезд
[19:47:53] [Client thread/INFO] [CHAT] Получено 5 звезд
[19:47:53] [Client thread/INFO] [CHAT] Получено 5 звезд
[19:47:53] [Client thread/INFO] [CHAT] Вам выпал Изумруд x1
[19:47:53] [Client thread/INFO] [CHAT] Получено 12 звезд
[19:47:54] [Client thread/INFO] [CHAT] Получено 5 звезд
[19:47:56] [Client thread/INFO] [CHAT] Tveiv получил Катастрофизация
[19:47:58] [Client thread/INFO] [CHAT] Получено 5 звезд
[19:47:58] [Client thread/INFO] [CHAT] Вам выпал Изумруд x2
[19:47:58] [Client thread/INFO] [CHAT] Вам выпал Обугленный череп x1
[19:47:59] [Client thread/INFO] [CHAT] Получено 5 звезд
[19:48:01] [Client thread/INFO] [CHAT] На Вас наложено Проклятие Крови, Вы получаете урон за каждую нанесенную атаку
[19:48:14] [Client thread/INFO] [CHAT] На Вас наложено Проклятие Страха, Ваш вампиризм заблокирован
[19:48:27] [Client thread/INFO] [CHAT] На Вас наложено Проклятие Страха, Ваш вампиризм заблокирован
[19:48:33] [Client thread/INFO] [CHAT] Получено 5 звезд
[19:48:33] [Client thread/INFO] [CHAT] Вам выпал Изумруд x2
[19:48:33] [Client thread/INFO] [CHAT] Вам выпал Серебряная звезда зачарования x1
[19:48:37] [Client thread/INFO] [CHAT] Получено 5 звезд
[19:48:37] [Client thread/INFO] [CHAT] Вам выпал Осколок фантазии Этоля x1
[19:48:40] [Client thread/INFO] [CHAT] Получено 5 звезд
[19:48:40] [Client thread/INFO] [CHAT] Получено 5 звезд
[19:48:40] [Client thread/INFO] [CHAT] На Вас наложено Проклятие Крови, Вы получаете урон за каждую нанесенную атаку
[19:48:42] [Client thread/INFO] [CHAT] Получено 5 звезд
[19:48:42] [Client thread/INFO] [CHAT] Вам выпал Изумруд x2
[19:48:42] [Client thread/INFO] [CHAT] Получено 7 звезд
[19:48:42] [Client thread/INFO] [CHAT] Tveiv погиб! Осталось 2 возрождения
[19:48:46] [Client thread/INFO] [CHAT] Получено 6 звезд
[19:48:49] [Client thread/INFO] [CHAT] Потеряно 200 звезд
[19:48:49] [Client thread/INFO] [CHAT] Tveiv получил Острый клинок
[19:48:50] [Client thread/INFO] [CHAT] [26] D ┃ Latcher » как клинки расимы работают?
[19:48:53] [Client thread/INFO] [CHAT] На Вас наложено Проклятие Крови, Вы получаете урон за каждую нанесенную атаку
[19:49:04] [Client thread/INFO] [CHAT] Получено 5 звезд
[19:49:04] [Client thread/INFO] [CHAT] Получено 16 звезд
[19:49:04] [Client thread/INFO] [CHAT] Получено 5 звезд
[19:49:04] [Client thread/INFO] [CHAT] Вам выпал Обугленный череп x1
[19:49:05] [Client thread/INFO] [CHAT] Получено 6 звезд
[19:49:05] [Client thread/INFO] [CHAT] Получено 5 звезд
[19:49:05] [Client thread/INFO] [CHAT] Вам выпал Обугленный череп x1
[19:49:05] [Client thread/INFO] [CHAT] Получено 5 звезд
[19:49:06] [Client thread/INFO] [CHAT] Tveiv получил Спарагмос
[19:49:25] [Client thread/INFO] [CHAT] Получено 6 звезд
[19:49:29] [Client thread/INFO] [CHAT] Получено 5 звезд
[19:49:29] [Client thread/INFO] [CHAT] Вам выпал Изумруд x2
[19:49:29] [Client thread/INFO] [CHAT] Получено 5 звезд
[19:49:29] [Client thread/INFO] [CHAT] Вам выпал Изумруд x1
[19:49:30] [Client thread/ERROR] Error on handle event #VseFK in Mod{name='VoidMod', version='1.0+089d877', persistent=false, delegate=dev.a.a.a, modState=LOADED}
java.lang.NullPointerException: Cannot invoke "!#RicbX.cop()" because "<parameter1>" is null
	at VoidMod-v1.0+089d877//dev.a.a.g.g.a(SourceFile:13)
	at VoidMod-v1.0+089d877//dev.a.a.h.a.a.a.h(SourceFile)
	at VoidMod-v1.0+089d877//dev.a.a.h.a.b.a(SourceFile:49)
	at VoidMod-v1.0+089d877//dev.a.a.h.a.b.injectedLambda$a$13(SourceFile)
	at java.base/java.util.Collection.removeIf(Unknown Source)
	at VoidMod-v1.0+089d877//dev.a.a.h.a.b.a(SourceFile:46)
	at VoidMod-v1.0+089d877//dev.a.a.h.a.b.injectedLambda$a$9(SourceFile)
	at #BHMxk.sanH(Unknown Source:56)
	at #EDvEB.kcv(Unknown Source)
	at #EDvEB.accept(Unknown Source)
	at #gthWo.shRq(SourceFile:105)
	at #RczXx.iHk(Unknown Source)
	at #RczXx.accept(Unknown Source)
	at #tZnke.sjcO(SourceFile:59)
	at #cCSpT.Ib(SourceFile)
	at #cVHnR.seEn(Unknown Source:89)
	at #GItiT.sfDZ(SourceFile:100)
	at #CFNmt.dZG(SourceFile)
	at #eFdzA.sgmB(SourceFile:50)
	at #dhvTt.sjja(SourceFile:3590)
	at #ZeCEz.sljt(SourceFile:1999)
	at #TSEwU.smhy(SourceFile:1482)
	at #ZQCSx.shqa(SourceFile:1634)
	at #kQsKH.smKh(SourceFile:487)
	at net.minecraft.client.main.GameMain.mgm(SourceFile:220)
	at net.minecraft.client.main.GameMain.iLJ(SourceFile:156)
	at #cnUTs.lIs(Unknown Source)
	at #cnUTs.run(Unknown Source)
	at java.base/java.lang.Thread.run(Unknown Source)
[19:49:30] [Client thread/INFO] [CHAT] Получено 5 звезд
[19:49:30] [Client thread/INFO] [CHAT] Вам выпал Серебряная звезда зачарования x1
[19:49:31] [Client thread/ERROR] Error on handle event #VseFK in Mod{name='VoidMod', version='1.0+089d877', persistent=false, delegate=dev.a.a.a, modState=LOADED}
java.lang.NullPointerException: Cannot invoke "!#RicbX.cop()" because "<parameter1>" is null
	at VoidMod-v1.0+089d877//dev.a.a.g.g.a(SourceFile:13)
	at VoidMod-v1.0+089d877//dev.a.a.h.a.a.a.h(SourceFile)
	at VoidMod-v1.0+089d877//dev.a.a.h.a.b.a(SourceFile:49)
	at VoidMod-v1.0+089d877//dev.a.a.h.a.b.injectedLambda$a$13(SourceFile)
	at java.base/java.util.Collection.removeIf(Unknown Source)
	at VoidMod-v1.0+089d877//dev.a.a.h.a.b.a(SourceFile:46)
	at VoidMod-v1.0+089d877//dev.a.a.h.a.b.injectedLambda$a$9(SourceFile)
	at #BHMxk.sanH(Unknown Source:56)
	at #EDvEB.kcv(Unknown Source)
	at #EDvEB.accept(Unknown Source)
	at #gthWo.shRq(SourceFile:105)
	at #RczXx.iHk(Unknown Source)
	at #RczXx.accept(Unknown Source)
	at #tZnke.sjcO(SourceFile:59)
	at #cCSpT.Ib(SourceFile)
	at #cVHnR.seEn(Unknown Source:89)
	at #GItiT.sfDZ(SourceFile:100)
	at #CFNmt.dZG(SourceFile)
	at #eFdzA.sgmB(SourceFile:50)
	at #dhvTt.sjja(SourceFile:3590)
	at #ZeCEz.sljt(SourceFile:1999)
	at #TSEwU.smhy(SourceFile:1482)
	at #ZQCSx.shqa(SourceFile:1634)
	at #kQsKH.smKh(SourceFile:487)
	at net.minecraft.client.main.GameMain.mgm(SourceFile:220)
	at net.minecraft.client.main.GameMain.iLJ(SourceFile:156)
	at #cnUTs.lIs(Unknown Source)
	at #cnUTs.run(Unknown Source)
	at java.base/java.lang.Thread.run(Unknown Source)
[19:49:33] [Client thread/INFO] [CHAT] На Вас наложено Проклятие Крови, Вы получаете урон за каждую нанесенную атаку
[19:49:33] [Client thread/INFO] [CHAT] Получено 5 звезд
[19:49:33] [Client thread/INFO] [CHAT] Получено 5 звезд
[19:49:37] [Client thread/INFO] [CHAT] Вампиризм сброшен!
[19:49:38] [Client thread/INFO] [CHAT] Получено 5 звезд
[19:49:39] [Client thread/INFO] [CHAT] Получено 5 звезд
[19:49:40] [Client thread/INFO] [CHAT] Получено 5 звезд
[19:49:40] [Client thread/INFO] [CHAT] Получено 10 звезд
[19:49:40] [Client thread/INFO] [CHAT] Получено 5 звезд
[19:49:42] [Client thread/INFO] [CHAT] Вампиризм сброшен!
[19:49:43] [Client thread/INFO] [CHAT] Tveiv получил Рыба, убивающая Победителей
[19:49:43] [Client thread/INFO] [CHAT] Получено 5 звезд
[19:49:45] [Client thread/INFO] [CHAT] Получено 5 звезд
[19:49:45] [Client thread/INFO] [CHAT] Получено 5 звезд
[19:49:45] [Client thread/INFO] [CHAT] На Вас наложено Проклятие Крови, Вы получаете урон за каждую нанесенную атаку
[19:49:58] [Client thread/INFO] [CHAT] На Вас наложено Проклятие Страха, Ваш вампиризм заблокирован
[19:50:14] [Client thread/ERROR] Error on handle event #WaxMW in Mod{name='VoidMod', version='1.0+089d877', persistent=false, delegate=dev.a.a.a, modState=LOADED}
java.lang.NullPointerException: Cannot invoke "!#vqIrQ.ayV(String)" because the return value of "!#XIUjS.eja()" is null
	at VoidMod-v1.0+089d877//dev.a.a.i.b.a(SourceFile:3095)
	at VoidMod-v1.0+089d877//dev.a.a.i.b.injectedLambda$a$1(SourceFile)
	at #BHMxk.sanH(Unknown Source:56)
	at #EDvEB.kcv(Unknown Source)
	at #EDvEB.accept(Unknown Source)
	at #gthWo.shRq(SourceFile:105)
	at #RczXx.iHk(Unknown Source)
	at #RczXx.accept(Unknown Source)
	at #tZnke.sjcO(SourceFile:59)
	at #cCSpT.Ib(SourceFile)
	at #cVHnR.seEn(Unknown Source:89)
	at #GItiT.sfDZ(SourceFile:100)
	at #CFNmt.dZG(SourceFile)
	at #eFdzA.sgmB(SourceFile:50)
	at #IziuD.sbAk(SourceFile:3665)
	at #KLfhq.syS(SourceFile:2346)
	at #NMJuQ.bvu(SourceFile)
	at #yIWTs.snwq(SourceFile:206)
	at #FiZhE.sltv(SourceFile:469)
	at #zVeRA.scjA(SourceFile:29)
	at #esBRw.scLa(SourceFile:10)
	at #HnjFk.run(SourceFile:32)
	at #MuqgW.smMh(SourceFile:40)
	at #rArYX.sggH(SourceFile:11)
	at java.base/java.util.concurrent.FutureTask.run(Unknown Source)
	at #ankXZ.skOv(SourceFile:45)
	at #bBoCn.fLx(SourceFile:52)
	at #lABBH.sgvJ(Unknown Source:1466)
	at #ZQCSx.shqa(SourceFile:1632)
	at #kQsKH.smKh(SourceFile:487)
	at net.minecraft.client.main.GameMain.mgm(SourceFile:220)
	at net.minecraft.client.main.GameMain.iLJ(SourceFile:156)
	at #cnUTs.lIs(Unknown Source)
	at #cnUTs.run(Unknown Source)
	at java.base/java.lang.Thread.run(Unknown Source)
[19:50:51] [Client thread/INFO] [CHAT] На Вас наложено Проклятие Крови, Вы получаете урон за каждую нанесенную атаку
[19:50:55] [Client thread/INFO] [CHAT] Бессмертная голова колдуна: Мы собрались в этот прекрасный день, чтобы покончить с Исцелением. Почему же все так пытаются помешать нам?
[19:51:53] [Client thread/INFO] [CHAT] [13] S ┃ Alonewild » [Секрет алхимиков ☬ +3]
[19:52:48] [Client thread/INFO] [CHAT] На Вас наложено Проклятие Крови, Вы получаете урон за каждую нанесенную атаку
[19:53:01] [Client thread/INFO] [CHAT] На Вас наложено Проклятие Страха, Ваш вампиризм заблокирован
[19:53:14] [Client thread/INFO] [CHAT] На Вас наложено Проклятие Страха, Ваш вампиризм заблокирован
[19:53:27] [Client thread/INFO] [CHAT] На Вас наложено Проклятие Крови, Вы получаете урон за каждую нанесенную атаку
[19:53:53] [Client thread/INFO] [CHAT] На Вас наложено Проклятие Крови, Вы получаете урон за каждую нанесенную атаку
[19:54:06] [Client thread/INFO] [CHAT] На Вас наложено Проклятие Страха, Ваш вампиризм заблокирован
[19:54:19] [Client thread/INFO] [CHAT] На Вас наложено Проклятие Страха, Ваш вампиризм заблокирован
[19:54:32] [Client thread/INFO] [CHAT] На Вас наложено Проклятие Крови, Вы получаете урон за каждую нанесенную атаку
[19:54:45] [Client thread/INFO] [CHAT] На Вас наложено Проклятие Страха, Ваш вампиризм заблокирован
[19:55:24] [Client thread/INFO] [CHAT] На Вас наложено Проклятие Крови, Вы получаете урон за каждую нанесенную атаку
[19:56:28] [Client thread/INFO] [CHAT] Tveiv погиб! Осталось 1 возрождение
[19:56:42] [Client thread/INFO] [CHAT] На Вас наложено Проклятие Страха, Ваш вампиризм заблокирован
[19:57:21] [Client thread/INFO] [CHAT] На Вас наложено Проклятие Крови, Вы получаете урон за каждую нанесенную атаку
[19:57:34] [Client thread/INFO] [CHAT] На Вас наложено Проклятие Крови, Вы получаете урон за каждую нанесенную атаку
[19:57:47] [Client thread/INFO] [CHAT] На Вас наложено Проклятие Страха, Ваш вампиризм заблокирован
[19:58:13] [Client thread/INFO] [CHAT] На Вас наложено Проклятие Крови, Вы получаете урон за каждую нанесенную атаку
[19:58:26] [Client thread/INFO] [CHAT] На Вас наложено Проклятие Крови, Вы получаете урон за каждую нанесенную атаку
[19:58:39] [Client thread/INFO] [CHAT] На Вас наложено Проклятие Страха, Ваш вампиризм заблокирован
[19:58:52] [Client thread/INFO] [CHAT] На Вас наложено Проклятие Страха, Ваш вампиризм заблокирован
[19:59:18] [Client thread/INFO] [CHAT] На Вас наложено Проклятие Крови, Вы получаете урон за каждую нанесенную атаку
[19:59:31] [Client thread/INFO] [CHAT] На Вас наложено Проклятие Страха, Ваш вампиризм заблокирован
[19:59:44] [Client thread/INFO] [CHAT] На Вас наложено Проклятие Страха, Ваш вампиризм заблокирован
[19:59:51] [Client thread/INFO] [CHAT] Tveiv погиб! Осталось 0 возрождений
[20:00:23] [Client thread/INFO] [CHAT] На Вас наложено Проклятие Крови, Вы получаете урон за каждую нанесенную атаку
[20:00:36] [Client thread/INFO] [CHAT] На Вас наложено Проклятие Крови, Вы получаете урон за каждую нанесенную атаку
[20:00:49] [Client thread/INFO] [CHAT] На Вас наложено Проклятие Крови, Вы получаете урон за каждую нанесенную атаку
[20:01:15] [Client thread/INFO] [CHAT] На Вас наложено Проклятие Страха, Ваш вампиризм заблокирован
[20:01:54] [Client thread/INFO] [CHAT] На Вас наложено Проклятие Крови, Вы получаете урон за каждую нанесенную атаку
[20:02:33] [Client thread/INFO] [CHAT] На Вас наложено Проклятие Страха, Ваш вампиризм заблокирован
[20:02:46] [Client thread/INFO] [CHAT] На Вас наложено Проклятие Страха, Ваш вампиризм заблокирован
[20:06:43] [Client thread/INFO] [CHAT] Tveiv получил Собиратель мусора
[20:06:43] [Client thread/INFO] [CHAT] Получено 300 звезд
[20:06:48] [Client thread/INFO] [CHAT] Потеряно 200 звезд
[20:06:48] [Client thread/INFO] [CHAT] Tveiv получил Взгляд Расимы
[20:06:53] [Client thread/INFO] [CHAT] Получено 5 звезд
[20:06:53] [Client thread/ERROR] Error on handle event #VseFK in Mod{name='VoidMod', version='1.0+089d877', persistent=false, delegate=dev.a.a.a, modState=LOADED}
java.lang.NullPointerException
[20:06:56] [Client thread/INFO] [CHAT] Получено 5 звезд
[20:08:24] [Client thread/INFO] [CHAT] Получено 5 звезд
[20:08:39] [Client thread/INFO] [CHAT] Получено 8 звезд
[20:08:39] [Client thread/INFO] [CHAT] Вампиризм сброшен!
[20:08:43] [Client thread/INFO] [CHAT] Получено 5 звезд
[20:08:43] [Client thread/INFO] [CHAT] Вам выпал Обугленный череп x1
[20:08:43] [Client thread/INFO] [CHAT] Вам выпал Серебряная звезда зачарования x1
[20:08:44] [Client thread/INFO] [CHAT] Получено 5 звезд
[20:08:44] [Client thread/INFO] [CHAT] Получено 21 звезд
[20:08:48] [Client thread/INFO] [CHAT] Tveiv получил Осквернённое перо
[20:09:00] [Client thread/INFO] [CHAT] Получено 5 звезд
[20:09:03] [Client thread/INFO] [CHAT] Получено 5 звезд
[20:09:03] [Client thread/INFO] [CHAT] Вам выпал Изумруд x2
[20:09:10] [Client thread/INFO] [CHAT] Получено 5 звезд
[20:09:10] [Client thread/INFO] [CHAT] Получено 5 звезд
[20:09:10] [Client thread/INFO] [CHAT] Вам выпал Обугленный череп x1
[20:09:13] [Client thread/INFO] [CHAT] Получено 5 звезд
[20:09:13] [Client thread/INFO] [CHAT] Вам выпал Изумруд x2
[20:09:16] [Client thread/INFO] [CHAT] Получено 5 звезд
[20:09:21] [Client thread/INFO] [CHAT] Получено 5 звезд
[20:09:30] [Client thread/INFO] [CHAT] Получено 6 звезд
[20:09:35] [Client thread/INFO] [CHAT] Получено 5 звезд
[20:09:42] [Client thread/INFO] [CHAT] Получено 7 звезд
[20:09:45] [Client thread/INFO] [CHAT] Получено 5 звезд
[20:09:46] [Client thread/INFO] [CHAT] Вампиризм сброшен!
[20:09:48] [Client thread/INFO] [CHAT] Получено 5 звезд
[20:09:51] [Client thread/INFO] [CHAT] Получено 5 звезд
[20:09:52] [Client thread/INFO] [CHAT] Получено 5 звезд
[20:09:52] [Client thread/INFO] [CHAT] Получено 14 звезд
[20:09:55] [Client thread/INFO] [CHAT] Tveiv получил Сплетение теней
[20:10:04] [Client thread/INFO] [CHAT] Вампиризм сброшен!
[20:10:06] [Client thread/INFO] [CHAT] Вампиризм сброшен!
[20:10:09] [Client thread/INFO] [CHAT] Вампиризм сброшен!
[20:10:10] [Client thread/INFO] [CHAT] Получено 7 звезд
[20:10:11] [Client thread/INFO] [CHAT] Вампиризм сброшен!
[20:10:13] [Client thread/INFO] [CHAT] Вампиризм сброшен!
[20:10:15] [Client thread/INFO] [CHAT] Получено 5 звезд
[20:10:18] [Client thread/INFO] [CHAT] Получено 5 звезд
[20:10:22] [Client thread/INFO] [CHAT] Получено 7 звезд
[20:10:22] [Client thread/INFO] [CHAT] Вам выпал Изумруд x1
[20:10:22] [Client thread/INFO] [CHAT] Вам выпал Серебряная звезда зачарования x1
[20:10:23] [Client thread/INFO] [CHAT] Получено 5 звезд
[20:10:26] [Client thread/INFO] [CHAT] Получено 5 звезд
[20:10:26] [Client thread/INFO] [CHAT] Получено 24 звезд
[20:10:29] [Client thread/INFO] [CHAT] Tveiv получил Паранойя Победителя
[20:10:32] [Client thread/INFO] [CHAT] На Вас наложен Яростный взор, Вы получаете урон, когда смотрите на существ
[20:10:37] [Client thread/INFO] [CHAT] Получено 5 звезд
[20:10:37] [Client thread/INFO] [CHAT] Получено 5 звезд
[20:10:37] [Client thread/INFO] [CHAT] Вам выпал Обугленный череп x1
[20:10:41] [Client thread/INFO] [CHAT] Получено 5 звезд
[20:10:41] [Client thread/INFO] [CHAT] Вам выпал Изумруд x1
[20:10:51] [Client thread/INFO] [CHAT] Получено 7 звезд
[20:10:57] [Client thread/INFO] [CHAT] Получено 5 звезд
[20:11:01] [Client thread/INFO] [CHAT] Получено 5 звезд
[20:11:05] [Client thread/INFO] [CHAT] Получено 5 звезд
[20:11:07] [Client thread/INFO] [CHAT] Получено 5 звезд
[20:11:07] [Client thread/INFO] [CHAT] Вам выпал Обугленный череп x1
[20:11:12] [Client thread/INFO] [CHAT] Получено 7 звезд
[20:11:20] [Client thread/INFO] [CHAT] Получено 6 звезд
[20:11:20] [Client thread/INFO] [CHAT] Вам выпал Изумруд x2
[20:11:21] [Client thread/INFO] [CHAT] Получено 5 звезд
[20:11:21] [Client thread/INFO] [CHAT] Вам выпал Изумруд x1
[20:11:31] [Client thread/INFO] [CHAT] Получено 6 звезд
[20:11:31] [Client thread/INFO] [CHAT] Вам выпал Обугленный череп x1
[20:11:38] [Client thread/INFO] [CHAT] Получено 5 звезд
[20:11:38] [Client thread/INFO] [CHAT] Вам выпал Обугленный череп x1
[20:11:38] [Client thread/INFO] [CHAT] На Вас наложено Проклятие Страха, Ваш вампиризм заблокирован
[20:11:40] [Client thread/INFO] [CHAT] На Вас наложено Проклятие Страха, Ваш вампиризм заблокирован
[20:11:43] [Client thread/INFO] [CHAT] Получено 5 звезд
[20:11:49] [Client thread/INFO] [CHAT] Получено 5 звезд
[20:11:49] [Client thread/INFO] [CHAT] Вам выпал Серебряная звезда зачарования x1
[20:11:50] [Client thread/INFO] [CHAT] Получено 5 звезд
[20:11:52] [Client thread/INFO] [CHAT] Вы стали стеклянным! Вы умрете, если получите урон 10 раз
[20:12:29] [Client thread/INFO] [CHAT] На Вас наложено Проклятие Страха, Ваш вампиризм заблокирован
[20:12:45] [Client thread/INFO] [CHAT] Получено 5 звезд
[20:12:45] [Client thread/INFO] [CHAT] Вам выпал Изумруд x45
[20:12:45] [Client thread/INFO] [CHAT] Вам выпал Обугленный череп x3
[20:12:45] [Client thread/INFO] [CHAT] Вам выпал Серебряная звезда зачарования x1
[20:12:45] [Client thread/INFO] [CHAT] Вам выпал Благословенная серебряная звезда зачарования x1
[20:12:45] [Client thread/INFO] [CHAT] Вам выпал Осколок фантазии Этоля x1
[20:12:45] [Client thread/INFO] [CHAT] Вам выпал Звёздная шкатулка Этоля x1
[20:12:45] [Client thread/INFO] [CHAT] Получено 5 звезд
[20:12:45] [Client thread/INFO] [CHAT] Вам выпал Благословенная серебряная звезда зачарования x1
[20:13:21] [Client thread/INFO] [CHAT] Потеряно 200 звезд
[20:13:21] [Client thread/INFO] [CHAT] Tveiv получил Куб неуязвимости
[20:13:42] [Client thread/INFO] [CHAT] Получено 9 звезд
[20:13:48] [Client thread/INFO] [CHAT] Получено 5 звезд
[20:14:03] [Client thread/INFO] [CHAT] Вампиризм сброшен!
[20:14:04] [Client thread/INFO] [CHAT] Получено 5 звезд
[20:14:04] [Client thread/INFO] [CHAT] Вам выпал Изумруд x1
[20:14:06] [Client thread/INFO] [CHAT] Вампиризм сброшен!
[20:14:08] [Client thread/INFO] [CHAT] Получено 5 звезд
[20:14:10] [Client thread/INFO] [CHAT] Вампиризм сброшен!
[20:14:11] [Client thread/INFO] [CHAT] Получено 5 звезд
[20:14:13] [Client thread/INFO] [CHAT] Вампиризм сброшен!
[20:14:14] [Client thread/INFO] [CHAT] Получено 5 звезд
[20:14:16] [Client thread/INFO] [CHAT] Получено 5 звезд
[20:14:16] [Client thread/INFO] [CHAT] Вам выпал Изумруд x2
[20:14:18] [Client thread/INFO] [CHAT] Получено 5 звезд
[20:14:18] [Client thread/INFO] [CHAT] Вам выпал Осколок фантазии Этоля x1
[20:14:18] [Client thread/INFO] [CHAT] Вам выпал Око Волшебника x1
[20:14:18] [Client thread/INFO] [CHAT] Получено 12 звезд
[20:14:21] [Client thread/INFO] [CHAT] Tveiv получил Спарагмос
[20:14:29] [Client thread/INFO] [CHAT] Получено 5 звезд
[20:14:29] [Client thread/INFO] [CHAT] Вам выпал Изумруд x1
[20:14:33] [Client thread/INFO] [CHAT] Получено 5 звезд
[20:14:33] [Client thread/INFO] [CHAT] Вам выпал Изумруд x1
[20:14:34] [Client thread/INFO] [CHAT] Вампиризм сброшен!
[20:14:36] [Client thread/INFO] [CHAT] Вампиризм сброшен!
[20:14:39] [Client thread/INFO] [CHAT] Вампиризм сброшен!
[20:14:41] [Client thread/INFO] [CHAT] Получено 6 звезд
[20:14:44] [Client thread/INFO] [CHAT] Получено 5 звезд
[20:14:48] [Client thread/INFO] [CHAT] Получено 5 звезд
[20:14:48] [Client thread/INFO] [CHAT] Вам выпал Обугленный череп x1
[20:14:48] [Client thread/INFO] [CHAT] Вам выпал Серебряная звезда зачарования x1
[20:14:54] [Client thread/INFO] [CHAT] Вампиризм сброшен!
[20:14:54] [Client thread/INFO] [CHAT] Получено 5 звезд
[20:14:54] [Client thread/INFO] [CHAT] Вам выпал Изумруд x1
[20:14:58] [Client thread/INFO] [CHAT] Получено 5 звезд
[20:14:58] [Client thread/INFO] [CHAT] Вам выпал Изумруд x2
[20:14:59] [Client thread/INFO] [CHAT] Получено 5 звезд
[20:14:59] [Client thread/INFO] [CHAT] Вам выпал Серебряная звезда зачарования x1
[20:15:02] [Client thread/INFO] [CHAT] Получено 5 звезд
[20:15:02] [Client thread/INFO] [CHAT] Вам выпал Обугленный череп x1
[20:15:05] [Client thread/INFO] [CHAT] Получено 5 звезд
[20:15:05] [Client thread/INFO] [CHAT] Вам выпал Обугленный череп x1
[20:15:14] [Client thread/INFO] [CHAT] Получено 6 звезд
[20:15:24] [Client thread/INFO] [CHAT] Вампиризм сброшен!
[20:15:26] [Client thread/INFO] [CHAT] Получено 5 звезд
[20:15:26] [Client thread/INFO] [CHAT] Вампиризм сброшен!
[20:15:29] [Client thread/INFO] [CHAT] Получено 5 звезд
[20:15:29] [Client thread/INFO] [CHAT] Вампиризм сброшен!
[20:15:30] [Client thread/INFO] [CHAT] Получено 5 звезд
[20:15:36] [Client thread/INFO] [CHAT] Получено 6 звезд
[20:15:39] [Client thread/INFO] [CHAT] Получено 7 звезд
[20:15:39] [Client thread/INFO] [CHAT] Вам выпал Осколок фантазии Этоля x1
[20:15:39] [Client thread/INFO] [CHAT] Получено 16 звезд
[20:15:41] [Client thread/INFO] [CHAT] Tveiv получил Двигайся, как камень
[20:15:58] [Client thread/INFO] [CHAT] Получено 5 звезд
[20:15:58] [Client thread/INFO] [CHAT] Вам выпал Изумруд x1
[20:15:59] [Client thread/INFO] [CHAT] Получено 5 звезд
[20:15:59] [Client thread/INFO] [CHAT] Вам выпал Серебряная звезда зачарования x1
[20:16:01] [Client thread/INFO] [CHAT] Получено 6 звезд
[20:16:08] [Client thread/INFO] [CHAT] Вампиризм сброшен!
[20:16:08] [Client thread/INFO] [CHAT] Получено 5 звезд
[20:16:09] [Client thread/INFO] [CHAT] Получено 5 звезд
[20:16:09] [Client thread/INFO] [CHAT] Вам выпал Изумруд x1
[20:16:16] [Client thread/INFO] [CHAT] Получено 5 звезд
[20:16:21] [Client thread/INFO] [CHAT] Получено 5 звезд
[20:16:21] [Client thread/INFO] [CHAT] Вам выпал Обугленный череп x1
[20:16:25] [Client thread/INFO] [CHAT] Получено 8 звезд
[20:16:25] [Client thread/INFO] [CHAT] Вам выпал Изумруд x1
[20:16:25] [Client thread/INFO] [CHAT] Получено 16 звезд
[20:16:29] [Client thread/INFO] [CHAT] Tveiv получил Нож на перестрелке
[20:16:31] [Client thread/INFO] [CHAT] Получено 5 звезд
[20:16:31] [Client thread/INFO] [CHAT] Вам выпал Обугленный череп x1
[20:16:36] [Client thread/INFO] [CHAT] Получено 6 звезд
[20:16:41] [Client thread/INFO] [CHAT] Получено 5 звезд
[20:16:41] [Client thread/INFO] [CHAT] Вам выпал Обугленный череп x1
[20:16:41] [Client thread/INFO] [CHAT] Вам выпал Благословенная серебряная звезда зачарования x1
[20:16:43] [Client thread/INFO] [CHAT] Вампиризм сброшен!
[20:16:44] [Client thread/INFO] [CHAT] Получено 5 звезд
[20:16:50] [Client thread/INFO] [CHAT] Получено 5 звезд
[20:17:00] [Client thread/INFO] [CHAT] Получено 7 звезд
[20:17:00] [Client thread/INFO] [CHAT] Вам выпал Осколок фантазии Этоля x1
[20:17:00] [Client thread/INFO] [CHAT] Вампиризм сброшен!
[20:17:02] [Client thread/INFO] [CHAT] Получено 5 звезд
[20:17:04] [Client thread/INFO] [CHAT] Получено 5 звезд
[20:17:08] [Client thread/INFO] [CHAT] Вампиризм сброшен!
[20:17:11] [Client thread/INFO] [CHAT] Получено 5 звезд
[20:17:11] [Client thread/INFO] [CHAT] Вам выпал Осколок фантазии Этоля x1
[20:17:12] [Client thread/INFO] [CHAT] Получено 5 звезд
[20:17:14] [Client thread/INFO] [CHAT] Получено 5 звезд
[20:17:15] [Client thread/INFO] [CHAT] Получено 5 звезд
[20:17:17] [Client thread/INFO] [CHAT] Получено 5 звезд
[20:17:17] [Client thread/INFO] [CHAT] Вам выпал Изумруд x2
[20:17:20] [Client thread/INFO] [CHAT] Получено 5 звезд
[20:17:20] [Client thread/INFO] [CHAT] Получено 12 звезд
[20:17:23] [Client thread/INFO] [CHAT] Tveiv получил Приманка
[20:17:33] [Client thread/INFO] [CHAT] Получено 5 звезд
[20:17:33] [Client thread/INFO] [CHAT] Вам выпал Изумруд x2
[20:17:43] [Client thread/INFO] [CHAT] Получено 6 звезд
[20:17:43] [Client thread/INFO] [CHAT] Вам выпал Изумруд x2
[20:17:50] [Client thread/INFO] [CHAT] Получено 5 звезд
[20:17:53] [Client thread/INFO] [CHAT] Получено 5 звезд
[20:17:58] [Client thread/INFO] [CHAT] Получено 5 звезд
[20:18:03] [Client thread/INFO] [CHAT] Получено 5 звезд
[20:18:03] [Client thread/INFO] [CHAT] Вам выпал Обугленный череп x1
[20:18:08] [Client thread/INFO] [CHAT] Получено 5 звезд
[20:18:08] [Client thread/INFO] [CHAT] Вам выпал Изумруд x1
[20:18:08] [Client thread/INFO] [CHAT] Вам выпал Обугленный череп x1
[20:18:12] [Client thread/INFO] [CHAT] Получено 5 звезд
[20:18:15] [Client thread/INFO] [CHAT] Получено 5 звезд
[20:18:18] [Client thread/INFO] [CHAT] Получено 5 звезд
[20:18:23] [Client thread/INFO] [CHAT] Получено 5 звезд
[20:18:27] [Client thread/INFO] [CHAT] Получено 5 звезд
[20:18:30] [Client thread/INFO] [CHAT] Получено 5 звезд
[20:18:34] [Client thread/INFO] [CHAT] Получено 5 звезд
[20:18:37] [Client thread/INFO] [CHAT] Получено 5 звезд
[20:18:43] [Client thread/INFO] [CHAT] Получено 5 звезд
[20:18:47] [Client thread/INFO] [CHAT] Получено 5 звезд
[20:18:50] [Client thread/INFO] [CHAT] Получено 5 звезд
[20:18:54] [Client thread/INFO] [CHAT] Получено 5 звезд
[20:19:14] [Client thread/INFO] [CHAT] Получено 5 звезд
[20:19:30] [Client thread/INFO] [CHAT] Получено 8 звезд
[20:19:36] [Client thread/INFO] [CHAT] Получено 5 звезд
[20:19:43] [Client thread/INFO] [CHAT] Вы стали стеклянным! Вы умрете, если получите урон 10 раз
[20:19:54] [Client thread/INFO] [CHAT] Дверь в комнату управления открыта.
[20:19:59] [Client thread/INFO] [CHAT] Получено 5 звезд
[20:19:59] [Client thread/INFO] [CHAT] Вам выпал Изумруд x2
[20:20:03] [Client thread/INFO] [CHAT] Получено 5 звезд
[20:20:06] [Client thread/INFO] [CHAT] Получено 5 звезд
[20:20:06] [Client thread/INFO] [CHAT] Вам выпал Изумруд x2
[20:20:14] [Client thread/INFO] [CHAT] Получено 5 звезд
[20:20:14] [Client thread/INFO] [CHAT] Получено 5 звезд
[20:20:18] [Client thread/INFO] [CHAT] Получено 5 звезд
[20:20:22] [Client thread/INFO] [CHAT] Получено 5 звезд
[20:20:25] [Client thread/INFO] [CHAT] Проход в крепость закрыт. Теперь Вы в безопасности.
[20:20:28] [Client thread/INFO] [CHAT] Потеряно 200 звезд
[20:20:28] [Client thread/INFO] [CHAT] Tveiv получил Расшифровщик Валотайла
[20:20:30] [Client thread/INFO] [CHAT] Потеряно 200 звезд
[20:20:30] [Client thread/INFO] [CHAT] Tveiv получил Игла ярости
[20:20:33] [Client thread/INFO] [CHAT] Потеряно 200 звезд
[20:20:33] [Client thread/INFO] [CHAT] Tveiv получил Взгляд Расимы
[20:20:44] [Client thread/INFO] [CHAT] Получено 5 звезд
[20:20:44] [Client thread/INFO] [CHAT] Вам выпал Изумруд x2
[20:20:44] [Client thread/INFO] [CHAT] Получено 5 звезд
[20:20:48] [Client thread/INFO] [CHAT] Получено 5 звезд
[20:20:51] [Client thread/INFO] [CHAT] Получено 5 звезд
[20:20:54] [Client thread/INFO] [CHAT] [23] eenieemeenie » какая метка лучше?
[20:20:59] [Client thread/INFO] [CHAT] Получено 5 звезд
[20:20:59] [Client thread/INFO] [CHAT] Получено 5 звезд
[20:20:59] [Client thread/INFO] [CHAT] Вам выпал Обугленный череп x1
[20:21:05] [Client thread/INFO] [CHAT] Получено 5 звезд
[20:21:08] [Client thread/INFO] [CHAT] [18] MVP ┃ Ravile2008 » победителя
[20:21:08] [Client thread/INFO] [CHAT] Получено 5 звезд
[20:21:08] [Client thread/INFO] [CHAT] Вам выпал Изумруд x2
[20:21:15] [Client thread/INFO] [CHAT] Получено 5 звезд
[20:21:15] [Client thread/INFO] [CHAT] Получено 5 звезд
[20:21:15] [Client thread/INFO] [CHAT] Вам выпал Обугленный череп x1
[20:21:19] [Client thread/INFO] [CHAT] Получено 5 звезд
[20:21:19] [Client thread/INFO] [CHAT] [18] MVP ┃ Ravile2008 » тебя тупо не ваншотнут
[20:21:25] [Client thread/INFO] [CHAT] Получено 5 звезд
[20:21:25] [Client thread/INFO] [CHAT] Вам выпал Изумруд x1
[20:21:25] [Client thread/INFO] [CHAT] Вам выпал Серебряная звезда зачарования x1
[20:21:25] [Client thread/INFO] [CHAT] Получено 5 звезд
[20:21:25] [Client thread/INFO] [CHAT] Вам выпал Обугленный череп x1
[20:21:29] [Client thread/INFO] [CHAT] Получено 5 звезд
[20:21:29] [Client thread/INFO] [CHAT] Вам выпал Изумруд x2
[20:21:30] [Client thread/INFO] [CHAT] [18] MVP ┃ Ravile2008 » потом зверя
[20:21:33] [Client thread/INFO] [CHAT] Получено 5 звезд
[20:21:34] [Client thread/INFO] [CHAT] Получено 5 звезд
[20:21:39] [Client thread/INFO] [CHAT] [18] MVP ┃ Ravile2008 » ну либо бедствия
[20:21:47] [Client thread/INFO] [CHAT] Получено 8 звезд
[20:21:47] [Client thread/INFO] [CHAT] Вам выпал Изумруд x1
[20:21:47] [Client thread/INFO] [CHAT] Вам выпал Серебряная звезда зачарования x1
[20:21:51] [Client thread/INFO] [CHAT] Получено 5 звезд
[20:21:54] [Client thread/INFO] [CHAT] [30] Mrplayer228 » я на целителе сижу
[20:21:56] [Client thread/INFO] [CHAT] Получено 5 звезд
[20:21:56] [Client thread/INFO] [CHAT] Вам выпал Изумруд x2
[20:22:00] [Client thread/INFO] [CHAT] Получено 5 звезд
[20:22:03] [Client thread/INFO] [CHAT] Получено 5 звезд
[20:22:03] [Client thread/INFO] [CHAT] Вам выпал Обугленный череп x1
[20:22:30] [Client thread/INFO] [CHAT] Наследница Бедствия: Вы явились в самый разгар событий. Перед нашей битвой, давайте хотя бы представимся. Я - Мальфиса Флеу, единственная достойная Наследница Бедствия.
[20:22:38] [Client thread/INFO] [CHAT] Наследница Бедствия: Разрушение.
[20:22:46] [Client thread/INFO] [CHAT] Наследница Бедствия: Кажется, дышать становится все тяжелее..
[20:22:46] [Client thread/INFO] [CHAT] Наследница Бедствия: Давайте на чистоту: я рада, что вы сами пришли ко мне, ловить вас было бы слишком расточительно по времени.
[20:22:58] [Client thread/INFO] [CHAT] Наследница Бедствия: Разрушение.
[20:23:06] [Client thread/INFO] [CHAT] Наследница Бедствия: Кажется, дышать становится все тяжелее..
[20:23:18] [Client thread/INFO] [CHAT] Наследница Бедствия: Разрушение.
[20:23:26] [Client thread/INFO] [CHAT] Наследница Бедствия: Кажется, дышать становится все тяжелее..
[20:23:36] [Client thread/INFO] [CHAT] Наследница Бедствия: Вы потеряли оружие и доблесть. Исход этого боя уже предрешён.
[20:23:40] [Client thread/INFO] [CHAT] Наследница Бедствия: Меч света разорвет вас на части!
[20:23:52] [Client thread/INFO] [CHAT] \n  Сегодняшние видео от:\n  MEDIA ┃ romus\n  Напишите /videos для просмотра видео\n 
[20:23:52] [Client thread/INFO] [CHAT] Наследница Бедствия: Я очень долго собирала себе армию, неужели вы думали, что я буду сражаться одна?
[20:23:59] [Client thread/INFO] [CHAT] Наследница Бедствия: Меч света разорвет вас на части!
[20:24:18] [Client thread/INFO] [CHAT] Наследница Бедствия: Меч света разорвет вас на части!
[20:24:27] [Client thread/INFO] [CHAT] Наследница Бедствия: Пора заканчивать..
[20:24:31] [Client thread/INFO] [CHAT] Наследница Бедствия: Раб души!
[20:24:33] [Client thread/INFO] [CHAT] Наследница Бедствия: Теперь, я лично вас обезглавлю.
[20:24:50] [Client thread/INFO] [CHAT] Наследница Бедствия: Вы сами пришли в театр отчаяния! Даже если проиграю, я заберу вас с собой!
[20:24:53] [Client thread/INFO] [CHAT] Наследница Бедствия: Меч света разорвет вас на части!
[20:25:12] [Client thread/INFO] [CHAT] Наследница Бедствия: Меч света разорвет вас на части!
[20:25:15] [Client thread/INFO] [CHAT] Получено 5 звезд
[20:25:15] [Client thread/INFO] [CHAT] Вам выпал Изумруд x43
[20:25:15] [Client thread/INFO] [CHAT] Вам выпал Обугленный череп x5
[20:25:15] [Client thread/INFO] [CHAT] Вам выпал Серебряная звезда зачарования x1
[20:25:15] [Client thread/INFO] [CHAT] Вам выпал Благословенная серебряная звезда зачарования x1
[20:25:15] [Client thread/INFO] [CHAT] Вам выпал Осколок фантазии Этоля x1
[20:25:15] [Client thread/INFO] [CHAT] Получено 5 звезд
[20:25:15] [Client thread/INFO] [CHAT] Вам выпал Благословенная серебряная звезда зачарования x1
[20:25:15] [Client thread/ERROR] Error on handle event #WaxMW in Mod{name='VoidMod', version='1.0+089d877', persistent=false, delegate=dev.a.a.a, modState=LOADED}
java.lang.NullPointerException: Cannot invoke "!#vqIrQ.ayV(String)" because the return value of "!#XIUjS.eja()" is null
	at VoidMod-v1.0+089d877//dev.a.a.i.b.a(SourceFile:3095)
	at VoidMod-v1.0+089d877//dev.a.a.i.b.injectedLambda$a$1(SourceFile)
	at #BHMxk.sanH(Unknown Source:56)
	at #EDvEB.kcv(Unknown Source)
	at #EDvEB.accept(Unknown Source)
	at #gthWo.shRq(SourceFile:105)
	at #RczXx.iHk(Unknown Source)
	at #RczXx.accept(Unknown Source)
	at #tZnke.sjcO(SourceFile:59)
	at #cCSpT.Ib(SourceFile)
	at #cVHnR.seEn(Unknown Source:89)
	at #GItiT.sfDZ(SourceFile:100)
	at #CFNmt.dZG(SourceFile)
	at #eFdzA.sgmB(SourceFile:50)
	at #IziuD.sbAk(SourceFile:3665)
	at #KLfhq.syS(SourceFile:2346)
	at #NMJuQ.bvu(SourceFile)
	at #yIWTs.snwq(SourceFile:206)
	at #FiZhE.sltv(SourceFile:469)
	at #zVeRA.scjA(SourceFile:29)
	at #esBRw.scLa(SourceFile:10)
	at #HnjFk.run(SourceFile:32)
	at #MuqgW.smMh(SourceFile:40)
	at #rArYX.sggH(SourceFile:11)
	at java.base/java.util.concurrent.FutureTask.run(Unknown Source)
	at #ankXZ.skOv(SourceFile:45)
	at #bBoCn.fLx(SourceFile:52)
	at #lABBH.sgvJ(Unknown Source:1466)
	at #ZQCSx.shqa(SourceFile:1632)
	at #kQsKH.smKh(SourceFile:487)
	at net.minecraft.client.main.GameMain.mgm(SourceFile:220)
	at net.minecraft.client.main.GameMain.iLJ(SourceFile:156)
	at #cnUTs.lIs(Unknown Source)
	at #cnUTs.run(Unknown Source)
	at java.base/java.lang.Thread.run(Unknown Source)
[20:25:28] [Client thread/ERROR] Error on handle event #WaxMW in Mod{name='VoidMod', version='1.0+089d877', persistent=false, delegate=dev.a.a.a, modState=LOADED}
java.lang.NullPointerException: Cannot invoke "!#vqIrQ.ayV(String)" because the return value of "!#XIUjS.eja()" is null
	at VoidMod-v1.0+089d877//dev.a.a.i.b.a(SourceFile:3095)
	at VoidMod-v1.0+089d877//dev.a.a.i.b.injectedLambda$a$1(SourceFile)
	at #BHMxk.sanH(Unknown Source:56)
	at #EDvEB.kcv(Unknown Source)
	at #EDvEB.accept(Unknown Source)
	at #gthWo.shRq(SourceFile:105)
	at #RczXx.iHk(Unknown Source)
	at #RczXx.accept(Unknown Source)
	at #tZnke.sjcO(SourceFile:59)
	at #cCSpT.Ib(SourceFile)
	at #cVHnR.seEn(Unknown Source:89)
	at #GItiT.sfDZ(SourceFile:100)
	at #CFNmt.dZG(SourceFile)
	at #eFdzA.sgmB(SourceFile:50)
	at #IziuD.sbAk(SourceFile:3665)
	at #KLfhq.syS(SourceFile:2346)
	at #NMJuQ.bvu(SourceFile)
	at #yIWTs.snwq(SourceFile:206)
	at #FiZhE.sltv(SourceFile:469)
	at #zVeRA.scjA(SourceFile:29)
	at #esBRw.scLa(SourceFile:10)
	at #HnjFk.run(SourceFile:32)
	at #MuqgW.smMh(SourceFile:40)
	at #rArYX.sggH(SourceFile:11)
	at java.base/java.util.concurrent.FutureTask.run(Unknown Source)
	at #ankXZ.skOv(SourceFile:45)
	at #bBoCn.fLx(SourceFile:52)
	at #lABBH.sgvJ(Unknown Source:1466)
	at #ZQCSx.shqa(SourceFile:1632)
	at #kQsKH.smKh(SourceFile:487)
	at net.minecraft.client.main.GameMain.mgm(SourceFile:220)
	at net.minecraft.client.main.GameMain.iLJ(SourceFile:156)
	at #cnUTs.lIs(Unknown Source)
	at #cnUTs.run(Unknown Source)
	at java.base/java.lang.Thread.run(Unknown Source)
[20:25:57] [Client thread/INFO] [CHAT] Бессмертная голова колдуна: Мы собрались в этот прекрасный день, чтобы покончить с Исцелением. Почему же все так пытаются помешать нам?
[20:28:48] [Client thread/INFO] [CHAT] [30] G ┃ Exidaee » [Раздражающий клинок Расимы ♡ +9]
[20:28:51] [Client thread/INFO] [CHAT] [30] G ┃ Exidaee » [Боевой топор ярости ♡ +8]
[20:30:47] [Client thread/INFO] [CHAT] [9] P ┃ LordGold24 » небытие
[20:32:52] [Client thread/INFO] [CHAT] Получено 5 звезд
[20:32:52] [Client thread/INFO] [CHAT] Вам выпал Изумруд x24
[20:32:52] [Client thread/INFO] [CHAT] Вам выпал Обугленный череп x5
[20:32:52] [Client thread/INFO] [CHAT] Вам выпал Серебряная звезда зачарования x1
[20:32:52] [Client thread/INFO] [CHAT] Вам выпал Благословенная серебряная звезда зачарования x1
[20:32:52] [Client thread/INFO] [CHAT] Вам выпал Осколок фантазии Этоля x1
[20:32:52] [Client thread/INFO] [CHAT] Получено 5 звезд
[20:34:32] [Client thread/INFO] [CHAT] [18] MVP ┃ Ravile2008 » сбежать
[20:35:26] [Client thread/INFO] [CHAT] [23] emqty » а что делать с заклинаниями? их можно улучшать или разбирать?
[20:35:54] [Client thread/INFO] [CHAT] Tveiv получил Цветок разложения
[20:35:54] [Client thread/INFO] [CHAT] Tveiv получил Собиратель мусора
[20:35:54] [Client thread/INFO] [CHAT] Получено 300 звезд
[20:35:59] [Client thread/INFO] [CHAT] Потеряно 200 звезд
[20:35:59] [Client thread/INFO] [CHAT] Tveiv получил Башня яркой Луны
[20:36:10] [Client thread/INFO] [CHAT] Получено 5 звезд
[20:36:13] [Client thread/INFO] [CHAT] Получено 5 звезд
[20:36:30] [Client thread/INFO] [CHAT] Получено 6 звезд
[20:36:30] [Client thread/INFO] [CHAT] Вам выпал Обугленный череп x1
[20:36:30] [Client thread/INFO] [CHAT] Вам выпал Серебряная звезда зачарования x1
[20:36:36] [Client thread/INFO] [CHAT] Получено 5 звезд
[20:36:36] [Client thread/INFO] [CHAT] Вам выпал Изумруд x1
[20:36:36] [Client thread/INFO] [CHAT] Вам выпал Осколок фантазии Этоля x1
[20:36:40] [Client thread/INFO] [CHAT] Получено 5 звезд
[20:36:40] [Client thread/INFO] [CHAT] Вам выпал Изумруд x2
[20:36:43] [Client thread/INFO] [CHAT] Получено 5 звезд
[20:36:43] [Client thread/INFO] [CHAT] Вам выпал Обугленный череп x1
[20:36:50] [Client thread/INFO] [CHAT] Получено 5 звезд
[20:37:01] [Client thread/INFO] [CHAT] Вампиризм сброшен!
[20:37:01] [Client thread/INFO] [CHAT] Вампиризм сброшен!
[20:37:02] [Client thread/INFO] [CHAT] Получено 5 звезд
[20:37:02] [Client thread/INFO] [CHAT] Получено 5 звезд
[20:37:03] [Client thread/INFO] [CHAT] Получено 5 звезд
[20:37:03] [Client thread/INFO] [CHAT] Получено 5 звезд
[20:37:03] [Client thread/INFO] [CHAT] Получено 5 звезд
[20:37:03] [Client thread/INFO] [CHAT] Вам выпал Изумруд x1
[20:37:04] [Client thread/INFO] [CHAT] Получено 6 звезд
[20:37:07] [Client thread/INFO] [CHAT] Получено 5 звезд
[20:37:07] [Client thread/INFO] [CHAT] Вам выпал Изумруд x1
[20:37:07] [Client thread/INFO] [CHAT] Вам выпал Обугленный череп x1
[20:37:09] [Client thread/INFO] [CHAT] [18] MVP ┃ Ravile2008 » чекай
[20:37:12] [Client thread/INFO] [CHAT] Получено 5 звезд
[20:37:12] [Client thread/INFO] [CHAT] Получено 5 звезд
[20:37:12] [Client thread/INFO] [CHAT] Вам выпал Изумруд x1
[20:37:14] [Client thread/INFO] [CHAT] Получено 5 звезд
[20:37:14] [Client thread/INFO] [CHAT] [14] vbvbvbnn » на тебя Q не работае
[20:37:24] [Client thread/INFO] [CHAT] [14] vbvbvbnn » тоесть захват
[20:37:25] [Client thread/INFO] [CHAT] Получено 6 звезд
[20:37:27] [Client thread/INFO] [CHAT] Получено 5 звезд
[20:37:27] [Client thread/INFO] [CHAT] Вам выпал Обугленный череп x1
[20:37:37] [Client thread/INFO] [CHAT] Получено 5 звезд
[20:37:37] [Client thread/INFO] [CHAT] Вам выпал Изумруд x1
[20:37:37] [Client thread/INFO] [CHAT] Вам выпал Обугленный череп x1
[20:37:45] [Client thread/INFO] [CHAT] Получено 6 звезд
[20:37:50] [Client thread/INFO] [CHAT] [5] SASHA_2001 » !cкок базовый крит урон игрока?
[20:37:53] [Client thread/INFO] [CHAT] Получено 5 звезд
[20:37:55] [Client thread/INFO] [CHAT] [30] Mrplayer228 » 75
[20:37:55] [Client thread/INFO] [CHAT] [15] P ┃ Pangu » 70
[20:37:59] [Client thread/INFO] [CHAT] Получено 5 звезд
[20:38:08] [Client thread/INFO] [CHAT] Получено 5 звезд
[20:38:08] [Client thread/INFO] [CHAT] Вам выпал Изумруд x1
[20:38:08] [Client thread/INFO] [CHAT] Вам выпал Осколок фантазии Этоля x1
[20:38:15] [Client thread/INFO] [CHAT] Получено 7 звезд
[20:38:15] [Client thread/INFO] [CHAT] Вам выпал Изумруд x2
[20:38:16] [Client thread/INFO] [CHAT] [5] SASHA_2001 » блин че выбирать тогда
[20:38:19] [Client thread/INFO] [CHAT] Получено 5 звезд
[20:38:19] [Client thread/INFO] [CHAT] Вам выпал Осколок фантазии Этоля x1
[20:38:22] [Client thread/INFO] [CHAT] Получено 5 звезд
[20:38:22] [Client thread/INFO] [CHAT] Вам выпал Изумруд x1
[20:38:22] [Client thread/INFO] [CHAT] Вам выпал Обугленный череп x1
[20:38:23] [Client thread/INFO] [CHAT] [30] Mrplayer228 » 75
[20:38:27] [Client thread/INFO] [CHAT] Получено 5 звезд
[20:38:33] [Client thread/INFO] [CHAT] [30] Mrplayer228 » загугли если хочешь
[20:38:34] [Client thread/INFO] [CHAT] [5] SASHA_2001 » !СПС
[20:38:37] [Client thread/INFO] [CHAT] Получено 5 звезд
[20:38:41] [Client thread/INFO] [CHAT] Получено 5 звезд
[20:38:41] [Client thread/INFO] [CHAT] Вам выпал Изумруд x1
[20:38:46] [Client thread/INFO] [CHAT] Получено 5 звезд
[20:38:51] [Client thread/INFO] [CHAT] Вы стали стеклянным! Вы умрете, если получите урон 10 раз
[20:39:01] [Client thread/INFO] [CHAT] Дверь в комнату управления открыта.
[20:39:05] [Client thread/INFO] [CHAT] Получено 7 звезд
[20:39:05] [Client thread/INFO] [CHAT] Вам выпал Серебряная звезда зачарования x1
[20:39:07] [Client thread/INFO] [CHAT] [14] vbvbvbnn » еще
[20:39:08] [Client thread/INFO] [CHAT] Получено 5 звезд
[20:39:08] [Client thread/INFO] [CHAT] Вам выпал Изумруд x1
[20:39:13] [Client thread/INFO] [CHAT] Получено 5 звезд
[20:39:13] [Client thread/INFO] [CHAT] Вам выпал Обугленный череп x1
[20:39:15] [Client thread/INFO] [CHAT] [14] vbvbvbnn » пиши чето имбовое
[20:39:20] [Client thread/INFO] [CHAT] Получено 5 звезд
[20:39:20] [Client thread/INFO] [CHAT] Вам выпал Изумруд x1
[20:39:20] [Client thread/INFO] [CHAT] Вам выпал Осколок фантазии Этоля x1
[20:39:20] [Client thread/INFO] [CHAT] Получено 5 звезд
[20:39:20] [Client thread/INFO] [CHAT] Вам выпал Обугленный череп x1
[20:39:22] [Client thread/INFO] [CHAT] [14] vbvbvbnn » раб души го
[20:39:24] [Client thread/INFO] [CHAT] [14] vbvbvbnn » будем брать по 2
[20:39:25] [Client thread/INFO] [CHAT] Получено 5 звезд
[20:39:25] [Client thread/INFO] [CHAT] Вам выпал Обугленный череп x1
[20:39:31] [Client thread/INFO] [CHAT] Получено 6 звезд
[20:39:31] [Client thread/INFO] [CHAT] Вам выпал Изумруд x1
[20:39:39] [Client thread/INFO] [CHAT] Получено 5 звезд
[20:39:39] [Client thread/INFO] [CHAT] Получено 5 звезд
[20:39:39] [Client thread/INFO] [CHAT] Вам выпал Обугленный череп x1
[20:39:43] [Client thread/INFO] [CHAT] Получено 5 звезд
[20:39:43] [Client thread/INFO] [CHAT] Вам выпал Изумруд x1
[20:39:48] [Client thread/INFO] [CHAT] Получено 5 звезд
[20:39:57] [Client thread/INFO] [CHAT] Получено 5 звезд
[20:39:57] [Client thread/INFO] [CHAT] Вам выпал Изумруд x2
[20:39:57] [Client thread/INFO] [CHAT] Получено 5 звезд
[20:39:57] [Client thread/INFO] [CHAT] Вам выпал Обугленный череп x1
[20:39:58] [Client thread/INFO] [CHAT] [14] vbvbvbnn » ет мой
[20:40:00] [Client thread/INFO] [CHAT] [28] P+ ┃ CFIl » клинки расимы гавно?
[20:40:08] [Client thread/INFO] [CHAT] [30] Mrplayer228 » нормис
[20:40:08] [Client thread/INFO] [CHAT] Получено 5 звезд
[20:40:08] [Client thread/INFO] [CHAT] Вам выпал Изумруд x1
[20:40:10] [Client thread/INFO] [CHAT] [30] P+ ┃ broken_aim » для меня говно
[20:40:15] [Client thread/INFO] [CHAT] Получено 5 звезд
[20:40:20] [Client thread/INFO] [CHAT] Получено 5 звезд
[20:40:20] [Client thread/INFO] [CHAT] Вам выпал Обугленный череп x1
[20:40:20] [Client thread/INFO] [CHAT] Получено 5 звезд
[20:40:20] [Client thread/INFO] [CHAT] Вам выпал Обугленный череп x1
[20:40:32] [Client thread/INFO] [CHAT] Наследница Бедствия: Вы явились в самый разгар событий. Перед нашей битвой, давайте хотя бы представимся. Я - Мальфиса Флеу, единственная достойная Наследница Бедствия.
[20:40:36] [Client thread/INFO] [CHAT] [27] D ┃ Latcher » а как они в целом работают?
[20:40:39] [Client thread/INFO] [CHAT] Наследница Бедствия: Разрушение.
[20:40:47] [Client thread/INFO] [CHAT] Наследница Бедствия: Кажется, дышать становится все тяжелее..
[20:40:59] [Client thread/INFO] [CHAT] Наследница Бедствия: Разрушение.
[20:41:00] [Client thread/INFO] [CHAT] [28] P+ ┃ CFIl » если два клинка в руках, то 50% шанс что двойная атака будет
[20:41:02] [Client thread/INFO] [CHAT] Наследница Бедствия: Давайте на чистоту: я рада, что вы сами пришли ко мне, ловить вас было бы слишком расточительно по времени.
[20:41:04] [Client thread/INFO] [CHAT] [30] S ┃ Gumby_34 » [Идеальный шлем ⚝ +10]
[20:41:07] [Client thread/INFO] [CHAT] Наследница Бедствия: Кажется, дышать становится все тяжелее..
[20:41:14] [Client thread/INFO] [CHAT] [27] D ┃ Latcher » так это хрень нет?
[20:41:18] [Client thread/INFO] [CHAT] [28] P+ ┃ CFIl » но как по мне там нифига не 50%
[20:41:19] [Client thread/INFO] [CHAT] Наследница Бедствия: Разрушение.
[20:41:19] [Client thread/INFO] [CHAT] [14] vbvbvbnn » у меня мана кончилась
[20:41:27] [Client thread/INFO] [CHAT] Наследница Бедствия: Кажется, дышать становится все тяжелее..
[20:41:32] [Client thread/INFO] [CHAT] [30] Mrplayer228 » если 2 одновременно то говно
[20:41:39] [Client thread/INFO] [CHAT] Наследница Бедствия: Разрушение.
[20:41:40] [Client thread/INFO] [CHAT] [28] P+ ┃ CFIl » я пока ересью буду пользоваться
[20:41:47] [Client thread/INFO] [CHAT] Наследница Бедствия: Кажется, дышать становится все тяжелее..
[20:41:48] [Client thread/INFO] [CHAT] Наследница Бедствия: Вы потеряли оружие и доблесть. Исход этого боя уже предрешён.
[20:41:51] [Client thread/INFO] [CHAT] [28] P+ ┃ CFIl » так у них и фишка в двойном использовании же
[20:42:01] [Client thread/INFO] [CHAT] Наследница Бедствия: Меч света разорвет вас на части!
[20:42:05] [Client thread/INFO] [CHAT] Tveiv погиб! Осталось 2 возрождения
[20:42:05] [Client thread/ERROR] Error on handle event #VseFK in Mod{name='VoidMod', version='1.0+089d877', persistent=false, delegate=dev.a.a.a, modState=LOADED}
java.lang.NullPointerException
[20:42:07] [Client thread/ERROR] Error on handle event #VseFK in Mod{name='VoidMod', version='1.0+089d877', persistent=false, delegate=dev.a.a.a, modState=LOADED}
java.lang.NullPointerException
[20:42:15] [Client thread/INFO] [CHAT] [27] D ┃ Latcher » типа -акс и -способка,фигня будто
[20:42:20] [Client thread/INFO] [CHAT] Наследница Бедствия: Меч света разорвет вас на части!
[20:42:22] [Client thread/INFO] [CHAT] [28] P+ ┃ CFIl » +
[20:42:23] [Client thread/INFO] [CHAT] [30] Mrplayer228 » с ловцом снов лучше гонять чем со вторым клинком
[20:42:28] [Client thread/INFO] [CHAT] Наследница Бедствия: Я очень долго собирала себе армию, неужели вы думали, что я буду сражаться одна?
[20:42:39] [Client thread/INFO] [CHAT] Наследница Бедствия: Меч света разорвет вас на части!
[20:42:58] [Client thread/INFO] [CHAT] Наследница Бедствия: Меч света разорвет вас на части!
[20:43:00] [Client thread/INFO] [CHAT] [28] P+ ┃ CFIl » лег ловец снов самый норм амулет пока?
[20:43:07] [Client thread/INFO] [CHAT] Tveiv погиб! Осталось 1 возрождение
[20:43:09] [Client thread/INFO] [CHAT] [30] V ┃ And12botik » +
[20:43:13] [Client thread/INFO] [CHAT] [30] Mrplayer228 » он пока лучший
[20:43:19] [Client thread/INFO] [CHAT] Наследница Бедствия: Меч света разорвет вас на части!
[20:43:27] [Client thread/INFO] [CHAT] [30] Mrplayer228 » если пробуждённый
[20:43:32] [Client thread/INFO] [CHAT] Наследница Бедствия: Пора заканчивать..
[20:43:32] [Client thread/INFO] [CHAT] [28] P+ ┃ CFIl » это да
[20:43:34] [Client thread/INFO] [CHAT] \n  MEDIA ┃ Lingidan выпустил новое видео!\n  Название: ВСЕ ИГРАЮТ СОЛО ДУО! /  CSC / КСК / Custom Steve Chaos\n  Напишите /videos для просмотра видео\n 
[20:43:36] [Client thread/INFO] [CHAT] Наследница Бедствия: Раб души!
[20:43:38] [Client thread/INFO] [CHAT] Наследница Бедствия: Теперь, я лично вас обезглавлю.
[20:43:42] [Client thread/INFO] [CHAT] [28] P+ ┃ CFIl » а в чём прикол идеального шлема?
[20:43:54] [Client thread/INFO] [CHAT] Наследница Бедствия: Меч света разорвет вас на части!
[20:44:02] [Client thread/INFO] [CHAT] Наследница Бедствия: Вы сами пришли в театр отчаяния! Даже если проиграю, я заберу вас с собой!
[20:44:13] [Client thread/INFO] [CHAT] Наследница Бедствия: Меч света разорвет вас на части!
[20:44:21] [Client thread/INFO] [CHAT] Получено 5 звезд
[20:44:21] [Client thread/INFO] [CHAT] Вам выпал Изумруд x37
[20:44:21] [Client thread/INFO] [CHAT] Вам выпал Обугленный череп x3
[20:44:21] [Client thread/INFO] [CHAT] Вам выпал Серебряная звезда зачарования x1
[20:44:21] [Client thread/INFO] [CHAT] Вам выпал Благословенная серебряная звезда зачарования x1
[20:44:21] [Client thread/INFO] [CHAT] Вам выпал Осколок фантазии Этоля x1
[20:44:21] [Client thread/INFO] [CHAT] Получено 5 звезд
[20:45:00] [Client thread/INFO] [CHAT] [14] vbvbvbnn » стой
[20:45:22] [Client thread/INFO] [CHAT] [14] vbvbvbnn » 15
[20:48:39] [Client thread/INFO] [CHAT] [14] vbvbvbnn » хана тебюе
[20:48:41] [Client thread/INFO] [CHAT] [14] vbvbvbnn » через 5 раунд
[20:49:30] [Client thread/INFO] [CHAT] Перезагрузка режима через 10 минут
[20:49:30] [Client thread/INFO] [CHAT] Перезайдите на режим, чтобы попасть на рабочий сервер.
[20:50:37] [Client thread/INFO] [CHAT] [18] MVP ┃ Ravile2008 » стрельни
[20:50:39] [Client thread/INFO] [CHAT] [18] MVP ┃ Ravile2008 » по мне
[20:51:33] [Client thread/INFO] [CHAT] [1] kotofei2220 » добрый день
[20:51:36] [Client thread/INFO] [CHAT] [1] kotofei2220 » мужики
[20:51:40] [Client thread/INFO] [CHAT] [13] EnderTech74 » !хай
[20:51:48] [Client thread/INFO] [CHAT] [13] EnderTech74 » кот
[20:51:56] [Client thread/INFO] [CHAT] [1] kotofei2220 » кошка недавно родила
[20:52:22] [Client thread/INFO] [CHAT] [14] vbvbvbnn » ай
[20:52:52] [Network thread/INFO] Protocol upgrade mask: 157
[20:52:52] [Network thread/INFO] Upgrading protocol
[20:52:52] [Client thread/INFO] Invalidating server data
[20:52:52] [Client thread/INFO] Unloading mod VoidMod/da573c79-951f-1710-72be-3de003a9fe90
[20:52:52] [Client thread/INFO] [STDOUT]: [Enginex v5.16.1 - Wada] [Wada/debug] reload requested: ServerSwitch
[20:52:52] [Client thread/INFO] [STDOUT]: [Enginex v5.16.1 - Wada] [Wada/debug] cleanAndReload begin: sessionId=7, awaitingHandshake=true
[20:52:52] [Client thread/INFO] [STDOUT]: [Enginex v5.16.1 - Wada] VAO support: true
[20:52:52] [Client thread/INFO] [STDOUT]: [Enginex v5.16.1 - Wada] Initialization with mod Wada
[20:52:52] [Client thread/INFO] [STDOUT]: [Enginex v5.16.1 - Wada] Successfully initialized
[20:52:52] [Client thread/INFO] Joining server Хаб #3
[20:52:52] [Client thread/INFO] Reloading ResourceManager: assets-addon.jar, Default
[20:52:52] [Client thread/WARN] Missing sound for event: minecraft:entity.turtle.ambient
[20:52:52] [Client thread/WARN] Missing sound for event: minecraft:entity.turtle.baby_hurt
[20:52:52] [Client thread/WARN] Missing sound for event: minecraft:entity.turtle.hurt
[20:52:52] [Client thread/WARN] Missing sound for event: minecraft:entity.turtle.baby_death
[20:52:52] [Client thread/WARN] Missing sound for event: minecraft:entity.turtle.death
[20:52:52] [Client thread/WARN] Missing sound for event: minecraft:entity.turtle.baby_step
[20:52:52] [Client thread/WARN] Missing sound for event: minecraft:entity.turtle.step
[20:52:52] [Client thread/WARN] Missing sound for event: minecraft:entity.turtle.swim
[20:52:52] [Client thread/WARN] Missing sound for event: minecraft:block.turtle_egg.crack
[20:52:52] [Client thread/WARN] Missing sound for event: minecraft:block.turtle_egg.egg_break
[20:52:52] [Client thread/WARN] Missing sound for event: minecraft:block.turtle_egg.fall
[20:52:52] [Client thread/WARN] Missing sound for event: minecraft:block.turtle_egg.hatch
[20:52:52] [Client thread/INFO] SoundSystem shutting down...
[20:52:52] [Client thread/WARN] Author: Paul Lamb, www.paulscode.com
[20:52:52] [Client thread/INFO] Starting up SoundSystem...
[20:52:52] [Thread-47/INFO] Initializing LWJGL OpenAL
[20:52:52] [Thread-47/INFO] (The LWJGL binding of OpenAL.  For more information, see http://www.lwjgl.org)
[20:52:52] [Thread-47/INFO] OpenAL audio device: OpenAL Soft on Динамики (MCHOSE V9 PRO)
[20:52:52] [Thread-47/INFO] OpenAL initialized.
[20:52:52] [Client thread/INFO] Sound engine reloaded
[20:52:52] [ForkJoinPool.commonPool-worker-6/WARN] Unable to load variant: axis=x from minecraft:lodestone#axis=x
[20:52:52] [ForkJoinPool.commonPool-worker-6/WARN] Unable to load variant: axis=y from minecraft:lodestone#axis=y
[20:52:52] [ForkJoinPool.commonPool-worker-6/WARN] Unable to load variant: axis=z from minecraft:lodestone#axis=z
[20:52:52] [ForkJoinPool.commonPool-worker-6/ERROR] Unable to load item model: 'minecraft:mcpatcher/cit/others/megumin_hat#inventory' for item: 'minecraft:mcpatcher/cit/others/megumin_hat'
[20:52:52] [ForkJoinPool.commonPool-worker-6/WARN] Unable to resolve texture due to upward reference: #cross in minecraft:models/block/chain.json
[20:52:52] [ForkJoinPool.commonPool-worker-6/WARN] Unable to resolve texture due to upward reference: #cross in minecraft:models/block/chain.json
[20:52:52] [ForkJoinPool.commonPool-worker-6/INFO] [OptiFine] Mipmap levels: 4
[20:52:52] [ForkJoinPool.commonPool-worker-6/INFO] [OptiFine] Multi-texturing: false
[20:52:52] [ForkJoinPool.commonPool-worker-6/INFO] [OptiFine] Multipass connected textures: false
[20:52:52] [ForkJoinPool.commonPool-worker-6/INFO] [OptiFine] BetterGrass: Parsing default configuration optifine/bettergrass.properties
[20:52:52] [ForkJoinPool.commonPool-worker-6/FATAL] [OptiFine] Scaled too small texture: minecraft:particles/glow_2, 8 -> 16
[20:52:52] [ForkJoinPool.commonPool-worker-6/FATAL] [OptiFine] Scaled too small texture: minecraft:particles/glow_1, 8 -> 16
[20:52:52] [ForkJoinPool.commonPool-worker-6/FATAL] [OptiFine] Scaled too small texture: minecraft:particles/glow_0, 8 -> 16
[20:52:52] [ForkJoinPool.commonPool-worker-6/FATAL] [OptiFine] Scaled too small texture: minecraft:particles/glow_6, 8 -> 16
[20:52:52] [ForkJoinPool.commonPool-worker-6/FATAL] [OptiFine] Scaled too small texture: minecraft:particles/glow_5, 8 -> 16
[20:52:52] [ForkJoinPool.commonPool-worker-6/FATAL] [OptiFine] Scaled too small texture: minecraft:particles/glow_4, 8 -> 16
[20:52:52] [ForkJoinPool.commonPool-worker-6/FATAL] [OptiFine] Scaled too small texture: minecraft:particles/glow_3, 8 -> 16
[20:52:52] [ForkJoinPool.commonPool-worker-6/FATAL] [OptiFine] Scaled too small texture: minecraft:particles/glow_9, 8 -> 16
[20:52:52] [ForkJoinPool.commonPool-worker-6/FATAL] [OptiFine] Scaled too small texture: minecraft:particles/glow_8, 8 -> 16
[20:52:52] [ForkJoinPool.commonPool-worker-6/FATAL] [OptiFine] Scaled too small texture: minecraft:particles/glow_7, 8 -> 16
[20:52:52] [ForkJoinPool.commonPool-worker-6/FATAL] [OptiFine] Scaled too small texture: minecraft:particles/glow_11, 8 -> 16
[20:52:52] [ForkJoinPool.commonPool-worker-6/FATAL] [OptiFine] Scaled too small texture: minecraft:particles/glow_10, 8 -> 16
[20:52:52] [ForkJoinPool.commonPool-worker-6/FATAL] [OptiFine] Scaled too small texture: minecraft:particles/glow_13, 8 -> 16
[20:52:52] [ForkJoinPool.commonPool-worker-6/FATAL] [OptiFine] Scaled too small texture: minecraft:particles/glow_12, 8 -> 16
[20:52:52] [ForkJoinPool.commonPool-worker-6/FATAL] [OptiFine] Scaled too small texture: minecraft:particles/glow_15, 8 -> 16
[20:52:52] [ForkJoinPool.commonPool-worker-6/FATAL] [OptiFine] Scaled too small texture: minecraft:particles/glow_14, 8 -> 16
[20:52:52] [ForkJoinPool.commonPool-worker-6/INFO] load sprites for 48ms
[20:52:52] [ForkJoinPool.commonPool-worker-6/INFO] Created: 1024x1024 textures-atlas in 76ms
[20:52:53] [ForkJoinPool.commonPool-worker-6/INFO] [DEBUG] Atlas assembly for 5.235ms
[20:52:53] [Client thread/INFO] [DEBUG] upload atlas for 3.383ms
[20:52:53] [Client thread/INFO] [DEBUG] Generate mipmaps for 0.004ms
[20:52:53] [Client thread/INFO] [OptiFine] Animated sprites: 0
[20:52:53] [Client thread/INFO] [OptiFine] CustomColors: Loading mcpatcher/color.properties
[20:52:53] [Client thread/INFO] Textures loaded for 838.311ms
[20:52:55] [Client thread/INFO] Loaded mod Visual Driver/4af25f4f-9390-6d69-a3c0-283ebf411bce v3.8.31+9da32142 in 7 ms
[20:52:56] [Client thread/INFO] Loaded mod HubMod/2e343ee2-14ca-dd0a-a0f2-94b9aac71bf7 v1.4.5 in 9 ms
[20:52:59] [Client thread/INFO] [STDOUT]: [Enginex v5.16.1 - Wada] [Wada/debug] handshake complete (w4:load), awaitingHandshake=false, sessionId=7
[20:53:04] [Network thread/INFO] Protocol upgrade mask: 157
[20:53:04] [Network thread/INFO] Upgrading protocol
[20:53:04] [Client thread/INFO] Invalidating server data
[20:53:04] [Client thread/INFO] Unloading mod HubMod/2e343ee2-14ca-dd0a-a0f2-94b9aac71bf7
[20:53:04] [Client thread/INFO] Unloading mod Visual Driver/4af25f4f-9390-6d69-a3c0-283ebf411bce
[20:53:04] [Client thread/INFO] [STDOUT]: [Enginex v5.16.1 - Wada] [Wada/debug] reload requested: ServerSwitch
[20:53:04] [Client thread/INFO] [STDOUT]: [Enginex v5.16.1 - Wada] [Wada/debug] cleanAndReload begin: sessionId=8, awaitingHandshake=true
[20:53:04] [Client thread/INFO] [STDOUT]: [Enginex v5.16.1 - Wada] VAO support: true
[20:53:04] [Client thread/INFO] [STDOUT]: [Enginex v5.16.1 - Wada] Initialization with mod Wada
[20:53:04] [Client thread/INFO] [STDOUT]: [Enginex v5.16.1 - Wada] Successfully initialized
[20:53:04] [Client thread/INFO] Found file C:\Users\tveiv\.cristalix\updates\Minigames\server-resource-packs\40bb4597c7ce6b5b4690666d2a8804747a202ba3 matching requested hash 2a33a213ea168e73eaf34aeab631978eb6603e7b
[20:53:04] [Client thread/INFO] Cache hit
[20:53:04] [Client thread/INFO] Joining server VoidGame #2
[20:53:04] [Client thread/INFO] Reloading ResourceManager: assets-addon.jar, Default, 40bb4597c7ce6b5b4690666d2a8804747a202ba3
[20:53:04] [Client thread/WARN] Missing sound for event: minecraft:entity.turtle.ambient
[20:53:04] [Client thread/WARN] Missing sound for event: minecraft:entity.turtle.baby_hurt
[20:53:04] [Client thread/WARN] Missing sound for event: minecraft:entity.turtle.hurt
[20:53:04] [Client thread/WARN] Missing sound for event: minecraft:entity.turtle.baby_death
[20:53:04] [Client thread/WARN] Missing sound for event: minecraft:entity.turtle.death
[20:53:04] [Client thread/WARN] Missing sound for event: minecraft:entity.turtle.baby_step
[20:53:04] [Client thread/WARN] Missing sound for event: minecraft:entity.turtle.step
[20:53:04] [Client thread/WARN] Missing sound for event: minecraft:entity.turtle.swim
[20:53:04] [Client thread/WARN] Missing sound for event: minecraft:block.turtle_egg.crack
[20:53:04] [Client thread/WARN] Missing sound for event: minecraft:block.turtle_egg.egg_break
[20:53:04] [Client thread/WARN] Missing sound for event: minecraft:block.turtle_egg.fall
[20:53:04] [Client thread/WARN] Missing sound for event: minecraft:block.turtle_egg.hatch
[20:53:04] [Client thread/INFO] SoundSystem shutting down...
[20:53:04] [Client thread/WARN] Author: Paul Lamb, www.paulscode.com
[20:53:04] [Client thread/INFO] Starting up SoundSystem...
[20:53:04] [Thread-51/INFO] Initializing LWJGL OpenAL
[20:53:04] [Thread-51/INFO] (The LWJGL binding of OpenAL.  For more information, see http://www.lwjgl.org)
[20:53:04] [Thread-51/INFO] OpenAL audio device: OpenAL Soft on Динамики (MCHOSE V9 PRO)
[20:53:04] [Thread-51/INFO] OpenAL initialized.
[20:53:04] [Client thread/INFO] Sound engine reloaded
[20:53:04] [ForkJoinPool.commonPool-worker-2/WARN] Unable to load variant: axis=x from minecraft:lodestone#axis=x
[20:53:04] [ForkJoinPool.commonPool-worker-2/WARN] Unable to load variant: axis=y from minecraft:lodestone#axis=y
[20:53:04] [ForkJoinPool.commonPool-worker-2/WARN] Unable to load variant: axis=z from minecraft:lodestone#axis=z
[20:53:04] [ForkJoinPool.commonPool-worker-2/ERROR] Unable to load item model: 'minecraft:mcpatcher/cit/others/megumin_hat#inventory' for item: 'minecraft:mcpatcher/cit/others/megumin_hat'
[20:53:04] [ForkJoinPool.commonPool-worker-2/INFO] [OptiFine] Mipmap levels: 4
[20:53:04] [ForkJoinPool.commonPool-worker-2/INFO] [OptiFine] Multi-texturing: false
[20:53:04] [ForkJoinPool.commonPool-worker-2/INFO] [OptiFine] Multipass connected textures: false
[20:53:04] [ForkJoinPool.commonPool-worker-2/INFO] [OptiFine] BetterGrass: Parsing default configuration optifine/bettergrass.properties
[20:53:04] [ForkJoinPool.commonPool-worker-2/FATAL] [OptiFine] Scaled too small texture: minecraft:particles/glow_2, 8 -> 16
[20:53:04] [ForkJoinPool.commonPool-worker-2/FATAL] [OptiFine] Scaled too small texture: minecraft:particles/glow_1, 8 -> 16
[20:53:04] [ForkJoinPool.commonPool-worker-2/FATAL] [OptiFine] Scaled too small texture: minecraft:particles/glow_0, 8 -> 16
[20:53:04] [ForkJoinPool.commonPool-worker-2/FATAL] [OptiFine] Scaled too small texture: minecraft:particles/glow_6, 8 -> 16
[20:53:04] [ForkJoinPool.commonPool-worker-2/FATAL] [OptiFine] Scaled too small texture: minecraft:particles/glow_5, 8 -> 16
[20:53:04] [ForkJoinPool.commonPool-worker-2/FATAL] [OptiFine] Scaled too small texture: minecraft:particles/glow_4, 8 -> 16
[20:53:04] [ForkJoinPool.commonPool-worker-2/FATAL] [OptiFine] Scaled too small texture: minecraft:particles/glow_3, 8 -> 16
[20:53:04] [ForkJoinPool.commonPool-worker-2/FATAL] [OptiFine] Scaled too small texture: minecraft:particles/glow_9, 8 -> 16
[20:53:04] [ForkJoinPool.commonPool-worker-2/FATAL] [OptiFine] Scaled too small texture: minecraft:particles/glow_8, 8 -> 16
[20:53:04] [ForkJoinPool.commonPool-worker-2/FATAL] [OptiFine] Scaled too small texture: minecraft:particles/glow_7, 8 -> 16
[20:53:04] [ForkJoinPool.commonPool-worker-2/ERROR] Using missing texture, unable to load minecraft:textures/items/wooden_sword.png
[20:53:04] [ForkJoinPool.commonPool-worker-2/FATAL] [OptiFine] Scaled too small texture: minecraft:particles/glow_11, 8 -> 16
[20:53:04] [ForkJoinPool.commonPool-worker-2/FATAL] [OptiFine] Scaled too small texture: minecraft:particles/glow_10, 8 -> 16
[20:53:04] [ForkJoinPool.commonPool-worker-2/FATAL] [OptiFine] Scaled too small texture: minecraft:particles/glow_13, 8 -> 16
[20:53:04] [ForkJoinPool.commonPool-worker-2/FATAL] [OptiFine] Scaled too small texture: minecraft:particles/glow_12, 8 -> 16
[20:53:04] [ForkJoinPool.commonPool-worker-2/FATAL] [OptiFine] Scaled too small texture: minecraft:particles/glow_15, 8 -> 16
[20:53:04] [ForkJoinPool.commonPool-worker-2/FATAL] [OptiFine] Scaled too small texture: minecraft:particles/glow_14, 8 -> 16
[20:53:04] [ForkJoinPool.commonPool-worker-2/INFO] load sprites for 9ms
[20:53:04] [ForkJoinPool.commonPool-worker-2/INFO] Created: 1024x1024 textures-atlas in 28ms
[20:53:04] [ForkJoinPool.commonPool-worker-2/INFO] [DEBUG] Atlas assembly for 2.964ms
[20:53:04] [Client thread/INFO] [DEBUG] upload atlas for 1.703ms
[20:53:04] [Client thread/INFO] [DEBUG] Generate mipmaps for 0.004ms
[20:53:04] [Client thread/INFO] [OptiFine] Animated sprites: 0
[20:53:04] [Client thread/INFO] [OptiFine] CustomColors: Loading mcpatcher/color.properties
[20:53:04] [Client thread/INFO] Textures loaded for 415.503ms
[20:53:05] [Client thread/INFO] [STDOUT]: [Enginex v5.16.1 - Wada] [Wada/debug] handshake complete (w4:load), awaitingHandshake=false, sessionId=8
[20:53:06] [Client thread/INFO] Start loading of mod VoidMod
[20:53:06] [Client thread/INFO] Loading mod VoidMod v1.0+089d877 by ZeksterP
[20:53:06] [Client thread/INFO] [STDOUT]: [Enginex v5.13.11-TEST-2 - VoidMod] VAO support: true
[20:53:06] [Client thread/INFO] [STDOUT]: [Enginex v5.13.11-TEST-2 - VoidMod] Initialization with mod VoidMod
[20:53:07] [Client thread/INFO] [STDOUT]: [Enginex v5.13.11-TEST-2 - VoidMod] Successfully initialized
[20:53:07] [Client thread/INFO] Loaded mod VoidMod v1.0+089d877 in 1012 ms
[20:55:52] [Client thread/INFO] [CHAT] [14] vbvbvbnn » без раздумий снес мне лицо
[20:55:55] [Client thread/INFO] [CHAT] [18] MVP ┃ Ravile2008 » все
[20:56:05] [Client thread/INFO] [CHAT] [18] MVP ┃ Ravile2008 » снес лицо и босса сразу
[20:59:41] [Client thread/INFO] [CHAT] Tveiv получил Собиратель мусора
[20:59:41] [Client thread/INFO] [CHAT] Получено 300 звезд
[20:59:58] [Client thread/INFO] [CHAT] Потеряно 200 звезд
[20:59:58] [Client thread/INFO] [CHAT] Tveiv получил Мое последнее перерождение в мире звезд, подаренное Исцелением
[21:00:02] [Client thread/INFO] [CHAT] Авто-кликер включен
[21:00:05] [Client thread/INFO] [CHAT] Получено 6 звезд
[21:00:09] [Client thread/INFO] [CHAT] Получено 5 звезд
[21:00:14] [Client thread/INFO] [CHAT] Получено 5 звезд
[21:00:19] [Client thread/INFO] [CHAT] Получено 5 звезд
[21:03:16] [Client thread/INFO] [CHAT] Вампиризм сброшен!
[21:03:17] [Client thread/INFO] [CHAT] Вампиризм сброшен!
[21:03:19] [Client thread/INFO] [CHAT] Получено 5 звезд
[21:03:19] [Client thread/INFO] [CHAT] Вампиризм сброшен!
[21:03:20] [Client thread/INFO] [CHAT] Получено 5 звезд
[21:03:21] [Client thread/INFO] [CHAT] Вампиризм сброшен!
[21:03:24] [Client thread/INFO] [CHAT] Вампиризм сброшен!
[21:03:25] [Client thread/INFO] [CHAT] Получено 5 звезд
[21:03:27] [Client thread/INFO] [CHAT] Получено 5 звезд
[21:03:31] [Client thread/INFO] [CHAT] Получено 5 звезд
[21:03:36] [Client thread/INFO] [CHAT] Получено 7 звезд
[21:03:36] [Client thread/INFO] [CHAT] Получено 18 звезд
[21:03:38] [Client thread/INFO] [CHAT] Tveiv получил Осквернённое перо
[21:03:51] [Client thread/INFO] [CHAT] Получено 5 звезд
[21:03:51] [Client thread/INFO] [CHAT] Вам выпал Изумруд x1
[21:03:56] [Client thread/INFO] [CHAT] Получено 5 звезд
[21:03:56] [Client thread/INFO] [CHAT] Вам выпал Изумруд x2
[21:03:59] [Client thread/INFO] [CHAT] Получено 5 звезд
[21:03:59] [Client thread/INFO] [CHAT] Вам выпал Изумруд x2
[21:04:00] [Client thread/INFO] [CHAT] На Вас наложен Яростный взор, Вы получаете урон, когда смотрите на существ
[21:04:03] [Client thread/INFO] [CHAT] Получено 5 звезд
[21:04:03] [Client thread/INFO] [CHAT] Вам выпал Изумруд x1
[21:04:03] [Client thread/INFO] [CHAT] Получено 5 звезд
[21:04:03] [Client thread/INFO] [CHAT] Вам выпал Обугленный череп x1
[21:04:20] [Client thread/INFO] [CHAT] Получено 7 звезд
[21:04:24] [Client thread/INFO] [CHAT] Вампиризм сброшен!
[21:04:25] [Client thread/INFO] [CHAT] Получено 5 звезд
[21:04:25] [Client thread/INFO] [CHAT] Вам выпал Обугленный череп x1
[21:04:27] [Client thread/INFO] [CHAT] Получено 5 звезд
[21:04:31] [Client thread/INFO] [CHAT] Получено 5 звезд
[21:04:35] [Client thread/INFO] [CHAT] Получено 5 звезд
[21:04:35] [Client thread/INFO] [CHAT] Вам выпал Изумруд x1
[21:04:37] [Client thread/INFO] [CHAT] Получено 5 звезд
[21:04:40] [Client thread/INFO] [CHAT] Получено 5 звезд
[21:04:40] [Client thread/INFO] [CHAT] Получено 12 звезд
[21:04:43] [Client thread/INFO] [CHAT] Tveiv получил Нож на перестрелке
[21:04:58] [Client thread/INFO] [CHAT] Получено 6 звезд
[21:05:07] [Client thread/INFO] [CHAT] Получено 6 звезд
[21:05:07] [Client thread/INFO] [CHAT] Получено 18 звезд
[21:05:14] [Client thread/INFO] [CHAT] Tveiv получил Двигайся, как камень
[21:05:18] [Client thread/INFO] [CHAT] На Вас наложен Яростный взор, Вы получаете урон, когда смотрите на существ
[21:05:20] [Client thread/INFO] [CHAT] Получено 5 звезд
[21:05:20] [Client thread/INFO] [CHAT] Получено 5 звезд
[21:05:26] [Client thread/INFO] [CHAT] Получено 5 звезд
[21:05:32] [Client thread/INFO] [CHAT] Получено 5 звезд
[21:05:36] [Client thread/INFO] [CHAT] Получено 5 звезд
[21:05:41] [Client thread/INFO] [CHAT] Получено 5 звезд
[21:05:45] [Client thread/INFO] [CHAT] Получено 5 звезд
[21:05:49] [Client thread/INFO] [CHAT] Получено 5 звезд
[21:05:49] [Client thread/INFO] [CHAT] Вам выпал Изумруд x2
[21:05:54] [Client thread/INFO] [CHAT] Получено 6 звезд
[21:05:58] [Client thread/INFO] [CHAT] Получено 5 звезд
[21:05:58] [Client thread/INFO] [CHAT] Вам выпал Изумруд x2
[21:05:59] [Client thread/INFO] [CHAT] Получено 5 звезд
[21:06:06] [Client thread/INFO] [CHAT] Получено 5 звезд
[21:06:06] [Client thread/INFO] [CHAT] Вам выпал Изумруд x2
[21:06:12] [Client thread/INFO] [CHAT] Получено 5 звезд
[21:06:20] [Client thread/INFO] [CHAT] Получено 5 звезд
[21:06:20] [Client thread/INFO] [CHAT] Вам выпал Изумруд x2
[21:06:20] [Client thread/INFO] [CHAT] Получено 5 звезд
[21:06:20] [Client thread/INFO] [CHAT] Вам выпал Серебряная звезда зачарования x1
[21:06:22] [Client thread/INFO] [CHAT] Получено 5 звезд
[21:06:27] [Client thread/INFO] [CHAT] Вы стали стеклянным! Вы умрете, если получите урон 10 раз
[21:06:56] [Client thread/INFO] [CHAT] [30] G ┃ Exidaee » [Раздражающий клинок Расимы ♡ +9]
[21:06:59] [Client thread/INFO] [CHAT] [30] G ┃ Exidaee » [Высасывающий клинок Расимы ☬ +9]
[21:07:06] [Client thread/INFO] [CHAT] На Вас наложено Проклятие Страха, Ваш вампиризм заблокирован
[21:07:09] [Client thread/INFO] [CHAT] На Вас наложено Проклятие Страха, Ваш вампиризм заблокирован
[21:07:20] [Client thread/INFO] [CHAT] Получено 5 звезд
[21:07:20] [Client thread/INFO] [CHAT] Вам выпал Изумруд x40
[21:07:20] [Client thread/INFO] [CHAT] Вам выпал Обугленный череп x5
[21:07:20] [Client thread/INFO] [CHAT] Вам выпал Серебряная звезда зачарования x1
[21:07:20] [Client thread/INFO] [CHAT] Вам выпал Благословенная серебряная звезда зачарования x1
[21:07:20] [Client thread/INFO] [CHAT] Вам выпал Осколок фантазии Этоля x1
[21:07:20] [Client thread/INFO] [CHAT] Вам выпал Шкатулка наследницы x1
[21:07:20] [Client thread/INFO] [CHAT] Получено 5 звезд
[21:07:57] [Client thread/INFO] [CHAT] Потеряно 200 звезд
[21:07:57] [Client thread/INFO] [CHAT] Tveiv получил Маноед
[21:08:09] [Client thread/INFO] [CHAT] Получено 5 звезд
[21:08:13] [Client thread/INFO] [CHAT] Получено 5 звезд
[21:08:13] [Client thread/INFO] [CHAT] Вам выпал Изумруд x2
[21:08:43] [Client thread/INFO] [CHAT] Получено 6 звезд
[21:08:45] [Client thread/INFO] [CHAT] Получено 6 звезд
[21:08:45] [Client thread/INFO] [CHAT] Вам выпал Обугленный череп x1
[21:08:45] [Client thread/INFO] [CHAT] Получено 24 звезд
[21:08:48] [Client thread/INFO] [CHAT] Tveiv получил Приманка
[21:08:54] [Client thread/INFO] [CHAT] Получено 5 звезд
[21:08:54] [Client thread/INFO] [CHAT] Вам выпал Изумруд x2
[21:09:00] [Client thread/INFO] [CHAT] Получено 5 звезд
[21:09:00] [Client thread/INFO] [CHAT] Вам выпал Изумруд x1
[21:09:03] [Client thread/INFO] [CHAT] Получено 5 звезд
[21:09:08] [Client thread/INFO] [CHAT] Получено 5 звезд
[21:09:08] [Client thread/INFO] [CHAT] Вам выпал Изумруд x1
[21:09:14] [Client thread/INFO] [CHAT] Получено 5 звезд
[21:09:15] [Client thread/INFO] [CHAT] Получено 5 звезд
[21:09:17] [Client thread/INFO] [CHAT] Получено 6 звезд
[21:09:20] [Client thread/INFO] [CHAT] Получено 5 звезд
[21:09:35] [Client thread/INFO] [CHAT] Вампиризм сброшен!
[21:09:37] [Client thread/INFO] [CHAT] Вампиризм сброшен!
[21:09:41] [Client thread/INFO] [CHAT] Вампиризм сброшен!
[21:09:42] [Client thread/INFO] [CHAT] Получено 5 звезд
[21:09:43] [Client thread/INFO] [CHAT] Получено 5 звезд
[21:09:43] [Client thread/INFO] [CHAT] Вам выпал Изумруд x2
[21:09:46] [Client thread/INFO] [CHAT] Вампиризм сброшен!
[21:09:46] [Client thread/INFO] [CHAT] Получено 5 звезд
[21:09:47] [Client thread/INFO] [CHAT] Получено 5 звезд
[21:09:47] [Client thread/INFO] [CHAT] Получено 5 звезд
[21:09:56] [Client thread/INFO] [CHAT] Получено 6 звезд
[21:09:56] [Client thread/INFO] [CHAT] Получено 12 звезд
[21:09:58] [Client thread/INFO] [CHAT] Tveiv получил Рыба, убивающая Победителей
[21:10:00] [Client thread/INFO] [CHAT] Получено 6 звезд
[21:10:01] [Client thread/INFO] [CHAT] Получено 5 звезд
[21:10:02] [Client thread/INFO] [CHAT] Получено 5 звезд
[21:10:03] [Client thread/INFO] [CHAT] Получено 5 звезд
[21:10:03] [Client thread/INFO] [CHAT] Вам выпал Изумруд x1
[21:10:07] [Client thread/INFO] [CHAT] Получено 5 звезд
[21:10:07] [Client thread/INFO] [CHAT] Вам выпал Обугленный череп x1
[21:10:22] [Client thread/INFO] [CHAT] Получено 5 звезд
[21:10:22] [Client thread/INFO] [CHAT] Вампиризм сброшен!
[21:10:22] [Client thread/INFO] [CHAT] Вампиризм сброшен!
[21:10:26] [Client thread/INFO] [CHAT] Получено 5 звезд
[21:10:26] [Client thread/INFO] [CHAT] Получено 6 звезд
[21:10:27] [Client thread/INFO] [CHAT] Получено 5 звезд
[21:10:33] [Client thread/INFO] [CHAT] Получено 5 звезд
[21:10:38] [Client thread/INFO] [CHAT] Получено 5 звезд
[21:10:41] [Client thread/INFO] [CHAT] Получено 5 звезд
[21:10:41] [Client thread/INFO] [CHAT] Вам выпал Изумруд x1
[21:10:59] [Client thread/INFO] [CHAT] Получено 7 звезд
[21:11:02] [Client thread/INFO] [CHAT] Получено 5 звезд
[21:11:06] [Client thread/INFO] [CHAT] Получено 5 звезд
[21:11:06] [Client thread/INFO] [CHAT] Получено 5 звезд
[21:11:06] [Client thread/INFO] [CHAT] Вам выпал Серебряная звезда зачарования x1
[21:11:15] [Client thread/INFO] [CHAT] Получено 5 звезд
[21:11:15] [Client thread/INFO] [CHAT] Вам выпал Изумруд x1
[21:11:15] [Client thread/INFO] [CHAT] Вам выпал Осколок фантазии Этоля x1
[21:11:20] [Client thread/INFO] [CHAT] Вампиризм сброшен!
[21:11:22] [Client thread/INFO] [CHAT] Получено 5 звезд
[21:11:34] [Client thread/INFO] [CHAT] Получено 6 звезд
[21:11:35] [Client thread/INFO] [CHAT] Получено 5 звезд
[21:11:35] [Client thread/INFO] [CHAT] Вам выпал Осколок фантазии Этоля x1
[21:11:36] [Client thread/INFO] [CHAT] Получено 5 звезд
[21:11:36] [Client thread/INFO] [CHAT] Вам выпал Обугленный череп x1
[21:11:36] [Client thread/INFO] [CHAT] Получено 16 звезд
[21:11:39] [Client thread/INFO] [CHAT] Tveiv получил Лалофобия
[21:11:40] [Client thread/INFO] [CHAT] Получено 5 звезд
[21:11:40] [Client thread/INFO] [CHAT] Вам выпал Обугленный череп x1
[21:11:46] [Client thread/INFO] [CHAT] Получено 6 звезд
[21:11:46] [Client thread/INFO] [CHAT] Вам выпал Изумруд x2
[21:11:54] [Client thread/INFO] [CHAT] Получено 5 звезд
[21:11:55] [Client thread/INFO] [CHAT] Получено 5 звезд
[21:12:02] [Client thread/INFO] [CHAT] Получено 6 звезд
[21:12:08] [Client thread/INFO] [CHAT] Получено 7 звезд
[21:12:08] [Client thread/INFO] [CHAT] Вам выпал Изумруд x1
[21:12:08] [Client thread/INFO] [CHAT] Вам выпал Обугленный череп x1
[21:12:13] [Client thread/INFO] [CHAT] Получено 5 звезд
[21:12:17] [Client thread/INFO] [CHAT] Получено 5 звезд
[21:12:24] [Client thread/INFO] [CHAT] Получено 5 звезд
[21:12:28] [Client thread/INFO] [CHAT] Получено 5 звезд
[21:12:34] [Client thread/INFO] [CHAT] Получено 5 звезд
[21:12:40] [Client thread/INFO] [CHAT] Получено 5 звезд
[21:12:40] [Client thread/INFO] [CHAT] Вам выпал Осколок фантазии Этоля x1
[21:12:43] [Client thread/INFO] [CHAT] Получено 6 звезд
[21:12:43] [Client thread/INFO] [CHAT] Вам выпал Изумруд x1
[21:12:51] [Client thread/INFO] [CHAT] Получено 8 звезд
[21:12:55] [Client thread/INFO] [CHAT] Получено 5 звезд
[21:12:59] [Client thread/INFO] [CHAT] Получено 5 звезд
[21:13:02] [Client thread/INFO] [CHAT] Получено 5 звезд
[21:13:06] [Client thread/INFO] [CHAT] Получено 5 звезд
[21:13:06] [Client thread/INFO] [CHAT] Вам выпал Обугленный череп x1
[21:13:11] [Client thread/INFO] [CHAT] Получено 5 звезд
[21:13:16] [Client thread/INFO] [CHAT] Получено 5 звезд
[21:13:16] [Client thread/INFO] [CHAT] Вам выпал Серебряная звезда зачарования x1
[21:13:19] [Client thread/INFO] [CHAT] Получено 5 звезд
[21:13:24] [Client thread/INFO] [CHAT] Получено 5 звезд
[21:13:28] [Client thread/INFO] [CHAT] Получено 5 звезд
[21:13:28] [Client thread/INFO] [CHAT] Вам выпал Осколок фантазии Этоля x1
[21:13:52] [Client thread/INFO] [CHAT] Получено 6 звезд
[21:13:52] [Client thread/INFO] [CHAT] Вам выпал Осколок фантазии Этоля x1
[21:14:01] [Client thread/INFO] [CHAT] Получено 5 звезд
[21:14:07] [Client thread/INFO] [CHAT] Получено 5 звезд
[21:14:07] [Client thread/INFO] [CHAT] Вам выпал Изумруд x2
[21:14:07] [Client thread/INFO] [CHAT] Вам выпал Серебряная звезда зачарования x1
[21:14:11] [Client thread/INFO] [CHAT] Вы стали стеклянным! Вы умрете, если получите урон 10 раз
[21:14:21] [Client thread/INFO] [CHAT] Дверь в комнату управления открыта.
[21:14:39] [Client thread/INFO] [CHAT] Получено 5 звезд
[21:14:39] [Client thread/INFO] [CHAT] Вам выпал Изумруд x2
[21:14:39] [Client thread/INFO] [CHAT] Вам выпал Серебряная звезда зачарования x1
[21:14:42] [Client thread/INFO] [CHAT] Получено 5 звезд
[21:14:46] [Client thread/INFO] [CHAT] Получено 5 звезд
[21:14:46] [Client thread/INFO] [CHAT] Вам выпал Изумруд x1
[21:14:51] [Client thread/INFO] [CHAT] Получено 5 звезд
[21:14:55] [Client thread/INFO] [CHAT] Получено 5 звезд
[21:14:55] [Client thread/INFO] [CHAT] Вам выпал Изумруд x2
[21:14:59] [Client thread/INFO] [CHAT] Получено 5 звезд
[21:15:05] [Client thread/INFO] [CHAT] Получено 5 звезд
[21:15:08] [Client thread/INFO] [CHAT] Получено 5 звезд
[21:15:08] [Client thread/INFO] [CHAT] Вам выпал Серебряная звезда зачарования x1
[21:15:14] [Client thread/INFO] [CHAT] Получено 5 звезд
[21:15:17] [Client thread/INFO] [CHAT] Получено 5 звезд
[21:15:24] [Client thread/INFO] [CHAT] Получено 5 звезд
[21:15:31] [Client thread/INFO] [CHAT] Получено 5 звезд
[21:15:31] [Client thread/INFO] [CHAT] Получено 5 звезд
[21:15:31] [Client thread/INFO] [CHAT] Вам выпал Обугленный череп x1
[21:15:36] [Client thread/INFO] [CHAT] Получено 5 звезд
[21:15:46] [Client thread/INFO] [CHAT] Получено 5 звезд
[21:15:46] [Client thread/INFO] [CHAT] Получено 5 звезд
[21:15:46] [Client thread/INFO] [CHAT] Вам выпал Обугленный череп x1
[21:15:49] [Client thread/INFO] [CHAT] Получено 5 звезд
[21:15:49] [Client thread/INFO] [CHAT] Вам выпал Обугленный череп x1
[21:15:49] [Client thread/INFO] [CHAT] Вам выпал Серебряная звезда зачарования x1
[21:15:52] [Client thread/INFO] [CHAT] Получено 5 звезд
[21:16:02] [Client thread/INFO] [CHAT] Получено 5 звезд
[21:16:02] [Client thread/INFO] [CHAT] Вам выпал Обугленный череп x1
[21:16:02] [Client thread/INFO] [CHAT] Получено 5 звезд
[21:16:02] [Client thread/INFO] [CHAT] Вам выпал Обугленный череп x1
[21:16:06] [Client thread/INFO] [CHAT] Получено 5 звезд
[21:16:06] [Client thread/INFO] [CHAT] Вам выпал Обугленный череп x1
[21:16:13] [Client thread/INFO] [CHAT] Получено 5 звезд
[21:16:24] [Client thread/INFO] [CHAT] Получено 5 звезд
[21:16:24] [Client thread/INFO] [CHAT] Получено 5 звезд
[21:16:32] [Client thread/INFO] [CHAT] Получено 5 звезд
[21:16:34] [Client thread/INFO] [CHAT] Проход в крепость закрыт. Теперь Вы в безопасности.
[21:16:38] [Client thread/INFO] [CHAT] Потеряно 200 звезд
[21:16:38] [Client thread/INFO] [CHAT] Tveiv получил Кровопролитие
[21:16:39] [Client thread/INFO] [CHAT] Потеряно 200 звезд
[21:16:39] [Client thread/INFO] [CHAT] Tveiv получил Мое последнее перерождение в мире звезд, подаренное Исцелением
[21:16:42] [Client thread/INFO] [CHAT] Потеряно 200 звезд
[21:16:42] [Client thread/INFO] [CHAT] Tveiv получил Непоколебимость Победителя
[21:16:49] [Client thread/INFO] [CHAT] Получено 5 звезд
[21:16:59] [Client thread/INFO] [CHAT] Получено 5 звезд
[21:16:59] [Client thread/INFO] [CHAT] Получено 5 звезд
[21:16:59] [Client thread/INFO] [CHAT] Вам выпал Обугленный череп x1
[21:17:21] [Client thread/INFO] [CHAT] Наследница Бедствия: Вы явились в самый разгар событий. Перед нашей битвой, давайте хотя бы представимся. Я - Мальфиса Флеу, единственная достойная Наследница Бедствия.
[21:17:29] [Client thread/INFO] [CHAT] Наследница Бедствия: Разрушение.
[21:17:37] [Client thread/INFO] [CHAT] Наследница Бедствия: Кажется, дышать становится все тяжелее..
[21:17:49] [Client thread/INFO] [CHAT] Наследница Бедствия: Разрушение.
[21:17:55] [Client thread/INFO] [CHAT] Наследница Бедствия: Давайте на чистоту: я рада, что вы сами пришли ко мне, ловить вас было бы слишком расточительно по времени.
[21:17:57] [Client thread/INFO] [CHAT] Наследница Бедствия: Кажется, дышать становится все тяжелее..
[21:18:09] [Client thread/INFO] [CHAT] Наследница Бедствия: Разрушение.
[21:18:17] [Client thread/INFO] [CHAT] Наследница Бедствия: Кажется, дышать становится все тяжелее..
[21:18:29] [Client thread/INFO] [CHAT] Наследница Бедствия: Разрушение.
[21:18:37] [Client thread/INFO] [CHAT] Наследница Бедствия: Кажется, дышать становится все тяжелее..
[21:18:49] [Client thread/INFO] [CHAT] Наследница Бедствия: Разрушение.
[21:18:56] [Client thread/INFO] [CHAT] Наследница Бедствия: Вы потеряли оружие и доблесть. Исход этого боя уже предрешён.
[21:19:07] [Client thread/INFO] [CHAT] Наследница Бедствия: Меч света разорвет вас на части!
[21:19:17] [Client thread/INFO] [CHAT] Наследница Бедствия: Я очень долго собирала себе армию, неужели вы думали, что я буду сражаться одна?
[21:19:26] [Client thread/INFO] [CHAT] Наследница Бедствия: Меч света разорвет вас на части!
[21:19:37] [Client thread/INFO] [CHAT] [12] V ┃ xrealiztz » что будет с золотым зачарованным яблоком если положить его в точильный камень?
[21:19:45] [Client thread/INFO] [CHAT] Наследница Бедствия: Меч света разорвет вас на части!
[21:19:46] [Client thread/INFO] [CHAT] Наследница Бедствия: Пора заканчивать..
[21:19:50] [Client thread/INFO] [CHAT] Наследница Бедствия: Раб души!
[21:19:52] [Client thread/INFO] [CHAT] Наследница Бедствия: Теперь, я лично вас обезглавлю.
[21:20:04] [Client thread/INFO] [CHAT] Наследница Бедствия: Меч света разорвет вас на части!
[21:20:12] [Client thread/INFO] [CHAT] Наследница Бедствия: Вы сами пришли в театр отчаяния! Даже если проиграю, я заберу вас с собой!
[21:20:23] [Client thread/INFO] [CHAT] Наследница Бедствия: Меч света разорвет вас на части!
[21:20:41] [Client thread/INFO] [CHAT] [12] V ┃ xrealiztz » что будет с золотым зачарованным яблоком если положить его в точильный камень?
[21:20:42] [Client thread/INFO] [CHAT] Наследница Бедствия: Меч света разорвет вас на части!
[21:20:46] [Client thread/INFO] [CHAT] Получено 5 звезд
[21:20:46] [Client thread/INFO] [CHAT] Вам выпал Изумруд x13
[21:20:46] [Client thread/INFO] [CHAT] Вам выпал Обугленный череп x6
[21:20:46] [Client thread/INFO] [CHAT] Вам выпал Серебряная звезда зачарования x1
[21:20:46] [Client thread/INFO] [CHAT] Вам выпал Благословенная серебряная звезда зачарования x1
[21:20:46] [Client thread/INFO] [CHAT] Вам выпал Осколок фантазии Этоля x1
[21:20:46] [Client thread/INFO] [CHAT] Получено 5 звезд
[21:20:46] [Client thread/ERROR] Error on handle event #WaxMW in Mod{name='VoidMod', version='1.0+089d877', persistent=false, delegate=dev.a.a.a, modState=LOADED}
java.lang.NullPointerException: Cannot invoke "!#vqIrQ.ayV(String)" because the return value of "!#XIUjS.eja()" is null
	at VoidMod-v1.0+089d877//dev.a.a.i.b.a(SourceFile:3095)
	at VoidMod-v1.0+089d877//dev.a.a.i.b.injectedLambda$a$1(SourceFile)
	at #BHMxk.sanH(Unknown Source:56)
	at #EDvEB.kcv(Unknown Source)
	at #EDvEB.accept(Unknown Source)
	at #gthWo.shRq(SourceFile:105)
	at #RczXx.iHk(Unknown Source)
	at #RczXx.accept(Unknown Source)
	at #tZnke.sjcO(SourceFile:59)
	at #cCSpT.Ib(SourceFile)
	at #cVHnR.seEn(Unknown Source:89)
	at #GItiT.sfDZ(SourceFile:100)
	at #CFNmt.dZG(SourceFile)
	at #eFdzA.sgmB(SourceFile:50)
	at #IziuD.sbAk(SourceFile:3665)
	at #KLfhq.syS(SourceFile:2346)
	at #NMJuQ.bvu(SourceFile)
	at #yIWTs.snwq(SourceFile:206)
	at #FiZhE.sltv(SourceFile:469)
	at #zVeRA.scjA(SourceFile:29)
	at #esBRw.scLa(SourceFile:10)
	at #HnjFk.run(SourceFile:32)
	at #MuqgW.smMh(SourceFile:40)
	at #rArYX.sggH(SourceFile:11)
	at java.base/java.util.concurrent.FutureTask.run(Unknown Source)
	at #ankXZ.skOv(SourceFile:45)
	at #bBoCn.fLx(SourceFile:52)
	at #lABBH.sgvJ(Unknown Source:1466)
	at #ZQCSx.shqa(SourceFile:1632)
	at #kQsKH.smKh(SourceFile:487)
	at net.minecraft.client.main.GameMain.mgm(SourceFile:220)
	at net.minecraft.client.main.GameMain.iLJ(SourceFile:156)
	at #cnUTs.lIs(Unknown Source)
	at #cnUTs.run(Unknown Source)
	at java.base/java.lang.Thread.run(Unknown Source)
[21:21:11] [Client thread/ERROR] Error on handle event #WaxMW in Mod{name='VoidMod', version='1.0+089d877', persistent=false, delegate=dev.a.a.a, modState=LOADED}
java.lang.NullPointerException: Cannot invoke "!#vqIrQ.ayV(String)" because the return value of "!#XIUjS.eja()" is null
	at VoidMod-v1.0+089d877//dev.a.a.i.b.a(SourceFile:3095)
	at VoidMod-v1.0+089d877//dev.a.a.i.b.injectedLambda$a$1(SourceFile)
	at #BHMxk.sanH(Unknown Source:56)
	at #EDvEB.kcv(Unknown Source)
	at #EDvEB.accept(Unknown Source)
	at #gthWo.shRq(SourceFile:105)
	at #RczXx.iHk(Unknown Source)
	at #RczXx.accept(Unknown Source)
	at #tZnke.sjcO(SourceFile:59)
	at #cCSpT.Ib(SourceFile)
	at #cVHnR.seEn(Unknown Source:89)
	at #GItiT.sfDZ(SourceFile:100)
	at #CFNmt.dZG(SourceFile)
	at #eFdzA.sgmB(SourceFile:50)
	at #IziuD.sbAk(SourceFile:3665)
	at #KLfhq.syS(SourceFile:2346)
	at #NMJuQ.bvu(SourceFile)
	at #yIWTs.snwq(SourceFile:206)
	at #FiZhE.sltv(SourceFile:469)
	at #zVeRA.scjA(SourceFile:29)
	at #esBRw.scLa(SourceFile:10)
	at #HnjFk.run(SourceFile:32)
	at #MuqgW.smMh(SourceFile:40)
	at #rArYX.sggH(SourceFile:11)
	at java.base/java.util.concurrent.FutureTask.run(Unknown Source)
	at #ankXZ.skOv(SourceFile:45)
	at #bBoCn.fLx(SourceFile:52)
	at #lABBH.sgvJ(Unknown Source:1466)
	at #ZQCSx.shqa(SourceFile:1632)
	at #kQsKH.smKh(SourceFile:487)
	at net.minecraft.client.main.GameMain.mgm(SourceFile:220)
	at net.minecraft.client.main.GameMain.iLJ(SourceFile:156)
	at #cnUTs.lIs(Unknown Source)
	at #cnUTs.run(Unknown Source)
	at java.base/java.lang.Thread.run(Unknown Source)
[21:21:55] [Client thread/ERROR] Error on handle event #WaxMW in Mod{name='VoidMod', version='1.0+089d877', persistent=false, delegate=dev.a.a.a, modState=LOADED}
java.lang.NullPointerException: Cannot invoke "!#vqIrQ.ayV(String)" because the return value of "!#XIUjS.eja()" is null
	at VoidMod-v1.0+089d877//dev.a.a.i.b.a(SourceFile:3095)
	at VoidMod-v1.0+089d877//dev.a.a.i.b.injectedLambda$a$1(SourceFile)
	at #BHMxk.sanH(Unknown Source:56)
	at #EDvEB.kcv(Unknown Source)
	at #EDvEB.accept(Unknown Source)
	at #gthWo.shRq(SourceFile:105)
	at #RczXx.iHk(Unknown Source)
	at #RczXx.accept(Unknown Source)
	at #tZnke.sjcO(SourceFile:59)
	at #cCSpT.Ib(SourceFile)
	at #cVHnR.seEn(Unknown Source:89)
	at #GItiT.sfDZ(SourceFile:100)
	at #CFNmt.dZG(SourceFile)
	at #eFdzA.sgmB(SourceFile:50)
	at #IziuD.sbAk(SourceFile:3665)
	at #KLfhq.syS(SourceFile:2346)
	at #NMJuQ.bvu(SourceFile)
	at #yIWTs.snwq(SourceFile:206)
	at #FiZhE.sltv(SourceFile:469)
	at #zVeRA.scjA(SourceFile:29)
	at #esBRw.scLa(SourceFile:10)
	at #HnjFk.run(SourceFile:32)
	at #MuqgW.smMh(SourceFile:40)
	at #rArYX.sggH(SourceFile:11)
	at java.base/java.util.concurrent.FutureTask.run(Unknown Source)
	at #ankXZ.skOv(SourceFile:45)
	at #bBoCn.fLx(SourceFile:52)
	at #lABBH.sgvJ(Unknown Source:1466)
	at #ZQCSx.shqa(SourceFile:1632)
	at #kQsKH.smKh(SourceFile:487)
	at net.minecraft.client.main.GameMain.mgm(SourceFile:220)
	at net.minecraft.client.main.GameMain.iLJ(SourceFile:156)
	at #cnUTs.lIs(Unknown Source)
	at #cnUTs.run(Unknown Source)
	at java.base/java.lang.Thread.run(Unknown Source)
[21:22:22] [Client thread/INFO] [CHAT] [3] _Lurman_ » нет
[21:22:26] [Client thread/INFO] [CHAT] [3] _Lurman_ » да
[21:23:31] [Client thread/INFO] [CHAT] Tveiv получил Собиратель мусора
[21:23:41] [Client thread/INFO] [CHAT] Получено 46 звезд
[21:23:41] [Client thread/INFO] [CHAT] Урон игрока Tveiv: 6403
[21:23:43] [Client thread/INFO] [CHAT] Tveiv получил Смотри на меня
[21:24:05] [Client thread/INFO] [CHAT] Получено 41 звезд
[21:24:05] [Client thread/INFO] [CHAT] Урон игрока Tveiv: 11596
[21:24:07] [Client thread/INFO] [CHAT] Tveiv получил Замок без ключа
[21:24:28] [Client thread/INFO] [CHAT] Получено 42 звезд
[21:24:28] [Client thread/INFO] [CHAT] Урон игрока Tveiv: 8128
[21:24:30] [Client thread/INFO] [CHAT] Tveiv получил Острый клинок
[21:24:44] [Client thread/INFO] [CHAT] Получено 45 звезд
[21:24:44] [Client thread/INFO] [CHAT] Урон игрока Tveiv: 9037
[21:24:45] [Client thread/INFO] [CHAT] Tveiv получил Кукла вуду
[21:24:47] [Client thread/INFO] [CHAT] Tveiv получил Паранойя Победителя
[21:24:50] [Client thread/INFO] [CHAT] Потеряно 52 звезд
[21:24:50] [Client thread/INFO] [CHAT] Tveiv получил Квазар
[21:24:52] [Client thread/INFO] [CHAT] Потеряно 52 звезд
[21:24:52] [Client thread/INFO] [CHAT] Tveiv получил Никтофобия
[21:24:53] [Client thread/INFO] [CHAT] Потеряно 52 звезд
[21:24:53] [Client thread/INFO] [CHAT] Tveiv получил Башня яркой Луны
[21:24:54] [Client thread/INFO] [CHAT] Последователь Этоля появляется в комнате.
[21:24:56] [Client thread/INFO] [CHAT] Астролог: Странник Тьмы, я рад видеть тебя. Позволь мне помочь в твоих странствиях, давай свою экипировку.
[21:24:56] [Client thread/INFO] [CHAT] Оружие получает +2 к уровню зачарования, а остальные предметы - +4
[21:25:12] [Client thread/INFO] [CHAT] Получено 44 звезд
[21:25:12] [Client thread/INFO] [CHAT] Урон игрока Tveiv: 13463
[21:25:14] [Client thread/INFO] [CHAT] Tveiv получил Небытие
[21:26:05] [Client thread/INFO] [CHAT] Получено 32 звезд
[21:26:05] [Client thread/INFO] [CHAT] Урон игрока Tveiv: 42729
[21:26:06] [Client thread/INFO] [CHAT] Tveiv получил Долг судьбы
[21:26:08] [Client thread/INFO] [CHAT] Вы находите лестницу отчаяния. Каждый, кто рискнёт ступить на неё, обречён на невероятные мучения. Но кто знает, что хранит вершина?
[21:26:23] [Client thread/INFO] [CHAT] Tveiv получил Неукротимое бесстрашие
[21:26:36] [Client thread/INFO] [CHAT] Tveiv получил Бонус урона
[21:26:36] [Client thread/INFO] [CHAT] Получено 44 звезд
[21:26:36] [Client thread/INFO] [CHAT] Урон игрока Tveiv: 15546
[21:26:37] [Client thread/INFO] [CHAT] Tveiv получил Фатальная бессонница
[21:26:43] [Client thread/INFO] [CHAT] Потеряно 53 звезд
[21:26:43] [Client thread/INFO] [CHAT] Tveiv получил Бонус здоровья
[21:26:44] [Client thread/INFO] [CHAT] Потеряно 53 звезд
[21:26:44] [Client thread/INFO] [CHAT] Tveiv получил Башня яркой Луны
[21:26:46] [Client thread/INFO] [CHAT] Вы находите лестницу отчаяния. Каждый, кто рискнёт ступить на неё, обречён на невероятные мучения. Но кто знает, что хранит вершина?
[21:26:50] [Client thread/INFO] [CHAT] Вы убегаете прочь от лестницы со всех ног, Ваша жизнь того не стоит. Её тайна теперь закрыта навсегда.
[21:27:00] [Client thread/INFO] [CHAT] Получено 45 звезд
[21:27:00] [Client thread/INFO] [CHAT] Урон игрока Tveiv: 9801
[21:27:02] [Client thread/INFO] [CHAT] Tveiv получил Взгляд Расимы
[21:27:04] [Client thread/INFO] [CHAT] Последователь Этоля появляется в комнате.
[21:27:06] [Client thread/INFO] [CHAT] Астролог: Странник Тьмы, я рад видеть тебя. Позволь мне помочь в твоих странствиях, давай свою экипировку.
[21:27:06] [Client thread/INFO] [CHAT] Оружие получает +2 к уровню зачарования, а остальные предметы - +4
[21:27:15] [Client thread/INFO] [CHAT] Получено 47 звезд
[21:27:15] [Client thread/INFO] [CHAT] Урон игрока Tveiv: 20748
[21:27:17] [Client thread/INFO] [CHAT] Tveiv получил Гений звёзд
[21:27:19] [Client thread/INFO] [CHAT] Tveiv получил Спарагмос
[21:27:22] [Client thread/INFO] [CHAT] Потеряно 54 звезд
[21:27:22] [Client thread/INFO] [CHAT] Tveiv получил Долг судьбы
[21:27:23] [Client thread/INFO] [CHAT] Потеряно 54 звезд
[21:27:23] [Client thread/INFO] [CHAT] Tveiv получил Дурак
[21:27:30] [Client thread/INFO] [CHAT] Tveiv получил Бонус здоровья
[21:27:32] [Client thread/INFO] [CHAT] Получено 47 звезд
[21:27:32] [Client thread/INFO] [CHAT] Урон игрока Tveiv: 23505
[21:27:35] [Client thread/INFO] [CHAT] Tveiv получил Куб неуязвимости
[21:27:46] [Client thread/INFO] [CHAT] Получено 46 звезд
[21:27:46] [Client thread/INFO] [CHAT] Урон игрока Tveiv: 13109
[21:27:49] [Client thread/INFO] [CHAT] Tveiv получил Мое последнее перерождение в мире звезд, подаренное Исцелением
[21:28:11] [Client thread/INFO] [CHAT] Получено 42 звезд
[21:28:11] [Client thread/INFO] [CHAT] Урон игрока Tveiv: 33207
[21:28:13] [Client thread/INFO] [CHAT] Tveiv получил Охотник за головами
[21:28:28] [Client thread/INFO] [CHAT] Последователи Бедствия появляются в комнате.
[21:28:29] [Client thread/INFO] [CHAT] Наследница Бедствия: Странник Тьмы, ты же направляешься к Расиме?
[21:28:30] [Client thread/INFO] [CHAT] Наследница Бедствия: Мы можем помочь друг-другу.
[21:28:32] [Client thread/INFO] [CHAT] Наследница Бедствия: В битве с Расимой, мы будем на твоей стороне. Согласен?
[21:28:33] [Client thread/INFO] [CHAT] Наследница Бедствия: Ты ещё пожалеешь об этом.
[21:28:39] [Client thread/INFO] [CHAT] Tveiv получил Дьяволица
[21:28:42] [Client thread/INFO] [CHAT] Получено 46 звезд
[21:28:42] [Client thread/INFO] [CHAT] Урон игрока Tveiv: 15274
[21:28:44] [Client thread/INFO] [CHAT] Tveiv получил Прострел с Юпитера
[21:28:49] [Client thread/INFO] [CHAT] Потеряно 66 звезд
[21:28:49] [Client thread/INFO] [CHAT] Tveiv получил Бонус урона
[21:28:49] [Client thread/INFO] [CHAT] Tveiv получил Бонус уклонения
[21:28:49] [Client thread/INFO] [CHAT] Tveiv получил Ничего
[21:28:56] [Client thread/INFO] [CHAT] Tveiv получил Бонус скорости
[21:28:56] [Client thread/INFO] [CHAT] Получено 47 звезд
[21:28:56] [Client thread/INFO] [CHAT] Урон игрока Tveiv: 15600
[21:28:57] [Client thread/INFO] [CHAT] Tveiv получил Внутренняя сила
[21:28:59] [Client thread/INFO] [CHAT] Tveiv получил Мирный сон Бедствия
[21:29:03] [Client thread/INFO] [CHAT] Потеряно 57 звезд
[21:29:03] [Client thread/INFO] [CHAT] Tveiv получил Бонус урона
[21:29:03] [Client thread/INFO] [CHAT] Tveiv получил Бонус уклонения
[21:29:03] [Client thread/INFO] [CHAT] Tveiv получил Небытие
[21:29:09] [Client thread/INFO] [CHAT] Мыслитель Вазор: Он чудовище, потому-что жалоголовый.
[21:29:10] [Client thread/INFO] [CHAT] Мыслитель Теагон: Нет, мой друг, он жалоголовый, потому-что чудовище.
[21:29:13] [Client thread/INFO] [CHAT] Новатор Мысли: Здравствуй, Странник Тьмы, не мог бы ты рассудить, чье высказывание является верным?
[21:29:13] [Client thread/INFO] [CHAT] Мыслитель Вазор: Ну что, друг мой, я оказался прав.
[21:29:13] [Client thread/INFO] [CHAT] Tveiv получил Острый клинок
[21:29:13] [Client thread/INFO] [CHAT] Tveiv получил Кровопролитие
[21:29:19] [Client thread/INFO] [CHAT] Вы уклонились на 47%
[21:29:22] [Client thread/INFO] [CHAT] Вампиризм сброшен!
[21:29:24] [Client thread/INFO] [CHAT] Получено 45 звезд
[21:29:24] [Client thread/INFO] [CHAT] Урон игрока Tveiv: 18471
[21:29:25] [Client thread/INFO] [CHAT] Tveiv получил Черная карта
[21:29:37] [Client thread/INFO] [CHAT] На Вас наложен Яростный взор, Вы получаете урон, когда смотрите на существ
[21:29:38] [Client thread/INFO] [CHAT] Вы уклонились на 28%
[21:29:39] [Client thread/INFO] [CHAT] Вы уклонились на 24%
[21:29:40] [Client thread/INFO] [CHAT] Tveiv получил Спокойствие разума
[21:29:44] [Client thread/INFO] [CHAT] Вы уклонились на 48%
[21:29:48] [Client thread/INFO] [CHAT] Авто-кликер выключен
[21:29:49] [Client thread/INFO] [CHAT] Вы уклонились на 35%
[21:29:51] [Client thread/INFO] [CHAT] Вы уклонились на 44%
[21:29:52] [Client thread/INFO] [CHAT] Авто-кликер включен
[21:29:55] [Client thread/INFO] [CHAT] Получено 40 звезд
[21:29:55] [Client thread/INFO] [CHAT] Урон игрока Tveiv: 48852
[21:29:56] [Client thread/INFO] [CHAT] Tveiv получил Грохот научного триумфа x2
[21:30:02] [Client thread/INFO] [CHAT] Потеряно 72 звезд
[21:30:02] [Client thread/INFO] [CHAT] Tveiv получил Бонус урона x2
[21:30:02] [Client thread/INFO] [CHAT] Tveiv получил Бонус уклонения x2
[21:30:02] [Client thread/INFO] [CHAT] Tveiv получил Ничего
[21:30:04] [Client thread/INFO] [CHAT] Вы уклонились на 33%
[21:30:06] [Client thread/INFO] [CHAT] Tveiv получил Бонус маны
[21:30:06] [Client thread/INFO] [CHAT] Вы уклонились на 26%
[21:30:08] [Client thread/INFO] [CHAT] Получено 47 звезд
[21:30:08] [Client thread/INFO] [CHAT] Урон игрока Tveiv: 32058
[21:30:09] [Client thread/INFO] [CHAT] Tveiv получил Долг боли x2
[21:30:15] [Client thread/INFO] [CHAT] Потеряно 58 звезд
[21:30:15] [Client thread/INFO] [CHAT] Tveiv получил Дверь во тьму
[21:30:16] [Client thread/INFO] [CHAT] Потеряно 58 звезд
[21:30:16] [Client thread/INFO] [CHAT] Tveiv получил Карта выбора
[21:30:17] [Client thread/INFO] [CHAT] Потеряно 58 звезд
[21:30:17] [Client thread/INFO] [CHAT] Tveiv получил Идол глупцов
[21:30:19] [Client thread/INFO] [CHAT] На горизонте маячат гигантские, черные прямоугольники.
[21:30:19] [Client thread/INFO] [CHAT] Вы не можете понять, это чьи-то дома, или же пред вами немыслимые, космические создания.
[21:30:19] [Client thread/FATAL] Error executing task
java.util.concurrent.ExecutionException: java.lang.IllegalArgumentException: URI is not absolute
	at java.base/java.util.concurrent.FutureTask.report(Unknown Source)
	at java.base/java.util.concurrent.FutureTask.get(Unknown Source)
	at #ankXZ.skOv(SourceFile:46)
	at #bBoCn.fLx(SourceFile:52)
	at #lABBH.sgvJ(Unknown Source:1466)
	at #ZQCSx.shqa(SourceFile:1632)
	at #kQsKH.smKh(SourceFile:487)
	at net.minecraft.client.main.GameMain.mgm(SourceFile:220)
	at net.minecraft.client.main.GameMain.iLJ(SourceFile:156)
	at #cnUTs.lIs(Unknown Source)
	at #cnUTs.run(Unknown Source)
	at java.base/java.lang.Thread.run(Unknown Source)
Caused by: java.lang.IllegalArgumentException: URI is not absolute
	at java.base/java.net.URL.of(Unknown Source)
	at #lccti.sdvz(SourceFile:250)
	at #YdQwo.seAd(SourceFile:204)
	at #JLCmF.sgTq(SourceFile:508)
	at #eeeNb.lcy(Unknown Source)
	at #eeeNb.run(Unknown Source)
	at java.base/java.util.concurrent.Executors$RunnableAdapter.call(Unknown Source)
	at java.base/java.util.concurrent.FutureTask.run(Unknown Source)
	at #ankXZ.skOv(SourceFile:45)
	... 9 more
[21:30:19] [Client thread/FATAL] Error executing task
java.util.concurrent.ExecutionException: java.lang.IllegalArgumentException: URI is not absolute
	at java.base/java.util.concurrent.FutureTask.report(Unknown Source)
	at java.base/java.util.concurrent.FutureTask.get(Unknown Source)
	at #ankXZ.skOv(SourceFile:46)
	at #bBoCn.fLx(SourceFile:52)
	at #lABBH.sgvJ(Unknown Source:1466)
	at #ZQCSx.shqa(SourceFile:1632)
	at #kQsKH.smKh(SourceFile:487)
	at net.minecraft.client.main.GameMain.mgm(SourceFile:220)
	at net.minecraft.client.main.GameMain.iLJ(SourceFile:156)
	at #cnUTs.lIs(Unknown Source)
	at #cnUTs.run(Unknown Source)
	at java.base/java.lang.Thread.run(Unknown Source)
Caused by: java.lang.IllegalArgumentException: URI is not absolute
	at java.base/java.net.URL.of(Unknown Source)
	at #lccti.sdvz(SourceFile:250)
	at #YdQwo.seAd(SourceFile:204)
	at #JLCmF.sgTq(SourceFile:508)
	at #eeeNb.lcy(Unknown Source)
	at #eeeNb.run(Unknown Source)
	at java.base/java.util.concurrent.Executors$RunnableAdapter.call(Unknown Source)
	at java.base/java.util.concurrent.FutureTask.run(Unknown Source)
	at #ankXZ.skOv(SourceFile:45)
	... 9 more
[21:30:19] [Client thread/FATAL] Error executing task
java.util.concurrent.ExecutionException: java.lang.IllegalArgumentException: URI is not absolute
	at java.base/java.util.concurrent.FutureTask.report(Unknown Source)
	at java.base/java.util.concurrent.FutureTask.get(Unknown Source)
	at #ankXZ.skOv(SourceFile:46)
	at #bBoCn.fLx(SourceFile:52)
	at #lABBH.sgvJ(Unknown Source:1466)
	at #ZQCSx.shqa(SourceFile:1632)
	at #kQsKH.smKh(SourceFile:487)
	at net.minecraft.client.main.GameMain.mgm(SourceFile:220)
	at net.minecraft.client.main.GameMain.iLJ(SourceFile:156)
	at #cnUTs.lIs(Unknown Source)
	at #cnUTs.run(Unknown Source)
	at java.base/java.lang.Thread.run(Unknown Source)
Caused by: java.lang.IllegalArgumentException: URI is not absolute
	at java.base/java.net.URL.of(Unknown Source)
	at #lccti.sdvz(SourceFile:250)
	at #YdQwo.seAd(SourceFile:204)
	at #JLCmF.sgTq(SourceFile:508)
	at #eeeNb.lcy(Unknown Source)
	at #eeeNb.run(Unknown Source)
	at java.base/java.util.concurrent.Executors$RunnableAdapter.call(Unknown Source)
	at java.base/java.util.concurrent.FutureTask.run(Unknown Source)
	at #ankXZ.skOv(SourceFile:45)
	... 9 more
[21:30:20] [Client thread/INFO] [CHAT] Прямоугольник: ёлш?щвЮГЩЪРьЙЙС
[21:30:22] [Client thread/INFO] [CHAT] Прямоугольник: МхСХЩЦфжяХМХ
[21:30:25] [Client thread/INFO] [CHAT] Прямоугольник: юЭиЧрЙфХДЬСешкЕРЛ
[21:30:25] [Client thread/INFO] [CHAT] Tveiv получил Черные прямоугольники
[21:30:28] [Client thread/INFO] [CHAT] Вы уклонились на 46%
[21:30:29] [Client thread/INFO] [CHAT] Вы уклонились на 32%
[21:30:30] [Client thread/INFO] [CHAT] Tveiv получил Бонус урона x2
[21:30:30] [Client thread/INFO] [CHAT] Tveiv получил Бонус уклонения x2
[21:30:30] [Client thread/INFO] [CHAT] Tveiv получил Ничего
[21:30:30] [Client thread/INFO] [CHAT] Вы уклонились на 38%
[21:30:32] [Client thread/INFO] [CHAT] Вы уклонились на 37%
[21:30:33] [Client thread/INFO] [CHAT] Вы уклонились на 49%
[21:30:34] [Client thread/INFO] [CHAT] Вы уклонились на 37%
[21:30:37] [Client thread/INFO] [CHAT] Вампиризм сброшен!
[21:30:38] [Client thread/INFO] [CHAT] Получено 44 звезд
[21:30:38] [Client thread/INFO] [CHAT] Урон игрока Tveiv: 58292
[21:30:40] [Client thread/INFO] [CHAT] Tveiv получил Ключ к Победе x2
[21:30:47] [Client thread/INFO] [CHAT] На горизонте маячат гигантские, черные прямоугольники.
[21:30:47] [Client thread/INFO] [CHAT] Вы не можете понять, это чьи-то дома, или же пред вами немыслимые, космические создания.
[21:30:48] [Client thread/FATAL] Error executing task
java.util.concurrent.ExecutionException: java.lang.IllegalArgumentException: URI is not absolute
	at java.base/java.util.concurrent.FutureTask.report(Unknown Source)
	at java.base/java.util.concurrent.FutureTask.get(Unknown Source)
	at #ankXZ.skOv(SourceFile:46)
	at #bBoCn.fLx(SourceFile:52)
	at #lABBH.sgvJ(Unknown Source:1466)
	at #ZQCSx.shqa(SourceFile:1632)
	at #kQsKH.smKh(SourceFile:487)
	at net.minecraft.client.main.GameMain.mgm(SourceFile:220)
	at net.minecraft.client.main.GameMain.iLJ(SourceFile:156)
	at #cnUTs.lIs(Unknown Source)
	at #cnUTs.run(Unknown Source)
	at java.base/java.lang.Thread.run(Unknown Source)
Caused by: java.lang.IllegalArgumentException: URI is not absolute
	at java.base/java.net.URL.of(Unknown Source)
	at #lccti.sdvz(SourceFile:250)
	at #YdQwo.seAd(SourceFile:204)
	at #JLCmF.sgTq(SourceFile:508)
	at #eeeNb.lcy(Unknown Source)
	at #eeeNb.run(Unknown Source)
	at java.base/java.util.concurrent.Executors$RunnableAdapter.call(Unknown Source)
	at java.base/java.util.concurrent.FutureTask.run(Unknown Source)
	at #ankXZ.skOv(SourceFile:45)
	... 9 more
[21:30:48] [Client thread/FATAL] Error executing task
java.util.concurrent.ExecutionException: java.lang.IllegalArgumentException: URI is not absolute
	at java.base/java.util.concurrent.FutureTask.report(Unknown Source)
	at java.base/java.util.concurrent.FutureTask.get(Unknown Source)
	at #ankXZ.skOv(SourceFile:46)
	at #bBoCn.fLx(SourceFile:52)
	at #lABBH.sgvJ(Unknown Source:1466)
	at #ZQCSx.shqa(SourceFile:1632)
	at #kQsKH.smKh(SourceFile:487)
	at net.minecraft.client.main.GameMain.mgm(SourceFile:220)
	at net.minecraft.client.main.GameMain.iLJ(SourceFile:156)
	at #cnUTs.lIs(Unknown Source)
	at #cnUTs.run(Unknown Source)
	at java.base/java.lang.Thread.run(Unknown Source)
Caused by: java.lang.IllegalArgumentException: URI is not absolute
	at java.base/java.net.URL.of(Unknown Source)
	at #lccti.sdvz(SourceFile:250)
	at #YdQwo.seAd(SourceFile:204)
	at #JLCmF.sgTq(SourceFile:508)
	at #eeeNb.lcy(Unknown Source)
	at #eeeNb.run(Unknown Source)
	at java.base/java.util.concurrent.Executors$RunnableAdapter.call(Unknown Source)
	at java.base/java.util.concurrent.FutureTask.run(Unknown Source)
	at #ankXZ.skOv(SourceFile:45)
	... 9 more
[21:30:48] [Client thread/FATAL] Error executing task
java.util.concurrent.ExecutionException: java.lang.IllegalArgumentException: URI is not absolute
	at java.base/java.util.concurrent.FutureTask.report(Unknown Source)
	at java.base/java.util.concurrent.FutureTask.get(Unknown Source)
	at #ankXZ.skOv(SourceFile:46)
	at #bBoCn.fLx(SourceFile:52)
	at #lABBH.sgvJ(Unknown Source:1466)
	at #ZQCSx.shqa(SourceFile:1632)
	at #kQsKH.smKh(SourceFile:487)
	at net.minecraft.client.main.GameMain.mgm(SourceFile:220)
	at net.minecraft.client.main.GameMain.iLJ(SourceFile:156)
	at #cnUTs.lIs(Unknown Source)
	at #cnUTs.run(Unknown Source)
	at java.base/java.lang.Thread.run(Unknown Source)
Caused by: java.lang.IllegalArgumentException: URI is not absolute
	at java.base/java.net.URL.of(Unknown Source)
	at #lccti.sdvz(SourceFile:250)
	at #YdQwo.seAd(SourceFile:204)
	at #JLCmF.sgTq(SourceFile:508)
	at #eeeNb.lcy(Unknown Source)
	at #eeeNb.run(Unknown Source)
	at java.base/java.util.concurrent.Executors$RunnableAdapter.call(Unknown Source)
	at java.base/java.util.concurrent.FutureTask.run(Unknown Source)
	at #ankXZ.skOv(SourceFile:45)
	... 9 more
[21:30:48] [Client thread/INFO] [CHAT] Прямоугольник: РярЦткцчпЮэнъИВ
[21:30:50] [Client thread/INFO] [CHAT] Прямоугольник: ЙйчРХыйЗгЖаф
[21:30:51] [Client thread/INFO] [CHAT] Прямоугольник: ШЭСЬГлшкОьпАИцзнр
[21:30:51] [Client thread/INFO] [CHAT] Tveiv получил Черные прямоугольники
[21:30:52] [Client thread/INFO] [CHAT] Вы уклонились на 30%
[21:30:52] [Client thread/INFO] [CHAT] Вы уклонились на 49%
[21:30:56] [Client thread/INFO] [CHAT] Вы уклонились на 48%
[21:30:56] [Client thread/INFO] [CHAT] Вы уклонились на 47%
[21:30:57] [Client thread/INFO] [CHAT] Получено 47 звезд
[21:30:57] [Client thread/INFO] [CHAT] Урон игрока Tveiv: 42073
[21:30:59] [Client thread/INFO] [CHAT] Tveiv получил Компас заклинателя x2
[21:31:00] [Client thread/INFO] [CHAT] Tveiv получил Проклятие мультивыбора x2
[21:31:00] [Client thread/INFO] [CHAT] Tveiv получил Разрушитель звёзд x2
[21:31:08] [Client thread/INFO] [CHAT] Потеряно 59 звезд
[21:31:08] [Client thread/INFO] [CHAT] Tveiv получил Идол глупцов
[21:31:09] [Client thread/INFO] [CHAT] Последователь Этоля появляется в комнате.
[21:31:11] [Client thread/INFO] [CHAT] Астролог: Странник Тьмы, я рад видеть тебя. Позволь мне помочь в твоих странствиях, давай свою экипировку.
[21:31:11] [Client thread/INFO] [CHAT] Оружие получает +2 к уровню зачарования, а остальные предметы - +4
[21:31:20] [Client thread/INFO] [CHAT] Вы уклонились на 38%
[21:31:25] [Client thread/INFO] [CHAT] Луч презрения задел Вас! Ваше исцеление снижено на 25% в течении 17 секунд
[21:31:26] [Client thread/INFO] [CHAT] Вы уклонились на 35%
[21:31:27] [Client thread/INFO] [CHAT] Вы уклонились на 35%
[21:31:31] [Client thread/INFO] [CHAT] Вы уклонились на 49%
[21:31:32] [Client thread/INFO] [CHAT] Вы уклонились на 39%
[21:31:36] [Client thread/INFO] [CHAT] Вы уклонились на 37%
[21:31:38] [Client thread/INFO] [CHAT] Вы уклонились на 49%
[21:31:42] [Client thread/INFO] [CHAT] Расима: Сколько ещё Вы будете пытаться убить меня?
[21:31:44] [Client thread/INFO] [CHAT] Расима: Сгораете в собственной ярости..
[21:31:46] [Client thread/INFO] [CHAT] Расима: Ваши тела будут исцелены досмерти!
[21:32:00] [Client thread/INFO] [CHAT] Расима отнимает Ваше здоровье! Убивайте цветки жизни, чтобы его вернуть.
[21:32:00] [Client thread/INFO] [CHAT] Расима: Пусть мир будет поглощен Черной дырой!
[21:32:00] [Client thread/INFO] [CHAT] Расима отнимает Ваше здоровье! Убивайте цветки жизни, чтобы его вернуть.
[21:32:04] [Client thread/INFO] [CHAT] Луч презрения задел Вас! Ваше исцеление снижено на 25% в течении 17 секунд
[21:32:05] [Client thread/INFO] [CHAT] Вы уклонились на 39%
[21:32:06] [Client thread/INFO] [CHAT] Расима: Пусть мир будет поглощен Черной дырой!
[21:32:06] [Client thread/INFO] [CHAT] Расима сбросила Ваш вампиризм!
[21:32:08] [Client thread/INFO] [CHAT] Вы уклонились на 44%
[21:32:08] [Client thread/INFO] [CHAT] Вы уклонились на 24%
[21:35:44] [Client thread/INFO] [CHAT] [6] P+ ┃ iksdol » как меня мобы бьют за 20 блоков
[21:36:33] [Client thread/INFO] [CHAT] [4] _Lurman_ » я настоящий
[21:36:41] [Client thread/INFO] [CHAT] [4] _Lurman_ » !Я ностоящий
[21:37:58] [Client thread/INFO] [CHAT] [30] I ┃ JonY_00 » [Исполнитель желаний ♡ +8]
[21:41:20] [Client thread/INFO] [CHAT] Tveiv получил На дне разверзшейся преисподни
[21:41:20] [Client thread/INFO] [CHAT] Tveiv получил Собиратель мусора
[21:41:20] [Client thread/INFO] [CHAT] Получено 300 звезд
[21:41:25] [Client thread/INFO] [CHAT] Потеряно 200 звезд
[21:41:25] [Client thread/INFO] [CHAT] Tveiv получил Бонус скорости
[21:41:36] [Client thread/INFO] [CHAT] Получено 5 звезд
[21:41:40] [Client thread/INFO] [CHAT] Получено 5 звезд
[21:42:49] [Client thread/INFO] [CHAT] [5] _Lurman_ » эу
[21:42:55] [Client thread/INFO] [CHAT] [5] _Lurman_ » смотрящий
[21:43:16] [Client thread/INFO] [CHAT] Получено 7 звезд
[21:43:16] [Client thread/INFO] [CHAT] Вам выпал Изумруд x1
[21:43:16] [Client thread/INFO] [CHAT] Вам выпал Серебряная звезда зачарования x1
[21:43:20] [Client thread/INFO] [CHAT] Получено 6 звезд
[21:43:20] [Client thread/INFO] [CHAT] Получено 27 звезд
[21:43:23] [Client thread/INFO] [CHAT] Tveiv получил Проклятие
[21:43:30] [Client thread/INFO] [CHAT] Получено 5 звезд
[21:43:30] [Client thread/INFO] [CHAT] Вам выпал Изумруд x2
[21:43:39] [Client thread/INFO] [CHAT] Получено 5 звезд
[21:43:48] [Client thread/INFO] [CHAT] Получено 5 звезд
[21:43:49] [Client thread/INFO] [CHAT] Получено 5 звезд
[21:43:51] [Client thread/INFO] [CHAT] Получено 5 звезд
[21:43:56] [Client thread/INFO] [CHAT] На Вас наложен Яростный взор, Вы получаете урон, когда смотрите на существ
[21:43:57] [Client thread/INFO] [CHAT] Получено 5 звезд
[21:43:57] [Client thread/INFO] [CHAT] Вам выпал Изумруд x1
[21:43:57] [Client thread/INFO] [CHAT] Получено 5 звезд
[21:43:57] [Client thread/INFO] [CHAT] Вам выпал Обугленный череп x1
[21:44:08] [Client thread/INFO] [CHAT] Получено 6 звезд
[21:44:11] [Client thread/INFO] [CHAT] Получено 5 звезд
[21:44:15] [Client thread/INFO] [CHAT] Получено 5 звезд
[21:44:15] [Client thread/INFO] [CHAT] Вам выпал Обугленный череп x1
[21:44:24] [Client thread/INFO] [CHAT] Получено 5 звезд
[21:44:28] [Client thread/INFO] [CHAT] Получено 5 звезд
[21:44:29] [Client thread/INFO] [CHAT] Вампиризм сброшен!
[21:44:32] [Client thread/INFO] [CHAT] Получено 5 звезд
[21:44:32] [Client thread/INFO] [CHAT] Вам выпал Изумруд x2
[21:44:33] [Client thread/INFO] [CHAT] Вампиризм сброшен!
[21:44:33] [Client thread/INFO] [CHAT] Получено 5 звезд
[21:44:33] [Client thread/INFO] [CHAT] Вам выпал Обугленный череп x1
[21:44:35] [Client thread/INFO] [CHAT] Получено 5 звезд
[21:44:35] [Client thread/INFO] [CHAT] Вам выпал Изумруд x2
[21:44:36] [Client thread/INFO] [CHAT] Получено 5 звезд
[21:44:36] [Client thread/INFO] [CHAT] Получено 10 звезд
[21:44:39] [Client thread/INFO] [CHAT] Tveiv получил Двигайся, как камень
[21:44:46] [Client thread/INFO] [CHAT] Получено 6 звезд
[21:44:52] [Client thread/INFO] [CHAT] Получено 6 звезд
[21:44:52] [Client thread/INFO] [CHAT] Вам выпал Изумруд x2
[21:44:52] [Client thread/INFO] [CHAT] Вам выпал Обугленный череп x1
[21:44:55] [Client thread/INFO] [CHAT] Получено 6 звезд
[21:44:55] [Client thread/INFO] [CHAT] Получено 24 звезд
[21:44:58] [Client thread/INFO] [CHAT] Tveiv получил Приманка
[21:45:04] [Client thread/INFO] [CHAT] Получено 5 звезд
[21:45:04] [Client thread/INFO] [CHAT] Вам выпал Изумруд x2
[21:45:04] [Client thread/INFO] [CHAT] Получено 5 звезд
[21:45:04] [Client thread/INFO] [CHAT] Вам выпал Обугленный череп x1
[21:45:10] [Client thread/INFO] [CHAT] Получено 5 звезд
[21:45:10] [Client thread/INFO] [CHAT] Вам выпал Изумруд x2
[21:45:10] [Client thread/INFO] [CHAT] Вам выпал Обугленный череп x1
[21:45:17] [Client thread/INFO] [CHAT] Получено 5 звезд
[21:45:17] [Client thread/INFO] [CHAT] Вам выпал Изумруд x2
[21:45:19] [Client thread/INFO] [CHAT] Получено 5 звезд
[21:45:26] [Client thread/INFO] [CHAT] Получено 5 звезд
[21:45:29] [Client thread/INFO] [CHAT] Получено 5 звезд
[21:45:29] [Client thread/INFO] [CHAT] Вам выпал Изумруд x2
[21:45:33] [Client thread/INFO] [CHAT] Получено 5 звезд
[21:45:33] [Client thread/INFO] [CHAT] Вам выпал Серебряная звезда зачарования x1
[21:45:39] [Client thread/INFO] [CHAT] Получено 5 звезд
[21:45:44] [Client thread/INFO] [CHAT] Получено 5 звезд
[21:45:46] [Client thread/INFO] [CHAT] Получено 5 звезд
[21:45:53] [Client thread/INFO] [CHAT] Получено 5 звезд
[21:45:57] [Client thread/INFO] [CHAT] Получено 6 звезд
[21:46:06] [Client thread/INFO] [CHAT] Получено 6 звезд
[21:46:06] [Client thread/INFO] [CHAT] Получено 5 звезд
[21:46:06] [Client thread/INFO] [CHAT] Вам выпал Изумруд x2
[21:46:08] [Client thread/INFO] [CHAT] Получено 5 звезд
[21:46:17] [Client thread/INFO] [CHAT] Вы стали стеклянным! Вы умрете, если получите урон 10 раз
[21:46:26] [Client thread/INFO] [CHAT] [5] _Lurman_ » 10
[21:46:34] [Client thread/INFO] [CHAT] На Вас наложено Проклятие Страха, Ваш вампиризм заблокирован
[21:46:47] [Client thread/INFO] [CHAT] \nH ┃ о__о проводит ивент: AntWars!\nТип игры: Тройной\nПриз: 500\nНажми, чтобы переместиться!\n 
[21:47:20] [Client thread/INFO] [CHAT] Получено 5 звезд
[21:47:20] [Client thread/INFO] [CHAT] Вам выпал Изумруд x50
[21:47:20] [Client thread/INFO] [CHAT] Вам выпал Обугленный череп x7
[21:47:20] [Client thread/INFO] [CHAT] Вам выпал Серебряная звезда зачарования x1
[21:47:20] [Client thread/INFO] [CHAT] Вам выпал Благословенная серебряная звезда зачарования x1
[21:47:20] [Client thread/INFO] [CHAT] Вам выпал Осколок фантазии Этоля x1
[21:47:20] [Client thread/INFO] [CHAT] Вам выпал Шкатулка наследницы x1
[21:47:20] [Client thread/INFO] [CHAT] Получено 5 звезд
[21:47:20] [Client thread/INFO] [CHAT] Вам выпал Благословенная серебряная звезда зачарования x1
[21:47:32] [Client thread/INFO] [CHAT] [19] l8we » ммм какая попка
[21:47:41] [Client thread/INFO] [CHAT] [30] P ┃ Tveiv » у твоей мамы?
[21:47:46] [Client thread/INFO] [CHAT] [19] P ┃ JneTz » слыш уебище
[21:47:57] [Client thread/INFO] [CHAT] [19] P ┃ JneTz » иди понос полижи дуралей
[21:48:02] [Client thread/INFO] [CHAT] Потеряно 200 звезд
[21:48:02] [Client thread/INFO] [CHAT] Tveiv получил Расшифровщик Валотайла
[21:48:13] [Client thread/INFO] [CHAT] Получено 5 звезд
[21:48:13] [Client thread/INFO] [CHAT] Вам выпал Изумруд x1
[21:48:13] [Client thread/INFO] [CHAT] Вам выпал Серебряная звезда зачарования x1
[21:48:16] [Client thread/INFO] [CHAT] Получено 5 звезд
[21:48:16] [Client thread/INFO] [CHAT] Вам выпал Изумруд x2
[21:48:19] [Client thread/INFO] [CHAT] [7] Xysum » ого, я думал такого тут нет
[21:48:21] [Client thread/INFO] [CHAT] Получено 5 звезд
[21:48:23] [Client thread/INFO] [CHAT] Получено 5 звезд
[21:48:26] [Client thread/INFO] [CHAT] Получено 5 звезд
[21:48:29] [Client thread/INFO] [CHAT] Получено 6 звезд
[21:48:31] [Client thread/INFO] [CHAT] Вампиризм сброшен!
[21:48:34] [Client thread/INFO] [CHAT] Получено 6 звезд
[21:48:34] [Client thread/INFO] [CHAT] Вам выпал Изумруд x1
[21:48:45] [Client thread/INFO] [CHAT] Получено 5 звезд
[21:48:46] [Client thread/INFO] [CHAT] Получено 5 звезд
[21:48:46] [Client thread/INFO] [CHAT] Вам выпал Изумруд x1
[21:48:46] [Client thread/INFO] [CHAT] Вам выпал Обугленный череп x1
[21:48:47] [Client thread/INFO] [CHAT] Получено 5 звезд
[21:48:49] [Client thread/INFO] [CHAT] Получено 5 звезд
[21:48:50] [Client thread/INFO] [CHAT] [18] Chebypeelka » в грибную корову бьет молния что с ней будет
[21:48:51] [Client thread/INFO] [CHAT] Вампиризм сброшен!
[21:48:52] [Client thread/INFO] [CHAT] Вампиризм сброшен!
[21:48:52] [Client thread/INFO] [CHAT] Получено 5 звезд
[21:48:55] [Client thread/INFO] [CHAT] Получено 5 звезд
[21:48:55] [Client thread/INFO] [CHAT] Вам выпал Изумруд x2
[21:48:55] [Client thread/INFO] [CHAT] Получено 8 звезд
[21:48:57] [Client thread/INFO] [CHAT] Вампиризм сброшен!
[21:48:57] [Client thread/INFO] [CHAT] Вампиризм сброшен!
[21:48:58] [Client thread/INFO] [CHAT] Tveiv получил Децидофобия
[21:48:58] [Client thread/INFO] [CHAT] Вампиризм сброшен!
[21:48:58] [Client thread/INFO] [CHAT] Получено 5 звезд
[21:48:59] [Client thread/INFO] [CHAT] Получено 5 звезд
[21:48:59] [Client thread/INFO] [CHAT] Вам выпал Изумруд x1
[21:48:59] [Client thread/INFO] [CHAT] Получено 5 звезд
[21:49:03] [Client thread/INFO] [CHAT] [30] V ┃ RENDY221 » Тип грибов поменяется
[21:49:07] [Client thread/INFO] [CHAT] Получено 5 звезд
[21:49:11] [Client thread/INFO] [CHAT] Получено 6 звезд
[21:49:13] [Client thread/INFO] [CHAT] Получено 5 звезд
[21:49:15] [Client thread/INFO] [CHAT] [30] V ┃ RENDY221 » вроде ;D
[21:49:16] [Client thread/INFO] [CHAT] Получено 5 звезд
[21:49:17] [Client thread/INFO] [CHAT] [18] Chebypeelka » тут нет как раз этого ответа
[21:49:20] [Client thread/INFO] [CHAT] Получено 5 звезд
[21:49:22] [Client thread/INFO] [CHAT] [18] Chebypeelka » (((
[21:49:23] [Client thread/INFO] [CHAT] Получено 5 звезд
[21:49:26] [Client thread/INFO] [CHAT] Получено 5 звезд
[21:49:26] [Client thread/INFO] [CHAT] Вам выпал Обугленный череп x1
[21:49:28] [Client thread/INFO] [CHAT] Получено 5 звезд
[21:49:29] [Client thread/INFO] [CHAT] [30] V ┃ RENDY221 » эт как так то
[21:49:31] [Client thread/INFO] [CHAT] Получено 5 звезд
[21:49:34] [Client thread/INFO] [CHAT] [18] Chebypeelka » хз
[21:49:34] [Client thread/INFO] [CHAT] Получено 5 звезд
[21:49:45] [Client thread/INFO] [CHAT] Получено 7 звезд
[21:49:45] [Client thread/INFO] [CHAT] Вам выпал Обугленный череп x1
[21:49:47] [Client thread/INFO] [CHAT] Получено 5 звезд
[21:49:59] [Client thread/INFO] [CHAT] Получено 5 звезд
[21:49:59] [Client thread/INFO] [CHAT] Получено 5 звезд
[21:50:00] [Client thread/INFO] [CHAT] Получено 5 звезд
[21:50:00] [Client thread/INFO] [CHAT] Вам выпал Изумруд x2
[21:50:00] [Client thread/INFO] [CHAT] Вам выпал Обугленный череп x1
[21:50:02] [Client thread/INFO] [CHAT] Получено 5 звезд
[21:50:02] [Client thread/INFO] [CHAT] Вам выпал Око Целителя x1
[21:50:02] [Client thread/INFO] [CHAT] Получено 16 звезд
[21:50:03] [Client thread/INFO] [CHAT] [5] G ┃ Cergei1432 » пр
[21:50:04] [Client thread/INFO] [CHAT] Tveiv получил Сплетение теней
[21:50:09] [Client thread/INFO] [CHAT] [1] V ┃ Fem_boychi » gh
[21:50:18] [Client thread/INFO] [CHAT] [5] G ┃ Cergei1432 » что вы самной не поздаровались?
[21:50:20] [Client thread/INFO] [CHAT] Получено 7 звезд
[21:50:23] [Client thread/INFO] [CHAT] Получено 5 звезд
[21:50:23] [Client thread/INFO] [CHAT] Вам выпал Обугленный череп x1
[21:50:35] [Client thread/INFO] [CHAT] [1] V ┃ Fem_boychi » мы не видели что ы в сети
[21:50:36] [Client thread/INFO] [CHAT] Получено 5 звезд
[21:50:36] [Client thread/INFO] [CHAT] Вам выпал Изумруд x1
[21:50:38] [Client thread/INFO] [CHAT] Получено 5 звезд
[21:50:39] [Client thread/INFO] [CHAT] Вампиризм сброшен!
[21:50:39] [Client thread/INFO] [CHAT] На Вас наложено Проклятие Страха, Ваш вампиризм заблокирован
[21:50:50] [Client thread/INFO] [CHAT] Вампиризм сброшен!
[21:50:50] [Client thread/INFO] [CHAT] Получено 5 звезд
[21:50:51] [Client thread/INFO] [CHAT] Вампиризм сброшен!
[21:50:51] [Client thread/INFO] [CHAT] Получено 5 звезд
[21:50:51] [Client thread/INFO] [CHAT] Получено 6 звезд
[21:50:57] [Client thread/INFO] [CHAT] Получено 5 звезд
[21:51:00] [Client thread/INFO] [CHAT] [5] G ┃ Cergei1432 » м поменяли меня значит да?
[21:51:00] [Client thread/INFO] [CHAT] Получено 5 звезд
[21:51:00] [Client thread/INFO] [CHAT] Вам выпал Обугленный череп x1
[21:51:00] [Client thread/INFO] [CHAT] Вампиризм сброшен!
[21:51:01] [Client thread/INFO] [CHAT] Получено 5 звезд
[21:51:01] [Client thread/INFO] [CHAT] Получено 10 звезд
[21:51:03] [Client thread/INFO] [CHAT] Tveiv получил Долг боли
[21:51:04] [Client thread/INFO] [CHAT] Получено 5 звезд
[21:51:04] [Client thread/INFO] [CHAT] Вам выпал Обугленный череп x1
[21:51:04] [Client thread/INFO] [CHAT] Получено 5 звезд
[21:51:04] [Client thread/INFO] [CHAT] Вам выпал Изумруд x1
[21:51:05] [Client thread/INFO] [CHAT] Получено 5 звезд
[21:51:05] [Client thread/INFO] [CHAT] Вам выпал Изумруд x2
[21:51:05] [Client thread/INFO] [CHAT] Вам выпал Обугленный череп x1
[21:51:08] [Client thread/INFO] [CHAT] Получено 5 звезд
[21:51:08] [Client thread/INFO] [CHAT] Получено 5 звезд
[21:51:08] [Client thread/INFO] [CHAT] Вам выпал Изумруд x1
[21:51:13] [Client thread/INFO] [CHAT] Получено 5 звезд
[21:51:14] [Client thread/INFO] [CHAT] Получено 5 звезд
[21:51:20] [Client thread/INFO] [CHAT] Получено 5 звезд
[21:51:24] [Client thread/INFO] [CHAT] Получено 5 звезд
[21:51:30] [Client thread/INFO] [CHAT] Получено 5 звезд
[21:51:34] [Client thread/INFO] [CHAT] Получено 5 звезд
[21:51:34] [Client thread/INFO] [CHAT] Вам выпал Изумруд x2
[21:51:38] [Client thread/INFO] [CHAT] Получено 5 звезд
[21:51:38] [Client thread/INFO] [CHAT] Вам выпал Изумруд x1
[21:51:39] [Client thread/INFO] [CHAT] [5] G ┃ Cergei1432 » да?
[21:51:42] [Client thread/INFO] [CHAT] [1] V ┃ Fem_boychi » ?
[21:51:44] [Client thread/INFO] [CHAT] Получено 5 звезд
[21:51:44] [Client thread/INFO] [CHAT] Вам выпал Осколок фантазии Этоля x1
[21:51:49] [Client thread/INFO] [CHAT] Получено 5 звезд
[21:51:53] [Client thread/INFO] [CHAT] Получено 5 звезд
[21:51:57] [Client thread/INFO] [CHAT] Получено 5 звезд
[21:51:59] [Client thread/INFO] [CHAT] Получено 5 звезд
[21:52:02] [Client thread/INFO] [CHAT] [18] Chebypeelka » горящий крипер взрывается что произойдет
[21:52:04] [Client thread/INFO] [CHAT] Получено 6 звезд
[21:52:08] [Client thread/INFO] [CHAT] Получено 5 звезд
[21:52:08] [Client thread/INFO] [CHAT] Вам выпал Обугленный череп x1
[21:52:12] [Client thread/INFO] [CHAT] Получено 6 звезд
[21:52:12] [Client thread/INFO] [CHAT] Вам выпал Изумруд x2
[21:52:14] [Client thread/INFO] [CHAT] [24] IIVVY » ОБЫЧНЫЙ ВЗРЫВ
[21:52:15] [Client thread/INFO] [CHAT] Получено 5 звезд
[21:52:15] [Client thread/INFO] [CHAT] Вам выпал Изумруд x2
[21:52:19] [Client thread/INFO] [CHAT] Получено 5 звезд
[21:52:19] [Client thread/INFO] [CHAT] Вам выпал Изумруд x1
[21:52:23] [Client thread/INFO] [CHAT] Получено 5 звезд
[21:52:23] [Client thread/INFO] [CHAT] Вам выпал Изумруд x2
[21:52:36] [Client thread/INFO] [CHAT] Получено 8 звезд
[21:52:36] [Client thread/INFO] [CHAT] Вам выпал Изумруд x2
[21:52:39] [Client thread/INFO] [CHAT] Получено 5 звезд
[21:52:44] [Client thread/INFO] [CHAT] Получено 5 звезд
[21:52:50] [Client thread/INFO] [CHAT] Что-то произошло. 1/4
[21:53:09] [Client thread/INFO] [CHAT] Что-то произошло. 2/4
[21:53:19] [Client thread/INFO] [CHAT] Получено 5 звезд
[21:53:23] [Client thread/INFO] [CHAT] Получено 5 звезд
[21:53:26] [Client thread/INFO] [CHAT] Что-то произошло. 3/4
[21:53:29] [Client thread/INFO] [CHAT] Получено 5 звезд
[21:53:29] [Client thread/INFO] [CHAT] Вам выпал Изумруд x2
[21:53:38] [Client thread/INFO] [CHAT] Вампиризм сброшен!
[21:53:41] [Client thread/INFO] [CHAT] На Вас наложено Проклятие Крови, Вы получаете урон за каждую нанесенную атаку
[21:53:47] [Client thread/INFO] [CHAT] На Вас наложено Проклятие Крови, Вы получаете урон за каждую нанесенную атаку
[21:53:50] [Client thread/INFO] [CHAT] Получено 5 звезд
[21:53:51] [Client thread/INFO] [CHAT] Tveiv погиб! Осталось 2 возрождения
[21:53:52] [Client thread/ERROR] Error on handle event #VseFK in Mod{name='VoidMod', version='1.0+089d877', persistent=false, delegate=dev.a.a.a, modState=LOADED}
java.lang.NullPointerException: Cannot invoke "!#RicbX.cop()" because "<parameter1>" is null
	at VoidMod-v1.0+089d877//dev.a.a.g.g.a(SourceFile:13)
	at VoidMod-v1.0+089d877//dev.a.a.h.a.a.a.h(SourceFile)
	at VoidMod-v1.0+089d877//dev.a.a.h.a.b.a(SourceFile:49)
	at VoidMod-v1.0+089d877//dev.a.a.h.a.b.injectedLambda$a$13(SourceFile)
	at java.base/java.util.Collection.removeIf(Unknown Source)
	at VoidMod-v1.0+089d877//dev.a.a.h.a.b.a(SourceFile:46)
	at VoidMod-v1.0+089d877//dev.a.a.h.a.b.injectedLambda$a$9(SourceFile)
	at #BHMxk.sanH(Unknown Source:56)
	at #EDvEB.kcv(Unknown Source)
	at #EDvEB.accept(Unknown Source)
	at #gthWo.shRq(SourceFile:105)
	at #RczXx.iHk(Unknown Source)
	at #RczXx.accept(Unknown Source)
	at #tZnke.sjcO(SourceFile:59)
	at #cCSpT.Ib(SourceFile)
	at #cVHnR.seEn(Unknown Source:89)
	at #GItiT.sfDZ(SourceFile:100)
	at #CFNmt.dZG(SourceFile)
	at #eFdzA.sgmB(SourceFile:50)
	at #dhvTt.sjja(SourceFile:3590)
	at #ZeCEz.sljt(SourceFile:1999)
	at #TSEwU.smhy(SourceFile:1482)
	at #ZQCSx.shqa(SourceFile:1634)
	at #kQsKH.smKh(SourceFile:487)
	at net.minecraft.client.main.GameMain.mgm(SourceFile:220)
	at net.minecraft.client.main.GameMain.iLJ(SourceFile:156)
	at #cnUTs.lIs(Unknown Source)
	at #cnUTs.run(Unknown Source)
	at java.base/java.lang.Thread.run(Unknown Source)
[21:53:52] [Client thread/ERROR] Error on handle event #VseFK in Mod{name='VoidMod', version='1.0+089d877', persistent=false, delegate=dev.a.a.a, modState=LOADED}
java.lang.NullPointerException: Cannot invoke "!#RicbX.cop()" because "<parameter1>" is null
	at VoidMod-v1.0+089d877//dev.a.a.g.g.a(SourceFile:13)
	at VoidMod-v1.0+089d877//dev.a.a.h.a.a.a.h(SourceFile)
	at VoidMod-v1.0+089d877//dev.a.a.h.a.b.a(SourceFile:49)
	at VoidMod-v1.0+089d877//dev.a.a.h.a.b.injectedLambda$a$13(SourceFile)
	at java.base/java.util.Collection.removeIf(Unknown Source)
	at VoidMod-v1.0+089d877//dev.a.a.h.a.b.a(SourceFile:46)
	at VoidMod-v1.0+089d877//dev.a.a.h.a.b.injectedLambda$a$9(SourceFile)
	at #BHMxk.sanH(Unknown Source:56)
	at #EDvEB.kcv(Unknown Source)
	at #EDvEB.accept(Unknown Source)
	at #gthWo.shRq(SourceFile:105)
	at #RczXx.iHk(Unknown Source)
	at #RczXx.accept(Unknown Source)
	at #tZnke.sjcO(SourceFile:59)
	at #cCSpT.Ib(SourceFile)
	at #cVHnR.seEn(Unknown Source:89)
	at #GItiT.sfDZ(SourceFile:100)
	at #CFNmt.dZG(SourceFile)
	at #eFdzA.sgmB(SourceFile:50)
	at #dhvTt.sjja(SourceFile:3590)
	at #ZeCEz.sljt(SourceFile:1999)
	at #TSEwU.smhy(SourceFile:1482)
	at #ZQCSx.shqa(SourceFile:1634)
	at #kQsKH.smKh(SourceFile:487)
	at net.minecraft.client.main.GameMain.mgm(SourceFile:220)
	at net.minecraft.client.main.GameMain.iLJ(SourceFile:156)
	at #cnUTs.lIs(Unknown Source)
	at #cnUTs.run(Unknown Source)
	at java.base/java.lang.Thread.run(Unknown Source)
[21:53:52] [Client thread/ERROR] Error on handle event #VseFK in Mod{name='VoidMod', version='1.0+089d877', persistent=false, delegate=dev.a.a.a, modState=LOADED}
java.lang.NullPointerException: Cannot invoke "!#RicbX.cop()" because "<parameter1>" is null
	at VoidMod-v1.0+089d877//dev.a.a.g.g.a(SourceFile:13)
	at VoidMod-v1.0+089d877//dev.a.a.h.a.a.a.h(SourceFile)
	at VoidMod-v1.0+089d877//dev.a.a.h.a.b.a(SourceFile:49)
	at VoidMod-v1.0+089d877//dev.a.a.h.a.b.injectedLambda$a$13(SourceFile)
	at java.base/java.util.Collection.removeIf(Unknown Source)
	at VoidMod-v1.0+089d877//dev.a.a.h.a.b.a(SourceFile:46)
	at VoidMod-v1.0+089d877//dev.a.a.h.a.b.injectedLambda$a$9(SourceFile)
	at #BHMxk.sanH(Unknown Source:56)
	at #EDvEB.kcv(Unknown Source)
	at #EDvEB.accept(Unknown Source)
	at #gthWo.shRq(SourceFile:105)
	at #RczXx.iHk(Unknown Source)
	at #RczXx.accept(Unknown Source)
	at #tZnke.sjcO(SourceFile:59)
	at #cCSpT.Ib(SourceFile)
	at #cVHnR.seEn(Unknown Source:89)
	at #GItiT.sfDZ(SourceFile:100)
	at #CFNmt.dZG(SourceFile)
	at #eFdzA.sgmB(SourceFile:50)
	at #dhvTt.sjja(SourceFile:3590)
	at #ZeCEz.sljt(SourceFile:1999)
	at #TSEwU.smhy(SourceFile:1482)
	at #ZQCSx.shqa(SourceFile:1634)
	at #kQsKH.smKh(SourceFile:487)
	at net.minecraft.client.main.GameMain.mgm(SourceFile:220)
	at net.minecraft.client.main.GameMain.iLJ(SourceFile:156)
	at #cnUTs.lIs(Unknown Source)
	at #cnUTs.run(Unknown Source)
	at java.base/java.lang.Thread.run(Unknown Source)
[21:53:52] [Client thread/ERROR] Error on handle event #VseFK in Mod{name='VoidMod', version='1.0+089d877', persistent=false, delegate=dev.a.a.a, modState=LOADED}
java.lang.NullPointerException: Cannot invoke "!#RicbX.cop()" because "<parameter1>" is null
	at VoidMod-v1.0+089d877//dev.a.a.g.g.a(SourceFile:13)
	at VoidMod-v1.0+089d877//dev.a.a.h.a.a.a.h(SourceFile)
	at VoidMod-v1.0+089d877//dev.a.a.h.a.b.a(SourceFile:49)
	at VoidMod-v1.0+089d877//dev.a.a.h.a.b.injectedLambda$a$13(SourceFile)
	at java.base/java.util.Collection.removeIf(Unknown Source)
	at VoidMod-v1.0+089d877//dev.a.a.h.a.b.a(SourceFile:46)
	at VoidMod-v1.0+089d877//dev.a.a.h.a.b.injectedLambda$a$9(SourceFile)
	at #BHMxk.sanH(Unknown Source:56)
	at #EDvEB.kcv(Unknown Source)
	at #EDvEB.accept(Unknown Source)
	at #gthWo.shRq(SourceFile:105)
	at #RczXx.iHk(Unknown Source)
	at #RczXx.accept(Unknown Source)
	at #tZnke.sjcO(SourceFile:59)
	at #cCSpT.Ib(SourceFile)
	at #cVHnR.seEn(Unknown Source:89)
	at #GItiT.sfDZ(SourceFile:100)
	at #CFNmt.dZG(SourceFile)
	at #eFdzA.sgmB(SourceFile:50)
	at #dhvTt.sjja(SourceFile:3590)
	at #ZeCEz.sljt(SourceFile:1999)
	at #TSEwU.smhy(SourceFile:1482)
	at #ZQCSx.shqa(SourceFile:1634)
	at #kQsKH.smKh(SourceFile:487)
	at net.minecraft.client.main.GameMain.mgm(SourceFile:220)
	at net.minecraft.client.main.GameMain.iLJ(SourceFile:156)
	at #cnUTs.lIs(Unknown Source)
	at #cnUTs.run(Unknown Source)
	at java.base/java.lang.Thread.run(Unknown Source)
[21:53:52] [Client thread/ERROR] Error on handle event #VseFK in Mod{name='VoidMod', version='1.0+089d877', persistent=false, delegate=dev.a.a.a, modState=LOADED}
java.lang.NullPointerException: Cannot invoke "!#RicbX.cop()" because "<parameter1>" is null
	at VoidMod-v1.0+089d877//dev.a.a.g.g.a(SourceFile:13)
	at VoidMod-v1.0+089d877//dev.a.a.h.a.a.a.h(SourceFile)
	at VoidMod-v1.0+089d877//dev.a.a.h.a.b.a(SourceFile:49)
	at VoidMod-v1.0+089d877//dev.a.a.h.a.b.injectedLambda$a$13(SourceFile)
	at java.base/java.util.Collection.removeIf(Unknown Source)
	at VoidMod-v1.0+089d877//dev.a.a.h.a.b.a(SourceFile:46)
	at VoidMod-v1.0+089d877//dev.a.a.h.a.b.injectedLambda$a$9(SourceFile)
	at #BHMxk.sanH(Unknown Source:56)
	at #EDvEB.kcv(Unknown Source)
	at #EDvEB.accept(Unknown Source)
	at #gthWo.shRq(SourceFile:105)
	at #RczXx.iHk(Unknown Source)
	at #RczXx.accept(Unknown Source)
	at #tZnke.sjcO(SourceFile:59)
	at #cCSpT.Ib(SourceFile)
	at #cVHnR.seEn(Unknown Source:89)
	at #GItiT.sfDZ(SourceFile:100)
	at #CFNmt.dZG(SourceFile)
	at #eFdzA.sgmB(SourceFile:50)
	at #dhvTt.sjja(SourceFile:3590)
	at #ZeCEz.sljt(SourceFile:1999)
	at #TSEwU.smhy(SourceFile:1482)
	at #ZQCSx.shqa(SourceFile:1634)
	at #kQsKH.smKh(SourceFile:487)
	at net.minecraft.client.main.GameMain.mgm(SourceFile:220)
	at net.minecraft.client.main.GameMain.iLJ(SourceFile:156)
	at #cnUTs.lIs(Unknown Source)
	at #cnUTs.run(Unknown Source)
	at java.base/java.lang.Thread.run(Unknown Source)
[21:53:52] [Client thread/ERROR] Error on handle event #VseFK in Mod{name='VoidMod', version='1.0+089d877', persistent=false, delegate=dev.a.a.a, modState=LOADED}
java.lang.NullPointerException: Cannot invoke "!#RicbX.cop()" because "<parameter1>" is null
	at VoidMod-v1.0+089d877//dev.a.a.g.g.a(SourceFile:13)
	at VoidMod-v1.0+089d877//dev.a.a.h.a.a.a.h(SourceFile)
	at VoidMod-v1.0+089d877//dev.a.a.h.a.b.a(SourceFile:49)
	at VoidMod-v1.0+089d877//dev.a.a.h.a.b.injectedLambda$a$13(SourceFile)
	at java.base/java.util.Collection.removeIf(Unknown Source)
	at VoidMod-v1.0+089d877//dev.a.a.h.a.b.a(SourceFile:46)
	at VoidMod-v1.0+089d877//dev.a.a.h.a.b.injectedLambda$a$9(SourceFile)
	at #BHMxk.sanH(Unknown Source:56)
	at #EDvEB.kcv(Unknown Source)
	at #EDvEB.accept(Unknown Source)
	at #gthWo.shRq(SourceFile:105)
	at #RczXx.iHk(Unknown Source)
	at #RczXx.accept(Unknown Source)
	at #tZnke.sjcO(SourceFile:59)
	at #cCSpT.Ib(SourceFile)
	at #cVHnR.seEn(Unknown Source:89)
	at #GItiT.sfDZ(SourceFile:100)
	at #CFNmt.dZG(SourceFile)
	at #eFdzA.sgmB(SourceFile:50)
	at #dhvTt.sjja(SourceFile:3590)
	at #ZeCEz.sljt(SourceFile:1999)
	at #TSEwU.smhy(SourceFile:1482)
	at #ZQCSx.shqa(SourceFile:1634)
	at #kQsKH.smKh(SourceFile:487)
	at net.minecraft.client.main.GameMain.mgm(SourceFile:220)
	at net.minecraft.client.main.GameMain.iLJ(SourceFile:156)
	at #cnUTs.lIs(Unknown Source)
	at #cnUTs.run(Unknown Source)
	at java.base/java.lang.Thread.run(Unknown Source)
[21:53:53] [Client thread/ERROR] Error on handle event #VseFK in Mod{name='VoidMod', version='1.0+089d877', persistent=false, delegate=dev.a.a.a, modState=LOADED}
java.lang.NullPointerException: Cannot invoke "!#RicbX.cop()" because "<parameter1>" is null
	at VoidMod-v1.0+089d877//dev.a.a.g.g.a(SourceFile:13)
	at VoidMod-v1.0+089d877//dev.a.a.h.a.a.a.h(SourceFile)
	at VoidMod-v1.0+089d877//dev.a.a.h.a.b.a(SourceFile:49)
	at VoidMod-v1.0+089d877//dev.a.a.h.a.b.injectedLambda$a$13(SourceFile)
	at java.base/java.util.Collection.removeIf(Unknown Source)
	at VoidMod-v1.0+089d877//dev.a.a.h.a.b.a(SourceFile:46)
	at VoidMod-v1.0+089d877//dev.a.a.h.a.b.injectedLambda$a$9(SourceFile)
	at #BHMxk.sanH(Unknown Source:56)
	at #EDvEB.kcv(Unknown Source)
	at #EDvEB.accept(Unknown Source)
	at #gthWo.shRq(SourceFile:105)
	at #RczXx.iHk(Unknown Source)
	at #RczXx.accept(Unknown Source)
	at #tZnke.sjcO(SourceFile:59)
	at #cCSpT.Ib(SourceFile)
	at #cVHnR.seEn(Unknown Source:89)
	at #GItiT.sfDZ(SourceFile:100)
	at #CFNmt.dZG(SourceFile)
	at #eFdzA.sgmB(SourceFile:50)
	at #dhvTt.sjja(SourceFile:3590)
	at #ZeCEz.sljt(SourceFile:1999)
	at #TSEwU.smhy(SourceFile:1482)
	at #ZQCSx.shqa(SourceFile:1634)
	at #kQsKH.smKh(SourceFile:487)
	at net.minecraft.client.main.GameMain.mgm(SourceFile:220)
	at net.minecraft.client.main.GameMain.iLJ(SourceFile:156)
	at #cnUTs.lIs(Unknown Source)
	at #cnUTs.run(Unknown Source)
	at java.base/java.lang.Thread.run(Unknown Source)
[21:53:53] [Client thread/ERROR] Error on handle event #VseFK in Mod{name='VoidMod', version='1.0+089d877', persistent=false, delegate=dev.a.a.a, modState=LOADED}
java.lang.NullPointerException: Cannot invoke "!#RicbX.cop()" because "<parameter1>" is null
	at VoidMod-v1.0+089d877//dev.a.a.g.g.a(SourceFile:13)
	at VoidMod-v1.0+089d877//dev.a.a.h.a.a.a.h(SourceFile)
	at VoidMod-v1.0+089d877//dev.a.a.h.a.b.a(SourceFile:49)
	at VoidMod-v1.0+089d877//dev.a.a.h.a.b.injectedLambda$a$13(SourceFile)
	at java.base/java.util.Collection.removeIf(Unknown Source)
	at VoidMod-v1.0+089d877//dev.a.a.h.a.b.a(SourceFile:46)
	at VoidMod-v1.0+089d877//dev.a.a.h.a.b.injectedLambda$a$9(SourceFile)
	at #BHMxk.sanH(Unknown Source:56)
	at #EDvEB.kcv(Unknown Source)
	at #EDvEB.accept(Unknown Source)
	at #gthWo.shRq(SourceFile:105)
	at #RczXx.iHk(Unknown Source)
	at #RczXx.accept(Unknown Source)
	at #tZnke.sjcO(SourceFile:59)
	at #cCSpT.Ib(SourceFile)
	at #cVHnR.seEn(Unknown Source:89)
	at #GItiT.sfDZ(SourceFile:100)
	at #CFNmt.dZG(SourceFile)
	at #eFdzA.sgmB(SourceFile:50)
	at #dhvTt.sjja(SourceFile:3590)
	at #ZeCEz.sljt(SourceFile:1999)
	at #TSEwU.smhy(SourceFile:1482)
	at #ZQCSx.shqa(SourceFile:1634)
	at #kQsKH.smKh(SourceFile:487)
	at net.minecraft.client.main.GameMain.mgm(SourceFile:220)
	at net.minecraft.client.main.GameMain.iLJ(SourceFile:156)
	at #cnUTs.lIs(Unknown Source)
	at #cnUTs.run(Unknown Source)
	at java.base/java.lang.Thread.run(Unknown Source)
[21:53:53] [Client thread/ERROR] Error on handle event #VseFK in Mod{name='VoidMod', version='1.0+089d877', persistent=false, delegate=dev.a.a.a, modState=LOADED}
java.lang.NullPointerException: Cannot invoke "!#RicbX.cop()" because "<parameter1>" is null
	at VoidMod-v1.0+089d877//dev.a.a.g.g.a(SourceFile:13)
	at VoidMod-v1.0+089d877//dev.a.a.h.a.a.a.h(SourceFile)
	at VoidMod-v1.0+089d877//dev.a.a.h.a.b.a(SourceFile:49)
	at VoidMod-v1.0+089d877//dev.a.a.h.a.b.injectedLambda$a$13(SourceFile)
	at java.base/java.util.Collection.removeIf(Unknown Source)
	at VoidMod-v1.0+089d877//dev.a.a.h.a.b.a(SourceFile:46)
	at VoidMod-v1.0+089d877//dev.a.a.h.a.b.injectedLambda$a$9(SourceFile)
	at #BHMxk.sanH(Unknown Source:56)
	at #EDvEB.kcv(Unknown Source)
	at #EDvEB.accept(Unknown Source)
	at #gthWo.shRq(SourceFile:105)
	at #RczXx.iHk(Unknown Source)
	at #RczXx.accept(Unknown Source)
	at #tZnke.sjcO(SourceFile:59)
	at #cCSpT.Ib(SourceFile)
	at #cVHnR.seEn(Unknown Source:89)
	at #GItiT.sfDZ(SourceFile:100)
	at #CFNmt.dZG(SourceFile)
	at #eFdzA.sgmB(SourceFile:50)
	at #dhvTt.sjja(SourceFile:3590)
	at #ZeCEz.sljt(SourceFile:1999)
	at #TSEwU.smhy(SourceFile:1482)
	at #ZQCSx.shqa(SourceFile:1634)
	at #kQsKH.smKh(SourceFile:487)
	at net.minecraft.client.main.GameMain.mgm(SourceFile:220)
	at net.minecraft.client.main.GameMain.iLJ(SourceFile:156)
	at #cnUTs.lIs(Unknown Source)
	at #cnUTs.run(Unknown Source)
	at java.base/java.lang.Thread.run(Unknown Source)
[21:53:54] [Client thread/ERROR] Error on handle event #VseFK in Mod{name='VoidMod', version='1.0+089d877', persistent=false, delegate=dev.a.a.a, modState=LOADED}
java.lang.NullPointerException: Cannot invoke "!#RicbX.cop()" because "<parameter1>" is null
	at VoidMod-v1.0+089d877//dev.a.a.g.g.a(SourceFile:13)
	at VoidMod-v1.0+089d877//dev.a.a.h.a.a.a.h(SourceFile)
	at VoidMod-v1.0+089d877//dev.a.a.h.a.b.a(SourceFile:49)
	at VoidMod-v1.0+089d877//dev.a.a.h.a.b.injectedLambda$a$13(SourceFile)
	at java.base/java.util.Collection.removeIf(Unknown Source)
	at VoidMod-v1.0+089d877//dev.a.a.h.a.b.a(SourceFile:46)
	at VoidMod-v1.0+089d877//dev.a.a.h.a.b.injectedLambda$a$9(SourceFile)
	at #BHMxk.sanH(Unknown Source:56)
	at #EDvEB.kcv(Unknown Source)
	at #EDvEB.accept(Unknown Source)
	at #gthWo.shRq(SourceFile:105)
	at #RczXx.iHk(Unknown Source)
	at #RczXx.accept(Unknown Source)
	at #tZnke.sjcO(SourceFile:59)
	at #cCSpT.Ib(SourceFile)
	at #cVHnR.seEn(Unknown Source:89)
	at #GItiT.sfDZ(SourceFile:100)
	at #CFNmt.dZG(SourceFile)
	at #eFdzA.sgmB(SourceFile:50)
	at #dhvTt.sjja(SourceFile:3590)
	at #ZeCEz.sljt(SourceFile:1999)
	at #TSEwU.smhy(SourceFile:1482)
	at #ZQCSx.shqa(SourceFile:1634)
	at #kQsKH.smKh(SourceFile:487)
	at net.minecraft.client.main.GameMain.mgm(SourceFile:220)
	at net.minecraft.client.main.GameMain.iLJ(SourceFile:156)
	at #cnUTs.lIs(Unknown Source)
	at #cnUTs.run(Unknown Source)
	at java.base/java.lang.Thread.run(Unknown Source)
[21:53:54] [Client thread/ERROR] Error on handle event #VseFK in Mod{name='VoidMod', version='1.0+089d877', persistent=false, delegate=dev.a.a.a, modState=LOADED}
java.lang.NullPointerException: Cannot invoke "!#RicbX.cop()" because "<parameter1>" is null
	at VoidMod-v1.0+089d877//dev.a.a.g.g.a(SourceFile:13)
	at VoidMod-v1.0+089d877//dev.a.a.h.a.a.a.h(SourceFile)
	at VoidMod-v1.0+089d877//dev.a.a.h.a.b.a(SourceFile:49)
	at VoidMod-v1.0+089d877//dev.a.a.h.a.b.injectedLambda$a$13(SourceFile)
	at java.base/java.util.Collection.removeIf(Unknown Source)
	at VoidMod-v1.0+089d877//dev.a.a.h.a.b.a(SourceFile:46)
	at VoidMod-v1.0+089d877//dev.a.a.h.a.b.injectedLambda$a$9(SourceFile)
	at #BHMxk.sanH(Unknown Source:56)
	at #EDvEB.kcv(Unknown Source)
	at #EDvEB.accept(Unknown Source)
	at #gthWo.shRq(SourceFile:105)
	at #RczXx.iHk(Unknown Source)
	at #RczXx.accept(Unknown Source)
	at #tZnke.sjcO(SourceFile:59)
	at #cCSpT.Ib(SourceFile)
	at #cVHnR.seEn(Unknown Source:89)
	at #GItiT.sfDZ(SourceFile:100)
	at #CFNmt.dZG(SourceFile)
	at #eFdzA.sgmB(SourceFile:50)
	at #dhvTt.sjja(SourceFile:3590)
	at #ZeCEz.sljt(SourceFile:1999)
	at #TSEwU.smhy(SourceFile:1482)
	at #ZQCSx.shqa(SourceFile:1634)
	at #kQsKH.smKh(SourceFile:487)
	at net.minecraft.client.main.GameMain.mgm(SourceFile:220)
	at net.minecraft.client.main.GameMain.iLJ(SourceFile:156)
	at #cnUTs.lIs(Unknown Source)
	at #cnUTs.run(Unknown Source)
	at java.base/java.lang.Thread.run(Unknown Source)
[21:53:55] [Client thread/ERROR] Error on handle event #VseFK in Mod{name='VoidMod', version='1.0+089d877', persistent=false, delegate=dev.a.a.a, modState=LOADED}
java.lang.NullPointerException: Cannot invoke "!#RicbX.cop()" because "<parameter1>" is null
	at VoidMod-v1.0+089d877//dev.a.a.g.g.a(SourceFile:13)
	at VoidMod-v1.0+089d877//dev.a.a.h.a.a.a.h(SourceFile)
	at VoidMod-v1.0+089d877//dev.a.a.h.a.b.a(SourceFile:49)
	at VoidMod-v1.0+089d877//dev.a.a.h.a.b.injectedLambda$a$13(SourceFile)
	at java.base/java.util.Collection.removeIf(Unknown Source)
	at VoidMod-v1.0+089d877//dev.a.a.h.a.b.a(SourceFile:46)
	at VoidMod-v1.0+089d877//dev.a.a.h.a.b.injectedLambda$a$9(SourceFile)
	at #BHMxk.sanH(Unknown Source:56)
	at #EDvEB.kcv(Unknown Source)
	at #EDvEB.accept(Unknown Source)
	at #gthWo.shRq(SourceFile:105)
	at #RczXx.iHk(Unknown Source)
	at #RczXx.accept(Unknown Source)
	at #tZnke.sjcO(SourceFile:59)
	at #cCSpT.Ib(SourceFile)
	at #cVHnR.seEn(Unknown Source:89)
	at #GItiT.sfDZ(SourceFile:100)
	at #CFNmt.dZG(SourceFile)
	at #eFdzA.sgmB(SourceFile:50)
	at #dhvTt.sjja(SourceFile:3590)
	at #ZeCEz.sljt(SourceFile:1999)
	at #TSEwU.smhy(SourceFile:1482)
	at #ZQCSx.shqa(SourceFile:1634)
	at #kQsKH.smKh(SourceFile:487)
	at net.minecraft.client.main.GameMain.mgm(SourceFile:220)
	at net.minecraft.client.main.GameMain.iLJ(SourceFile:156)
	at #cnUTs.lIs(Unknown Source)
	at #cnUTs.run(Unknown Source)
	at java.base/java.lang.Thread.run(Unknown Source)
[21:54:30] [Client thread/INFO] [CHAT] Получено 5 звезд
[21:54:30] [Client thread/INFO] [CHAT] Получено 5 звезд
[21:54:30] [Client thread/INFO] [CHAT] Вам выпал Серебряная звезда зачарования x1
[21:54:30] [Client thread/INFO] [CHAT] Получено 5 звезд
[21:54:31] [Client thread/INFO] [CHAT] Вампиризм сброшен!
[21:54:31] [Client thread/INFO] [CHAT] Получено 5 звезд
[21:54:31] [Client thread/INFO] [CHAT] Получено 5 звезд
[21:54:31] [Client thread/INFO] [CHAT] Вам выпал Благословенная серебряная звезда зачарования x1
[21:54:33] [Client thread/INFO] [CHAT] Получено 5 звезд
[21:54:33] [Client thread/INFO] [CHAT] Вам выпал Обугленный череп x1
[21:54:33] [Client thread/INFO] [CHAT] Получено 8 звезд
[21:54:34] [Client thread/INFO] [CHAT] Получено 5 звезд
[21:54:35] [Client thread/INFO] [CHAT] Tveiv получил Прострел с Юпитера
[21:54:37] [Client thread/INFO] [CHAT] Получено 5 звезд
[21:54:39] [Client thread/INFO] [CHAT] На Вас наложено Проклятие Крови, Вы получаете урон за каждую нанесенную атаку
[21:54:40] [Client thread/INFO] [CHAT] На Вас наложено Проклятие Крови, Вы получаете урон за каждую нанесенную атаку
[21:54:46] [Client thread/INFO] [CHAT] На Вас наложено Проклятие Крови, Вы получаете урон за каждую нанесенную атаку
[21:54:52] [Client thread/INFO] [CHAT] На Вас наложено Проклятие Страха, Ваш вампиризм заблокирован
[21:54:54] [Client thread/INFO] [CHAT] Получено 5 звезд
[21:54:54] [Client thread/INFO] [CHAT] Вам выпал Серебряная звезда зачарования x1
[21:55:00] [Client thread/INFO] [CHAT] Вы стали стеклянным! Вы умрете, если получите урон 10 раз
[21:55:00] [Client thread/INFO] [CHAT] [30] Hekus_01 » [Капюшон последователя Бедствия ♡ +10]
[21:55:10] [Client thread/INFO] [CHAT] Дверь в комнату управления открыта.
[21:55:15] [Client thread/INFO] [CHAT] Получено 5 звезд
[21:55:18] [Client thread/INFO] [CHAT] Получено 5 звезд
[21:55:22] [Client thread/INFO] [CHAT] Получено 5 звезд
[21:55:27] [Client thread/INFO] [CHAT] Получено 5 звезд
[21:55:30] [Client thread/INFO] [CHAT] Получено 5 звезд
[21:55:35] [Client thread/INFO] [CHAT] Получено 5 звезд
[21:55:39] [Client thread/INFO] [CHAT] Получено 5 звезд
[21:55:39] [Client thread/INFO] [CHAT] Вам выпал Обугленный череп x1
[21:55:41] [Client thread/INFO] [CHAT] Получено 5 звезд
[21:55:43] [Client thread/INFO] [CHAT] Тайная дверь открыта.
[21:55:46] [Client thread/INFO] [CHAT] Получено 5 звезд
[21:55:48] [Client thread/INFO] [CHAT] Получено 5 звезд
[21:56:07] [Client thread/INFO] [CHAT] Получено 6 звезд
[21:56:07] [Client thread/INFO] [CHAT] Вам выпал Обугленный череп x1
[21:56:13] [Client thread/INFO] [CHAT] Получено 6 звезд
[21:56:24] [Client thread/INFO] [CHAT] Получено 7 звезд
[21:56:37] [Client thread/INFO] [CHAT] Получено 8 звезд
[21:56:46] [Client thread/INFO] [CHAT] Получено 7 звезд
[21:56:51] [Client thread/INFO] [CHAT] Получено 5 звезд
[21:57:05] [Client thread/INFO] [CHAT] Получено 5 звезд
[21:57:05] [Client thread/INFO] [CHAT] Вам выпал Изумруд x2
[21:57:05] [Client thread/INFO] [CHAT] Получено 5 звезд
[21:57:05] [Client thread/INFO] [CHAT] Вам выпал Обугленный череп x1
[21:57:15] [Client thread/INFO] [CHAT] Получено 7 звезд
[21:57:23] [Client thread/INFO] [CHAT] Получено 5 звезд
[21:57:23] [Client thread/INFO] [CHAT] Получено 5 звезд
[21:57:23] [Client thread/INFO] [CHAT] Вам выпал Обугленный череп x1
[21:57:29] [Client thread/INFO] [CHAT] Получено 5 звезд
[21:57:33] [Client thread/INFO] [CHAT] Получено 5 звезд
[21:57:33] [Client thread/INFO] [CHAT] Вам выпал Благословенная серебряная звезда зачарования x1
[21:57:42] [Client thread/INFO] [CHAT] Получено 5 звезд
[21:57:42] [Client thread/INFO] [CHAT] Получено 5 звезд
[21:57:46] [Client thread/INFO] [CHAT] Получено 5 звезд
[21:57:52] [Client thread/INFO] [CHAT] Получено 5 звезд
[21:57:52] [Client thread/INFO] [CHAT] Вам выпал Изумруд x2
[21:57:57] [Client thread/INFO] [CHAT] Получено 5 звезд
[21:57:57] [Client thread/INFO] [CHAT] Вам выпал Изумруд x1
[21:57:57] [Client thread/INFO] [CHAT] Получено 5 звезд
[21:57:57] [Client thread/INFO] [CHAT] Вам выпал Обугленный череп x1
[21:58:03] [Client thread/INFO] [CHAT] Получено 5 звезд
[21:58:06] [Client thread/INFO] [CHAT] Проход в крепость закрыт. Теперь Вы в безопасности.
[21:58:14] [Client thread/INFO] [CHAT] Потеряно 200 звезд
[21:58:14] [Client thread/INFO] [CHAT] Tveiv получил Воронка проклятий
[21:58:15] [Client thread/INFO] [CHAT] Потеряно 200 звезд
[21:58:15] [Client thread/INFO] [CHAT] Tveiv получил Бонус урона
[21:58:16] [Client thread/INFO] [CHAT] Потеряно 200 звезд
[21:58:16] [Client thread/INFO] [CHAT] Tveiv получил Гений звёзд
[21:58:23] [Client thread/INFO] [CHAT] Получено 5 звезд
[21:58:23] [Client thread/INFO] [CHAT] Вам выпал Осколок фантазии Этоля x1
[21:58:29] [Client thread/INFO] [CHAT] Получено 5 звезд
[21:58:29] [Client thread/INFO] [CHAT] Вам выпал Серебряная звезда зачарования x1
[21:58:29] [Client thread/INFO] [CHAT] Получено 5 звезд
[21:58:36] [Client thread/INFO] [CHAT] Потеряно 200 звезд
[21:58:36] [Client thread/INFO] [CHAT] Tveiv получил Росток алмазного дерева
[21:58:58] [Client thread/INFO] [CHAT] Наследница Бедствия: Вы явились в самый разгар событий. Перед нашей битвой, давайте хотя бы представимся. Я - Мальфиса Флеу, единственная достойная Наследница Бедствия.
[21:59:06] [Client thread/INFO] [CHAT] Наследница Бедствия: Разрушение.
[21:59:12] [Client thread/INFO] [CHAT] Наследница Бедствия: Давайте на чистоту: я рада, что вы сами пришли ко мне, ловить вас было бы слишком расточительно по времени.
[21:59:14] [Client thread/INFO] [CHAT] Наследница Бедствия: Кажется, дышать становится все тяжелее..
[21:59:26] [Client thread/INFO] [CHAT] Наследница Бедствия: Разрушение.
[21:59:34] [Client thread/INFO] [CHAT] Наследница Бедствия: Кажется, дышать становится все тяжелее..
[21:59:46] [Client thread/INFO] [CHAT] Наследница Бедствия: Разрушение.
[21:59:51] [Client thread/INFO] [CHAT] Наследница Бедствия: Вы потеряли оружие и доблесть. Исход этого боя уже предрешён.
[22:00:00] [Client thread/INFO] [CHAT] Наследница Бедствия: Я очень долго собирала себе армию, неужели вы думали, что я буду сражаться одна?
[22:00:03] [Client thread/INFO] [CHAT] Наследница Бедствия: Меч света разорвет вас на части!
[22:00:22] [Client thread/INFO] [CHAT] Наследница Бедствия: Меч света разорвет вас на части!
[22:00:37] [Client thread/INFO] [CHAT] Наследница Бедствия: Пора заканчивать..
[22:00:41] [Client thread/INFO] [CHAT] Наследница Бедствия: Раб души!
[22:00:43] [Client thread/INFO] [CHAT] Наследница Бедствия: Теперь, я лично вас обезглавлю.
[22:00:52] [Client thread/INFO] [CHAT] Наследница Бедствия: Вы сами пришли в театр отчаяния! Даже если проиграю, я заберу вас с собой!
[22:00:57] [Client thread/INFO] [CHAT] Наследница Бедствия: Меч света разорвет вас на части!
[22:01:13] [Client thread/INFO] [CHAT] Получено 5 звезд
[22:01:13] [Client thread/INFO] [CHAT] Вам выпал Изумруд x59
[22:01:13] [Client thread/INFO] [CHAT] Вам выпал Обугленный череп x5
[22:01:13] [Client thread/INFO] [CHAT] Вам выпал Серебряная звезда зачарования x1
[22:01:13] [Client thread/INFO] [CHAT] Вам выпал Благословенная серебряная звезда зачарования x1
[22:01:13] [Client thread/INFO] [CHAT] Вам выпал Осколок фантазии Этоля x1
[22:01:13] [Client thread/INFO] [CHAT] Вам выпал Звёздная шкатулка Этоля x1
[22:01:13] [Client thread/INFO] [CHAT] Получено 5 звезд
[22:01:13] [Client thread/ERROR] Error on handle event #WaxMW in Mod{name='VoidMod', version='1.0+089d877', persistent=false, delegate=dev.a.a.a, modState=LOADED}
java.lang.NullPointerException: Cannot invoke "!#vqIrQ.ayV(String)" because the return value of "!#XIUjS.eja()" is null
	at VoidMod-v1.0+089d877//dev.a.a.i.b.a(SourceFile:3095)
	at VoidMod-v1.0+089d877//dev.a.a.i.b.injectedLambda$a$1(SourceFile)
	at #BHMxk.sanH(Unknown Source:56)
	at #EDvEB.kcv(Unknown Source)
	at #EDvEB.accept(Unknown Source)
	at #gthWo.shRq(SourceFile:105)
	at #RczXx.iHk(Unknown Source)
	at #RczXx.accept(Unknown Source)
	at #tZnke.sjcO(SourceFile:59)
	at #cCSpT.Ib(SourceFile)
	at #cVHnR.seEn(Unknown Source:89)
	at #GItiT.sfDZ(SourceFile:100)
	at #CFNmt.dZG(SourceFile)
	at #eFdzA.sgmB(SourceFile:50)
	at #IziuD.sbAk(SourceFile:3665)
	at #KLfhq.syS(SourceFile:2346)
	at #NMJuQ.bvu(SourceFile)
	at #yIWTs.snwq(SourceFile:206)
	at #FiZhE.sltv(SourceFile:469)
	at #zVeRA.scjA(SourceFile:29)
	at #esBRw.scLa(SourceFile:10)
	at #HnjFk.run(SourceFile:32)
	at #MuqgW.smMh(SourceFile:40)
	at #rArYX.sggH(SourceFile:11)
	at java.base/java.util.concurrent.FutureTask.run(Unknown Source)
	at #ankXZ.skOv(SourceFile:45)
	at #bBoCn.fLx(SourceFile:52)
	at #lABBH.sgvJ(Unknown Source:1466)
	at #ZQCSx.shqa(SourceFile:1632)
	at #kQsKH.smKh(SourceFile:487)
	at net.minecraft.client.main.GameMain.mgm(SourceFile:220)
	at net.minecraft.client.main.GameMain.iLJ(SourceFile:156)
	at #cnUTs.lIs(Unknown Source)
	at #cnUTs.run(Unknown Source)
	at java.base/java.lang.Thread.run(Unknown Source)
[22:01:49] [Client thread/INFO] [CHAT] Бессмертная голова колдуна: Мы собрались в этот прекрасный день, чтобы покончить с Исцелением. Почему же все так пытаются помешать нам?
[22:03:32] [Client thread/INFO] [CHAT] [30] I ┃ JonY_00 » [Посмертная маска +10]
[22:07:02] [Client thread/INFO] [CHAT] [30] V ┃ Paranoiid » [Кошмарная чешуя x 3]
[22:08:19] [Client thread/INFO] [CHAT] Получено 5 звезд
[22:08:19] [Client thread/INFO] [CHAT] Вам выпал Изумруд x53
[22:08:19] [Client thread/INFO] [CHAT] Вам выпал Обугленный череп x3
[22:08:19] [Client thread/INFO] [CHAT] Вам выпал Серебряная звезда зачарования x1
[22:08:19] [Client thread/INFO] [CHAT] Вам выпал Благословенная серебряная звезда зачарования x1
[22:08:19] [Client thread/INFO] [CHAT] Вам выпал Осколок фантазии Этоля x1
[22:08:19] [Client thread/INFO] [CHAT] Вам выпал Звёздная шкатулка Этоля x1
[22:08:19] [Client thread/INFO] [CHAT] Получено 5 звезд
[22:08:19] [Client thread/INFO] [CHAT] Вам выпал Благословенная серебряная звезда зачарования x1
[22:09:21] [Client thread/INFO] [CHAT] [30] P ┃ Tveiv » [Златой веер Бедствия ♨ +9]
[22:13:28] [Client thread/INFO] [CHAT] [30] hgfufh_kte » [Невесомая кровь наследницы ♡ +8]
[22:13:31] [Client thread/INFO] [CHAT] Tveiv получил Собиратель мусора
[22:13:38] [Client thread/INFO] [CHAT] Получено 47 звезд
[22:13:38] [Client thread/INFO] [CHAT] Урон игрока Tveiv: 1584
[22:13:40] [Client thread/INFO] [CHAT] Tveiv получил Кровопролитие
[22:13:40] [Client thread/INFO] [CHAT] [30] Hekus_01 » [Невесомая кровь наследницы ♡ +8]
[22:13:50] [Client thread/INFO] [CHAT] Получено 45 звезд
[22:13:50] [Client thread/INFO] [CHAT] Урон игрока Tveiv: 2285
[22:13:52] [Client thread/INFO] [CHAT] Tveiv получил Небытие
[22:14:01] [Client thread/INFO] [CHAT] Получено 46 звезд
[22:14:01] [Client thread/INFO] [CHAT] Урон игрока Tveiv: 2465
[22:14:02] [Client thread/INFO] [CHAT] Tveiv получил Долг боли
[22:14:12] [Client thread/INFO] [CHAT] Получено 46 звезд
[22:14:12] [Client thread/INFO] [CHAT] Урон игрока Tveiv: 4139
[22:14:13] [Client thread/INFO] [CHAT] Tveiv получил Карта выбора
[22:14:15] [Client thread/INFO] [CHAT] Tveiv получил Приманка
[22:14:20] [Client thread/INFO] [CHAT] Потеряно 52 звезд
[22:14:20] [Client thread/INFO] [CHAT] Tveiv получил Бонус урона
[22:14:20] [Client thread/INFO] [CHAT] [30] hgfufh_kte » [Исполнитель желаний ♡ +8]
[22:14:21] [Client thread/INFO] [CHAT] Потеряно 52 звезд
[22:14:21] [Client thread/INFO] [CHAT] Tveiv получил Контроль
[22:14:22] [Client thread/INFO] [CHAT] Потеряно 52 звезд
[22:14:22] [Client thread/INFO] [CHAT] Tveiv получил Расшифровщик Валотайла
[22:14:50] [Client thread/INFO] [CHAT] [30] V ┃ Paranoiid » [Исполнитель желаний ♡ +8]
[22:14:50] [Network thread/INFO] Protocol upgrade mask: 157
[22:14:50] [Network thread/INFO] Upgrading protocol
[22:14:50] [Client thread/INFO] [CHAT] io.netty.channel.unix.Errors$NativeIoException : recvAddress(..) failed: Connection reset by peer
[22:14:50] [Client thread/INFO] Invalidating server data
[22:14:50] [Client thread/INFO] Unloading mod VoidMod/bc6ec00c-3cab-b03e-2982-3004f59e7ccc
[22:14:50] [Client thread/INFO] [STDOUT]: [Enginex v5.16.1 - Wada] [Wada/debug] reload requested: ServerSwitch
[22:14:50] [Client thread/INFO] Joining server Лимбо
[22:14:50] [Client thread/INFO] [STDOUT]: [Enginex v5.16.1 - Wada] [Wada/debug] cleanAndReload begin: sessionId=9, awaitingHandshake=true
[22:14:50] [Client thread/INFO] [STDOUT]: [Enginex v5.16.1 - Wada] VAO support: true
[22:14:50] [Client thread/INFO] [STDOUT]: [Enginex v5.16.1 - Wada] Initialization with mod Wada
[22:14:50] [Client thread/INFO] [STDOUT]: [Enginex v5.16.1 - Wada] Successfully initialized
[22:14:50] [Client thread/INFO] Reloading ResourceManager: assets-addon.jar, Default
[22:14:50] [Client thread/WARN] Missing sound for event: minecraft:entity.turtle.ambient
[22:14:50] [Client thread/WARN] Missing sound for event: minecraft:entity.turtle.baby_hurt
[22:14:50] [Client thread/WARN] Missing sound for event: minecraft:entity.turtle.hurt
[22:14:50] [Client thread/WARN] Missing sound for event: minecraft:entity.turtle.baby_death
[22:14:50] [Client thread/WARN] Missing sound for event: minecraft:entity.turtle.death
[22:14:50] [Client thread/WARN] Missing sound for event: minecraft:entity.turtle.baby_step
[22:14:50] [Client thread/WARN] Missing sound for event: minecraft:entity.turtle.step
[22:14:50] [Client thread/WARN] Missing sound for event: minecraft:entity.turtle.swim
[22:14:50] [Client thread/WARN] Missing sound for event: minecraft:block.turtle_egg.crack
[22:14:50] [Client thread/WARN] Missing sound for event: minecraft:block.turtle_egg.egg_break
[22:14:50] [Client thread/WARN] Missing sound for event: minecraft:block.turtle_egg.fall
[22:14:50] [Client thread/WARN] Missing sound for event: minecraft:block.turtle_egg.hatch
[22:14:50] [Client thread/INFO] SoundSystem shutting down...
[22:14:50] [Client thread/WARN] Author: Paul Lamb, www.paulscode.com
[22:14:50] [Client thread/INFO] Starting up SoundSystem...
[22:14:50] [Thread-54/INFO] Initializing LWJGL OpenAL
[22:14:50] [Thread-54/INFO] (The LWJGL binding of OpenAL.  For more information, see http://www.lwjgl.org)
[22:14:50] [Thread-54/INFO] OpenAL audio device: OpenAL Soft on Динамики (MCHOSE V9 PRO)
[22:14:50] [Thread-54/INFO] OpenAL initialized.
[22:14:50] [Client thread/INFO] Sound engine reloaded
[22:14:50] [Client thread/INFO] [STDOUT]: [Enginex v5.16.1 - Wada] [Wada/debug] handshake complete (w4:load), awaitingHandshake=false, sessionId=9
[22:14:51] [ForkJoinPool.commonPool-worker-6/WARN] Unable to load variant: axis=x from minecraft:lodestone#axis=x
[22:14:51] [ForkJoinPool.commonPool-worker-6/WARN] Unable to load variant: axis=y from minecraft:lodestone#axis=y
[22:14:51] [ForkJoinPool.commonPool-worker-6/WARN] Unable to load variant: axis=z from minecraft:lodestone#axis=z
[22:14:51] [ForkJoinPool.commonPool-worker-6/ERROR] Unable to load item model: 'minecraft:mcpatcher/cit/others/megumin_hat#inventory' for item: 'minecraft:mcpatcher/cit/others/megumin_hat'
[22:14:51] [ForkJoinPool.commonPool-worker-6/WARN] Unable to resolve texture due to upward reference: #cross in minecraft:models/block/chain.json
[22:14:51] [ForkJoinPool.commonPool-worker-6/WARN] Unable to resolve texture due to upward reference: #cross in minecraft:models/block/chain.json
[22:14:51] [ForkJoinPool.commonPool-worker-6/INFO] [OptiFine] Mipmap levels: 4
[22:14:51] [ForkJoinPool.commonPool-worker-6/INFO] [OptiFine] Multi-texturing: false
[22:14:51] [ForkJoinPool.commonPool-worker-6/INFO] [OptiFine] Multipass connected textures: false
[22:14:51] [ForkJoinPool.commonPool-worker-6/INFO] [OptiFine] BetterGrass: Parsing default configuration optifine/bettergrass.properties
[22:14:51] [ForkJoinPool.commonPool-worker-6/FATAL] [OptiFine] Scaled too small texture: minecraft:particles/glow_2, 8 -> 16
[22:14:51] [ForkJoinPool.commonPool-worker-6/FATAL] [OptiFine] Scaled too small texture: minecraft:particles/glow_1, 8 -> 16
[22:14:51] [ForkJoinPool.commonPool-worker-6/FATAL] [OptiFine] Scaled too small texture: minecraft:particles/glow_0, 8 -> 16
[22:14:51] [ForkJoinPool.commonPool-worker-6/FATAL] [OptiFine] Scaled too small texture: minecraft:particles/glow_6, 8 -> 16
[22:14:51] [ForkJoinPool.commonPool-worker-6/FATAL] [OptiFine] Scaled too small texture: minecraft:particles/glow_5, 8 -> 16
[22:14:51] [ForkJoinPool.commonPool-worker-6/FATAL] [OptiFine] Scaled too small texture: minecraft:particles/glow_4, 8 -> 16
[22:14:51] [ForkJoinPool.commonPool-worker-6/FATAL] [OptiFine] Scaled too small texture: minecraft:particles/glow_3, 8 -> 16
[22:14:51] [ForkJoinPool.commonPool-worker-6/FATAL] [OptiFine] Scaled too small texture: minecraft:particles/glow_9, 8 -> 16
[22:14:51] [ForkJoinPool.commonPool-worker-6/FATAL] [OptiFine] Scaled too small texture: minecraft:particles/glow_8, 8 -> 16
[22:14:51] [ForkJoinPool.commonPool-worker-6/FATAL] [OptiFine] Scaled too small texture: minecraft:particles/glow_7, 8 -> 16
[22:14:51] [ForkJoinPool.commonPool-worker-6/FATAL] [OptiFine] Scaled too small texture: minecraft:particles/glow_11, 8 -> 16
[22:14:51] [ForkJoinPool.commonPool-worker-6/FATAL] [OptiFine] Scaled too small texture: minecraft:particles/glow_10, 8 -> 16
[22:14:51] [ForkJoinPool.commonPool-worker-6/FATAL] [OptiFine] Scaled too small texture: minecraft:particles/glow_13, 8 -> 16
[22:14:51] [ForkJoinPool.commonPool-worker-6/FATAL] [OptiFine] Scaled too small texture: minecraft:particles/glow_12, 8 -> 16
[22:14:51] [ForkJoinPool.commonPool-worker-6/FATAL] [OptiFine] Scaled too small texture: minecraft:particles/glow_15, 8 -> 16
[22:14:51] [ForkJoinPool.commonPool-worker-6/FATAL] [OptiFine] Scaled too small texture: minecraft:particles/glow_14, 8 -> 16
[22:14:51] [ForkJoinPool.commonPool-worker-6/INFO] load sprites for 50ms
[22:14:51] [ForkJoinPool.commonPool-worker-6/INFO] Created: 1024x1024 textures-atlas in 93ms
[22:14:51] [ForkJoinPool.commonPool-worker-6/INFO] [DEBUG] Atlas assembly for 6.184ms
[22:14:51] [Client thread/INFO] [DEBUG] upload atlas for 3.000ms
[22:14:51] [Client thread/INFO] [DEBUG] Generate mipmaps for 0.005ms
[22:14:51] [Client thread/INFO] [OptiFine] Animated sprites: 0
[22:14:51] [Client thread/INFO] [OptiFine] CustomColors: Loading mcpatcher/color.properties
[22:14:51] [Client thread/INFO] Textures loaded for 1096.358ms
[22:14:59] [Network thread/INFO] Protocol upgrade mask: 157
[22:14:59] [Network thread/INFO] Upgrading protocol
[22:14:59] [Client thread/INFO] Invalidating server data
[22:14:59] [Client thread/INFO] [STDOUT]: [Enginex v5.16.1 - Wada] [Wada/debug] reload requested: ServerSwitch
[22:14:59] [Client thread/INFO] [STDOUT]: [Enginex v5.16.1 - Wada] [Wada/debug] cleanAndReload begin: sessionId=10, awaitingHandshake=true
[22:14:59] [Client thread/INFO] [STDOUT]: [Enginex v5.16.1 - Wada] VAO support: true
[22:14:59] [Client thread/INFO] [STDOUT]: [Enginex v5.16.1 - Wada] Initialization with mod Wada
[22:14:59] [Client thread/INFO] [STDOUT]: [Enginex v5.16.1 - Wada] Successfully initialized
[22:15:00] [Client thread/INFO] Loaded mod Visual Driver/4af25f4f-9390-6d69-a3c0-283ebf411bce v3.8.31+9da32142 in 6 ms
[22:15:00] [Client thread/INFO] Loaded mod HubMod/2e343ee2-14ca-dd0a-a0f2-94b9aac71bf7 v1.4.5 in 8 ms
[22:15:00] [Client thread/INFO] Joining server Хаб #2
[22:15:01] [Client thread/INFO] [STDOUT]: [Enginex v5.16.1 - Wada] [Wada/debug] handshake complete (w4:load), awaitingHandshake=false, sessionId=10
[22:15:05] [Network thread/INFO] Protocol upgrade mask: 157
[22:15:05] [Network thread/INFO] Upgrading protocol
[22:15:05] [Client thread/INFO] Invalidating server data
[22:15:05] [Client thread/INFO] Unloading mod HubMod/2e343ee2-14ca-dd0a-a0f2-94b9aac71bf7
[22:15:05] [Client thread/INFO] Unloading mod Visual Driver/4af25f4f-9390-6d69-a3c0-283ebf411bce
[22:15:05] [Client thread/INFO] [STDOUT]: [Enginex v5.16.1 - Wada] [Wada/debug] reload requested: ServerSwitch
[22:15:05] [Client thread/INFO] [STDOUT]: [Enginex v5.16.1 - Wada] [Wada/debug] cleanAndReload begin: sessionId=11, awaitingHandshake=true
[22:15:05] [Client thread/INFO] [STDOUT]: [Enginex v5.16.1 - Wada] VAO support: true
[22:15:05] [Client thread/INFO] [STDOUT]: [Enginex v5.16.1 - Wada] Initialization with mod Wada
[22:15:05] [Client thread/INFO] [STDOUT]: [Enginex v5.16.1 - Wada] Successfully initialized
[22:15:05] [Client thread/INFO] Found file C:\Users\tveiv\.cristalix\updates\Minigames\server-resource-packs\40bb4597c7ce6b5b4690666d2a8804747a202ba3 matching requested hash 2a33a213ea168e73eaf34aeab631978eb6603e7b
[22:15:05] [Client thread/INFO] Cache hit
[22:15:05] [Client thread/INFO] Joining server VoidGame #3
[22:15:05] [Client thread/INFO] Reloading ResourceManager: assets-addon.jar, Default, 40bb4597c7ce6b5b4690666d2a8804747a202ba3
[22:15:05] [Client thread/WARN] Missing sound for event: minecraft:entity.turtle.ambient
[22:15:05] [Client thread/WARN] Missing sound for event: minecraft:entity.turtle.baby_hurt
[22:15:05] [Client thread/WARN] Missing sound for event: minecraft:entity.turtle.hurt
[22:15:05] [Client thread/WARN] Missing sound for event: minecraft:entity.turtle.baby_death
[22:15:05] [Client thread/WARN] Missing sound for event: minecraft:entity.turtle.death
[22:15:05] [Client thread/WARN] Missing sound for event: minecraft:entity.turtle.baby_step
[22:15:05] [Client thread/WARN] Missing sound for event: minecraft:entity.turtle.step
[22:15:05] [Client thread/WARN] Missing sound for event: minecraft:entity.turtle.swim
[22:15:05] [Client thread/WARN] Missing sound for event: minecraft:block.turtle_egg.crack
[22:15:05] [Client thread/WARN] Missing sound for event: minecraft:block.turtle_egg.egg_break
[22:15:05] [Client thread/WARN] Missing sound for event: minecraft:block.turtle_egg.fall
[22:15:05] [Client thread/WARN] Missing sound for event: minecraft:block.turtle_egg.hatch
[22:15:05] [Client thread/INFO] SoundSystem shutting down...
[22:15:05] [Client thread/WARN] Author: Paul Lamb, www.paulscode.com
[22:15:05] [Client thread/INFO] Starting up SoundSystem...
[22:15:05] [Thread-58/INFO] Initializing LWJGL OpenAL
[22:15:05] [Thread-58/INFO] (The LWJGL binding of OpenAL.  For more information, see http://www.lwjgl.org)
[22:15:05] [Thread-58/INFO] OpenAL audio device: OpenAL Soft on Динамики (MCHOSE V9 PRO)
[22:15:05] [Thread-58/INFO] OpenAL initialized.
[22:15:05] [Client thread/INFO] Sound engine reloaded
[22:15:05] [ForkJoinPool.commonPool-worker-1/WARN] Unable to load variant: axis=x from minecraft:lodestone#axis=x
[22:15:05] [ForkJoinPool.commonPool-worker-1/WARN] Unable to load variant: axis=y from minecraft:lodestone#axis=y
[22:15:05] [ForkJoinPool.commonPool-worker-1/WARN] Unable to load variant: axis=z from minecraft:lodestone#axis=z
[22:15:05] [ForkJoinPool.commonPool-worker-1/ERROR] Unable to load item model: 'minecraft:mcpatcher/cit/others/megumin_hat#inventory' for item: 'minecraft:mcpatcher/cit/others/megumin_hat'
[22:15:05] [ForkJoinPool.commonPool-worker-1/INFO] [OptiFine] Mipmap levels: 4
[22:15:05] [ForkJoinPool.commonPool-worker-1/INFO] [OptiFine] Multi-texturing: false
[22:15:05] [ForkJoinPool.commonPool-worker-1/INFO] [OptiFine] Multipass connected textures: false
[22:15:05] [ForkJoinPool.commonPool-worker-1/INFO] [OptiFine] BetterGrass: Parsing default configuration optifine/bettergrass.properties
[22:15:05] [ForkJoinPool.commonPool-worker-1/FATAL] [OptiFine] Scaled too small texture: minecraft:particles/glow_2, 8 -> 16
[22:15:05] [ForkJoinPool.commonPool-worker-1/FATAL] [OptiFine] Scaled too small texture: minecraft:particles/glow_1, 8 -> 16
[22:15:05] [ForkJoinPool.commonPool-worker-1/FATAL] [OptiFine] Scaled too small texture: minecraft:particles/glow_0, 8 -> 16
[22:15:05] [ForkJoinPool.commonPool-worker-1/FATAL] [OptiFine] Scaled too small texture: minecraft:particles/glow_6, 8 -> 16
[22:15:05] [ForkJoinPool.commonPool-worker-1/FATAL] [OptiFine] Scaled too small texture: minecraft:particles/glow_5, 8 -> 16
[22:15:05] [ForkJoinPool.commonPool-worker-1/FATAL] [OptiFine] Scaled too small texture: minecraft:particles/glow_4, 8 -> 16
[22:15:05] [ForkJoinPool.commonPool-worker-1/FATAL] [OptiFine] Scaled too small texture: minecraft:particles/glow_3, 8 -> 16
[22:15:05] [ForkJoinPool.commonPool-worker-1/FATAL] [OptiFine] Scaled too small texture: minecraft:particles/glow_9, 8 -> 16
[22:15:05] [ForkJoinPool.commonPool-worker-1/FATAL] [OptiFine] Scaled too small texture: minecraft:particles/glow_8, 8 -> 16
[22:15:05] [ForkJoinPool.commonPool-worker-1/FATAL] [OptiFine] Scaled too small texture: minecraft:particles/glow_7, 8 -> 16
[22:15:05] [ForkJoinPool.commonPool-worker-1/ERROR] Using missing texture, unable to load minecraft:textures/items/wooden_sword.png
[22:15:05] [ForkJoinPool.commonPool-worker-1/FATAL] [OptiFine] Scaled too small texture: minecraft:particles/glow_11, 8 -> 16
[22:15:05] [ForkJoinPool.commonPool-worker-1/FATAL] [OptiFine] Scaled too small texture: minecraft:particles/glow_10, 8 -> 16
[22:15:05] [ForkJoinPool.commonPool-worker-1/FATAL] [OptiFine] Scaled too small texture: minecraft:particles/glow_13, 8 -> 16
[22:15:05] [ForkJoinPool.commonPool-worker-1/FATAL] [OptiFine] Scaled too small texture: minecraft:particles/glow_12, 8 -> 16
[22:15:05] [ForkJoinPool.commonPool-worker-1/FATAL] [OptiFine] Scaled too small texture: minecraft:particles/glow_15, 8 -> 16
[22:15:05] [ForkJoinPool.commonPool-worker-1/FATAL] [OptiFine] Scaled too small texture: minecraft:particles/glow_14, 8 -> 16
[22:15:05] [ForkJoinPool.commonPool-worker-1/INFO] load sprites for 5ms
[22:15:05] [ForkJoinPool.commonPool-worker-1/INFO] Created: 1024x1024 textures-atlas in 20ms
[22:15:05] [ForkJoinPool.commonPool-worker-1/INFO] [DEBUG] Atlas assembly for 2.590ms
[22:15:05] [Client thread/INFO] [DEBUG] upload atlas for 1.872ms
[22:15:05] [Client thread/INFO] [DEBUG] Generate mipmaps for 0.004ms
[22:15:05] [Client thread/INFO] [OptiFine] Animated sprites: 0
[22:15:05] [Client thread/INFO] [OptiFine] CustomColors: Loading mcpatcher/color.properties
[22:15:05] [Client thread/INFO] Textures loaded for 416.936ms
[22:15:06] [Client thread/INFO] Start loading of mod VoidMod
[22:15:06] [Client thread/INFO] Loading mod VoidMod v1.0+089d877 by ZeksterP
[22:15:06] [Client thread/INFO] [STDOUT]: [Enginex v5.13.11-TEST-2 - VoidMod] VAO support: true
[22:15:06] [Client thread/INFO] [STDOUT]: [Enginex v5.13.11-TEST-2 - VoidMod] Initialization with mod VoidMod
[22:15:06] [Client thread/INFO] [STDOUT]: [Enginex v5.13.11-TEST-2 - VoidMod] Successfully initialized
[22:15:06] [Client thread/INFO] Loaded mod VoidMod v1.0+089d877 in 812 ms
[22:15:06] [Client thread/INFO] [STDOUT]: [Enginex v5.16.1 - Wada] [Wada/debug] handshake complete (w4:load), awaitingHandshake=false, sessionId=11
[22:15:10] [Client thread/INFO] [CHAT] [13] EnderTech74 » ещё раз?
[22:15:12] [Client thread/INFO] [CHAT] Tveiv получил Собиратель мусора
[22:15:13] [Client thread/INFO] [CHAT] [7] P+ ┃ iksdol » го
[22:15:22] [Client thread/INFO] [CHAT] Авто-кликер включен
[22:15:23] [Client thread/INFO] [CHAT] Tveiv получил Расшифровщик Валотайла
[22:15:23] [Client thread/INFO] [CHAT] Получено 46 звезд
[22:15:23] [Client thread/INFO] [CHAT] Урон игрока Tveiv: 1799
[22:15:24] [Client thread/INFO] [CHAT] Tveiv получил Дух предстоящей победы
[22:15:30] [Client thread/INFO] [CHAT] Tveiv получил Бонус скорости x2
[22:15:33] [Client thread/INFO] [CHAT] Получено 46 звезд
[22:15:33] [Client thread/INFO] [CHAT] Урон игрока Tveiv: 2509
[22:15:35] [Client thread/INFO] [CHAT] Tveiv получил Зеркало Катастрофы
[22:15:35] [Client thread/INFO] [CHAT] Механическое создание ужасающе анализирует Вас. Может, Вам стоит сбежать?
[22:15:36] [Client thread/INFO] [CHAT] Механический помощник Валотайла: Дай руку.
[22:15:37] [Client thread/INFO] [CHAT] Создание осматривает вашу руку и..
[22:15:39] [Client thread/INFO] [CHAT] Надевает на неё браслет!
[22:15:39] [Client thread/INFO] [CHAT] Механический помощник Валотайла: Это поможет.
[22:15:39] [Client thread/INFO] [CHAT] Tveiv получил Спокойствие разума
[22:15:44] [Client thread/INFO] [CHAT] Получено 46 звезд
[22:15:44] [Client thread/INFO] [CHAT] Урон игрока Tveiv: 2288
[22:15:45] [Client thread/INFO] [CHAT] Tveiv получил Бонус скорости x2
[22:15:54] [Client thread/INFO] [CHAT] Получено 46 звезд
[22:15:54] [Client thread/INFO] [CHAT] Урон игрока Tveiv: 4735
[22:15:55] [Client thread/INFO] [CHAT] Tveiv получил Висп в бутылке x2
[22:15:56] [Client thread/INFO] [CHAT] Tveiv получил Паранойя Победителя x2
[22:16:02] [Client thread/INFO] [CHAT] Получено 47 звезд
[22:16:02] [Client thread/INFO] [CHAT] Урон игрока Tveiv: 1765
[22:16:02] [Client thread/INFO] [CHAT] Tveiv получил Фатальная бессонница x2
[22:16:32] [Client thread/INFO] [CHAT] [13] EnderTech74 » запускай
[22:16:55] [Client thread/INFO] [CHAT] [30] Hekus_01 » [Пожиратель магии ♡ +8]
[22:17:45] [Client thread/INFO] [CHAT] Tveiv получил Собиратель мусора
[22:17:50] [Client thread/INFO] [CHAT] Получено 48 звезд
[22:17:50] [Client thread/INFO] [CHAT] Урон игрока Tveiv: 1826
[22:17:52] [Client thread/INFO] [CHAT] Tveiv получил Бонус здоровья
[22:18:00] [Client thread/INFO] [CHAT] Получено 46 звезд
[22:18:00] [Client thread/INFO] [CHAT] Урон игрока Tveiv: 2494
[22:18:01] [Client thread/INFO] [CHAT] Tveiv получил Фатальная бессонница
[22:18:08] [Client thread/INFO] [CHAT] Получено 47 звезд
[22:18:08] [Client thread/INFO] [CHAT] Урон игрока Tveiv: 2509
[22:18:09] [Client thread/INFO] [CHAT] Tveiv получил Карта выбора
[22:18:20] [Client thread/INFO] [CHAT] Получено 45 звезд
[22:18:20] [Client thread/INFO] [CHAT] Урон игрока Tveiv: 4704
[22:18:21] [Client thread/INFO] [CHAT] Tveiv получил Сетка для ловли звёзд
[22:18:22] [Client thread/INFO] [CHAT] Tveiv получил Проклятие
[22:18:23] [Client thread/INFO] [CHAT] Солнечная армия вторглась в Ваш мир!
[22:18:32] [Client thread/INFO] [CHAT] Tveiv получил Бонус здоровья
[22:18:32] [Client thread/INFO] [CHAT] Tveiv получил Бонус урона
[22:18:35] [Client thread/INFO] [CHAT] Получено 67 звезд
[22:18:35] [Client thread/INFO] [CHAT] Урон игрока Tveiv: 1801
[22:18:37] [Client thread/INFO] [CHAT] Tveiv получил Острый клинок
[22:19:03] [Client thread/INFO] [CHAT] Tveiv получил Собиратель мусора
[22:19:11] [Client thread/INFO] [CHAT] Получено 47 звезд
[22:19:11] [Client thread/INFO] [CHAT] Урон игрока Tveiv: 1633
[22:19:12] [Client thread/INFO] [CHAT] Tveiv получил Небытие
[22:19:21] [Client thread/INFO] [CHAT] Получено 46 звезд
[22:19:21] [Client thread/INFO] [CHAT] Урон игрока Tveiv: 2292
[22:19:22] [Client thread/INFO] [CHAT] Tveiv получил Бонус здоровья
[22:19:28] [Client thread/INFO] [CHAT] Tveiv получил Разрушитель звёзд
[22:19:32] [Client thread/INFO] [CHAT] Tveiv получил Бонус скорости
[22:19:32] [Client thread/INFO] [CHAT] Получено 46 звезд
[22:19:32] [Client thread/INFO] [CHAT] Получено 40 звезд
[22:19:32] [Client thread/INFO] [CHAT] Урон игрока Tveiv: 3185
[22:19:36] [Client thread/INFO] [CHAT] Tveiv получил Бонус урона x2
[22:19:43] [Client thread/INFO] [CHAT] Получено 45 звезд
[22:19:43] [Client thread/INFO] [CHAT] Получено 40 звезд
[22:19:43] [Client thread/INFO] [CHAT] Урон игрока Tveiv: 5142
[22:19:44] [Client thread/INFO] [CHAT] Tveiv получил Бонус уровня
[22:19:45] [Client thread/INFO] [CHAT] Солнечная армия вторглась в Ваш мир!
[22:19:53] [Client thread/INFO] [CHAT] Tveiv получил Бонус здоровья
[22:19:53] [Client thread/INFO] [CHAT] Tveiv получил Бонус урона
[22:19:57] [Client thread/INFO] [CHAT] Получено 48 звезд
[22:19:57] [Client thread/INFO] [CHAT] Получено 40 звезд
[22:19:57] [Client thread/INFO] [CHAT] Урон игрока Tveiv: 2375
[22:20:25] [Client thread/INFO] [CHAT] Tveiv получил Собиратель мусора
[22:20:31] [Client thread/INFO] [CHAT] Получено 47 звезд
[22:20:31] [Client thread/INFO] [CHAT] Урон игрока Tveiv: 1579
[22:20:32] [Client thread/INFO] [CHAT] Tveiv получил Черная карта
[22:20:43] [Client thread/INFO] [CHAT] Получено 46 звезд
[22:20:43] [Client thread/INFO] [CHAT] Урон игрока Tveiv: 2249
[22:20:44] [Client thread/INFO] [CHAT] Tveiv получил Бонус здоровья x2
[22:20:50] [Client thread/INFO] [CHAT] Получено 47 звезд
[22:20:50] [Client thread/INFO] [CHAT] Урон игрока Tveiv: 2296
[22:20:51] [Client thread/INFO] [CHAT] Tveiv получил Спарагмос x2
[22:20:52] [Client thread/INFO] [CHAT] Последователь Этоля появляется в комнате.
[22:20:53] [Client thread/INFO] [CHAT] Астролог: Странник Тьмы, я рад видеть тебя. Позволь мне помочь в твоих странствиях, давай свою экипировку.
[22:20:54] [Client thread/INFO] [CHAT] Оружие получает +2 к уровню зачарования, а остальные предметы - +4
[22:21:01] [Client thread/INFO] [CHAT] Tveiv получил Бонус скорости
[22:21:07] [Client thread/INFO] [CHAT] Получено 45 звезд
[22:21:07] [Client thread/INFO] [CHAT] Урон игрока Tveiv: 4040
[22:21:08] [Client thread/INFO] [CHAT] Tveiv получил Сетка для ловли звёзд x2
[22:21:10] [Client thread/INFO] [CHAT] Tveiv получил Бонус уровня x2
[22:21:12] [Client thread/INFO] [CHAT] Солнечная армия вторглась в Ваш мир!
[22:21:20] [Client thread/INFO] [CHAT] Tveiv получил Бонус здоровья
[22:21:20] [Client thread/INFO] [CHAT] Tveiv получил Бонус урона
[22:21:27] [Client thread/INFO] [CHAT] Получено 84 звезд
[22:21:27] [Client thread/INFO] [CHAT] Урон игрока Tveiv: 2871
[22:21:28] [Client thread/INFO] [CHAT] Tveiv получил Фатальная бессонница x2
[22:21:29] [Client thread/INFO] [CHAT] Последователь и его группа ожидают от Вас ответа.
[22:21:32] [Client thread/INFO] [CHAT] Последователь Этоля: Неправильно! Ты заслуживаешь наказание!
[22:21:32] [Client thread/INFO] [CHAT] Tveiv получил Унижение
[22:21:35] [Client thread/INFO] [CHAT] Цель уклонилась от атаки на 42%
[22:21:36] [Client thread/INFO] [CHAT] Цель уклонилась от атаки на 40%
[22:21:36] [Client thread/INFO] [CHAT] Цель уклонилась от атаки на 38%
[22:21:38] [Client thread/INFO] [CHAT] Цель уклонилась от атаки на 26%
[22:21:41] [Client thread/INFO] [CHAT] Цель уклонилась от атаки на 48%
[22:21:43] [Client thread/INFO] [CHAT] Цель уклонилась от атаки на 38%
[22:21:44] [Client thread/INFO] [CHAT] Цель уклонилась от атаки на 44%
[22:21:44] [Client thread/INFO] [CHAT] [13] EnderTech74 » пойдём в усиление?
[22:21:47] [Client thread/INFO] [CHAT] Цель уклонилась от атаки на 30%
[22:21:52] [Client thread/INFO] [CHAT] Цель уклонилась от атаки на 36%
[22:21:54] [Client thread/INFO] [CHAT] Цель уклонилась от атаки на 42%
[22:21:59] [Client thread/INFO] [CHAT] Цель уклонилась от атаки на 28%
[22:22:08] [Client thread/INFO] [CHAT] [13] EnderTech74 » базовое усложнение уровня
[22:22:16] [Client thread/INFO] [CHAT] [23] V ┃ RatBurger » дочистить надо
[22:22:51] [Client thread/INFO] [CHAT] Tveiv получил Собиратель мусора
[22:22:57] [Client thread/INFO] [CHAT] Получено 47 звезд
[22:22:57] [Client thread/INFO] [CHAT] Урон игрока Tveiv: 1652
[22:23:00] [Client thread/INFO] [CHAT] Tveiv получил Черная карта
[22:23:01] [Client thread/INFO] [CHAT] Вы находите лестницу отчаяния. Каждый, кто рискнёт ступить на неё, обречён на невероятные мучения. Но кто знает, что хранит вершина?
[22:23:25] [Client thread/INFO] [CHAT] Tveiv получил Собиратель мусора
[22:23:32] [Client thread/INFO] [CHAT] Получено 47 звезд
[22:23:32] [Client thread/INFO] [CHAT] Урон игрока Tveiv: 1688
[22:23:33] [Client thread/INFO] [CHAT] Tveiv получил Небытие
[22:23:33] [Client thread/INFO] [CHAT] [19] Chebypeelka » базовый крит урон игрока?
[22:23:35] [Client thread/INFO] [CHAT] Вы находите лестницу отчаяния. Каждый, кто рискнёт ступить на неё, обречён на невероятные мучения. Но кто знает, что хранит вершина?
[22:23:39] [Client thread/INFO] [CHAT] [30] D ┃ MistressFeet » 75
[22:23:53] [Client thread/INFO] [CHAT] Tveiv получил Раб души
[22:24:10] [Client thread/INFO] [CHAT] [13] EnderTech74 » ещё раз?
[22:24:13] [Client thread/INFO] [CHAT] [7] P+ ┃ iksdol » да
[22:24:17] [Client thread/INFO] [CHAT] [7] P+ ┃ iksdol » запускай просто
[22:24:22] [Client thread/INFO] [CHAT] Получено 37 звезд
[22:24:22] [Client thread/INFO] [CHAT] Урон игрока Tveiv: 0
[22:24:24] [Client thread/INFO] [CHAT] Tveiv получил Внутренняя сила
[22:24:26] [Client thread/INFO] [CHAT] Свет, исполняющий Желание: Чего ты желаешь? Я исполню все, что ты хочешь.
[22:24:26] [Client thread/INFO] [CHAT] [7] P+ ┃ iksdol » я долго буду играть
[22:24:33] [Client thread/INFO] [CHAT] Свет, исполняющий Желание: Ты желаешь унижение? Будет исполнено.
[22:24:36] [Client thread/INFO] [CHAT] Свет, исполняющий Желание: Ваше желание исполнено.
[22:24:36] [Client thread/INFO] [CHAT] Tveiv получил Унижение
[22:24:38] [Client thread/INFO] [CHAT] [19] Chebypeelka » спасибо что подсказали
[22:24:45] [Client thread/INFO] [CHAT] Получено 46 звезд
[22:24:45] [Client thread/INFO] [CHAT] Урон игрока Tveiv: 2509
[22:24:47] [Client thread/INFO] [CHAT] Tveiv получил Острый клинок
[22:24:51] [Client thread/INFO] [CHAT] [13] EnderTech74 » больше на лестницу не идём
[22:24:57] [Client thread/INFO] [CHAT] Цель уклонилась от атаки на 49%
[22:25:01] [Client thread/INFO] [CHAT] Получено 45 звезд
[22:25:01] [Client thread/INFO] [CHAT] Урон игрока Tveiv: 4859
[22:25:02] [Client thread/INFO] [CHAT] Tveiv получил Расшифровщик Валотайла
[22:25:03] [Client thread/INFO] [CHAT] [13] EnderTech74 » стой
[22:25:03] [Client thread/INFO] [CHAT] [7] P+ ┃ iksdol » это чо
[22:25:03] [Client thread/INFO] [CHAT] Tveiv получил Спарагмос
[22:25:04] [Client thread/INFO] [CHAT] Последователь и его группа ожидают от Вас ответа.
[22:25:10] [Client thread/INFO] [CHAT] Последователь Этоля: Превосходный ответ, мы ожидаем от тебя свершений.
[22:25:10] [Client thread/INFO] [CHAT] Tveiv получил Бонус урона
[22:25:12] [Client thread/INFO] [CHAT] [13] EnderTech74 » напиши там
[22:25:13] [Client thread/INFO] [CHAT] Получено 48 звезд
[22:25:13] [Client thread/INFO] [CHAT] Урон игрока Tveiv: 1993
[22:25:15] [Client thread/INFO] [CHAT] [13] EnderTech74 » квазар
[22:25:15] [Client thread/INFO] [CHAT] Tveiv получил Зеркало Катастрофы
[22:25:16] [Client thread/INFO] [CHAT] Механическое создание ужасающе анализирует Вас. Может, Вам стоит сбежать?
[22:25:17] [Client thread/INFO] [CHAT] Механический помощник Валотайла: Дай руку.
[22:25:18] [Client thread/INFO] [CHAT] Создание осматривает вашу руку и..
[22:25:20] [Client thread/INFO] [CHAT] Резко её отрывает! Оторванная рука сильно кровоточит!
[22:25:20] [Client thread/INFO] [CHAT] Механический помощник Валотайла: Спасибо.
[22:25:21] [Client thread/INFO] [CHAT] Цель уклонилась от атаки на 34%
[22:25:23] [Client thread/INFO] [CHAT] Цель уклонилась от атаки на 41%
[22:25:24] [Client thread/INFO] [CHAT] Цель уклонилась от атаки на 35%
[22:25:26] [Client thread/INFO] [CHAT] Цель уклонилась от атаки на 28%
[22:25:30] [Client thread/INFO] [CHAT] Цель уклонилась от атаки на 43%
[22:25:34] [Client thread/INFO] [CHAT] Цель уклонилась от атаки на 43%
[22:26:34] [Client thread/INFO] [CHAT] Tveiv получил Собиратель мусора
[22:26:38] [Client thread/INFO] [CHAT] [13] EnderTech74 » дай ему руку
[22:26:44] [Client thread/INFO] [CHAT] Получено 46 звезд
[22:26:44] [Client thread/INFO] [CHAT] Урон игрока Tveiv: 4355
[22:26:45] [Client thread/INFO] [CHAT] Tveiv получил Приманка
[22:27:09] [Client thread/INFO] [CHAT] Получено 40 звезд
[22:27:09] [Client thread/INFO] [CHAT] Урон игрока Tveiv: 9996
[22:27:11] [Client thread/INFO] [CHAT] Tveiv получил Пениафобия
[22:27:35] [Client thread/INFO] [CHAT] Получено 40 звезд
[22:27:35] [Client thread/INFO] [CHAT] Урон игрока Tveiv: 8891
[22:27:38] [Client thread/INFO] [CHAT] Tveiv получил Черная магия
[22:27:47] [Client thread/INFO] [CHAT] [7] P+ ┃ iksdol » пипец выпало
[22:27:48] [Client thread/INFO] [CHAT] Получено 46 звезд
[22:27:48] [Client thread/INFO] [CHAT] Урон игрока Tveiv: 6157
[22:27:49] [Client thread/INFO] [CHAT] Tveiv получил Маноед
[22:27:50] [Client thread/INFO] [CHAT] Tveiv получил Шестерёнки страха
[22:27:51] [Client thread/INFO] [CHAT] Свет, исполняющий Желание: Чего ты желаешь? Я исполню все, что ты хочешь.
[22:27:52] [Client thread/INFO] [CHAT] [13] EnderTech74 » ага
[22:27:57] [Client thread/INFO] [CHAT] Свет, исполняющий Желание: Ты желаешь гидра? Будет исполнено.
[22:28:00] [Client thread/INFO] [CHAT] Свет, исполняющий Желание: Ваше желание исполнено.
[22:28:00] [Client thread/INFO] [CHAT] Tveiv получил Гидра
[22:28:11] [Client thread/INFO] [CHAT] [23] FestyLaym » казнить либ сбежать
[22:28:20] [Client thread/INFO] [CHAT] [23] FestyLaym » тебя
[22:28:26] [Client thread/INFO] [CHAT] Получено 39 звезд
[22:28:26] [Client thread/INFO] [CHAT] Урон игрока Tveiv: 10454
[22:28:28] [Client thread/INFO] [CHAT] Tveiv получил Нож на перестрелке x2
[22:28:29] [Client thread/INFO] [CHAT] Исцеление появляется в комнате.
[22:28:31] [Client thread/INFO] [CHAT] Tveiv получил Взгляд Расимы
[22:28:31] [Client thread/INFO] [CHAT] Расима: Я не могу помочь тебе, но буду наблюдать.
[22:28:36] [Client thread/INFO] [CHAT] [7] P+ ┃ iksdol » повезло
[22:28:39] [Client thread/INFO] [CHAT] [13] EnderTech74 » все, не крути
[22:29:04] [Client thread/INFO] [CHAT] Получено 36 звезд
[22:29:04] [Client thread/INFO] [CHAT] Урон игрока Tveiv: 25383
[22:29:07] [Client thread/INFO] [CHAT] Tveiv получил Башня яркой Луны
[22:29:12] [Client thread/INFO] [CHAT] Загадочное зеркало материализовалось в комнате.
[22:29:12] [Client thread/INFO] [CHAT] ЛКМ - Разбить зеркало
[22:29:12] [Client thread/INFO] [CHAT] ПКМ - Заглянуть в зеркало
[22:29:12] [Client thread/FATAL] Error executing task
java.util.concurrent.ExecutionException: java.lang.IllegalArgumentException: URI is not absolute
	at java.base/java.util.concurrent.FutureTask.report(Unknown Source)
	at java.base/java.util.concurrent.FutureTask.get(Unknown Source)
	at #ankXZ.skOv(SourceFile:46)
	at #bBoCn.fLx(SourceFile:52)
	at #lABBH.sgvJ(Unknown Source:1466)
	at #ZQCSx.shqa(SourceFile:1632)
	at #kQsKH.smKh(SourceFile:487)
	at net.minecraft.client.main.GameMain.mgm(SourceFile:220)
	at net.minecraft.client.main.GameMain.iLJ(SourceFile:156)
	at #cnUTs.lIs(Unknown Source)
	at #cnUTs.run(Unknown Source)
	at java.base/java.lang.Thread.run(Unknown Source)
Caused by: java.lang.IllegalArgumentException: URI is not absolute
	at java.base/java.net.URL.of(Unknown Source)
	at #lccti.sdvz(SourceFile:250)
	at #YdQwo.seAd(SourceFile:204)
	at #JLCmF.sgTq(SourceFile:508)
	at #eeeNb.lcy(Unknown Source)
	at #eeeNb.run(Unknown Source)
	at java.base/java.util.concurrent.Executors$RunnableAdapter.call(Unknown Source)
	at java.base/java.util.concurrent.FutureTask.run(Unknown Source)
	at #ankXZ.skOv(SourceFile:45)
	... 9 more
[22:29:15] [Client thread/INFO] [CHAT] Вы заглядываете в зеркало и видите в нём себя. Внезапно, зеркало исчезает и Ваше отражение бросается в атаку.
[22:29:20] [Client thread/INFO] [CHAT] Tveiv получил Зеркальный
[22:29:23] [Client thread/INFO] [CHAT] Получено 47 звезд
[22:29:23] [Client thread/INFO] [CHAT] Урон игрока Tveiv: 16645
[22:29:23] [Client thread/INFO] [CHAT] [13] EnderTech74 » ещё раз?
[22:29:24] [Client thread/INFO] [CHAT] Tveiv получил Прогноз погоды
[22:29:25] [Client thread/INFO] [CHAT] Исцеление появляется в комнате.
[22:29:28] [Client thread/INFO] [CHAT] [7] P+ ┃ iksdol » го полегче чтоб мне хоть чото зарабатывать
[22:29:31] [Client thread/INFO] [CHAT] Tveiv получил Взгляд Расимы
[22:29:31] [Client thread/INFO] [CHAT] Расима: Я не могу помочь тебе, но буду наблюдать.
[22:29:32] [Client thread/INFO] [CHAT] [7] P+ ┃ iksdol » чтоб прокачиваться
[22:29:41] [Client thread/INFO] [CHAT] Получено 45 звезд
[22:29:41] [Client thread/INFO] [CHAT] Урон игрока Tveiv: 8660
[22:29:42] [Client thread/INFO] [CHAT] Tveiv получил Черная карта
[22:29:59] [Client thread/INFO] [CHAT] Получено 44 звезд
[22:29:59] [Client thread/INFO] [CHAT] Урон игрока Tveiv: 24901
[22:30:00] [Client thread/INFO] [CHAT] Tveiv получил Ключ к Победе
[22:30:04] [Client thread/INFO] [CHAT] Tveiv получил Катастрофизация x3
[22:30:15] [Client thread/INFO] [CHAT] Потеряно 54 звезд
[22:30:15] [Client thread/INFO] [CHAT] Tveiv получил Небытие
[22:30:16] [Client thread/INFO] [CHAT] На Вас наложено Проклятие Страха, Ваш вампиризм заблокирован
[22:30:26] [Client thread/INFO] [CHAT] Tveiv получил Пожиратель энергии
[22:30:28] [Client thread/INFO] [CHAT] Tveiv получил Бонус урона x2
[22:30:29] [Client thread/INFO] [CHAT] Получено 44 звезд
[22:30:29] [Client thread/INFO] [CHAT] Урон игрока Tveiv: 30303
[22:30:29] [Client thread/INFO] [CHAT] На Вас наложено Проклятие Страха, Ваш вампиризм заблокирован
[22:30:32] [Client thread/INFO] [CHAT] Tveiv получил Грохот научного триумфа
[22:30:38] [Client thread/INFO] [CHAT] Потеряно 220 звезд
[22:30:38] [Client thread/INFO] [CHAT] Tveiv получил Башня яркой Луны
[22:30:38] [Client thread/INFO] [CHAT] Зверь появляется в комнате.
[22:30:40] [Client thread/INFO] [CHAT] Tveiv получил Дурак
[22:30:40] [Client thread/INFO] [CHAT] Tveiv получил Унижение
[22:30:40] [Client thread/INFO] [CHAT] Tveiv получил Паранойя Победителя
[22:30:42] [Client thread/INFO] [CHAT] Цель уклонилась от атаки на 35%
[22:30:42] [Client thread/INFO] [CHAT] На Вас наложено Проклятие Крови, Вы получаете урон за каждую нанесенную атаку
[22:30:47] [Client thread/INFO] [CHAT] Цель уклонилась от атаки на 31%
[22:30:48] [Client thread/INFO] [CHAT] Цель уклонилась от атаки на 31%
[22:30:48] [Client thread/INFO] [CHAT] Цель уклонилась от атаки на 28%
[22:30:53] [Client thread/INFO] [CHAT] Tveiv получил Бонус маны
[22:30:53] [Client thread/INFO] [CHAT] Tveiv получил Стеклянная кукла
[22:30:53] [Client thread/INFO] [CHAT] Tveiv получил Спокойствие разума
[22:30:55] [Client thread/INFO] [CHAT] Цель уклонилась от атаки на 47%
[22:30:55] [Client thread/INFO] [CHAT] На Вас наложено Проклятие Страха, Ваш вампиризм заблокирован
[22:30:55] [Client thread/INFO] [CHAT] Получено 43 звезд
[22:30:55] [Client thread/INFO] [CHAT] Урон игрока Tveiv: 10589
[22:30:57] [Client thread/INFO] [CHAT] Tveiv получил Бонус уровня x3
[22:31:03] [Client thread/INFO] [CHAT] Цель уклонилась от атаки на 33%
[22:31:08] [Client thread/INFO] [CHAT] На Вас наложено Проклятие Крови, Вы получаете урон за каждую нанесенную атаку
[22:31:21] [Client thread/INFO] [CHAT] Цель уклонилась от атаки на 30%
[22:31:21] [Client thread/INFO] [CHAT] На Вас наложено Проклятие Крови, Вы получаете урон за каждую нанесенную атаку
[22:31:21] [Client thread/INFO] [CHAT] На Вас наложено Проклятие Страха, Ваш вампиризм заблокирован
[22:31:21] [Client thread/INFO] [CHAT] На Вас наложено Проклятие Крови, Вы получаете урон за каждую нанесенную атаку
[22:31:27] [Client thread/INFO] [CHAT] Цель уклонилась от атаки на 50%
[22:31:28] [Client thread/INFO] [CHAT] Цель уклонилась от атаки на 43%
[22:31:30] [Client thread/INFO] [CHAT] Получено 37 звезд
[22:31:30] [Client thread/INFO] [CHAT] Урон игрока Tveiv: 36829
[22:31:31] [Client thread/INFO] [CHAT] Tveiv получил Ножницы пространства x2
[22:31:33] [Client thread/INFO] [CHAT] Потеряно 56 звезд
[22:31:33] [Client thread/INFO] [CHAT] Tveiv получил Чаша Победителей
[22:31:34] [Client thread/INFO] [CHAT] На Вас наложено Проклятие Крови, Вы получаете урон за каждую нанесенную атаку
[22:31:35] [Client thread/INFO] [CHAT] Потеряно 56 звезд
[22:31:35] [Client thread/INFO] [CHAT] Tveiv получил Мое последнее перерождение в мире звезд, подаренное Исцелением
[22:31:37] [Client thread/INFO] [CHAT] Последователи Бедствия появляются в комнате.
[22:31:38] [Client thread/INFO] [CHAT] Наследница Бедствия: Странник Тьмы, ты же направляешься к Расиме?
[22:31:39] [Client thread/INFO] [CHAT] Наследница Бедствия: Мы можем помочь друг-другу.
[22:31:41] [Client thread/INFO] [CHAT] Наследница Бедствия: В битве с Расимой, мы будем на твоей стороне. Согласен?
[22:31:47] [Client thread/INFO] [CHAT] На Вас наложено Проклятие Крови, Вы получаете урон за каждую нанесенную атаку
[22:31:47] [Client thread/INFO] [CHAT] На Вас наложено Проклятие Крови, Вы получаете урон за каждую нанесенную атаку
[22:31:54] [Client thread/INFO] [CHAT] Наследница Бедствия: Прекрасно, скоро мы встретимся.
[22:31:54] [Client thread/INFO] [CHAT] Tveiv получил Проклятие x3
[22:31:54] [Client thread/INFO] [CHAT] Tveiv получил Взгляд Расимы
[22:31:54] [Client thread/INFO] [CHAT] Tveiv получил Последователи Бедствия
[22:31:56] [Client thread/INFO] [CHAT] Цель уклонилась от атаки на 34%
[22:32:00] [Client thread/INFO] [CHAT] Цель уклонилась от атаки на 34%
[22:32:00] [Client thread/INFO] [CHAT] На Вас наложено Проклятие Крови, Вы получаете урон за каждую нанесенную атаку
[22:32:03] [Client thread/INFO] [CHAT] [13] EnderTech74 » ой
[22:32:09] [Client thread/INFO] [CHAT] Цель уклонилась от атаки на 32%
[22:32:12] [Client thread/INFO] [CHAT] [7] P+ ┃ iksdol » крутить?
[22:32:12] [Client thread/INFO] [CHAT] Получено 42 звезд
[22:32:12] [Client thread/INFO] [CHAT] Урон игрока Tveiv: 14165
[22:32:13] [Client thread/INFO] [CHAT] Tveiv получил Возвышение на Юпитер
[22:32:19] [Client thread/INFO] [CHAT] Цель уклонилась от атаки на 43%
[22:32:19] [Client thread/INFO] [CHAT] Цель уклонилась от атаки на 39%
[22:32:20] [Client thread/INFO] [CHAT] На Вас наложено Проклятие Крови, Вы получаете урон за каждую нанесенную атаку
[22:32:21] [Client thread/INFO] [CHAT] Цель уклонилась от атаки на 37%
[22:32:23] [Client thread/INFO] [CHAT] [13] EnderTech74 » на твоё усмотрение
[22:32:26] [Client thread/INFO] [CHAT] На Вас наложено Проклятие Крови, Вы получаете урон за каждую нанесенную атаку
[22:32:27] [Client thread/INFO] [CHAT] Вампиризм сброшен!
[22:32:29] [Client thread/INFO] [CHAT] Вампиризм сброшен!
[22:32:32] [Client thread/INFO] [CHAT] Цель уклонилась от атаки на 41%
[22:32:32] [Client thread/INFO] [CHAT] Цель уклонилась от атаки на 33%
[22:32:34] [Client thread/INFO] [CHAT] Цель уклонилась от атаки на 46%
[22:32:35] [Client thread/INFO] [CHAT] Цель уклонилась от атаки на 47%
[22:32:35] [Client thread/INFO] [CHAT] Tveiv получил Бонус здоровья x2
[22:32:39] [Client thread/INFO] [CHAT] На Вас наложено Проклятие Страха, Ваш вампиризм заблокирован
[22:32:43] [Client thread/INFO] [CHAT] Tveiv получил Викторина Монксельда
[22:32:43] [Client thread/INFO] [CHAT] Получено 38 звезд
[22:32:43] [Client thread/INFO] [CHAT] Урон игрока Tveiv: 39900
[22:32:45] [Client thread/INFO] [CHAT] Tveiv получил Замок без ключа
[22:32:47] [Client thread/INFO] [CHAT] Tveiv получил Непобеждаемая слот-машина x3
[22:32:51] [Client thread/INFO] [CHAT] Потеряно 57 звезд
[22:32:51] [Client thread/INFO] [CHAT] Получено 51 звезд
[22:32:51] [Client thread/INFO] [CHAT] Tveiv получил Проклятие мультивыбора
[22:32:52] [Client thread/INFO] [CHAT] Потеряно 57 звезд
[22:32:52] [Client thread/INFO] [CHAT] Получено 51 звезд
[22:32:52] [Client thread/INFO] [CHAT] Tveiv получил Переработанные часы
[22:32:52] [Client thread/INFO] [CHAT] На Вас наложено Проклятие Крови, Вы получаете урон за каждую нанесенную атаку
[22:32:52] [Client thread/INFO] [CHAT] На Вас наложено Проклятие Страха, Ваш вампиризм заблокирован
[22:32:52] [Client thread/INFO] [CHAT] На Вас наложено Проклятие Страха, Ваш вампиризм заблокирован
[22:32:53] [Client thread/INFO] [CHAT] Потеряно 57 звезд
[22:32:53] [Client thread/INFO] [CHAT] Получено 61 звезд
[22:32:53] [Client thread/INFO] [CHAT] Tveiv получил Губка
[22:32:54] [Client thread/INFO] [CHAT] Потеряно 57 звезд
[22:32:54] [Client thread/INFO] [CHAT] Получено 61 звезд
[22:32:54] [Client thread/INFO] [CHAT] Tveiv получил Непобеждаемая слот-машина
[22:32:56] [Client thread/INFO] [CHAT] Потеряно 57 звезд
[22:32:56] [Client thread/INFO] [CHAT] Получено 81 звезд
[22:32:56] [Client thread/INFO] [CHAT] Tveiv получил Кукла вуду
[22:32:57] [Client thread/INFO] [CHAT] Потеряно 57 звезд
[22:32:57] [Client thread/INFO] [CHAT] Получено 81 звезд
[22:32:57] [Client thread/INFO] [CHAT] Tveiv получил Кровопролитие
[22:32:58] [Client thread/INFO] [CHAT] Потеряно 57 звезд
[22:32:58] [Client thread/INFO] [CHAT] Получено 81 звезд
[22:32:58] [Client thread/INFO] [CHAT] Tveiv получил Мое последнее перерождение в мире звезд, подаренное Исцелением
[22:33:05] [Client thread/INFO] [CHAT] На Вас наложено Проклятие Крови, Вы получаете урон за каждую нанесенную атаку
[22:33:07] [Client thread/INFO] [CHAT] Вампиризм сброшен!
[22:33:10] [Client thread/INFO] [CHAT] Цель уклонилась от атаки на 28%
[22:33:11] [Client thread/INFO] [CHAT] Цель уклонилась от атаки на 41%
[22:33:12] [Client thread/INFO] [CHAT] Цель уклонилась от атаки на 50%
[22:33:13] [Client thread/INFO] [CHAT] Вампиризм сброшен!
[22:33:13] [Client thread/INFO] [CHAT] Вампиризм сброшен!
[22:33:16] [Client thread/INFO] [CHAT] Цель уклонилась от атаки на 39%
[22:33:19] [Client thread/INFO] [CHAT] На Вас наложено Проклятие Страха, Ваш вампиризм заблокирован
[22:33:19] [Client thread/INFO] [CHAT] Tveiv получил Бонус брони x4
[22:33:19] [Client thread/INFO] [CHAT] Вампиризм сброшен!
[22:33:19] [Client thread/INFO] [CHAT] Вампиризм сброшен!
[22:33:19] [Client thread/INFO] [CHAT] Цель уклонилась от атаки на 36%
[22:33:20] [Client thread/INFO] [CHAT] Цель уклонилась от атаки на 36%
[22:33:22] [Client thread/INFO] [CHAT] Вампиризм сброшен!
[22:33:22] [Client thread/INFO] [CHAT] Цель уклонилась от атаки на 36%
[22:33:24] [Client thread/INFO] [CHAT] Tveiv получил Бонус урона x4
[22:33:25] [Client thread/INFO] [CHAT] Цель уклонилась от атаки на 49%
[22:33:27] [Client thread/INFO] [CHAT] Цель уклонилась от атаки на 40%
[22:33:27] [Client thread/INFO] [CHAT] На Вас наложено Проклятие Крови, Вы получаете урон за каждую нанесенную атаку
[22:33:28] [Client thread/INFO] [CHAT] Tveiv получил Дьяволица x2
[22:33:30] [Client thread/INFO] [CHAT] Цель уклонилась от атаки на 33%
[22:33:31] [Client thread/INFO] [CHAT] Tveiv получил Замок без ключа
[22:33:31] [Client thread/INFO] [CHAT] Получено 44 звезд
[22:33:31] [Client thread/INFO] [CHAT] Урон игрока Tveiv: 60890
[22:33:31] [Client thread/INFO] [CHAT] На Вас наложено Проклятие Крови, Вы получаете урон за каждую нанесенную атаку
[22:33:31] [Client thread/INFO] [CHAT] На Вас наложено Проклятие Страха, Ваш вампиризм заблокирован
[22:33:32] [Client thread/INFO] [CHAT] Tveiv получил Спарагмос x3
[22:33:38] [Client thread/INFO] [CHAT] Потеряно 57 звезд
[22:33:38] [Client thread/INFO] [CHAT] Получено 81 звезд
[22:33:38] [Client thread/INFO] [CHAT] Tveiv получил Гвардиан
[22:33:39] [Client thread/INFO] [CHAT] Потеряно 57 звезд
[22:33:39] [Client thread/INFO] [CHAT] Получено 81 звезд
[22:33:39] [Client thread/INFO] [CHAT] Tveiv получил Дьяволица
[22:33:40] [Client thread/INFO] [CHAT] Потеряно 57 звезд
[22:33:40] [Client thread/INFO] [CHAT] Получено 81 звезд
[22:33:40] [Client thread/INFO] [CHAT] Tveiv получил Катастрофизация
[22:33:41] [Client thread/INFO] [CHAT] Потеряно 57 звезд
[22:33:41] [Client thread/INFO] [CHAT] Получено 81 звезд
[22:33:41] [Client thread/INFO] [CHAT] Губка поглотила Проклятие! 1/5
[22:33:42] [Client thread/INFO] [CHAT] Потеряно 57 звезд
[22:33:42] [Client thread/INFO] [CHAT] Получено 81 звезд
[22:33:42] [Client thread/INFO] [CHAT] Tveiv получил Маноед
[22:33:42] [Client thread/INFO] [CHAT] Потеряно 57 звезд
[22:33:42] [Client thread/INFO] [CHAT] Получено 81 звезд
[22:33:42] [Client thread/INFO] [CHAT] Tveiv получил Свинцовый слоник
[22:33:44] [Client thread/INFO] [CHAT] Потеряно 57 звезд
[22:33:44] [Client thread/INFO] [CHAT] Получено 81 звезд
[22:33:44] [Client thread/INFO] [CHAT] Tveiv получил Спарагмос
[22:33:44] [Client thread/INFO] [CHAT] На Вас наложено Проклятие Страха, Ваш вампиризм заблокирован
[22:33:52] [Client thread/INFO] [CHAT] Потеряно 230 звезд
[22:33:52] [Client thread/INFO] [CHAT] Потеряно 92 звезд
[22:33:52] [Client thread/INFO] [CHAT] Tveiv получил Фатальная бессонница
[22:33:54] [Client thread/INFO] [CHAT] Последователь и его группа ожидают от Вас ответа.
[22:33:57] [Client thread/INFO] [CHAT] На Вас наложено Проклятие Страха, Ваш вампиризм заблокирован
[22:33:57] [Client thread/INFO] [CHAT] На Вас наложено Проклятие Крови, Вы получаете урон за каждую нанесенную атаку
[22:33:57] [Client thread/INFO] [CHAT] На Вас наложено Проклятие Крови, Вы получаете урон за каждую нанесенную атаку
[22:33:57] [Client thread/INFO] [CHAT] На Вас наложено Проклятие Крови, Вы получаете урон за каждую нанесенную атаку
[22:33:59] [Client thread/INFO] [CHAT] Последователь Этоля: Превосходный ответ, мы ожидаем от тебя свершений.
[22:33:59] [Client thread/INFO] [CHAT] Tveiv получил Мышь на Венере x2
[22:34:02] [Client thread/INFO] [CHAT] Вампиризм сброшен!
[22:34:06] [Client thread/INFO] [CHAT] Цель уклонилась от атаки на 28%
[22:34:07] [Client thread/INFO] [CHAT] Вампиризм сброшен!
[22:34:07] [Client thread/INFO] [CHAT] Tveiv получил Бонус урона x2
[22:34:09] [Client thread/INFO] [CHAT] На Вас наложен Яростный взор, Вы получаете урон, когда смотрите на существ
[22:34:10] [Client thread/INFO] [CHAT] На Вас наложено Проклятие Страха, Ваш вампиризм заблокирован
[22:34:15] [Client thread/INFO] [CHAT] Вампиризм сброшен!
[22:34:42] [Client thread/INFO] [CHAT] [13] EnderTech74 » не подходи ко мне
[22:34:53] [Client thread/INFO] [CHAT] [30] V ┃ Paranoiid » [Отражающий амулет +1]
[22:35:40] [Client thread/INFO] [CHAT] [30] V ┃ Paranoiid » [Исполнитель желаний ♡ +8]
[22:35:47] [Client thread/INFO] Stopping!
[22:35:47] [Client thread/INFO] Unloading mod VoidMod/0ee4bfa4-9263-b8c4-5f34-81f61100b543
[22:35:47] [Client thread/INFO] Unloading mod Wada/3250c7ed-a83f-a54d-75c5-a1e76802d5bd
[22:35:47] [Client thread/INFO] Unloading mod Socials/b39f9afd-a613-2342-6a8a-2340f6b93d3c
[22:35:47] [Client thread/INFO] Unloading mod Gama/a2dd4b5f-08e8-e328-bf35-57247745764f
