[13:40:12] [ForkJoinPool.commonPool-worker-1/INFO] IntegerCache population took 51ms
[13:40:13] [Client thread/INFO] Setting user: Tveiv
[13:40:13] [Client thread/INFO] Client Commit: 2be59f554
[13:40:13] [Client thread/INFO] LWJGL Version: 3.4.2-snapshot
[13:40:14] [ForkJoinPool.commonPool-worker-7/INFO] Bootstrapping took 1256ms
[13:40:14] [Client thread/INFO] [STDOUT]: [LWJGL] Setting up window
[13:40:14] [Client thread/INFO] [STDOUT]: [LWJGL] Creating window
[13:40:14] [Client thread/INFO] [STDOUT]: [LWJGL] Done creating window
[13:40:14] [Client thread/INFO] Number of textures in a framebuffer: 2
[13:40:15] [Client thread/WARN] Skipping bad option: lastServer:
[13:40:15] [Client thread/INFO] Model view matrix stack size: 64
[13:40:15] [Client thread/INFO] Projection matrix stack size: 8
[13:40:15] [Client thread/INFO] Texture matrix stack size: 20
[13:40:15] [Client thread/INFO] [OptiFine] OS: Windows 10 (amd64) version 10.0
[13:40:15] [Client thread/INFO] [OptiFine] VM: OpenJDK 64-Bit Server VM (mixed mode), Oracle Corporation / 1.8.0_442-b06
[13:40:17] [Client thread/ERROR] {"id":"a9c62d56-be02-44f9-8023-324c1e6309a2","apiGiveable":false,"categoryId":"aura","contributor":"Dionis","name":"Демонический маскарад","rarity":"AWARD","createdTime":1782507600000,"source":"url","sourceFormat":"bedrock","availableInGui":false,"isLimited":true,"type":"FULL","price":249,"locationRotation":0.065,"supportOptions":{},"conflictGroups":["aura"],"hash256":"69ea7acd58f0508936f856ca9d16689aa84d4e68bce267d635b5df936458613e","sourcePath":"https://webdata.c7x.dev/client/p13n/69ea7acd58f0508936f856ca9d16689aa84d4e68bce267d635b5df936458613e.model"}
#bEDgt: java.lang.IllegalStateException: Expected BEGIN_OBJECT but was NUMBER at path $.locationRotation
	at #wlIYw.sa(SourceFile:395)
	at #zyZee.a(SourceFile)
	at #SiLri.sa(Unknown Source:212)
	at #NZHLF.a(SourceFile)
	at #EKmoA.sa(SourceFile:431)
	at #aUukC.a(SourceFile)
	at #wlIYw.sa(SourceFile:391)
	at #zyZee.a(SourceFile)
	at #hlvdO.sa(SourceFile:1214)
	at #Iwixj.sa(Unknown Source:1319)
	at #dXYkJ.sa(Unknown Source:1261)
	at #pbbDQ.sa(SourceFile:107)
	at #TYNkf.sa(Unknown Source:44)
	at #REyfp.sa(SourceFile:27)
	at #THsUv.sa(SourceFile:76)
	at #UKLzM.sa(SourceFile:19)
	at #UvvxZ.sa(Unknown Source:182)
	at !#iUQJu.sa(SourceFile:82)
	at #WmDrd.sa(SourceFile:48)
	at #vrRoR.sb(SourceFile:35)
	at #vXcAs.sa(SourceFile:58)
	at #KMGSE.b(SourceFile)
	at #pvrmz.<init>(SourceFile:184)
	at #fiqpk.<init>(SourceFile:164)
	at #cegXK.<init>(SourceFile:28)
	at #zAVBO.sf(SourceFile:5745)
	at #CdcMy.sD(SourceFile:557)
	at #cYnba.sk(SourceFile:476)
	at net.minecraft.client.main.GameMain.a(SourceFile:220)
	at net.minecraft.client.main.GameMain.a(SourceFile:156)
	at #kBJWf.a(Unknown Source)
	at #kBJWf.run(Unknown Source)
	at java.base/java.lang.Thread.run(Unknown Source)
Caused by: java.lang.IllegalStateException: Expected BEGIN_OBJECT but was NUMBER at path $.locationRotation
	at #NxHQP.a(SourceFile:165)
	at #bTsHv.sb(Unknown Source:89)
	at #NxHQP.a(SourceFile)
	at #wlIYw.sa(SourceFile:384)
	... 32 more
[13:40:17] [Client thread/INFO] Reloading ResourceManager: assets-addon.jar, Default
[13:40:17] [Client thread/WARN] Unknown language en_us
[13:40:17] [Client thread/WARN] Unknown language ru_ru
[13:40:17] [Client thread/INFO] Current language: ru_ru
[13:40:18] [Client thread/INFO] Refreshing resources for the first time
[13:40:18] [Client thread/INFO] Starting up SoundSystem...
[13:40:18] [Thread-18/INFO] Initializing LWJGL OpenAL
[13:40:18] [Thread-18/INFO] (The LWJGL binding of OpenAL.  For more information, see http://www.lwjgl.org)
[13:40:18] [Thread-18/INFO] OpenAL audio device: any
[13:40:18] [Thread-18/INFO] OpenAL initialized.
[13:40:18] [Client thread/INFO] Sound engine started
[13:40:18] [Client thread/INFO] SoundSystem loading took 57ms
[13:40:18] [Client thread/INFO] Items registration took 6ms
[13:40:18] [Client thread/INFO] Total 29242 blocks.
[13:40:18] [Client thread/INFO] Custom blocks registration took 147ms
[13:40:18] [Client thread/INFO] Search tree population took 118ms
[13:40:18] [Client thread/INFO] Using standard Java compressor.
[13:40:18] [Client thread/INFO] Using standard Java cipher.
[13:40:18] [Client thread/INFO] [Shaders] Load shaders configuration.
[13:40:18] [Client thread/INFO] [Shaders] Save shaders configuration.
[13:40:18] [Client thread/INFO] [Shaders] No shaderpack loaded.
[13:40:18] [Client thread/INFO] Reloading ResourceManager: assets-addon.jar, Default
[13:40:18] [Client thread/WARN] Missing sound for event: minecraft:entity.turtle.ambient
[13:40:18] [Client thread/WARN] Missing sound for event: minecraft:entity.turtle.baby_hurt
[13:40:18] [Client thread/WARN] Missing sound for event: minecraft:entity.turtle.hurt
[13:40:18] [Client thread/WARN] Missing sound for event: minecraft:entity.turtle.baby_death
[13:40:18] [Client thread/WARN] Missing sound for event: minecraft:entity.turtle.death
[13:40:18] [Client thread/WARN] Missing sound for event: minecraft:entity.turtle.baby_step
[13:40:18] [Client thread/WARN] Missing sound for event: minecraft:entity.turtle.step
[13:40:18] [Client thread/WARN] Missing sound for event: minecraft:entity.turtle.swim
[13:40:18] [Client thread/WARN] Missing sound for event: minecraft:block.turtle_egg.crack
[13:40:18] [Client thread/WARN] Missing sound for event: minecraft:block.turtle_egg.egg_break
[13:40:18] [Client thread/WARN] Missing sound for event: minecraft:block.turtle_egg.fall
[13:40:18] [Client thread/WARN] Missing sound for event: minecraft:block.turtle_egg.hatch
[13:40:18] [Client thread/INFO] SoundSystem shutting down...
[13:40:18] [Client thread/WARN] Author: Paul Lamb, www.paulscode.com
[13:40:18] [Client thread/INFO] Starting up SoundSystem...
[13:40:18] [Thread-20/INFO] Initializing LWJGL OpenAL
[13:40:18] [Thread-20/INFO] (The LWJGL binding of OpenAL.  For more information, see http://www.lwjgl.org)
[13:40:18] [Thread-20/INFO] OpenAL audio device: any
[13:40:18] [Thread-20/INFO] OpenAL initialized.
[13:40:18] [Client thread/INFO] Sound engine reloaded
[13:40:18] [Client thread/INFO] Starting Watchdog monitor, timeout is: 90000ms/90s
[13:40:18] [Client thread/INFO] Watchdog init took 1ms
[13:40:19] [Client thread/INFO] Start loading of mod Socials
[13:40:19] [Client thread/INFO] Loading classes of Socials
[13:40:19] [Client thread/INFO] Start loading of mod Wada
[13:40:19] [Client thread/INFO] Loading classes of Wada
[13:40:19] [Client thread/INFO] Start loading of mod Gama
[13:40:19] [Client thread/INFO] Loading classes of Gama
[13:40:19] [ForkJoinPool.commonPool-worker-3/WARN] Unable to load variant: axis=x from minecraft:lodestone#axis=x
[13:40:19] [ForkJoinPool.commonPool-worker-3/WARN] Unable to load variant: axis=y from minecraft:lodestone#axis=y
[13:40:19] [ForkJoinPool.commonPool-worker-3/WARN] Unable to load variant: axis=z from minecraft:lodestone#axis=z
[13:40:19] [Client thread/INFO] Has Unsafe: true
[13:40:19] [Client thread/INFO] Direct buffers preferred: false
[13:40:19] [Client thread/INFO] Byte order: LITTLE_ENDIAN
[13:40:19] [Client thread/INFO] Timer resolution: 1000000000
[13:40:19] [Client thread/INFO] Client loaded for (6.473s/7.211s)
[13:40:19] [ForkJoinPool.commonPool-worker-5/INFO] Socials-v2.2.2+04923ea: class verification completed in 245ms
[13:40:19] [ForkJoinPool.commonPool-worker-5/INFO] Socials-v2.2.2+04923ea: defineClasses completed in 1ms
[13:40:19] [ForkJoinPool.commonPool-worker-5/INFO] Loaded classes in mod Socials in 248 ms
[13:40:19] [ForkJoinPool.commonPool-worker-6/INFO] Gama-v1.5.2+986e683: class verification completed in 188ms
[13:40:19] [ForkJoinPool.commonPool-worker-6/INFO] Gama-v1.5.2+986e683: defineClasses completed in 0ms
[13:40:19] [ForkJoinPool.commonPool-worker-6/INFO] Loaded classes in mod Gama in 191 ms
[13:40:19] [ForkJoinPool.commonPool-worker-8/INFO] Wada-v4.12.0+e1b645e2: class verification completed in 291ms
[13:40:19] [ForkJoinPool.commonPool-worker-8/INFO] Wada-v4.12.0+e1b645e2: defineClasses completed in 0ms
[13:40:19] [ForkJoinPool.commonPool-worker-8/INFO] Loaded classes in mod Wada in 294 ms
[13:40:19] [Client Scheduler/INFO] Found preferred client: ANY
[13:40:19] [Client thread/INFO] Loading mod Socials v2.2.2+04923ea by Cristalix Team
[13:40:19] [ForkJoinPool.commonPool-worker-3/ERROR] Unable to load item model: 'minecraft:mcpatcher/cit/others/megumin_hat#inventory' for item: 'minecraft:mcpatcher/cit/others/megumin_hat'
[13:40:19] [ForkJoinPool.commonPool-worker-3/WARN] Unable to resolve texture due to upward reference: #cross in minecraft:models/block/chain.json
[13:40:19] [ForkJoinPool.commonPool-worker-3/WARN] Unable to resolve texture due to upward reference: #cross in minecraft:models/block/chain.json
[13:40:19] [ForkJoinPool.commonPool-worker-3/INFO] [OptiFine] Mipmap levels: 4
[13:40:19] [Client thread/INFO] Loaded mod Socials v2.2.2+04923ea in 275 ms
[13:40:19] [Client thread/INFO] Loading mod Gama v1.5.2+986e683 by Cristalix Team
[13:40:19] [Client thread/INFO] [STDOUT]: [Enginex v5.14.3 - Gama] VAO support: true
[13:40:19] [Thread-24/INFO] [STDOUT]: Settings successfully saved to social-settings.json.
[13:40:19] [ForkJoinPool.commonPool-worker-3/INFO] [OptiFine] Multi-texturing: false
[13:40:19] [ForkJoinPool.commonPool-worker-3/INFO] [OptiFine] Multipass connected textures: false
[13:40:20] [ForkJoinPool.commonPool-worker-3/INFO] [OptiFine] BetterGrass: Parsing default configuration optifine/bettergrass.properties
[13:40:20] [ForkJoinPool.commonPool-worker-3/FATAL] [OptiFine] Scaled too small texture: minecraft:mcpatcher/ctm/default/empty, 1 -> 16
[13:40:20] [ForkJoinPool.commonPool-worker-3/FATAL] [OptiFine] Scaled too small texture: minecraft:particles/glow_2, 8 -> 16
[13:40:20] [ForkJoinPool.commonPool-worker-3/FATAL] [OptiFine] Scaled too small texture: minecraft:particles/glow_1, 8 -> 16
[13:40:20] [ForkJoinPool.commonPool-worker-3/FATAL] [OptiFine] Scaled too small texture: minecraft:particles/glow_0, 8 -> 16
[13:40:20] [ForkJoinPool.commonPool-worker-3/FATAL] [OptiFine] Scaled too small texture: minecraft:particles/glow_6, 8 -> 16
[13:40:20] [ForkJoinPool.commonPool-worker-3/FATAL] [OptiFine] Scaled too small texture: minecraft:particles/glow_5, 8 -> 16
[13:40:20] [ForkJoinPool.commonPool-worker-3/FATAL] [OptiFine] Scaled too small texture: minecraft:particles/glow_4, 8 -> 16
[13:40:20] [ForkJoinPool.commonPool-worker-3/FATAL] [OptiFine] Scaled too small texture: minecraft:particles/glow_3, 8 -> 16
[13:40:20] [ForkJoinPool.commonPool-worker-3/FATAL] [OptiFine] Scaled too small texture: minecraft:particles/glow_9, 8 -> 16
[13:40:20] [ForkJoinPool.commonPool-worker-3/FATAL] [OptiFine] Scaled too small texture: minecraft:particles/glow_8, 8 -> 16
[13:40:20] [ForkJoinPool.commonPool-worker-3/FATAL] [OptiFine] Scaled too small texture: minecraft:particles/glow_7, 8 -> 16
[13:40:20] [ForkJoinPool.commonPool-worker-3/FATAL] [OptiFine] Scaled too small texture: minecraft:particles/glow_11, 8 -> 16
[13:40:20] [ForkJoinPool.commonPool-worker-3/FATAL] [OptiFine] Scaled too small texture: minecraft:particles/glow_10, 8 -> 16
[13:40:20] [ForkJoinPool.commonPool-worker-3/FATAL] [OptiFine] Scaled too small texture: minecraft:particles/glow_13, 8 -> 16
[13:40:20] [ForkJoinPool.commonPool-worker-3/FATAL] [OptiFine] Scaled too small texture: minecraft:particles/glow_12, 8 -> 16
[13:40:20] [ForkJoinPool.commonPool-worker-3/FATAL] [OptiFine] Scaled too small texture: minecraft:particles/glow_15, 8 -> 16
[13:40:20] [ForkJoinPool.commonPool-worker-3/FATAL] [OptiFine] Scaled too small texture: minecraft:particles/glow_14, 8 -> 16
[13:40:20] [Client thread/INFO] [STDOUT]: [Enginex v5.14.3 - Gama] Initialization with mod Gama
[13:40:20] [ForkJoinPool.commonPool-worker-3/INFO] load sprites for 64ms
[13:40:20] [ForkJoinPool.commonPool-worker-3/INFO] Created: 1024x1024 textures-atlas in 138ms
[13:40:20] [Client thread/INFO] Loaded mod Gama v1.5.2+986e683 in 861 ms
[13:40:20] [Client thread/INFO] Loading mod Wada v4.12.0+e1b645e2 by Cristalix Team
[13:40:20] [Client thread/INFO] [STDOUT]: [Enginex v5.14.0 - Wada] VAO support: true
[13:40:20] [Client thread/INFO] [STDOUT]: [Enginex v5.14.0 - Wada] Initialization with mod Wada
[13:40:20] [Client thread/INFO] Loaded mod Wada v4.12.0+e1b645e2 in 176 ms
[13:40:20] [Thread-25/INFO] [STDOUT]: [Enginex v5.14.3 - Gama] Successfully initialized
[13:40:21] [ForkJoinPool.commonPool-worker-3/INFO] [DEBUG] Atlas assembly for 5.242ms
[13:40:21] [Client thread/INFO] [DEBUG] upload atlas for 1.143ms
[13:40:21] [Client thread/INFO] [DEBUG] Generate mipmaps for 0.037ms
[13:40:21] [Client thread/INFO] [OptiFine] Animated sprites: 0
[13:40:21] [Client thread/INFO] [OptiFine] CustomColors: Loading mcpatcher/color.properties
[13:40:21] [Client thread/INFO] Textures loaded for 1513.789ms
[13:40:22] [Thread-26/INFO] [STDOUT]: [Enginex v5.14.0 - Wada] Successfully initialized
[13:41:23] [Network thread/INFO] Protocol upgrade mask: 157
[13:41:23] [Network thread/INFO] Upgrading protocol
[13:41:24] [Client thread/INFO] [STDOUT]: [Enginex v5.14.0 - Wada] [Wada/debug] reload requested: ServerConnect
[13:41:24] [Client thread/INFO] [STDOUT]: [Enginex v5.14.0 - Wada] [Wada/debug] cleanAndReload begin: sessionId=1, awaitingHandshake=true
[13:41:24] [Client thread/INFO] [STDOUT]: [Enginex v5.14.0 - Wada] VAO support: true
[13:41:24] [Client thread/INFO] [STDOUT]: [Enginex v5.14.0 - Wada] Initialization with mod Wada
[13:41:24] [Client thread/INFO] [STDOUT]: [Enginex v5.14.0 - Wada] Successfully initialized
[13:41:24] [Client thread/INFO] Joining server Хаб #15
[13:41:25] [Client thread/INFO] Start loading of mod Visual Driver
[13:41:25] [Client thread/INFO] Loading classes of Visual Driver
[13:41:25] [Client thread/INFO] Start loading of mod HubMod
[13:41:25] [Client thread/INFO] Loading classes of HubMod
[13:41:25] [ForkJoinPool.commonPool-worker-5/INFO] HubMod-v1.4.5: class verification completed in 5ms
[13:41:25] [ForkJoinPool.commonPool-worker-5/INFO] HubMod-v1.4.5: defineClasses completed in 0ms
[13:41:25] [ForkJoinPool.commonPool-worker-5/INFO] Loaded classes in mod HubMod in 5 ms
[13:41:25] [ForkJoinPool.commonPool-worker-6/INFO] Visual Driver-v3.8.31+9da32142: class verification completed in 29ms
[13:41:25] [ForkJoinPool.commonPool-worker-6/INFO] Visual Driver-v3.8.31+9da32142: defineClasses completed in 0ms
[13:41:25] [ForkJoinPool.commonPool-worker-6/INFO] Loaded classes in mod Visual Driver in 31 ms
[13:41:25] [Client thread/INFO] Loading mod HubMod v1.4.5 by Cristalix Team
[13:41:25] [Client thread/INFO] Loaded mod HubMod v1.4.5 in 67 ms
[13:41:25] [Client thread/INFO] Loading mod Visual Driver v3.8.31+9da32142 by Cristalix Team
[13:41:25] [Client thread/INFO] Loaded mod Visual Driver v3.8.31+9da32142 in 57 ms
[13:41:26] [Client thread/INFO] [STDOUT]: [Enginex v5.14.0 - Wada] [Wada/debug] handshake complete (w4:load), awaitingHandshake=false, sessionId=1
[13:42:48] [Network thread/INFO] Protocol upgrade mask: 157
[13:42:48] [Network thread/INFO] Upgrading protocol
[13:42:48] [Client thread/INFO] Invalidating server data
[13:42:48] [Client thread/INFO] Unloading mod Visual Driver/01c1b3f8-16b2-4a03-2fca-283fbc1269ca
[13:42:48] [Client thread/INFO] Unloading mod HubMod/5237be5a-d8d6-00e9-b8fa-65fd9102d9ae
[13:42:48] [Client thread/INFO] [STDOUT]: [Enginex v5.14.0 - Wada] [Wada/debug] reload requested: ServerSwitch
[13:42:48] [Client thread/INFO] [STDOUT]: [Enginex v5.14.0 - Wada] [Wada/debug] cleanAndReload begin: sessionId=2, awaitingHandshake=true
[13:42:48] [Client thread/INFO] [STDOUT]: [Enginex v5.14.0 - Wada] VAO support: true
[13:42:48] [Client thread/INFO] [STDOUT]: [Enginex v5.14.0 - Wada] Initialization with mod Wada
[13:42:48] [Client thread/INFO] [STDOUT]: [Enginex v5.14.0 - Wada] Successfully initialized
[13:42:48] [Client thread/INFO] Found file C:\Users\tveiv\.cristalix\updates\Minigames\server-resource-packs\8a024d62afc697f8182dc24d10b5ea2720c6df40 matching requested hash c26c40708aba36e77fdaeb0bf35ffc32988c6db9
[13:42:48] [Client thread/INFO] Allocated new cache for server resource pack
[13:42:48] [Client thread/INFO] Joining server VoidGame #2
[13:42:48] [Client thread/INFO] Reloading ResourceManager: assets-addon.jar, Default, 8a024d62afc697f8182dc24d10b5ea2720c6df40
[13:42:48] [Client thread/WARN] Missing sound for event: minecraft:entity.turtle.ambient
[13:42:48] [Client thread/WARN] Missing sound for event: minecraft:entity.turtle.baby_hurt
[13:42:48] [Client thread/WARN] Missing sound for event: minecraft:entity.turtle.hurt
[13:42:48] [Client thread/WARN] Missing sound for event: minecraft:entity.turtle.baby_death
[13:42:48] [Client thread/WARN] Missing sound for event: minecraft:entity.turtle.death
[13:42:48] [Client thread/WARN] Missing sound for event: minecraft:entity.turtle.baby_step
[13:42:48] [Client thread/WARN] Missing sound for event: minecraft:entity.turtle.step
[13:42:48] [Client thread/WARN] Missing sound for event: minecraft:entity.turtle.swim
[13:42:48] [Client thread/WARN] Missing sound for event: minecraft:block.turtle_egg.crack
[13:42:48] [Client thread/WARN] Missing sound for event: minecraft:block.turtle_egg.egg_break
[13:42:48] [Client thread/WARN] Missing sound for event: minecraft:block.turtle_egg.fall
[13:42:48] [Client thread/WARN] Missing sound for event: minecraft:block.turtle_egg.hatch
[13:42:48] [Client thread/INFO] SoundSystem shutting down...
[13:42:48] [Client thread/WARN] Author: Paul Lamb, www.paulscode.com
[13:42:48] [Client thread/INFO] Starting up SoundSystem...
[13:42:48] [Thread-30/INFO] Initializing LWJGL OpenAL
[13:42:48] [Thread-30/INFO] (The LWJGL binding of OpenAL.  For more information, see http://www.lwjgl.org)
[13:42:48] [Thread-30/INFO] OpenAL audio device: any
[13:42:48] [Thread-30/INFO] OpenAL initialized.
[13:42:48] [Client thread/INFO] Sound engine reloaded
[13:42:49] [ForkJoinPool.commonPool-worker-4/WARN] Unable to load variant: axis=x from minecraft:lodestone#axis=x
[13:42:49] [ForkJoinPool.commonPool-worker-4/WARN] Unable to load variant: axis=y from minecraft:lodestone#axis=y
[13:42:49] [ForkJoinPool.commonPool-worker-4/WARN] Unable to load variant: axis=z from minecraft:lodestone#axis=z
[13:42:49] [Client thread/INFO] Start loading of mod VoidMod
[13:42:49] [Client thread/INFO] Loading mod VoidMod v1.0+ffbf5ac by ZeksterP
[13:42:49] [Client thread/INFO] [STDOUT]: [Enginex v5.13.11-TEST-2 - VoidMod] VAO support: true
[13:42:49] [ForkJoinPool.commonPool-worker-4/ERROR] Unable to load item model: 'minecraft:mcpatcher/cit/others/megumin_hat#inventory' for item: 'minecraft:mcpatcher/cit/others/megumin_hat'
[13:42:49] [ForkJoinPool.commonPool-worker-4/INFO] [OptiFine] Mipmap levels: 4
[13:42:49] [ForkJoinPool.commonPool-worker-4/INFO] [OptiFine] Multi-texturing: false
[13:42:49] [ForkJoinPool.commonPool-worker-4/INFO] [OptiFine] Multipass connected textures: false
[13:42:49] [ForkJoinPool.commonPool-worker-4/INFO] [OptiFine] BetterGrass: Parsing default configuration optifine/bettergrass.properties
[13:42:49] [ForkJoinPool.commonPool-worker-4/FATAL] [OptiFine] Scaled too small texture: minecraft:particles/glow_2, 8 -> 16
[13:42:49] [ForkJoinPool.commonPool-worker-4/FATAL] [OptiFine] Scaled too small texture: minecraft:particles/glow_1, 8 -> 16
[13:42:49] [ForkJoinPool.commonPool-worker-4/FATAL] [OptiFine] Scaled too small texture: minecraft:particles/glow_0, 8 -> 16
[13:42:49] [ForkJoinPool.commonPool-worker-4/FATAL] [OptiFine] Scaled too small texture: minecraft:particles/glow_6, 8 -> 16
[13:42:49] [ForkJoinPool.commonPool-worker-4/FATAL] [OptiFine] Scaled too small texture: minecraft:particles/glow_5, 8 -> 16
[13:42:49] [ForkJoinPool.commonPool-worker-4/FATAL] [OptiFine] Scaled too small texture: minecraft:particles/glow_4, 8 -> 16
[13:42:49] [ForkJoinPool.commonPool-worker-4/FATAL] [OptiFine] Scaled too small texture: minecraft:particles/glow_3, 8 -> 16
[13:42:49] [ForkJoinPool.commonPool-worker-4/FATAL] [OptiFine] Scaled too small texture: minecraft:particles/glow_9, 8 -> 16
[13:42:49] [ForkJoinPool.commonPool-worker-4/FATAL] [OptiFine] Scaled too small texture: minecraft:particles/glow_8, 8 -> 16
[13:42:49] [ForkJoinPool.commonPool-worker-4/FATAL] [OptiFine] Scaled too small texture: minecraft:particles/glow_7, 8 -> 16
[13:42:49] [ForkJoinPool.commonPool-worker-4/ERROR] Using missing texture, unable to load minecraft:textures/items/wooden_sword.png
[13:42:49] [ForkJoinPool.commonPool-worker-4/FATAL] [OptiFine] Scaled too small texture: minecraft:particles/glow_11, 8 -> 16
[13:42:49] [ForkJoinPool.commonPool-worker-4/FATAL] [OptiFine] Scaled too small texture: minecraft:particles/glow_10, 8 -> 16
[13:42:49] [ForkJoinPool.commonPool-worker-4/FATAL] [OptiFine] Scaled too small texture: minecraft:particles/glow_13, 8 -> 16
[13:42:49] [ForkJoinPool.commonPool-worker-4/FATAL] [OptiFine] Scaled too small texture: minecraft:particles/glow_12, 8 -> 16
[13:42:49] [ForkJoinPool.commonPool-worker-4/FATAL] [OptiFine] Scaled too small texture: minecraft:particles/glow_15, 8 -> 16
[13:42:49] [ForkJoinPool.commonPool-worker-4/FATAL] [OptiFine] Scaled too small texture: minecraft:particles/glow_14, 8 -> 16
[13:42:49] [ForkJoinPool.commonPool-worker-4/FATAL] [OptiFine] Scaled non power of 2: minecraft:mcpatcher/cit/items/bad_omen, 18 -> 32
[13:42:49] [ForkJoinPool.commonPool-worker-4/FATAL] [OptiFine] Scaled non power of 2: minecraft:mcpatcher/cit/items/trial_omen, 18 -> 32
[13:42:49] [ForkJoinPool.commonPool-worker-4/INFO] load sprites for 13ms
[13:42:49] [ForkJoinPool.commonPool-worker-4/INFO] Created: 1024x1024 textures-atlas in 32ms
[13:42:49] [Client thread/INFO] [STDOUT]: [Enginex v5.13.11-TEST-2 - VoidMod] Initialization with mod VoidMod
[13:42:49] [Client thread/INFO] [STDOUT]: [Enginex v5.13.11-TEST-2 - VoidMod] Successfully initialized
[13:42:49] [Client thread/INFO] Loaded mod VoidMod v1.0+ffbf5ac in 757 ms
[13:42:49] [Client thread/INFO] [STDOUT]: [Enginex v5.14.0 - Wada] [Wada/debug] handshake complete (w4:load), awaitingHandshake=false, sessionId=2
[13:42:49] [ForkJoinPool.commonPool-worker-4/INFO] [DEBUG] Atlas assembly for 45.295ms
[13:42:50] [Client thread/INFO] [DEBUG] upload atlas for 1.609ms
[13:42:50] [Client thread/INFO] [DEBUG] Generate mipmaps for 0.003ms
[13:42:50] [Client thread/INFO] [OptiFine] Animated sprites: 0
[13:42:50] [Client thread/INFO] [OptiFine] CustomColors: Loading mcpatcher/color.properties
[13:42:50] [Client thread/INFO] Textures loaded for 769.285ms
[13:42:51] [Client thread/INFO] [CHAT] [30] I ┃ TheFoolLotm » хдд
[13:43:23] [Client thread/INFO] [CHAT] Авто-кликер включен
[13:43:28] [Client thread/INFO] [CHAT] Получено 47 звезд
[13:43:28] [Client thread/INFO] [CHAT] Урон игрока Tveiv: 790
[13:43:33] [Client thread/INFO] [CHAT] Tveiv получил Ничего
[13:43:42] [Client thread/INFO] [CHAT] Получено 47 звезд
[13:43:42] [Client thread/INFO] [CHAT] Урон игрока Tveiv: 2096
[13:43:43] [Client thread/INFO] [CHAT] [30] D ┃ mokashi » [Звёздная шкатулка Этоля x 3]
[13:43:46] [Client thread/INFO] [CHAT] Tveiv получил Разрушитель звёзд
[13:43:49] [Client thread/INFO] [CHAT] [30] D ┃ mokashi » [Звёздная шкатулка Этоля x 64]
[13:43:51] [Client thread/INFO] [CHAT] Потеряно 51 звезд
[13:43:51] [Client thread/INFO] [CHAT] Tveiv получил Викторина Монксельда
[13:43:53] [Client thread/INFO] [CHAT] [30] I ┃ TheFoolLotm » \\\
[13:43:56] [Client thread/INFO] [CHAT] [30] I ┃ TheFoolLotm » go open
[13:43:59] [Client thread/INFO] [CHAT] Последователь и его группа ожидают от Вас ответа.
[13:44:00] [Client thread/INFO] [CHAT] [2] V ┃ muskool » !как использовать звезды зачарования??
[13:44:06] [Client thread/INFO] [CHAT] [30] D ┃ mokashi » думаеш стоит
[13:44:10] [Client thread/INFO] [CHAT] [30] D ┃ mokashi » лан ща
[13:44:11] [Client thread/INFO] [CHAT] Последователь Этоля: Неправильно! Ты заслуживаешь наказание!
[13:44:11] [Client thread/INFO] [CHAT] Tveiv получил Долг боли x5
[13:44:13] [Client thread/INFO] [CHAT] [30] D ┃ mokashi » какую
[13:44:18] [Client thread/INFO] [CHAT] [30] D ┃ mokashi » фантазию собирать
[13:44:25] [Client thread/INFO] [CHAT] Получено 44 звезд
[13:44:25] [Client thread/INFO] [CHAT] Получено 40 звезд
[13:44:25] [Client thread/INFO] [CHAT] Урон игрока Tveiv: 1061
[13:44:32] [Client thread/INFO] [CHAT] [30] GOD ┃ niwiy » сапоги железные
[13:44:33] [Client thread/INFO] [CHAT] [30] I ┃ TheFoolLotm » самый жирный хп
[13:44:35] [Client thread/INFO] [CHAT] [30] GOD ┃ niwiy » будешь флешем
[13:44:38] [Client thread/INFO] [CHAT] [30] I ┃ TheFoolLotm » или самый быстрый
[13:44:46] [Client thread/INFO] [CHAT] Получено 42 звезд
[13:44:46] [Client thread/INFO] [CHAT] Получено 40 звезд
[13:44:46] [Client thread/INFO] [CHAT] Урон игрока Tveiv: 2291
[13:44:48] [Client thread/INFO] [CHAT] Tveiv получил Паранойя Победителя
[13:44:49] [Client thread/INFO] [CHAT] [30] D ┃ mokashi » ну я так и хотел
[13:44:54] [Client thread/INFO] [CHAT] [30] D ┃ mokashi » но у меня есть уже 5 ботинков
[13:44:56] [Client thread/INFO] [CHAT] Потеряно 208 звезд
[13:44:56] [Client thread/INFO] [CHAT] Tveiv получил Бонус урона
[13:44:56] [Client thread/INFO] [CHAT] Tveiv получил Бонус уклонения
[13:44:56] [Client thread/INFO] [CHAT] Tveiv получил Небытие
[13:44:59] [Client thread/INFO] [CHAT] [30] D ┃ mokashi » их надо только вкачать
[13:44:59] [Client thread/INFO] [CHAT] [30] I ┃ TheFoolLotm » одень все
[13:45:07] [Client thread/INFO] [CHAT] [30] D ┃ mokashi » [Сапоги странника темного континента ♡ +3]
[13:45:08] [Client thread/INFO] [CHAT] [30] D ┃ mokashi » [Сапоги странника темного континента ⚝]
[13:45:08] [Client thread/INFO] [CHAT] [30] D ┃ mokashi » [Сапоги странника темного континента ♨ +3]
[13:45:09] [Client thread/INFO] [CHAT] [30] D ┃ mokashi » [Сапоги странника темного континента ☬ +2]
[13:45:10] [Client thread/INFO] [CHAT] [30] D ┃ mokashi » [Сапоги странника темного континента ☠ +2]
[13:45:13] [Client thread/INFO] [CHAT] Получено 43 звезд
[13:45:13] [Client thread/INFO] [CHAT] Получено 40 звезд
[13:45:13] [Client thread/INFO] [CHAT] Урон игрока Tveiv: 1955
[13:45:14] [Client thread/INFO] [CHAT] [30] GOD ┃ niwiy » сделай макс хп
[13:45:20] [Client thread/INFO] [CHAT] [30] D ┃ mokashi » нехочу
[13:45:20] [Client thread/INFO] [CHAT] [30] GOD ┃ niwiy » выбери самые жирнопроцентные минимиры
[13:45:25] [Client thread/INFO] [CHAT] [30] GOD ┃ niwiy » и бедствие
[13:45:31] [Client thread/INFO] [CHAT] [30] GOD ┃ niwiy » 4 бедствия сет и бегать выжиагть
[13:45:33] [Client thread/INFO] [CHAT] Потеряно 52 звезд
[13:45:33] [Client thread/INFO] [CHAT] Tveiv получил Бумажный меч
[13:45:54] [Client thread/INFO] [CHAT] [30] D ┃ mokashi » звучит неоч перспективно
[13:45:57] [Client thread/INFO] [CHAT] [30] I ┃ TheFoolLotm » +
[13:46:08] [Client thread/INFO] [CHAT] Получено 42 звезд
[13:46:08] [Client thread/INFO] [CHAT] Получено 40 звезд
[13:46:08] [Client thread/INFO] [CHAT] Урон игрока Tveiv: 3497
[13:46:10] [Client thread/INFO] [CHAT] [30] I ┃ TheFoolLotm » особенно когда утебя 1500 хп а у босса 50к
[13:46:11] [Client thread/INFO] [CHAT] [30] GOD ┃ niwiy » ладно бедсвтие это мегамусор раса
[13:46:13] [Client thread/INFO] [CHAT] Потеряно 52 звезд
[13:46:13] [Client thread/INFO] [CHAT] Tveiv получил Бонус урона
[13:46:13] [Client thread/INFO] [CHAT] Tveiv получил Бонус уклонения
[13:46:13] [Client thread/INFO] [CHAT] Tveiv получил Ничего
[13:46:16] [Client thread/INFO] [CHAT] Последователь и его группа ожидают от Вас ответа.
[13:46:21] [Client thread/INFO] [CHAT] Последователь Этоля: Превосходный ответ, мы ожидаем от тебя свершений.
[13:46:21] [Client thread/INFO] [CHAT] Tveiv получил Бонус урона x2
[13:46:27] [Client thread/INFO] [CHAT] [30] D ┃ mokashi » у бедствия ток метка на оружие норм
[13:46:27] [Client thread/INFO] [CHAT] Вы уклонились на 34%
[13:46:29] [Client thread/INFO] [CHAT] Вы уклонились на 43%
[13:46:30] [Client thread/INFO] [CHAT] [30] I ┃ TheFoolLotm » помню как на сингулярности босс с 200к хп был..
[13:46:30] [Client thread/INFO] [CHAT] Tveiv получил Бонус скорости
[13:46:31] [Client thread/INFO] [CHAT] [30] D ┃ mokashi » точнее самая крутая она
[13:46:36] [Client thread/INFO] [CHAT] [6] V ┃ krabios » !есть ответы на векторины ???
[13:46:41] [Client thread/INFO] [CHAT] Вы уклонились на 31%
[13:46:44] [Client thread/INFO] [CHAT] [30] GOD ┃ niwiy » спрашивай в чате ответят
[13:46:45] [Client thread/INFO] [CHAT] Получено 40 звезд
[13:46:45] [Client thread/INFO] [CHAT] Получено 40 звезд
[13:46:45] [Client thread/INFO] [CHAT] Урон игрока Tveiv: 3225
[13:46:50] [Client thread/INFO] [CHAT] [6] V ┃ krabios » !ок
[13:46:51] [Client thread/INFO] [CHAT] Последователь и его группа ожидают от Вас ответа.
[13:47:00] [Client thread/INFO] [CHAT] Последователь Этоля: Превосходный ответ, мы ожидаем от тебя свершений.
[13:47:00] [Client thread/INFO] [CHAT] Tveiv получил Бонус урона x2
[13:47:03] [Client thread/INFO] [CHAT] [30] D ┃ mokashi » одел боты
[13:47:03] [Client thread/INFO] [CHAT] Вы уклонились на 30%
[13:47:05] [Client thread/INFO] [CHAT] Вы уклонились на 28%
[13:47:05] [Client thread/INFO] [CHAT] [30] I ┃ TheFoolLotm » надеюсь добавят достижения
[13:47:08] [Client thread/INFO] [CHAT] [30] I ┃ TheFoolLotm » зайди в данж
[13:47:10] [Client thread/INFO] [CHAT] Получено 45 звезд
[13:47:10] [Client thread/INFO] [CHAT] Получено 40 звезд
[13:47:10] [Client thread/INFO] [CHAT] Урон игрока Tveiv: 1538
[13:47:18] [Client thread/INFO] [CHAT] [30] D ┃ mokashi » еще от приговора бонус
[13:47:31] [Client thread/INFO] [CHAT] [30] I ┃ TheFoolLotm » медленный какой то
[13:47:33] [Client thread/INFO] [CHAT] Потеряно 54 звезд
[13:47:33] [Client thread/INFO] [CHAT] Tveiv получил Фатальная бессонница
[13:47:44] [Client thread/INFO] [CHAT] [30] D ┃ mokashi » ну думаю
[13:47:46] [Client thread/INFO] [CHAT] Вы уклонились на 31%
[13:47:47] [Client thread/INFO] [CHAT] [30] D ┃ mokashi » куб знаний собрать
[13:47:49] [Client thread/INFO] [CHAT] Вы уклонились на 40%
[13:47:49] [Client thread/INFO] [CHAT] Вы уклонились на 27%
[13:47:50] [Client thread/INFO] [CHAT] Вы уклонились на 39%
[13:47:50] [Client thread/INFO] [CHAT] Вы уклонились на 50%
[13:47:50] [Client thread/INFO] [CHAT] Вы уклонились на 47%
[13:47:52] [Client thread/INFO] [CHAT] [17] V ┃ slava_zandi » какой ответ на загадку про крипера?
[13:47:52] [Client thread/INFO] [CHAT] Вы уклонились на 45%
[13:47:56] [Client thread/INFO] [CHAT] [30] I ┃ TheFoolLotm » обыч взрыв
[13:47:58] [Client thread/INFO] [CHAT] [30] D ┃ mokashi » обычный взрыв
[13:48:00] [Client thread/INFO] [CHAT] Вы уклонились на 49%
[13:48:00] [Client thread/INFO] [CHAT] Вы уклонились на 45%
[13:48:00] [Client thread/INFO] [CHAT] Tveiv получил Бонус здоровья
[13:48:02] [Client thread/INFO] [CHAT] [17] V ┃ slava_zandi » спс
[13:48:03] [Client thread/INFO] [CHAT] Вы уклонились на 25%
[13:48:07] [Client thread/INFO] [CHAT] Вы уклонились на 33%
[13:48:10] [Client thread/INFO] [CHAT] Получено 38 звезд
[13:48:10] [Client thread/INFO] [CHAT] Получено 40 звезд
[13:48:10] [Client thread/INFO] [CHAT] Урон игрока Tveiv: 5411
[13:48:12] [Client thread/INFO] [CHAT] [30] D ┃ mokashi » гдето 200% урон заклинаний звучит довольно перспективно
[13:48:13] [Client thread/INFO] [CHAT] Tveiv получил Спарагмос
[13:48:19] [Client thread/INFO] [CHAT] Потеряно 58 звезд
[13:48:19] [Client thread/INFO] [CHAT] Tveiv получил Бонус урона
[13:48:19] [Client thread/INFO] [CHAT] Tveiv получил Бонус уклонения
[13:48:19] [Client thread/INFO] [CHAT] Tveiv получил Ничего
[13:48:21] [Client thread/INFO] [CHAT] Последователь и его группа ожидают от Вас ответа.
[13:48:25] [Client thread/INFO] [CHAT] Последователь Этоля: Превосходный ответ, мы ожидаем от тебя свершений.
[13:48:25] [Client thread/INFO] [CHAT] Tveiv получил Спокойствие разума x2
[13:48:26] [Client thread/INFO] [CHAT] [30] I ┃ TheFoolLotm » не получится думаю
[13:48:28] [Client thread/INFO] [CHAT] Вы уклонились на 40%
[13:48:29] [Client thread/INFO] [CHAT] Вы уклонились на 42%
[13:48:31] [Client thread/INFO] [CHAT] Вы уклонились на 49%
[13:48:31] [Client thread/INFO] [CHAT] Вы уклонились на 34%
[13:48:33] [Client thread/INFO] [CHAT] Вы уклонились на 35%
[13:48:33] [Client thread/INFO] [CHAT] Вы уклонились на 42%
[13:48:34] [Client thread/INFO] [CHAT] [30] D ┃ mokashi » лан 150%
[13:48:35] [Client thread/INFO] [CHAT] Вы уклонились на 41%
[13:48:35] [Client thread/INFO] [CHAT] Вы уклонились на 46%
[13:48:36] [Client thread/INFO] [CHAT] Вы уклонились на 44%
[13:48:39] [Client thread/INFO] [CHAT] Вы уклонились на 31%
[13:48:40] [Client thread/INFO] [CHAT] [30] D ┃ mokashi » но это минимум будет
[13:48:40] [Client thread/INFO] [CHAT] Tveiv получил Спокойствие разума
[13:48:43] [Client thread/INFO] [CHAT] [30] I ┃ TheFoolLotm » легче бонусы собрать
[13:48:48] [Client thread/INFO] [CHAT] Вы уклонились на 50%
[13:48:51] [Client thread/INFO] [CHAT] Получено 39 звезд
[13:48:51] [Client thread/INFO] [CHAT] Получено 40 звезд
[13:48:51] [Client thread/INFO] [CHAT] Урон игрока Tveiv: 4875
[13:48:53] [Client thread/INFO] [CHAT] [30] V ┃ And12botik » mokashi, если у тебя есть приговор - то это имба
[13:48:54] [Client thread/INFO] [CHAT] [30] D ┃ mokashi » чо тогда
[13:48:55] [Client thread/INFO] [CHAT] [30] D ┃ mokashi » крит урон
[13:49:01] [Client thread/INFO] [CHAT] Потеряно 55 звезд
[13:49:01] [Client thread/INFO] [CHAT] Tveiv получил Бонус скорости
[13:49:06] [Client thread/INFO] [CHAT] [30] D ┃ mokashi » я видел челика который собрал
[13:49:10] [Client thread/INFO] [CHAT] Потеряно 55 звезд
[13:49:10] [Client thread/INFO] [CHAT] Tveiv получил Ледяная колыбель
[13:49:16] [Client thread/INFO] [CHAT] [30] I ┃ TheFoolLotm » скок у него было
[13:49:16] [Client thread/INFO] [CHAT] Потеряно 55 звезд
[13:49:16] [Client thread/INFO] [CHAT] Tveiv получил Раб души
[13:49:17] [Client thread/INFO] [CHAT] [30] GOD ┃ niwiy » куклы стеклянные
[13:49:21] [Client thread/INFO] [CHAT] [30] GOD ┃ niwiy » на 300 хп бегать
[13:49:21] [Client thread/INFO] [CHAT] Потеряно 55 звезд
[13:49:21] [Client thread/INFO] [CHAT] Tveiv получил Кукла вуду
[13:49:24] [Client thread/INFO] [CHAT] [30] D ┃ mokashi » псевдопламя 5 штук +10
[13:49:29] [Client thread/INFO] [CHAT] Последователь и его группа ожидают от Вас ответа.
[13:49:31] [Client thread/INFO] [CHAT] [30] D ┃ mokashi » у него базово 444% крит урона
[13:49:34] [Client thread/INFO] [CHAT] Последователь Этоля: Превосходный ответ, мы ожидаем от тебя свершений.
[13:49:34] [Client thread/INFO] [CHAT] Tveiv получил Собиратель мусора x2
[13:49:37] [Client thread/INFO] [CHAT] [30] D ┃ mokashi » наверн в маске смертника
[13:49:38] [Client thread/INFO] [CHAT] Вы уклонились на 35%
[13:49:39] [Client thread/INFO] [CHAT] [30] I ┃ TheFoolLotm » ogo
[13:49:47] [Client thread/INFO] [CHAT] Получено 44 звезд
[13:49:47] [Client thread/INFO] [CHAT] Получено 40 звезд
[13:49:47] [Client thread/INFO] [CHAT] Урон игрока Tveiv: 3124
[13:49:47] [Client thread/INFO] [CHAT] [30] I ┃ TheFoolLotm » у него +10?
[13:49:51] [Client thread/INFO] [CHAT] [30] D ┃ mokashi » ну да
[13:50:04] [Client thread/INFO] [CHAT] [30] D ┃ mokashi » ну кароч кубики соберу
[13:50:09] [Client thread/INFO] [CHAT] [30] I ┃ TheFoolLotm » куда выкинуть звёзды зачара уже 5 стаков
[13:50:10] [Client thread/INFO] [CHAT] Вы уклонились на 49%
[13:50:11] [Client thread/INFO] [CHAT] Вы уклонились на 33%
[13:50:12] [Client thread/INFO] [CHAT] Вы уклонились на 36%
[13:50:14] [Client thread/INFO] [CHAT] [30] D ┃ mokashi » у мя уже есть 5 штук
[13:50:19] [Client thread/INFO] [CHAT] Вы уклонились на 35%
[13:50:20] [Client thread/INFO] [CHAT] [30] D ┃ mokashi » но там на 4 метки не те
[13:50:24] [Client thread/INFO] [CHAT] Получено 42 звезд
[13:50:24] [Client thread/INFO] [CHAT] Получено 40 звезд
[13:50:24] [Client thread/INFO] [CHAT] Урон игрока Tveiv: 7431
[13:50:26] [Client thread/INFO] [CHAT] [30] D ┃ mokashi » а даже на всех 5
[13:50:29] [Client thread/INFO] [CHAT] Потеряно 56 звезд
[13:50:29] [Client thread/INFO] [CHAT] Tveiv получил Бонус урона x3
[13:50:29] [Client thread/INFO] [CHAT] Tveiv получил Бонус уклонения x3
[13:50:29] [Client thread/INFO] [CHAT] Tveiv получил Небытие
[13:50:30] [Client thread/INFO] [CHAT] [30] I ┃ TheFoolLotm » ещё открой выпадет
[13:50:33] [Client thread/INFO] [CHAT] Потеряно 56 звезд
[13:50:33] [Client thread/INFO] [CHAT] Tveiv получил Фатальная бессонница
[13:50:35] [Client thread/INFO] [CHAT] [30] D ┃ mokashi » ща деп
[13:50:38] [Client thread/INFO] [CHAT] [30] D ┃ mokashi » [Звёздная шкатулка Этоля x 64]
[13:50:38] [Client thread/INFO] [CHAT] [30] D ┃ mokashi » [Звёздная шкатулка Этоля x 3]
[13:50:41] [Client thread/INFO] [CHAT] [30] GOD ┃ niwiy » какие метки ты таришь?
[13:50:50] [Client thread/INFO] [CHAT] [30] D ┃ mokashi » победитель и целитель
[13:50:56] [Client thread/INFO] [CHAT] [18] V ┃ slava_zandi » а кста, как предметами в чате делиться?
[13:51:08] [Client thread/INFO] [CHAT] [18] V ┃ slava_zandi » понял
[13:51:08] [Client thread/INFO] [CHAT] [29] _Den56_ » .#рука без точки
[13:51:19] [Client thread/INFO] [CHAT] Tveiv получил Бонус брони
[13:51:20] [Client thread/INFO] [CHAT] Вы уклонились на 25%
[13:51:21] [Client thread/INFO] [CHAT] Вы уклонились на 31%
[13:51:23] [Client thread/INFO] [CHAT] Вы уклонились на 35%
[13:51:25] [Client thread/INFO] [CHAT] Получено 46 звезд
[13:51:25] [Client thread/INFO] [CHAT] Получено 40 звезд
[13:51:25] [Client thread/INFO] [CHAT] Урон игрока Tveiv: 2071
[13:51:29] [Client thread/INFO] [CHAT] Потеряно 66 звезд
[13:51:29] [Client thread/INFO] [CHAT] Tveiv получил Бонус урона x2
[13:51:29] [Client thread/INFO] [CHAT] Tveiv получил Бонус уклонения x2
[13:51:29] [Client thread/INFO] [CHAT] Tveiv получил Ничего
[13:51:34] [Client thread/INFO] [CHAT] Последователь и его группа ожидают от Вас ответа.
[13:51:36] [Client thread/INFO] [CHAT] [18] V ┃ slava_zandi » вот эта чтука норм? [Карта созвездий]
[13:51:38] [Client thread/INFO] [CHAT] Последователь Этоля: Неправильно! Ты заслуживаешь наказание!
[13:51:38] [Client thread/INFO] [CHAT] Tveiv получил Нож на перестрелке x5
[13:51:40] [Client thread/INFO] [CHAT] Вы уклонились на 32%
[13:51:40] [Client thread/INFO] [CHAT] [30] D ┃ mokashi » ну да
[13:51:40] [Client thread/INFO] [CHAT] Вы уклонились на 42%
[13:51:40] [Client thread/INFO] [CHAT] [30] I ┃ TheFoolLotm » norm
[13:51:41] [Client thread/INFO] [CHAT] Вы уклонились на 35%
[13:51:41] [Client thread/INFO] [CHAT] Вы уклонились на 44%
[13:51:41] [Client thread/INFO] [CHAT] Вы уклонились на 39%
[13:51:42] [Client thread/INFO] [CHAT] Вы уклонились на 25%
[13:51:42] [Client thread/INFO] [CHAT] Вы уклонились на 47%
[13:51:42] [Client thread/INFO] [CHAT] Вы уклонились на 41%
[13:51:44] [Client thread/INFO] [CHAT] Вы уклонились на 43%
[13:51:51] [Client thread/INFO] [CHAT] Вы уклонились на 34%
[13:51:51] [Client thread/INFO] [CHAT] Вы уклонились на 29%
[13:51:51] [Client thread/INFO] [CHAT] Получено 44 звезд
[13:51:51] [Client thread/INFO] [CHAT] Получено 40 звезд
[13:51:51] [Client thread/INFO] [CHAT] Урон игрока Tveiv: 5239
[13:51:52] [Client thread/INFO] [CHAT] [30] D ┃ mokashi » [Секрет алхимиков ♡ +3]
[13:51:56] [Client thread/INFO] [CHAT] Tveiv получил Унижение
[13:52:03] [Client thread/INFO] [CHAT] Потеряно 68 звезд
[13:52:03] [Client thread/INFO] [CHAT] Tveiv получил Бонус урона x2
[13:52:03] [Client thread/INFO] [CHAT] Tveiv получил Бонус уклонения x2
[13:52:03] [Client thread/INFO] [CHAT] Tveiv получил Ничего
[13:52:05] [Client thread/INFO] [CHAT] Потеряно 68 звезд
[13:52:05] [Client thread/INFO] [CHAT] Tveiv получил Бонус брони
[13:52:06] [Client thread/INFO] [CHAT] Потеряно 68 звезд
[13:52:06] [Client thread/INFO] [CHAT] Tveiv получил Бонус здоровья
[13:52:13] [Client thread/INFO] [CHAT] Последователь и его группа ожидают от Вас ответа.
[13:52:13] [Client thread/INFO] [CHAT] [30] D ┃ mokashi » [Звёздная шкатулка Этоля x 50] 0 кубиков
[13:52:17] [Client thread/INFO] [CHAT] Последователь Этоля: Превосходный ответ, мы ожидаем от тебя свершений.
[13:52:17] [Client thread/INFO] [CHAT] Tveiv получил Гений звёзд x2
[13:52:19] [Client thread/INFO] [CHAT] Вы уклонились на 29%
[13:52:21] [Client thread/INFO] [CHAT] Цель уклонилась от атаки на 31%
[13:52:21] [Client thread/INFO] [CHAT] Вы уклонились на 32%
[13:52:22] [Client thread/INFO] [CHAT] Цель уклонилась от атаки на 45%
[13:52:23] [Client thread/INFO] [CHAT] Вы уклонились на 47%
[13:52:25] [Client thread/INFO] [CHAT] Цель уклонилась от атаки на 32%
[13:52:25] [Client thread/INFO] [CHAT] Вы уклонились на 47%
[13:52:26] [Client thread/INFO] [CHAT] Цель уклонилась от атаки на 43%
[13:52:26] [Client thread/INFO] [CHAT] Вы уклонились на 30%
[13:52:28] [Client thread/INFO] [CHAT] Вы уклонились на 45%
[13:52:28] [Client thread/INFO] [CHAT] [6] V ┃ krabios » !скажите ответ пж Скелет иссушитель стреляет из лук какой будет ифект
[13:52:32] [Client thread/INFO] [CHAT] Цель уклонилась от атаки на 42%
[13:52:32] [Client thread/INFO] [CHAT] Цель уклонилась от атаки на 41%
[13:52:33] [Client thread/INFO] [CHAT] Вы уклонились на 43%
[13:52:34] [Client thread/INFO] [CHAT] Цель уклонилась от атаки на 27%
[13:52:34] [Client thread/INFO] [CHAT] Вы уклонились на 34%
[13:52:35] [Client thread/INFO] [CHAT] [30] GOD ┃ niwiy » горегние
[13:52:35] [Client thread/INFO] [CHAT] Цель уклонилась от атаки на 41%
[13:52:36] [Client thread/INFO] [CHAT] [29] _Den56_ » горение
[13:52:36] [Client thread/INFO] [CHAT] Вы уклонились на 44%
[13:52:37] [Client thread/INFO] [CHAT] Вы уклонились на 33%
[13:52:38] [Client thread/INFO] [CHAT] [13] thedarkhunter » горение
[13:52:40] [Client thread/INFO] [CHAT] Цель уклонилась от атаки на 31%
[13:52:41] [Client thread/INFO] [CHAT] [6] V ┃ krabios » !спс
[13:53:29] [Client thread/INFO] [CHAT] [30] D ┃ mokashi » [Куб знаний ♨] не та метка
[13:53:31] [Client thread/INFO] [CHAT] Tveiv получил Кровопролитие
[13:53:35] [Client thread/INFO] [CHAT] Tveiv получил Бонус урона
[13:53:36] [Client thread/INFO] [CHAT] Получено 45 звезд
[13:53:36] [Client thread/INFO] [CHAT] Урон игрока Tveiv: 1024
[13:53:38] [Client thread/INFO] [CHAT] Tveiv получил Расшифровщик Валотайла
[13:53:39] [Client thread/INFO] [CHAT] [30] D ┃ mokashi » [Куб знаний ♡ +1] та метка
[13:53:48] [Client thread/INFO] [CHAT] Tveiv получил Бонус скорости
[13:53:48] [Client thread/INFO] [CHAT] Получено 46 звезд
[13:53:48] [Client thread/INFO] [CHAT] Урон игрока Tveiv: 2118
[13:53:52] [Client thread/INFO] [CHAT] Tveiv получил Бонус урона
[13:54:03] [Client thread/INFO] [CHAT] Ведьмы появляются в комнате и медленно окружают Вас.
[13:54:04] [Client thread/INFO] [CHAT] Ведьма: Уважаемый Странник Тьмы, поделитесь с нами вашей силой.
[13:54:23] [Client thread/INFO] [CHAT] Получено 45 звезд
[13:54:23] [Client thread/INFO] [CHAT] Урон игрока Tveiv: 1219
[13:54:25] [Client thread/INFO] [CHAT] Tveiv получил Карта выбора
[13:54:45] [Client thread/INFO] [CHAT] Получено 44 звезд
[13:54:45] [Client thread/INFO] [CHAT] Урон игрока Tveiv: 2384
[13:54:47] [Client thread/INFO] [CHAT] Tveiv получил Бумажный меч
[13:54:50] [Client thread/INFO] [CHAT] Tveiv получил Приманка
[13:54:51] [Client thread/INFO] [CHAT] Солнечная армия вторглась в Ваш мир!
[13:55:00] [Client thread/INFO] [CHAT] Tveiv получил Бонус здоровья
[13:55:00] [Client thread/INFO] [CHAT] Tveiv получил Бонус урона
[13:55:11] [Client thread/INFO] [CHAT] Tveiv получил Бонус скорости x2
[13:55:21] [Client thread/INFO] [CHAT] Получено 41 звезд
[13:55:21] [Client thread/INFO] [CHAT] Урон игрока Tveiv: 3684
[13:55:26] [Client thread/INFO] [CHAT] Tveiv получил Бонус уровня
[13:55:26] [Client thread/INFO] [CHAT] [30] D ┃ mokashi » лан я понял метки чародея нужны
[13:55:45] [Client thread/INFO] [CHAT] Получено 42 звезд
[13:55:45] [Client thread/INFO] [CHAT] Урон игрока Tveiv: 4334
[13:55:52] [Client thread/INFO] [CHAT] Tveiv получил Викторина Монксельда
[13:55:54] [Client thread/INFO] [CHAT] Последователь и его группа ожидают от Вас ответа.
[13:56:18] [Client thread/INFO] [CHAT] Последователь Этоля: Превосходный ответ, мы ожидаем от тебя свершений.
[13:56:18] [Client thread/INFO] [CHAT] Tveiv получил Спокойствие разума x2
[13:56:45] [Client thread/INFO] [CHAT] Получено 38 звезд
[13:56:45] [Client thread/INFO] [CHAT] Урон игрока Tveiv: 6122
[13:56:49] [Client thread/INFO] [CHAT] Tveiv получил Висп в бутылке
[13:56:56] [Client thread/INFO] [CHAT] Потеряно 264 звезд
[13:56:56] [Client thread/INFO] [CHAT] Tveiv получил Дверь во тьму
[13:56:58] [Client thread/INFO] [CHAT] Последователь и его группа ожидают от Вас ответа.
[13:57:02] [Client thread/INFO] [CHAT] Последователь Этоля: Превосходный ответ, мы ожидаем от тебя свершений.
[13:57:02] [Client thread/INFO] [CHAT] Tveiv получил Мышь на Венере x2
[13:57:04] [Client thread/INFO] [CHAT] [30] GOD ┃ niwiy » фокусные линзы тож норм тема, в 2 раза слабее кубиков но и крит шанс дает
[13:57:12] [Client thread/INFO] [CHAT] Tveiv получил Расшифровщик Валотайла
[13:57:18] [Client thread/INFO] [CHAT] Получено 43 звезд
[13:57:18] [Client thread/INFO] [CHAT] Урон игрока Tveiv: 3401
[13:57:47] [Client thread/INFO] [CHAT] Tveiv получил Мое последнее перерождение в мире звезд, подаренное Исцелением
[13:57:53] [Client thread/INFO] [CHAT] Последователь и его группа ожидают от Вас ответа.
[13:58:28] [Client thread/INFO] [CHAT] Последователь Этоля: Превосходный ответ, мы ожидаем от тебя свершений.
[13:58:28] [Client thread/INFO] [CHAT] Tveiv получил Бонус здоровья x2
[13:58:32] [Client thread/INFO] [CHAT] [30] D ┃ mokashi » [Куб знаний ☬ +3]
[13:58:58] [Client thread/INFO] [CHAT] Получено 37 звезд
[13:58:58] [Client thread/INFO] [CHAT] Урон игрока Tveiv: 9472
[13:59:00] [Client thread/INFO] [CHAT] Tveiv получил Собиратель мусора
[13:59:10] [Client thread/INFO] [CHAT] Tveiv получил Проклятие
[13:59:10] [Client thread/INFO] [CHAT] Tveiv получил Небытие
[13:59:29] [Client thread/INFO] [CHAT] Tveiv получил Спокойствие разума
[14:00:08] [Client thread/INFO] [CHAT] Получено 47 звезд
[14:00:08] [Client thread/INFO] [CHAT] Урон игрока Tveiv: 734
[14:00:10] [Client thread/INFO] [CHAT] Tveiv получил Кукла вуду
[14:00:17] [Client thread/INFO] [CHAT] [30] D ┃ mokashi » [Осколок фантазии Этоля x 64]
[14:00:18] [Client thread/INFO] [CHAT] [30] D ┃ mokashi » [Осколок фантазии Этоля x 64]
[14:00:19] [Client thread/INFO] [CHAT] [30] D ┃ mokashi » [Осколок фантазии Этоля x 42]
[14:00:20] [Client thread/INFO] [CHAT] [30] D ┃ mokashi » [Осколок фантазии Этоля]
[14:00:23] [Client thread/INFO] [CHAT] Получено 47 звезд
[14:00:23] [Client thread/INFO] [CHAT] Урон игрока Tveiv: 1918
[14:00:24] [Client thread/INFO] [CHAT] Tveiv получил Кровопролитие
[14:00:25] [Client thread/INFO] [CHAT] [30] I ┃ TheFoolLotm » ох уж лудомания эта
[14:00:25] [Client thread/INFO] [CHAT] Последователь Этоля появляется в комнате.
[14:00:27] [Client thread/INFO] [CHAT] Астролог: Странник Тьмы, я рад видеть тебя. Позволь мне помочь в твоих странствиях, давай свою экипировку.
[14:00:27] [Client thread/INFO] [CHAT] Оружие получает +2 к уровню зачарования, а остальные предметы - +4
[14:00:36] [Client thread/INFO] [CHAT] [1] snabderka » ! ребята сколько будет 30 плюс 37?
[14:00:50] [Client thread/INFO] [CHAT] Получено 45 звезд
[14:00:50] [Client thread/INFO] [CHAT] Урон игрока Tveiv: 1237
[14:00:52] [Client thread/INFO] [CHAT] Tveiv получил Небытие
[14:00:54] [Client thread/INFO] [CHAT] [13] thedarkhunter » 77
[14:00:55] [Client thread/INFO] [CHAT] Потеряно 46 звезд
[14:00:55] [Client thread/INFO] [CHAT] Tveiv получил Бонус урона
[14:00:55] [Client thread/INFO] [CHAT] Tveiv получил Бонус уклонения
[14:00:55] [Client thread/INFO] [CHAT] Tveiv получил Ничего
[14:00:56] [Client thread/INFO] [CHAT] Жми SHIFT, чтобы получить эффект левитации и поймать летучих мышей!
[14:01:02] [Client thread/INFO] [CHAT] [30] D ┃ mokashi » 66
[14:01:05] [Client thread/INFO] [CHAT] Tveiv получил Мышь на Венере
[14:01:08] [Client thread/INFO] [CHAT] [30] I ┃ TheFoolLotm » ключ к победе х4 кайф
[14:01:18] [Client thread/INFO] [CHAT] Tveiv получил Бонус брони
[14:01:18] [Client thread/INFO] [CHAT] Получено 44 звезд
[14:01:18] [Client thread/INFO] [CHAT] Урон игрока Tveiv: 2602
[14:01:21] [Client thread/INFO] [CHAT] Tveiv получил Висп в бутылке
[14:01:24] [Client thread/INFO] [CHAT] Tveiv получил Бонус уровня
[14:01:30] [Client thread/INFO] [CHAT] Потеряно 48 звезд
[14:01:30] [Client thread/INFO] [CHAT] Tveiv получил Бонус урона
[14:01:30] [Client thread/INFO] [CHAT] Tveiv получил Бонус уклонения
[14:01:30] [Client thread/INFO] [CHAT] Tveiv получил Ничего
[14:01:40] [Client thread/INFO] [CHAT] Вы уклонились на 40%
[14:01:44] [Client thread/INFO] [CHAT] Вы уклонились на 40%
[14:01:46] [Client thread/INFO] [CHAT] Вы уклонились на 47%
[14:01:47] [Client thread/INFO] [CHAT] Tveiv получил Бонус скорости
[14:01:51] [Client thread/INFO] [CHAT] Получено 43 звезд
[14:01:51] [Client thread/INFO] [CHAT] Урон игрока Tveiv: 2651
[14:01:53] [Client thread/INFO] [CHAT] Tveiv получил Бонус урона
[14:01:53] [Client thread/INFO] [CHAT] Tveiv получил Бонус уклонения
[14:01:53] [Client thread/INFO] [CHAT] Tveiv получил Ничего
[14:01:54] [Client thread/INFO] [CHAT] У Вас есть 20 секунд, прежде, чем кот сбежит!
[14:01:59] [Client thread/INFO] [CHAT] Tveiv получил Идол глупцов
[14:02:02] [Client thread/INFO] [CHAT] Вы уклонились на 41%
[14:02:11] [Client thread/INFO] [CHAT] Вы уклонились на 47%
[14:02:11] [Client thread/INFO] [CHAT] Вы уклонились на 29%
[14:02:16] [Client thread/INFO] [CHAT] Получено 42 звезд
[14:02:16] [Client thread/INFO] [CHAT] Урон игрока Tveiv: 3927
[14:02:17] [Client thread/INFO] [CHAT] Tveiv получил Внутренняя сила
[14:02:19] [Client thread/INFO] [CHAT] [30] D ┃ mokashi » может быть вкачать ботинки
[14:02:25] [Client thread/INFO] [CHAT] Потеряно 53 звезд
[14:02:25] [Client thread/INFO] [CHAT] Tveiv получил Сетка для ловли звёзд
[14:02:30] [Client thread/INFO] [CHAT] Потеряно 53 звезд
[14:02:30] [Client thread/INFO] [CHAT] Tveiv получил Раб души
[14:02:38] [Client thread/INFO] [CHAT] Последователь и его группа ожидают от Вас ответа.
[14:02:42] [Client thread/INFO] [CHAT] Последователь Этоля: Превосходный ответ, мы ожидаем от тебя свершений.
[14:02:42] [Client thread/INFO] [CHAT] Tveiv получил Собиратель мусора
[14:02:44] [Client thread/INFO] [CHAT] Tveiv получил Спокойствие разума
[14:02:45] [Client thread/INFO] [CHAT] Вы уклонились на 26%
[14:02:48] [Client thread/INFO] [CHAT] Вы уклонились на 31%
[14:02:54] [Client thread/INFO] [CHAT] Вы уклонились на 25%
[14:02:55] [Client thread/INFO] [CHAT] Получено 61 звезд
[14:02:55] [Client thread/INFO] [CHAT] Урон игрока Tveiv: 2875
[14:02:56] [Client thread/INFO] [CHAT] [30] D ┃ mokashi » да так и сделаю
[14:02:57] [Client thread/INFO] [CHAT] Tveiv получил Бонус урона
[14:02:57] [Client thread/INFO] [CHAT] Tveiv получил Бонус уклонения
[14:02:57] [Client thread/INFO] [CHAT] Tveiv получил Ничего
[14:03:02] [Client thread/INFO] [CHAT] Потеряно 54 звезд
[14:03:02] [Client thread/INFO] [CHAT] Tveiv получил Бонус урона
[14:03:02] [Client thread/INFO] [CHAT] Tveiv получил Бонус уклонения
[14:03:02] [Client thread/INFO] [CHAT] Tveiv получил Ничего
[14:03:11] [Client thread/INFO] [CHAT] Вы уклонились на 38%
[14:03:13] [Client thread/INFO] [CHAT] Получено 62 звезд
[14:03:13] [Client thread/INFO] [CHAT] Урон игрока Tveiv: 1084
[14:03:15] [Client thread/INFO] [CHAT] Tveiv получил Пожиратель энергии
[14:03:20] [Client thread/INFO] [CHAT] Вы уклонились на 39%
[14:03:24] [Client thread/INFO] [CHAT] Вы уклонились на 35%
[14:03:28] [Client thread/INFO] [CHAT] Вы уклонились на 44%
[14:03:33] [Client thread/INFO] [CHAT] Вы уклонились на 46%
[14:03:34] [Client thread/INFO] [CHAT] Получено 60 звезд
[14:03:34] [Client thread/INFO] [CHAT] Урон игрока Tveiv: 4875
[14:03:36] [Client thread/INFO] [CHAT] Tveiv получил Бонус урона
[14:03:36] [Client thread/INFO] [CHAT] Tveiv получил Бонус уклонения
[14:03:36] [Client thread/INFO] [CHAT] Tveiv получил Ничего
[14:03:39] [Client thread/INFO] [CHAT] Tveiv получил Спарагмос
[14:03:40] [Client thread/INFO] [CHAT] [30] D ┃ mokashi » [Сапоги странника темного континента ☠ +10]
[14:03:41] [Client thread/INFO] [CHAT] [30] D ┃ mokashi » [Сапоги странника темного континента ♡ +10]
[14:03:41] [Client thread/INFO] [CHAT] [30] D ┃ mokashi » [Сапоги странника темного континента ☠ +10]
[14:03:41] [Client thread/INFO] [CHAT] Потеряно 58 звезд
[14:03:41] [Client thread/INFO] [CHAT] Tveiv получил Бонус урона
[14:03:41] [Client thread/INFO] [CHAT] Tveiv получил Бонус уклонения
[14:03:41] [Client thread/INFO] [CHAT] Tveiv получил Ничего
[14:03:42] [Client thread/INFO] [CHAT] [30] D ┃ mokashi » [Сапоги странника темного континента ☬ +8]
[14:03:42] [Client thread/INFO] [CHAT] [30] D ┃ mokashi » [Сапоги странника темного континента ♡ +3]
[14:03:47] [Client thread/INFO] [CHAT] Мыслитель Вазор: Он чудовище, потому-что жалоголовый.
[14:03:49] [Client thread/INFO] [CHAT] Мыслитель Теагон: Нет, мой друг, он жалоголовый, потому-что чудовище.
[14:03:51] [Client thread/INFO] [CHAT] Новатор Мысли: Здравствуй, Странник Тьмы, не мог бы ты рассудить, чье высказывание является верным?
[14:03:52] [Client thread/INFO] [CHAT] Мыслитель Вазор: Ну что, друг мой, я оказался прав.
[14:03:52] [Client thread/INFO] [CHAT] Tveiv получил Острый клинок
[14:03:52] [Client thread/INFO] [CHAT] Tveiv получил Кровопролитие
[14:03:56] [Client thread/INFO] [CHAT] Вы уклонились на 44%
[14:03:56] [Client thread/INFO] [CHAT] Вы уклонились на 50%
[14:03:57] [Client thread/INFO] [CHAT] Вы уклонились на 48%
[14:03:57] [Client thread/INFO] [CHAT] Вы уклонились на 36%
[14:03:59] [Client thread/INFO] [CHAT] Вы уклонились на 46%
[14:03:59] [Client thread/INFO] [CHAT] Вы уклонились на 42%
[14:03:59] [Client thread/INFO] [CHAT] Вы уклонились на 48%
[14:04:01] [Client thread/INFO] [CHAT] Вы уклонились на 29%
[14:04:03] [Client thread/INFO] [CHAT] Вы уклонились на 41%
[14:04:03] [Client thread/INFO] [CHAT] Вы уклонились на 44%
[14:04:04] [Client thread/INFO] [CHAT] Вы уклонились на 38%
[14:04:04] [Client thread/INFO] [CHAT] Tveiv получил Бонус урона
[14:04:04] [Client thread/INFO] [CHAT] Tveiv получил Бонус уклонения
[14:04:04] [Client thread/INFO] [CHAT] Tveiv получил Ничего
[14:04:05] [Client thread/INFO] [CHAT] Вы уклонились на 41%
[14:04:06] [Client thread/INFO] [CHAT] [30] D ┃ mokashi » ну скорости прям не прибавилось
[14:04:07] [Client thread/INFO] [CHAT] Вы уклонились на 47%
[14:04:08] [Client thread/INFO] [CHAT] Получено 61 звезд
[14:04:08] [Client thread/INFO] [CHAT] Урон игрока Tveiv: 4141
[14:04:09] [Client thread/INFO] [CHAT] Tveiv получил Мое последнее перерождение в мире звезд, подаренное Исцелением
[14:04:15] [Client thread/INFO] [CHAT] Вы уклонились на 33%
[14:04:16] [Client thread/INFO] [CHAT] Вы уклонились на 40%
[14:04:16] [Client thread/INFO] [CHAT] Вы уклонились на 45%
[14:04:17] [Client thread/INFO] [CHAT] Вы уклонились на 47%
[14:04:20] [Client thread/INFO] [CHAT] Вы уклонились на 46%
[14:04:23] [Client thread/INFO] [CHAT] Вы уклонились на 36%
[14:04:24] [Client thread/INFO] [CHAT] Получено 62 звезд
[14:04:24] [Client thread/INFO] [CHAT] Урон игрока Tveiv: 2689
[14:04:29] [Client thread/INFO] [CHAT] Tveiv получил Спокойствие разума
[14:04:34] [Client thread/INFO] [CHAT] Потеряно 222 звезд
[14:04:34] [Client thread/INFO] [CHAT] Tveiv получил Бонус урона x8
[14:04:34] [Client thread/INFO] [CHAT] Tveiv получил Бонус уклонения x8
[14:04:34] [Client thread/INFO] [CHAT] Tveiv получил Небытие
[14:04:38] [Client thread/INFO] [CHAT] Вы уклонились на 46%
[14:04:38] [Client thread/INFO] [CHAT] Вы уклонились на 40%
[14:04:38] [Client thread/INFO] [CHAT] Вы уклонились на 26%
[14:04:39] [Client thread/INFO] [CHAT] Вы уклонились на 40%
[14:04:39] [Client thread/INFO] [CHAT] Вы уклонились на 27%
[14:04:40] [Client thread/INFO] [CHAT] Вы уклонились на 36%
[14:04:41] [Client thread/INFO] [CHAT] Вы уклонились на 29%
[14:04:42] [Client thread/INFO] [CHAT] Вы уклонились на 40%
[14:04:43] [Client thread/INFO] [CHAT] Вы уклонились на 45%
[14:04:45] [Client thread/INFO] [CHAT] Вы уклонились на 25%
[14:04:48] [Client thread/INFO] [CHAT] Получено 61 звезд
[14:04:48] [Client thread/INFO] [CHAT] Урон игрока Tveiv: 8869
[14:04:51] [Client thread/INFO] [CHAT] Tveiv получил Унижение
[14:04:55] [Client thread/INFO] [CHAT] Вы уклонились на 25%
[14:04:55] [Client thread/INFO] [CHAT] Вы уклонились на 32%
[14:04:55] [Client thread/INFO] [CHAT] Вы уклонились на 29%
[14:04:56] [Client thread/INFO] [CHAT] Вы уклонились на 50%
[14:04:56] [Client thread/INFO] [CHAT] Цель уклонилась от атаки на 27%
[14:04:57] [Client thread/INFO] [CHAT] Вы уклонились на 46%
[14:05:03] [Client thread/INFO] [CHAT] Вы уклонились на 28%
[14:05:03] [Client thread/INFO] [CHAT] [29] _nay4ok_ » кто поможет пройти ласт локу на целителя
[14:05:04] [Client thread/INFO] [CHAT] Получено 62 звезд
[14:05:04] [Client thread/INFO] [CHAT] Урон игрока Tveiv: 1906
[14:05:06] [Client thread/INFO] [CHAT] Tveiv получил Дух предстоящей победы
[14:05:09] [Client thread/INFO] [CHAT] Потеряно 66 звезд
[14:05:09] [Client thread/INFO] [CHAT] Tveiv получил Бонус урона x2
[14:05:09] [Client thread/INFO] [CHAT] Tveiv получил Бонус уклонения x2
[14:05:09] [Client thread/INFO] [CHAT] Tveiv получил Ничего
[14:05:13] [Client thread/INFO] [CHAT] Вы уклонились на 28%
[14:05:13] [Client thread/INFO] [CHAT] Вы уклонились на 33%
[14:05:13] [Client thread/INFO] [CHAT] Вы уклонились на 43%
[14:05:14] [Client thread/INFO] [CHAT] Вы уклонились на 34%
[14:05:14] [Client thread/INFO] [CHAT] Вы уклонились на 29%
[14:05:15] [Client thread/INFO] [CHAT] [30] D ┃ mokashi » шанс уклонения 38%
[14:05:16] [Client thread/INFO] [CHAT] Вы уклонились на 35%
[14:05:16] [Client thread/INFO] [CHAT] Вы уклонились на 39%
[14:05:16] [Client thread/INFO] [CHAT] Вы уклонились на 45%
[14:05:17] [Client thread/INFO] [CHAT] Вы уклонились на 36%
[14:05:17] [Client thread/INFO] [CHAT] Вы уклонились на 39%
[14:05:17] [Client thread/INFO] [CHAT] Вы уклонились на 44%
[14:05:18] [Client thread/INFO] [CHAT] Цель уклонилась от атаки на 43%
[14:05:18] [Client thread/INFO] [CHAT] Вы уклонились на 31%
[14:05:18] [Client thread/INFO] [CHAT] Вы уклонились на 25%
[14:05:19] [Client thread/INFO] [CHAT] Вы уклонились на 37%
[14:05:22] [Client thread/INFO] [CHAT] [30] D ┃ mokashi » сила уклонения 36-100%
[14:05:23] [Client thread/INFO] [CHAT] Вы уклонились на 26%
[14:05:23] [Client thread/INFO] [CHAT] Вы уклонились на 26%
[14:05:27] [Client thread/INFO] [CHAT] Цель уклонилась от атаки на 34%
[14:05:27] [Client thread/INFO] [CHAT] Tveiv получил Бонус брони
[14:05:27] [Client thread/INFO] [CHAT] Получено 60 звезд
[14:05:27] [Client thread/INFO] [CHAT] Урон игрока Tveiv: 6780
[14:05:28] [Client thread/INFO] [CHAT] Tveiv получил Спокойствие разума
[14:05:30] [Client thread/INFO] [CHAT] Tveiv получил Паранойя Победителя
[14:05:35] [Client thread/INFO] [CHAT] Потеряно 68 звезд
[14:05:35] [Client thread/INFO] [CHAT] Tveiv получил Бонус урона x2
[14:05:35] [Client thread/INFO] [CHAT] Tveiv получил Бонус уклонения x2
[14:05:35] [Client thread/INFO] [CHAT] Tveiv получил Ничего
[14:05:37] [Client thread/INFO] [CHAT] Жми SHIFT, чтобы получить эффект левитации и поймать летучих мышей!
[14:05:45] [Client thread/INFO] [CHAT] Tveiv получил Мышь на Венере
[14:05:46] [Client thread/INFO] [CHAT] [1] snabderka » ! шанс скорости 67#
[14:05:47] [Client thread/INFO] [CHAT] Вы уклонились на 34%
[14:05:47] [Client thread/INFO] [CHAT] Цель уклонилась от атаки на 31%
[14:05:47] [Client thread/INFO] [CHAT] Цель уклонилась от атаки на 25%
[14:05:48] [Client thread/INFO] [CHAT] Цель уклонилась от атаки на 29%
[14:05:48] [Client thread/INFO] [CHAT] Вы уклонились на 25%
[14:05:48] [Client thread/INFO] [CHAT] [29] _nay4ok_ » кто поможет пройти ласт локу на целителя
[14:05:50] [Client thread/INFO] [CHAT] Вы уклонились на 47%
[14:05:50] [Client thread/INFO] [CHAT] Цель уклонилась от атаки на 41%
[14:05:51] [Client thread/INFO] [CHAT] Цель уклонилась от атаки на 40%
[14:05:51] [Client thread/INFO] [CHAT] Вы уклонились на 42%
[14:05:53] [Client thread/INFO] [CHAT] Цель уклонилась от атаки на 40%
[14:05:53] [Client thread/INFO] [CHAT] Вы уклонились на 42%
[14:05:54] [Client thread/INFO] [CHAT] Цель уклонилась от атаки на 41%
[14:05:55] [Client thread/INFO] [CHAT] Вы уклонились на 48%
[14:05:55] [Client thread/INFO] [CHAT] Цель уклонилась от атаки на 34%
[14:05:58] [Client thread/INFO] [CHAT] Цель уклонилась от атаки на 27%
[14:05:59] [Client thread/INFO] [CHAT] Цель уклонилась от атаки на 36%
[14:06:00] [Client thread/INFO] [CHAT] Вы уклонились на 28%
[14:06:00] [Client thread/INFO] [CHAT] Цель уклонилась от атаки на 49%
[14:06:01] [Client thread/INFO] [CHAT] Вы уклонились на 38%
[14:06:04] [Client thread/INFO] [CHAT] Вы уклонились на 26%
[14:06:05] [Client thread/INFO] [CHAT] Цель уклонилась от атаки на 38%
[14:06:06] [Client thread/INFO] [CHAT] Вы уклонились на 34%
[14:06:07] [Client thread/INFO] [CHAT] Вы уклонились на 30%
[14:07:09] [Client thread/INFO] [CHAT] [29] _nay4ok_ » кто поможет пройти ласт локу на целителя
[14:07:10] [Client thread/INFO] [CHAT] Получено 46 звезд
[14:07:10] [Client thread/INFO] [CHAT] Урон игрока Tveiv: 1034
[14:07:11] [Client thread/INFO] [CHAT] Tveiv получил Бумажный меч
[14:07:28] [Client thread/INFO] [CHAT] Получено 44 звезд
[14:07:28] [Client thread/INFO] [CHAT] Урон игрока Tveiv: 2838
[14:07:29] [Client thread/INFO] [CHAT] Tveiv получил Мое последнее перерождение в мире звезд, подаренное Исцелением
[14:07:36] [Client thread/INFO] [CHAT] Потеряно 51 звезд
[14:07:36] [Client thread/INFO] [CHAT] Tveiv получил Ничего
[14:07:56] [Client thread/INFO] [CHAT] Получено 44 звезд
[14:07:56] [Client thread/INFO] [CHAT] Урон игрока Tveiv: 1538
[14:07:59] [Client thread/INFO] [CHAT] Tveiv получил Кровопролитие
[14:08:19] [Client thread/INFO] [CHAT] Получено 42 звезд
[14:08:19] [Client thread/INFO] [CHAT] Урон игрока Tveiv: 3224
[14:08:21] [Client thread/INFO] [CHAT] Tveiv получил Разрушитель звёзд
[14:08:23] [Client thread/INFO] [CHAT] [29] _nay4ok_ » кто поможет пройти ласт локу на целителя
[14:08:25] [Client thread/INFO] [CHAT] Tveiv получил Проклятие
[14:08:30] [Client thread/INFO] [CHAT] Потеряно 52 звезд
[14:08:30] [Client thread/INFO] [CHAT] Tveiv получил Неукротимое бесстрашие
[14:08:44] [Client thread/INFO] [CHAT] Потеряно 52 звезд
[14:08:44] [Client thread/INFO] [CHAT] Tveiv получил Кукла вуду
[14:08:54] [Client thread/INFO] [CHAT] Tveiv получил Бонус скорости
[14:09:04] [Client thread/INFO] [CHAT] Получено 44 звезд
[14:09:04] [Client thread/INFO] [CHAT] Получено 40 звезд
[14:09:04] [Client thread/INFO] [CHAT] Урон игрока Tveiv: 3275
[14:09:07] [Client thread/INFO] [CHAT] Потеряно 52 звезд
[14:09:07] [Client thread/INFO] [CHAT] Tveiv получил Пожиратель энергии
[14:09:13] [Client thread/INFO] [CHAT] Жми SHIFT, чтобы получить эффект левитации и поймать летучих мышей!
[14:09:34] [Client thread/INFO] [CHAT] Tveiv получил Мышь на Венере
[14:09:48] [Client thread/INFO] [CHAT] [30] D ┃ mokashi » вы уклонились на 67%
[14:09:55] [Client thread/INFO] [CHAT] Получено 41 звезд
[14:09:55] [Client thread/INFO] [CHAT] Получено 40 звезд
[14:09:55] [Client thread/INFO] [CHAT] Урон игрока Tveiv: 4750
[14:10:41] [Client thread/INFO] [CHAT] Получено 35 звезд
[14:10:41] [Client thread/INFO] [CHAT] Получено 40 звезд
[14:10:41] [Client thread/INFO] [CHAT] Урон игрока Tveiv: 3979
[14:10:48] [Client thread/INFO] [CHAT] Потеряно 54 звезд
[14:10:48] [Client thread/INFO] [CHAT] Tveiv получил Ничего
[14:10:48] [Client thread/INFO] [CHAT] [30] D ┃ mokashi » вы уклонились на 100%
[14:11:00] [Client thread/WARN] Missing sound for event: minecraft:entity.turtle.ambient
[14:11:00] [Client thread/WARN] Missing sound for event: minecraft:entity.turtle.baby_hurt
[14:11:00] [Client thread/WARN] Missing sound for event: minecraft:entity.turtle.hurt
[14:11:00] [Client thread/WARN] Missing sound for event: minecraft:entity.turtle.baby_death
[14:11:00] [Client thread/WARN] Missing sound for event: minecraft:entity.turtle.death
[14:11:00] [Client thread/WARN] Missing sound for event: minecraft:entity.turtle.baby_step
[14:11:00] [Client thread/WARN] Missing sound for event: minecraft:entity.turtle.step
[14:11:00] [Client thread/WARN] Missing sound for event: minecraft:entity.turtle.swim
[14:11:00] [Client thread/WARN] Missing sound for event: minecraft:block.turtle_egg.crack
[14:11:00] [Client thread/WARN] Missing sound for event: minecraft:block.turtle_egg.egg_break
[14:11:00] [Client thread/WARN] Missing sound for event: minecraft:block.turtle_egg.fall
[14:11:00] [Client thread/WARN] Missing sound for event: minecraft:block.turtle_egg.hatch
[14:11:00] [Client thread/INFO] SoundSystem shutting down...
[14:11:00] [Client thread/WARN] Author: Paul Lamb, www.paulscode.com
[14:11:00] [Client thread/INFO] Starting up SoundSystem...
[14:11:00] [Thread-33/INFO] Initializing LWJGL OpenAL
[14:11:00] [Thread-33/INFO] (The LWJGL binding of OpenAL.  For more information, see http://www.lwjgl.org)
[14:11:00] [Thread-33/INFO] OpenAL audio device: OpenAL Soft on Динамики (MCHOSE V9 PRO)
[14:11:00] [Thread-33/INFO] OpenAL initialized.
[14:11:00] [Client thread/INFO] Sound engine reloaded
[14:11:24] [Client thread/INFO] [CHAT] Получено 43 звезд
[14:11:24] [Client thread/INFO] [CHAT] Получено 40 звезд
[14:11:24] [Client thread/INFO] [CHAT] Урон игрока Tveiv: 2358
[14:11:52] [Client thread/INFO] [CHAT] Получено 39 звезд
[14:11:52] [Client thread/INFO] [CHAT] Получено 40 звезд
[14:11:52] [Client thread/INFO] [CHAT] Урон игрока Tveiv: 6833
[14:11:54] [Client thread/INFO] [CHAT] Tveiv получил Паранойя Победителя
[14:11:59] [Client thread/INFO] [CHAT] Потеряно 218 звезд
[14:11:59] [Client thread/INFO] [CHAT] Tveiv получил Бонус урона x2
[14:11:59] [Client thread/INFO] [CHAT] Tveiv получил Бонус уклонения x2
[14:11:59] [Client thread/INFO] [CHAT] Tveiv получил Небытие
[14:12:02] [Client thread/INFO] [CHAT] У Вас есть 20 секунд, прежде, чем кот сбежит!
[14:12:08] [Client thread/INFO] [CHAT] Tveiv получил Идол глупцов
[14:12:11] [Client thread/INFO] [CHAT] Вы уклонились на 35%
[14:12:16] [Client thread/INFO] [CHAT] Вы уклонились на 45%
[14:12:30] [Client thread/INFO] [CHAT] Вы уклонились на 46%
[14:12:31] [Client thread/INFO] [CHAT] Вы уклонились на 35%
[14:12:32] [Client thread/INFO] [CHAT] Вы уклонились на 44%
[14:12:33] [Client thread/INFO] [CHAT] Получено 39 звезд
[14:12:33] [Client thread/INFO] [CHAT] Получено 40 звезд
[14:12:33] [Client thread/INFO] [CHAT] Урон игрока Tveiv: 6360
[14:12:39] [Client thread/INFO] [CHAT] [30] HE ┃ datcc » [Высасывающий клинок Расимы ☬ +4]
[14:12:39] [Client thread/INFO] [CHAT] Потеряно 55 звезд
[14:12:39] [Client thread/INFO] [CHAT] Tveiv получил Неукротимое бесстрашие
[14:12:43] [Client thread/INFO] [CHAT] [30] HE ┃ datcc » 13 благ
[14:12:49] [Client thread/INFO] [CHAT] [30] D ┃ MistressFeet » (
[14:12:59] [Client thread/INFO] [CHAT] [30] D ┃ mokashi » у мя седня был приговор
[14:13:04] [Client thread/INFO] [CHAT] [30] D ┃ mokashi » вот я в него влил 32 благи
[14:13:10] [Client thread/INFO] [CHAT] Вы уклонились на 40%
[14:13:11] [Client thread/INFO] [CHAT] [30] D ┃ MistressFeet » парни если че
[14:13:14] [Client thread/INFO] [CHAT] [30] D ┃ MistressFeet » [Высасывающий клинок Расимы ♨ +10]
[14:13:14] [Client thread/INFO] [CHAT] Получено 40 звезд
[14:13:14] [Client thread/INFO] [CHAT] Получено 40 звезд
[14:13:14] [Client thread/INFO] [CHAT] Урон игрока Tveiv: 4447
[14:13:22] [Client thread/INFO] [CHAT] [30] D ┃ MistressFeet » ну вы понимаете что ни одной заточки не слил на него
[14:13:29] [Client thread/INFO] [CHAT] [22] I ┃ fahn_122 » ижу тима по дс лс
[14:13:35] [Client thread/INFO] [CHAT] Потеряно 55 звезд
[14:13:35] [Client thread/INFO] [CHAT] Tveiv получил Контроль
[14:13:40] [Client thread/INFO] [CHAT] [30] D ┃ mokashi » у т4 в топе щас приговор +10 с 7 точками обычными
[14:13:42] [Client thread/INFO] [CHAT] [30] MVP ┃ OKYPOK228 » [Меч последователя бедствия ☬ +10]
[14:13:43] [Client thread/INFO] [CHAT] [30] HE ┃ datcc » метку получше бы
[14:14:04] [Client thread/INFO] [CHAT] [30] MVP ┃ OKYPOK228 » [Роба последователя Бедствия ☠ +9]
[14:14:11] [Client thread/INFO] [CHAT] [30] D ┃ mokashi » [Шаровары последователя Бедствия ♡ +9]
[14:14:15] [Client thread/INFO] [CHAT] Наездник бездны: *Противник получил увеличение урона!*
[14:14:21] [Client thread/INFO] [CHAT] [22] I ┃ fahn_122 » ижу тима по дс лс
[14:14:25] [Client thread/INFO] [CHAT] [30] MVP ┃ OKYPOK228 » [Шаровары последователя Бедствия ☬ +9]
[14:14:31] [Client thread/INFO] [CHAT] Вы уклонились на 49%
[14:14:40] [Client thread/INFO] [CHAT] Получено 33 звезд
[14:14:40] [Client thread/INFO] [CHAT] Получено 40 звезд
[14:14:40] [Client thread/INFO] [CHAT] Урон игрока Tveiv: 10858
[14:14:58] [Client thread/INFO] [CHAT] Вы уклонились на 33%
[14:15:08] [Client thread/INFO] [CHAT] Получено 42 звезд
[14:15:08] [Client thread/INFO] [CHAT] Получено 40 звезд
[14:15:08] [Client thread/INFO] [CHAT] Урон игрока Tveiv: 4114
[14:15:11] [Client thread/INFO] [CHAT] Последователь и его группа ожидают от Вас ответа.
[14:15:14] [Client thread/INFO] [CHAT] Последователь Этоля: Превосходный ответ, мы ожидаем от тебя свершений.
[14:15:14] [Client thread/INFO] [CHAT] Tveiv получил Мышь на Венере
[14:15:19] [Client thread/INFO] [CHAT] Вы уклонились на 35%
[14:15:20] [Client thread/INFO] [CHAT] Вы уклонились на 30%
[14:15:22] [Client thread/INFO] [CHAT] Вы уклонились на 26%
[14:15:31] [Client thread/INFO] [CHAT] Вы уклонились на 30%
[14:15:39] [Client thread/INFO] [CHAT] [22] I ┃ fahn_122 » ижу тима по дс лс
[14:15:40] [Client thread/INFO] [CHAT] Получено 38 звезд
[14:15:40] [Client thread/INFO] [CHAT] Получено 40 звезд
[14:15:40] [Client thread/INFO] [CHAT] Урон игрока Tveiv: 8705
[14:15:42] [Client thread/INFO] [CHAT] Tveiv получил Долг боли
[14:15:54] [Client thread/INFO] [CHAT] Потеряно 57 звезд
[14:15:55] [Client thread/INFO] [CHAT] Tveiv получил Квазар
[14:16:03] [Client thread/INFO] [CHAT] Потеряно 57 звезд
[14:16:03] [Client thread/INFO] [CHAT] Tveiv получил Долг боли
[14:16:08] [Client thread/INFO] [CHAT] Потеряно 57 звезд
[14:16:08] [Client thread/INFO] [CHAT] Tveiv получил Проклятие мультивыбора
[14:16:14] [Client thread/INFO] [CHAT] Потеряно 57 звезд
[14:16:14] [Client thread/INFO] [CHAT] Tveiv получил Бонус урона x2
[14:16:14] [Client thread/INFO] [CHAT] Tveiv получил Бонус уклонения x2
[14:16:14] [Client thread/INFO] [CHAT] Tveiv получил Небытие
[14:16:25] [Client thread/INFO] [CHAT] Потеряно 57 звезд
[14:16:25] [Client thread/INFO] [CHAT] Tveiv получил Кукла вуду
[14:16:31] [Client thread/INFO] [CHAT] Потеряно 57 звезд
[14:16:31] [Client thread/INFO] [CHAT] Tveiv получил Паранойя Победителя
[14:17:09] [Client thread/INFO] [CHAT] Вы уклонились на 47%
[14:17:11] [Client thread/INFO] [CHAT] Вы уклонились на 41%
[14:17:13] [Client thread/INFO] [CHAT] Вы уклонились на 32%
[14:17:17] [Client thread/INFO] [CHAT] [22] I ┃ fahn_122 » ижу тима по дс лс
[14:17:21] [Client thread/INFO] [CHAT] Вы уклонились на 32%
[14:17:23] [Client thread/INFO] [CHAT] Вы уклонились на 28%
[14:17:27] [Client thread/INFO] [CHAT] Вы уклонились на 30%
[14:17:36] [Client thread/INFO] [CHAT] Отголосок Этоля: Этоль в ярости, его урон увеличен
[14:17:41] [Client thread/INFO] [CHAT] Вы уклонились на 50%
[14:17:42] [Client thread/INFO] [CHAT] Вы уклонились на 47%
[14:17:48] [Client thread/INFO] [CHAT] Вы уклонились на 31%
[14:18:19] [Client thread/INFO] [CHAT] Tveiv получил Цветок разложения
[14:18:19] [Client thread/INFO] [CHAT] Получено 300 звезд
[14:18:26] [Client thread/INFO] [CHAT] Потеряно 100 звезд
[14:18:26] [Client thread/INFO] [CHAT] Tveiv получил Сетка для ловли звёзд
[14:18:32] [Client thread/INFO] [CHAT] Потеряно 100 звезд
[14:18:32] [Client thread/INFO] [CHAT] Tveiv получил Собиратель мусора
[14:18:41] [Client thread/INFO] [CHAT] Получено 14 звезд
[14:18:41] [Client thread/INFO] [CHAT] Вам выпал Изумруд x1
[14:18:47] [Client thread/INFO] [CHAT] Получено 14 звезд
[14:18:47] [Client thread/INFO] [CHAT] Вам выпал Изумруд x1
[14:18:55] [Client thread/INFO] [CHAT] Получено 14 звезд
[14:18:55] [Client thread/INFO] [CHAT] Вам выпал Изумруд x1
[14:18:55] [Client thread/INFO] [CHAT] Вам выпал Осколок фантазии Этоля x1
[14:18:55] [Client thread/INFO] [CHAT] [30] D ┃ mokashi » как называется бонус который там урон наносит от уворотов
[14:18:56] [Client thread/INFO] [CHAT] Получено 14 звезд
[14:19:01] [Client thread/INFO] [CHAT] Получено 14 звезд
[14:19:07] [Client thread/INFO] [CHAT] [30] D ┃ mokashi » чето круг
[14:19:11] [Client thread/INFO] [CHAT] Получено 14 звезд
[14:19:11] [Client thread/INFO] [CHAT] Вам выпал Изумруд x1
[14:19:16] [Client thread/INFO] [CHAT] Получено 16 звезд
[14:19:21] [Client thread/INFO] [CHAT] Получено 16 звезд
[14:19:24] [Client thread/INFO] [CHAT] Получено 14 звезд
[14:19:24] [Client thread/INFO] [CHAT] Получено 16 звезд
[14:19:27] [Client thread/INFO] [CHAT] Tveiv получил Спокойствие разума
[14:19:29] [Client thread/INFO] [CHAT] Tveiv получил Паранойя Победителя
[14:19:33] [Client thread/INFO] [CHAT] Потеряно 40 звезд
[14:19:33] [Client thread/INFO] [CHAT] Tveiv получил Ничего
[14:19:35] [Client thread/INFO] [CHAT] Потеряно 200 звезд
[14:19:35] [Client thread/INFO] [CHAT] Tveiv получил Бумажный меч
[14:19:37] [Client thread/INFO] [CHAT] Получено 14 звезд
[14:19:45] [Client thread/INFO] [CHAT] [22] I ┃ fahn_122 » ижу тима по дс лс
[14:19:46] [Client thread/INFO] [CHAT] Получено 25 звезд
[14:19:54] [Client thread/INFO] [CHAT] Получено 14 звезд
[14:19:54] [Client thread/INFO] [CHAT] Вам выпал Изумруд x1
[14:20:00] [Client thread/INFO] [CHAT] Получено 14 звезд
[14:20:03] [Client thread/INFO] [CHAT] Получено 14 звезд
[14:20:03] [Client thread/INFO] [CHAT] Вам выпал Кошмарная чешуя x1
[14:20:05] [Client thread/INFO] [CHAT] Получено 14 звезд
[14:20:05] [Client thread/INFO] [CHAT] Получено 14 звезд
[14:20:05] [Client thread/INFO] [CHAT] Вам выпал Кошмарная чешуя x1
[14:20:05] [Client thread/INFO] [CHAT] Получено 14 звезд
[14:20:05] [Client thread/INFO] [CHAT] Получено 11 звезд
[14:20:08] [Client thread/INFO] [CHAT] Tveiv получил Свинцовый слоник
[14:20:09] [Client thread/INFO] [CHAT] Tveiv получил Спарагмос
[14:20:17] [Client thread/INFO] [CHAT] Потеряно 40 звезд
[14:20:17] [Client thread/INFO] [CHAT] Tveiv получил Ничего
[14:20:30] [Client thread/INFO] [CHAT] Получено 14 звезд
[14:20:30] [Client thread/INFO] [CHAT] Вам выпал Кошмарная чешуя x1
[14:20:51] [Client thread/INFO] [CHAT] Получено 16 звезд
[14:20:54] [Client thread/INFO] [CHAT] Tveiv получил Бонус уклонения
[14:20:56] [Client thread/INFO] [CHAT] Tveiv получил Приманка
[14:21:09] [Client thread/INFO] [CHAT] Получено 14 звезд
[14:21:16] [Client thread/INFO] [CHAT] Получено 14 звезд
[14:21:17] [Client thread/INFO] [CHAT] Получено 14 звезд
[14:21:17] [Client thread/INFO] [CHAT] Вам выпал Бронзовая звезда зачарования x1
[14:21:17] [Client thread/INFO] [CHAT] Вам выпал Кошмарная чешуя x1
[14:21:34] [Client thread/INFO] [CHAT] Получено 16 звезд
[14:21:35] [Client thread/INFO] [CHAT] Вы уклонились на 30%
[14:21:37] [Client thread/INFO] [CHAT] Вы уклонились на 35%
[14:21:37] [Client thread/INFO] [CHAT] Получено 16 звезд
[14:21:37] [Client thread/INFO] [CHAT] Вам выпал Изумруд x1
[14:21:37] [Client thread/INFO] [CHAT] Вам выпал Кошмарная чешуя x1
[14:21:39] [Client thread/INFO] [CHAT] Получено 22 звезд
[14:21:40] [Client thread/INFO] [CHAT] Вы уклонились на 31%
[14:21:41] [Client thread/INFO] [CHAT] Получено 14 звезд
[14:21:41] [Client thread/INFO] [CHAT] Получено 25 звезд
[14:21:45] [Client thread/INFO] [CHAT] Tveiv получил Мое последнее перерождение в мире звезд, подаренное Исцелением
[14:21:48] [Client thread/INFO] [CHAT] Tveiv получил Нож на перестрелке
[14:21:58] [Client thread/INFO] [CHAT] Потеряно 200 звезд
[14:21:58] [Client thread/INFO] [CHAT] Tveiv получил Бумажный меч
[14:22:07] [Client thread/INFO] [CHAT] Вы уклонились на 46%
[14:22:16] [Client thread/INFO] [CHAT] Вы уклонились на 31%
[14:22:23] [Client thread/INFO] [CHAT] Вы уклонились на 25%
[14:22:23] [Client thread/INFO] [CHAT] Получено 25 звезд
[14:22:24] [Client thread/INFO] [CHAT] Получено 14 звезд
[14:22:24] [Client thread/INFO] [CHAT] Вам выпал Бронзовая звезда зачарования x1
[14:22:26] [Client thread/INFO] [CHAT] Tveiv получил Бонус урона x2
[14:22:26] [Client thread/INFO] [CHAT] Tveiv получил Бонус уклонения x2
[14:22:26] [Client thread/INFO] [CHAT] Tveiv получил Небытие
[14:22:29] [Client thread/INFO] [CHAT] Tveiv получил Долг боли
[14:22:38] [Client thread/INFO] [CHAT] [3] Ne_MOkashI__ » всем привет кого не видел
[14:22:40] [Client thread/INFO] [CHAT] Получено 14 звезд
[14:22:45] [Client thread/INFO] [CHAT] Получено 14 звезд
[14:22:57] [Client thread/INFO] [CHAT] Потеряно 40 звезд
[14:22:57] [Client thread/INFO] [CHAT] Tveiv получил Бонус урона
[14:23:29] [Client thread/INFO] [CHAT] Вы уклонились на 49%
[14:23:30] [Client thread/INFO] [CHAT] Вы уклонились на 41%
[14:23:30] [Client thread/INFO] [CHAT] Вы уклонились на 40%
[14:23:30] [Client thread/INFO] [CHAT] Вы уклонились на 49%
[14:23:30] [Client thread/INFO] [CHAT] Получено 14 звезд
[14:23:30] [Client thread/INFO] [CHAT] Вам выпал Изумруд x1
[14:23:30] [Client thread/INFO] [CHAT] Вам выпал Кошмарная чешуя x1
[14:23:31] [Client thread/INFO] [CHAT] Получено 14 звезд
[14:23:31] [Client thread/INFO] [CHAT] Вы уклонились на 46%
[14:23:31] [Client thread/INFO] [CHAT] Вы уклонились на 29%
[14:23:31] [Client thread/INFO] [CHAT] Получено 14 звезд
[14:23:31] [Client thread/INFO] [CHAT] Получено 14 звезд
[14:23:31] [Client thread/INFO] [CHAT] Вы уклонились на 25%
[14:23:31] [Client thread/INFO] [CHAT] Получено 14 звезд
[14:23:31] [Client thread/INFO] [CHAT] Вам выпал Осколок фантазии Этоля x1
[14:23:31] [Client thread/INFO] [CHAT] Вы уклонились на 50%
[14:23:32] [Client thread/INFO] [CHAT] Вы уклонились на 37%
[14:23:32] [Client thread/INFO] [CHAT] Вы уклонились на 44%
[14:23:32] [Client thread/INFO] [CHAT] Получено 14 звезд
[14:23:32] [Client thread/INFO] [CHAT] Получено 14 звезд
[14:23:32] [Client thread/INFO] [CHAT] Вам выпал Осколок фантазии Этоля x1
[14:23:32] [Client thread/INFO] [CHAT] Получено 14 звезд
[14:23:32] [Client thread/INFO] [CHAT] Вы уклонились на 28%
[14:23:32] [Client thread/INFO] [CHAT] Получено 14 звезд
[14:23:32] [Client thread/INFO] [CHAT] Получено 14 звезд
[14:23:33] [Client thread/INFO] [CHAT] Получено 14 звезд
[14:23:33] [Client thread/INFO] [CHAT] Получено 14 звезд
[14:23:33] [Client thread/INFO] [CHAT] Вам выпал Бронзовая звезда зачарования x1
[14:23:33] [Client thread/INFO] [CHAT] Вам выпал Кошмарная чешуя x1
[14:23:35] [Client thread/INFO] [CHAT] Получено 16 звезд
[14:23:35] [Client thread/INFO] [CHAT] Получено 14 звезд
[14:23:39] [Client thread/INFO] [CHAT] Tveiv получил Непоколебимость Победителя
[14:23:41] [Client thread/INFO] [CHAT] Tveiv получил Бонус уровня
[14:23:50] [Client thread/INFO] [CHAT] Потеряно 40 звезд
[14:23:50] [Client thread/INFO] [CHAT] Tveiv получил Бонус урона
[14:23:50] [Client thread/INFO] [CHAT] Tveiv получил Бонус уклонения
[14:23:50] [Client thread/INFO] [CHAT] Tveiv получил Ничего
[14:24:12] [Client thread/INFO] [CHAT] Вы уклонились на 50%
[14:24:12] [Client thread/INFO] [CHAT] Вы уклонились на 30%
[14:24:13] [Client thread/INFO] [CHAT] Вы уклонились на 43%
[14:24:13] [Client thread/INFO] [CHAT] Вы уклонились на 26%
[14:24:14] [Client thread/INFO] [CHAT] Вы уклонились на 46%
[14:24:14] [Client thread/INFO] [CHAT] Вы уклонились на 39%
[14:24:14] [Client thread/INFO] [CHAT] Вы уклонились на 40%
[14:24:15] [Client thread/INFO] [CHAT] Вы уклонились на 30%
[14:24:15] [Client thread/INFO] [CHAT] Получено 14 звезд
[14:24:15] [Client thread/INFO] [CHAT] Вам выпал Изумруд x1
[14:24:16] [Client thread/INFO] [CHAT] Вы уклонились на 27%
[14:24:18] [Client thread/INFO] [CHAT] Вы уклонились на 26%
[14:24:18] [Client thread/INFO] [CHAT] Получено 16 звезд
[14:24:18] [Client thread/INFO] [CHAT] Получено 14 звезд
[14:24:20] [Client thread/INFO] [CHAT] Вы уклонились на 42%
[14:24:21] [Client thread/INFO] [CHAT] Получено 16 звезд
[14:24:25] [Client thread/INFO] [CHAT] Tveiv погиб! Осталось 2 возрождения
[14:25:28] [Client thread/INFO] [CHAT] Вы уклонились на 40%
[14:25:30] [Client thread/INFO] [CHAT] Получено 16 звезд
[14:25:33] [Client thread/INFO] [CHAT] Tveiv получил Кровопролитие
[14:25:34] [Client thread/INFO] [CHAT] Tveiv получил Проклятие
[14:26:17] [Client thread/INFO] [CHAT] Потеряно 40 звезд
[14:26:17] [Client thread/INFO] [CHAT] Tveiv получил Бонус урона
[14:26:17] [Client thread/INFO] [CHAT] Tveiv получил Бонус уклонения
[14:26:17] [Client thread/INFO] [CHAT] Tveiv получил Ничего
[14:26:19] [Client thread/INFO] [CHAT] Потеряно 250 звезд
[14:26:19] [Client thread/INFO] [CHAT] Tveiv получил Зеркальный
[14:27:03] [Client thread/INFO] [CHAT] Вы уклонились на 44%
[14:27:03] [Client thread/INFO] [CHAT] Получено 42 звезд
[14:27:03] [Client thread/INFO] [CHAT] Вам выпал Изумруд x16
[14:27:03] [Client thread/INFO] [CHAT] Вам выпал Благословенная бронзовая звезда зачарования x1
[14:27:03] [Client thread/INFO] [CHAT] Вам выпал Кошмарная чешуя x1
[14:27:03] [Client thread/INFO] [CHAT] Проход к боссу открыт!
[14:27:33] [Client thread/INFO] [CHAT] Вы уклонились на 29%
[14:27:36] [Client thread/INFO] [CHAT] Вы уклонились на 41%
[14:27:37] [Client thread/INFO] [CHAT] Вы уклонились на 42%
[14:27:41] [Client thread/INFO] [CHAT] Вы уклонились на 28%
[14:27:42] [Client thread/INFO] [CHAT] Вы уклонились на 26%
[14:27:49] [Client thread/INFO] [CHAT] Вы уклонились на 38%
[14:27:50] [Client thread/INFO] [CHAT] Вы уклонились на 33%
[14:27:53] [Client thread/INFO] [CHAT] Вы уклонились на 41%
[14:28:01] [Client thread/INFO] [CHAT] Tveiv погиб! Осталось 1 возрождение
[14:28:58] [Client thread/INFO] [CHAT] Вы уклонились на 38%
[14:29:14] [Client thread/INFO] [CHAT] Tveiv погиб! Осталось 0 возрождений
[14:29:28] [Client thread/INFO] [CHAT] [18] bodakruk123 » как получить кошмарную чешую для ловца снов?
[14:30:09] [Client thread/INFO] [CHAT] Вы уклонились на 25%
[14:30:18] [Client thread/INFO] [CHAT] Вы уклонились на 29%
[14:30:46] [Client thread/INFO] [CHAT] Вы уклонились на 36%
[14:30:49] [Client thread/INFO] [CHAT] Вы уклонились на 28%
[14:30:50] [Client thread/INFO] [CHAT] Вы уклонились на 34%
[14:30:51] [Client thread/INFO] [CHAT] Вы уклонились на 28%
[14:30:56] [Client thread/INFO] [CHAT] Вы уклонились на 50%
[14:30:56] [Client thread/INFO] [CHAT] Вы уклонились на 35%
[14:30:57] [Client thread/INFO] [CHAT] Вы уклонились на 49%
[14:30:57] [Client thread/INFO] [CHAT] Вы уклонились на 41%
[14:30:58] [Client thread/INFO] [CHAT] Вы уклонились на 37%
[14:30:58] [Client thread/INFO] [CHAT] Вы уклонились на 48%
[14:30:59] [Client thread/INFO] [CHAT] Вы уклонились на 31%
[14:31:00] [Client thread/INFO] [CHAT] Вы уклонились на 35%
[14:31:01] [Client thread/INFO] [CHAT] Вы уклонились на 32%
[14:31:11] [Client thread/INFO] [CHAT] Вы уклонились на 38%
[14:31:16] [Client thread/INFO] [CHAT] Вы уклонились на 43%
[14:31:17] [Client thread/INFO] [CHAT] Вам выпал Изумруд x13
[14:31:17] [Client thread/INFO] [CHAT] Вам выпал Бронзовая звезда зачарования x3
[14:31:17] [Client thread/INFO] [CHAT] Вам выпал Благословенная бронзовая звезда зачарования x2
[14:31:17] [Client thread/INFO] [CHAT] Вам выпал Кошмарная чешуя x5
[14:33:07] [Client thread/INFO] [CHAT] Получено 300 звезд
[14:33:18] [Client thread/INFO] [CHAT] Потеряно 100 звезд
[14:33:18] [Client thread/INFO] [CHAT] Tveiv получил Собиратель мусора
[14:33:29] [Client thread/INFO] [CHAT] Получено 12 звезд
[14:33:29] [Client thread/INFO] [CHAT] Вам выпал Кошмарная чешуя x1
[14:33:35] [Client thread/INFO] [CHAT] Получено 10 звезд
[14:33:42] [Client thread/INFO] [CHAT] Получено 10 звезд
[14:33:45] [Client thread/INFO] [CHAT] Получено 12 звезд
[14:33:50] [Client thread/INFO] [CHAT] Получено 10 звезд
[14:33:58] [Client thread/INFO] [CHAT] Получено 10 звезд
[14:33:58] [Client thread/INFO] [CHAT] Вам выпал Изумруд x1
[14:33:59] [Client thread/INFO] [CHAT] Получено 10 звезд
[14:34:04] [Client thread/INFO] [CHAT] Получено 14 звезд
[14:34:04] [Client thread/INFO] [CHAT] Вам выпал Осколок фантазии Этоля x1
[14:34:07] [Client thread/INFO] [CHAT] Получено 10 звезд
[14:34:07] [Client thread/INFO] [CHAT] Вам выпал Кошмарная чешуя x1
[14:34:10] [Client thread/INFO] [CHAT] Получено 10 звезд
[14:34:10] [Client thread/INFO] [CHAT] Вам выпал Кошмарная чешуя x1
[14:34:13] [Client thread/INFO] [CHAT] Получено 10 звезд
[14:34:13] [Client thread/INFO] [CHAT] Получено 12 звезд
[14:34:16] [Client thread/INFO] [CHAT] Tveiv получил Кровопролитие
[14:34:18] [Client thread/INFO] [CHAT] Tveiv получил Нож на перестрелке
[14:34:37] [Client thread/INFO] [CHAT] Потеряно 40 звезд
[14:34:37] [Client thread/INFO] [CHAT] Tveiv получил Ничего
[14:34:42] [Client thread/INFO] [CHAT] Получено 10 звезд
[14:34:42] [Client thread/INFO] [CHAT] Вам выпал Кошмарная чешуя x1
[14:34:45] [Client thread/INFO] [CHAT] Получено 10 звезд
[14:34:50] [Client thread/INFO] [CHAT] Получено 10 звезд
[14:34:56] [Client thread/INFO] [CHAT] Получено 14 звезд
[14:35:02] [Client thread/INFO] [CHAT] Получено 10 звезд
[14:35:02] [Client thread/INFO] [CHAT] Вам выпал Бронзовая звезда зачарования x1
[14:35:25] [Client thread/INFO] [CHAT] Получено 10 звезд
[14:35:29] [Client thread/INFO] [CHAT] Tveiv получил Свинцовый слоник
[14:35:30] [Client thread/INFO] [CHAT] Tveiv получил Унижение
[14:35:35] [Client thread/INFO] [CHAT] Потеряно 40 звезд
[14:35:35] [Client thread/INFO] [CHAT] Tveiv получил Ничего
[14:35:47] [Client thread/INFO] [CHAT] Получено 10 звезд
[14:35:47] [Client thread/INFO] [CHAT] Вам выпал Осколок фантазии Этоля x1
[14:35:55] [Client thread/INFO] [CHAT] Цель уклонилась от атаки на 46%
[14:35:56] [Client thread/INFO] [CHAT] Получено 12 звезд
[14:35:56] [Client thread/INFO] [CHAT] Вам выпал Благословенная бронзовая звезда зачарования x1
[14:35:56] [Client thread/INFO] [CHAT] Вам выпал Кошмарная чешуя x1
[14:35:58] [Client thread/INFO] [CHAT] Цель уклонилась от атаки на 29%
[14:35:59] [Client thread/INFO] [CHAT] Цель уклонилась от атаки на 25%
[14:36:00] [Client thread/INFO] [CHAT] Получено 10 звезд
[14:36:00] [Client thread/INFO] [CHAT] Вам выпал Изумруд x1
[14:36:01] [Client thread/INFO] [CHAT] Цель уклонилась от атаки на 37%
[14:36:03] [Client thread/INFO] [CHAT] Получено 14 звезд
[14:36:03] [Client thread/INFO] [CHAT] Вам выпал Благословенная бронзовая звезда зачарования x1
[14:36:03] [Client thread/INFO] [CHAT] Получено 14 звезд
[14:36:06] [Client thread/INFO] [CHAT] Tveiv получил Пожиратель энергии
[14:36:07] [Client thread/INFO] [CHAT] Tveiv получил Паранойя Победителя
[14:36:11] [Client thread/INFO] [CHAT] Потеряно 200 звезд
[14:36:11] [Client thread/INFO] [CHAT] Tveiv получил Бонус урона x2
[14:36:11] [Client thread/INFO] [CHAT] Tveiv получил Бонус уклонения x2
[14:36:11] [Client thread/INFO] [CHAT] Tveiv получил Небытие
[14:36:12] [Client thread/INFO] [CHAT] Потеряно 40 звезд
[14:36:12] [Client thread/INFO] [CHAT] Tveiv получил Бонус урона
[14:36:12] [Client thread/INFO] [CHAT] Tveiv получил Бонус уклонения
[14:36:12] [Client thread/INFO] [CHAT] Tveiv получил Ничего
[14:36:21] [Client thread/ERROR] Error on png decode
java.io.EOFException
	at #bsYhB.sa(Unknown Source:79)
	at #GkgAM.sb(SourceFile:93)
	at #VDFNo.sa(SourceFile:75)
	at #dQqXO.a(SourceFile)
	at #nAplK.sa(SourceFile:63)
	at #HqmiC.a(SourceFile)
	at #nnQRc.sa(SourceFile:243)
	at #aNAXT.sa(SourceFile:121)
	at #vwpHV.a(SourceFile:271)
	at #vwpHV.a(SourceFile)
	at #DbYtd.sa(SourceFile:169)
	at #xuJay.a(SourceFile)
	at #ulhmT.sb(SourceFile:116)
	at #vYIsP.a(SourceFile)
	at #wzsmg.sa(SourceFile:51)
	at #zKIMx.a(SourceFile)
	at #oQhBa.sa(SourceFile:204)
	at #srNDu.sa(SourceFile:123)
	at #srNDu.sa(SourceFile:136)
	at #wmMBP.sa(SourceFile:268)
	at #JrUAU.sb(SourceFile:376)
	at #Czpok.sa(SourceFile:1204)
	at #ZRpYP.sb(SourceFile:1076)
	at #DazZV.sa(SourceFile:3489)
	at #vyeSD.sa(SourceFile:1509)
	at #lVFyp.st(SourceFile:1640)
	at #cYnba.sk(SourceFile:487)
	at net.minecraft.client.main.GameMain.a(SourceFile:220)
	at net.minecraft.client.main.GameMain.a(SourceFile:156)
	at #kBJWf.a(Unknown Source)
	at #kBJWf.run(Unknown Source)
	at java.base/java.lang.Thread.run(Unknown Source)
[14:36:31] [Client thread/INFO] [CHAT] Получено 10 звезд
[14:36:31] [Client thread/INFO] [CHAT] Вам выпал Изумруд x1
[14:36:31] [Client thread/INFO] [CHAT] Вам выпал Кошмарная чешуя x1
[14:36:37] [Client thread/INFO] [CHAT] Вы уклонились на 38%
[14:36:38] [Client thread/INFO] [CHAT] Получено 12 звезд
[14:36:38] [Client thread/INFO] [CHAT] Вам выпал Осколок фантазии Этоля x1
[14:36:39] [Client thread/INFO] [CHAT] Цель уклонилась от атаки на 29%
[14:36:40] [Client thread/INFO] [CHAT] Цель уклонилась от атаки на 31%
[14:36:45] [Client thread/INFO] [CHAT] Вы уклонились на 39%
[14:36:48] [Client thread/INFO] [CHAT] Вы уклонились на 34%
[14:36:48] [Client thread/INFO] [CHAT] Вы уклонились на 41%
[14:36:52] [Client thread/INFO] [CHAT] Вы уклонились на 50%
[14:36:52] [Client thread/INFO] [CHAT] Вы уклонились на 37%
[14:36:52] [Client thread/INFO] [CHAT] Вы уклонились на 40%
[14:36:53] [Client thread/INFO] [CHAT] Вы уклонились на 33%
[14:36:53] [Client thread/INFO] [CHAT] Получено 18 звезд
[14:36:57] [Client thread/INFO] [CHAT] Tveiv получил Мое последнее перерождение в мире звезд, подаренное Исцелением
[14:36:59] [Client thread/INFO] [CHAT] Tveiv получил Приманка
[14:37:01] [Client thread/INFO] [CHAT] Получено 10 звезд
[14:37:11] [Client thread/INFO] [CHAT] Потеряно 40 звезд
[14:37:11] [Client thread/INFO] [CHAT] Tveiv получил Бонус урона
[14:37:11] [Client thread/INFO] [CHAT] Tveiv получил Бонус уклонения
[14:37:11] [Client thread/INFO] [CHAT] Tveiv получил Ничего
[14:37:22] [Client thread/INFO] [CHAT] Получено 10 звезд
[14:37:23] [Client thread/INFO] [CHAT] [23] S ┃ Zaraza91 » Есть кто поможет пройти жужащию ситуацию с усилителем?
[14:37:27] [Client thread/INFO] [CHAT] Вы уклонились на 33%
[14:37:27] [Client thread/INFO] [CHAT] Цель уклонилась от атаки на 39%
[14:37:27] [Client thread/INFO] [CHAT] Вы уклонились на 28%
[14:37:28] [Client thread/INFO] [CHAT] Вы уклонились на 48%
[14:37:29] [Client thread/INFO] [CHAT] Получено 10 звезд
[14:37:29] [Client thread/INFO] [CHAT] Вам выпал Кошмарная чешуя x1
[14:37:29] [Client thread/INFO] [CHAT] Цель уклонилась от атаки на 29%
[14:37:29] [Client thread/INFO] [CHAT] Получено 10 звезд
[14:37:29] [Client thread/INFO] [CHAT] Вы уклонились на 37%
[14:37:30] [Client thread/INFO] [CHAT] Получено 10 звезд
[14:37:31] [Client thread/INFO] [CHAT] Вы уклонились на 39%
[14:37:31] [Client thread/INFO] [CHAT] Получено 10 звезд
[14:37:31] [Client thread/INFO] [CHAT] Вам выпал Изумруд x1
[14:37:31] [Client thread/INFO] [CHAT] Вам выпал Осколок фантазии Этоля x1
[14:37:32] [Client thread/INFO] [CHAT] Получено 10 звезд
[14:37:32] [Client thread/INFO] [CHAT] Вам выпал Осколок фантазии Этоля x1
[14:37:32] [Client thread/INFO] [CHAT] Вы уклонились на 27%
[14:37:33] [Client thread/INFO] [CHAT] Получено 8 звезд
[14:37:35] [Client thread/INFO] [CHAT] Tveiv получил Гений звёзд
[14:37:36] [Client thread/INFO] [CHAT] Tveiv получил Спарагмос
[14:37:39] [Client thread/INFO] [CHAT] Потеряно 40 звезд
[14:37:39] [Client thread/INFO] [CHAT] Tveiv получил Бонус урона
[14:37:39] [Client thread/INFO] [CHAT] Tveiv получил Бонус уклонения
[14:37:39] [Client thread/INFO] [CHAT] Tveiv получил Ничего
[14:37:56] [Client thread/INFO] [CHAT] Вы уклонились на 28%
[14:37:57] [Client thread/INFO] [CHAT] Вы уклонились на 42%
[14:37:57] [Client thread/INFO] [CHAT] Вы уклонились на 49%
[14:37:57] [Client thread/INFO] [CHAT] Вы уклонились на 47%
[14:37:58] [Client thread/INFO] [CHAT] Вы уклонились на 34%
[14:37:58] [Client thread/INFO] [CHAT] Вы уклонились на 28%
[14:37:58] [Client thread/INFO] [CHAT] Вы уклонились на 37%
[14:37:58] [Client thread/INFO] [CHAT] Вы уклонились на 33%
[14:37:58] [Client thread/INFO] [CHAT] Вы уклонились на 44%
[14:37:58] [Client thread/INFO] [CHAT] Вы уклонились на 26%
[14:37:59] [Client thread/INFO] [CHAT] Вы уклонились на 37%
[14:37:59] [Client thread/INFO] [CHAT] Вы уклонились на 41%
[14:37:59] [Client thread/INFO] [CHAT] Цель уклонилась от атаки на 30%
[14:37:59] [Client thread/INFO] [CHAT] Вы уклонились на 36%
[14:37:59] [Client thread/INFO] [CHAT] Вы уклонились на 50%
[14:37:59] [Client thread/INFO] [CHAT] Вы уклонились на 29%
[14:37:59] [Client thread/INFO] [CHAT] Вы уклонились на 40%
[14:37:59] [Client thread/INFO] [CHAT] Вы уклонились на 38%
[14:37:59] [Client thread/INFO] [CHAT] Вы уклонились на 49%
[14:37:59] [Client thread/INFO] [CHAT] Вы уклонились на 32%
[14:37:59] [Client thread/INFO] [CHAT] Вы уклонились на 44%
[14:37:59] [Client thread/INFO] [CHAT] Вы уклонились на 41%
[14:38:00] [Client thread/INFO] [CHAT] Получено 10 звезд
[14:38:00] [Client thread/INFO] [CHAT] Вы уклонились на 35%
[14:38:00] [Client thread/INFO] [CHAT] Вы уклонились на 32%
[14:38:00] [Client thread/INFO] [CHAT] Вы уклонились на 37%
[14:38:00] [Client thread/INFO] [CHAT] Вы уклонились на 32%
[14:38:00] [Client thread/INFO] [CHAT] Вы уклонились на 31%
[14:38:00] [Client thread/INFO] [CHAT] Вы уклонились на 50%
[14:38:00] [Client thread/INFO] [CHAT] Вы уклонились на 42%
[14:38:00] [Client thread/INFO] [CHAT] Вы уклонились на 46%
[14:38:00] [Client thread/INFO] [CHAT] Вы уклонились на 27%
[14:38:00] [Client thread/INFO] [CHAT] Вы уклонились на 32%
[14:38:00] [Client thread/INFO] [CHAT] Вы уклонились на 29%
[14:38:00] [Client thread/INFO] [CHAT] Цель уклонилась от атаки на 41%
[14:38:01] [Client thread/INFO] [CHAT] Получено 10 звезд
[14:38:01] [Client thread/INFO] [CHAT] Получено 10 звезд
[14:38:01] [Client thread/INFO] [CHAT] Вам выпал Изумруд x1
[14:38:01] [Client thread/INFO] [CHAT] Получено 10 звезд
[14:38:01] [Client thread/INFO] [CHAT] Вы уклонились на 25%
[14:38:01] [Client thread/INFO] [CHAT] Вы уклонились на 30%
[14:38:01] [Client thread/INFO] [CHAT] Получено 10 звезд
[14:38:01] [Client thread/INFO] [CHAT] Вам выпал Кошмарная чешуя x1
[14:38:01] [Client thread/INFO] [CHAT] Получено 10 звезд
[14:38:01] [Client thread/INFO] [CHAT] Вам выпал Бронзовая звезда зачарования x1
[14:38:01] [Client thread/INFO] [CHAT] Вам выпал Кошмарная чешуя x1
[14:38:01] [Client thread/INFO] [CHAT] Вы уклонились на 25%
[14:38:02] [Client thread/INFO] [CHAT] Вы уклонились на 44%
[14:38:02] [Client thread/INFO] [CHAT] Получено 10 звезд
[14:38:02] [Client thread/INFO] [CHAT] Вы уклонились на 35%
[14:38:02] [Client thread/INFO] [CHAT] Вы уклонились на 44%
[14:38:02] [Client thread/INFO] [CHAT] Вы уклонились на 44%
[14:38:02] [Client thread/INFO] [CHAT] Вы уклонились на 39%
[14:38:02] [Client thread/INFO] [CHAT] Вы уклонились на 32%
[14:38:03] [Client thread/INFO] [CHAT] Цель уклонилась от атаки на 30%
[14:38:03] [Client thread/INFO] [CHAT] Получено 10 звезд
[14:38:03] [Client thread/INFO] [CHAT] Вы уклонились на 29%
[14:38:03] [Client thread/INFO] [CHAT] Получено 10 звезд
[14:38:03] [Client thread/INFO] [CHAT] Вам выпал Изумруд x1
[14:38:03] [Client thread/INFO] [CHAT] Получено 10 звезд
[14:38:03] [Client thread/INFO] [CHAT] Вам выпал Изумруд x1
[14:38:03] [Client thread/INFO] [CHAT] Вам выпал Кошмарная чешуя x1
[14:38:03] [Client thread/INFO] [CHAT] Получено 10 звезд
[14:38:03] [Client thread/INFO] [CHAT] Вам выпал Изумруд x1
[14:38:03] [Client thread/INFO] [CHAT] Получено 10 звезд
[14:38:03] [Client thread/INFO] [CHAT] Вам выпал Кошмарная чешуя x1
[14:38:03] [Client thread/INFO] [CHAT] Получено 10 звезд
[14:38:03] [Client thread/INFO] [CHAT] Вам выпал Изумруд x1
[14:38:03] [Client thread/INFO] [CHAT] Получено 8 звезд
[14:38:06] [Client thread/INFO] [CHAT] Tveiv получил Расшифровщик Валотайла
[14:38:07] [Client thread/INFO] [CHAT] Tveiv получил Проклятие
[14:38:15] [Client thread/INFO] [CHAT] [18] D ┃ Cram4ik » Паралич норм тема?
[14:38:35] [Client thread/INFO] [CHAT] Вы уклонились на 34%
[14:38:35] [Client thread/INFO] [CHAT] Цель уклонилась от атаки на 29%
[14:38:36] [Client thread/INFO] [CHAT] Получено 10 звезд
[14:38:36] [Client thread/INFO] [CHAT] Вам выпал Осколок фантазии Этоля x1
[14:38:39] [Client thread/INFO] [CHAT] Вы уклонились на 48%
[14:38:39] [Client thread/INFO] [CHAT] Вы уклонились на 31%
[14:38:41] [Client thread/INFO] [CHAT] Цель уклонилась от атаки на 38%
[14:38:41] [Client thread/INFO] [CHAT] Получено 14 звезд
[14:38:42] [Client thread/INFO] [CHAT] Цель уклонилась от атаки на 46%
[14:38:42] [Client thread/INFO] [CHAT] Вы уклонились на 41%
[14:38:42] [Client thread/INFO] [CHAT] Получено 10 звезд
[14:38:42] [Client thread/INFO] [CHAT] Вам выпал Изумруд x1
[14:38:43] [Client thread/INFO] [CHAT] Цель уклонилась от атаки на 45%
[14:38:43] [Client thread/INFO] [CHAT] Получено 10 звезд
[14:38:46] [Client thread/INFO] [CHAT] Получено 10 звезд
[14:38:46] [Client thread/INFO] [CHAT] Вам выпал Осколок фантазии Этоля x1
[14:38:50] [Client thread/INFO] [CHAT] Вы уклонились на 33%
[14:38:50] [Client thread/INFO] [CHAT] Вы уклонились на 38%
[14:38:53] [Client thread/INFO] [CHAT] Вы уклонились на 33%
[14:38:56] [Client thread/INFO] [CHAT] Вы уклонились на 47%
[14:39:01] [Client thread/INFO] [CHAT] Цель уклонилась от атаки на 41%
[14:39:01] [Client thread/INFO] [CHAT] Получено 12 звезд
[14:39:04] [Client thread/INFO] [CHAT] Tveiv получил Спокойствие разума
[14:39:05] [Client thread/INFO] [CHAT] Tveiv получил Долг боли
[14:39:08] [Client thread/INFO] [CHAT] Потеряно 40 звезд
[14:39:08] [Client thread/INFO] [CHAT] Tveiv получил Бонус урона
[14:39:08] [Client thread/INFO] [CHAT] Tveiv получил Бонус уклонения
[14:39:08] [Client thread/INFO] [CHAT] Tveiv получил Ничего
[14:39:28] [Client thread/INFO] [CHAT] [29] V+ ┃ Lord_Vortex » У меня одного кнопка запустить не работает?
[14:39:38] [Client thread/INFO] [CHAT] Вы уклонились на 46%
[14:39:41] [Client thread/INFO] [CHAT] [18] P+ ┃ egorhacker200q » да
[14:39:45] [Client thread/INFO] [CHAT] Получено 30 звезд
[14:39:45] [Client thread/INFO] [CHAT] Вам выпал Изумруд x8
[14:39:45] [Client thread/INFO] [CHAT] Вам выпал Бронзовая звезда зачарования x1
[14:39:45] [Client thread/INFO] [CHAT] Вам выпал Благословенная бронзовая звезда зачарования x1
[14:39:45] [Client thread/INFO] [CHAT] Вам выпал Кошмарная чешуя x1
[14:39:45] [Client thread/INFO] [CHAT] Проход к боссу открыт!
[14:39:46] [Client thread/INFO] [CHAT] Вы уклонились на 38%
[14:40:20] [Client thread/INFO] [CHAT] Вы уклонились на 36%
[14:40:21] [Client thread/INFO] [CHAT] Цель уклонилась от атаки на 25%
[14:40:23] [Client thread/INFO] [CHAT] Цель уклонилась от атаки на 46%
[14:40:24] [Client thread/INFO] [CHAT] Вы уклонились на 41%
[14:40:25] [Client thread/INFO] [CHAT] Цель уклонилась от атаки на 46%
[14:40:25] [Client thread/INFO] [CHAT] Цель уклонилась от атаки на 44%
[14:40:28] [Client thread/INFO] [CHAT] Вы уклонились на 38%
[14:40:29] [Client thread/INFO] [CHAT] Вы уклонились на 48%
[14:40:46] [Client thread/INFO] [CHAT] Вы уклонились на 43%
[14:40:53] [Client thread/INFO] [CHAT] Вы уклонились на 33%
[14:41:01] [Client thread/INFO] [CHAT] Вы уклонились на 34%
[14:41:01] [Client thread/INFO] [CHAT] Цель уклонилась от атаки на 28%
[14:41:04] [Client thread/INFO] [CHAT] Цель уклонилась от атаки на 34%
[14:41:17] [Client thread/INFO] [CHAT] Цель уклонилась от атаки на 41%
[14:41:17] [Client thread/INFO] [CHAT] Цель уклонилась от атаки на 42%
[14:41:20] [Client thread/INFO] [CHAT] Вы уклонились на 50%
[14:41:21] [Client thread/INFO] [CHAT] Цель уклонилась от атаки на 43%
[14:41:22] [Client thread/INFO] [CHAT] Вы уклонились на 34%
[14:41:22] [Client thread/INFO] [CHAT] Цель уклонилась от атаки на 43%
[14:41:22] [Client thread/INFO] [CHAT] Вы уклонились на 44%
[14:41:25] [Client thread/INFO] [CHAT] Вы уклонились на 33%
[14:41:34] [Client thread/INFO] [CHAT] Вы уклонились на 48%
[14:41:47] [Client thread/INFO] [CHAT] Вы уклонились на 42%
[14:41:48] [Client thread/INFO] [CHAT] Вы уклонились на 38%
[14:41:50] [Client thread/INFO] [CHAT] Вы уклонились на 39%
[14:41:50] [Client thread/INFO] [CHAT] Вы уклонились на 41%
[14:41:52] [Client thread/INFO] [CHAT] Вы уклонились на 28%
[14:41:55] [Client thread/INFO] [CHAT] Вы уклонились на 40%
[14:41:57] [Client thread/INFO] [CHAT] Цель уклонилась от атаки на 32%
[14:41:57] [Client thread/INFO] [CHAT] Цель уклонилась от атаки на 26%
[14:41:58] [Client thread/INFO] [CHAT] Цель уклонилась от атаки на 34%
[14:41:58] [Client thread/INFO] [CHAT] Вы уклонились на 49%
[14:42:00] [Client thread/INFO] [CHAT] Цель уклонилась от атаки на 39%
[14:42:00] [Client thread/INFO] [CHAT] Вы уклонились на 50%
[14:42:01] [Client thread/INFO] [CHAT] Цель уклонилась от атаки на 42%
[14:42:02] [Client thread/INFO] [CHAT] Вы уклонились на 47%
[14:42:03] [Client thread/INFO] [CHAT] Вам выпал Изумруд x18
[14:42:03] [Client thread/INFO] [CHAT] Вам выпал Бронзовая звезда зачарования x1
[14:42:03] [Client thread/INFO] [CHAT] Вам выпал Благословенная бронзовая звезда зачарования x2
[14:42:03] [Client thread/INFO] [CHAT] Вам выпал Кошмарная чешуя x4
[14:42:27] [Client thread/INFO] [CHAT] [15] P ┃ Yoko_Michi » а можно как-то обычные звёзды улучшить?
[14:42:46] [Client thread/INFO] [CHAT] [29] V+ ┃ Lord_Vortex » не можно
[14:43:02] [Client thread/INFO] [CHAT] [15] P ┃ Yoko_Michi » Спасибо(
[14:43:04] [Client thread/INFO] [CHAT] [18] D ┃ Cram4ik » а куда их девать ....
[14:43:11] [Client thread/INFO] [CHAT] [29] V+ ┃ Lord_Vortex » выкидывать
[14:44:47] [Client thread/INFO] [CHAT] Tveiv получил Бонус урона
[14:44:47] [Client thread/INFO] [CHAT] Получено 45 звезд
[14:44:47] [Client thread/INFO] [CHAT] Урон игрока Tveiv: 1802
[14:44:50] [Client thread/INFO] [CHAT] Tveiv получил Гений звёзд
[14:44:56] [Client thread/INFO] [CHAT] Вы находите лестницу отчаяния. Каждый, кто рискнёт ступить на неё, обречён на невероятные мучения. Но кто знает, что хранит вершина?
[14:45:02] [Client thread/INFO] [CHAT] Вы убегаете прочь от лестницы со всех ног, Ваша жизнь того не стоит. Её тайна теперь закрыта навсегда.
[14:45:07] [Client thread/INFO] [CHAT] Tveiv получил Бонус здоровья
[14:45:15] [Client thread/INFO] [CHAT] [4] P ┃ Cosmic_wolf12 » Как использовать заклинания?
[14:45:18] [Client thread/INFO] [CHAT] Получено 42 звезд
[14:45:18] [Client thread/INFO] [CHAT] Урон игрока Tveiv: 2292
[14:45:20] [Client thread/INFO] [CHAT] Tveiv получил Свинцовый слоник
[14:45:24] [Client thread/INFO] [CHAT] Потеряно 51 звезд
[14:45:24] [Client thread/INFO] [CHAT] Tveiv получил Пожиратель энергии
[14:45:46] [Client thread/INFO] [CHAT] Получено 43 звезд
[14:45:46] [Client thread/INFO] [CHAT] Урон игрока Tveiv: 2295
[14:45:48] [Client thread/INFO] [CHAT] Tveiv получил Карта выбора
[14:46:11] [Client thread/INFO] [CHAT] Получено 42 звезд
[14:46:11] [Client thread/INFO] [CHAT] Урон игрока Tveiv: 4141
[14:46:15] [Client thread/INFO] [CHAT] Tveiv получил Бонус урона
[14:46:17] [Client thread/INFO] [CHAT] Tveiv получил Нож на перестрелке
[14:46:21] [Client thread/INFO] [CHAT] Потеряно 52 звезд
[14:46:21] [Client thread/INFO] [CHAT] Tveiv получил Унижение
[14:46:27] [Client thread/INFO] [CHAT] Потеряно 52 звезд
[14:46:27] [Client thread/INFO] [CHAT] Tveiv получил Бонус уклонения
[14:46:33] [Client thread/INFO] [CHAT] Свет, исполняющий Желание: Чего ты желаешь? Я исполню все, что ты хочешь.
[14:46:53] [Client thread/INFO] [CHAT] Свет, исполняющий Желание: Ты желаешь бумажный меч? Будет исполнено.
[14:46:56] [Client thread/INFO] [CHAT] Свет, исполняющий Желание: Ваше желание исполнено.
[14:46:56] [Client thread/INFO] [CHAT] Tveiv получил Бумажный меч
[14:47:02] [Client thread/INFO] [CHAT] Цель уклонилась от атаки на 47%
[14:47:11] [Client thread/INFO] [CHAT] Вы уклонились на 44%
[14:47:11] [Client thread/INFO] [CHAT] Вы уклонились на 36%
[14:47:12] [Client thread/INFO] [CHAT] Вы уклонились на 42%
[14:47:15] [Client thread/INFO] [CHAT] Цель уклонилась от атаки на 50%
[14:47:16] [Client thread/INFO] [CHAT] Получено 41 звезд
[14:47:16] [Client thread/INFO] [CHAT] Урон игрока Tveiv: 1944
[14:47:18] [Client thread/INFO] [CHAT] Tveiv получил Кровопролитие
[14:47:25] [Client thread/INFO] [CHAT] Потеряно 50 звезд
[14:47:25] [Client thread/INFO] [CHAT] Tveiv получил Бонус здоровья
[14:47:34] [Client thread/INFO] [CHAT] Вы уклонились на 34%
[14:47:36] [Client thread/INFO] [CHAT] Цель уклонилась от атаки на 31%
[14:47:55] [Client thread/INFO] [CHAT] Цель уклонилась от атаки на 43%
[14:47:56] [Client thread/INFO] [CHAT] Цель уклонилась от атаки на 42%
[14:47:59] [Client thread/INFO] [CHAT] Цель уклонилась от атаки на 49%
[14:48:00] [Client thread/INFO] [CHAT] Цель уклонилась от атаки на 50%
[14:48:00] [Client thread/INFO] [CHAT] Цель уклонилась от атаки на 27%
[14:48:01] [Client thread/INFO] [CHAT] Цель уклонилась от атаки на 27%
[14:48:01] [Client thread/INFO] [CHAT] Вы уклонились на 25%
[14:48:03] [Client thread/INFO] [CHAT] Цель уклонилась от атаки на 26%
[14:48:05] [Client thread/INFO] [CHAT] Цель уклонилась от атаки на 43%
[14:48:08] [Client thread/INFO] [CHAT] Цель уклонилась от атаки на 33%
[14:48:08] [Client thread/INFO] [CHAT] Цель уклонилась от атаки на 47%
[14:48:08] [Client thread/INFO] [CHAT] Цель уклонилась от атаки на 28%
[14:48:09] [Client thread/INFO] [CHAT] Цель уклонилась от атаки на 35%
[14:48:10] [Client thread/INFO] [CHAT] Цель уклонилась от атаки на 25%
[14:48:12] [Client thread/INFO] [CHAT] Цель уклонилась от атаки на 42%
[14:48:13] [Client thread/INFO] [CHAT] [8] Mama767 » уцу
[14:48:15] [Client thread/INFO] [CHAT] Цель уклонилась от атаки на 39%
[14:48:15] [Client thread/INFO] [CHAT] Цель уклонилась от атаки на 36%
[14:48:22] [Client thread/INFO] [CHAT] Цель уклонилась от атаки на 34%
[14:48:26] [Client thread/INFO] [CHAT] Цель уклонилась от атаки на 34%
[14:48:27] [Client thread/INFO] [CHAT] Прошла минута с начала волны! Урон противников увеличен на 25%
[14:48:28] [Client thread/INFO] [CHAT] Вы уклонились на 42%
[14:48:47] [Client thread/INFO] [CHAT] [25] V ┃ neBezobraznik » [Карта созвездий]
[14:48:48] [Client thread/INFO] [CHAT] [25] V ┃ neBezobraznik » пойдет кто?
[14:48:53] [Client thread/INFO] [CHAT] Tveiv получил Бонус уровня
[14:48:53] [Client thread/INFO] [CHAT] Tveiv получил Спарагмос
[14:48:53] [Client thread/INFO] [CHAT] Tveiv получил Проклятие
[14:48:53] [Client thread/INFO] [CHAT] Tveiv получил Проклятие мультивыбора
[14:48:53] [Client thread/INFO] [CHAT] Tveiv получил Паранойя Победителя
[14:48:53] [Client thread/INFO] [CHAT] Tveiv получил Приманка
[14:48:53] [Client thread/INFO] [CHAT] Tveiv получил Долг боли
[14:48:53] [Client thread/INFO] [CHAT] Tveiv получил Нож на перестрелке
[14:48:53] [Client thread/INFO] [CHAT] Tveiv получил Унижение
[14:48:58] [Client thread/INFO] [CHAT] Цель уклонилась от атаки на 32%
[14:48:58] [Client thread/INFO] [CHAT] Цель уклонилась от атаки на 49%
[14:49:01] [Client thread/INFO] [CHAT] Цель уклонилась от атаки на 46%
[14:49:02] [Client thread/INFO] [CHAT] Цель уклонилась от атаки на 50%
[14:49:03] [Client thread/INFO] [CHAT] Получено 46 звезд
[14:49:03] [Client thread/INFO] [CHAT] Урон игрока Tveiv: 1497
[14:49:04] [Client thread/INFO] [CHAT] Tveiv получил Сетка для ловли звёзд
[14:49:09] [Client thread/INFO] [CHAT] Цель уклонилась от атаки на 27%
[14:49:12] [Client thread/INFO] [CHAT] Цель уклонилась от атаки на 48%
[14:49:15] [Client thread/INFO] [CHAT] На Вас наложено Проклятие Крови, Вы получаете урон за каждую нанесенную атаку
[14:49:22] [Client thread/INFO] [CHAT] Цель уклонилась от атаки на 40%
[14:49:23] [Client thread/INFO] [CHAT] Цель уклонилась от атаки на 27%
[14:49:23] [Client thread/INFO] [CHAT] Получено 58 звезд
[14:49:23] [Client thread/INFO] [CHAT] Урон игрока Tveiv: 4352
[14:49:24] [Client thread/INFO] [CHAT] Tveiv получил Мое последнее перерождение в мире звезд, подаренное Исцелением
[14:49:29] [Client thread/INFO] [CHAT] Цель уклонилась от атаки на 43%
[14:49:39] [Client thread/INFO] [CHAT] Цель уклонилась от атаки на 37%
[14:49:41] [Client thread/INFO] [CHAT] Получено 60 звезд
[14:49:41] [Client thread/INFO] [CHAT] Урон игрока Tveiv: 1912
[14:49:43] [Client thread/INFO] [CHAT] Tveiv получил Свинцовый слоник
[14:49:49] [Client thread/INFO] [CHAT] Цель уклонилась от атаки на 40%
[14:49:51] [Client thread/INFO] [CHAT] Цель уклонилась от атаки на 35%
[14:49:53] [Client thread/INFO] [CHAT] Цель уклонилась от атаки на 25%
[14:50:00] [Client thread/INFO] [CHAT] Цель уклонилась от атаки на 43%
[14:50:05] [Client thread/INFO] [CHAT] Цель уклонилась от атаки на 27%
[14:50:06] [Client thread/INFO] [CHAT] Цель уклонилась от атаки на 32%
[14:50:06] [Client thread/INFO] [CHAT] Цель уклонилась от атаки на 35%
[14:50:06] [Client thread/INFO] [CHAT] Цель уклонилась от атаки на 25%
[14:50:07] [Client thread/INFO] [CHAT] Цель уклонилась от атаки на 40%
[14:50:10] [Client thread/INFO] [CHAT] Получено 54 звезд
[14:50:10] [Client thread/INFO] [CHAT] Урон игрока Tveiv: 4675
[14:50:13] [Client thread/INFO] [CHAT] Tveiv получил Бонус здоровья
[14:50:19] [Client thread/INFO] [CHAT] Потеряно 208 звезд
[14:50:19] [Client thread/INFO] [CHAT] Tveiv получил Викторина Монксельда
[14:50:32] [Client thread/INFO] [CHAT] Цель уклонилась от атаки на 33%
[14:50:41] [Client thread/INFO] [CHAT] Получено 57 звезд
[14:50:41] [Client thread/INFO] [CHAT] Урон игрока Tveiv: 2169
[14:50:42] [Client thread/INFO] [CHAT] Tveiv получил Небытие
[14:50:45] [Client thread/INFO] [CHAT] Потеряно 50 звезд
[14:50:45] [Client thread/INFO] [CHAT] Tveiv получил Бонус урона
[14:50:45] [Client thread/INFO] [CHAT] Tveiv получил Бонус уклонения
[14:50:45] [Client thread/INFO] [CHAT] Tveiv получил Ничего
[14:50:51] [Client thread/INFO] [CHAT] Цель уклонилась от атаки на 38%
[14:50:53] [Client thread/INFO] [CHAT] Цель уклонилась от атаки на 27%
[14:51:01] [Client thread/INFO] [CHAT] Цель уклонилась от атаки на 48%
[14:51:02] [Client thread/INFO] [CHAT] Цель уклонилась от атаки на 44%
[14:51:05] [Client thread/INFO] [CHAT] Цель уклонилась от атаки на 26%
[14:51:05] [Client thread/INFO] [CHAT] Цель уклонилась от атаки на 43%
[14:51:11] [Client thread/INFO] [CHAT] Вы уклонились на 25%
[14:51:11] [Client thread/INFO] [CHAT] Цель уклонилась от атаки на 41%
[14:51:12] [Client thread/INFO] [CHAT] Цель уклонилась от атаки на 32%
[14:51:13] [Client thread/INFO] [CHAT] Получено 54 звезд
[14:51:13] [Client thread/INFO] [CHAT] Урон игрока Tveiv: 4212
[14:51:14] [Client thread/INFO] [CHAT] Tveiv получил Кукла вуду
[14:51:16] [Client thread/INFO] [CHAT] Последователь и его группа ожидают от Вас ответа.
[14:51:20] [Client thread/INFO] [CHAT] Последователь Этоля: Превосходный ответ, мы ожидаем от тебя свершений.
[14:51:20] [Client thread/INFO] [CHAT] Tveiv получил Мышь на Венере x2
[14:51:23] [Client thread/INFO] [CHAT] Вы уклонились на 46%
[14:51:25] [Client thread/INFO] [CHAT] Цель уклонилась от атаки на 40%
[14:51:26] [Client thread/INFO] [CHAT] Цель уклонилась от атаки на 41%
[14:51:26] [Client thread/INFO] [CHAT] Вы уклонились на 25%
[14:51:27] [Client thread/INFO] [CHAT] Цель уклонилась от атаки на 31%
[14:51:28] [Client thread/INFO] [CHAT] Вы уклонились на 29%
[14:51:29] [Client thread/INFO] [CHAT] Цель уклонилась от атаки на 42%
[14:51:38] [Client thread/INFO] [CHAT] Цель уклонилась от атаки на 45%
[14:51:40] [Client thread/INFO] [CHAT] На Вас наложено Проклятие Страха, Ваш вампиризм заблокирован
[14:51:41] [Client thread/INFO] [CHAT] [3] MalFanLo » Как способоку копья юзать?
[14:51:44] [Client thread/INFO] [CHAT] Получено 54 звезд
[14:51:44] [Client thread/INFO] [CHAT] Урон игрока Tveiv: 5033
[14:51:47] [Client thread/INFO] [CHAT] Tveiv получил Бонус скорости
[14:51:56] [Client thread/INFO] [CHAT] Вы уклонились на 46%
[14:51:56] [Client thread/INFO] [CHAT] Вы уклонились на 39%
[14:51:56] [Client thread/INFO] [CHAT] Вы уклонились на 44%
[14:51:58] [Client thread/INFO] [CHAT] Получено 64 звезд
[14:51:58] [Client thread/INFO] [CHAT] Урон игрока Tveiv: 2557
[14:51:59] [Client thread/INFO] [CHAT] Tveiv получил Гений звёзд
[14:52:04] [Client thread/INFO] [CHAT] Потеряно 54 звезд
[14:52:04] [Client thread/INFO] [CHAT] Tveiv получил Разрез души
[14:52:18] [Client thread/INFO] [CHAT] Вы уклонились на 42%
[14:52:18] [Client thread/INFO] [CHAT] Цель уклонилась от атаки на 46%
[14:52:19] [Client thread/INFO] [CHAT] Вы уклонились на 42%
[14:52:19] [Client thread/INFO] [CHAT] Вы уклонились на 47%
[14:52:20] [Client thread/INFO] [CHAT] Цель уклонилась от атаки на 36%
[14:52:22] [Client thread/INFO] [CHAT] Цель уклонилась от атаки на 47%
[14:52:26] [Client thread/INFO] [CHAT] Цель уклонилась от атаки на 28%
[14:52:26] [Client thread/INFO] [CHAT] Вы уклонились на 50%
[14:52:29] [Client thread/INFO] [CHAT] Цель уклонилась от атаки на 26%
[14:52:31] [Client thread/INFO] [CHAT] Tveiv получил Бонус урона
[14:52:34] [Client thread/INFO] [CHAT] Цель уклонилась от атаки на 37%
[14:52:41] [Client thread/INFO] [CHAT] Цель уклонилась от атаки на 27%
[14:52:45] [Client thread/INFO] [CHAT] Вы уклонились на 25%
[14:52:45] [Client thread/INFO] [CHAT] Получено 51 звезд
[14:52:45] [Client thread/INFO] [CHAT] Урон игрока Tveiv: 11193
[14:52:48] [Client thread/INFO] [CHAT] Tveiv получил Бумажный меч
[14:52:50] [Client thread/INFO] [CHAT] [3] MalFanLo » !Как способку копья юзать?
[14:52:51] [Client thread/INFO] [CHAT] Потеряно 54 звезд
[14:52:51] [Client thread/INFO] [CHAT] Tveiv получил Бонус уклонения
[14:53:04] [Client thread/INFO] [CHAT] Потеряно 58 звезд
[14:53:04] [Client thread/INFO] [CHAT] Tveiv получил Бонус урона
[14:53:04] [Client thread/INFO] [CHAT] Tveiv получил Бонус уклонения
[14:53:04] [Client thread/INFO] [CHAT] Tveiv получил Ничего
[14:53:05] [Client thread/INFO] [CHAT] [30] Jr.Dev ┃ ZeksterP » в инвентаре кнопку поставь
[14:53:07] [Client thread/INFO] [CHAT] [30] Jr.Dev ┃ ZeksterP » в заклинаниях
[14:53:09] [Client thread/INFO] [CHAT] Вы уклонились на 38%
[14:53:09] [Client thread/INFO] [CHAT] Вы уклонились на 45%
[14:53:09] [Client thread/INFO] [CHAT] Вы уклонились на 43%
[14:53:10] [Client thread/INFO] [CHAT] Вы уклонились на 49%
[14:53:11] [Client thread/INFO] [CHAT] Цель уклонилась от атаки на 28%
[14:53:14] [Client thread/INFO] [CHAT] Вы уклонились на 31%
[14:53:14] [Client thread/INFO] [CHAT] Вы уклонились на 46%
[14:53:14] [Client thread/INFO] [CHAT] Цель уклонилась от атаки на 30%
[14:53:15] [Client thread/INFO] [CHAT] Цель уклонилась от атаки на 48%
[14:53:16] [Client thread/INFO] [CHAT] Вы уклонились на 32%
[14:53:16] [Client thread/INFO] [CHAT] Цель уклонилась от атаки на 29%
[14:53:16] [Client thread/INFO] [CHAT] Вы уклонились на 33%
[14:53:19] [Client thread/INFO] [CHAT] Цель уклонилась от атаки на 48%
[14:53:19] [Client thread/INFO] [CHAT] Вы уклонились на 43%
[14:53:20] [Client thread/INFO] [CHAT] Tveiv получил Черная карта
[14:53:24] [Client thread/INFO] [CHAT] [3] MalFanLo » Я на меч поставил,ничего не работало
[14:53:25] [Client thread/INFO] [CHAT] Цель уклонилась от атаки на 45%
[14:53:26] [Client thread/INFO] [CHAT] Вы уклонились на 31%
[14:53:27] [Client thread/INFO] [CHAT] Вы уклонились на 29%
[14:53:28] [Client thread/INFO] [CHAT] Вы уклонились на 49%
[14:53:30] [Client thread/INFO] [CHAT] Цель уклонилась от атаки на 49%
[14:53:31] [Client thread/INFO] [CHAT] Цель уклонилась от атаки на 25%
[14:53:31] [Client thread/INFO] [CHAT] Вы уклонились на 40%
[14:53:34] [Client thread/INFO] [CHAT] Получено 53 звезд
[14:53:34] [Client thread/INFO] [CHAT] Урон игрока Tveiv: 9606
[14:53:36] [Client thread/INFO] [CHAT] Tveiv получил Бонус скорости x2
[14:53:42] [Client thread/INFO] [CHAT] Потеряно 60 звезд
[14:53:42] [Client thread/INFO] [CHAT] Tveiv получил Бонус урона
[14:53:42] [Client thread/INFO] [CHAT] Tveiv получил Бонус уклонения
[14:53:42] [Client thread/INFO] [CHAT] Tveiv получил Ничего
[14:53:43] [Client thread/INFO] [CHAT] Последователь и его группа ожидают от Вас ответа.
[14:53:47] [Client thread/INFO] [CHAT] Последователь Этоля: Превосходный ответ, мы ожидаем от тебя свершений.
[14:53:47] [Client thread/INFO] [CHAT] Tveiv получил Собиратель мусора x2
[14:53:50] [Client thread/INFO] [CHAT] Вы уклонились на 45%
[14:53:51] [Client thread/INFO] [CHAT] Цель уклонилась от атаки на 44%
[14:53:51] [Client thread/INFO] [CHAT] Вы уклонились на 45%
[14:53:52] [Client thread/INFO] [CHAT] Вы уклонились на 29%
[14:53:52] [Client thread/INFO] [CHAT] Цель уклонилась от атаки на 28%
[14:53:53] [Client thread/INFO] [CHAT] Вы уклонились на 42%
[14:53:58] [Client thread/INFO] [CHAT] Цель уклонилась от атаки на 36%
[14:54:04] [Client thread/INFO] [CHAT] Цель уклонилась от атаки на 31%
[14:54:05] [Client thread/INFO] [CHAT] Цель уклонилась от атаки на 50%
[14:54:05] [Client thread/INFO] [CHAT] [30] leonardo_leo_ » а будет ли в будующем режим с бесконечными волнами?
[14:54:07] [Client thread/INFO] [CHAT] Вы уклонились на 35%
[14:54:08] [Client thread/INFO] [CHAT] Цель уклонилась от атаки на 27%
[14:54:09] [Client thread/INFO] [CHAT] Цель уклонилась от атаки на 28%
[14:54:09] [Client thread/INFO] [CHAT] Получено 57 звезд
[14:54:09] [Client thread/INFO] [CHAT] Урон игрока Tveiv: 5697
[14:54:14] [Client thread/INFO] [CHAT] Tveiv получил Непоколебимость Победителя x2
[14:54:18] [Client thread/INFO] [CHAT] Потеряно 55 звезд
[14:54:18] [Client thread/INFO] [CHAT] Tveiv получил Гений звёзд
[14:54:28] [Client thread/INFO] [CHAT] Последователь и его группа ожидают от Вас ответа.
[14:54:33] [Client thread/INFO] [CHAT] Последователь Этоля: Превосходный ответ, мы ожидаем от тебя свершений.
[14:54:33] [Client thread/INFO] [CHAT] Tveiv получил Бонус здоровья x2
[14:54:37] [Client thread/INFO] [CHAT] Вы уклонились на 42%
[14:54:37] [Client thread/INFO] [CHAT] Цель уклонилась от атаки на 37%
[14:54:40] [Client thread/INFO] [CHAT] Цель уклонилась от атаки на 41%
[14:54:43] [Client thread/INFO] [CHAT] Цель уклонилась от атаки на 46%
[14:54:43] [Client thread/INFO] [CHAT] Вы уклонились на 30%
[14:54:44] [Client thread/INFO] [CHAT] Вы уклонились на 50%
[14:54:44] [Client thread/INFO] [CHAT] Цель уклонилась от атаки на 33%
[14:54:45] [Client thread/INFO] [CHAT] Цель уклонилась от атаки на 36%
[14:54:46] [Client thread/INFO] [CHAT] Цель уклонилась от атаки на 47%
[14:54:52] [Client thread/INFO] [CHAT] Вы уклонились на 41%
[14:54:53] [Client thread/INFO] [CHAT] Цель уклонилась от атаки на 47%
[14:54:54] [Client thread/INFO] [CHAT] Цель уклонилась от атаки на 37%
[14:54:56] [Client thread/INFO] [CHAT] Цель уклонилась от атаки на 31%
[14:54:57] [Client thread/INFO] [CHAT] Цель уклонилась от атаки на 48%
[14:54:59] [Client thread/INFO] [CHAT] Вы уклонились на 44%
[14:55:00] [Client thread/INFO] [CHAT] Цель уклонилась от атаки на 43%
[14:55:01] [Client thread/INFO] [CHAT] Цель уклонилась от атаки на 36%
[14:55:02] [Client thread/INFO] [CHAT] Вы уклонились на 32%
[14:55:04] [Client thread/INFO] [CHAT] Получено 51 звезд
[14:55:04] [Client thread/INFO] [CHAT] Урон игрока Tveiv: 9767
[14:55:07] [Client thread/INFO] [CHAT] Tveiv получил Бонус брони x2
[14:55:27] [Client thread/INFO] [CHAT] [19] bodakruk123 » а жертва ритуала нужна для чего то?
[14:55:37] [Client thread/INFO] [CHAT] Вы уклонились на 41%
[14:55:39] [Client thread/INFO] [CHAT] Вы уклонились на 42%
[14:55:47] [Client thread/INFO] [CHAT] Цель уклонилась от атаки на 29%
[14:55:48] [Client thread/INFO] [CHAT] Вы уклонились на 47%
[14:55:52] [Client thread/INFO] [CHAT] Цель уклонилась от атаки на 37%
[14:55:53] [Client thread/INFO] [CHAT] Цель уклонилась от атаки на 46%
[14:55:54] [Client thread/INFO] [CHAT] Вы уклонились на 31%
[14:55:54] [Client thread/INFO] [CHAT] Получено 57 звезд
[14:55:54] [Client thread/INFO] [CHAT] Урон игрока Tveiv: 4424
[14:55:55] [Client thread/INFO] [CHAT] Tveiv получил Кровопролитие x2
[14:56:33] [Client thread/INFO] [CHAT] Потеряно 56 звезд
[14:56:33] [Client thread/INFO] [CHAT] Tveiv получил Расшифровщик Валотайла
[14:56:41] [Client thread/INFO] [CHAT] Цель уклонилась от атаки на 29%
[14:56:41] [Client thread/INFO] [CHAT] Вы уклонились на 25%
[14:56:42] [Client thread/INFO] [CHAT] Вы уклонились на 44%
[14:56:44] [Client thread/INFO] [CHAT] Вы уклонились на 40%
[14:56:44] [Client thread/INFO] [CHAT] Вы уклонились на 44%
[14:56:45] [Client thread/INFO] [CHAT] Вы уклонились на 27%
[14:56:45] [Client thread/INFO] [CHAT] Цель уклонилась от атаки на 45%
[14:56:47] [Client thread/INFO] [CHAT] Цель уклонилась от атаки на 30%
[14:56:48] [Client thread/INFO] [CHAT] Вы уклонились на 32%
[14:56:52] [Client thread/INFO] [CHAT] Tveiv получил Бонус брони
[14:56:54] [Client thread/INFO] [CHAT] Вы уклонились на 28%
[14:56:54] [Client thread/INFO] [CHAT] Вы уклонились на 38%
[14:56:55] [Client thread/INFO] [CHAT] Вы уклонились на 33%
[14:56:57] [Client thread/INFO] [CHAT] Вы уклонились на 47%
[14:56:57] [Client thread/INFO] [CHAT] Цель уклонилась от атаки на 39%
[14:56:57] [Client thread/INFO] [CHAT] Вы уклонились на 44%
[14:56:58] [Client thread/INFO] [CHAT] Tveiv получил Бонус урона
[14:57:02] [Client thread/INFO] [CHAT] Вы уклонились на 33%
[14:57:03] [Client thread/INFO] [CHAT] Вы уклонились на 28%
[14:57:03] [Client thread/INFO] [CHAT] Вы уклонились на 27%
[14:57:03] [Client thread/INFO] [CHAT] Вы уклонились на 42%
[14:57:04] [Client thread/INFO] [CHAT] Вы уклонились на 44%
[14:57:07] [Client thread/INFO] [CHAT] Цель уклонилась от атаки на 48%
[14:57:07] [Client thread/INFO] [CHAT] Цель уклонилась от атаки на 25%
[14:57:10] [Client thread/INFO] [CHAT] Цель уклонилась от атаки на 37%
[14:57:11] [Client thread/INFO] [CHAT] Получено 50 звезд
[14:57:11] [Client thread/INFO] [CHAT] Урон игрока Tveiv: 11780
[14:57:12] [Client thread/INFO] [CHAT] Tveiv получил Бонус здоровья x2
[14:57:19] [Client thread/INFO] [CHAT] Потеряно 57 звезд
[14:57:19] [Client thread/INFO] [CHAT] Tveiv получил Нож на перестрелке
[14:57:22] [Client thread/INFO] [CHAT] Потеряно 57 звезд
[14:57:22] [Client thread/INFO] [CHAT] Tveiv получил Спокойствие разума
[14:57:32] [Client thread/INFO] [CHAT] Вы уклонились на 50%
[14:57:34] [Client thread/INFO] [CHAT] Вы уклонились на 25%
[14:57:36] [Client thread/INFO] [CHAT] Цель уклонилась от атаки на 41%
[14:57:36] [Client thread/INFO] [CHAT] Цель уклонилась от атаки на 37%
[14:57:37] [Client thread/INFO] [CHAT] Вы уклонились на 50%
[14:57:38] [Client thread/INFO] [CHAT] Вы уклонились на 46%
[14:57:39] [Client thread/INFO] [CHAT] Цель уклонилась от атаки на 50%
[14:57:41] [Client thread/INFO] [CHAT] Цель уклонилась от атаки на 49%
[14:57:42] [Client thread/INFO] [CHAT] Вы уклонились на 30%
[14:57:44] [Client thread/INFO] [CHAT] Цель уклонилась от атаки на 34%
[14:57:45] [Client thread/INFO] [CHAT] Вы уклонились на 33%
[14:57:45] [Client thread/INFO] [CHAT] Цель уклонилась от атаки на 37%
[14:57:46] [Client thread/INFO] [CHAT] Цель уклонилась от атаки на 45%
[14:57:47] [Client thread/INFO] [CHAT] Цель уклонилась от атаки на 48%
[14:57:48] [Client thread/INFO] [CHAT] Цель уклонилась от атаки на 35%
[14:57:49] [Client thread/INFO] [CHAT] Цель уклонилась от атаки на 43%
[14:57:52] [Client thread/INFO] [CHAT] Вы уклонились на 42%
[14:57:56] [Client thread/INFO] [CHAT] Цель уклонилась от атаки на 34%
[14:57:57] [Client thread/INFO] [CHAT] Вы уклонились на 41%
[14:57:58] [Client thread/INFO] [CHAT] Вы уклонились на 27%
[14:58:00] [Client thread/INFO] [CHAT] Цель уклонилась от атаки на 31%
[14:58:01] [Client thread/INFO] [CHAT] Отголосок Этоля: Этоль в ярости, его урон увеличен
[14:58:04] [Client thread/INFO] [CHAT] Цель уклонилась от атаки на 36%
[14:58:05] [Client thread/INFO] [CHAT] Цель уклонилась от атаки на 31%
[14:58:09] [Client thread/INFO] [CHAT] Цель уклонилась от атаки на 47%
[14:58:10] [Client thread/INFO] [CHAT] Цель уклонилась от атаки на 50%
[15:01:45] [Client thread/INFO] [CHAT] [24] P+ ┃ MaLcHiCk1_ » Горящий крипер взрывается что произойдет?
[15:01:52] [Client thread/INFO] [CHAT] [19] bodakruk1234 » Обыч
[15:04:39] [Client thread/INFO] [CHAT] [30] I ┃ TheFoolLotm » d
[15:05:16] [Client thread/INFO] [CHAT] [30] I ┃ TheFoolLotm » не понимаю как работает топ по уровню
[15:05:40] [Client thread/INFO] [CHAT] Получено 46 звезд
[15:05:40] [Client thread/INFO] [CHAT] Урон игрока Tveiv: 1837
[15:05:44] [Client thread/INFO] [CHAT] [30] leonardo_leo_ » так пох на него, там почти все 30 лвл
[15:05:48] [Client thread/INFO] [CHAT] Tveiv получил Двигайся, как камень
[15:05:51] [Client thread/INFO] [CHAT] Зверь появляется в комнате.
[15:05:55] [Client thread/INFO] [CHAT] Tveiv получил Дурак
[15:05:55] [Client thread/INFO] [CHAT] Tveiv получил Унижение
[15:05:55] [Client thread/INFO] [CHAT] Tveiv получил Паранойя Победителя
[15:05:58] [Client thread/INFO] [CHAT] Цель уклонилась от атаки на 33%
[15:05:58] [Client thread/INFO] [CHAT] Цель уклонилась от атаки на 26%
[15:06:01] [Client thread/INFO] [CHAT] Цель уклонилась от атаки на 44%
[15:06:04] [Client thread/INFO] [CHAT] [30] I ┃ TheFoolLotm » не почти
[15:06:05] [Client thread/INFO] [CHAT] Цель уклонилась от атаки на 38%
[15:06:06] [Client thread/INFO] [CHAT] Цель уклонилась от атаки на 43%
[15:06:08] [Client thread/INFO] [CHAT] Получено 44 звезд
[15:06:08] [Client thread/INFO] [CHAT] Урон игрока Tveiv: 2146
[15:06:12] [Client thread/INFO] [CHAT] [30] I ┃ TheFoolLotm » все 30 лвл
[15:06:14] [Client thread/INFO] [CHAT] Tveiv получил Расшифровщик Валотайла
[15:06:29] [Client thread/INFO] [CHAT] Цель уклонилась от атаки на 34%
[15:06:34] [Client thread/INFO] [CHAT] Цель уклонилась от атаки на 46%
[15:06:35] [Client thread/INFO] [CHAT] Цель уклонилась от атаки на 39%
[15:06:36] [Client thread/INFO] [CHAT] Цель уклонилась от атаки на 43%
[15:06:39] [Client thread/INFO] [CHAT] Получено 45 звезд
[15:06:39] [Client thread/INFO] [CHAT] Урон игрока Tveiv: 2513
[15:07:08] [Client thread/INFO] [CHAT] Tveiv получил Непобеждаемая слот-машина
[15:07:15] [Client thread/INFO] [CHAT] [30] leonardo_leo_ » я имел в виду на режиме все почти 30 лвл, тут его апнуть ( у меня заняло часов 20 где то)
[15:07:22] [Client thread/INFO] [CHAT] Ведьмы появляются в комнате и медленно окружают Вас.
[15:07:23] [Client thread/INFO] [CHAT] Ведьма: Уважаемый Странник Тьмы, поделитесь с нами вашей силой.
[15:07:28] [Client thread/INFO] [CHAT] Tveiv получил Бонус урона
[15:07:39] [Client thread/INFO] [CHAT] Цель уклонилась от атаки на 43%
[15:07:40] [Client thread/INFO] [CHAT] Цель уклонилась от атаки на 47%
[15:07:40] [Client thread/INFO] [CHAT] Цель уклонилась от атаки на 44%
[15:07:42] [Client thread/INFO] [CHAT] Цель уклонилась от атаки на 37%
[15:07:44] [Client thread/INFO] [CHAT] Tveiv получил Спокойствие разума
[15:07:48] [Client thread/INFO] [CHAT] Цель уклонилась от атаки на 36%
[15:07:53] [Client thread/INFO] [CHAT] Получено 40 звезд
[15:07:53] [Client thread/INFO] [CHAT] Урон игрока Tveiv: 2117
[15:07:57] [Client thread/INFO] [CHAT] Tveiv получил Прогноз погоды
[15:08:03] [Client thread/INFO] [CHAT] Tveiv получил Проклятие
[15:08:03] [Client thread/INFO] [CHAT] Tveiv получил Децидофобия
[15:08:03] [Client thread/INFO] [CHAT] Tveiv получил Пениафобия
[15:08:03] [Client thread/INFO] [CHAT] Tveiv получил Панофобия
[15:08:27] [Client thread/INFO] [CHAT] Таинственная дверь появляется в комнате.
[15:08:32] [Client thread/INFO] [CHAT] Вы открываете дверь и впадаете в ужас. За дверью, Вас ожидало древнее божество.
[15:08:32] [Client thread/INFO] [CHAT] Вы встретили само воплощение Тьмы и Ночи, и теперь, оно нападает на Вас. Это - Ваш Конец.
[15:09:03] [Client thread/INFO] [CHAT] Цель уклонилась от атаки на 40%
[15:09:04] [Client thread/INFO] [CHAT] Цель уклонилась от атаки на 47%
[15:09:04] [Client thread/INFO] [CHAT] Цель уклонилась от атаки на 25%
[15:09:04] [Client thread/INFO] [CHAT] Цель уклонилась от атаки на 29%
[15:09:04] [Client thread/INFO] [CHAT] Цель уклонилась от атаки на 32%
[15:09:06] [Client thread/INFO] [CHAT] Цель уклонилась от атаки на 45%
[15:09:25] [Client thread/INFO] [CHAT] Tveiv получил Теневой x2
[15:09:27] [Client thread/INFO] [CHAT] Цель уклонилась от атаки на 43%
[15:09:28] [Client thread/INFO] [CHAT] [30] I ┃ TheFoolLotm » да чё за баг какие дождитесь пока все игроки сделают выбор я соло **
[15:09:28] [Client thread/INFO] [CHAT] Цель уклонилась от атаки на 42%
[15:09:31] [Client thread/INFO] [CHAT] Цель уклонилась от атаки на 36%
[15:09:31] [Client thread/INFO] [CHAT] Цель уклонилась от атаки на 43%
[15:09:31] [Client thread/INFO] [CHAT] Цель уклонилась от атаки на 28%
[15:09:32] [Client thread/INFO] [CHAT] [5] MrBetrayer » Почему я за горизонт событий не получаю ни ебиной награды?
[15:09:32] [Client thread/INFO] [CHAT] Цель уклонилась от атаки на 44%
[15:09:33] [Client thread/INFO] [CHAT] Цель уклонилась от атаки на 36%
[15:09:33] [Client thread/INFO] [CHAT] Цель уклонилась от атаки на 37%
[15:09:33] [Client thread/INFO] [CHAT] Цель уклонилась от атаки на 34%
[15:09:34] [Client thread/INFO] [CHAT] Цель уклонилась от атаки на 46%
[15:09:35] [Client thread/INFO] [CHAT] Tveiv получил Бонус здоровья
[15:09:36] [Client thread/INFO] [CHAT] Цель уклонилась от атаки на 37%
[15:09:37] [Client thread/INFO] [CHAT] Цель уклонилась от атаки на 42%
[15:09:37] [Client thread/INFO] [CHAT] Цель уклонилась от атаки на 48%
[15:09:38] [Client thread/INFO] [CHAT] Цель уклонилась от атаки на 41%
[15:09:38] [Client thread/INFO] [CHAT] Цель уклонилась от атаки на 30%
[15:09:39] [Client thread/INFO] [CHAT] Цель уклонилась от атаки на 37%
[15:09:39] [Client thread/INFO] [CHAT] Получено 44 звезд
[15:09:39] [Client thread/INFO] [CHAT] Урон игрока Tveiv: 2499
[15:09:41] [Client thread/INFO] [CHAT] Tveiv получил Спокойствие разума
[15:09:44] [Client thread/INFO] [CHAT] [5] MrBetrayer » единой*
[15:09:55] [Client thread/INFO] [CHAT] Потеряно 52 звезд
[15:09:55] [Client thread/INFO] [CHAT] Получено 15 звезд
[15:09:55] [Client thread/INFO] [CHAT] Tveiv получил Собиратель мусора
[15:10:02] [Client thread/INFO] [CHAT] Потеряно 52 звезд
[15:10:02] [Client thread/INFO] [CHAT] Получено 15 звезд
[15:10:02] [Client thread/INFO] [CHAT] Tveiv получил Ключ к Победе
[15:10:07] [Client thread/INFO] [CHAT] Потеряно 52 звезд
[15:10:07] [Client thread/INFO] [CHAT] Получено 15 звезд
[15:10:07] [Client thread/INFO] [CHAT] Tveiv получил Куб неуязвимости
[15:10:15] [Client thread/INFO] [CHAT] Потеряно 52 звезд
[15:10:15] [Client thread/INFO] [CHAT] Получено 15 звезд
[15:10:15] [Client thread/INFO] [CHAT] Tveiv получил Бонус маны
[15:10:17] [Client thread/INFO] [CHAT] [30] D ┃ MistressFeet » Kazda го встр
[15:10:26] [Client thread/INFO] [CHAT] Потеряно 52 звезд
[15:10:26] [Client thread/INFO] [CHAT] Получено 15 звезд
[15:10:26] [Client thread/INFO] [CHAT] Tveiv получил Теневой
[15:10:38] [Client thread/INFO] [CHAT] Цель уклонилась от атаки на 27%
[15:10:39] [Client thread/INFO] [CHAT] Цель уклонилась от атаки на 38%
[15:10:39] [Client thread/INFO] [CHAT] Цель уклонилась от атаки на 44%
[15:10:39] [Client thread/INFO] [CHAT] Цель уклонилась от атаки на 39%
[15:10:41] [Client thread/INFO] [CHAT] Цель уклонилась от атаки на 46%
[15:10:44] [Client thread/INFO] [CHAT] Цель уклонилась от атаки на 38%
[15:10:45] [Client thread/INFO] [CHAT] Цель уклонилась от атаки на 44%
[15:10:45] [Client thread/INFO] [CHAT] Цель уклонилась от атаки на 49%
[15:10:45] [Client thread/INFO] [CHAT] Цель уклонилась от атаки на 41%
[15:10:46] [Client thread/INFO] [CHAT] На Вас наложено Проклятие Крови, Вы получаете урон за каждую нанесенную атаку
[15:10:46] [Client thread/INFO] [CHAT] Цель уклонилась от атаки на 40%
[15:10:47] [Client thread/INFO] [CHAT] Цель уклонилась от атаки на 30%
[15:10:47] [Client thread/INFO] [CHAT] Цель уклонилась от атаки на 33%
[15:10:47] [Client thread/INFO] [CHAT] Цель уклонилась от атаки на 29%
[15:10:47] [Client thread/INFO] [CHAT] Цель уклонилась от атаки на 42%
[15:10:48] [Client thread/INFO] [CHAT] Цель уклонилась от атаки на 27%
[15:10:48] [Client thread/INFO] [CHAT] Цель уклонилась от атаки на 49%
[15:10:49] [Client thread/INFO] [CHAT] Цель уклонилась от атаки на 29%
[15:11:47] [Client thread/INFO] [CHAT] Получено 47 звезд
[15:11:47] [Client thread/INFO] [CHAT] Урон игрока Tveiv: 1065
[15:11:48] [Client thread/INFO] [CHAT] Tveiv получил Собиратель мусора
[15:11:59] [Client thread/INFO] [CHAT] Tveiv получил Бонус брони x2
[15:12:00] [Client thread/INFO] [CHAT] Получено 46 звезд
[15:12:00] [Client thread/INFO] [CHAT] Урон игрока Tveiv: 2827
[15:12:01] [Client thread/INFO] [CHAT] Tveiv получил Карта выбора
[15:12:02] [Client thread/INFO] [CHAT] У Вас есть 20 секунд, прежде, чем кот сбежит!
[15:12:11] [Client thread/INFO] [CHAT] Tveiv получил Идол глупцов
[15:12:26] [Client thread/INFO] [CHAT] Получено 43 звезд
[15:12:26] [Client thread/INFO] [CHAT] Урон игрока Tveiv: 1573
[15:12:29] [Client thread/INFO] [CHAT] Tveiv получил Гений звёзд
[15:12:49] [Client thread/INFO] [CHAT] Tveiv получил Бонус здоровья
[15:12:51] [Client thread/INFO] [CHAT] Tveiv получил Ничего x2
[15:13:03] [Client thread/INFO] [CHAT] Получено 41 звезд
[15:13:03] [Client thread/INFO] [CHAT] Урон игрока Tveiv: 3804
[15:13:05] [Client thread/INFO] [CHAT] Tveiv получил Мое последнее перерождение в мире звезд, подаренное Исцелением
[15:13:07] [Client thread/INFO] [CHAT] Tveiv получил Паранойя Победителя
[15:13:13] [Client thread/INFO] [CHAT] Потеряно 48 звезд
[15:13:13] [Client thread/INFO] [CHAT] Tveiv получил Ничего
[15:13:17] [Client thread/INFO] [CHAT] Потеряно 52 звезд
[15:13:17] [Client thread/INFO] [CHAT] Tveiv получил Паранойя Победителя
[15:13:23] [Client thread/INFO] [CHAT] Потеряно 52 звезд
[15:13:23] [Client thread/INFO] [CHAT] Tveiv получил Расшифровщик Валотайла
[15:13:38] [Client thread/INFO] [CHAT] [23] S ┃ Zaraza91 » Сколько всего фантазий в шкатулке Этоля?
[15:13:43] [Client thread/INFO] [CHAT] Получено 43 звезд
[15:13:43] [Client thread/INFO] [CHAT] Урон игрока Tveiv: 2694
[15:13:44] [Client thread/INFO] [CHAT] [30] leonardo_leo_ » 18
[15:13:44] [Client thread/INFO] [CHAT] Tveiv получил Ничего
[15:13:45] [Client thread/INFO] [CHAT] [30] I ┃ TheFoolLotm » 18?
[15:13:46] [Client thread/INFO] [CHAT] [23] S ┃ Zaraza91 » Спасибо
[15:13:54] [Client thread/INFO] [CHAT] Потеряно 50 звезд
[15:13:54] [Client thread/INFO] [CHAT] Tveiv получил Ничего
[15:13:56] [Client thread/INFO] [CHAT] Солнечная армия вторглась в Ваш мир!
[15:14:07] [Client thread/INFO] [CHAT] Tveiv получил Бонус здоровья
[15:14:07] [Client thread/INFO] [CHAT] Tveiv получил Бонус урона
[15:14:26] [Client thread/INFO] [CHAT] Получено 41 звезд
[15:14:26] [Client thread/INFO] [CHAT] Урон игрока Tveiv: 5075
[15:14:30] [Client thread/INFO] [CHAT] Tveiv получил Разрушитель звёзд
[15:14:41] [Client thread/INFO] [CHAT] Потеряно 53 звезд
[15:14:41] [Client thread/INFO] [CHAT] Tveiv получил Висп в бутылке
[15:14:50] [Client thread/INFO] [CHAT] У Вас есть 20 секунд, прежде, чем кот сбежит!
[15:15:04] [Client thread/INFO] [CHAT] Tveiv получил Идол глупцов
[15:15:15] [Client thread/INFO] [CHAT] Tveiv получил Кукла вуду
[15:15:32] [Client thread/INFO] [CHAT] Получено 38 звезд
[15:15:32] [Client thread/INFO] [CHAT] Получено 40 звезд
[15:15:32] [Client thread/INFO] [CHAT] Урон игрока Tveiv: 5069
[15:15:36] [Client thread/INFO] [CHAT] У Вас есть 20 секунд, прежде, чем кот сбежит!
[15:15:43] [Client thread/INFO] [CHAT] Tveiv получил Идол глупцов
[15:15:50] [Client thread/INFO] [CHAT] Получено 47 звезд
[15:15:50] [Client thread/INFO] [CHAT] Получено 40 звезд
[15:15:50] [Client thread/INFO] [CHAT] Урон игрока Tveiv: 2358
[15:16:14] [Client thread/INFO] [CHAT] Получено 42 звезд
[15:16:14] [Client thread/INFO] [CHAT] Получено 40 звезд
[15:16:14] [Client thread/INFO] [CHAT] Урон игрока Tveiv: 6765
[15:16:16] [Client thread/INFO] [CHAT] Tveiv получил Спарагмос
[15:16:29] [Client thread/INFO] [CHAT] Tveiv получил Спокойствие разума
[15:16:36] [Client thread/INFO] [CHAT] Получено 42 звезд
[15:16:36] [Client thread/INFO] [CHAT] Получено 40 звезд
[15:16:36] [Client thread/INFO] [CHAT] Урон игрока Tveiv: 6788
[15:16:38] [Client thread/INFO] [CHAT] Потеряно 220 звезд
[15:16:38] [Client thread/INFO] [CHAT] Tveiv получил Бонус урона x5
[15:16:38] [Client thread/INFO] [CHAT] Tveiv получил Бонус уклонения x5
[15:16:38] [Client thread/INFO] [CHAT] Tveiv получил Небытие
[15:16:42] [Client thread/INFO] [CHAT] Вы уклонились на 33%
[15:16:43] [Client thread/INFO] [CHAT] Вы уклонились на 29%
[15:16:44] [Client thread/INFO] [CHAT] Вы уклонились на 37%
[15:16:44] [Client thread/INFO] [CHAT] Вы уклонились на 25%
[15:16:46] [Client thread/INFO] [CHAT] [19] D ┃ Cram4ik » а че за прикол безмолвие + стан по приколу каждую волну.
[15:16:46] [Client thread/INFO] [CHAT] Вы уклонились на 36%
[15:16:49] [Client thread/INFO] [CHAT] Вы уклонились на 28%
[15:16:50] [Client thread/INFO] [CHAT] Вы уклонились на 46%
[15:16:52] [Client thread/INFO] [CHAT] Вы уклонились на 44%
[15:16:54] [Client thread/INFO] [CHAT] Получено 44 звезд
[15:16:54] [Client thread/INFO] [CHAT] Получено 40 звезд
[15:16:54] [Client thread/INFO] [CHAT] Урон игрока Tveiv: 4743
[15:16:59] [Client thread/INFO] [CHAT] Потеряно 62 звезд
[15:16:59] [Client thread/INFO] [CHAT] Tveiv получил Бонус урона
[15:16:59] [Client thread/INFO] [CHAT] Tveiv получил Бонус уклонения
[15:16:59] [Client thread/INFO] [CHAT] Tveiv получил Ничего
[15:17:04] [Client thread/INFO] [CHAT] Потеряно 55 звезд
[15:17:04] [Client thread/INFO] [CHAT] Tveiv получил Разрез души
[15:17:06] [Client thread/INFO] [CHAT] [30] leonardo_leo_ » у тебя проклятие нож на перестрелке?
[15:17:16] [Client thread/INFO] [CHAT] Вы уклонились на 49%
[15:17:17] [Client thread/INFO] [CHAT] Вы уклонились на 33%
[15:17:17] [Client thread/INFO] [CHAT] Вы уклонились на 48%
[15:17:18] [Client thread/INFO] [CHAT] Вы уклонились на 34%
[15:17:21] [Client thread/INFO] [CHAT] Вы уклонились на 47%
[15:17:29] [Client thread/INFO] [CHAT] [16] P ┃ Yoko_Michi » Пипяо
[15:17:31] [Client thread/INFO] [CHAT] Вы уклонились на 45%
[15:17:31] [Client thread/INFO] [CHAT] Получено 42 звезд
[15:17:31] [Client thread/INFO] [CHAT] Получено 40 звезд
[15:17:31] [Client thread/INFO] [CHAT] Урон игрока Tveiv: 9589
[15:17:40] [Client thread/INFO] [CHAT] Последователь Этоля появляется в комнате.
[15:17:42] [Client thread/INFO] [CHAT] Астролог: Странник Тьмы, я рад видеть тебя. Позволь мне помочь в твоих странствиях, давай свою экипировку.
[15:17:42] [Client thread/INFO] [CHAT] Оружие получает +2 к уровню зачарования, а остальные предметы - +4
[15:17:48] [Client thread/INFO] [CHAT] Вы уклонились на 37%
[15:17:48] [Client thread/INFO] [CHAT] Вы уклонились на 32%
[15:17:49] [Client thread/INFO] [CHAT] Вы уклонились на 45%
[15:17:50] [Client thread/INFO] [CHAT] Вы уклонились на 28%
[15:17:51] [Client thread/INFO] [CHAT] Вы уклонились на 37%
[15:17:51] [Client thread/INFO] [CHAT] Вы уклонились на 48%
[15:17:52] [Client thread/INFO] [CHAT] Tveiv получил Бонус урона
[15:17:52] [Client thread/INFO] [CHAT] Tveiv получил Бонус уклонения
[15:17:52] [Client thread/INFO] [CHAT] Tveiv получил Ничего
[15:17:55] [Client thread/INFO] [CHAT] Вы уклонились на 30%
[15:17:57] [Client thread/INFO] [CHAT] [1] V ┃ 6zxclown9 » норм иконочку с дедлока порезали у айтема немногословен
[15:17:58] [Client thread/INFO] [CHAT] Вы уклонились на 41%
[15:18:00] [Client thread/INFO] [CHAT] Вы уклонились на 42%
[15:18:01] [Client thread/INFO] [CHAT] Получено 42 звезд
[15:18:01] [Client thread/INFO] [CHAT] Получено 40 звезд
[15:18:01] [Client thread/INFO] [CHAT] Урон игрока Tveiv: 4952
[15:18:10] [Client thread/INFO] [CHAT] [30] Jr.Dev ┃ ZeksterP » да
[15:18:12] [Client thread/INFO] [CHAT] [20] P ┃ Tveiv » тут и хилбейн тоже подрезали
[15:18:16] [Client thread/INFO] [CHAT] [1] V ┃ 6zxclown9 » реально?
[15:18:23] [Client thread/INFO] [CHAT] Вы уклонились на 42%
[15:18:24] [Client thread/INFO] [CHAT] [1] V ┃ 6zxclown9 » а говорят мертвая игра
[15:18:24] [Client thread/INFO] [CHAT] Вы уклонились на 31%
[15:18:24] [Client thread/INFO] [CHAT] Вы уклонились на 42%
[15:18:25] [Client thread/INFO] [CHAT] Вы уклонились на 37%
[15:18:27] [Client thread/INFO] [CHAT] Вы уклонились на 34%
[15:18:28] [Client thread/INFO] [CHAT] Вы уклонились на 38%
[15:18:28] [Client thread/INFO] [CHAT] Вы уклонились на 41%
[15:18:28] [Client thread/INFO] [CHAT] Вы уклонились на 29%
[15:18:28] [Client thread/INFO] [CHAT] Вы уклонились на 40%
[15:18:29] [Client thread/INFO] [CHAT] Вы уклонились на 25%
[15:18:29] [Client thread/INFO] [CHAT] Вы уклонились на 38%
[15:18:30] [Client thread/INFO] [CHAT] Вы уклонились на 40%
[15:18:32] [Client thread/INFO] [CHAT] Вы уклонились на 31%
[15:18:34] [Client thread/INFO] [CHAT] Tveiv получил Бонус скорости
[15:18:35] [Client thread/INFO] [CHAT] Вы уклонились на 32%
[15:18:36] [Client thread/INFO] [CHAT] Вы уклонились на 38%
[15:18:37] [Client thread/INFO] [CHAT] Получено 43 звезд
[15:18:37] [Client thread/INFO] [CHAT] Получено 40 звезд
[15:18:37] [Client thread/INFO] [CHAT] Урон игрока Tveiv: 8788
[15:18:39] [Client thread/INFO] [CHAT] Tveiv получил Нож на перестрелке
[15:18:42] [Client thread/INFO] [CHAT] [30] I ┃ TheFoolLotm » d
[15:18:43] [Client thread/INFO] [CHAT] [30] leonardo_leo_ » с чего вдруг, тут стабильный онлайн
[15:18:48] [Client thread/INFO] [CHAT] Потеряно 68 звезд
[15:18:48] [Client thread/INFO] [CHAT] Tveiv получил Бонус урона
[15:18:49] [Client thread/INFO] [CHAT] Потеряно 68 звезд
[15:18:49] [Client thread/INFO] [CHAT] Tveiv получил Бонус здоровья
[15:18:50] [Client thread/INFO] [CHAT] [1] V ┃ 6zxclown9 » я про дедлок, не про майн
[15:18:50] [Client thread/INFO] [CHAT] Потеряно 68 звезд
[15:18:50] [Client thread/INFO] [CHAT] Tveiv получил Бонус брони
[15:18:50] [Client thread/INFO] [CHAT] Потеряно 68 звезд
[15:18:50] [Client thread/INFO] [CHAT] Tveiv получил Спокойствие разума
[15:18:53] [Client thread/INFO] [CHAT] Звезды падают с небес!
[15:18:59] [Client thread/INFO] [CHAT] Tveiv получил Бонус здоровья
[15:18:59] [Client thread/INFO] [CHAT] Tveiv получил Бонус уклонения
[15:19:03] [Client thread/INFO] [CHAT] Вы уклонились на 45%
[15:19:03] [Client thread/INFO] [CHAT] [30] Jr.Dev ┃ ZeksterP » дедлок топ
[15:19:05] [Client thread/INFO] [CHAT] Вы уклонились на 25%
[15:19:06] [Client thread/INFO] [CHAT] [14] thedarkhunter » какой ответ в вопросе про звезду и молнию?
[15:19:07] [Client thread/INFO] [CHAT] Вы уклонились на 31%
[15:19:08] [Client thread/INFO] [CHAT] Вы уклонились на 34%
[15:19:09] [Client thread/INFO] [CHAT] [1] V ┃ 6zxclown9 » ну я 3к в дедле наиграл уже
[15:19:11] [Client thread/INFO] [CHAT] Вы уклонились на 41%
[15:19:15] [Client thread/INFO] [CHAT] [1] V ┃ 6zxclown9 » даж больеш со всех акков
[15:19:16] [Client thread/INFO] [CHAT] Вы уклонились на 39%
[15:19:19] [Client thread/INFO] [CHAT] Вы уклонились на 48%
[15:19:21] [Client thread/INFO] [CHAT] Вы уклонились на 32%
[15:19:23] [Client thread/INFO] [CHAT] Вы уклонились на 45%
[15:19:28] [Client thread/INFO] [CHAT] Вы уклонились на 43%
[15:19:29] [Client thread/INFO] [CHAT] Вы уклонились на 41%
[15:19:30] [Client thread/INFO] [CHAT] Отголосок Этоля: Этоль в ярости, его урон увеличен
[15:19:31] [Client thread/INFO] [CHAT] Вы уклонились на 47%
[15:19:39] [Client thread/INFO] [CHAT] [1] V ┃ 6zxclown9 » щас квитнул жду мажорчик
[15:19:42] [Client thread/INFO] [CHAT] Вы уклонились на 50%
[15:19:57] [Client thread/INFO] [CHAT] [30] Jr.Dev ┃ ZeksterP » там добавили пару дней назад новый обжектив
[15:20:00] [Client thread/INFO] [CHAT] [1] V ┃ 6zxclown9 » я вкурсе
[15:20:03] [Client thread/INFO] [CHAT] [1] V ┃ 6zxclown9 » рифт
[15:20:21] [Client thread/INFO] [CHAT] [1] V ┃ 6zxclown9 » там 5 масляных крипов вылезает имбовых
[15:20:48] [Client thread/INFO] [CHAT] [14] thedarkhunter » [Длинный лук похитителя звёзд ♆ +4]
[15:23:18] [Client thread/INFO] [CHAT] [30] I ┃ TheFoolLotm » пинг ***
[15:23:20] [Client thread/INFO] [CHAT] [30] I ┃ TheFoolLotm » бесит
[15:23:26] [Client thread/INFO] [CHAT] [30] I ┃ TheFoolLotm » кстати когда доабвят мусорку
[15:23:35] [Client thread/INFO] [CHAT] [30] leonardo_leo_ » зачем?
[15:23:52] [Client thread/INFO] [CHAT] [30] I ┃ TheFoolLotm » заклинании копии. не продающиеся предметы
[15:23:55] [Client thread/INFO] [CHAT] [30] I ┃ TheFoolLotm » выбросить
[15:24:03] [Client thread/INFO] [CHAT] Получено 46 звезд
[15:24:03] [Client thread/INFO] [CHAT] Урон игрока Tveiv: 1431
[15:24:11] [Client thread/INFO] [CHAT] Tveiv получил Карта выбора
[15:24:24] [Client thread/INFO] [CHAT] [27] Ripperch » [Посох слизня ♆ +4]
[15:24:26] [Client thread/INFO] [CHAT] Получено 45 звезд
[15:24:26] [Client thread/INFO] [CHAT] Урон игрока Tveiv: 3920
[15:24:26] [Client thread/INFO] [CHAT] [27] Ripperch » [Солнечная вспышка ☠ +8]
[15:24:28] [Client thread/INFO] [CHAT] [27] Ripperch » [Разрушитель звёзд ☬ +8]
[15:24:30] [Client thread/INFO] [CHAT] [27] Ripperch » [Звездопад ♨ +8]
[15:24:30] [Client thread/INFO] [CHAT] Tveiv получил Расшифровщик Валотайла
[15:24:41] [Client thread/INFO] [CHAT] [30] I ┃ TheFoolLotm » разрушитель звёзд имба
[15:24:44] [Client thread/INFO] [CHAT] [30] I ┃ TheFoolLotm » остальное такое себе
[15:24:54] [Client thread/INFO] [CHAT] Владелец Колеса Удачных Побед: Подходи, дружище. Новому клиенту мы всегда рады, даже сделаем тебе небольшой подарок. Первая крутка - бесплатно!
[15:24:59] [Client thread/INFO] [CHAT] Tveiv получил Спокойствие разума
[15:25:06] [Client thread/INFO] [CHAT] [14] thedarkhunter » [Нагрудник убийцы из черной дыры ☬ +2]
[15:25:21] [Client thread/INFO] [CHAT] Получено 42 звезд
[15:25:21] [Client thread/INFO] [CHAT] Урон игрока Tveiv: 2321
[15:25:24] [Client thread/INFO] [CHAT] Tveiv получил Собиратель мусора
[15:25:28] [Client thread/INFO] [CHAT] Потеряно 46 звезд
[15:25:28] [Client thread/INFO] [CHAT] Tveiv получил Ничего
[15:25:52] [Client thread/INFO] [CHAT] Получено 40 звезд
[15:25:52] [Client thread/INFO] [CHAT] Урон игрока Tveiv: 4756
[15:25:54] [Client thread/INFO] [CHAT] Tveiv получил Бумажный меч
[15:25:56] [Client thread/INFO] [CHAT] Tveiv получил Проклятие
[15:25:57] [Client thread/INFO] [CHAT] Загадочное зеркало материализовалось в комнате.
[15:25:57] [Client thread/INFO] [CHAT] ЛКМ - Разбить зеркало
[15:25:57] [Client thread/INFO] [CHAT] ПКМ - Заглянуть в зеркало
[15:25:57] [Client thread/FATAL] Error executing task
java.util.concurrent.ExecutionException: java.lang.IllegalArgumentException: URI is not absolute
	at java.base/java.util.concurrent.FutureTask.report(Unknown Source)
	at java.base/java.util.concurrent.FutureTask.get(Unknown Source)
	at #wFFZg.sa(SourceFile:46)
	at #mPGeI.b(SourceFile:52)
	at #QQxhM.sk(SourceFile:1466)
	at #lVFyp.st(SourceFile:1632)
	at #cYnba.sk(SourceFile:487)
	at net.minecraft.client.main.GameMain.a(SourceFile:220)
	at net.minecraft.client.main.GameMain.a(SourceFile:156)
	at #kBJWf.a(Unknown Source)
	at #kBJWf.run(Unknown Source)
	at java.base/java.lang.Thread.run(Unknown Source)
Caused by: java.lang.IllegalArgumentException: URI is not absolute
	at java.base/java.net.URL.of(Unknown Source)
	at #QKiRG.sa(SourceFile:250)
	at #gIFKC.sa(SourceFile:204)
	at !#CoIEI.sa(SourceFile:508)
	at #TBzUk.a(Unknown Source)
	at #TBzUk.run(Unknown Source)
	at java.base/java.util.concurrent.Executors$RunnableAdapter.call(Unknown Source)
	at java.base/java.util.concurrent.FutureTask.run(Unknown Source)
	at #wFFZg.sa(SourceFile:45)
	... 9 more
[15:25:59] [Client thread/INFO] [CHAT] Вы заглядываете в зеркало и видите в нём себя. Внезапно, зеркало исчезает и Ваше отражение бросается в атаку.
[15:26:14] [Client thread/INFO] [CHAT] Tveiv получил Зеркальный
[15:26:23] [Client thread/INFO] [CHAT] На Вас наложено Проклятие Страха, Ваш вампиризм заблокирован
[15:27:09] [Client thread/INFO] [CHAT] Получено 47 звезд
[15:27:09] [Client thread/INFO] [CHAT] Урон игрока Tveiv: 869
[15:27:10] [Client thread/INFO] [CHAT] Tveiv получил Небытие
[15:27:17] [Client thread/INFO] [CHAT] Потеряно 42 звезд
[15:27:17] [Client thread/INFO] [CHAT] Tveiv получил Бонус урона
[15:27:17] [Client thread/INFO] [CHAT] Tveiv получил Бонус уклонения
[15:27:17] [Client thread/INFO] [CHAT] Tveiv получил Ничего
[15:27:19] [Client thread/INFO] [CHAT] Вы уклонились на 27%
[15:27:30] [Client thread/INFO] [CHAT] Получено 44 звезд
[15:27:30] [Client thread/INFO] [CHAT] Урон игрока Tveiv: 1346
[15:27:33] [Client thread/INFO] [CHAT] Tveiv получил Пожиратель энергии
[15:27:38] [Client thread/INFO] [CHAT] Мыслитель Вазор: Он чудовище, потому-что жалоголовый.
[15:27:39] [Client thread/INFO] [CHAT] Мыслитель Теагон: Нет, мой друг, он жалоголовый, потому-что чудовище.
[15:27:42] [Client thread/INFO] [CHAT] Новатор Мысли: Здравствуй, Странник Тьмы, не мог бы ты рассудить, чье высказывание является верным?
[15:27:42] [Client thread/INFO] [CHAT] Мыслитель Вазор: Ну что, друг мой, я оказался прав.
[15:27:42] [Client thread/INFO] [CHAT] Tveiv получил Острый клинок
[15:27:42] [Client thread/INFO] [CHAT] Tveiv получил Кровопролитие
[15:27:54] [Client thread/INFO] [CHAT] Получено 45 звезд
[15:27:54] [Client thread/INFO] [CHAT] Урон игрока Tveiv: 1476
[15:27:56] [Client thread/INFO] [CHAT] Tveiv получил Бонус урона
[15:27:56] [Client thread/INFO] [CHAT] Tveiv получил Бонус уклонения
[15:27:56] [Client thread/INFO] [CHAT] Tveiv получил Ничего
[15:28:00] [Client thread/INFO] [CHAT] Вы уклонились на 32%
[15:28:04] [Client thread/INFO] [CHAT] Вы уклонились на 34%
[15:28:05] [Client thread/INFO] [CHAT] Вы уклонились на 30%
[15:28:06] [Client thread/INFO] [CHAT] Вы уклонились на 42%
[15:28:06] [Client thread/INFO] [CHAT] Вы уклонились на 40%
[15:28:10] [Client thread/INFO] [CHAT] Получено 44 звезд
[15:28:10] [Client thread/INFO] [CHAT] Урон игрока Tveiv: 2476
[15:28:12] [Client thread/INFO] [CHAT] Tveiv получил Бонус урона
[15:28:12] [Client thread/INFO] [CHAT] Tveiv получил Бонус уклонения
[15:28:12] [Client thread/INFO] [CHAT] Tveiv получил Ничего
[15:28:13] [Client thread/INFO] [CHAT] Tveiv получил Долг боли
[15:28:29] [Client thread/INFO] [CHAT] Получено 45 звезд
[15:28:29] [Client thread/INFO] [CHAT] Урон игрока Tveiv: 1136
[15:28:31] [Client thread/INFO] [CHAT] Tveiv получил Дух предстоящей победы
[15:28:37] [Client thread/INFO] [CHAT] Потеряно 52 звезд
[15:28:37] [Client thread/INFO] [CHAT] Tveiv получил Зеркальный
[15:28:43] [Client thread/INFO] [CHAT] Потеряно 52 звезд
[15:28:43] [Client thread/INFO] [CHAT] Tveiv получил Острый клинок
[15:28:50] [Client thread/INFO] [CHAT] Потеряно 52 звезд
[15:28:50] [Client thread/INFO] [CHAT] Tveiv получил Разрез души
[15:29:00] [Client thread/INFO] [CHAT] Вы уклонились на 49%
[15:29:04] [Client thread/INFO] [CHAT] Вы уклонились на 30%
[15:29:09] [Client thread/INFO] [CHAT] Вы уклонились на 41%
[15:29:24] [Client thread/INFO] [CHAT] Вы уклонились на 29%
[15:29:24] [Client thread/INFO] [CHAT] Вы уклонились на 42%
[15:29:26] [Client thread/INFO] [CHAT] Вы уклонились на 45%
[15:29:26] [Client thread/INFO] [CHAT] Вы уклонились на 48%
[15:29:31] [Client thread/INFO] [CHAT] Вы уклонились на 34%
[15:29:42] [Client thread/INFO] [CHAT] Вы уклонились на 50%
[15:30:06] [Client thread/INFO] [CHAT] [30] leonardo_leo_ » [Пробужденный ловец снов +9]
[15:31:36] [Client thread/INFO] [CHAT] [1] MVP ┃ 5SkRaIbL5 » 1
[15:32:04] [Client thread/INFO] [CHAT] Tveiv получил Шипованные ботинки
[15:32:04] [Client thread/INFO] [CHAT] Получено 300 звезд
[15:32:07] [Client thread/INFO] [CHAT] Потеряно 100 звезд
[15:32:07] [Client thread/INFO] [CHAT] Tveiv получил Небытие
[15:32:21] [Client thread/INFO] [CHAT] Получено 10 звезд
[15:32:21] [Client thread/INFO] [CHAT] Вам выпал Изумруд x1
[15:32:28] [Client thread/INFO] [CHAT] Получено 10 звезд
[15:32:39] [Client thread/INFO] [CHAT] Получено 12 звезд
[15:32:41] [Client thread/INFO] [CHAT] Получено 10 звезд
[15:32:41] [Client thread/INFO] [CHAT] Вам выпал Кошмарная чешуя x1
[15:32:46] [Client thread/INFO] [CHAT] Получено 12 звезд
[15:32:46] [Client thread/INFO] [CHAT] Вам выпал Кошмарная чешуя x1
[15:32:58] [Client thread/INFO] [CHAT] Получено 12 звезд
[15:33:01] [Client thread/INFO] [CHAT] Получено 10 звезд
[15:33:11] [Client thread/INFO] [CHAT] Получено 12 звезд
[15:33:11] [Client thread/INFO] [CHAT] Вам выпал Благословенная бронзовая звезда зачарования x1
[15:33:13] [Client thread/INFO] [CHAT] Получено 12 звезд
[15:33:21] [Client thread/INFO] [CHAT] Tveiv погиб! Осталось 2 возрождения
[15:33:27] [Client thread/INFO] [CHAT] Получено 12 звезд
[15:33:40] [Client thread/INFO] [CHAT] Получено 12 звезд
[15:33:40] [Client thread/INFO] [CHAT] Вам выпал Кошмарная чешуя x1
[15:33:40] [Client thread/INFO] [CHAT] Вам выпал Кошмарная чешуя x1
[15:33:44] [Client thread/INFO] [CHAT] Получено 12 звезд
[15:33:44] [Client thread/INFO] [CHAT] Получено 18 звезд
[15:33:52] [Client thread/INFO] [CHAT] Tveiv получил Висп в бутылке
[15:33:54] [Client thread/INFO] [CHAT] Tveiv получил Спарагмос
[15:34:23] [Client thread/INFO] [CHAT] Получено 10 звезд
[15:34:23] [Client thread/INFO] [CHAT] Вам выпал Кошмарная чешуя x1
[15:34:30] [Client thread/INFO] [CHAT] Получено 10 звезд
[15:34:30] [Client thread/INFO] [CHAT] Вам выпал Бронзовая звезда зачарования x1
[15:34:37] [Client thread/INFO] [CHAT] Получено 10 звезд
[15:34:41] [Client thread/INFO] [CHAT] Получено 10 звезд
[15:34:50] [Client thread/INFO] [CHAT] Получено 10 звезд
[15:34:50] [Client thread/INFO] [CHAT] Вам выпал Изумруд x1
[15:35:03] [Client thread/INFO] [CHAT] Получено 12 звезд
[15:35:03] [Client thread/INFO] [CHAT] Вам выпал Кошмарная чешуя x1
[15:38:27] [Client thread/INFO] [CHAT] Tveiv погиб! Осталось 1 возрождение
[15:38:57] [Client thread/INFO] [CHAT] Получено 10 звезд
[15:38:59] [Client thread/INFO] [CHAT] Tveiv получил Гений звёзд
[15:39:00] [Client thread/INFO] [CHAT] Tveiv получил Проклятие
[15:39:09] [Client thread/INFO] [CHAT] Потеряно 40 звезд
[15:39:09] [Client thread/INFO] [CHAT] Tveiv получил Бонус урона
[15:39:09] [Client thread/INFO] [CHAT] Tveiv получил Бонус уклонения
[15:39:09] [Client thread/INFO] [CHAT] Tveiv получил Ничего
[15:39:23] [Client thread/INFO] [CHAT] Получено 10 звезд
[15:39:23] [Client thread/INFO] [CHAT] Вам выпал Изумруд x1
[15:39:23] [Client thread/INFO] [CHAT] Вам выпал Кошмарная чешуя x1
[15:39:24] [Client thread/INFO] [CHAT] Вы уклонились на 41%
[15:39:26] [Client thread/INFO] [CHAT] Вы уклонились на 41%
[15:39:28] [Client thread/INFO] [CHAT] Получено 10 звезд
[15:39:28] [Client thread/INFO] [CHAT] Вам выпал Изумруд x1
[15:39:28] [Client thread/INFO] [CHAT] Вам выпал Кошмарная чешуя x1
[15:39:29] [Client thread/INFO] [CHAT] Получено 10 звезд
[15:39:29] [Client thread/INFO] [CHAT] Получено 8 звезд
[15:39:33] [Client thread/INFO] [CHAT] Tveiv получил Бумажный меч
[15:39:34] [Client thread/INFO] [CHAT] Tveiv получил Приманка
[15:39:38] [Client thread/INFO] [CHAT] Потеряно 40 звезд
[15:39:38] [Client thread/INFO] [CHAT] Tveiv получил Бонус урона
[15:39:38] [Client thread/INFO] [CHAT] Tveiv получил Бонус уклонения
[15:39:38] [Client thread/INFO] [CHAT] Tveiv получил Ничего
[15:39:39] [Client thread/INFO] [CHAT] Потеряно 300 звезд
[15:39:39] [Client thread/INFO] [CHAT] Tveiv получил Раб души
[15:39:55] [Client thread/INFO] [CHAT] Получено 10 звезд
[15:39:57] [Client thread/INFO] [CHAT] Вы уклонились на 26%
[15:39:57] [Client thread/INFO] [CHAT] Получено 10 звезд
[15:39:57] [Client thread/INFO] [CHAT] Вам выпал Кошмарная чешуя x1
[15:40:04] [Client thread/INFO] [CHAT] Вы уклонились на 49%
[15:40:04] [Client thread/INFO] [CHAT] Получено 10 звезд
[15:40:12] [Client thread/INFO] [CHAT] [8] pashalka76 » кто в пати
[15:40:15] [Client thread/INFO] [CHAT] Вы уклонились на 40%
[15:40:15] [Client thread/INFO] [CHAT] Получено 10 звезд
[15:40:15] [Client thread/INFO] [CHAT] Получено 10 звезд
[15:40:20] [Client thread/INFO] [CHAT] Получено 10 звезд
[15:40:20] [Client thread/INFO] [CHAT] Вам выпал Кошмарная чешуя x1
[15:40:23] [Client thread/INFO] [CHAT] Вы уклонились на 45%
[15:40:27] [Client thread/INFO] [CHAT] Получено 10 звезд
[15:40:28] [Client thread/INFO] [CHAT] Получено 10 звезд
[15:40:28] [Client thread/INFO] [CHAT] Вам выпал Кошмарная чешуя x1
[15:40:28] [Client thread/INFO] [CHAT] Получено 14 звезд
[15:40:32] [Client thread/INFO] [CHAT] Tveiv получил Бонус скорости
[15:40:35] [Client thread/INFO] [CHAT] Tveiv получил Паранойя Победителя
[15:40:40] [Client thread/INFO] [CHAT] Потеряно 40 звезд
[15:40:40] [Client thread/INFO] [CHAT] Tveiv получил Бонус урона
[15:40:40] [Client thread/INFO] [CHAT] Tveiv получил Бонус уклонения
[15:40:40] [Client thread/INFO] [CHAT] Tveiv получил Ничего
[15:41:36] [Client thread/INFO] [CHAT] Вы уклонились на 44%
[15:41:36] [Client thread/INFO] [CHAT] Вы уклонились на 33%
[15:41:36] [Client thread/INFO] [CHAT] Вы уклонились на 33%
[15:41:36] [Client thread/INFO] [CHAT] Получено 10 звезд
[15:41:36] [Client thread/INFO] [CHAT] Вы уклонились на 46%
[15:41:36] [Client thread/INFO] [CHAT] Получено 10 звезд
[15:41:36] [Client thread/INFO] [CHAT] Вам выпал Изумруд x1
[15:41:36] [Client thread/INFO] [CHAT] Вам выпал Кошмарная чешуя x1
[15:41:36] [Client thread/INFO] [CHAT] Получено 10 звезд
[15:41:37] [Client thread/INFO] [CHAT] Получено 10 звезд
[15:41:37] [Client thread/INFO] [CHAT] Вам выпал Благословенная бронзовая звезда зачарования x1
[15:41:37] [Client thread/INFO] [CHAT] Получено 10 звезд
[15:41:37] [Client thread/INFO] [CHAT] Получено 10 звезд
[15:41:37] [Client thread/INFO] [CHAT] Вам выпал Изумруд x1
[15:41:37] [Client thread/INFO] [CHAT] Получено 10 звезд
[15:41:37] [Client thread/INFO] [CHAT] Вам выпал Изумруд x1
[15:41:37] [Client thread/INFO] [CHAT] Получено 10 звезд
[15:41:37] [Client thread/INFO] [CHAT] Получено 10 звезд
[15:41:37] [Client thread/INFO] [CHAT] Вам выпал Кошмарная чешуя x1
[15:41:38] [Client thread/INFO] [CHAT] Получено 10 звезд
[15:41:38] [Client thread/INFO] [CHAT] Вам выпал Изумруд x1
[15:41:38] [Client thread/INFO] [CHAT] Вам выпал Бронзовая звезда зачарования x1
[15:41:38] [Client thread/INFO] [CHAT] Получено 10 звезд
[15:41:38] [Client thread/INFO] [CHAT] Вам выпал Кошмарная чешуя x1
[15:41:39] [Client thread/INFO] [CHAT] Получено 10 звезд
[15:41:39] [Client thread/INFO] [CHAT] Вам выпал Кошмарная чешуя x1
[15:41:40] [Client thread/INFO] [CHAT] Вы уклонились на 36%
[15:41:40] [Client thread/INFO] [CHAT] Вы уклонились на 40%
[15:41:41] [Client thread/INFO] [CHAT] Вы уклонились на 50%
[15:41:42] [Client thread/INFO] [CHAT] Вы уклонились на 29%
[15:41:43] [Client thread/INFO] [CHAT] Получено 10 звезд
[15:41:43] [Client thread/INFO] [CHAT] Вам выпал Кошмарная чешуя x1
[15:41:45] [Client thread/INFO] [CHAT] Получено 10 звезд
[15:41:45] [Client thread/INFO] [CHAT] Вам выпал Осколок фантазии Этоля x1
[15:41:45] [Client thread/INFO] [CHAT] Получено 8 звезд
[15:41:49] [Client thread/INFO] [CHAT] Tveiv получил Свинцовый слоник
[15:41:51] [Client thread/INFO] [CHAT] Tveiv получил Нож на перестрелке
[15:42:14] [Client thread/INFO] [CHAT] Получено 10 звезд
[15:42:15] [Client thread/INFO] [CHAT] Вы уклонились на 48%
[15:42:15] [Client thread/INFO] [CHAT] Получено 10 звезд
[15:42:16] [Client thread/INFO] [CHAT] Вы уклонились на 36%
[15:42:22] [Client thread/INFO] [CHAT] Получено 10 звезд
[15:42:26] [Client thread/INFO] [CHAT] Получено 12 звезд
[15:42:26] [Client thread/INFO] [CHAT] Вам выпал Бронзовая звезда зачарования x1
[15:42:27] [Client thread/INFO] [CHAT] Вы уклонились на 47%
[15:42:34] [Client thread/INFO] [CHAT] Вы уклонились на 49%
[15:42:38] [Client thread/INFO] [CHAT] Tveiv погиб! Осталось 0 возрождений
[15:43:26] [Client thread/INFO] [CHAT] Получено 14 звезд
[15:44:06] [Client thread/INFO] [CHAT] Получено 14 звезд
[15:44:10] [Client thread/INFO] [CHAT] Tveiv получил Кровопролитие
[15:44:15] [Client thread/INFO] [CHAT] Tveiv получил Бонус уровня
[15:44:23] [Client thread/INFO] [CHAT] Потеряно 40 звезд
[15:44:23] [Client thread/INFO] [CHAT] Tveiv получил Бонус урона
[15:44:23] [Client thread/INFO] [CHAT] Tveiv получил Бонус уклонения
[15:44:23] [Client thread/INFO] [CHAT] Tveiv получил Ничего
[15:44:52] [Client thread/INFO] [CHAT] Вы уклонились на 31%
[15:44:53] [Client thread/INFO] [CHAT] Вы уклонились на 27%
[15:44:53] [Client thread/INFO] [CHAT] Вы уклонились на 41%
[15:44:55] [Client thread/INFO] [CHAT] Вы уклонились на 33%
[15:44:55] [Client thread/INFO] [CHAT] Вы уклонились на 33%
[15:44:57] [Client thread/INFO] [CHAT] Вы уклонились на 29%
[15:45:02] [Client thread/INFO] [CHAT] Вы уклонились на 32%
[15:45:02] [Client thread/INFO] [CHAT] Вы уклонились на 47%
[15:45:02] [Client thread/INFO] [CHAT] Вы уклонились на 30%
[15:45:02] [Client thread/INFO] [CHAT] Получено 8 звезд
[15:45:06] [Client thread/INFO] [CHAT] Tveiv получил Карта выбора
[15:45:07] [Client thread/INFO] [CHAT] Tveiv получил Долг боли
[15:45:13] [Client thread/INFO] [CHAT] Потеряно 40 звезд
[15:45:13] [Client thread/INFO] [CHAT] Tveiv получил Бонус урона
[15:45:13] [Client thread/INFO] [CHAT] Tveiv получил Бонус уклонения
[15:45:13] [Client thread/INFO] [CHAT] Tveiv получил Ничего
[15:45:18] [Client thread/INFO] [CHAT] Вы уклонились на 26%
[15:45:23] [Client thread/INFO] [CHAT] Вы уклонились на 39%
[15:45:26] [Client thread/INFO] [CHAT] Вы уклонились на 28%
[15:45:29] [Client thread/INFO] [CHAT] Вы уклонились на 36%
[15:45:31] [Client thread/INFO] [CHAT] Вы уклонились на 26%
[15:45:42] [Client thread/INFO] [CHAT] Вы уклонились на 33%
[15:45:45] [Client thread/INFO] [CHAT] Получено 30 звезд
[15:45:45] [Client thread/INFO] [CHAT] Вам выпал Изумруд x5
[15:45:45] [Client thread/INFO] [CHAT] Вам выпал Бронзовая звезда зачарования x2
[15:45:45] [Client thread/INFO] [CHAT] Вам выпал Благословенная бронзовая звезда зачарования x1
[15:45:45] [Client thread/INFO] [CHAT] Вам выпал Кошмарная чешуя x1
[15:45:45] [Client thread/INFO] [CHAT] Проход к боссу открыт!
[15:46:14] [Client thread/INFO] [CHAT] Вы уклонились на 34%
[15:46:16] [Client thread/INFO] [CHAT] Вы уклонились на 25%
[15:46:17] [Client thread/INFO] [CHAT] Вы уклонились на 26%
[15:46:22] [Client thread/INFO] [CHAT] Вы уклонились на 28%
[15:46:24] [Client thread/INFO] [CHAT] Вы уклонились на 37%
[15:46:27] [Client thread/INFO] [CHAT] Вы уклонились на 40%
[15:46:28] [Client thread/INFO] [CHAT] Вы уклонились на 38%
[15:46:30] [Client thread/INFO] [CHAT] Вы уклонились на 40%
[15:46:32] [Client thread/INFO] [CHAT] Вы уклонились на 44%
[15:46:33] [Client thread/INFO] [CHAT] Вы уклонились на 47%
[15:46:34] [Client thread/INFO] [CHAT] Вы уклонились на 36%
[15:46:58] [Client thread/INFO] [CHAT] Вы уклонились на 26%
[15:47:04] [Client thread/INFO] [CHAT] Вы уклонились на 47%
[15:47:07] [Client thread/INFO] [CHAT] Вы уклонились на 28%
[15:47:09] [Client thread/INFO] [CHAT] Вы уклонились на 30%
[15:47:09] [Client thread/INFO] [CHAT] Вы уклонились на 38%
[15:47:26] [Client thread/INFO] [CHAT] Вы уклонились на 49%
[15:47:26] [Client thread/INFO] [CHAT] Вы уклонились на 30%
[15:47:27] [Client thread/INFO] [CHAT] Вы уклонились на 42%
[15:47:27] [Client thread/INFO] [CHAT] Вы уклонились на 30%
[15:47:28] [Client thread/INFO] [CHAT] Вы уклонились на 40%
[15:47:29] [Client thread/INFO] [CHAT] Вы уклонились на 35%
[15:47:31] [Client thread/INFO] [CHAT] Вы уклонились на 44%
[15:47:32] [Client thread/INFO] [CHAT] Вы уклонились на 42%
[15:47:33] [Client thread/INFO] [CHAT] Вы уклонились на 47%
[15:47:34] [Client thread/INFO] [CHAT] Вы уклонились на 37%
[15:47:36] [Client thread/INFO] [CHAT] Вы уклонились на 34%
[15:47:38] [Client thread/INFO] [CHAT] Вы уклонились на 29%
[15:47:39] [Client thread/INFO] [CHAT] Вы уклонились на 33%
[15:47:41] [Client thread/INFO] [CHAT] Вы уклонились на 34%
[15:47:44] [Client thread/INFO] [CHAT] Вы уклонились на 34%
[15:47:46] [Client thread/INFO] [CHAT] Вы уклонились на 34%
[15:47:46] [Client thread/INFO] [CHAT] Вам выпал Изумруд x26
[15:47:46] [Client thread/INFO] [CHAT] Вам выпал Бронзовая звезда зачарования x2
[15:47:46] [Client thread/INFO] [CHAT] Вам выпал Благословенная бронзовая звезда зачарования x1
[15:47:46] [Client thread/INFO] [CHAT] Вам выпал Кошмарная чешуя x5
[15:48:57] [Client thread/INFO] [CHAT] Tveiv получил Иллюзия рая
[15:48:57] [Client thread/INFO] [CHAT] Tveiv получил Похитители звезд
[15:48:57] [Client thread/INFO] [CHAT] Получено 195 звезд
[15:49:08] [Client thread/INFO] [CHAT] Потеряно 100 звезд
[15:49:08] [Client thread/INFO] [CHAT] Tveiv получил Бонус уклонения
[15:49:24] [Client thread/INFO] [CHAT] Получено 6 звезд
[15:49:36] [Client thread/INFO] [CHAT] Вы уклонились на 30%
[15:49:39] [Client thread/INFO] [CHAT] Получено 7 звезд
[15:50:06] [Client thread/INFO] [CHAT] Вы уклонились на 40%
[15:50:10] [Client thread/INFO] [CHAT] Получено 6 звезд
[15:50:21] [Client thread/INFO] [CHAT] Вы уклонились на 44%
[15:50:24] [Client thread/INFO] [CHAT] Получено 6 звезд
[15:50:24] [Client thread/INFO] [CHAT] Вам выпал Кошмарная чешуя x1
[15:50:28] [Client thread/INFO] [CHAT] Получено 6 звезд
[15:50:36] [Client thread/INFO] [CHAT] Получено 6 звезд
[15:50:36] [Client thread/INFO] [CHAT] Вам выпал Изумруд x1
[15:50:38] [Client thread/INFO] [CHAT] Получено 6 звезд
[15:50:38] [Client thread/INFO] [CHAT] Вам выпал Кошмарная чешуя x1
[15:50:51] [Client thread/INFO] [CHAT] Вы уклонились на 29%
[15:50:52] [Client thread/INFO] [CHAT] Получено 7 звезд
[15:50:52] [Client thread/INFO] [CHAT] Вам выпал Кошмарная чешуя x1
[15:51:00] [Client thread/INFO] [CHAT] Получено 6 звезд
[15:51:03] [Client thread/INFO] [CHAT] Получено 7 звезд
[15:51:03] [Client thread/INFO] [CHAT] Вам выпал Изумруд x1
[15:51:16] [Client thread/INFO] [CHAT] Получено 6 звезд
[15:51:31] [Client thread/INFO] [CHAT] Получено 7 звезд
[15:51:41] [Client thread/INFO] [CHAT] Получено 7 звезд
[15:51:41] [Client thread/INFO] [CHAT] Вам выпал Изумруд x1
[15:51:41] [Client thread/INFO] [CHAT] Вам выпал Кошмарная чешуя x1
[15:51:45] [Client thread/INFO] [CHAT] Вы уклонились на 37%
[15:51:49] [Client thread/INFO] [CHAT] Получено 6 звезд
[15:51:49] [Client thread/INFO] [CHAT] Вам выпал Кошмарная чешуя x1
[15:51:56] [Client thread/INFO] [CHAT] Получено 6 звезд
[15:52:04] [Client thread/INFO] [CHAT] Получено 6 звезд
[15:52:04] [Client thread/INFO] [CHAT] Вам выпал Бронзовая звезда зачарования x1
[15:52:04] [Client thread/INFO] [CHAT] Вам выпал Кошмарная чешуя x1
[15:52:10] [Client thread/INFO] [CHAT] Получено 6 звезд
[15:52:10] [Client thread/INFO] [CHAT] Вам выпал Кошмарная чешуя x1
[15:52:18] [Client thread/INFO] [CHAT] Вы уклонились на 27%
[15:52:19] [Client thread/INFO] [CHAT] Вы уклонились на 31%
[15:52:22] [Client thread/INFO] [CHAT] Получено 6 звезд
[15:52:23] [Client thread/INFO] [CHAT] Получено 9 звезд
[15:52:23] [Client thread/INFO] [CHAT] Вам выпал Кошмарная чешуя x1
[15:52:24] [Client thread/INFO] [CHAT] Получено 6 звезд
[15:52:24] [Client thread/INFO] [CHAT] Вам выпал Кошмарная чешуя x1
[15:52:30] [Client thread/INFO] [CHAT] Получено 7 звезд
[15:52:30] [Client thread/INFO] [CHAT] Получено 9 звезд
[15:52:32] [Client thread/INFO] [CHAT] Tveiv получил Гений звёзд
[15:52:33] [Client thread/INFO] [CHAT] Tveiv получил Бонус уровня
[15:52:38] [Client thread/INFO] [CHAT] Потеряно 40 звезд
[15:52:38] [Client thread/INFO] [CHAT] Tveiv получил Ничего
[15:52:50] [Client thread/INFO] [CHAT] Получено 6 звезд
[15:52:50] [Client thread/INFO] [CHAT] Вам выпал Изумруд x1
[15:52:53] [Client thread/INFO] [CHAT] Получено 6 звезд
[15:52:54] [Client thread/INFO] [CHAT] Получено 6 звезд
[15:52:54] [Client thread/INFO] [CHAT] Вам выпал Кошмарная чешуя x1
[15:52:54] [Client thread/INFO] [CHAT] Получено 5 звезд
[15:52:57] [Client thread/INFO] [CHAT] Tveiv получил Спокойствие разума
[15:52:59] [Client thread/INFO] [CHAT] Tveiv получил Паранойя Победителя
[15:53:01] [Client thread/INFO] [CHAT] Потеряно 40 звезд
[15:53:01] [Client thread/INFO] [CHAT] Tveiv получил Ничего
[15:53:19] [Client thread/INFO] [CHAT] Вы уклонились на 48%
[15:53:20] [Client thread/INFO] [CHAT] Получено 6 звезд
[15:53:20] [Client thread/INFO] [CHAT] Вам выпал Изумруд x1
[15:53:20] [Client thread/INFO] [CHAT] Вам выпал Кошмарная чешуя x1
[15:53:20] [Client thread/INFO] [CHAT] Получено 6 звезд
[15:53:21] [Client thread/INFO] [CHAT] Вы уклонились на 26%
[15:53:21] [Client thread/INFO] [CHAT] Получено 6 звезд
[15:53:21] [Client thread/INFO] [CHAT] Вам выпал Кошмарная чешуя x1
[15:53:21] [Client thread/INFO] [CHAT] Вам выпал Осколок фантазии Этоля x1
[15:53:21] [Client thread/INFO] [CHAT] Получено 6 звезд
[15:53:21] [Client thread/INFO] [CHAT] Получено 6 звезд
[15:53:21] [Client thread/INFO] [CHAT] Вам выпал Кошмарная чешуя x1
[15:53:22] [Client thread/INFO] [CHAT] Получено 6 звезд
[15:53:22] [Client thread/INFO] [CHAT] Вам выпал Кошмарная чешуя x1
[15:53:23] [Client thread/INFO] [CHAT] Вы уклонились на 37%
[15:53:23] [Client thread/INFO] [CHAT] Получено 6 звезд
[15:53:25] [Client thread/INFO] [CHAT] Получено 10 звезд
[15:53:25] [Client thread/INFO] [CHAT] Tveiv погиб! Осталось 2 возрождения
[15:54:00] [Client thread/INFO] [CHAT] Получено 9 звезд
[15:54:00] [Client thread/INFO] [CHAT] Получено 11 звезд
[15:54:02] [Client thread/INFO] [CHAT] Tveiv получил Бонус урона x2
[15:54:02] [Client thread/INFO] [CHAT] Tveiv получил Бонус уклонения x2
[15:54:02] [Client thread/INFO] [CHAT] Tveiv получил Небытие
[15:54:04] [Client thread/INFO] [CHAT] Tveiv получил Спарагмос
[15:54:06] [Client thread/INFO] [CHAT] Потеряно 40 звезд
[15:54:06] [Client thread/INFO] [CHAT] Tveiv получил Бонус урона
[15:54:06] [Client thread/INFO] [CHAT] Tveiv получил Бонус уклонения
[15:54:06] [Client thread/INFO] [CHAT] Tveiv получил Ничего
[15:54:33] [Client thread/INFO] [CHAT] Вы уклонились на 36%
[15:54:34] [Client thread/INFO] [CHAT] Получено 6 звезд
[15:54:34] [Client thread/INFO] [CHAT] Вам выпал Бронзовая звезда зачарования x1
[15:54:41] [Client thread/INFO] [CHAT] Вы уклонились на 39%
[15:54:43] [Client thread/INFO] [CHAT] Вы уклонились на 35%
[15:54:44] [Client thread/INFO] [CHAT] Вы уклонились на 35%
[15:54:44] [Client thread/INFO] [CHAT] Вы уклонились на 27%
[15:54:45] [Client thread/INFO] [CHAT] Получено 9 звезд
[15:54:45] [Client thread/INFO] [CHAT] Получено 6 звезд
[15:54:45] [Client thread/INFO] [CHAT] Вам выпал Изумруд x1
[15:54:45] [Client thread/INFO] [CHAT] Вам выпал Изумруд x1
[15:54:58] [Client thread/INFO] [CHAT] Получено 7 звезд
[15:55:00] [Client thread/INFO] [CHAT] Tveiv получил Кровопролитие
[15:55:02] [Client thread/INFO] [CHAT] Tveiv получил Нож на перестрелке
[15:55:09] [Client thread/INFO] [CHAT] Потеряно 40 звезд
[15:55:09] [Client thread/INFO] [CHAT] Tveiv получил Бонус урона
[15:55:09] [Client thread/INFO] [CHAT] Tveiv получил Бонус уклонения
[15:55:09] [Client thread/INFO] [CHAT] Tveiv получил Ничего
[15:55:39] [Client thread/INFO] [CHAT] Вы уклонились на 41%
[15:55:55] [Client thread/INFO] [CHAT] Вы уклонились на 27%
[15:55:58] [Client thread/INFO] [CHAT] Получено 11 звезд
[15:56:00] [Client thread/INFO] [CHAT] Tveiv получил Свинцовый слоник
[15:56:02] [Client thread/INFO] [CHAT] Tveiv получил Проклятие
[15:56:09] [Client thread/INFO] [CHAT] Потеряно 40 звезд
[15:56:09] [Client thread/INFO] [CHAT] Tveiv получил Бонус урона
[15:56:09] [Client thread/INFO] [CHAT] Tveiv получил Бонус уклонения
[15:56:09] [Client thread/INFO] [CHAT] Tveiv получил Ничего
[15:56:19] [Client thread/INFO] [CHAT] Вы уклонились на 32%
[15:56:20] [Client thread/INFO] [CHAT] Получено 7 звезд
[15:56:23] [Client thread/INFO] [CHAT] Вы уклонились на 45%
[15:56:23] [Client thread/INFO] [CHAT] Получено 6 звезд
[15:56:23] [Client thread/INFO] [CHAT] Вы уклонились на 26%
[15:56:24] [Client thread/INFO] [CHAT] Получено 6 звезд
[15:56:24] [Client thread/INFO] [CHAT] Вам выпал Изумруд x1
[15:56:24] [Client thread/INFO] [CHAT] Получено 6 звезд
[15:56:26] [Client thread/INFO] [CHAT] Tveiv получил Бумажный меч
[15:56:28] [Client thread/INFO] [CHAT] Tveiv получил Долг боли
[15:56:48] [Client thread/INFO] [CHAT] Вы уклонились на 37%
[15:56:48] [Client thread/INFO] [CHAT] Вы уклонились на 44%
[15:56:49] [Client thread/INFO] [CHAT] Вы уклонились на 39%
[15:56:50] [Client thread/INFO] [CHAT] Вы уклонились на 41%
[15:56:59] [Client thread/INFO] [CHAT] Получено 9 звезд
[15:57:01] [Client thread/INFO] [CHAT] Tveiv получил Мое последнее перерождение в мире звезд, подаренное Исцелением
[15:57:02] [Client thread/INFO] [CHAT] Tveiv получил Приманка
[15:57:06] [Client thread/INFO] [CHAT] Потеряно 40 звезд
[15:57:06] [Client thread/INFO] [CHAT] Tveiv получил Бонус урона
[15:57:06] [Client thread/INFO] [CHAT] Tveiv получил Бонус уклонения
[15:57:06] [Client thread/INFO] [CHAT] Tveiv получил Ничего
[15:57:10] [Client thread/INFO] [CHAT] Вы уклонились на 46%
[15:57:15] [Client thread/INFO] [CHAT] Вы уклонились на 38%
[15:57:19] [Client thread/INFO] [CHAT] Вы уклонились на 44%
[15:57:25] [Client thread/INFO] [CHAT] Получено 19 звезд
[15:57:25] [Client thread/INFO] [CHAT] Вам выпал Изумруд x7
[15:57:25] [Client thread/INFO] [CHAT] Вам выпал Бронзовая звезда зачарования x2
[15:57:25] [Client thread/INFO] [CHAT] Вам выпал Благословенная бронзовая звезда зачарования x1
[15:57:25] [Client thread/INFO] [CHAT] Вам выпал Кошмарная чешуя x1
[15:57:25] [Client thread/INFO] [CHAT] Проход к боссу открыт!
[15:57:50] [Client thread/INFO] [CHAT] Вы уклонились на 45%
[15:57:53] [Client thread/INFO] [CHAT] Вы уклонились на 28%
[15:57:54] [Client thread/INFO] [CHAT] Вы уклонились на 32%
[15:57:57] [Client thread/INFO] [CHAT] Вы уклонились на 46%
[15:57:58] [Client thread/INFO] [CHAT] [30] V ┃ maxlines5000 » кому-то нужна помощь 20+ лвл?
[15:57:59] [Client thread/INFO] [CHAT] Вы уклонились на 37%
[15:58:00] [Client thread/INFO] [CHAT] Вы уклонились на 40%
[15:58:02] [Client thread/INFO] [CHAT] Вы уклонились на 39%
[15:58:04] [Client thread/INFO] [CHAT] Вы уклонились на 45%
[15:58:18] [Client thread/INFO] [CHAT] Вы уклонились на 29%
[15:58:29] [Client thread/INFO] [CHAT] Вы уклонились на 44%
[15:58:30] [Client thread/INFO] [CHAT] Вы уклонились на 47%
[15:58:33] [Client thread/INFO] [CHAT] Вы уклонились на 34%
[15:58:33] [Client thread/INFO] [CHAT] Вы уклонились на 41%
[15:58:34] [Client thread/INFO] [CHAT] Вы уклонились на 37%
[15:58:35] [Client thread/INFO] [CHAT] Вы уклонились на 38%
[15:58:35] [Client thread/INFO] [CHAT] Вы уклонились на 33%
[15:58:36] [Client thread/INFO] [CHAT] Вы уклонились на 45%
[15:58:38] [Client thread/INFO] [CHAT] Вы уклонились на 36%
[15:58:38] [Client thread/INFO] [CHAT] Вы уклонились на 32%
[15:58:39] [Client thread/INFO] [CHAT] Вы уклонились на 49%
[15:58:39] [Client thread/INFO] [CHAT] Вы уклонились на 43%
[15:58:40] [Client thread/INFO] [CHAT] Вы уклонились на 50%
[15:58:40] [Client thread/INFO] [CHAT] Вы уклонились на 34%
[15:58:40] [Client thread/INFO] [CHAT] Вы уклонились на 34%
[15:58:41] [Client thread/INFO] [CHAT] Вы уклонились на 44%
[15:58:41] [Client thread/INFO] [CHAT] Вы уклонились на 28%
[15:58:43] [Client thread/INFO] [CHAT] Вы уклонились на 27%
[15:58:44] [Client thread/INFO] [CHAT] Вы уклонились на 45%
[15:58:44] [Client thread/INFO] [CHAT] Вы уклонились на 48%
[15:58:45] [Client thread/INFO] [CHAT] [10] tum421 » а пройти с 5 проклятиями это нужно именно выбрать проклятие или любые пять?
[15:58:46] [Client thread/INFO] [CHAT] Вы уклонились на 44%
[15:58:46] [Client thread/INFO] [CHAT] Вы уклонились на 34%
[15:58:47] [Client thread/INFO] [CHAT] Вы уклонились на 35%
[15:58:48] [Client thread/INFO] [CHAT] Вы уклонились на 45%
[15:58:50] [Client thread/INFO] [CHAT] Вы уклонились на 49%
[15:58:53] [Client thread/INFO] [CHAT] Вам выпал Изумруд x10
[15:58:53] [Client thread/INFO] [CHAT] Вам выпал Бронзовая звезда зачарования x3
[15:58:53] [Client thread/INFO] [CHAT] Вам выпал Благословенная бронзовая звезда зачарования x2
[15:58:53] [Client thread/INFO] [CHAT] Вам выпал Кошмарная чешуя x5
[16:00:18] [Client thread/INFO] [CHAT] [2] MVP ┃ Godzilka » ребята а как человека в лобби позвать чтобы с ним проходить?
[16:00:22] [Client thread/INFO] [CHAT] [10] tum421 » а пройти с 5 проклятиями это нужно именно выбрать проклятие или любые пять?
[16:00:31] [Client thread/INFO] [CHAT] [3] V ┃ Beshka_TM » p w
[16:00:32] [Client thread/INFO] [CHAT] [30] Jr.Dev ┃ ZeksterP » зайдите в пати и /p warp
[16:00:34] [Client thread/INFO] [CHAT] [21] Anomaly2367 » В пати добавляешь
[16:00:34] [Client thread/INFO] [CHAT] [7] burrmaldaa » пати создать
[16:00:50] [Client thread/INFO] [CHAT] [2] Alex_Gilbert00 » !кто может помочь я 2 лвлл
[16:00:57] [Client thread/INFO] [CHAT] [6] P+ ┃ vanaghlox » !я могу
[16:01:03] [Client thread/INFO] [CHAT] [14] kirieshka11 » кто поможет пройти сингуляярность?
[16:01:10] [Client thread/INFO] [CHAT] [2] Alex_Gilbert00 » !добавиш в пати?
[16:01:58] [Client thread/INFO] [CHAT] [8] pashalka76 » добавте в пати пж
[16:02:15] [Client thread/INFO] [CHAT] [30] V+ ┃ CherryBomBom » Кто в 25 лвл
[16:02:15] [Client thread/INFO] [CHAT] [25] V ┃ neBezobraznik » [Карта созвездий]
[16:02:35] [Client thread/INFO] [CHAT] [30] V+ ┃ CherryBomBom » Кто в 25 лвл
[16:02:35] [Client thread/INFO] [CHAT] [30] V+ ┃ CherryBomBom » Кто в 25 лвл
[16:02:35] [Client thread/INFO] [CHAT] [30] V+ ┃ CherryBomBom » Кто в 25 лвл
[16:03:25] [Client thread/INFO] [CHAT] [2] Alex_Gilbert00 » !не могу пока
[16:03:31] [Client thread/INFO] [CHAT] [2] Alex_Gilbert00 » Сори
[16:09:34] [Client thread/INFO] [CHAT] [7] P+ ┃ vanaghlox » а как звезды апргейда использовать?
[16:12:19] [Client thread/INFO] [CHAT] [19] D ┃ Cram4ik » А где лег кошмарная чешуя
[16:13:43] [Client thread/INFO] [CHAT] [25] V ┃ neBezobraznik » [Раздражающий клинок Расимы ♨]
[16:13:55] [Client thread/INFO] [CHAT] [30] V ┃ maxlines5000 » [Раздражающий клинок Расимы ♆ +5]
[16:14:01] [Client thread/INFO] [CHAT] [30] V+ ┃ CherryBomBom » Кто в 25 лвл
[16:14:21] [Client thread/INFO] [CHAT] [30] V+ ┃ CherryBomBom » Кто в 25 лвл all
[16:14:57] [Client thread/INFO] [CHAT] [25] V ┃ neBezobraznik » [Раздражающий клинок Расимы ♆]
[16:14:58] [Client thread/INFO] [CHAT] [30] V+ ┃ CherryBomBom » Кто в 25 лвл all
[16:15:28] [Client thread/INFO] [CHAT] [30] V+ ┃ CherryBomBom » Кто в 25 лвл all усложнение на 27 лвл
[16:15:36] [Client thread/INFO] [CHAT] [30] V+ ┃ CherryBomBom » all усложнение на 27 лвл
[16:15:37] [Client thread/INFO] [CHAT] [30] V+ ┃ CherryBomBom » кто
[16:16:46] [Client thread/INFO] [CHAT] [3] MVP ┃ Godzilka » а как использовать способность предмета?
[16:16:47] [Client thread/INFO] [CHAT] [8] kerysha_rip » а
[16:16:57] [Network thread/INFO] Protocol upgrade mask: 157
[16:16:57] [Network thread/INFO] Upgrading protocol
[16:16:57] [Client thread/INFO] Invalidating server data
[16:16:57] [Client thread/INFO] Unloading mod VoidMod/b5cf3660-c219-56b0-c1de-cdca28344861
[16:16:57] [Client thread/INFO] [STDOUT]: [Enginex v5.14.0 - Wada] [Wada/debug] reload requested: ServerSwitch
[16:16:57] [Client thread/INFO] [STDOUT]: [Enginex v5.14.0 - Wada] [Wada/debug] cleanAndReload begin: sessionId=3, awaitingHandshake=true
[16:16:57] [Client thread/INFO] [STDOUT]: [Enginex v5.14.0 - Wada] VAO support: true
[16:16:57] [Client thread/INFO] [STDOUT]: [Enginex v5.14.0 - Wada] Initialization with mod Wada
[16:16:57] [Client thread/INFO] [STDOUT]: [Enginex v5.14.0 - Wada] Successfully initialized
[16:16:58] [Client thread/INFO] Joining server Хаб #2
[16:16:58] [Client thread/INFO] Reloading ResourceManager: assets-addon.jar, Default
[16:16:58] [Client thread/WARN] Missing sound for event: minecraft:entity.turtle.ambient
[16:16:58] [Client thread/WARN] Missing sound for event: minecraft:entity.turtle.baby_hurt
[16:16:58] [Client thread/WARN] Missing sound for event: minecraft:entity.turtle.hurt
[16:16:58] [Client thread/WARN] Missing sound for event: minecraft:entity.turtle.baby_death
[16:16:58] [Client thread/WARN] Missing sound for event: minecraft:entity.turtle.death
[16:16:58] [Client thread/WARN] Missing sound for event: minecraft:entity.turtle.baby_step
[16:16:58] [Client thread/WARN] Missing sound for event: minecraft:entity.turtle.step
[16:16:58] [Client thread/WARN] Missing sound for event: minecraft:entity.turtle.swim
[16:16:58] [Client thread/WARN] Missing sound for event: minecraft:block.turtle_egg.crack
[16:16:58] [Client thread/WARN] Missing sound for event: minecraft:block.turtle_egg.egg_break
[16:16:58] [Client thread/WARN] Missing sound for event: minecraft:block.turtle_egg.fall
[16:16:58] [Client thread/WARN] Missing sound for event: minecraft:block.turtle_egg.hatch
[16:16:58] [Client thread/INFO] SoundSystem shutting down...
[16:16:58] [Client thread/WARN] Author: Paul Lamb, www.paulscode.com
[16:16:58] [Client thread/INFO] Starting up SoundSystem...
[16:16:58] [Thread-35/INFO] Initializing LWJGL OpenAL
[16:16:58] [Thread-35/INFO] (The LWJGL binding of OpenAL.  For more information, see http://www.lwjgl.org)
[16:16:58] [Thread-35/INFO] OpenAL audio device: OpenAL Soft on Динамики (MCHOSE V9 PRO)
[16:16:58] [Thread-35/INFO] OpenAL initialized.
[16:16:58] [Client thread/INFO] Sound engine reloaded
[16:16:58] [Client thread/INFO] Loaded mod Visual Driver/01c1b3f8-16b2-4a03-2fca-283fbc1269ca v3.8.31+9da32142 in 5 ms
[16:16:58] [ForkJoinPool.commonPool-worker-7/WARN] Unable to load variant: axis=x from minecraft:lodestone#axis=x
[16:16:58] [ForkJoinPool.commonPool-worker-7/WARN] Unable to load variant: axis=y from minecraft:lodestone#axis=y
[16:16:58] [ForkJoinPool.commonPool-worker-7/WARN] Unable to load variant: axis=z from minecraft:lodestone#axis=z
[16:16:58] [Client thread/INFO] Loaded mod HubMod/5237be5a-d8d6-00e9-b8fa-65fd9102d9ae v1.4.5 in 16 ms
[16:16:58] [ForkJoinPool.commonPool-worker-7/ERROR] Unable to load item model: 'minecraft:mcpatcher/cit/others/megumin_hat#inventory' for item: 'minecraft:mcpatcher/cit/others/megumin_hat'
[16:16:58] [ForkJoinPool.commonPool-worker-7/WARN] Unable to resolve texture due to upward reference: #cross in minecraft:models/block/chain.json
[16:16:58] [ForkJoinPool.commonPool-worker-7/WARN] Unable to resolve texture due to upward reference: #cross in minecraft:models/block/chain.json
[16:16:58] [ForkJoinPool.commonPool-worker-7/INFO] [OptiFine] Mipmap levels: 4
[16:16:58] [ForkJoinPool.commonPool-worker-7/INFO] [OptiFine] Multi-texturing: false
[16:16:58] [ForkJoinPool.commonPool-worker-7/INFO] [OptiFine] Multipass connected textures: false
[16:16:58] [ForkJoinPool.commonPool-worker-7/INFO] [OptiFine] BetterGrass: Parsing default configuration optifine/bettergrass.properties
[16:16:59] [ForkJoinPool.commonPool-worker-7/FATAL] [OptiFine] Scaled too small texture: minecraft:particles/glow_2, 8 -> 16
[16:16:59] [ForkJoinPool.commonPool-worker-7/FATAL] [OptiFine] Scaled too small texture: minecraft:particles/glow_1, 8 -> 16
[16:16:59] [ForkJoinPool.commonPool-worker-7/FATAL] [OptiFine] Scaled too small texture: minecraft:particles/glow_0, 8 -> 16
[16:16:59] [ForkJoinPool.commonPool-worker-7/FATAL] [OptiFine] Scaled too small texture: minecraft:particles/glow_6, 8 -> 16
[16:16:59] [ForkJoinPool.commonPool-worker-7/FATAL] [OptiFine] Scaled too small texture: minecraft:particles/glow_5, 8 -> 16
[16:16:59] [ForkJoinPool.commonPool-worker-7/FATAL] [OptiFine] Scaled too small texture: minecraft:particles/glow_4, 8 -> 16
[16:16:59] [ForkJoinPool.commonPool-worker-7/FATAL] [OptiFine] Scaled too small texture: minecraft:particles/glow_3, 8 -> 16
[16:16:59] [ForkJoinPool.commonPool-worker-7/FATAL] [OptiFine] Scaled too small texture: minecraft:particles/glow_9, 8 -> 16
[16:16:59] [ForkJoinPool.commonPool-worker-7/FATAL] [OptiFine] Scaled too small texture: minecraft:particles/glow_8, 8 -> 16
[16:16:59] [ForkJoinPool.commonPool-worker-7/FATAL] [OptiFine] Scaled too small texture: minecraft:particles/glow_7, 8 -> 16
[16:16:59] [ForkJoinPool.commonPool-worker-7/FATAL] [OptiFine] Scaled too small texture: minecraft:particles/glow_11, 8 -> 16
[16:16:59] [ForkJoinPool.commonPool-worker-7/FATAL] [OptiFine] Scaled too small texture: minecraft:particles/glow_10, 8 -> 16
[16:16:59] [ForkJoinPool.commonPool-worker-7/FATAL] [OptiFine] Scaled too small texture: minecraft:particles/glow_13, 8 -> 16
[16:16:59] [ForkJoinPool.commonPool-worker-7/FATAL] [OptiFine] Scaled too small texture: minecraft:particles/glow_12, 8 -> 16
[16:16:59] [ForkJoinPool.commonPool-worker-7/FATAL] [OptiFine] Scaled too small texture: minecraft:particles/glow_15, 8 -> 16
[16:16:59] [ForkJoinPool.commonPool-worker-7/FATAL] [OptiFine] Scaled too small texture: minecraft:particles/glow_14, 8 -> 16
[16:16:59] [ForkJoinPool.commonPool-worker-7/INFO] load sprites for 65ms
[16:16:59] [ForkJoinPool.commonPool-worker-7/INFO] Created: 1024x1024 textures-atlas in 102ms
[16:16:59] [Client thread/INFO] [STDOUT]: [Enginex v5.14.0 - Wada] [Wada/debug] handshake complete (w4:load), awaitingHandshake=false, sessionId=3
[16:16:59] [ForkJoinPool.commonPool-worker-7/INFO] [DEBUG] Atlas assembly for 4.520ms
[16:16:59] [Client thread/INFO] [DEBUG] upload atlas for 2.520ms
[16:16:59] [Client thread/INFO] [DEBUG] Generate mipmaps for 0.004ms
[16:16:59] [Client thread/INFO] [OptiFine] Animated sprites: 0
[16:16:59] [Client thread/INFO] [OptiFine] CustomColors: Loading mcpatcher/color.properties
[16:16:59] [Client thread/INFO] Textures loaded for 1194.468ms
[16:17:18] [Client thread/INFO] [CHAT] 䀹 Команда не найдена\n/msg|\n䀪 /msg <Игроки> <Сообщение>
[16:17:20] [Client thread/INFO] [CHAT] 㨳 Личные сообщения выключены 㣳‍♀
[16:17:22] [Client thread/INFO] [CHAT] 㨶 Личные сообщения включены 㣳‍♀
[16:17:32] [Network thread/INFO] Protocol upgrade mask: 157
[16:17:32] [Network thread/INFO] Upgrading protocol
[16:17:32] [Client thread/INFO] Invalidating server data
[16:17:32] [Client thread/INFO] Unloading mod Visual Driver/01c1b3f8-16b2-4a03-2fca-283fbc1269ca
[16:17:32] [Client thread/INFO] Unloading mod HubMod/5237be5a-d8d6-00e9-b8fa-65fd9102d9ae
[16:17:32] [Client thread/INFO] [STDOUT]: [Enginex v5.14.0 - Wada] [Wada/debug] reload requested: ServerSwitch
[16:17:32] [Client thread/INFO] [STDOUT]: [Enginex v5.14.0 - Wada] [Wada/debug] cleanAndReload begin: sessionId=4, awaitingHandshake=true
[16:17:32] [Client thread/INFO] [STDOUT]: [Enginex v5.14.0 - Wada] VAO support: true
[16:17:32] [Client thread/INFO] [STDOUT]: [Enginex v5.14.0 - Wada] Initialization with mod Wada
[16:17:32] [Client thread/INFO] [STDOUT]: [Enginex v5.14.0 - Wada] Successfully initialized
[16:17:32] [Client thread/INFO] Start loading of mod CSCLobbyVisualMod
[16:17:32] [Client thread/INFO] Loading mod CSCLobbyVisualMod v1.0.0+876f9baec by Cristalix
[16:17:32] [Client thread/INFO] [STDOUT]: [Enginex v5.13.4 - CSCLobbyVisualMod] VAO support: true
[16:17:32] [Client thread/INFO] [STDOUT]: [Enginex v5.13.4 - CSCLobbyVisualMod] Initialization with mod CSCLobbyVisualMod
[16:17:32] [Client thread/INFO] Loaded mod CSCLobbyVisualMod v1.0.0+876f9baec in 170 ms
[16:17:32] [Client thread/INFO] Start loading of mod CSCLobbyMod
[16:17:32] [Client thread/INFO] Loading mod CSCLobbyMod v1.0.0+876f9baec by Cristalix
[16:17:32] [Client thread/INFO] [STDOUT]: [Enginex v5.13.4 - CSCLobbyMod] VAO support: true
[16:17:32] [Client thread/INFO] [STDOUT]: [Enginex v5.13.4 - CSCLobbyMod] Initialization with mod CSCLobbyMod
[16:17:33] [Client thread/INFO] Loaded mod CSCLobbyMod v1.0.0+876f9baec in 275 ms
[16:17:33] [Client thread/INFO] Joining server CSCL-3
[16:17:33] [Thread-39/INFO] [STDOUT]: [Enginex v5.13.4 - CSCLobbyVisualMod] Successfully initialized
[16:17:33] [Thread-40/INFO] [STDOUT]: [Enginex v5.13.4 - CSCLobbyMod] Successfully initialized
[16:17:33] [Client thread/INFO] [CHAT] \nНовости CSC: t.me/kasdo_production
[16:17:33] [Client thread/INFO] [STDOUT]: [Enginex v5.14.0 - Wada] [Wada/debug] handshake complete (w4:load), awaitingHandshake=false, sessionId=4
[16:17:33] [Client thread/INFO] Start loading of mod CSCLobbyUIMod
[16:17:33] [Client thread/INFO] Loading mod CSCLobbyUIMod v1.0.0+876f9baec by Cristalix
[16:17:33] [Client thread/INFO] Loaded mod CSCLobbyUIMod v1.0.0+876f9baec in 212 ms
[16:17:33] [Client thread/INFO] Start loading of mod Wada Addons
[16:17:33] [Client thread/INFO] Loading classes of Wada Addons
[16:17:33] [ForkJoinPool.commonPool-worker-4/INFO] Wada Addons-v0.0.50+4330e4e: class verification completed in 8ms
[16:17:33] [ForkJoinPool.commonPool-worker-4/INFO] Wada Addons-v0.0.50+4330e4e: defineClasses completed in 0ms
[16:17:33] [ForkJoinPool.commonPool-worker-4/INFO] Loaded classes in mod Wada Addons in 9 ms
[16:17:33] [Client thread/INFO] Loading mod Wada Addons v0.0.50+4330e4e by matswuuu
[16:17:33] [Client thread/INFO] [STDOUT]: [Enginex v5.13.0-TEST-47 - Wada Addons] VAO support: true
[16:17:33] [Client thread/INFO] [STDOUT]: [Enginex v5.13.0-TEST-47 - Wada Addons] Initialization with mod Wada Addons
[16:17:33] [Client thread/INFO] Loaded mod Wada Addons v0.0.50+4330e4e in 150 ms
[16:17:33] [Thread-42/INFO] [STDOUT]: [Enginex v5.13.0-TEST-47 - Wada Addons] Successfully initialized
[16:17:39] [ForkJoinPool.commonPool-worker-5/INFO] Found file C:\Users\tveiv\.cristalix\updates\Minigames\server-resource-packs\0a0e27437a0b7fc2f88ccdda6398f753b4c79756 without verification hash
[16:17:39] [ForkJoinPool.commonPool-worker-5/INFO] Allocated new cache for server resource pack
[16:17:39] [Client thread/INFO] Reloading ResourceManager: assets-addon.jar, Default, 0a0e27437a0b7fc2f88ccdda6398f753b4c79756
[16:17:39] [Client thread/WARN] Missing sound for event: minecraft:entity.turtle.ambient
[16:17:39] [Client thread/WARN] Missing sound for event: minecraft:entity.turtle.baby_hurt
[16:17:39] [Client thread/WARN] Missing sound for event: minecraft:entity.turtle.hurt
[16:17:39] [Client thread/WARN] Missing sound for event: minecraft:entity.turtle.baby_death
[16:17:39] [Client thread/WARN] Missing sound for event: minecraft:entity.turtle.death
[16:17:39] [Client thread/WARN] Missing sound for event: minecraft:entity.turtle.baby_step
[16:17:39] [Client thread/WARN] Missing sound for event: minecraft:entity.turtle.step
[16:17:39] [Client thread/WARN] Missing sound for event: minecraft:entity.turtle.swim
[16:17:39] [Client thread/WARN] Missing sound for event: minecraft:block.turtle_egg.crack
[16:17:39] [Client thread/WARN] Missing sound for event: minecraft:block.turtle_egg.egg_break
[16:17:39] [Client thread/WARN] Missing sound for event: minecraft:block.turtle_egg.fall
[16:17:39] [Client thread/WARN] Missing sound for event: minecraft:block.turtle_egg.hatch
[16:17:39] [Client thread/INFO] SoundSystem shutting down...
[16:17:39] [Client thread/WARN] Author: Paul Lamb, www.paulscode.com
[16:17:39] [Client thread/INFO] Starting up SoundSystem...
[16:17:39] [Thread-43/INFO] Initializing LWJGL OpenAL
[16:17:39] [Thread-43/INFO] (The LWJGL binding of OpenAL.  For more information, see http://www.lwjgl.org)
[16:17:39] [Thread-43/INFO] OpenAL audio device: OpenAL Soft on Динамики (MCHOSE V9 PRO)
[16:17:39] [Thread-43/INFO] OpenAL initialized.
[16:17:39] [Client thread/INFO] Sound engine reloaded
[16:17:39] [ForkJoinPool.commonPool-worker-1/WARN] Unable to load variant: axis=x from minecraft:lodestone#axis=x
[16:17:39] [ForkJoinPool.commonPool-worker-1/WARN] Unable to load variant: axis=y from minecraft:lodestone#axis=y
[16:17:39] [ForkJoinPool.commonPool-worker-1/WARN] Unable to load variant: axis=z from minecraft:lodestone#axis=z
[16:17:40] [ForkJoinPool.commonPool-worker-1/ERROR] Unable to load item model: 'minecraft:mcpatcher/cit/others/megumin_hat#inventory' for item: 'minecraft:mcpatcher/cit/others/megumin_hat'
[16:17:40] [ForkJoinPool.commonPool-worker-1/INFO] [OptiFine] Mipmap levels: 4
[16:17:40] [ForkJoinPool.commonPool-worker-1/INFO] [OptiFine] Multi-texturing: false
[16:17:40] [ForkJoinPool.commonPool-worker-1/INFO] [OptiFine] Multipass connected textures: false
[16:17:40] [ForkJoinPool.commonPool-worker-1/INFO] [OptiFine] BetterGrass: Parsing default configuration optifine/bettergrass.properties
[16:17:40] [ForkJoinPool.commonPool-worker-1/ERROR] Using missing texture, unable to load minecraft:mcpatcher/cit/armour/first_snow/leather/first_snow_leather_boots_icon.png
[16:17:40] [ForkJoinPool.commonPool-worker-1/ERROR] Using missing texture, unable to load minecraft:mcpatcher/cit/armour/first_snow/leather/first_snow_leather_chestplate_icon.png
[16:17:40] [ForkJoinPool.commonPool-worker-1/ERROR] Using missing texture, unable to load minecraft:mcpatcher/cit/weapons/may2024/3d/cosmo_pack/textures/golden/lighting.png
[16:17:40] [ForkJoinPool.commonPool-worker-1/FATAL] [OptiFine] Scaled too small texture: minecraft:mcpatcher/cit/weapons/may2024/3d/archangel/archangel_shield/archangel_particle, 8 -> 16
[16:17:40] [ForkJoinPool.commonPool-worker-1/ERROR] Using missing texture, unable to load minecraft:mcpatcher/cit/weapons/bows/test/$rawimag.png
[16:17:40] [ForkJoinPool.commonPool-worker-1/ERROR] Using missing texture, unable to load minecraft:mcpatcher/cit/weapons/bows/infirmity bow/$rawimag.png
[16:17:40] [ForkJoinPool.commonPool-worker-1/ERROR] Using missing texture, unable to load minecraft:textures/b3.png
[16:17:40] [ForkJoinPool.commonPool-worker-1/ERROR] Using missing texture, unable to load minecraft:textures/b1.png
[16:17:40] [ForkJoinPool.commonPool-worker-1/ERROR] Using missing texture, unable to load minecraft:textures/b2.png
[16:17:40] [ForkJoinPool.commonPool-worker-1/ERROR] Using missing texture, unable to load minecraft:textures/a2.png
[16:17:40] [ForkJoinPool.commonPool-worker-1/ERROR] Using missing texture, unable to load minecraft:textures/a3.png
[16:17:40] [ForkJoinPool.commonPool-worker-1/ERROR] Using missing texture, unable to load minecraft:textures/a1.png
[16:17:40] [ForkJoinPool.commonPool-worker-1/ERROR] Using missing texture, unable to load minecraft:textures/j3.png
[16:17:40] [ForkJoinPool.commonPool-worker-1/ERROR] Using missing texture, unable to load minecraft:textures/j1.png
[16:17:40] [ForkJoinPool.commonPool-worker-1/ERROR] Using missing texture, unable to load minecraft:textures/j2.png
[16:17:40] [ForkJoinPool.commonPool-worker-1/ERROR] Using missing texture, unable to load minecraft:textures/h1.png
[16:17:40] [ForkJoinPool.commonPool-worker-1/ERROR] Using missing texture, unable to load minecraft:textures/h2.png
[16:17:40] [ForkJoinPool.commonPool-worker-1/ERROR] Using missing texture, unable to load minecraft:textures/h3.png
[16:17:40] [ForkJoinPool.commonPool-worker-1/ERROR] Using missing texture, unable to load minecraft:textures/f3.png
[16:17:40] [ForkJoinPool.commonPool-worker-1/ERROR] Using missing texture, unable to load minecraft:textures/f1.png
[16:17:40] [ForkJoinPool.commonPool-worker-1/ERROR] Using missing texture, unable to load minecraft:textures/f2.png
[16:17:40] [ForkJoinPool.commonPool-worker-1/ERROR] Using missing texture, unable to load nazgul_weaponry_vol_5:textures/demonic_blade.png
[16:17:40] [ForkJoinPool.commonPool-worker-1/ERROR] Using missing texture, unable to load minecraft:mcpatcher/cit/weapons/may2024/3d/cosmo_pack/textures/frozen/lighting.png
[16:17:40] [ForkJoinPool.commonPool-worker-1/FATAL] [OptiFine] Scaled too small texture: minecraft:particles/glow_11, 8 -> 16
[16:17:40] [ForkJoinPool.commonPool-worker-1/FATAL] [OptiFine] Scaled too small texture: minecraft:particles/glow_10, 8 -> 16
[16:17:40] [ForkJoinPool.commonPool-worker-1/FATAL] [OptiFine] Scaled too small texture: minecraft:particles/glow_13, 8 -> 16
[16:17:40] [ForkJoinPool.commonPool-worker-1/FATAL] [OptiFine] Scaled too small texture: minecraft:particles/glow_12, 8 -> 16
[16:17:40] [ForkJoinPool.commonPool-worker-1/FATAL] [OptiFine] Scaled too small texture: minecraft:particles/glow_15, 8 -> 16
[16:17:40] [ForkJoinPool.commonPool-worker-1/FATAL] [OptiFine] Scaled too small texture: minecraft:particles/glow_14, 8 -> 16
[16:17:40] [ForkJoinPool.commonPool-worker-1/ERROR] Using missing texture, unable to load minecraft:textures/3.png
[16:17:40] [ForkJoinPool.commonPool-worker-1/ERROR] Using missing texture, unable to load minecraft:textures/1.png
[16:17:40] [ForkJoinPool.commonPool-worker-1/ERROR] Using missing texture, unable to load minecraft:textures/2.png
[16:17:40] [ForkJoinPool.commonPool-worker-1/ERROR] Using missing texture, unable to load minecraft:mcpatcher/cit/armour/love/leather/love_leather_helmet_icon.png
[16:17:40] [ForkJoinPool.commonPool-worker-1/FATAL] [OptiFine] Scaled non power of 2: minecraft:mcpatcher/cit/weapons1/bow23_shield9/lighting_small, 40 -> 48
[16:17:40] [ForkJoinPool.commonPool-worker-1/WARN] Texture minecraft:mcpatcher/cit/weapons/march2026/scythe_all_types_need/scythe_ice.png compressed from 512x512 to 256x256
[16:17:40] [ForkJoinPool.commonPool-worker-1/WARN] Texture minecraft:mcpatcher/cit/weapons/march2026/scythe_all_types_need/scythe_stone.png compressed from 512x512 to 256x256
[16:17:40] [ForkJoinPool.commonPool-worker-1/ERROR] Using missing texture, unable to load minecraft:mcpatcher/cit/weapons1/ny_weapons_2023/bows/bow_3_pulling_2.png
[16:17:40] [ForkJoinPool.commonPool-worker-1/ERROR] Using missing texture, unable to load minecraft:mcpatcher/cit/weapons1/ny_weapons_2023/bows/bow_3_pulling_0.png
[16:17:40] [ForkJoinPool.commonPool-worker-1/ERROR] Using missing texture, unable to load minecraft:mcpatcher/cit/weapons1/ny_weapons_2023/bows/bow_3_pulling_1.png
[16:17:40] [ForkJoinPool.commonPool-worker-1/ERROR] Using missing texture, unable to load minecraft:mcpatcher/cit/weapons/may2024/3d/cosmo_pack/textures/wooden/lighting.png
[16:17:40] [ForkJoinPool.commonPool-worker-1/ERROR] Using missing texture, unable to load minecraft:mcpatcher/cit/case/crystal_chest_open.png
[16:17:40] [ForkJoinPool.commonPool-worker-1/ERROR] Using missing texture, unable to load minecraft:mcpatcher/cit/armour/love/leather/love_leggings_icon.png
[16:17:40] [ForkJoinPool.commonPool-worker-1/ERROR] Using missing texture, unable to load minecraft:mcpatcher/cit/armour/first_snow/leather/first_snow_leggings_icon.png
[16:17:40] [ForkJoinPool.commonPool-worker-1/FATAL] [OptiFine] Scaled too small texture: minecraft:mcpatcher/cit/weapons/may2024/3d/archangel/archangel_bow/archangel_particle, 8 -> 16
[16:17:40] [ForkJoinPool.commonPool-worker-1/FATAL] [OptiFine] Scaled too small texture: minecraft:mcpatcher/cit/weapons/may2024/3d/archangel/spear/archangel_particle, 8 -> 16
[16:17:40] [ForkJoinPool.commonPool-worker-1/ERROR] Using missing texture, unable to load minecraft:mcpatcher/cit/weapons/march2026/demonic_blade/demonic_blade_anim2.png
[16:17:40] [ForkJoinPool.commonPool-worker-1/ERROR] Using missing texture, unable to load minecraft:textures/texture.png
[16:17:40] [ForkJoinPool.commonPool-worker-1/FATAL] [OptiFine] Scaled too small texture: minecraft:mcpatcher/cit/weapons/may2024/3d/demonic/demonic_particle, 8 -> 16
[16:17:40] [ForkJoinPool.commonPool-worker-1/FATAL] [OptiFine] Scaled too small texture: minecraft:particles/glow_2, 8 -> 16
[16:17:40] [ForkJoinPool.commonPool-worker-1/FATAL] [OptiFine] Scaled too small texture: minecraft:particles/glow_1, 8 -> 16
[16:17:40] [ForkJoinPool.commonPool-worker-1/FATAL] [OptiFine] Scaled too small texture: minecraft:particles/glow_0, 8 -> 16
[16:17:40] [ForkJoinPool.commonPool-worker-1/FATAL] [OptiFine] Scaled too small texture: minecraft:particles/glow_6, 8 -> 16
[16:17:40] [ForkJoinPool.commonPool-worker-1/FATAL] [OptiFine] Scaled too small texture: minecraft:particles/glow_5, 8 -> 16
[16:17:40] [ForkJoinPool.commonPool-worker-1/FATAL] [OptiFine] Scaled too small texture: minecraft:particles/glow_4, 8 -> 16
[16:17:40] [ForkJoinPool.commonPool-worker-1/FATAL] [OptiFine] Scaled too small texture: minecraft:particles/glow_3, 8 -> 16
[16:17:40] [ForkJoinPool.commonPool-worker-1/FATAL] [OptiFine] Scaled too small texture: minecraft:particles/glow_9, 8 -> 16
[16:17:40] [ForkJoinPool.commonPool-worker-1/FATAL] [OptiFine] Scaled too small texture: minecraft:particles/glow_8, 8 -> 16
[16:17:40] [ForkJoinPool.commonPool-worker-1/FATAL] [OptiFine] Scaled too small texture: minecraft:particles/glow_7, 8 -> 16
[16:17:40] [ForkJoinPool.commonPool-worker-1/ERROR] Using missing texture, unable to load minecraft:mcpatcher/cit/armour/fangs/leather/star_leather_leggings_icon.png
[16:17:40] [ForkJoinPool.commonPool-worker-1/ERROR] Using missing texture, unable to load minecraft:textures/dagger_diamond.png
[16:17:40] [ForkJoinPool.commonPool-worker-1/ERROR] Using missing texture, unable to load minecraft:mcpatcher/cit/weapons/bows/bone bow/$rawimag.png
[16:17:40] [ForkJoinPool.commonPool-worker-1/ERROR] Using missing texture, unable to load minecraft:mcpatcher/cit/armour/love/leather/love_leather_boots_icon.png
[16:17:40] [ForkJoinPool.commonPool-worker-1/ERROR] Using missing texture, unable to load minecraft:mcpatcher/cit/weapons/may2024/3d/cosmo_pack/textures/diamond/lighting.png
[16:17:40] [ForkJoinPool.commonPool-worker-1/FATAL] [OptiFine] Scaled non power of 2: minecraft:mcpatcher/cit/case/ice_case/spark_animation_2, 9 -> 16
[16:17:40] [ForkJoinPool.commonPool-worker-1/ERROR] Using missing texture, unable to load minecraft:textures/rare_shield_iron.png
[16:17:40] [ForkJoinPool.commonPool-worker-1/ERROR] Using missing texture, unable to load minecraft:mcpatcher/cit/armour/first_snow/leather/first_snow_leather_helmet_icon.png
[16:17:40] [ForkJoinPool.commonPool-worker-1/ERROR] Using missing texture, unable to load minecraft:textures/sea_dagger.png
[16:17:40] [ForkJoinPool.commonPool-worker-1/ERROR] Using missing texture, unable to load minecraft:mcpatcher/cit/weapons/may2024/3d/cosmo_pack/textures/iron/lighting.png
[16:17:40] [ForkJoinPool.commonPool-worker-1/WARN] Texture minecraft:mcpatcher/cit/case/thanos_chest/texture.png compressed from 512x512 to 256x256
[16:17:40] [ForkJoinPool.commonPool-worker-1/WARN] Texture minecraft:mcpatcher/cit/weapons/march2026/scythe_all_types_need/scythe_iron.png compressed from 512x512 to 256x256
[16:17:40] [ForkJoinPool.commonPool-worker-1/ERROR] Using missing texture, unable to load minecraft:mcpatcher/cit/weapons/may2024/3d/cosmo_pack/textures/stone/lighting.png
[16:17:40] [ForkJoinPool.commonPool-worker-1/ERROR] Using missing texture, unable to load minecraft:textures/darkball.png
[16:17:40] [ForkJoinPool.commonPool-worker-1/FATAL] [OptiFine] Scaled non power of 2: minecraft:mcpatcher/cit/case/ice_case/spark_animation, 5 -> 16
[16:17:40] [ForkJoinPool.commonPool-worker-1/FATAL] [OptiFine] Scaled too small texture: minecraft:mcpatcher/cit/weapons/may2024/3d/archangel/hammer/archangel_particle, 8 -> 16
[16:17:40] [ForkJoinPool.commonPool-worker-1/ERROR] Using missing texture, unable to load minecraft:textures/bow_2_pulling_0.png
[16:17:40] [ForkJoinPool.commonPool-worker-1/ERROR] Using missing texture, unable to load minecraft:textures/bow_2_pulling_1.png
[16:17:40] [ForkJoinPool.commonPool-worker-1/ERROR] Using missing texture, unable to load minecraft:textures/bow_2_pulling_2.png
[16:17:40] [ForkJoinPool.commonPool-worker-1/FATAL] [OptiFine] Scaled too small texture: minecraft:mcpatcher/cit/weapons/may2024/3d/archangel/pickaxe/archangel_particle, 8 -> 16
[16:17:40] [ForkJoinPool.commonPool-worker-1/ERROR] Using missing texture, unable to load minecraft:textures/bow_1_pulling_2.png
[16:17:40] [ForkJoinPool.commonPool-worker-1/ERROR] Using missing texture, unable to load minecraft:textures/bow_1_pulling_1.png
[16:17:40] [ForkJoinPool.commonPool-worker-1/ERROR] Using missing texture, unable to load minecraft:textures/bow_1_pulling_0.png
[16:17:40] [ForkJoinPool.commonPool-worker-1/ERROR] Using missing texture, unable to load minecraft:mcpatcher/cit/weapons/bows/saphire bow/$rawimag.png
[16:17:40] [ForkJoinPool.commonPool-worker-1/WARN] Texture minecraft:mcpatcher/cit/weapons/march2026/scythe_all_types_need/scythe_wooden.png compressed from 512x512 to 256x256
[16:17:40] [ForkJoinPool.commonPool-worker-1/WARN] Texture minecraft:mcpatcher/cit/weapons/march2026/scythe_all_types_need/scythe_diamond.png compressed from 512x512 to 256x256
[16:17:40] [ForkJoinPool.commonPool-worker-1/FATAL] [OptiFine] Scaled too small texture: minecraft:mcpatcher/cit/weapons1/bow24_shield10/cleric_particle, 8 -> 16
[16:17:40] [ForkJoinPool.commonPool-worker-1/WARN] Texture minecraft:mcpatcher/cit/weapons/march2026/scythe_all_types_need/scythe_gold.png compressed from 512x512 to 256x256
[16:17:40] [ForkJoinPool.commonPool-worker-1/ERROR] Using missing texture, unable to load minecraft:mcpatcher/cit/weapons/may2024/3d/cleric_assortment/cleric_particles/cleric_particle.png
[16:17:40] [ForkJoinPool.commonPool-worker-1/ERROR] Using missing texture, unable to load minecraft:mcpatcher/cit/armour/love/leather/love_leather_chestplate_icon.png
[16:17:40] [ForkJoinPool.commonPool-worker-1/INFO] load sprites for 183ms
[16:17:40] [ForkJoinPool.commonPool-worker-1/INFO] Created: 4096x4096 textures-atlas in 224ms
[16:17:40] [ForkJoinPool.commonPool-worker-1/INFO] [DEBUG] Atlas assembly for 54.322ms
[16:17:40] [Client thread/INFO] [DEBUG] upload atlas for 25.843ms
[16:17:40] [Client thread/INFO] [DEBUG] Generate mipmaps for 0.003ms
[16:17:40] [Client thread/INFO] [OptiFine] Animated sprites: 0
[16:17:40] [Client thread/INFO] [OptiFine] CustomColors: Loading mcpatcher/color.properties
[16:17:40] [Client thread/INFO] Textures loaded for 996.660ms
[16:17:49] [Client thread/INFO] [CHAT] G ┃ hlorkaf (#335) » кто дуо 700+ игр
[16:17:56] [Client thread/INFO] [CHAT] Игрок kolyn101008 получил достижение Трайхард
[16:18:05] [Client thread/INFO] [CHAT] Игрок seladala67drill получил достижение Новичок
[16:18:05] [Client thread/INFO] [CHAT] Игрок seladala67drill получил достижение Бывалый
[16:18:36] [Network thread/INFO] Protocol upgrade mask: 157
[16:18:36] [Network thread/INFO] Upgrading protocol
[16:18:36] [Client thread/INFO] Invalidating server data
[16:18:36] [Client thread/INFO] Unloading mod CSCLobbyUIMod/bd3616d0-8b2c-abf5-3a95-a08db2a058e3
[16:18:36] [Client thread/INFO] Unloading mod CSCLobbyVisualMod/6aafdf72-7b38-aafe-caae-f202057d99ca
[16:18:36] [Client thread/INFO] Unloading mod Wada Addons/6ed5f25d-a1f5-afa5-5e1a-ed455c2ed2b2
[16:18:36] [Client thread/INFO] Unloading mod CSCLobbyMod/8084ca67-1023-a41b-475b-d21142fe3641
[16:18:36] [Client thread/INFO] [STDOUT]: [Enginex v5.14.0 - Wada] [Wada/debug] reload requested: ServerSwitch
[16:18:36] [Client thread/INFO] [STDOUT]: [Enginex v5.14.0 - Wada] [Wada/debug] cleanAndReload begin: sessionId=5, awaitingHandshake=true
[16:18:36] [Client thread/INFO] [STDOUT]: [Enginex v5.14.0 - Wada] VAO support: true
[16:18:36] [Client thread/INFO] [STDOUT]: [Enginex v5.14.0 - Wada] Initialization with mod Wada
[16:18:36] [Client thread/INFO] [STDOUT]: [Enginex v5.14.0 - Wada] Successfully initialized
[16:18:36] [Client thread/INFO] Joining server Хаб #2
[16:18:36] [Client thread/INFO] Reloading ResourceManager: assets-addon.jar, Default
[16:18:36] [Client thread/WARN] Missing sound for event: minecraft:entity.turtle.ambient
[16:18:36] [Client thread/WARN] Missing sound for event: minecraft:entity.turtle.baby_hurt
[16:18:36] [Client thread/WARN] Missing sound for event: minecraft:entity.turtle.hurt
[16:18:36] [Client thread/WARN] Missing sound for event: minecraft:entity.turtle.baby_death
[16:18:36] [Client thread/WARN] Missing sound for event: minecraft:entity.turtle.death
[16:18:36] [Client thread/WARN] Missing sound for event: minecraft:entity.turtle.baby_step
[16:18:36] [Client thread/WARN] Missing sound for event: minecraft:entity.turtle.step
[16:18:36] [Client thread/WARN] Missing sound for event: minecraft:entity.turtle.swim
[16:18:36] [Client thread/WARN] Missing sound for event: minecraft:block.turtle_egg.crack
[16:18:36] [Client thread/WARN] Missing sound for event: minecraft:block.turtle_egg.egg_break
[16:18:36] [Client thread/WARN] Missing sound for event: minecraft:block.turtle_egg.fall
[16:18:36] [Client thread/WARN] Missing sound for event: minecraft:block.turtle_egg.hatch
[16:18:36] [Client thread/INFO] SoundSystem shutting down...
[16:18:36] [Client thread/WARN] Author: Paul Lamb, www.paulscode.com
[16:18:36] [Client thread/INFO] Starting up SoundSystem...
[16:18:36] [Thread-45/INFO] Initializing LWJGL OpenAL
[16:18:36] [Thread-45/INFO] (The LWJGL binding of OpenAL.  For more information, see http://www.lwjgl.org)
[16:18:36] [Thread-45/INFO] OpenAL audio device: OpenAL Soft on Динамики (MCHOSE V9 PRO)
[16:18:36] [Thread-45/INFO] OpenAL initialized.
[16:18:36] [Client thread/INFO] Sound engine reloaded
[16:18:36] [Client thread/INFO] Loaded mod Visual Driver/01c1b3f8-16b2-4a03-2fca-283fbc1269ca v3.8.31+9da32142 in 4 ms
[16:18:36] [ForkJoinPool.commonPool-worker-4/WARN] Unable to load variant: axis=x from minecraft:lodestone#axis=x
[16:18:36] [ForkJoinPool.commonPool-worker-4/WARN] Unable to load variant: axis=y from minecraft:lodestone#axis=y
[16:18:36] [ForkJoinPool.commonPool-worker-4/WARN] Unable to load variant: axis=z from minecraft:lodestone#axis=z
[16:18:36] [ForkJoinPool.commonPool-worker-4/ERROR] Unable to load item model: 'minecraft:mcpatcher/cit/others/megumin_hat#inventory' for item: 'minecraft:mcpatcher/cit/others/megumin_hat'
[16:18:36] [Client thread/INFO] Loaded mod HubMod/5237be5a-d8d6-00e9-b8fa-65fd9102d9ae v1.4.5 in 9 ms
[16:18:36] [ForkJoinPool.commonPool-worker-4/INFO] [OptiFine] Mipmap levels: 4
[16:18:36] [ForkJoinPool.commonPool-worker-4/INFO] [OptiFine] Multi-texturing: false
[16:18:36] [ForkJoinPool.commonPool-worker-4/INFO] [OptiFine] Multipass connected textures: false
[16:18:36] [ForkJoinPool.commonPool-worker-4/INFO] [OptiFine] BetterGrass: Parsing default configuration optifine/bettergrass.properties
[16:18:36] [ForkJoinPool.commonPool-worker-4/FATAL] [OptiFine] Scaled too small texture: minecraft:particles/glow_2, 8 -> 16
[16:18:36] [ForkJoinPool.commonPool-worker-4/FATAL] [OptiFine] Scaled too small texture: minecraft:particles/glow_1, 8 -> 16
[16:18:36] [ForkJoinPool.commonPool-worker-4/FATAL] [OptiFine] Scaled too small texture: minecraft:particles/glow_0, 8 -> 16
[16:18:36] [ForkJoinPool.commonPool-worker-4/FATAL] [OptiFine] Scaled too small texture: minecraft:particles/glow_6, 8 -> 16
[16:18:36] [ForkJoinPool.commonPool-worker-4/FATAL] [OptiFine] Scaled too small texture: minecraft:particles/glow_5, 8 -> 16
[16:18:36] [ForkJoinPool.commonPool-worker-4/FATAL] [OptiFine] Scaled too small texture: minecraft:particles/glow_4, 8 -> 16
[16:18:36] [ForkJoinPool.commonPool-worker-4/FATAL] [OptiFine] Scaled too small texture: minecraft:particles/glow_3, 8 -> 16
[16:18:36] [ForkJoinPool.commonPool-worker-4/FATAL] [OptiFine] Scaled too small texture: minecraft:particles/glow_9, 8 -> 16
[16:18:36] [ForkJoinPool.commonPool-worker-4/FATAL] [OptiFine] Scaled too small texture: minecraft:particles/glow_8, 8 -> 16
[16:18:36] [ForkJoinPool.commonPool-worker-4/FATAL] [OptiFine] Scaled too small texture: minecraft:particles/glow_7, 8 -> 16
[16:18:36] [ForkJoinPool.commonPool-worker-4/FATAL] [OptiFine] Scaled too small texture: minecraft:particles/glow_11, 8 -> 16
[16:18:36] [ForkJoinPool.commonPool-worker-4/FATAL] [OptiFine] Scaled too small texture: minecraft:particles/glow_10, 8 -> 16
[16:18:36] [ForkJoinPool.commonPool-worker-4/FATAL] [OptiFine] Scaled too small texture: minecraft:particles/glow_13, 8 -> 16
[16:18:36] [ForkJoinPool.commonPool-worker-4/FATAL] [OptiFine] Scaled too small texture: minecraft:particles/glow_12, 8 -> 16
[16:18:36] [ForkJoinPool.commonPool-worker-4/FATAL] [OptiFine] Scaled too small texture: minecraft:particles/glow_15, 8 -> 16
[16:18:36] [ForkJoinPool.commonPool-worker-4/FATAL] [OptiFine] Scaled too small texture: minecraft:particles/glow_14, 8 -> 16
[16:18:36] [ForkJoinPool.commonPool-worker-4/INFO] load sprites for 3ms
[16:18:36] [ForkJoinPool.commonPool-worker-4/INFO] Created: 1024x1024 textures-atlas in 12ms
[16:18:36] [ForkJoinPool.commonPool-worker-4/INFO] [DEBUG] Atlas assembly for 16.179ms
[16:18:36] [Client thread/INFO] [DEBUG] upload atlas for 1.162ms
[16:18:36] [Client thread/INFO] [DEBUG] Generate mipmaps for 0.003ms
[16:18:37] [Client thread/INFO] [OptiFine] Animated sprites: 0
[16:18:37] [Client thread/INFO] [OptiFine] CustomColors: Loading mcpatcher/color.properties
[16:18:37] [Client thread/INFO] Textures loaded for 360.555ms
[16:18:37] [Client thread/INFO] [STDOUT]: [Enginex v5.14.0 - Wada] [Wada/debug] handshake complete (w4:load), awaitingHandshake=false, sessionId=5
[16:19:12] [Client thread/INFO] [CHAT] trynaberich Хаб #18 » 11
[16:19:16] [Client thread/INFO] Stopping!
[16:19:16] [Client thread/INFO] Unloading mod Visual Driver/01c1b3f8-16b2-4a03-2fca-283fbc1269ca
[16:19:16] [Client thread/INFO] Unloading mod HubMod/5237be5a-d8d6-00e9-b8fa-65fd9102d9ae
[16:19:16] [Client thread/INFO] Unloading mod Wada/f8e025be-bce2-a17d-6756-cabe76e231d1
[16:19:16] [Client thread/INFO] Unloading mod Socials/f8ae8523-b974-86e9-920f-f9096d1bc321
[16:19:16] [Client thread/INFO] Unloading mod Gama/83e0ddff-bf94-0990-d767-b72226b62e7f
