[10:53:25] [ForkJoinPool.commonPool-worker-3/INFO] IntegerCache population took 52ms
[10:53:26] [Client thread/INFO] Setting user: Tveiv
[10:53:26] [Client thread/INFO] Client Commit: 2be59f554
[10:53:26] [Client thread/INFO] LWJGL Version: 3.4.2-snapshot
[10:53:26] [ForkJoinPool.commonPool-worker-6/INFO] Bootstrapping took 1467ms
[10:53:26] [Client thread/INFO] [STDOUT]: [LWJGL] Setting up window
[10:53:26] [Client thread/INFO] [STDOUT]: [LWJGL] Creating window
[10:53:27] [Client thread/INFO] [STDOUT]: [LWJGL] Done creating window
[10:53:27] [Client thread/INFO] Number of textures in a framebuffer: 2
[10:53:27] [Client thread/WARN] Skipping bad option: lastServer:
[10:53:27] [Client thread/INFO] Model view matrix stack size: 64
[10:53:27] [Client thread/INFO] Projection matrix stack size: 8
[10:53:27] [Client thread/INFO] Texture matrix stack size: 20
[10:53:27] [Client thread/INFO] [OptiFine] OS: Windows 10 (amd64) version 10.0
[10:53:27] [Client thread/INFO] [OptiFine] VM: OpenJDK 64-Bit Server VM (mixed mode), Oracle Corporation / 1.8.0_442-b06
[10:53:28] [Client thread/ERROR] {"id":"a9c62d56-be02-44f9-8023-324c1e6309a2","apiGiveable":false,"categoryId":"aura","contributor":"Dionis","name":"Демонический маскарад","rarity":"AWARD","createdTime":1782507600000,"source":"url","sourceFormat":"bedrock","availableInGui":false,"isLimited":true,"type":"FULL","price":249,"locationRotation":0.065,"supportOptions":{},"conflictGroups":["aura"],"hash256":"69ea7acd58f0508936f856ca9d16689aa84d4e68bce267d635b5df936458613e","sourcePath":"https://webdata.c7x.dev/client/p13n/69ea7acd58f0508936f856ca9d16689aa84d4e68bce267d635b5df936458613e.model"}
#bEDgt: java.lang.IllegalStateException: Expected BEGIN_OBJECT but was NUMBER at path $.locationRotation
	at #wlIYw.sa(SourceFile:395)
	at #zyZee.a(SourceFile)
	at #SiLri.sa(Unknown Source:212)
	at #NZHLF.a(SourceFile)
	at #EKmoA.sa(SourceFile:431)
	at #aUukC.a(SourceFile)
	at #wlIYw.sa(SourceFile:391)
	at #zyZee.a(SourceFile)
	at #hlvdO.sa(SourceFile:1214)
	at #Iwixj.sa(Unknown Source:1319)
	at #dXYkJ.sa(Unknown Source:1261)
	at #pbbDQ.sa(SourceFile:107)
	at #TYNkf.sa(Unknown Source:44)
	at #REyfp.sa(SourceFile:27)
	at #THsUv.sa(SourceFile:76)
	at #UKLzM.sa(SourceFile:19)
	at #UvvxZ.sa(Unknown Source:182)
	at !#iUQJu.sa(SourceFile:82)
	at #WmDrd.sa(SourceFile:48)
	at #vrRoR.sb(SourceFile:35)
	at #vXcAs.sa(SourceFile:58)
	at #KMGSE.b(SourceFile)
	at #pvrmz.<init>(SourceFile:184)
	at #fiqpk.<init>(SourceFile:164)
	at #cegXK.<init>(SourceFile:28)
	at #zAVBO.sf(SourceFile:5745)
	at #CdcMy.sD(SourceFile:557)
	at #cYnba.sk(SourceFile:476)
	at net.minecraft.client.main.GameMain.a(SourceFile:220)
	at net.minecraft.client.main.GameMain.a(SourceFile:156)
	at #kBJWf.a(Unknown Source)
	at #kBJWf.run(Unknown Source)
	at java.base/java.lang.Thread.run(Unknown Source)
Caused by: java.lang.IllegalStateException: Expected BEGIN_OBJECT but was NUMBER at path $.locationRotation
	at #NxHQP.a(SourceFile:165)
	at #bTsHv.sb(Unknown Source:89)
	at #NxHQP.a(SourceFile)
	at #wlIYw.sa(SourceFile:384)
	... 32 more
[10:53:29] [Client thread/INFO] Reloading ResourceManager: assets-addon.jar, Default
[10:53:29] [Client thread/WARN] Unknown language en_us
[10:53:29] [Client thread/WARN] Unknown language ru_ru
[10:53:29] [Client thread/INFO] Current language: ru_ru
[10:53:29] [Client thread/INFO] Refreshing resources for the first time
[10:53:29] [Client thread/INFO] Starting up SoundSystem...
[10:53:29] [Thread-18/INFO] Initializing LWJGL OpenAL
[10:53:29] [Thread-18/INFO] (The LWJGL binding of OpenAL.  For more information, see http://www.lwjgl.org)
[10:53:30] [Thread-18/INFO] OpenAL audio device: OpenAL Soft on Динамики (MCHOSE V9 PRO)
[10:53:30] [Thread-18/INFO] OpenAL initialized.
[10:53:30] [Client thread/INFO] Sound engine started
[10:53:30] [Client thread/INFO] SoundSystem loading took 58ms
[10:53:30] [Client thread/INFO] Items registration took 4ms
[10:53:30] [Client thread/INFO] Total 29242 blocks.
[10:53:30] [Client thread/INFO] Custom blocks registration took 157ms
[10:53:30] [Client thread/INFO] Search tree population took 119ms
[10:53:30] [Client thread/INFO] Using standard Java compressor.
[10:53:30] [Client thread/INFO] Using standard Java cipher.
[10:53:30] [Client thread/INFO] [Shaders] Load shaders configuration.
[10:53:30] [Client thread/INFO] [Shaders] Save shaders configuration.
[10:53:30] [Client thread/INFO] [Shaders] No shaderpack loaded.
[10:53:30] [Client thread/INFO] Reloading ResourceManager: assets-addon.jar, Default
[10:53:30] [Client thread/WARN] Missing sound for event: minecraft:entity.turtle.ambient
[10:53:30] [Client thread/WARN] Missing sound for event: minecraft:entity.turtle.baby_hurt
[10:53:30] [Client thread/WARN] Missing sound for event: minecraft:entity.turtle.hurt
[10:53:30] [Client thread/WARN] Missing sound for event: minecraft:entity.turtle.baby_death
[10:53:30] [Client thread/WARN] Missing sound for event: minecraft:entity.turtle.death
[10:53:30] [Client thread/WARN] Missing sound for event: minecraft:entity.turtle.baby_step
[10:53:30] [Client thread/WARN] Missing sound for event: minecraft:entity.turtle.step
[10:53:30] [Client thread/WARN] Missing sound for event: minecraft:entity.turtle.swim
[10:53:30] [Client thread/WARN] Missing sound for event: minecraft:block.turtle_egg.crack
[10:53:30] [Client thread/WARN] Missing sound for event: minecraft:block.turtle_egg.egg_break
[10:53:30] [Client thread/WARN] Missing sound for event: minecraft:block.turtle_egg.fall
[10:53:30] [Client thread/WARN] Missing sound for event: minecraft:block.turtle_egg.hatch
[10:53:30] [Client thread/INFO] SoundSystem shutting down...
[10:53:30] [Client thread/WARN] Author: Paul Lamb, www.paulscode.com
[10:53:30] [Client thread/INFO] Starting up SoundSystem...
[10:53:30] [Thread-20/INFO] Initializing LWJGL OpenAL
[10:53:30] [Thread-20/INFO] (The LWJGL binding of OpenAL.  For more information, see http://www.lwjgl.org)
[10:53:30] [Thread-20/INFO] OpenAL audio device: OpenAL Soft on Динамики (MCHOSE V9 PRO)
[10:53:30] [Thread-20/INFO] OpenAL initialized.
[10:53:30] [Client thread/INFO] Sound engine reloaded
[10:53:30] [Client thread/INFO] Starting Watchdog monitor, timeout is: 90000ms/90s
[10:53:30] [Client thread/INFO] Watchdog init took 1ms
[10:53:30] [Client thread/INFO] Start loading of mod Wada
[10:53:30] [Client thread/INFO] Loading classes of Wada
[10:53:30] [Client thread/INFO] Start loading of mod Socials
[10:53:30] [Client thread/INFO] Loading classes of Socials
[10:53:30] [Client thread/INFO] Start loading of mod Gama
[10:53:30] [Client thread/INFO] Loading classes of Gama
[10:53:30] [ForkJoinPool.commonPool-worker-3/WARN] Unable to load variant: axis=x from minecraft:lodestone#axis=x
[10:53:30] [ForkJoinPool.commonPool-worker-3/WARN] Unable to load variant: axis=y from minecraft:lodestone#axis=y
[10:53:30] [ForkJoinPool.commonPool-worker-3/WARN] Unable to load variant: axis=z from minecraft:lodestone#axis=z
[10:53:31] [Client thread/INFO] Has Unsafe: true
[10:53:31] [Client thread/INFO] Direct buffers preferred: false
[10:53:31] [Client thread/INFO] Byte order: LITTLE_ENDIAN
[10:53:31] [Client thread/INFO] Timer resolution: 1000000000
[10:53:31] [Client thread/INFO] Client loaded for (5.494s/6.216s)
[10:53:31] [ForkJoinPool.commonPool-worker-4/INFO] Socials-v2.2.2+04923ea: class verification completed in 209ms
[10:53:31] [ForkJoinPool.commonPool-worker-4/INFO] Socials-v2.2.2+04923ea: defineClasses completed in 1ms
[10:53:31] [ForkJoinPool.commonPool-worker-4/INFO] Loaded classes in mod Socials in 211 ms
[10:53:31] [ForkJoinPool.commonPool-worker-2/INFO] Gama-v1.5.2+5cb5bab: class verification completed in 185ms
[10:53:31] [ForkJoinPool.commonPool-worker-2/INFO] Gama-v1.5.2+5cb5bab: defineClasses completed in 0ms
[10:53:31] [ForkJoinPool.commonPool-worker-2/INFO] Loaded classes in mod Gama in 187 ms
[10:53:31] [ForkJoinPool.commonPool-worker-6/INFO] Wada-v4.12.2+151850d3: class verification completed in 295ms
[10:53:31] [ForkJoinPool.commonPool-worker-6/INFO] Wada-v4.12.2+151850d3: defineClasses completed in 0ms
[10:53:31] [ForkJoinPool.commonPool-worker-6/INFO] Loaded classes in mod Wada in 298 ms
[10:53:31] [Client Scheduler/INFO] Found preferred client: ANY
[10:53:31] [Client thread/INFO] Loading mod Socials v2.2.2+04923ea by Cristalix Team
[10:53:31] [ForkJoinPool.commonPool-worker-3/ERROR] Unable to load item model: 'minecraft:mcpatcher/cit/others/megumin_hat#inventory' for item: 'minecraft:mcpatcher/cit/others/megumin_hat'
[10:53:31] [ForkJoinPool.commonPool-worker-3/WARN] Unable to resolve texture due to upward reference: #cross in minecraft:models/block/chain.json
[10:53:31] [Client thread/INFO] Loaded mod Socials v2.2.2+04923ea in 143 ms
[10:53:31] [Client thread/INFO] Loading mod Gama v1.5.2+5cb5bab by Cristalix Team
[10:53:31] [ForkJoinPool.commonPool-worker-3/WARN] Unable to resolve texture due to upward reference: #cross in minecraft:models/block/chain.json
[10:53:31] [ForkJoinPool.commonPool-worker-3/INFO] [OptiFine] Mipmap levels: 4
[10:53:31] [Client thread/INFO] [STDOUT]: [Enginex v5.16.1 - Gama] VAO support: true
[10:53:31] [Thread-24/INFO] [STDOUT]: Settings successfully saved to social-settings.json.
[10:53:31] [ForkJoinPool.commonPool-worker-3/INFO] [OptiFine] Multi-texturing: false
[10:53:31] [ForkJoinPool.commonPool-worker-3/INFO] [OptiFine] Multipass connected textures: false
[10:53:31] [ForkJoinPool.commonPool-worker-3/INFO] [OptiFine] BetterGrass: Parsing default configuration optifine/bettergrass.properties
[10:53:31] [ForkJoinPool.commonPool-worker-3/FATAL] [OptiFine] Scaled too small texture: minecraft:mcpatcher/ctm/default/empty, 1 -> 16
[10:53:31] [ForkJoinPool.commonPool-worker-3/FATAL] [OptiFine] Scaled too small texture: minecraft:particles/glow_2, 8 -> 16
[10:53:31] [ForkJoinPool.commonPool-worker-3/FATAL] [OptiFine] Scaled too small texture: minecraft:particles/glow_1, 8 -> 16
[10:53:31] [ForkJoinPool.commonPool-worker-3/FATAL] [OptiFine] Scaled too small texture: minecraft:particles/glow_0, 8 -> 16
[10:53:31] [ForkJoinPool.commonPool-worker-3/FATAL] [OptiFine] Scaled too small texture: minecraft:particles/glow_6, 8 -> 16
[10:53:31] [ForkJoinPool.commonPool-worker-3/FATAL] [OptiFine] Scaled too small texture: minecraft:particles/glow_5, 8 -> 16
[10:53:31] [ForkJoinPool.commonPool-worker-3/FATAL] [OptiFine] Scaled too small texture: minecraft:particles/glow_4, 8 -> 16
[10:53:31] [ForkJoinPool.commonPool-worker-3/FATAL] [OptiFine] Scaled too small texture: minecraft:particles/glow_3, 8 -> 16
[10:53:31] [ForkJoinPool.commonPool-worker-3/FATAL] [OptiFine] Scaled too small texture: minecraft:particles/glow_9, 8 -> 16
[10:53:31] [ForkJoinPool.commonPool-worker-3/FATAL] [OptiFine] Scaled too small texture: minecraft:particles/glow_8, 8 -> 16
[10:53:31] [ForkJoinPool.commonPool-worker-3/FATAL] [OptiFine] Scaled too small texture: minecraft:particles/glow_7, 8 -> 16
[10:53:31] [ForkJoinPool.commonPool-worker-3/FATAL] [OptiFine] Scaled too small texture: minecraft:particles/glow_11, 8 -> 16
[10:53:31] [ForkJoinPool.commonPool-worker-3/FATAL] [OptiFine] Scaled too small texture: minecraft:particles/glow_10, 8 -> 16
[10:53:31] [ForkJoinPool.commonPool-worker-3/FATAL] [OptiFine] Scaled too small texture: minecraft:particles/glow_13, 8 -> 16
[10:53:31] [ForkJoinPool.commonPool-worker-3/FATAL] [OptiFine] Scaled too small texture: minecraft:particles/glow_12, 8 -> 16
[10:53:31] [ForkJoinPool.commonPool-worker-3/FATAL] [OptiFine] Scaled too small texture: minecraft:particles/glow_15, 8 -> 16
[10:53:31] [ForkJoinPool.commonPool-worker-3/FATAL] [OptiFine] Scaled too small texture: minecraft:particles/glow_14, 8 -> 16
[10:53:31] [Client thread/INFO] [STDOUT]: [Enginex v5.16.1 - Gama] Initialization with mod Gama
[10:53:31] [ForkJoinPool.commonPool-worker-3/INFO] load sprites for 70ms
[10:53:31] [ForkJoinPool.commonPool-worker-3/INFO] Created: 1024x1024 textures-atlas in 159ms
[10:53:32] [Client thread/INFO] Loaded mod Gama v1.5.2+5cb5bab in 880 ms
[10:53:32] [Client thread/INFO] Loading mod Wada v4.12.2+151850d3 by Cristalix Team
[10:53:32] [Client thread/INFO] [STDOUT]: [Enginex v5.16.1 - Wada] VAO support: true
[10:53:32] [Client thread/INFO] [STDOUT]: [Enginex v5.16.1 - Wada] Initialization with mod Wada
[10:53:32] [Client thread/INFO] Loaded mod Wada v4.12.2+151850d3 in 222 ms
[10:53:32] [Thread-25/INFO] [STDOUT]: [Enginex v5.16.1 - Gama] Successfully initialized
[10:53:32] [ForkJoinPool.commonPool-worker-3/INFO] [DEBUG] Atlas assembly for 5.713ms
[10:53:32] [Client thread/INFO] [DEBUG] upload atlas for 1.143ms
[10:53:32] [Client thread/INFO] [DEBUG] Generate mipmaps for 0.034ms
[10:53:32] [Client thread/INFO] [OptiFine] Animated sprites: 0
[10:53:32] [Client thread/INFO] [OptiFine] CustomColors: Loading mcpatcher/color.properties
[10:53:32] [Client thread/INFO] Textures loaded for 1503.725ms
[10:53:34] [Thread-26/INFO] [STDOUT]: [Enginex v5.16.1 - Wada] Successfully initialized
[10:53:35] [Network thread/INFO] Protocol upgrade mask: 157
[10:53:35] [Network thread/INFO] Upgrading protocol
[10:53:36] [Client thread/INFO] [STDOUT]: [Enginex v5.16.1 - Wada] [Wada/debug] reload requested: ServerConnect
[10:53:36] [Client thread/INFO] [STDOUT]: [Enginex v5.16.1 - Wada] [Wada/debug] cleanAndReload begin: sessionId=1, awaitingHandshake=true
[10:53:36] [Client thread/INFO] [STDOUT]: [Enginex v5.16.1 - Wada] VAO support: true
[10:53:36] [Client thread/INFO] [STDOUT]: [Enginex v5.16.1 - Wada] Initialization with mod Wada
[10:53:36] [Client thread/INFO] [STDOUT]: [Enginex v5.16.1 - Wada] Successfully initialized
[10:53:36] [Client thread/INFO] Joining server Хаб #12
[10:53:37] [Client thread/INFO] Start loading of mod Visual Driver
[10:53:37] [Client thread/INFO] Loading classes of Visual Driver
[10:53:37] [Client thread/INFO] Start loading of mod HubMod
[10:53:37] [Client thread/INFO] Loading classes of HubMod
[10:53:37] [ForkJoinPool.commonPool-worker-8/INFO] HubMod-v1.4.5: class verification completed in 4ms
[10:53:37] [ForkJoinPool.commonPool-worker-8/INFO] HubMod-v1.4.5: defineClasses completed in 0ms
[10:53:37] [ForkJoinPool.commonPool-worker-8/INFO] Loaded classes in mod HubMod in 5 ms
[10:53:37] [ForkJoinPool.commonPool-worker-4/INFO] Visual Driver-v3.8.31+9da32142: class verification completed in 21ms
[10:53:37] [ForkJoinPool.commonPool-worker-4/INFO] Visual Driver-v3.8.31+9da32142: defineClasses completed in 0ms
[10:53:37] [ForkJoinPool.commonPool-worker-4/INFO] Loaded classes in mod Visual Driver in 23 ms
[10:53:37] [Client thread/INFO] Loading mod HubMod v1.4.5 by Cristalix Team
[10:53:37] [Client thread/INFO] Loaded mod HubMod v1.4.5 in 60 ms
[10:53:37] [Client thread/INFO] Loading mod Visual Driver v3.8.31+9da32142 by Cristalix Team
[10:53:37] [Client thread/INFO] Loaded mod Visual Driver v3.8.31+9da32142 in 66 ms
[10:53:38] [Client thread/INFO] [STDOUT]: [Enginex v5.16.1 - Wada] [Wada/debug] handshake complete (w4:load), awaitingHandshake=false, sessionId=1
[10:53:41] [Network thread/INFO] Protocol upgrade mask: 157
[10:53:41] [Network thread/INFO] Upgrading protocol
[10:53:41] [Client thread/INFO] Invalidating server data
[10:53:41] [Client thread/INFO] Unloading mod Visual Driver/9d0905cf-6706-54d6-143d-2b54fd82e5ba
[10:53:41] [Client thread/INFO] Unloading mod HubMod/25900c12-43b4-90ca-6f85-98ee170d0e08
[10:53:41] [Client thread/INFO] [STDOUT]: [Enginex v5.16.1 - Wada] [Wada/debug] reload requested: ServerSwitch
[10:53:41] [Client thread/INFO] [STDOUT]: [Enginex v5.16.1 - Wada] [Wada/debug] cleanAndReload begin: sessionId=2, awaitingHandshake=true
[10:53:41] [Client thread/INFO] [STDOUT]: [Enginex v5.16.1 - Wada] VAO support: true
[10:53:41] [Client thread/INFO] [STDOUT]: [Enginex v5.16.1 - Wada] Initialization with mod Wada
[10:53:41] [Client thread/INFO] [STDOUT]: [Enginex v5.16.1 - Wada] Successfully initialized
[10:53:41] [Client thread/INFO] Found file C:\Users\tveiv\.cristalix\updates\Minigames\server-resource-packs\40bb4597c7ce6b5b4690666d2a8804747a202ba3 matching requested hash 2a33a213ea168e73eaf34aeab631978eb6603e7b
[10:53:41] [Client thread/INFO] Allocated new cache for server resource pack
[10:53:41] [Client thread/INFO] Joining server VoidGame #1
[10:53:41] [Client thread/INFO] Reloading ResourceManager: assets-addon.jar, Default, 40bb4597c7ce6b5b4690666d2a8804747a202ba3
[10:53:41] [Client thread/WARN] Missing sound for event: minecraft:entity.turtle.ambient
[10:53:41] [Client thread/WARN] Missing sound for event: minecraft:entity.turtle.baby_hurt
[10:53:41] [Client thread/WARN] Missing sound for event: minecraft:entity.turtle.hurt
[10:53:41] [Client thread/WARN] Missing sound for event: minecraft:entity.turtle.baby_death
[10:53:41] [Client thread/WARN] Missing sound for event: minecraft:entity.turtle.death
[10:53:41] [Client thread/WARN] Missing sound for event: minecraft:entity.turtle.baby_step
[10:53:41] [Client thread/WARN] Missing sound for event: minecraft:entity.turtle.step
[10:53:41] [Client thread/WARN] Missing sound for event: minecraft:entity.turtle.swim
[10:53:41] [Client thread/WARN] Missing sound for event: minecraft:block.turtle_egg.crack
[10:53:41] [Client thread/WARN] Missing sound for event: minecraft:block.turtle_egg.egg_break
[10:53:41] [Client thread/WARN] Missing sound for event: minecraft:block.turtle_egg.fall
[10:53:41] [Client thread/WARN] Missing sound for event: minecraft:block.turtle_egg.hatch
[10:53:41] [Client thread/INFO] SoundSystem shutting down...
[10:53:41] [Client thread/WARN] Author: Paul Lamb, www.paulscode.com
[10:53:41] [Client thread/INFO] Starting up SoundSystem...
[10:53:41] [Thread-30/INFO] Initializing LWJGL OpenAL
[10:53:41] [Thread-30/INFO] (The LWJGL binding of OpenAL.  For more information, see http://www.lwjgl.org)
[10:53:41] [Thread-30/INFO] OpenAL audio device: OpenAL Soft on Динамики (MCHOSE V9 PRO)
[10:53:41] [Thread-30/INFO] OpenAL initialized.
[10:53:41] [Client thread/INFO] Sound engine reloaded
[10:53:41] [Client thread/INFO] Start loading of mod VoidMod
[10:53:41] [Client thread/INFO] Loading mod VoidMod v1.0+cb03bcc by ZeksterP
[10:53:41] [Client thread/INFO] [STDOUT]: [Enginex v5.13.11-TEST-2 - VoidMod] VAO support: true
[10:53:42] [Client thread/INFO] [STDOUT]: [Enginex v5.13.11-TEST-2 - VoidMod] Initialization with mod VoidMod
[10:53:42] [ForkJoinPool.commonPool-worker-7/WARN] Unable to load variant: axis=x from minecraft:lodestone#axis=x
[10:53:42] [ForkJoinPool.commonPool-worker-7/WARN] Unable to load variant: axis=y from minecraft:lodestone#axis=y
[10:53:42] [ForkJoinPool.commonPool-worker-7/WARN] Unable to load variant: axis=z from minecraft:lodestone#axis=z
[10:53:42] [ForkJoinPool.commonPool-worker-7/ERROR] Unable to load item model: 'minecraft:mcpatcher/cit/others/megumin_hat#inventory' for item: 'minecraft:mcpatcher/cit/others/megumin_hat'
[10:53:42] [ForkJoinPool.commonPool-worker-7/INFO] [OptiFine] Mipmap levels: 4
[10:53:42] [ForkJoinPool.commonPool-worker-7/INFO] [OptiFine] Multi-texturing: false
[10:53:42] [ForkJoinPool.commonPool-worker-7/INFO] [OptiFine] Multipass connected textures: false
[10:53:42] [ForkJoinPool.commonPool-worker-7/INFO] [OptiFine] BetterGrass: Parsing default configuration optifine/bettergrass.properties
[10:53:42] [ForkJoinPool.commonPool-worker-7/FATAL] [OptiFine] Scaled too small texture: minecraft:particles/glow_2, 8 -> 16
[10:53:42] [ForkJoinPool.commonPool-worker-7/FATAL] [OptiFine] Scaled too small texture: minecraft:particles/glow_1, 8 -> 16
[10:53:42] [ForkJoinPool.commonPool-worker-7/FATAL] [OptiFine] Scaled too small texture: minecraft:particles/glow_0, 8 -> 16
[10:53:42] [ForkJoinPool.commonPool-worker-7/FATAL] [OptiFine] Scaled too small texture: minecraft:particles/glow_6, 8 -> 16
[10:53:42] [ForkJoinPool.commonPool-worker-7/FATAL] [OptiFine] Scaled too small texture: minecraft:particles/glow_5, 8 -> 16
[10:53:42] [ForkJoinPool.commonPool-worker-7/FATAL] [OptiFine] Scaled too small texture: minecraft:particles/glow_4, 8 -> 16
[10:53:42] [ForkJoinPool.commonPool-worker-7/FATAL] [OptiFine] Scaled too small texture: minecraft:particles/glow_3, 8 -> 16
[10:53:42] [ForkJoinPool.commonPool-worker-7/FATAL] [OptiFine] Scaled too small texture: minecraft:particles/glow_9, 8 -> 16
[10:53:42] [ForkJoinPool.commonPool-worker-7/FATAL] [OptiFine] Scaled too small texture: minecraft:particles/glow_8, 8 -> 16
[10:53:42] [ForkJoinPool.commonPool-worker-7/FATAL] [OptiFine] Scaled too small texture: minecraft:particles/glow_7, 8 -> 16
[10:53:42] [ForkJoinPool.commonPool-worker-7/ERROR] Using missing texture, unable to load minecraft:textures/items/wooden_sword.png
[10:53:42] [ForkJoinPool.commonPool-worker-7/FATAL] [OptiFine] Scaled too small texture: minecraft:particles/glow_11, 8 -> 16
[10:53:42] [ForkJoinPool.commonPool-worker-7/FATAL] [OptiFine] Scaled too small texture: minecraft:particles/glow_10, 8 -> 16
[10:53:42] [ForkJoinPool.commonPool-worker-7/FATAL] [OptiFine] Scaled too small texture: minecraft:particles/glow_13, 8 -> 16
[10:53:42] [ForkJoinPool.commonPool-worker-7/FATAL] [OptiFine] Scaled too small texture: minecraft:particles/glow_12, 8 -> 16
[10:53:42] [ForkJoinPool.commonPool-worker-7/FATAL] [OptiFine] Scaled too small texture: minecraft:particles/glow_15, 8 -> 16
[10:53:42] [ForkJoinPool.commonPool-worker-7/FATAL] [OptiFine] Scaled too small texture: minecraft:particles/glow_14, 8 -> 16
[10:53:42] [ForkJoinPool.commonPool-worker-7/FATAL] [OptiFine] Scaled non power of 2: minecraft:mcpatcher/cit/items/bad_omen, 18 -> 32
[10:53:42] [ForkJoinPool.commonPool-worker-7/FATAL] [OptiFine] Scaled non power of 2: minecraft:mcpatcher/cit/items/trial_omen, 18 -> 32
[10:53:42] [ForkJoinPool.commonPool-worker-7/INFO] load sprites for 12ms
[10:53:42] [ForkJoinPool.commonPool-worker-7/INFO] Created: 1024x1024 textures-atlas in 29ms
[10:53:42] [Client thread/INFO] [STDOUT]: [Enginex v5.13.11-TEST-2 - VoidMod] Successfully initialized
[10:53:42] [Client thread/INFO] Loaded mod VoidMod v1.0+cb03bcc in 792 ms
[10:53:42] [Client thread/INFO] [STDOUT]: [Enginex v5.16.1 - Wada] [Wada/debug] handshake complete (w4:load), awaitingHandshake=false, sessionId=2
[10:53:43] [ForkJoinPool.commonPool-worker-5/INFO] [DEBUG] Atlas assembly for 4.546ms
[10:53:43] [Client thread/INFO] [DEBUG] upload atlas for 1.779ms
[10:53:43] [Client thread/INFO] [DEBUG] Generate mipmaps for 0.003ms
[10:53:43] [Client thread/INFO] [OptiFine] Animated sprites: 0
[10:53:43] [Client thread/INFO] [OptiFine] CustomColors: Loading mcpatcher/color.properties
[10:53:43] [Client thread/INFO] Textures loaded for 766.714ms
[10:54:42] [Client thread/INFO] [CHAT] [30] I ┃ TheFoolLotm » стойте
[10:54:48] [Client thread/INFO] [CHAT] [30] I ┃ TheFoolLotm » вроде обелиск тут надо пройти
[10:54:52] [Client thread/INFO] [CHAT] [15] DisabledGoldD » теневой
[10:56:14] [Client thread/INFO] [CHAT] [30] I ┃ TheFoolLotm » 2 на лево 2 право
[10:58:57] [Client thread/INFO] [CHAT] [30] I ┃ TheFoolLotm » 5 mobov
[11:02:05] [Client thread/INFO] [CHAT] [28] I ┃ JonY_00 » Кто пойдёт в пати гриндить
[11:03:56] [Client thread/INFO] [CHAT] [28] I ┃ JonY_00 » Кто пойдёт в пати гриндить?
[11:06:01] [Client thread/INFO] [CHAT] [30] Treefrei66 » [Секрет алхимиков ☬ +5]
[11:06:32] [Client thread/INFO] [CHAT] [30] V ┃ Paranoiid » [Обугленный череп x 29]
[11:06:41] [Client thread/INFO] [CHAT] [28] I ┃ JonY_00 » Кто пойдёт в пати гриндить?
[11:07:33] [Client thread/INFO] [CHAT] [19] Snowel2Life » тут реген работает вне зависимости находишься в бою или нет?
[11:07:44] [Client thread/INFO] [CHAT] [30] I ┃ TheFoolLotm » da
[11:07:46] [Client thread/INFO] [CHAT] [19] Snowel2Life » хм
[11:08:39] [Client thread/INFO] [CHAT] [5] chmmonya » зачем нужен слот фантазии и как его использовать ?
[11:08:39] [Client thread/INFO] [CHAT] Авто-кликер включен
[11:08:50] [Client thread/INFO] [CHAT] [19] Snowel2Life » доп бонус
[11:08:55] [Client thread/INFO] [CHAT] [19] Snowel2Life » играй и они откроются
[11:08:58] [Client thread/INFO] [CHAT] [28] P ┃ Tveiv » в запуске слева ты можешь засунуть фантазию
[11:08:58] [Client thread/INFO] [CHAT] [5] chmmonya » как использовать
[11:09:03] [Client thread/INFO] [CHAT] [19] Snowel2Life » шмотка нужна
[11:10:22] [Client thread/INFO] [CHAT] [28] I ┃ JonY_00 » Кто пойдёт в пати гриндить?
[11:14:20] [Client thread/INFO] [CHAT] [3] MOHCTPIK24 » а как тут продавать вещи
[11:15:09] [Client thread/INFO] [CHAT] [28] I ┃ JonY_00 » Кто пойдёт в пати гриндить?
[11:19:41] [Client thread/INFO] [CHAT] [28] I ┃ JonY_00 » Кто пойдёт в пати гриндить?
[11:20:07] [Client thread/INFO] [CHAT] [30] D ┃ mokashi » чот уже и не хочу чот уже и не надо
[11:24:31] [Client thread/INFO] [CHAT] [5] chmmonya » Сколько всего бонусов в акреционном диске ? срочно
[11:24:34] [Client thread/INFO] [CHAT] [30] I ┃ TheFoolLotm » 4
[11:24:49] [Client thread/INFO] [CHAT] [30] D ┃ mokashi » привет
[11:24:52] [Client thread/INFO] [CHAT] [30] I ┃ TheFoolLotm » q
[11:25:40] [Client thread/INFO] [CHAT] [30] I ┃ TheFoolLotm » 0
[11:26:25] [Client thread/INFO] [CHAT] [30] I ┃ TheFoolLotm » 4
[11:26:36] [Client thread/INFO] [CHAT] [28] I ┃ JonY_00 » Кто пойдёт в пати гриндить?
[11:26:36] [Client thread/INFO] [CHAT] [30] D ┃ mokashi » ты вв 25 типа или чо
[11:26:58] [Client thread/INFO] [CHAT] [30] I ┃ TheFoolLotm » gg
[11:27:12] [Client thread/INFO] [CHAT] [30] I ┃ TheFoolLotm » xd
[11:27:26] [Client thread/INFO] [CHAT] [30] I ┃ TheFoolLotm » по 50к урона сносил? вот что значит шотать
[11:27:34] [Client thread/INFO] [CHAT] [30] V ┃ Paranoiid » да
[11:27:35] [Client thread/INFO] [CHAT] [30] I ┃ TheFoolLotm » жаль такое не сделать на боссе
[11:27:35] [Client thread/INFO] [CHAT] [30] D ┃ mokashi » ты на какой локе
[11:27:39] [Client thread/INFO] [CHAT] [30] I ┃ TheFoolLotm » 25
[11:28:35] [Client thread/INFO] [CHAT] [30] I ┃ TheFoolLotm » Длань пыль сапоги
[11:29:46] [Client thread/INFO] [CHAT] [30] V ┃ Paranoiid » Кто на 27 пойдет 1 чел нужен
[11:29:49] [Client thread/INFO] [CHAT] [30] D ┃ mokashi » ща
[11:30:01] [Client thread/INFO] [CHAT] [30] D ┃ mokashi » я закончу
[11:30:03] [Client thread/INFO] [CHAT] [28] I ┃ JonY_00 » +
[11:30:06] [Client thread/INFO] [CHAT] [30] V ┃ Paranoiid » Волна?
[11:30:11] [Client thread/INFO] [CHAT] [30] D ┃ mokashi » 17
[11:30:13] [Client thread/INFO] [CHAT] [30] V ┃ Paranoiid » пон
[11:30:19] [Client thread/INFO] [CHAT] [30] V ┃ Paranoiid » Но ребят нам 1 нужен
[11:30:25] [Client thread/INFO] [CHAT] [30] D ┃ mokashi » ща 19 уже
[11:30:36] [Client thread/INFO] [CHAT] [30] V ┃ Paranoiid » жлем
[11:30:38] [Client thread/INFO] [CHAT] [28] MVP ┃ Petro1234 » [Пламекос ♆ +2]
[11:30:39] [Client thread/INFO] [CHAT] [28] MVP ┃ Petro1234 » хрень?
[11:30:47] [Client thread/INFO] [CHAT] [30] V ┃ Paranoiid » типо да но типо нет
[11:30:50] [Client thread/INFO] [CHAT] [28] I ┃ JonY_00 » кк
[11:30:57] [Client thread/INFO] [CHAT] [28] I ┃ JonY_00 » если ещё надо будет зовите
[11:31:19] [Client thread/INFO] [CHAT] [30] D ┃ mokashi » я закончил [Карта созвездий]
[11:31:27] [Client thread/INFO] [CHAT] [30] I ┃ TheFoolLotm » emaaa
[11:31:31] [Client thread/INFO] [CHAT] [30] V ┃ Paranoiid » Заходи в пати
[11:33:04] [Client thread/INFO] [CHAT] [30] I ┃ TheFoolLotm » [Меч Катастрофы, бич целителей ♨ +1]
[11:33:06] [Client thread/INFO] [CHAT] [30] I ┃ TheFoolLotm » [Арбалет последователя Бедствия ♡ +8]
[11:33:08] [Client thread/INFO] [CHAT] [30] I ┃ TheFoolLotm » [Змеиное копье ⚝ +8]
[11:33:18] [Client thread/INFO] [CHAT] [30] I ┃ TheFoolLotm » [Осколок Луны]
[11:33:21] [Client thread/INFO] [CHAT] [30] D ┃ mokashi » [Приговор ♨ +9]
[11:33:28] [Client thread/INFO] [CHAT] [30] V ┃ Paranoiid » [Приговор ☠ +9]
[11:33:32] [Client thread/INFO] [CHAT] [30] E ┃ Cyrene » [Приговор ♨ +10]
[11:33:52] [Client thread/INFO] [CHAT] [30] E ┃ Cyrene » по обычке надо закинуть вам как-будто
[11:34:44] [Client thread/INFO] [CHAT] [28] I ┃ JonY_00 » куда девать повторки заклинаний?
[11:34:45] [Client thread/INFO] [CHAT] Авто-кликер выключен
[11:34:46] [Client thread/INFO] [CHAT] Авто-кликер включен
[11:34:51] [Client thread/INFO] [CHAT] [30] E ┃ Cyrene » выкинуть можешь
[11:35:05] [Client thread/INFO] [CHAT] Получено 41 звезд
[11:35:05] [Client thread/INFO] [CHAT] Урон игрока Tveiv: 4138
[11:35:08] [Client thread/INFO] [CHAT] Tveiv получил Чаша Победителей
[11:35:38] [Client thread/INFO] [CHAT] [10] Pokygorilla » лучше крутка или магазин?
[11:36:04] [Client thread/INFO] [CHAT] Получено 33 звезд
[11:36:04] [Client thread/INFO] [CHAT] Урон игрока Tveiv: 8142
[11:36:10] [Client thread/INFO] [CHAT] Tveiv получил Катастрофизация
[11:36:31] [Client thread/INFO] [CHAT] На Вас наложено Проклятие Страха, Ваш вампиризм заблокирован
[11:36:46] [Client thread/INFO] [CHAT] [28] I ┃ JonY_00 » кто с каким сетом играет?
[11:36:49] [Client thread/INFO] [CHAT] Получено 37 звезд
[11:36:49] [Client thread/INFO] [CHAT] Урон игрока Tveiv: 6294
[11:36:52] [Client thread/INFO] [CHAT] Tveiv получил Бонус уклонения
[11:36:53] [Client thread/INFO] [CHAT] [30] D ┃ mokashi » бедствия
[11:36:57] [Client thread/INFO] [CHAT] На Вас наложено Проклятие Страха, Ваш вампиризм заблокирован
[11:36:59] [Client thread/INFO] [CHAT] [30] I ┃ TheFoolLotm » ауру юзаешь?
[11:37:23] [Client thread/INFO] [CHAT] На Вас наложено Проклятие Страха, Ваш вампиризм заблокирован
[11:37:32] [Client thread/INFO] [CHAT] Tveiv получил Башня яркой Луны
[11:37:32] [Client thread/INFO] [CHAT] Получено 42 звезд
[11:37:32] [Client thread/INFO] [CHAT] Урон игрока Tveiv: 7381
[11:37:35] [Client thread/INFO] [CHAT] Tveiv получил Ничего
[11:37:39] [Client thread/INFO] [CHAT] Tveiv получил Никтофобия
[11:38:15] [Client thread/INFO] [CHAT] На Вас наложено Проклятие Страха, Ваш вампиризм заблокирован
[11:38:21] [Client thread/INFO] [CHAT] Объект появляется в комнате. Это конец величественных звёзд.
[11:38:33] [Client thread/INFO] [CHAT] Вы уклонились на 29%
[11:38:37] [Client thread/INFO] [CHAT] Вы уклонились на 44%
[11:38:39] [Client thread/INFO] [CHAT] Вы уклонились на 44%
[11:38:40] [Client thread/INFO] [CHAT] Вы уклонились на 32%
[11:38:41] [Client thread/INFO] [CHAT] На Вас наложено Проклятие Страха, Ваш вампиризм заблокирован
[11:38:43] [Client thread/INFO] [CHAT] Вы уклонились на 49%
[11:38:44] [Client thread/INFO] [CHAT] Вы уклонились на 46%
[11:38:53] [Client thread/INFO] [CHAT] [28] I ┃ JonY_00 » Кто пойдёт в пати гриндить?
[11:38:54] [Client thread/INFO] [CHAT] На Вас наложено Проклятие Крови, Вы получаете урон за каждую нанесенную атаку
[11:38:55] [Client thread/INFO] [CHAT] Tveiv получил Ледяная колыбель
[11:38:57] [Client thread/INFO] [CHAT] VoidGame » Мана кончилась и ясность мысли покидает Вас!
[11:38:58] [Client thread/INFO] [CHAT] VoidGame » Мана кончилась и ясность мысли покидает Вас!
[11:38:59] [Client thread/INFO] [CHAT] VoidGame » Мана кончилась и ясность мысли покидает Вас!
[11:39:00] [Client thread/INFO] [CHAT] Вы уклонились на 37%
[11:39:02] [Client thread/INFO] [CHAT] Вы уклонились на 42%
[11:39:07] [Client thread/INFO] [CHAT] На Вас наложено Проклятие Страха, Ваш вампиризм заблокирован
[11:39:19] [Client thread/INFO] [CHAT] Вы уклонились на 41%
[11:39:29] [Client thread/INFO] [CHAT] Вы уклонились на 46%
[11:39:33] [Client thread/INFO] [CHAT] Вы уклонились на 27%
[11:39:44] [Client thread/INFO] [CHAT] Получено 29 звезд
[11:39:44] [Client thread/INFO] [CHAT] Урон игрока Tveiv: 9410
[11:39:46] [Client thread/INFO] [CHAT] На Вас наложено Проклятие Крови, Вы получаете урон за каждую нанесенную атаку
[11:39:46] [Client thread/INFO] [CHAT] Tveiv получил Острый клинок
[11:40:01] [Client thread/INFO] [CHAT] Вы уклонились на 41%
[11:40:18] [Client thread/INFO] [CHAT] Вы уклонились на 45%
[11:40:21] [Client thread/INFO] [CHAT] Вы уклонились на 34%
[11:40:25] [Client thread/INFO] [CHAT] На Вас наложено Проклятие Крови, Вы получаете урон за каждую нанесенную атаку
[11:40:38] [Client thread/INFO] [CHAT] На Вас наложено Проклятие Крови, Вы получаете урон за каждую нанесенную атаку
[11:40:44] [Client thread/INFO] [CHAT] Вы уклонились на 50%
[11:40:45] [Client thread/INFO] [CHAT] Вы уклонились на 45%
[11:40:58] [Client thread/INFO] [CHAT] Прошла минута с начала волны! Урон противников увеличен на 25%
[11:41:04] [Client thread/INFO] [CHAT] На Вас наложено Проклятие Страха, Ваш вампиризм заблокирован
[11:41:08] [Client thread/INFO] [CHAT] Вы уклонились на 43%
[11:41:14] [Client thread/INFO] [CHAT] Получено 18 звезд
[11:41:14] [Client thread/INFO] [CHAT] Урон игрока Tveiv: 26224
[11:41:16] [Client thread/INFO] [CHAT] Tveiv получил Кукла вуду
[11:41:17] [Client thread/INFO] [CHAT] На Вас наложено Проклятие Страха, Ваш вампиризм заблокирован
[11:41:36] [Client thread/INFO] [CHAT] Потеряно 53 звезд
[11:41:36] [Client thread/INFO] [CHAT] Tveiv получил Маноед
[11:41:41] [Client thread/INFO] [CHAT] Потеряно 53 звезд
[11:41:41] [Client thread/INFO] [CHAT] Tveiv получил Спарагмос
[11:41:43] [Client thread/INFO] [CHAT] Потеряно 53 звезд
[11:41:43] [Client thread/INFO] [CHAT] Tveiv получил Возвышение на Юпитер
[11:41:43] [Client thread/INFO] [CHAT] На Вас наложено Проклятие Крови, Вы получаете урон за каждую нанесенную атаку
[11:41:56] [Client thread/INFO] [CHAT] На Вас наложено Проклятие Крови, Вы получаете урон за каждую нанесенную атаку
[11:42:06] [Client thread/INFO] [CHAT] Вы уклонились на 25%
[11:42:13] [Client thread/INFO] [CHAT] Tveiv получил Бонус здоровья
[11:42:18] [Client thread/INFO] [CHAT] Получено 37 звезд
[11:42:18] [Client thread/INFO] [CHAT] Урон игрока Tveiv: 11420
[11:42:20] [Client thread/INFO] [CHAT] Tveiv получил Сетка для ловли звёзд
[11:42:26] [Client thread/INFO] [CHAT] Потеряно 54 звезд
[11:42:26] [Client thread/INFO] [CHAT] Tveiv получил Ничего
[11:42:29] [Client thread/INFO] [CHAT] [30] D ┃ 180381 » ЧТО ТАКОЕ УВЕДАНИЕ?
[11:42:35] [Client thread/INFO] [CHAT] На Вас наложено Проклятие Страха, Ваш вампиризм заблокирован
[11:42:37] [Client thread/INFO] [CHAT] Получено 62 звезд
[11:42:37] [Client thread/INFO] [CHAT] Урон игрока Tveiv: 7082
[11:42:39] [Client thread/INFO] [CHAT] Tveiv получил Охотник за головами
[11:42:43] [Client thread/INFO] [CHAT] [21] thedarkhunter » а капсом зач?
[11:42:43] [Client thread/INFO] [CHAT] Потеряно 56 звезд
[11:42:43] [Client thread/INFO] [CHAT] Tveiv получил Ничего
[11:42:48] [Client thread/INFO] [CHAT] Вы уклонились на 33%
[11:42:48] [Client thread/INFO] [CHAT] На Вас наложено Проклятие Крови, Вы получаете урон за каждую нанесенную атаку
[11:42:50] [Client thread/INFO] [CHAT] [30] D ┃ AndreWiking » мб забыл выключить
[11:42:56] [Client thread/INFO] [CHAT] Вы уклонились на 47%
[11:43:02] [Client thread/INFO] [CHAT] Вы уклонились на 32%
[11:43:03] [Client thread/INFO] [CHAT] Получено 57 звезд
[11:43:03] [Client thread/INFO] [CHAT] Урон игрока Tveiv: 11934
[11:43:05] [Client thread/INFO] [CHAT] Tveiv получил Непоколебимость Победителя
[11:43:07] [Client thread/INFO] [CHAT] Tveiv получил Расимафикация
[11:43:07] [Client thread/INFO] [CHAT] [30] D ┃ AndreWiking » а обязательно проходить все обелиски в 27?
[11:43:13] [Client thread/INFO] [CHAT] [30] D ┃ 180381 » -
[11:43:19] [Client thread/INFO] [CHAT] Вы уклонились на 40%
[11:43:27] [Client thread/INFO] [CHAT] На Вас наложено Проклятие Страха, Ваш вампиризм заблокирован
[11:43:28] [Client thread/INFO] [CHAT] Вы уклонились на 25%
[11:43:32] [Client thread/INFO] [CHAT] [6] ezka2291 » кто поможет горизот событий пройти?
[11:43:39] [Client thread/INFO] [CHAT] Tveiv получил Бонус маны
[11:43:40] [Client thread/INFO] [CHAT] На Вас наложено Проклятие Страха, Ваш вампиризм заблокирован
[11:43:43] [Client thread/INFO] [CHAT] Tveiv получил Самосознающие стрелы
[11:43:44] [Client thread/INFO] [CHAT] [28] I ┃ JonY_00 » [Пробужденный ловец снов +9] может быть с меткой или никак?
[11:43:45] [Client thread/INFO] [CHAT] Tveiv получил Бонус скорости x2
[11:43:47] [Client thread/INFO] [CHAT] Получено 51 звезд
[11:43:47] [Client thread/INFO] [CHAT] Урон игрока Tveiv: 17404
[11:43:47] [Client thread/INFO] [CHAT] [30] I ┃ TheFoolLotm » net
[11:43:52] [Client thread/INFO] [CHAT] Tveiv получил Разрушитель звёзд
[11:43:53] [Client thread/INFO] [CHAT] На Вас наложено Проклятие Крови, Вы получаете урон за каждую нанесенную атаку
[11:44:01] [Client thread/INFO] [CHAT] [28] I ┃ JonY_00 » Говяно чё сказать
[11:44:06] [Client thread/INFO] [CHAT] [28] I ┃ JonY_00 » Есть смысл с ним играть тогда?
[11:44:08] [Client thread/INFO] [CHAT] Потеряно 55 звезд
[11:44:08] [Client thread/INFO] [CHAT] Tveiv получил Возвышение на Юпитер
[11:44:09] [Client thread/INFO] [CHAT] [30] D ┃ AndreWiking » да
[11:44:09] [Client thread/INFO] [CHAT] [28] I ┃ JonY_00 » Или забить
[11:44:09] [Client thread/INFO] [CHAT] Потеряно 55 звезд
[11:44:09] [Client thread/INFO] [CHAT] Tveiv получил Разрушитель звёзд
[11:44:12] [Client thread/INFO] [CHAT] Убийца появляется в комнате.
[11:44:13] [Client thread/INFO] [CHAT] Истребитель людей: Странник Тьмы, я пришел сыграть с тобой в одну игру. На моей родине, ещё детьми, мы часто в неё играли. Правила таковы: Находишь добычу и даешь ей время на побег. Я даю тебе 90 секунд, чтобы ты сбежал. Ежели ты не справишься, тебя ждёт смерть.
[11:44:17] [Client thread/INFO] [CHAT] Каждую волну, Вы получаете эффект добычи на 90 секунд. Как только длительность эффекта дойдет до 0, явится сама смерть.
[11:44:17] [Client thread/INFO] [CHAT] Прохождение волны сбрасывает эффект. Пройдите 4 волны, чтобы избавиться от эффекта.
[11:44:29] [Client thread/INFO] [CHAT] Tveiv получил Бонус брони x2
[11:44:32] [Client thread/INFO] [CHAT] Вы уклонились на 46%
[11:44:45] [Client thread/INFO] [CHAT] На Вас наложено Проклятие Крови, Вы получаете урон за каждую нанесенную атаку
[11:44:58] [Client thread/INFO] [CHAT] Tveiv получил Бонус урона x2
[11:45:06] [Client thread/INFO] [CHAT] Получено 40 звезд
[11:45:06] [Client thread/INFO] [CHAT] Получено 112 звезд
[11:45:06] [Client thread/INFO] [CHAT] Урон игрока Tveiv: 10641
[11:45:24] [Client thread/INFO] [CHAT] Вы уклонились на 34%
[11:45:30] [Client thread/INFO] [CHAT] Наездник бездны: *Противник получил увеличение урона!*
[11:45:33] [Client thread/INFO] [CHAT] Вы уклонились на 41%
[11:45:35] [Client thread/INFO] [CHAT] Вы уклонились на 49%
[11:45:36] [Client thread/INFO] [CHAT] Вы уклонились на 31%
[11:45:37] [Client thread/INFO] [CHAT] На Вас наложено Проклятие Страха, Ваш вампиризм заблокирован
[11:45:50] [Client thread/INFO] [CHAT] На Вас наложено Проклятие Страха, Ваш вампиризм заблокирован
[11:45:51] [Client thread/INFO] [CHAT] [10] Pokygorilla » ломай
[11:46:00] [Client thread/INFO] [CHAT] Вы уклонились на 30%
[11:46:08] [Client thread/INFO] [CHAT] Получено 39 звезд
[11:46:08] [Client thread/INFO] [CHAT] Получено 112 звезд
[11:46:08] [Client thread/INFO] [CHAT] Урон игрока Tveiv: 24923
[11:46:12] [Client thread/INFO] [CHAT] [30] D ┃ AndreWiking » а прокачки на 27 есть?
[11:46:29] [Client thread/INFO] [CHAT] На Вас наложено Проклятие Крови, Вы получаете урон за каждую нанесенную атаку
[11:46:36] [Client thread/INFO] [CHAT] Последователи Бедствия появляются в комнате.
[11:46:37] [Client thread/INFO] [CHAT] Наследница Бедствия: Странник Тьмы, ты же направляешься к Расиме?
[11:46:38] [Client thread/INFO] [CHAT] Наследница Бедствия: Мы можем помочь друг-другу.
[11:46:40] [Client thread/INFO] [CHAT] Наследница Бедствия: В битве с Расимой, мы будем на твоей стороне. Согласен?
[11:46:42] [Client thread/INFO] [CHAT] Наследница Бедствия: Ты ещё пожалеешь об этом.
[11:46:55] [Client thread/INFO] [CHAT] Вы уклонились на 37%
[11:46:55] [Client thread/INFO] [CHAT] Вы уклонились на 31%
[11:47:01] [Client thread/INFO] [CHAT] [10] Pokygorilla » пропусти
[11:47:04] [Client thread/INFO] [CHAT] Tveiv получил Бонус урона x2
[11:47:04] [Client thread/INFO] [CHAT] Получено 57 звезд
[11:47:04] [Client thread/INFO] [CHAT] Получено 112 звезд
[11:47:04] [Client thread/INFO] [CHAT] Урон игрока Tveiv: 10807
[11:47:05] [Client thread/INFO] [CHAT] [6] ezka2291 » как?
[11:47:08] [Client thread/INFO] [CHAT] На Вас наложено Проклятие Страха, Ваш вампиризм заблокирован
[11:47:10] [Client thread/INFO] [CHAT] [10] Pokygorilla » тыкай сбежать
[11:47:19] [Client thread/INFO] [CHAT] Потеряно 226 звезд
[11:47:19] [Client thread/INFO] [CHAT] Tveiv получил Замок без ключа
[11:47:21] [Client thread/INFO] [CHAT] На Вас наложено Проклятие Крови, Вы получаете урон за каждую нанесенную атаку
[11:47:24] [Client thread/INFO] [CHAT] Исцеление появляется в комнате.
[11:47:27] [Client thread/INFO] [CHAT] Tveiv получил Бонус здоровья x10
[11:47:27] [Client thread/INFO] [CHAT] Расима: Позволь мне избавить тебя от болезней и шрамов.
[11:47:34] [Client thread/INFO] [CHAT] На Вас наложено Проклятие Крови, Вы получаете урон за каждую нанесенную атаку
[11:47:35] [Client thread/INFO] [CHAT] Вампиризм сброшен!
[11:47:47] [Client thread/INFO] [CHAT] Вампиризм сброшен!
[11:47:47] [Client thread/INFO] [CHAT] На Вас наложено Проклятие Страха, Ваш вампиризм заблокирован
[11:47:52] [Client thread/INFO] [CHAT] Получено 54 звезд
[11:47:52] [Client thread/INFO] [CHAT] Tveiv получил Контроль
[11:47:52] [Client thread/INFO] [CHAT] Получено 112 звезд
[11:47:52] [Client thread/INFO] [CHAT] Урон игрока Tveiv: 11184
[11:47:57] [Client thread/INFO] [CHAT] Tveiv получил Атомный комар
[11:47:59] [Client thread/INFO] [CHAT] [30] I ┃ TheFoolLotm » ne rabotaet
[11:48:00] [Client thread/INFO] [CHAT] На Вас наложено Проклятие Крови, Вы получаете урон за каждую нанесенную атаку
[11:48:03] [Client thread/INFO] [CHAT] Потеряно 68 звезд
[11:48:03] [Client thread/INFO] [CHAT] Tveiv получил Ничего
[11:48:08] [Client thread/INFO] [CHAT] Потеряно 57 звезд
[11:48:08] [Client thread/INFO] [CHAT] Tveiv получил Бонус урона x4
[11:48:08] [Client thread/INFO] [CHAT] Tveiv получил Бонус уклонения x4
[11:48:08] [Client thread/INFO] [CHAT] Tveiv получил Небытие
[11:48:11] [Client thread/INFO] [CHAT] Маленькие проклинатели залетают в комнату, Вам следует быть осторожными с ними.
[11:48:12] [Client thread/INFO] [CHAT] Маленький проклинатель: Сладкий, вкусный Странник Тьмы, просим тебя, прими наши небольшие подарки.
[11:48:13] [Client thread/INFO] [CHAT] На Вас наложено Проклятие Крови, Вы получаете урон за каждую нанесенную атаку
[11:48:19] [Client thread/INFO] [CHAT] Вы уклонились на 47%
[11:48:24] [Client thread/INFO] [CHAT] Вы уклонились на 47%
[11:48:26] [Client thread/INFO] [CHAT] На Вас наложено Проклятие Страха, Ваш вампиризм заблокирован
[11:48:30] [Client thread/INFO] [CHAT] Вы уклонились на 31%
[11:48:30] [Client thread/INFO] [CHAT] Вы уклонились на 40%
[11:48:33] [Client thread/INFO] [CHAT] Вы уклонились на 49%
[11:48:36] [Client thread/INFO] [CHAT] Вы уклонились на 30%
[11:48:39] [Client thread/INFO] [CHAT] На Вас наложено Проклятие Страха, Ваш вампиризм заблокирован
[11:48:40] [Client thread/INFO] [CHAT] Вы уклонились на 32%
[11:48:41] [Client thread/INFO] [CHAT] Вы уклонились на 33%
[11:48:41] [Client thread/INFO] [CHAT] Вы уклонились на 38%
[11:48:41] [Client thread/INFO] [CHAT] Вы уклонились на 28%
[11:48:42] [Client thread/INFO] [CHAT] Вы уклонились на 50%
[11:48:44] [Client thread/INFO] [CHAT] Получено 54 звезд
[11:48:44] [Client thread/INFO] [CHAT] Получено 112 звезд
[11:48:44] [Client thread/INFO] [CHAT] Урон игрока Tveiv: 13149
[11:48:55] [Client thread/INFO] [CHAT] Потеряно 70 звезд
[11:48:55] [Client thread/INFO] [CHAT] Tveiv получил Бонус урона
[11:48:55] [Client thread/INFO] [CHAT] Tveiv получил Бонус уклонения
[11:48:55] [Client thread/INFO] [CHAT] Tveiv получил Ничего
[11:49:18] [Client thread/INFO] [CHAT] На Вас наложено Проклятие Страха, Ваш вампиризм заблокирован
[11:49:20] [Client thread/INFO] [CHAT] Вампиризм сброшен!
[11:49:23] [Client thread/INFO] [CHAT] Вампиризм сброшен!
[11:49:24] [Client thread/INFO] [CHAT] Вы уклонились на 36%
[11:49:28] [Client thread/INFO] [CHAT] Вы уклонились на 36%
[11:49:29] [Client thread/INFO] [CHAT] Tveiv получил Бонус скорости x2
[11:49:30] [Client thread/INFO] [CHAT] Вы уклонились на 32%
[11:49:31] [Client thread/INFO] [CHAT] На Вас наложено Проклятие Страха, Ваш вампиризм заблокирован
[11:49:38] [Client thread/INFO] [CHAT] Вы уклонились на 39%
[11:49:40] [Client thread/INFO] [CHAT] На Вас наложен Яростный взор, Вы получаете урон, когда смотрите на существ
[11:49:43] [Client thread/INFO] [CHAT] Вы уклонились на 43%
[11:49:45] [Client thread/INFO] [CHAT] Вы уклонились на 50%
[11:49:51] [Client thread/INFO] [CHAT] Вы уклонились на 32%
[11:49:58] [Client thread/INFO] [CHAT] Вы уклонились на 32%
[11:50:01] [Client thread/INFO] [CHAT] Вы уклонились на 29%
[11:50:10] [Client thread/INFO] [CHAT] На Вас наложено Проклятие Страха, Ваш вампиризм заблокирован
[11:50:12] [Client thread/INFO] [CHAT] Вы уклонились на 31%
[11:50:15] [Client thread/INFO] [CHAT] Вы уклонились на 37%
[11:50:16] [Client thread/INFO] [CHAT] Прошла минута с начала волны! Урон противников увеличен на 25%
[11:50:17] [Client thread/INFO] [CHAT] Вы уклонились на 29%
[11:50:17] [Client thread/INFO] [CHAT] Вы уклонились на 42%
[11:50:18] [Client thread/INFO] [CHAT] Вы уклонились на 44%
[11:50:18] [Client thread/INFO] [CHAT] Получено 33 звезд
[11:50:18] [Client thread/INFO] [CHAT] Получено 112 звезд
[11:50:18] [Client thread/INFO] [CHAT] Урон игрока Tveiv: 30460
[11:50:30] [Client thread/INFO] [CHAT] [5] MOHCTPIK24 » отткуда я долежн знать ответы в волнах на вопросыф
[11:50:33] [Client thread/INFO] [CHAT] Вы уклонились на 28%
[11:50:34] [Client thread/INFO] [CHAT] [5] MOHCTPIK24 » когда впервые зашёл
[11:50:35] [Client thread/INFO] [CHAT] Вы уклонились на 27%
[11:50:35] [Client thread/INFO] [CHAT] [30] D ┃ AndreWiking » как проходить эту хрень 27
[11:50:36] [Client thread/INFO] [CHAT] Вы уклонились на 43%
[11:50:38] [Client thread/INFO] [CHAT] Вы уклонились на 38%
[11:50:38] [Client thread/INFO] [CHAT] Вы уклонились на 36%
[11:50:38] [Client thread/INFO] [CHAT] Вы уклонились на 28%
[11:50:39] [Client thread/INFO] [CHAT] Вы уклонились на 27%
[11:50:42] [Client thread/INFO] [CHAT] Tveiv получил Маноед
[11:50:42] [Client thread/INFO] [CHAT] Вы уклонились на 27%
[11:50:47] [Client thread/INFO] [CHAT] На Вас наложен Яростный взор, Вы получаете урон, когда смотрите на существ
[11:50:48] [Client thread/INFO] [CHAT] Вы уклонились на 48%
[11:50:48] [Client thread/INFO] [CHAT] Tveiv получил Бонус скорости x2
[11:50:48] [Client thread/INFO] [CHAT] Вы уклонились на 26%
[11:50:49] [Client thread/INFO] [CHAT] На Вас наложено Проклятие Крови, Вы получаете урон за каждую нанесенную атаку
[11:50:50] [Client thread/INFO] [CHAT] Вы уклонились на 37%
[11:50:50] [Client thread/INFO] [CHAT] На Вас наложен Яростный взор, Вы получаете урон, когда смотрите на существ
[11:50:50] [Client thread/INFO] [CHAT] Вы уклонились на 25%
[11:50:51] [Client thread/INFO] [CHAT] Получено 58 звезд
[11:50:51] [Client thread/INFO] [CHAT] Получено 112 звезд
[11:50:51] [Client thread/INFO] [CHAT] Урон игрока Tveiv: 28437
[11:50:59] [Client thread/INFO] [CHAT] На горизонте маячат гигантские, черные прямоугольники.
[11:50:59] [Client thread/INFO] [CHAT] Вы не можете понять, это чьи-то дома, или же пред вами немыслимые, космические создания.
[11:50:59] [Client thread/FATAL] Error executing task
java.util.concurrent.ExecutionException: java.lang.IllegalArgumentException: URI is not absolute
	at java.base/java.util.concurrent.FutureTask.report(Unknown Source)
	at java.base/java.util.concurrent.FutureTask.get(Unknown Source)
	at #wFFZg.sa(SourceFile:46)
	at #mPGeI.b(SourceFile:52)
	at #QQxhM.sk(SourceFile:1466)
	at #lVFyp.st(SourceFile:1632)
	at #cYnba.sk(SourceFile:487)
	at net.minecraft.client.main.GameMain.a(SourceFile:220)
	at net.minecraft.client.main.GameMain.a(SourceFile:156)
	at #kBJWf.a(Unknown Source)
	at #kBJWf.run(Unknown Source)
	at java.base/java.lang.Thread.run(Unknown Source)
Caused by: java.lang.IllegalArgumentException: URI is not absolute
	at java.base/java.net.URL.of(Unknown Source)
	at #QKiRG.sa(SourceFile:250)
	at #gIFKC.sa(SourceFile:204)
	at !#CoIEI.sa(SourceFile:508)
	at #TBzUk.a(Unknown Source)
	at #TBzUk.run(Unknown Source)
	at java.base/java.util.concurrent.Executors$RunnableAdapter.call(Unknown Source)
	at java.base/java.util.concurrent.FutureTask.run(Unknown Source)
	at #wFFZg.sa(SourceFile:45)
	... 9 more
[11:50:59] [Client thread/FATAL] Error executing task
java.util.concurrent.ExecutionException: java.lang.IllegalArgumentException: URI is not absolute
	at java.base/java.util.concurrent.FutureTask.report(Unknown Source)
	at java.base/java.util.concurrent.FutureTask.get(Unknown Source)
	at #wFFZg.sa(SourceFile:46)
	at #mPGeI.b(SourceFile:52)
	at #QQxhM.sk(SourceFile:1466)
	at #lVFyp.st(SourceFile:1632)
	at #cYnba.sk(SourceFile:487)
	at net.minecraft.client.main.GameMain.a(SourceFile:220)
	at net.minecraft.client.main.GameMain.a(SourceFile:156)
	at #kBJWf.a(Unknown Source)
	at #kBJWf.run(Unknown Source)
	at java.base/java.lang.Thread.run(Unknown Source)
Caused by: java.lang.IllegalArgumentException: URI is not absolute
	at java.base/java.net.URL.of(Unknown Source)
	at #QKiRG.sa(SourceFile:250)
	at #gIFKC.sa(SourceFile:204)
	at !#CoIEI.sa(SourceFile:508)
	at #TBzUk.a(Unknown Source)
	at #TBzUk.run(Unknown Source)
	at java.base/java.util.concurrent.Executors$RunnableAdapter.call(Unknown Source)
	at java.base/java.util.concurrent.FutureTask.run(Unknown Source)
	at #wFFZg.sa(SourceFile:45)
	... 9 more
[11:50:59] [Client thread/FATAL] Error executing task
java.util.concurrent.ExecutionException: java.lang.IllegalArgumentException: URI is not absolute
	at java.base/java.util.concurrent.FutureTask.report(Unknown Source)
	at java.base/java.util.concurrent.FutureTask.get(Unknown Source)
	at #wFFZg.sa(SourceFile:46)
	at #mPGeI.b(SourceFile:52)
	at #QQxhM.sk(SourceFile:1466)
	at #lVFyp.st(SourceFile:1632)
	at #cYnba.sk(SourceFile:487)
	at net.minecraft.client.main.GameMain.a(SourceFile:220)
	at net.minecraft.client.main.GameMain.a(SourceFile:156)
	at #kBJWf.a(Unknown Source)
	at #kBJWf.run(Unknown Source)
	at java.base/java.lang.Thread.run(Unknown Source)
Caused by: java.lang.IllegalArgumentException: URI is not absolute
	at java.base/java.net.URL.of(Unknown Source)
	at #QKiRG.sa(SourceFile:250)
	at #gIFKC.sa(SourceFile:204)
	at !#CoIEI.sa(SourceFile:508)
	at #TBzUk.a(Unknown Source)
	at #TBzUk.run(Unknown Source)
	at java.base/java.util.concurrent.Executors$RunnableAdapter.call(Unknown Source)
	at java.base/java.util.concurrent.FutureTask.run(Unknown Source)
	at #wFFZg.sa(SourceFile:45)
	... 9 more
[11:51:00] [Client thread/INFO] [CHAT] Прямоугольник: ВйЮэЯэсшЗХжЯШЮф
[11:51:02] [Client thread/INFO] [CHAT] Прямоугольник: ПоТКёБаЦНаЫШ
[11:51:02] [Client thread/INFO] [CHAT] На Вас наложено Проклятие Крови, Вы получаете урон за каждую нанесенную атаку
[11:51:07] [Client thread/INFO] [CHAT] Прямоугольник: фГмнПФЛцЬнкЙюйбЙ!
[11:51:07] [Client thread/INFO] [CHAT] Tveiv получил Черные прямоугольники
[11:51:08] [Client thread/INFO] [CHAT] Вы уклонились на 46%
[11:51:13] [Client thread/INFO] [CHAT] Вы уклонились на 42%
[11:51:15] [Client thread/INFO] [CHAT] Вы уклонились на 43%
[11:51:15] [Client thread/INFO] [CHAT] На Вас наложено Проклятие Страха, Ваш вампиризм заблокирован
[11:51:15] [Client thread/INFO] [CHAT] Вы уклонились на 28%
[11:51:18] [Client thread/INFO] [CHAT] Вампиризм сброшен!
[11:51:18] [Client thread/INFO] [CHAT] Вы уклонились на 40%
[11:51:25] [Client thread/INFO] [CHAT] Вы уклонились на 45%
[11:51:25] [Client thread/INFO] [CHAT] Tveiv получил Бонус здоровья
[11:51:26] [Client thread/INFO] [CHAT] Вы уклонились на 26%
[11:51:26] [Client thread/INFO] [CHAT] Вы уклонились на 30%
[11:51:27] [Client thread/INFO] [CHAT] Вы уклонились на 50%
[11:51:29] [Client thread/INFO] [CHAT] Вы уклонились на 47%
[11:51:29] [Client thread/INFO] [CHAT] Вы уклонились на 50%
[11:51:37] [Client thread/INFO] [CHAT] Tveiv получил Бонус скорости
[11:51:39] [Client thread/INFO] [CHAT] Вы уклонились на 46%
[11:51:40] [Client thread/INFO] [CHAT] Вы уклонились на 26%
[11:51:41] [Client thread/INFO] [CHAT] На Вас наложено Проклятие Страха, Ваш вампиризм заблокирован
[11:51:44] [Client thread/INFO] [CHAT] Tveiv получил Спокойствие разума
[11:51:47] [Client thread/INFO] [CHAT] Вы уклонились на 41%
[11:51:47] [Client thread/INFO] [CHAT] Вы уклонились на 48%
[11:51:51] [Client thread/INFO] [CHAT] Вы уклонились на 50%
[11:51:55] [Client thread/INFO] [CHAT] Получено 42 звезд
[11:51:55] [Client thread/INFO] [CHAT] Получено 112 звезд
[11:51:55] [Client thread/INFO] [CHAT] Урон игрока Tveiv: 48325
[11:52:02] [Client thread/INFO] [CHAT] [30] D ┃ AndreWiking » поможет кто нибудь с 27?
[11:52:07] [Client thread/INFO] [CHAT] На Вас наложено Проклятие Крови, Вы получаете урон за каждую нанесенную атаку
[11:52:20] [Client thread/INFO] [CHAT] На Вас наложено Проклятие Крови, Вы получаете урон за каждую нанесенную атаку
[11:52:25] [Client thread/INFO] [CHAT] Вы уклонились на 29%
[11:52:37] [Client thread/INFO] [CHAT] Tveiv получил Бонус скорости
[11:52:45] [Client thread/INFO] [CHAT] Вы уклонились на 35%
[11:52:45] [Client thread/INFO] [CHAT] Вы уклонились на 30%
[11:52:46] [Client thread/INFO] [CHAT] На Вас наложено Проклятие Страха, Ваш вампиризм заблокирован
[11:52:51] [Client thread/INFO] [CHAT] Вы уклонились на 33%
[11:52:55] [Client thread/INFO] [CHAT] Tveiv получил Бонус маны x2
[11:52:58] [Client thread/INFO] [CHAT] Вы уклонились на 48%
[11:52:59] [Client thread/INFO] [CHAT] Вы уклонились на 33%
[11:52:59] [Client thread/INFO] [CHAT] Tveiv получил Бонус брони
[11:52:59] [Client thread/INFO] [CHAT] На Вас наложено Проклятие Страха, Ваш вампиризм заблокирован
[11:53:00] [Client thread/INFO] [CHAT] Вы уклонились на 33%
[11:53:06] [Client thread/INFO] [CHAT] Вы уклонились на 32%
[11:53:07] [Client thread/INFO] [CHAT] Tveiv получил Бонус здоровья
[11:53:07] [Client thread/INFO] [CHAT] Получено 36 звезд
[11:53:07] [Client thread/INFO] [CHAT] Получено 112 звезд
[11:53:07] [Client thread/INFO] [CHAT] Урон игрока Tveiv: 36965
[11:53:09] [Client thread/INFO] [CHAT] Tveiv получил Приманка
[11:53:12] [Client thread/INFO] [CHAT] На Вас наложено Проклятие Крови, Вы получаете урон за каждую нанесенную атаку
[11:53:17] [Client thread/INFO] [CHAT] Потеряно 288 звезд
[11:53:17] [Client thread/INFO] [CHAT] Tveiv получил Танатофобия
[11:53:21] [Client thread/INFO] [CHAT] Потеряно 78 звезд
[11:53:21] [Client thread/INFO] [CHAT] Tveiv получил Бонус урона
[11:53:21] [Client thread/INFO] [CHAT] Tveiv получил Бонус уклонения
[11:53:21] [Client thread/INFO] [CHAT] Tveiv получил Ничего
[11:53:24] [Client thread/INFO] [CHAT] Потеряно 78 звезд
[11:53:24] [Client thread/INFO] [CHAT] Tveiv получил Бонус маны
[11:53:39] [Client thread/INFO] [CHAT] Потеряно 59 звезд
[11:53:39] [Client thread/INFO] [CHAT] Tveiv получил Бонус маны
[11:53:41] [Client thread/INFO] [CHAT] Потеряно 59 звезд
[11:53:41] [Client thread/INFO] [CHAT] Tveiv получил Прогноз погоды
[11:53:46] [Client thread/INFO] [CHAT] Потеряно 59 звезд
[11:53:46] [Client thread/INFO] [CHAT] Tveiv получил Замок без ключа
[11:53:47] [Client thread/INFO] [CHAT] [28] I ┃ JonY_00 » Можем пати ес хоч
[11:53:48] [Client thread/INFO] [CHAT] Потеряно 59 звезд
[11:53:48] [Client thread/INFO] [CHAT] Tveiv получил Унижение
[11:53:49] [Client thread/INFO] [CHAT] Потеряно 59 звезд
[11:53:49] [Client thread/INFO] [CHAT] Tveiv получил Сфера Повелительницы Болезней
[11:53:50] [Client thread/INFO] [CHAT] Потеряно 59 звезд
[11:53:50] [Client thread/INFO] [CHAT] Tveiv получил Долг судьбы
[11:53:52] [Client thread/INFO] [CHAT] Потеряно 59 звезд
[11:53:52] [Client thread/INFO] [CHAT] Tveiv получил Приманка
[11:53:59] [Client thread/INFO] [CHAT] Потеряно 78 звезд
[11:53:59] [Client thread/INFO] [CHAT] Tveiv получил Бонус урона
[11:53:59] [Client thread/ERROR] Error on handle event #aSXWi in Mod{name='VoidMod', version='1.0+cb03bcc', persistent=false, delegate=dev.a.a.a, modState=LOADED}
java.lang.NullPointerException: Cannot invoke "dev.a.a.b.e.b.c.e.k()" because "this.b" is null
	at VoidMod-v1.0+cb03bcc//dev.a.a.b.e.b.c.d.d(SourceFile:24)
	at VoidMod-v1.0+cb03bcc//dev.a.a.b.e.b.c.a.a(SourceFile:81)
	at VoidMod-v1.0+cb03bcc//dev.a.a.b.e.b.c.a.injectedLambda$a$1(SourceFile)
	at VoidMod-v1.0+cb03bcc//a.a.a.c.a.a(SourceFile:1343)
	at VoidMod-v1.0+cb03bcc//dev.a.a.c.a.a(SourceFile:79)
	at VoidMod-v1.0+cb03bcc//dev.a.a.c.a.injectedLambda$a$1(SourceFile)
	at VoidMod-v1.0+cb03bcc//a.a.a.c.a.a(SourceFile:1343)
	at VoidMod-v1.0+cb03bcc//a.a.a.c.a.a(SourceFile:1428)
	at VoidMod-v1.0+cb03bcc//a.a.a.c.a.a(SourceFile:1413)
	at VoidMod-v1.0+cb03bcc//a.a.a.c.a.a(SourceFile:1413)
	at VoidMod-v1.0+cb03bcc//a.a.a.e.b.a(SourceFile:192)
	at VoidMod-v1.0+cb03bcc//a.a.a.e.b.a(SourceFile)
	at VoidMod-v1.0+cb03bcc//a.a.a.e.b.injectedLambda$a$2(SourceFile)
	at #glmBE.sa(SourceFile:56)
	at #VmcMg.a(Unknown Source)
	at #VmcMg.accept(Unknown Source)
	at #Hvwvu.sa(SourceFile:105)
	at #durGt.a(Unknown Source)
	at #durGt.accept(Unknown Source)
	at #IsJOi.sa(SourceFile:59)
	at #Tuhja.a(SourceFile)
	at #YLOEq.sa(SourceFile:89)
	at #qbDVS.sa(SourceFile:100)
	at #uvNju.unsafeHandle(SourceFile)
	at #weeOO.sa(SourceFile:50)
	at !#yQPIf.sc(SourceFile:1096)
	at !#ovwno.sb(SourceFile:721)
	at #FBNcA.d(SourceFile)
	at #KRrhL.b(SourceFile:211)
	at #KRrhL.d(SourceFile)
	at #hnebj.sk(SourceFile:702)
	at #FBNcA.f(SourceFile)
	at #pvwxE.sS(Unknown Source:2102)
	at #ouoZP.sP(SourceFile:2067)
	at #eiNMA.sv(SourceFile:2012)
	at #zSGbB.sa(SourceFile:1482)
	at #lVFyp.st(SourceFile:1634)
	at #cYnba.sk(SourceFile:487)
	at net.minecraft.client.main.GameMain.a(SourceFile:220)
	at net.minecraft.client.main.GameMain.a(SourceFile:156)
	at #kBJWf.a(Unknown Source)
	at #kBJWf.run(Unknown Source)
	at java.base/java.lang.Thread.run(Unknown Source)
[11:53:59] [Client thread/INFO] [CHAT] Потеряно 78 звезд
[11:53:59] [Client thread/INFO] [CHAT] Tveiv получил Бонус брони
[11:54:02] [Client thread/INFO] [CHAT] Звезды падают с небес!
[11:54:04] [Client thread/INFO] [CHAT] На Вас наложено Проклятие Страха, Ваш вампиризм заблокирован
[11:54:08] [Client thread/INFO] [CHAT] Tveiv получил Бонус здоровья
[11:54:08] [Client thread/INFO] [CHAT] Tveiv получил Бонус уклонения
[11:54:13] [Client thread/INFO] [CHAT] Вы уклонились на 47%
[11:54:13] [Client thread/INFO] [CHAT] [28] I ┃ JonY_00 » кидай пати
[11:54:15] [Client thread/INFO] [CHAT] Вы уклонились на 37%
[11:54:16] [Client thread/INFO] [CHAT] Цель уклонилась от атаки на 25%
[11:54:17] [Client thread/INFO] [CHAT] На Вас наложено Проклятие Страха, Ваш вампиризм заблокирован
[11:54:19] [Client thread/INFO] [CHAT] Вы уклонились на 31%
[11:54:25] [Client thread/INFO] [CHAT] Луч презрения задел Вас! Ваше исцеление снижено на 25% в течении 17 секунд
[11:54:25] [Client thread/INFO] [CHAT] Луч презрения задел Вас! Ваше исцеление снижено на 25% в течении 17 секунд
[11:54:29] [Client thread/INFO] [CHAT] Вы уклонились на 48%
[11:54:30] [Client thread/INFO] [CHAT] На Вас наложено Проклятие Крови, Вы получаете урон за каждую нанесенную атаку
[11:54:30] [Client thread/INFO] [CHAT] Цель уклонилась от атаки на 50%
[11:54:30] [Client thread/INFO] [CHAT] Вы уклонились на 37%
[11:54:33] [Client thread/INFO] [CHAT] Цель уклонилась от атаки на 34%
[11:54:33] [Client thread/INFO] [CHAT] Расима снижает уровень зачарования Штаны из тигриной шкуры ☠ +3
[11:54:36] [Client thread/INFO] [CHAT] Цель уклонилась от атаки на 32%
[11:54:38] [Client thread/INFO] [CHAT] Вы уклонились на 30%
[11:54:44] [Client thread/INFO] [CHAT] На Вас наложено Проклятие Страха, Ваш вампиризм заблокирован
[11:54:47] [Client thread/INFO] [CHAT] [30] D ┃ AndreWiking » я пока 25 побегаю
[11:54:47] [Client thread/INFO] [CHAT] Вы уклонились на 43%
[11:54:48] [Client thread/INFO] [CHAT] Вы уклонились на 48%
[11:54:51] [Client thread/INFO] [CHAT] Вы уклонились на 31%
[11:54:52] [Client thread/INFO] [CHAT] Цель уклонилась от атаки на 36%
[11:54:52] [Client thread/INFO] [CHAT] Вы уклонились на 34%
[11:54:58] [Client thread/INFO] [CHAT] Луч презрения задел Вас! Ваше исцеление снижено на 25% в течении 17 секунд
[11:54:58] [Client thread/INFO] [CHAT] [28] I ┃ JonY_00 » кк
[11:55:00] [Client thread/INFO] [CHAT] Вы уклонились на 38%
[11:55:00] [Client thread/INFO] [CHAT] Вы уклонились на 31%
[11:55:02] [Client thread/INFO] [CHAT] Расима снижает уровень зачарования Штаны из тигриной шкуры ☠ +2
[11:55:03] [Client thread/INFO] [CHAT] [30] D ┃ mokashi » можно как то открыть проход в крепость?
[11:55:03] [Client thread/INFO] [CHAT] Вы уклонились на 26%
[11:55:06] [Client thread/INFO] [CHAT] Вы уклонились на 47%
[11:55:06] [Client thread/INFO] [CHAT] Расима: Сколько ещё Вы будете пытаться убить меня?
[11:55:08] [Client thread/INFO] [CHAT] [11] Pokygorilla » как открыть больше слотов под заклинания
[11:55:08] [Client thread/INFO] [CHAT] Расима: Сгораете в собственной ярости..
[11:55:09] [Client thread/INFO] [CHAT] Прошла минута с начала волны! Урон противников увеличен на 25%
[11:55:09] [Client thread/INFO] [CHAT] На Вас наложено Проклятие Страха, Ваш вампиризм заблокирован
[11:55:10] [Client thread/INFO] [CHAT] Расима: Ваши тела будут исцелены досмерти!
[11:55:19] [Client thread/INFO] [CHAT] [28] I ┃ JonY_00 » За иследования
[11:55:22] [Client thread/INFO] [CHAT] На Вас наложено Проклятие Страха, Ваш вампиризм заблокирован
[11:55:26] [Client thread/INFO] [CHAT] Расима отнимает Ваше здоровье! Убивайте цветки жизни, чтобы его вернуть.
[11:55:26] [Client thread/INFO] [CHAT] Расима сбросила Ваш вампиризм!
[11:55:27] [Client thread/INFO] [CHAT] Цель уклонилась от атаки на 29%
[11:55:27] [Client thread/INFO] [CHAT] Цель уклонилась от атаки на 25%
[11:55:27] [Client thread/INFO] [CHAT] Цель уклонилась от атаки на 29%
[11:55:28] [Client thread/INFO] [CHAT] Цель уклонилась от атаки на 48%
[11:55:28] [Client thread/INFO] [CHAT] Расима: Пусть мир будет поглощен Черной дырой!
[11:55:30] [Client thread/INFO] [CHAT] Вы уклонились на 41%
[11:55:30] [Client thread/INFO] [CHAT] Вы уклонились на 44%
[11:55:31] [Client thread/INFO] [CHAT] Расима сбросила Ваш вампиризм!
[11:55:34] [Client thread/INFO] [CHAT] Вы уклонились на 32%
[11:55:34] [Client thread/INFO] [CHAT] Вы уклонились на 32%
[11:55:36] [Client thread/INFO] [CHAT] Расима сбросила Ваш вампиризм!
[11:55:36] [Client thread/INFO] [CHAT] Вы уклонились на 37%
[11:55:41] [Client thread/INFO] [CHAT] Расима снижает уровень зачарования Шапка из тигриной шкуры ☠ +4
[11:55:41] [Client thread/INFO] [CHAT] Расима: Звездопад!
[11:55:41] [Client thread/INFO] [CHAT] Расима сбросила Ваш вампиризм!
[11:55:47] [Client thread/INFO] [CHAT] Расима: Бледная Луна!
[11:55:47] [Client thread/INFO] [CHAT] Расима сбросила Ваш вампиризм!
[11:55:48] [Client thread/INFO] [CHAT] На Вас наложено Проклятие Крови, Вы получаете урон за каждую нанесенную атаку
[11:55:51] [Client thread/INFO] [CHAT] Расима отнимает Ваше здоровье! Убивайте цветки жизни, чтобы его вернуть.
[11:55:51] [Client thread/INFO] [CHAT] Вы уклонились на 48%
[11:55:51] [Client thread/INFO] [CHAT] Вы уклонились на 45%
[11:55:55] [Client thread/INFO] [CHAT] Луч презрения задел Вас! Ваше исцеление снижено на 25% в течении 17 секунд
[11:55:55] [Client thread/INFO] [CHAT] Луч презрения задел Вас! Ваше исцеление снижено на 25% в течении 17 секунд
[11:55:56] [Client thread/INFO] [CHAT] Расима сбросила Ваш вампиризм!
[11:55:59] [Client thread/INFO] [CHAT] Вы уклонились на 44%
[11:56:01] [Client thread/INFO] [CHAT] Расима сбросила Ваш вампиризм!
[11:56:04] [Client thread/INFO] [CHAT] Вы уклонились на 32%
[11:56:04] [Client thread/INFO] [CHAT] Вы уклонились на 26%
[11:56:06] [Client thread/INFO] [CHAT] Расима снижает уровень зачарования Кристалин ☠ +7
[11:56:06] [Client thread/INFO] [CHAT] Расима: Звездопад!
[11:56:06] [Client thread/INFO] [CHAT] Расима сбросила Ваш вампиризм!
[11:56:06] [Client thread/INFO] [CHAT] Вы уклонились на 50%
[11:56:09] [Client thread/INFO] [CHAT] Прошло две минуты с начала волны! Урон противников увеличен на 25%
[11:56:12] [Client thread/INFO] [CHAT] Расима сбросила Ваш вампиризм!
[11:56:14] [Client thread/INFO] [CHAT] На Вас наложено Проклятие Крови, Вы получаете урон за каждую нанесенную атаку
[11:56:16] [Client thread/INFO] [CHAT] Расима: Бледная Луна!
[11:56:16] [Client thread/INFO] [CHAT] Расима сбросила Ваш вампиризм!
[11:56:21] [Client thread/INFO] [CHAT] Вы уклонились на 47%
[11:56:21] [Client thread/INFO] [CHAT] Расима: Пусть мир будет поглощен Черной дырой!
[11:56:21] [Client thread/INFO] [CHAT] Расима сбросила Ваш вампиризм!
[11:56:22] [Client thread/INFO] [CHAT] Цель уклонилась от атаки на 33%
[11:56:23] [Client thread/INFO] [CHAT] Цель уклонилась от атаки на 48%
[11:56:24] [Client thread/INFO] [CHAT] Цель уклонилась от атаки на 36%
[11:56:25] [Client thread/INFO] [CHAT] Вы уклонились на 49%
[11:56:26] [Client thread/INFO] [CHAT] Вы уклонились на 39%
[11:57:56] [Client thread/INFO] [CHAT] [30] D ┃ mokashi » [Череп бессмертного ⚝ +1]
[11:58:07] [Client thread/INFO] [CHAT] [30] I ┃ TheFoolLotm » кайф
[11:58:13] [Client thread/INFO] [CHAT] [28] MVP ┃ Petro1234 » [Лунный камень ♆ +2]
[12:02:14] [Client thread/INFO] [CHAT] Tveiv получил Ничего x2
[12:02:14] [Client thread/INFO] [CHAT] Получено 44 звезд
[12:02:14] [Client thread/INFO] [CHAT] Урон игрока Tveiv: 2969
[12:02:16] [Client thread/INFO] [CHAT] Tveiv получил Гений звёзд
[12:02:45] [Client thread/INFO] [CHAT] Получено 45 звезд
[12:02:45] [Client thread/INFO] [CHAT] Урон игрока Tveiv: 1713
[12:02:50] [Client thread/INFO] [CHAT] Tveiv получил Бумажный меч
[12:02:55] [Client thread/INFO] [CHAT] [30] D ┃ AndreWiking » поможет кто 27?
[12:02:57] [Client thread/INFO] [CHAT] В течении 15 секунд Ваш крит. шанс увеличен на 15%
[12:02:59] [Client thread/INFO] [CHAT] В течении 15 секунд Ваш урон увеличен на 20%
[12:03:10] [Client thread/INFO] [CHAT] Получено 42 звезд
[12:03:10] [Client thread/INFO] [CHAT] Урон игрока Tveiv: 4520
[12:03:11] [Client thread/INFO] [CHAT] Tveiv получил Бонус урона x2
[12:03:11] [Client thread/INFO] [CHAT] Tveiv получил Бонус уклонения x2
[12:03:11] [Client thread/INFO] [CHAT] Tveiv получил Небытие
[12:03:15] [Client thread/INFO] [CHAT] [30] leonardo_leo_ » новый данж?
[12:03:17] [Client thread/INFO] [CHAT] [30] D ┃ AndreWiking » да
[12:03:21] [Client thread/INFO] [CHAT] Потеряно 51 звезд
[12:03:21] [Client thread/INFO] [CHAT] Tveiv получил Расимафикация
[12:03:23] [Client thread/INFO] [CHAT] Потеряно 51 звезд
[12:03:23] [Client thread/INFO] [CHAT] Tveiv получил Атомный комар
[12:03:26] [Client thread/INFO] [CHAT] На горизонте маячат гигантские, черные прямоугольники.
[12:03:26] [Client thread/INFO] [CHAT] Вы не можете понять, это чьи-то дома, или же пред вами немыслимые, космические создания.
[12:03:27] [Client thread/INFO] [CHAT] Прямоугольник: ыГЬСрдцЁШидОАШй
[12:03:27] [Client thread/FATAL] Error executing task
java.util.concurrent.ExecutionException: java.lang.IllegalArgumentException: URI is not absolute
	at java.base/java.util.concurrent.FutureTask.report(Unknown Source)
	at java.base/java.util.concurrent.FutureTask.get(Unknown Source)
	at #wFFZg.sa(SourceFile:46)
	at #mPGeI.b(SourceFile:52)
	at #QQxhM.sk(SourceFile:1466)
	at #lVFyp.st(SourceFile:1632)
	at #cYnba.sk(SourceFile:487)
	at net.minecraft.client.main.GameMain.a(SourceFile:220)
	at net.minecraft.client.main.GameMain.a(SourceFile:156)
	at #kBJWf.a(Unknown Source)
	at #kBJWf.run(Unknown Source)
	at java.base/java.lang.Thread.run(Unknown Source)
Caused by: java.lang.IllegalArgumentException: URI is not absolute
	at java.base/java.net.URL.of(Unknown Source)
	at #QKiRG.sa(SourceFile:250)
	at #gIFKC.sa(SourceFile:204)
	at !#CoIEI.sa(SourceFile:508)
	at #TBzUk.a(Unknown Source)
	at #TBzUk.run(Unknown Source)
	at java.base/java.util.concurrent.Executors$RunnableAdapter.call(Unknown Source)
	at java.base/java.util.concurrent.FutureTask.run(Unknown Source)
	at #wFFZg.sa(SourceFile:45)
	... 9 more
[12:03:27] [Client thread/FATAL] Error executing task
java.util.concurrent.ExecutionException: java.lang.IllegalArgumentException: URI is not absolute
	at java.base/java.util.concurrent.FutureTask.report(Unknown Source)
	at java.base/java.util.concurrent.FutureTask.get(Unknown Source)
	at #wFFZg.sa(SourceFile:46)
	at #mPGeI.b(SourceFile:52)
	at #QQxhM.sk(SourceFile:1466)
	at #lVFyp.st(SourceFile:1632)
	at #cYnba.sk(SourceFile:487)
	at net.minecraft.client.main.GameMain.a(SourceFile:220)
	at net.minecraft.client.main.GameMain.a(SourceFile:156)
	at #kBJWf.a(Unknown Source)
	at #kBJWf.run(Unknown Source)
	at java.base/java.lang.Thread.run(Unknown Source)
Caused by: java.lang.IllegalArgumentException: URI is not absolute
	at java.base/java.net.URL.of(Unknown Source)
	at #QKiRG.sa(SourceFile:250)
	at #gIFKC.sa(SourceFile:204)
	at !#CoIEI.sa(SourceFile:508)
	at #TBzUk.a(Unknown Source)
	at #TBzUk.run(Unknown Source)
	at java.base/java.util.concurrent.Executors$RunnableAdapter.call(Unknown Source)
	at java.base/java.util.concurrent.FutureTask.run(Unknown Source)
	at #wFFZg.sa(SourceFile:45)
	... 9 more
[12:03:27] [Client thread/FATAL] Error executing task
java.util.concurrent.ExecutionException: java.lang.IllegalArgumentException: URI is not absolute
	at java.base/java.util.concurrent.FutureTask.report(Unknown Source)
	at java.base/java.util.concurrent.FutureTask.get(Unknown Source)
	at #wFFZg.sa(SourceFile:46)
	at #mPGeI.b(SourceFile:52)
	at #QQxhM.sk(SourceFile:1466)
	at #lVFyp.st(SourceFile:1632)
	at #cYnba.sk(SourceFile:487)
	at net.minecraft.client.main.GameMain.a(SourceFile:220)
	at net.minecraft.client.main.GameMain.a(SourceFile:156)
	at #kBJWf.a(Unknown Source)
	at #kBJWf.run(Unknown Source)
	at java.base/java.lang.Thread.run(Unknown Source)
Caused by: java.lang.IllegalArgumentException: URI is not absolute
	at java.base/java.net.URL.of(Unknown Source)
	at #QKiRG.sa(SourceFile:250)
	at #gIFKC.sa(SourceFile:204)
	at !#CoIEI.sa(SourceFile:508)
	at #TBzUk.a(Unknown Source)
	at #TBzUk.run(Unknown Source)
	at java.base/java.util.concurrent.Executors$RunnableAdapter.call(Unknown Source)
	at java.base/java.util.concurrent.FutureTask.run(Unknown Source)
	at #wFFZg.sa(SourceFile:45)
	... 9 more
[12:03:29] [Client thread/INFO] [CHAT] Прямоугольник: бюсНтЪажОМлЬ
[12:03:30] [Client thread/INFO] [CHAT] [30] leonardo_leo_ » я могу после того как с расимой закончу
[12:03:35] [Client thread/INFO] [CHAT] Прямоугольник: рпдСфШвГЯдХЁхпАг
[12:03:35] [Client thread/INFO] [CHAT] Tveiv получил Двигайся, как камень x3
[12:03:35] [Client thread/INFO] [CHAT] Tveiv получил Гвардиан
[12:03:35] [Client thread/INFO] [CHAT] Tveiv получил Росток алмазного дерева
[12:03:35] [Client thread/INFO] [CHAT] Tveiv получил Стеклянная кукла
[12:03:35] [Client thread/INFO] [CHAT] [30] D ┃ AndreWiking » ок
[12:03:37] [Client thread/INFO] [CHAT] Вы уклонились на 40%
[12:03:38] [Client thread/INFO] [CHAT] В течении 15 секунд Ваш урон увеличен на 20%
[12:03:41] [Client thread/INFO] [CHAT] В течении 15 секунд Ваш крит. шанс увеличен на 15%
[12:03:47] [Client thread/INFO] [CHAT] Вы уклонились на 40%
[12:03:48] [Client thread/INFO] [CHAT] В течении 15 секунд Ваш урон увеличен на 20%
[12:03:50] [Client thread/INFO] [CHAT] В течении 15 секунд скорость перезарядки заклинаний увеличена на 50%
[12:03:51] [Client thread/INFO] [CHAT] Вы уклонились на 37%
[12:03:53] [Client thread/INFO] [CHAT] Вы уклонились на 26%
[12:03:59] [Client thread/INFO] [CHAT] Получено 40 звезд
[12:03:59] [Client thread/INFO] [CHAT] Урон игрока Tveiv: 8412
[12:04:00] [Client thread/INFO] [CHAT] Tveiv получил Замок без ключа
[12:04:03] [Client thread/INFO] [CHAT] Tveiv получил Эхо Волшебства
[12:04:10] [Client thread/INFO] [CHAT] Свет, исполняющий Желание: Чего ты желаешь? Я исполню все, что ты хочешь.
[12:04:19] [Client thread/INFO] [CHAT] Свет, исполняющий Желание: Ты желаешь небытие? Будет исполнено.
[12:04:22] [Client thread/INFO] [CHAT] Свет, исполняющий Желание: Ваше желание исполнено.
[12:04:22] [Client thread/INFO] [CHAT] Tveiv получил Бонус урона x2
[12:04:22] [Client thread/INFO] [CHAT] Tveiv получил Бонус уклонения x2
[12:04:22] [Client thread/INFO] [CHAT] Tveiv получил Небытие
[12:04:25] [Client thread/INFO] [CHAT] Вы уклонились на 32%
[12:04:27] [Client thread/INFO] [CHAT] Вы уклонились на 34%
[12:04:29] [Client thread/INFO] [CHAT] В течении 15 секунд Ваш урон увеличен на 20%
[12:04:34] [Client thread/INFO] [CHAT] Получено 45 звезд
[12:04:34] [Client thread/INFO] [CHAT] Урон игрока Tveiv: 3840
[12:04:38] [Client thread/INFO] [CHAT] Tveiv получил Бонус брони
[12:04:39] [Client thread/INFO] [CHAT] [11] Pokygorilla » в событии с летучими мышами сколько их появляется
[12:04:39] [Client thread/INFO] [CHAT] [30] V ┃ Paranoiid » на этот нажимаем?
[12:04:52] [Client thread/INFO] [CHAT] [28] P ┃ Tveiv » 10
[12:04:53] [Client thread/INFO] [CHAT] [28] I ┃ JonY_00 » 10
[12:04:59] [Client thread/INFO] [CHAT] Вы уклонились на 25%
[12:05:04] [Client thread/INFO] [CHAT] Вы уклонились на 42%
[12:05:11] [Client thread/INFO] [CHAT] Вы уклонились на 36%
[12:05:19] [Client thread/INFO] [CHAT] Вы уклонились на 27%
[12:05:21] [Client thread/INFO] [CHAT] Вы уклонились на 43%
[12:05:23] [Client thread/INFO] [CHAT] Вы уклонились на 35%
[12:05:27] [Client thread/INFO] [CHAT] Получено 35 звезд
[12:05:27] [Client thread/INFO] [CHAT] Урон игрока Tveiv: 18139
[12:05:40] [Client thread/INFO] [CHAT] Tveiv получил Викторина Монксельда
[12:05:42] [Client thread/INFO] [CHAT] [30] MVP+ ┃ Keritis » кто-то убивал голову?
[12:05:48] [Client thread/INFO] [CHAT] [30] D ┃ mokashi » ща мы убьем
[12:05:54] [Client thread/INFO] [CHAT] Получено 47 звезд
[12:05:54] [Client thread/INFO] [CHAT] Урон игрока Tveiv: 2969
[12:05:58] [Client thread/INFO] [CHAT] Tveiv получил Прогноз погоды
[12:06:01] [Client thread/INFO] [CHAT] [30] leonardo_leo_ » до 2500 ток доходил, после забил там дрочь лютый
[12:06:12] [Client thread/INFO] [CHAT] Вы уклонились на 25%
[12:06:17] [Client thread/INFO] [CHAT] Вы уклонились на 47%
[12:06:25] [Client thread/INFO] [CHAT] Вы уклонились на 35%
[12:06:28] [Client thread/INFO] [CHAT] Получено 42 звезд
[12:06:28] [Client thread/INFO] [CHAT] Урон игрока Tveiv: 3428
[12:06:30] [Client thread/INFO] [CHAT] Tveiv получил Долг боли
[12:06:42] [Client thread/INFO] [CHAT] Вы уклонились на 39%
[12:06:46] [Client thread/INFO] [CHAT] Вы уклонились на 36%
[12:06:46] [Client thread/INFO] [CHAT] Вы уклонились на 36%
[12:06:48] [Client thread/INFO] [CHAT] Вы уклонились на 30%
[12:06:49] [Client thread/INFO] [CHAT] Получено 45 звезд
[12:06:49] [Client thread/INFO] [CHAT] Урон игрока Tveiv: 5384
[12:06:52] [Client thread/INFO] [CHAT] Tveiv получил Прострел с Юпитера
[12:06:53] [Client thread/INFO] [CHAT] Tveiv получил Проклятие мультивыбора
[12:07:09] [Client thread/INFO] [CHAT] Вы уклонились на 26%
[12:07:10] [Client thread/INFO] [CHAT] Вы уклонились на 28%
[12:07:15] [Client thread/INFO] [CHAT] Вы уклонились на 33%
[12:07:16] [Client thread/INFO] [CHAT] Получено 45 звезд
[12:07:16] [Client thread/INFO] [CHAT] Урон игрока Tveiv: 5691
[12:07:18] [Client thread/INFO] [CHAT] Tveiv получил Кровопролитие
[12:07:20] [Client thread/INFO] [CHAT] [11] Pokygorilla » сколько всего зеленых бонусов в аккреционном диске
[12:07:22] [Client thread/INFO] [CHAT] Потеряно 60 звезд
[12:07:22] [Client thread/INFO] [CHAT] Tveiv получил Бонус урона x2
[12:07:22] [Client thread/INFO] [CHAT] Tveiv получил Бонус уклонения x2
[12:07:22] [Client thread/INFO] [CHAT] Tveiv получил Ничего
[12:07:23] [Client thread/INFO] [CHAT] [28] I ┃ JonY_00 » 4
[12:07:23] [Client thread/INFO] [CHAT] [30] D ┃ AndreWiking » 4
[12:07:30] [Client thread/INFO] [CHAT] Потеряно 55 звезд
[12:07:30] [Client thread/INFO] [CHAT] Tveiv получил Двигайся, как камень
[12:07:31] [Client thread/INFO] [CHAT] Потеряно 55 звезд
[12:07:31] [Client thread/INFO] [CHAT] Tveiv получил Ключ к Победе
[12:07:36] [Client thread/INFO] [CHAT] Последователь и его группа ожидают от Вас ответа.
[12:07:42] [Client thread/INFO] [CHAT] Последователь Этоля: Превосходный ответ, мы ожидаем от тебя свершений.
[12:07:42] [Client thread/INFO] [CHAT] Tveiv получил Гений звёзд x2
[12:07:45] [Client thread/INFO] [CHAT] Вы уклонились на 38%
[12:07:46] [Client thread/INFO] [CHAT] Вы уклонились на 49%
[12:07:48] [Client thread/INFO] [CHAT] Вы уклонились на 33%
[12:07:48] [Client thread/INFO] [CHAT] Вы уклонились на 28%
[12:07:50] [Client thread/INFO] [CHAT] Вы уклонились на 47%
[12:07:51] [Client thread/INFO] [CHAT] Вы уклонились на 44%
[12:07:53] [Client thread/INFO] [CHAT] [30] D ┃ mokashi » [Капюшон последователя Бедствия ♡ +8] [Роба последователя Бедствия ♡ +8]
[12:07:53] [Client thread/INFO] [CHAT] Вы уклонились на 40%
[12:07:54] [Client thread/INFO] [CHAT] Вы уклонились на 36%
[12:07:55] [Client thread/INFO] [CHAT] Получено 44 звезд
[12:07:55] [Client thread/INFO] [CHAT] Урон игрока Tveiv: 9105
[12:07:57] [Client thread/INFO] [CHAT] Tveiv получил Проклятие
[12:07:57] [Client thread/INFO] [CHAT] Tveiv получил Децидофобия
[12:07:57] [Client thread/INFO] [CHAT] Tveiv получил Пениафобия
[12:07:57] [Client thread/INFO] [CHAT] Tveiv получил Панофобия
[12:08:02] [Client thread/INFO] [CHAT] Потеряно 55 звезд
[12:08:02] [Client thread/INFO] [CHAT] Tveiv получил Взгляд Расимы
[12:08:03] [Client thread/INFO] [CHAT] Потеряно 55 звезд
[12:08:03] [Client thread/INFO] [CHAT] Tveiv получил Бонус урона x3
[12:08:03] [Client thread/INFO] [CHAT] Tveiv получил Бонус уклонения x3
[12:08:03] [Client thread/INFO] [CHAT] Tveiv получил Небытие
[12:08:05] [Client thread/INFO] [CHAT] Потеряно 55 звезд
[12:08:05] [Client thread/INFO] [CHAT] Tveiv получил Идол глупцов
[12:08:07] [Client thread/INFO] [CHAT] [30] D ┃ mokashi » а поч на 27 не работает целитель
[12:08:08] [Client thread/INFO] [CHAT] Последователь и его группа ожидают от Вас ответа.
[12:08:12] [Client thread/INFO] [CHAT] Последователь Этоля: Превосходный ответ, мы ожидаем от тебя свершений.
[12:08:12] [Client thread/INFO] [CHAT] Tveiv получил Бонус урона x2
[12:08:14] [Client thread/INFO] [CHAT] [30] D ┃ mokashi » ну вот щас у нас не воскрешал он
[12:08:17] [Client thread/INFO] [CHAT] Вы уклонились на 45%
[12:08:19] [Client thread/INFO] [CHAT] Вы уклонились на 26%
[12:08:21] [Client thread/INFO] [CHAT] Вы уклонились на 25%
[12:08:22] [Client thread/INFO] [CHAT] Вы уклонились на 41%
[12:08:23] [Client thread/INFO] [CHAT] Вы уклонились на 26%
[12:08:25] [Client thread/INFO] [CHAT] [30] D ┃ AndreWiking » кстати да, я тож заметил
[12:08:27] [Client thread/INFO] [CHAT] Вы уклонились на 36%
[12:08:27] [Client thread/INFO] [CHAT] Вы уклонились на 29%
[12:08:27] [Client thread/INFO] [CHAT] Вы уклонились на 43%
[12:08:27] [Client thread/INFO] [CHAT] Вы уклонились на 35%
[12:08:28] [Client thread/INFO] [CHAT] Вы уклонились на 30%
[12:08:28] [Client thread/INFO] [CHAT] Вы уклонились на 41%
[12:08:28] [Client thread/INFO] [CHAT] Вы уклонились на 25%
[12:08:30] [Client thread/INFO] [CHAT] Вы уклонились на 25%
[12:08:31] [Client thread/INFO] [CHAT] Вы уклонились на 37%
[12:08:31] [Client thread/INFO] [CHAT] Вы уклонились на 39%
[12:08:31] [Client thread/INFO] [CHAT] Вы уклонились на 46%
[12:08:33] [Client thread/INFO] [CHAT] Вы уклонились на 49%
[12:08:34] [Client thread/INFO] [CHAT] [28] I ┃ JonY_00 » Попробуй выпить виски, должно заработать
[12:08:34] [Client thread/INFO] [CHAT] [30] D ┃ mokashi » до этого работал
[12:08:37] [Client thread/INFO] [CHAT] Получено 39 звезд
[12:08:37] [Client thread/INFO] [CHAT] Урон игрока Tveiv: 19659
[12:08:37] [Client thread/INFO] [CHAT] [30] leonardo_leo_ » сет бонус?
[12:08:39] [Client thread/INFO] [CHAT] Tveiv получил Башня яркой Луны
[12:08:40] [Client thread/INFO] [CHAT] [30] D ┃ AndreWiking » да
[12:08:45] [Client thread/INFO] [CHAT] [30] D ┃ mokashi » да сет бонус
[12:08:47] [Client thread/INFO] [CHAT] [30] leonardo_leo_ » хз, у меня работал вчера
[12:08:49] [Client thread/INFO] [CHAT] Вы уклонились на 42%
[12:08:50] [Client thread/INFO] [CHAT] Вы уклонились на 32%
[12:08:50] [Client thread/INFO] [CHAT] Вы уклонились на 26%
[12:08:52] [Client thread/INFO] [CHAT] Вы уклонились на 26%
[12:08:53] [Client thread/INFO] [CHAT] Вы уклонились на 45%
[12:08:54] [Client thread/INFO] [CHAT] [30] D ┃ AndreWiking » так вчера
[12:08:54] [Client thread/INFO] [CHAT] Вы уклонились на 26%
[12:08:54] [Client thread/INFO] [CHAT] Вы уклонились на 41%
[12:08:55] [Client thread/INFO] [CHAT] Вы уклонились на 32%
[12:08:55] [Client thread/INFO] [CHAT] Вы уклонились на 31%
[12:08:58] [Client thread/INFO] [CHAT] Вы уклонились на 33%
[12:08:58] [Client thread/INFO] [CHAT] Вы уклонились на 30%
[12:09:00] [Client thread/INFO] [CHAT] Вы уклонились на 40%
[12:09:01] [Client thread/INFO] [CHAT] Вы уклонились на 28%
[12:09:02] [Client thread/INFO] [CHAT] Вы уклонились на 35%
[12:09:03] [Client thread/INFO] [CHAT] Получено 43 звезд
[12:09:03] [Client thread/INFO] [CHAT] Урон игрока Tveiv: 12332
[12:09:04] [Client thread/INFO] [CHAT] Tveiv получил Мрачная тень
[12:09:13] [Client thread/INFO] [CHAT] Последователь и его группа ожидают от Вас ответа.
[12:09:18] [Client thread/INFO] [CHAT] Последователь Этоля: Превосходный ответ, мы ожидаем от тебя свершений.
[12:09:18] [Client thread/INFO] [CHAT] Tveiv получил Расшифровщик Валотайла x2
[12:09:21] [Client thread/INFO] [CHAT] Цель уклонилась от атаки на 36%
[12:09:21] [Client thread/INFO] [CHAT] Вы уклонились на 43%
[12:09:21] [Client thread/INFO] [CHAT] Цель уклонилась от атаки на 45%
[12:09:21] [Client thread/INFO] [CHAT] Вы уклонились на 48%
[12:09:21] [Client thread/INFO] [CHAT] Вы уклонились на 31%
[12:09:21] [Client thread/INFO] [CHAT] Вы уклонились на 48%
[12:09:22] [Client thread/INFO] [CHAT] Цель уклонилась от атаки на 30%
[12:09:22] [Client thread/INFO] [CHAT] Цель уклонилась от атаки на 50%
[12:09:22] [Client thread/INFO] [CHAT] Вы уклонились на 49%
[12:09:22] [Client thread/INFO] [CHAT] Цель уклонилась от атаки на 50%
[12:09:22] [Client thread/INFO] [CHAT] Цель уклонилась от атаки на 39%
[12:09:22] [Client thread/INFO] [CHAT] Вы уклонились на 27%
[12:09:23] [Client thread/INFO] [CHAT] Вы уклонились на 46%
[12:09:23] [Client thread/INFO] [CHAT] Вы уклонились на 50%
[12:09:23] [Client thread/INFO] [CHAT] Вы уклонились на 47%
[12:09:24] [Client thread/INFO] [CHAT] Вы уклонились на 45%
[12:09:24] [Client thread/INFO] [CHAT] Цель уклонилась от атаки на 25%
[12:09:24] [Client thread/INFO] [CHAT] Вы уклонились на 30%
[12:09:24] [Client thread/INFO] [CHAT] Цель уклонилась от атаки на 33%
[12:09:24] [Client thread/INFO] [CHAT] Вы уклонились на 45%
[12:09:26] [Client thread/INFO] [CHAT] Вы уклонились на 50%
[12:09:26] [Client thread/INFO] [CHAT] Вы уклонились на 26%
[12:09:26] [Client thread/INFO] [CHAT] Вы уклонились на 39%
[12:09:26] [Client thread/INFO] [CHAT] Цель уклонилась от атаки на 34%
[12:09:26] [Client thread/INFO] [CHAT] Вы уклонились на 27%
[12:09:27] [Client thread/INFO] [CHAT] Вы уклонились на 40%
[12:09:27] [Client thread/INFO] [CHAT] Вы уклонились на 33%
[12:09:28] [Client thread/INFO] [CHAT] Вы уклонились на 26%
[12:09:29] [Client thread/INFO] [CHAT] Вы уклонились на 38%
[12:09:29] [Client thread/INFO] [CHAT] Вы уклонились на 36%
[12:09:29] [Client thread/INFO] [CHAT] Вы уклонились на 25%
[12:09:29] [Client thread/INFO] [CHAT] На Вас наложено Проклятие Страха, Ваш вампиризм заблокирован
[12:09:30] [Client thread/INFO] [CHAT] Вы уклонились на 34%
[12:09:32] [Client thread/INFO] [CHAT] [30] leonardo_leo_ » жаль разраб не добавил при проклятии боязни всего танатофобию
[12:09:34] [Client thread/INFO] [CHAT] Вы уклонились на 41%
[12:09:34] [Client thread/INFO] [CHAT] Вы уклонились на 36%
[12:09:35] [Client thread/INFO] [CHAT] Вы уклонились на 45%
[12:09:35] [Client thread/INFO] [CHAT] Вы уклонились на 30%
[12:09:38] [Client thread/INFO] [CHAT] Вы уклонились на 50%
[12:09:41] [Client thread/INFO] [CHAT] Вы уклонились на 40%
[12:09:42] [Client thread/INFO] [CHAT] Вы уклонились на 49%
[12:09:42] [Client thread/INFO] [CHAT] Вы уклонились на 45%
[12:09:43] [Client thread/INFO] [CHAT] Вы уклонились на 32%
[12:09:48] [Client thread/INFO] [CHAT] [5] MOHCTPIK24 » а куда выбросить вещи
[12:09:48] [Client thread/INFO] [CHAT] Вы уклонились на 42%
[12:09:50] [Client thread/INFO] [CHAT] Получено 37 звезд
[12:09:50] [Client thread/INFO] [CHAT] Урон игрока Tveiv: 24511
[12:09:51] [Client thread/INFO] [CHAT] Tveiv получил Черная карта
[12:09:52] [Client thread/INFO] [CHAT] Tveiv получил Нож на перестрелке
[12:10:05] [Client thread/INFO] [CHAT] Потеряно 57 звезд
[12:10:05] [Client thread/INFO] [CHAT] Tveiv получил Куб неуязвимости
[12:10:06] [Client thread/INFO] [CHAT] Потеряно 57 звезд
[12:10:06] [Client thread/INFO] [CHAT] Tveiv получил Бонус здоровья
[12:10:12] [Client thread/INFO] [CHAT] Цель уклонилась от атаки на 43%
[12:10:12] [Client thread/INFO] [CHAT] Вы уклонились на 26%
[12:10:12] [Client thread/INFO] [CHAT] Вы уклонились на 49%
[12:10:12] [Client thread/INFO] [CHAT] Цель уклонилась от атаки на 35%
[12:10:12] [Client thread/INFO] [CHAT] Вы уклонились на 36%
[12:10:13] [Client thread/INFO] [CHAT] Вы уклонились на 39%
[12:10:14] [Client thread/INFO] [CHAT] Вы уклонились на 43%
[12:10:15] [Client thread/INFO] [CHAT] Вы уклонились на 41%
[12:10:16] [Client thread/INFO] [CHAT] Вы уклонились на 40%
[12:10:18] [Client thread/INFO] [CHAT] Вы уклонились на 33%
[12:10:19] [Client thread/INFO] [CHAT] Вы уклонились на 31%
[12:10:20] [Client thread/INFO] [CHAT] Вы уклонились на 46%
[12:10:21] [Client thread/INFO] [CHAT] Вы уклонились на 47%
[12:10:22] [Client thread/INFO] [CHAT] Вы уклонились на 35%
[12:10:23] [Client thread/INFO] [CHAT] Вы уклонились на 46%
[12:10:24] [Client thread/INFO] [CHAT] Вы уклонились на 43%
[12:10:25] [Client thread/INFO] [CHAT] Вы уклонились на 49%
[12:10:27] [Client thread/INFO] [CHAT] Вы уклонились на 35%
[12:10:29] [Client thread/INFO] [CHAT] Вы уклонились на 29%
[12:10:31] [Client thread/INFO] [CHAT] Вы уклонились на 46%
[12:10:32] [Client thread/INFO] [CHAT] Вы уклонились на 44%
[12:10:34] [Client thread/INFO] [CHAT] Вы уклонились на 47%
[12:10:35] [Client thread/INFO] [CHAT] Вы уклонились на 44%
[12:10:36] [Client thread/INFO] [CHAT] Вы уклонились на 35%
[12:10:37] [Client thread/INFO] [CHAT] [30] I ┃ TheFoolLotm » налево пошли
[12:10:37] [Client thread/INFO] [CHAT] Вы уклонились на 26%
[12:10:39] [Client thread/INFO] [CHAT] Вы уклонились на 28%
[12:10:39] [Client thread/INFO] [CHAT] Вы ошиблись! Ваше исцеление снижено на 25% в течении 17 секунд
[12:10:40] [Client thread/INFO] [CHAT] Вы уклонились на 27%
[12:10:42] [Client thread/INFO] [CHAT] Вы уклонились на 47%
[12:10:43] [Client thread/INFO] [CHAT] Вы уклонились на 34%
[12:10:46] [Client thread/INFO] [CHAT] Вы уклонились на 32%
[12:10:47] [Client thread/INFO] [CHAT] Вы уклонились на 41%
[12:10:47] [Client thread/INFO] [CHAT] Этоль: Не сдавайся, Расима.
[12:10:51] [Client thread/INFO] [CHAT] Этоль: Исцеляй, пока твоё тело не превратится в пыль.
[12:10:57] [Client thread/INFO] [CHAT] Этоль: Даже если ты умрёшь, я соберу тебя вновь.
[12:11:02] [Client thread/INFO] [CHAT] Вы уклонились на 49%
[12:11:03] [Client thread/INFO] [CHAT] Вы уклонились на 42%
[12:11:05] [Client thread/INFO] [CHAT] Вы уклонились на 50%
[12:11:07] [Client thread/INFO] [CHAT] Вы уклонились на 26%
[12:11:08] [Client thread/INFO] [CHAT] Вы уклонились на 50%
[12:11:09] [Client thread/INFO] [CHAT] Вы уклонились на 30%
[12:11:10] [Client thread/INFO] [CHAT] Прошла минута с начала волны! Урон противников увеличен на 25%
[12:11:10] [Client thread/INFO] [CHAT] Вы уклонились на 30%
[12:11:11] [Client thread/INFO] [CHAT] Вы уклонились на 37%
[12:11:12] [Client thread/INFO] [CHAT] Вы уклонились на 39%
[12:11:15] [Client thread/INFO] [CHAT] Вы уклонились на 34%
[12:11:19] [Client thread/INFO] [CHAT] [30] D ┃ AndreWiking » [Богохульство ☬ +2]
[12:11:22] [Client thread/INFO] [CHAT] Вы ошиблись! Ваше исцеление снижено на 25% в течении 17 секунд
[12:11:22] [Client thread/INFO] [CHAT] [30] D ┃ AndreWiking » норм меч?
[12:11:25] [Client thread/INFO] [CHAT] Вы уклонились на 36%
[12:11:26] [Client thread/INFO] [CHAT] Вы уклонились на 35%
[12:11:27] [Client thread/INFO] [CHAT] Вы уклонились на 50%
[12:11:28] [Client thread/INFO] [CHAT] Вы уклонились на 38%
[12:11:29] [Client thread/INFO] [CHAT] Вы уклонились на 25%
[12:11:30] [Client thread/INFO] [CHAT] Вы уклонились на 32%
[12:11:31] [Client thread/INFO] [CHAT] Вы уклонились на 32%
[12:11:37] [Client thread/INFO] [CHAT] Правильно! В течении 15 секунд скорость перезарядки заклинаний увеличена на 50%
[12:11:40] [Client thread/INFO] [CHAT] Вы уклонились на 43%
[12:11:41] [Client thread/INFO] [CHAT] Вы уклонились на 28%
[12:11:42] [Client thread/INFO] [CHAT] Вы уклонились на 29%
[12:11:43] [Client thread/INFO] [CHAT] Вы уклонились на 46%
[12:11:44] [Client thread/INFO] [CHAT] Вы уклонились на 39%
[12:11:45] [Client thread/INFO] [CHAT] Вы уклонились на 33%
[12:11:50] [Client thread/INFO] [CHAT] Вы уклонились на 33%
[12:11:51] [Client thread/INFO] [CHAT] Луч презрения задел Вас! Ваше исцеление снижено на 25% в течении 17 секунд
[12:11:51] [Client thread/INFO] [CHAT] Луч презрения задел Вас! Ваше исцеление снижено на 25% в течении 17 секунд
[12:11:52] [Client thread/INFO] [CHAT] Вы ошиблись! Ваше исцеление снижено на 25% в течении 17 секунд
[12:11:56] [Client thread/INFO] [CHAT] Вы уклонились на 48%
[12:11:58] [Client thread/INFO] [CHAT] Вы уклонились на 43%
[12:11:59] [Client thread/INFO] [CHAT] Вы уклонились на 28%
[12:12:00] [Client thread/INFO] [CHAT] Вы уклонились на 38%
[12:12:01] [Client thread/INFO] [CHAT] Вы уклонились на 40%
[12:12:06] [Client thread/INFO] [CHAT] [30] leonardo_leo_ » а че с наградами за прохождение расимы на 27 лвл?
[12:12:07] [Client thread/INFO] [CHAT] Вы ошиблись! Ваше исцеление снижено на 25% в течении 17 секунд
[12:12:07] [Client thread/INFO] [CHAT] Вы уклонились на 44%
[12:15:10] [Client thread/INFO] [CHAT] [30] I ┃ TheFoolLotm » gde
[12:16:14] [Client thread/INFO] [CHAT] [30] D ┃ mokashi » #слот 1
[12:16:15] [Client thread/INFO] [CHAT] [30] D ┃ mokashi » #слот1
[12:16:34] [Client thread/INFO] [CHAT] Получено 42 звезд
[12:16:34] [Client thread/INFO] [CHAT] Урон игрока Tveiv: 3266
[12:16:36] [Client thread/INFO] [CHAT] Tveiv получил Мое последнее перерождение в мире звезд, подаренное Исцелением
[12:16:36] [Client thread/INFO] [CHAT] [30] I ┃ TheFoolLotm » spawn
[12:16:41] [Client thread/INFO] [CHAT] Таинственная дверь появляется в комнате.
[12:16:44] [Client thread/INFO] [CHAT] Вы открываете дверь и впадаете в ужас. За дверью, Вас ожидало древнее божество.
[12:16:44] [Client thread/INFO] [CHAT] Вы встретили само воплощение Тьмы и Ночи, и теперь, оно нападает на Вас. Это - Ваш Конец.
[12:18:06] [Client thread/INFO] [CHAT] Tveiv получил Бонус брони
[12:18:06] [Client thread/INFO] [CHAT] Получено 42 звезд
[12:18:06] [Client thread/INFO] [CHAT] Урон игрока Tveiv: 3799
[12:18:13] [Client thread/INFO] [CHAT] Tveiv получил Фатальная бессонница
[12:18:14] [Client thread/INFO] [CHAT] Вы находите лестницу отчаяния. Каждый, кто рискнёт ступить на неё, обречён на невероятные мучения. Но кто знает, что хранит вершина?
[12:18:30] [Client thread/INFO] [CHAT] Tveiv получил Бумажная Луна
[12:18:48] [Client thread/INFO] [CHAT] Tveiv получил Ничего
[12:18:59] [Client thread/INFO] [CHAT] Получено 37 звезд
[12:18:59] [Client thread/INFO] [CHAT] Урон игрока Tveiv: 2836
[12:19:00] [Client thread/INFO] [CHAT] Tveiv получил Кровопролитие
[12:19:19] [Client thread/INFO] [CHAT] Потеряно 51 звезд
[12:19:19] [Client thread/INFO] [CHAT] Tveiv получил Внутренняя сила
[12:19:44] [Client thread/INFO] [CHAT] Получено 40 звезд
[12:19:44] [Client thread/INFO] [CHAT] Урон игрока Tveiv: 5460
[12:19:47] [Client thread/INFO] [CHAT] Tveiv получил Башня яркой Луны
[12:19:53] [Client thread/INFO] [CHAT] Маленькие проклинатели залетают в комнату, Вам следует быть осторожными с ними.
[12:19:54] [Client thread/INFO] [CHAT] Маленький проклинатель: Сладкий, вкусный Странник Тьмы, просим тебя, прими наши небольшие подарки.
[12:19:59] [Client thread/INFO] [CHAT] Tveiv получил Дверь во тьму
[12:19:59] [Client thread/INFO] [CHAT] Tveiv получил Проклятие
[12:20:06] [Client thread/INFO] [CHAT] [30] I ┃ TheFoolLotm » [Око Убийцы]
[12:20:11] [Client thread/INFO] [CHAT] [30] V ┃ Paranoiid » [Лунный камень ♡ +3]
[12:20:14] [Client thread/INFO] [CHAT] VoidGame » Мана кончилась и ясность мысли покидает Вас!
[12:20:15] [Client thread/INFO] [CHAT] VoidGame » Мана кончилась и ясность мысли покидает Вас!
[12:20:16] [Client thread/INFO] [CHAT] VoidGame » Мана кончилась и ясность мысли покидает Вас!
[12:20:23] [Client thread/INFO] [CHAT] В течении 15 секунд Ваш крит. шанс увеличен на 15%
[12:20:23] [Client thread/INFO] [CHAT] В течении 15 секунд Ваш крит. шанс увеличен на 15%
[12:20:24] [Client thread/INFO] [CHAT] Tveiv получил Бонус брони
[12:20:24] [Client thread/INFO] [CHAT] В течении 15 секунд скорость перезарядки заклинаний увеличена на 50%
[12:20:24] [Client thread/INFO] [CHAT] [28] MVP ┃ Petro1234 » [Лунный камень ♆ +2]
[12:20:35] [Client thread/INFO] [CHAT] Tveiv получил Ничего
[12:20:35] [Client thread/INFO] [CHAT] Получено 36 звезд
[12:20:35] [Client thread/INFO] [CHAT] Урон игрока Tveiv: 11837
[12:20:36] [Client thread/INFO] [CHAT] Tveiv получил Ничего
[12:20:39] [Client thread/INFO] [CHAT] Tveiv получил Атомный комар
[12:20:39] [Client thread/INFO] [CHAT] Tveiv получил Ничего
[12:20:49] [Client thread/INFO] [CHAT] [9] Pavl_ina » ребят. если у меня бронька зачарина на исцеление, мне оружие тоже на него чарить?
[12:20:49] [Client thread/INFO] [CHAT] Потеряно 52 звезд
[12:20:49] [Client thread/INFO] [CHAT] Tveiv получил Долг боли
[12:20:50] [Client thread/INFO] [CHAT] Потеряно 52 звезд
[12:20:50] [Client thread/INFO] [CHAT] Tveiv получил Пениафобия
[12:20:51] [Client thread/INFO] [CHAT] [30] I ┃ TheFoolLotm » [Лук из волчьих костей ☠]
[12:20:55] [Client thread/INFO] [CHAT] Звезды падают с небес!
[12:20:56] [Client thread/INFO] [CHAT] [30] V ┃ Paranoiid » [Лунный камень ♡ +6]
[12:21:01] [Client thread/INFO] [CHAT] Tveiv получил Бонус здоровья
[12:21:01] [Client thread/INFO] [CHAT] Tveiv получил Бонус уклонения
[12:21:19] [Client thread/INFO] [CHAT] [30] D ┃ mokashi » [Благословенная серебряная звезда зачарования x 52]
[12:21:20] [Client thread/INFO] [CHAT] Tveiv получил Бонус маны
[12:21:30] [Client thread/INFO] [CHAT] [30] leonardo_leo_ » ну и задрот
[12:21:30] [Client thread/INFO] [CHAT] Получено 41 звезд
[12:21:30] [Client thread/INFO] [CHAT] Урон игрока Tveiv: 3798
[12:21:32] [Client thread/INFO] [CHAT] Tveiv получил Спокойствие разума
[12:21:32] [Client thread/INFO] [CHAT] [30] Treefrei66 » собираю патина 27левел /p j Treefrei66
[12:21:33] [Client thread/INFO] [CHAT] Звезды падают с небес!
[12:21:39] [Client thread/INFO] [CHAT] Tveiv получил Бонус здоровья
[12:21:39] [Client thread/INFO] [CHAT] Tveiv получил Бонус уклонения
[12:21:43] [Client thread/INFO] [CHAT] Вы уклонились на 35%
[12:21:49] [Client thread/INFO] [CHAT] Получено 45 звезд
[12:21:49] [Client thread/INFO] [CHAT] Урон игрока Tveiv: 2367
[12:21:51] [Client thread/INFO] [CHAT] Tveiv получил Ключ к Победе
[12:22:04] [Client thread/INFO] [CHAT] Вы уклонились на 31%
[12:22:05] [Client thread/INFO] [CHAT] [30] D ┃ mokashi » [Приговор ♨ +8]
[12:22:10] [Client thread/INFO] [CHAT] Вы уклонились на 27%
[12:22:16] [Client thread/INFO] [CHAT] [30] D ┃ AndreWiking » [Богохульство ☬ +2]
[12:22:18] [Client thread/INFO] [CHAT] [30] D ┃ AndreWiking » норм?
[12:22:26] [Client thread/INFO] [CHAT] [30] V ┃ Paranoiid » А че мне акс не дает метку?
[12:22:27] [Client thread/INFO] [CHAT] Вы уклонились на 42%
[12:22:27] [Client thread/INFO] [CHAT] Вы уклонились на 41%
[12:22:31] [Client thread/INFO] [CHAT] [9] Pavl_ina » !ребят. если у меня бронька зачарина на исцеление, мне оружие тоже на него чарить?
[12:22:31] [Client thread/INFO] [CHAT] Вы уклонились на 37%
[12:22:32] [Client thread/INFO] [CHAT] [30] V ┃ Paranoiid » А во
[12:22:34] [Client thread/INFO] [CHAT] [30] V ┃ Paranoiid » Баг)
[12:22:40] [Client thread/INFO] [CHAT] Получено 29 звезд
[12:22:40] [Client thread/INFO] [CHAT] Урон игрока Tveiv: 6504
[12:22:42] [Client thread/INFO] [CHAT] Tveiv получил Ничего
[12:22:47] [Client thread/INFO] [CHAT] Потеряно 46 звезд
[12:22:47] [Client thread/INFO] [CHAT] Tveiv получил Ничего
[12:22:50] [Client thread/INFO] [CHAT] Вы уклонились на 29%
[12:22:54] [Client thread/INFO] [CHAT] В течении 15 секунд Ваш урон увеличен на 20%
[12:23:01] [Client thread/INFO] [CHAT] Вы уклонились на 29%
[12:23:02] [Client thread/INFO] [CHAT] В течении 15 секунд Ваш крит. шанс увеличен на 15%
[12:23:03] [Client thread/INFO] [CHAT] В течении 15 секунд Ваш урон увеличен на 20%
[12:23:05] [Client thread/INFO] [CHAT] В течении 15 секунд Ваш урон увеличен на 20%
[12:23:07] [Client thread/INFO] [CHAT] [11] Pokygorilla » склете иссушитель стреляет из лука, каким свойством обладает его стрела
[12:23:11] [Client thread/INFO] [CHAT] [30] D ┃ AndreWiking » горение
[12:23:12] [Client thread/INFO] [CHAT] [28] I ┃ JonY_00 » горение
[12:23:15] [Client thread/INFO] [CHAT] Получено 38 звезд
[12:23:15] [Client thread/INFO] [CHAT] Урон игрока Tveiv: 10423
[12:23:16] [Client thread/INFO] [CHAT] Tveiv получил Куб неуязвимости
[12:23:20] [Client thread/INFO] [CHAT] Tveiv получил Мрачная тень
[12:23:23] [Client thread/INFO] [CHAT] Объект появляется в комнате. Это конец величественных звёзд.
[12:23:38] [Client thread/INFO] [CHAT] Вы уклонились на 32%
[12:23:51] [Client thread/INFO] [CHAT] Вы уклонились на 36%
[12:24:04] [Client thread/INFO] [CHAT] Вы уклонились на 25%
[12:24:16] [Client thread/INFO] [CHAT] Tveiv получил Раб души
[12:24:20] [Client thread/INFO] [CHAT] Tveiv получил Бонус здоровья
[12:24:24] [Client thread/INFO] [CHAT] Вы уклонились на 43%
[12:24:25] [Client thread/INFO] [CHAT] VoidGame » Мана кончилась и ясность мысли покидает Вас!
[12:24:26] [Client thread/INFO] [CHAT] VoidGame » Мана кончилась и ясность мысли покидает Вас!
[12:24:26] [Client thread/INFO] [CHAT] Цель уклонилась от атаки на 50%
[12:24:27] [Client thread/INFO] [CHAT] VoidGame » Мана кончилась и ясность мысли покидает Вас!
[12:24:27] [Client thread/INFO] [CHAT] Цель уклонилась от атаки на 37%
[12:24:28] [Client thread/INFO] [CHAT] VoidGame » Мана кончилась и ясность мысли покидает Вас!
[12:24:29] [Client thread/INFO] [CHAT] VoidGame » Мана кончилась и ясность мысли покидает Вас!
[12:24:30] [Client thread/INFO] [CHAT] VoidGame » Мана кончилась и ясность мысли покидает Вас!
[12:24:31] [Client thread/INFO] [CHAT] VoidGame » Мана кончилась и ясность мысли покидает Вас!
[12:24:48] [Client thread/INFO] [CHAT] Получено 36 звезд
[12:24:48] [Client thread/INFO] [CHAT] Урон игрока Tveiv: 2723
[12:24:50] [Client thread/INFO] [CHAT] Tveiv получил Воронка проклятий
[12:24:52] [Client thread/INFO] [CHAT] Солнечная армия вторглась в Ваш мир!
[12:25:05] [Client thread/INFO] [CHAT] [30] V ┃ Paranoiid » [Лунный камень ♡ +6] имба же да?
[12:25:05] [Client thread/INFO] [CHAT] Вы уклонились на 49%
[12:25:09] [Client thread/INFO] [CHAT] Вы уклонились на 41%
[12:25:13] [Client thread/INFO] [CHAT] Tveiv получил Бонус здоровья
[12:25:13] [Client thread/INFO] [CHAT] Tveiv получил Бонус урона
[12:25:17] [Client thread/INFO] [CHAT] [30] I ┃ TheFoolLotm » +4 сделай
[12:25:25] [Client thread/INFO] [CHAT] Вы уклонились на 33%
[12:25:36] [Client thread/INFO] [CHAT] [30] V ┃ neBezobraznik » что под топор ярости билдить в фантазиях?
[12:25:44] [Client thread/INFO] [CHAT] [30] V ┃ Paranoiid » ?
[12:25:52] [Client thread/INFO] [CHAT] Вы уклонились на 38%
[12:25:54] [Client thread/INFO] [CHAT] Вы уклонились на 39%
[12:25:55] [Client thread/INFO] [CHAT] [30] V ┃ Paranoiid » TheFoolLotm ты о чем
[12:25:57] [Client thread/INFO] [CHAT] Вы уклонились на 41%
[12:25:59] [Client thread/INFO] [CHAT] [30] selowduu » сейчас же есть акс лучше пробуждённого ловца сна?
[12:26:06] [Client thread/INFO] [CHAT] [30] I ┃ TheFoolLotm » тима я лив потом зайду
[12:26:10] [Client thread/INFO] [CHAT] [30] D ┃ mokashi » думаешь
[12:26:13] [Client thread/INFO] [CHAT] Прошла минута с начала волны! Урон противников увеличен на 25%
[12:26:20] [Client thread/INFO] [CHAT] Вы уклонились на 37%
[12:26:21] [Client thread/INFO] [CHAT] Получено 21 звезд
[12:26:21] [Client thread/INFO] [CHAT] Урон игрока Tveiv: 18316
[12:26:24] [Client thread/INFO] [CHAT] Tveiv получил Ножницы пространства
[12:26:28] [Client thread/INFO] [CHAT] [12] Pokygorilla » никто не хочет пойти гриндить сингулярность воспоминаний этоля?
[12:26:42] [Client thread/INFO] [CHAT] Получено 43 звезд
[12:26:42] [Client thread/INFO] [CHAT] Урон игрока Tveiv: 2956
[12:26:44] [Client thread/INFO] [CHAT] Tveiv получил Башня яркой Луны
[12:26:56] [Client thread/INFO] [CHAT] [30] V ┃ Paranoiid » Кто 27 пойдет нам 1 в пачку нужен
[12:26:56] [Client thread/INFO] [CHAT] Вы уклонились на 25%
[12:26:57] [Client thread/INFO] [CHAT] Вы уклонились на 33%
[12:27:01] [Client thread/INFO] [CHAT] Получено 45 звезд
[12:27:01] [Client thread/INFO] [CHAT] Урон игрока Tveiv: 2230
[12:27:03] [Client thread/INFO] [CHAT] Tveiv получил Катастрофизация
[12:27:07] [Client thread/INFO] [CHAT] На горизонте маячат гигантские, черные прямоугольники.
[12:27:07] [Client thread/INFO] [CHAT] Вы не можете понять, это чьи-то дома, или же пред вами немыслимые, космические создания.
[12:27:08] [Client thread/FATAL] Error executing task
java.util.concurrent.ExecutionException: java.lang.IllegalArgumentException: URI is not absolute
	at java.base/java.util.concurrent.FutureTask.report(Unknown Source)
	at java.base/java.util.concurrent.FutureTask.get(Unknown Source)
	at #wFFZg.sa(SourceFile:46)
	at #mPGeI.b(SourceFile:52)
	at #QQxhM.sk(SourceFile:1466)
	at #lVFyp.st(SourceFile:1632)
	at #cYnba.sk(SourceFile:487)
	at net.minecraft.client.main.GameMain.a(SourceFile:220)
	at net.minecraft.client.main.GameMain.a(SourceFile:156)
	at #kBJWf.a(Unknown Source)
	at #kBJWf.run(Unknown Source)
	at java.base/java.lang.Thread.run(Unknown Source)
Caused by: java.lang.IllegalArgumentException: URI is not absolute
	at java.base/java.net.URL.of(Unknown Source)
	at #QKiRG.sa(SourceFile:250)
	at #gIFKC.sa(SourceFile:204)
	at !#CoIEI.sa(SourceFile:508)
	at #TBzUk.a(Unknown Source)
	at #TBzUk.run(Unknown Source)
	at java.base/java.util.concurrent.Executors$RunnableAdapter.call(Unknown Source)
	at java.base/java.util.concurrent.FutureTask.run(Unknown Source)
	at #wFFZg.sa(SourceFile:45)
	... 9 more
[12:27:08] [Client thread/FATAL] Error executing task
java.util.concurrent.ExecutionException: java.lang.IllegalArgumentException: URI is not absolute
	at java.base/java.util.concurrent.FutureTask.report(Unknown Source)
	at java.base/java.util.concurrent.FutureTask.get(Unknown Source)
	at #wFFZg.sa(SourceFile:46)
	at #mPGeI.b(SourceFile:52)
	at #QQxhM.sk(SourceFile:1466)
	at #lVFyp.st(SourceFile:1632)
	at #cYnba.sk(SourceFile:487)
	at net.minecraft.client.main.GameMain.a(SourceFile:220)
	at net.minecraft.client.main.GameMain.a(SourceFile:156)
	at #kBJWf.a(Unknown Source)
	at #kBJWf.run(Unknown Source)
	at java.base/java.lang.Thread.run(Unknown Source)
Caused by: java.lang.IllegalArgumentException: URI is not absolute
	at java.base/java.net.URL.of(Unknown Source)
	at #QKiRG.sa(SourceFile:250)
	at #gIFKC.sa(SourceFile:204)
	at !#CoIEI.sa(SourceFile:508)
	at #TBzUk.a(Unknown Source)
	at #TBzUk.run(Unknown Source)
	at java.base/java.util.concurrent.Executors$RunnableAdapter.call(Unknown Source)
	at java.base/java.util.concurrent.FutureTask.run(Unknown Source)
	at #wFFZg.sa(SourceFile:45)
	... 9 more
[12:27:08] [Client thread/FATAL] Error executing task
java.util.concurrent.ExecutionException: java.lang.IllegalArgumentException: URI is not absolute
	at java.base/java.util.concurrent.FutureTask.report(Unknown Source)
	at java.base/java.util.concurrent.FutureTask.get(Unknown Source)
	at #wFFZg.sa(SourceFile:46)
	at #mPGeI.b(SourceFile:52)
	at #QQxhM.sk(SourceFile:1466)
	at #lVFyp.st(SourceFile:1632)
	at #cYnba.sk(SourceFile:487)
	at net.minecraft.client.main.GameMain.a(SourceFile:220)
	at net.minecraft.client.main.GameMain.a(SourceFile:156)
	at #kBJWf.a(Unknown Source)
	at #kBJWf.run(Unknown Source)
	at java.base/java.lang.Thread.run(Unknown Source)
Caused by: java.lang.IllegalArgumentException: URI is not absolute
	at java.base/java.net.URL.of(Unknown Source)
	at #QKiRG.sa(SourceFile:250)
	at #gIFKC.sa(SourceFile:204)
	at !#CoIEI.sa(SourceFile:508)
	at #TBzUk.a(Unknown Source)
	at #TBzUk.run(Unknown Source)
	at java.base/java.util.concurrent.Executors$RunnableAdapter.call(Unknown Source)
	at java.base/java.util.concurrent.FutureTask.run(Unknown Source)
	at #wFFZg.sa(SourceFile:45)
	... 9 more
[12:27:08] [Client thread/INFO] [CHAT] Прямоугольник: ЭаажРХввЕАЩЬПвЁ
[12:27:10] [Client thread/INFO] [CHAT] Прямоугольник: ТЯБЦЗизёжЕ!Й
[12:27:13] [Client thread/INFO] [CHAT] Прямоугольник: ЧащтЁкюТЧццШуч?ъС
[12:27:13] [Client thread/INFO] [CHAT] Tveiv получил Черные прямоугольники
[12:27:16] [Client thread/INFO] [CHAT] Цель уклонилась от атаки на 41%
[12:27:21] [Client thread/INFO] [CHAT] Вы уклонились на 25%
[12:27:23] [Client thread/INFO] [CHAT] Получено 46 звезд
[12:27:23] [Client thread/INFO] [CHAT] Урон игрока Tveiv: 5064
[12:27:25] [Client thread/INFO] [CHAT] Tveiv получил Пожиратель энергии
[12:27:27] [Client thread/INFO] [CHAT] Tveiv получил Мирный сон Бедствия
[12:27:36] [Client thread/INFO] [CHAT] \nXXall проводит приватную игру: Бинго Одиночный 8x8!\nРежим: Фул хаус\nПриз победителю: 210\nНажми, чтобы переместиться!\n 
[12:27:36] [Client thread/INFO] [CHAT] [30] D ┃ AndreWiking » какой же огромный данж
[12:27:39] [Client thread/INFO] [CHAT] [22] P ┃ 123sterlok456 » !Добрые люди. А что за секретки?
[12:27:46] [Client thread/INFO] [CHAT] Вы уклонились на 47%
[12:27:49] [Client thread/INFO] [CHAT] [30] Treefrei66 » cекрет достижения
[12:27:53] [Client thread/INFO] [CHAT] Получено 40 звезд
[12:27:53] [Client thread/INFO] [CHAT] Урон игрока Tveiv: 2349
[12:27:54] [Client thread/INFO] [CHAT] Tveiv получил Висп в бутылке
[12:28:04] [Client thread/INFO] [CHAT] Солнечная армия вторглась в Ваш мир!
[12:28:06] [Client thread/INFO] [CHAT] На Вас наложено Проклятие Страха, Ваш вампиризм заблокирован
[12:28:18] [Client thread/INFO] [CHAT] Tveiv получил Бонус здоровья
[12:28:18] [Client thread/INFO] [CHAT] Tveiv получил Бонус урона
[12:28:32] [Client thread/INFO] [CHAT] На Вас наложено Проклятие Страха, Ваш вампиризм заблокирован
[12:28:35] [Client thread/INFO] [CHAT] Получено 42 звезд
[12:28:35] [Client thread/INFO] [CHAT] Урон игрока Tveiv: 5970
[12:28:37] [Client thread/INFO] [CHAT] Tveiv получил Бонус маны
[12:28:45] [Client thread/INFO] [CHAT] На Вас наложено Проклятие Страха, Ваш вампиризм заблокирован
[12:29:03] [Client thread/INFO] [CHAT] Вы уклонились на 40%
[12:29:30] [Client thread/INFO] [CHAT] Получено 29 звезд
[12:29:30] [Client thread/INFO] [CHAT] Урон игрока Tveiv: 13348
[12:29:31] [Client thread/INFO] [CHAT] Tveiv получил Охотник за головами
[12:29:37] [Client thread/INFO] [CHAT] На Вас наложено Проклятие Страха, Ваш вампиризм заблокирован
[12:29:47] [Client thread/INFO] [CHAT] [28] P ┃ Tveiv » вахыыхвахыва я свои же тени рабом души подчинил, и у меня просто 5 моих клонов всех убивают
[12:30:17] [Client thread/INFO] [CHAT] Потеряно 274 звезд
[12:30:17] [Client thread/INFO] [CHAT] Tveiv получил Черные прямоугольники
[12:30:17] [Client thread/INFO] [CHAT] Ведьмы появляются в комнате и медленно окружают Вас.
[12:30:18] [Client thread/INFO] [CHAT] Ведьма: Уважаемый Странник Тьмы, поделитесь с нами вашей силой.
[12:30:28] [Client thread/INFO] [CHAT] Вы уклонились на 38%
[12:30:30] [Client thread/INFO] [CHAT] Вы уклонились на 36%
[12:30:47] [Client thread/INFO] [CHAT] Получено 40 звезд
[12:30:47] [Client thread/INFO] [CHAT] Урон игрока Tveiv: 4821
[12:30:48] [Client thread/INFO] [CHAT] Tveiv получил Долг судьбы
[12:30:50] [Client thread/INFO] [CHAT] [6] MOHCTPIK24 » у кого есть ненужный грудак победителся и боты со шлемом целителя
[12:30:55] [Client thread/INFO] [CHAT] На Вас наложено Проклятие Страха, Ваш вампиризм заблокирован
[12:30:57] [Client thread/INFO] [CHAT] [6] MOHCTPIK24 » а точнее ток шлем целителя
[12:30:58] [Client thread/INFO] [CHAT] [30] Treefrei66 » нельзя передаваать
[12:31:07] [Client thread/INFO] [CHAT] [6] MOHCTPIK24 » а как тогда обмен тут
[12:31:08] [Client thread/INFO] [CHAT] Вы уклонились на 29%
[12:31:18] [Client thread/INFO] [CHAT] Tveiv получил Бонус здоровья
[12:31:18] [Client thread/INFO] [CHAT] [30] Treefrei66 » никак
[12:31:23] [Client thread/INFO] [CHAT] Получено 39 звезд
[12:31:23] [Client thread/INFO] [CHAT] Урон игрока Tveiv: 15038
[12:31:24] [Client thread/INFO] [CHAT] [6] MOHCTPIK24 » понятно
[12:31:28] [Client thread/INFO] [CHAT] Tveiv получил Росток алмазного дерева
[12:31:29] [Client thread/INFO] [CHAT] Tveiv получил Паранойя Победителя
[12:31:39] [Client thread/INFO] [CHAT] [22] P ┃ 123sterlok456 » !Вроде разраб ввел систему. Не?
[12:31:42] [Client thread/INFO] [CHAT] Потеряно 68 звезд
[12:31:42] [Client thread/INFO] [CHAT] Tveiv получил Бонус маны
[12:31:46] [Client thread/INFO] [CHAT] Потеряно 57 звезд
[12:31:46] [Client thread/INFO] [CHAT] Tveiv получил Дурак
[12:31:47] [Client thread/INFO] [CHAT] Потеряно 57 звезд
[12:31:47] [Client thread/INFO] [CHAT] Tveiv получил Мышь на Венере
[12:31:48] [Client thread/INFO] [CHAT] [30] D ┃ mokashi » вчера
[12:31:49] [Client thread/INFO] [CHAT] [30] E ┃ Dapkyc_228 » [Путь в Карнтрант ☠ +2]
[12:31:49] [Client thread/INFO] [CHAT] [30] selowduu » получается через команду /gift можно ток участникам данжа?
[12:31:51] [Client thread/INFO] [CHAT] [30] Treefrei66 » ток когда вы вмесете подземку проходили
[12:32:06] [Client thread/INFO] [CHAT] [30] E ┃ Dapkyc_228 » и то нельзя
[12:32:11] [Client thread/INFO] [CHAT] [30] E ┃ Dapkyc_228 » команда не робит
[12:32:17] [Client thread/INFO] [CHAT] Вы уклонились на 40%
[12:32:19] [Client thread/INFO] [CHAT] [12] Pokygorilla » тестится пока что вроде
[12:32:21] [Client thread/INFO] [CHAT] Вы уклонились на 35%
[12:32:26] [Client thread/INFO] [CHAT] Вы ошиблись! Ваше исцеление снижено на 25% в течении 17 секунд
[12:32:27] [Client thread/INFO] [CHAT] [6] MOHCTPIK24 » и как тут улучшать вещи я хз просто
[12:32:38] [Client thread/INFO] [CHAT] Этоль: Не сдавайся, Расима.
[12:32:38] [Client thread/INFO] [CHAT] Вы уклонились на 49%
[12:32:39] [Client thread/INFO] [CHAT] На Вас наложено Проклятие Страха, Ваш вампиризм заблокирован
[12:32:41] [Client thread/INFO] [CHAT] Правильно! В течении 15 секунд Ваш крит. шанс увеличен на 15%
[12:32:42] [Client thread/INFO] [CHAT] Этоль: Исцеляй, пока твоё тело не превратится в пыль.
[12:32:48] [Client thread/INFO] [CHAT] Этоль: Даже если ты умрёшь, я соберу тебя вновь.
[12:32:50] [Client thread/INFO] [CHAT] Прошла минута с начала волны! Урон противников увеличен на 25%
[12:33:00] [Client thread/INFO] [CHAT] [30] V ┃ neBezobraznik » [Боевой топор ярости ☠ +8]
[12:33:05] [Client thread/INFO] [CHAT] На Вас наложено Проклятие Страха, Ваш вампиризм заблокирован
[12:33:12] [Client thread/INFO] [CHAT] Луч презрения задел Вас! Ваше исцеление снижено на 25% в течении 17 секунд
[12:33:13] [Client thread/INFO] [CHAT] Правильно! В течении 15 секунд скорость перезарядки заклинаний увеличена на 50%
[12:33:17] [Client thread/INFO] [CHAT] Вы уклонились на 27%
[12:33:18] [Client thread/INFO] [CHAT] На Вас наложено Проклятие Страха, Ваш вампиризм заблокирован
[12:33:28] [Client thread/INFO] [CHAT] Правильно! В течении 15 секунд скорость перезарядки заклинаний увеличена на 50%
[12:33:31] [Client thread/INFO] [CHAT] На Вас наложено Проклятие Страха, Ваш вампиризм заблокирован
[12:33:42] [Client thread/INFO] [CHAT] Луч презрения задел Вас! Ваше исцеление снижено на 25% в течении 17 секунд
[12:33:43] [Client thread/INFO] [CHAT] Вы ошиблись! Ваше исцеление снижено на 25% в течении 17 секунд
[12:33:44] [Client thread/INFO] [CHAT] На Вас наложено Проклятие Страха, Ваш вампиризм заблокирован
[12:33:45] [Client thread/INFO] [CHAT] Вы уклонились на 37%
[12:33:45] [Client thread/INFO] [CHAT] [22] P ┃ 123sterlok456 » [Звездопад ♨ +5] прекрасный лук
[12:33:59] [Client thread/INFO] [CHAT] [30] D ┃ AndreWiking » [Плащ рассеивания ♆ +1]
[12:34:02] [Client thread/INFO] [CHAT] [30] D ┃ AndreWiking » говно?
[12:34:13] [Client thread/INFO] [CHAT] [22] P ┃ 123sterlok456 » !исцеление -20%. сильно
[12:34:18] [Client thread/INFO] [CHAT] [30] D ┃ mokashi » братан мы хз мы не юзали это
[12:34:18] [Client thread/INFO] [CHAT] [30] V ┃ neBezobraznik » [Боевой топор ярости ☠ +8]
[12:35:20] [Client thread/INFO] [CHAT] [30] leonardo_leo_ » .зс lf
[12:36:12] [Client thread/INFO] [CHAT] Tveiv получил Бонус урона
[12:36:25] [Client thread/INFO] [CHAT] Получено 45 звезд
[12:36:25] [Client thread/INFO] [CHAT] Урон игрока Tveiv: 3912
[12:36:27] [Client thread/INFO] [CHAT] Tveiv получил Бонус маны
[12:36:29] [Client thread/INFO] [CHAT] Человек в черном появляется в комнате.
[12:36:30] [Client thread/INFO] [CHAT] Человек в черном: Странник Тьмы, совершал ли ты приступления?
[12:36:32] [Client thread/INFO] [CHAT] Человек в черном: Твоя совесть чиста. Продолжай в том же духе, а иначе, наша следующая встреча может стать последней для тебя.
[12:36:32] [Client thread/INFO] [CHAT] Tveiv получил Губка
[12:36:45] [Client thread/INFO] [CHAT] Tveiv получил Сетка для ловли звёзд
[12:36:51] [Client thread/INFO] [CHAT] Получено 58 звезд
[12:36:51] [Client thread/INFO] [CHAT] Урон игрока Tveiv: 7764
[12:36:53] [Client thread/INFO] [CHAT] Tveiv получил Ничего
[12:36:58] [Client thread/INFO] [CHAT] Потеряно 51 звезд
[12:36:58] [Client thread/INFO] [CHAT] Tveiv получил Зеркальный
[12:37:00] [Client thread/INFO] [CHAT] Потеряно 51 звезд
[12:37:00] [Client thread/INFO] [CHAT] Tveiv получил Идол глупцов
[12:37:13] [Client thread/INFO] [CHAT] Получено 62 звезд
[12:37:13] [Client thread/INFO] [CHAT] Урон игрока Tveiv: 4576
[12:37:15] [Client thread/INFO] [CHAT] Tveiv получил Гений звёзд
[12:37:16] [Client thread/INFO] [CHAT] Жми SHIFT, чтобы получить эффект левитации и поймать летучих мышей!
[12:37:41] [Client thread/INFO] [CHAT] Tveiv получил Мышь на Венере
[12:37:55] [Client thread/INFO] [CHAT] Получено 60 звезд
[12:37:55] [Client thread/INFO] [CHAT] Урон игрока Tveiv: 6790
[12:37:57] [Client thread/INFO] [CHAT] Tveiv получил Бонус здоровья
[12:37:59] [Client thread/INFO] [CHAT] Tveiv получил Нож на перестрелке
[12:38:07] [Client thread/INFO] [CHAT] Потеряно 52 звезд
[12:38:07] [Client thread/INFO] [CHAT] Tveiv получил Замок без ключа
[12:38:09] [Client thread/INFO] [CHAT] Потеряно 52 звезд
[12:38:09] [Client thread/INFO] [CHAT] Tveiv получил Собиратель мусора
[12:38:11] [Client thread/INFO] [CHAT] Вы находите лестницу отчаяния. Каждый, кто рискнёт ступить на неё, обречён на невероятные мучения. Но кто знает, что хранит вершина?
[12:38:27] [Client thread/INFO] [CHAT] Tveiv получил Ледяная колыбель
[12:38:47] [Client thread/INFO] [CHAT] Получено 57 звезд
[12:38:47] [Client thread/INFO] [CHAT] Урон игрока Tveiv: 7046
[12:38:48] [Client thread/INFO] [CHAT] Tveiv получил Мое последнее перерождение в мире звезд, подаренное Исцелением
[12:39:18] [Client thread/INFO] [CHAT] Получено 53 звезд
[12:39:18] [Client thread/INFO] [CHAT] Урон игрока Tveiv: 12016
[12:39:19] [Client thread/INFO] [CHAT] Tveiv получил Дух предстоящей победы
[12:39:21] [Client thread/INFO] [CHAT] [15] I ┃ ocagee » !ск мышей в событие с мвшами
[12:39:25] [Client thread/INFO] [CHAT] [22] P ┃ 123sterlok456 » !пхах. У меня теневой х4)
[12:39:25] [Client thread/INFO] [CHAT] [29] P ┃ Tveiv » 10
[12:39:29] [Client thread/INFO] [CHAT] [15] I ┃ ocagee » спс
[12:39:33] [Client thread/INFO] [CHAT] [30] D ┃ mokashi » смехуятина
[12:39:52] [Client thread/INFO] [CHAT] Получено 56 звезд
[12:39:52] [Client thread/INFO] [CHAT] Урон игрока Tveiv: 10999
[12:39:53] [Client thread/INFO] [CHAT] Tveiv получил Бонус маны
[12:39:59] [Client thread/INFO] [CHAT] Загадочное зеркало материализовалось в комнате.
[12:39:59] [Client thread/INFO] [CHAT] ЛКМ - Разбить зеркало
[12:39:59] [Client thread/INFO] [CHAT] ПКМ - Заглянуть в зеркало
[12:39:59] [Client thread/FATAL] Error executing task
java.util.concurrent.ExecutionException: java.lang.IllegalArgumentException: URI is not absolute
	at java.base/java.util.concurrent.FutureTask.report(Unknown Source)
	at java.base/java.util.concurrent.FutureTask.get(Unknown Source)
	at #wFFZg.sa(SourceFile:46)
	at #mPGeI.b(SourceFile:52)
	at #QQxhM.sk(SourceFile:1466)
	at #lVFyp.st(SourceFile:1632)
	at #cYnba.sk(SourceFile:487)
	at net.minecraft.client.main.GameMain.a(SourceFile:220)
	at net.minecraft.client.main.GameMain.a(SourceFile:156)
	at #kBJWf.a(Unknown Source)
	at #kBJWf.run(Unknown Source)
	at java.base/java.lang.Thread.run(Unknown Source)
Caused by: java.lang.IllegalArgumentException: URI is not absolute
	at java.base/java.net.URL.of(Unknown Source)
	at #QKiRG.sa(SourceFile:250)
	at #gIFKC.sa(SourceFile:204)
	at !#CoIEI.sa(SourceFile:508)
	at #TBzUk.a(Unknown Source)
	at #TBzUk.run(Unknown Source)
	at java.base/java.util.concurrent.Executors$RunnableAdapter.call(Unknown Source)
	at java.base/java.util.concurrent.FutureTask.run(Unknown Source)
	at #wFFZg.sa(SourceFile:45)
	... 9 more
[12:40:01] [Client thread/INFO] [CHAT] Вы заглядываете в зеркало и видите в нём себя. Внезапно, зеркало исчезает и Ваше отражение бросается в атаку.
[12:40:28] [Client thread/INFO] [CHAT] Tveiv получил Зеркальный
[12:40:37] [Client thread/INFO] [CHAT] Получено 49 звезд
[12:40:37] [Client thread/INFO] [CHAT] Урон игрока Tveiv: 15521
[12:40:38] [Client thread/INFO] [CHAT] Tveiv получил Игла ярости
[12:40:59] [Client thread/INFO] [CHAT] Получено 57 звезд
[12:40:59] [Client thread/INFO] [CHAT] Урон игрока Tveiv: 12669
[12:41:00] [Client thread/INFO] [CHAT] Tveiv получил Бонус здоровья
[12:41:02] [Client thread/INFO] [CHAT] Tveiv получил Прострел с Юпитера
[12:41:02] [Client thread/INFO] [CHAT] [22] P ┃ 123sterlok456 » !Босс исчез...
[12:41:17] [Client thread/INFO] [CHAT] Потеряно 268 звезд
[12:41:17] [Client thread/INFO] [CHAT] Tveiv получил Черные прямоугольники
[12:41:21] [Client thread/INFO] [CHAT] Последователь Этоля появляется в комнате.
[12:41:22] [Client thread/INFO] [CHAT] Астролог: Странник Тьмы, я рад видеть тебя. Позволь мне помочь в твоих странствиях, давай свою экипировку.
[12:41:23] [Client thread/INFO] [CHAT] Оружие получает +2 к уровню зачарования, а остальные предметы - +4
[12:41:56] [Client thread/INFO] [CHAT] [30] Ripperch » [Пробужденный ловец снов +8]
[12:42:00] [Client thread/INFO] [CHAT] [6] MOHCTPIK24 » где звёзды тратить
[12:42:26] [Client thread/INFO] [CHAT] Прошла минута с начала волны! Урон противников увеличен на 25%
[12:43:09] [Client thread/INFO] [CHAT] [23] P ┃ 123sterlok456 » !Тайлер исчез...
[12:45:03] [Client thread/INFO] [CHAT] Tveiv получил Собиратель мусора
[12:45:29] [Client thread/INFO] [CHAT] Получено 39 звезд
[12:45:29] [Client thread/INFO] [CHAT] Урон игрока Tveiv: 4920
[12:45:30] [Client thread/INFO] [CHAT] Tveiv получил Спокойствие разума
[12:45:32] [Client thread/INFO] [CHAT] На горизонте маячат гигантские, черные прямоугольники.
[12:45:32] [Client thread/INFO] [CHAT] Вы не можете понять, это чьи-то дома, или же пред вами немыслимые, космические создания.
[12:45:33] [Client thread/FATAL] Error executing task
java.util.concurrent.ExecutionException: java.lang.IllegalArgumentException: URI is not absolute
	at java.base/java.util.concurrent.FutureTask.report(Unknown Source)
	at java.base/java.util.concurrent.FutureTask.get(Unknown Source)
	at #wFFZg.sa(SourceFile:46)
	at #mPGeI.b(SourceFile:52)
	at #QQxhM.sk(SourceFile:1466)
	at #lVFyp.st(SourceFile:1632)
	at #cYnba.sk(SourceFile:487)
	at net.minecraft.client.main.GameMain.a(SourceFile:220)
	at net.minecraft.client.main.GameMain.a(SourceFile:156)
	at #kBJWf.a(Unknown Source)
	at #kBJWf.run(Unknown Source)
	at java.base/java.lang.Thread.run(Unknown Source)
Caused by: java.lang.IllegalArgumentException: URI is not absolute
	at java.base/java.net.URL.of(Unknown Source)
	at #QKiRG.sa(SourceFile:250)
	at #gIFKC.sa(SourceFile:204)
	at !#CoIEI.sa(SourceFile:508)
	at #TBzUk.a(Unknown Source)
	at #TBzUk.run(Unknown Source)
	at java.base/java.util.concurrent.Executors$RunnableAdapter.call(Unknown Source)
	at java.base/java.util.concurrent.FutureTask.run(Unknown Source)
	at #wFFZg.sa(SourceFile:45)
	... 9 more
[12:45:33] [Client thread/FATAL] Error executing task
java.util.concurrent.ExecutionException: java.lang.IllegalArgumentException: URI is not absolute
	at java.base/java.util.concurrent.FutureTask.report(Unknown Source)
	at java.base/java.util.concurrent.FutureTask.get(Unknown Source)
	at #wFFZg.sa(SourceFile:46)
	at #mPGeI.b(SourceFile:52)
	at #QQxhM.sk(SourceFile:1466)
	at #lVFyp.st(SourceFile:1632)
	at #cYnba.sk(SourceFile:487)
	at net.minecraft.client.main.GameMain.a(SourceFile:220)
	at net.minecraft.client.main.GameMain.a(SourceFile:156)
	at #kBJWf.a(Unknown Source)
	at #kBJWf.run(Unknown Source)
	at java.base/java.lang.Thread.run(Unknown Source)
Caused by: java.lang.IllegalArgumentException: URI is not absolute
	at java.base/java.net.URL.of(Unknown Source)
	at #QKiRG.sa(SourceFile:250)
	at #gIFKC.sa(SourceFile:204)
	at !#CoIEI.sa(SourceFile:508)
	at #TBzUk.a(Unknown Source)
	at #TBzUk.run(Unknown Source)
	at java.base/java.util.concurrent.Executors$RunnableAdapter.call(Unknown Source)
	at java.base/java.util.concurrent.FutureTask.run(Unknown Source)
	at #wFFZg.sa(SourceFile:45)
	... 9 more
[12:45:33] [Client thread/FATAL] Error executing task
java.util.concurrent.ExecutionException: java.lang.IllegalArgumentException: URI is not absolute
	at java.base/java.util.concurrent.FutureTask.report(Unknown Source)
	at java.base/java.util.concurrent.FutureTask.get(Unknown Source)
	at #wFFZg.sa(SourceFile:46)
	at #mPGeI.b(SourceFile:52)
	at #QQxhM.sk(SourceFile:1466)
	at #lVFyp.st(SourceFile:1632)
	at #cYnba.sk(SourceFile:487)
	at net.minecraft.client.main.GameMain.a(SourceFile:220)
	at net.minecraft.client.main.GameMain.a(SourceFile:156)
	at #kBJWf.a(Unknown Source)
	at #kBJWf.run(Unknown Source)
	at java.base/java.lang.Thread.run(Unknown Source)
Caused by: java.lang.IllegalArgumentException: URI is not absolute
	at java.base/java.net.URL.of(Unknown Source)
	at #QKiRG.sa(SourceFile:250)
	at #gIFKC.sa(SourceFile:204)
	at !#CoIEI.sa(SourceFile:508)
	at #TBzUk.a(Unknown Source)
	at #TBzUk.run(Unknown Source)
	at java.base/java.util.concurrent.Executors$RunnableAdapter.call(Unknown Source)
	at java.base/java.util.concurrent.FutureTask.run(Unknown Source)
	at #wFFZg.sa(SourceFile:45)
	... 9 more
[12:45:33] [Client thread/INFO] [CHAT] Прямоугольник: тЫбЧюКОкёМедъух
[12:45:35] [Client thread/INFO] [CHAT] Прямоугольник: асЖЦрыхьРчтю
[12:45:38] [Client thread/INFO] [CHAT] Прямоугольник: ЧдепТдГйВЦфЮьЯжчм
[12:45:38] [Client thread/INFO] [CHAT] Tveiv получил Черные прямоугольники
[12:45:55] [Client thread/INFO] [CHAT] Получено 43 звезд
[12:45:55] [Client thread/INFO] [CHAT] Урон игрока Tveiv: 5089
[12:45:56] [Client thread/INFO] [CHAT] Tveiv получил Непоколебимость Победителя
[12:46:05] [Client thread/INFO] [CHAT] Потеряно 51 звезд
[12:46:05] [Client thread/INFO] [CHAT] Tveiv получил Мирный сон Бедствия
[12:46:20] [Client thread/INFO] [CHAT] Получено 45 звезд
[12:46:20] [Client thread/INFO] [CHAT] Урон игрока Tveiv: 5290
[12:46:22] [Client thread/INFO] [CHAT] Tveiv получил Возвышение на Юпитер
[12:47:09] [Client thread/INFO] [CHAT] Получено 32 звезд
[12:47:09] [Client thread/INFO] [CHAT] Урон игрока Tveiv: 11960
[12:47:13] [Client thread/INFO] [CHAT] Tveiv получил Бонус маны
[12:47:15] [Client thread/INFO] [CHAT] Tveiv получил Непобеждаемая слот-машина
[12:47:19] [Client thread/INFO] [CHAT] Ведьмы появляются в комнате и медленно окружают Вас.
[12:47:20] [Client thread/INFO] [CHAT] Ведьма: Уважаемый Странник Тьмы, поделитесь с нами вашей силой.
[12:47:26] [Client thread/INFO] [CHAT] Tveiv получил Теневой
[12:48:09] [Client thread/INFO] [CHAT] Получено 32 звезд
[12:48:09] [Client thread/INFO] [CHAT] Урон игрока Tveiv: 9287
[12:48:12] [Client thread/INFO] [CHAT] Tveiv получил Росток алмазного дерева
[12:48:16] [Client thread/INFO] [CHAT] Потеряно 50 звезд
[12:48:16] [Client thread/INFO] [CHAT] Потеряно 5 звезд
[12:48:16] [Client thread/INFO] [CHAT] Tveiv получил Бонус здоровья
[12:48:21] [Client thread/INFO] [CHAT] Потеряно 52 звезд
[12:48:21] [Client thread/INFO] [CHAT] Получено 15 звезд
[12:48:21] [Client thread/INFO] [CHAT] Tveiv получил Кровопролитие
[12:48:28] [Client thread/INFO] [CHAT] [30] D ┃ AndreWiking » почему у меня возвышение на юпитер почти не подкидывает?
[12:48:39] [Client thread/INFO] [CHAT] [30] Treefrei66 » свинцов слоник мб?
[12:48:41] [Client thread/INFO] [CHAT] [30] P ┃ Pedisan » Ты толстый
[12:48:43] [Client thread/INFO] [CHAT] Получено 41 звезд
[12:48:43] [Client thread/INFO] [CHAT] Урон игрока Tveiv: 6349
[12:48:44] [Client thread/INFO] [CHAT] [30] leonardo_leo_ » два прыжка делай
[12:48:45] [Client thread/INFO] [CHAT] [30] D ┃ AndreWiking » так и знал
[12:48:45] [Client thread/INFO] [CHAT] Tveiv получил Пожиратель энергии
[12:48:49] [Client thread/INFO] [CHAT] [30] D ┃ AndreWiking » так два и делаю
[12:48:50] [Client thread/INFO] [CHAT] Потеряно 53 звезд
[12:48:50] [Client thread/INFO] [CHAT] Получено 15 звезд
[12:48:50] [Client thread/INFO] [CHAT] Tveiv получил Кукла вуду
[12:48:52] [Client thread/INFO] [CHAT] Жми SHIFT, чтобы получить эффект левитации и поймать летучих мышей!
[12:48:57] [Client thread/INFO] [CHAT] [30] leonardo_leo_ » криво значит
[12:48:57] [Client thread/INFO] [CHAT] [30] D ┃ AndreWiking » оно подкидывает на 2 блока +-
[12:49:01] [Client thread/INFO] [CHAT] Tveiv получил Мышь на Венере
[12:49:09] [Client thread/INFO] [CHAT] [30] D ┃ AndreWiking » сначала нормально, потом ужасно
[12:49:23] [Client thread/INFO] [CHAT] Получено 40 звезд
[12:49:23] [Client thread/INFO] [CHAT] Урон игрока Tveiv: 22655
[12:49:25] [Client thread/INFO] [CHAT] Tveiv получил Ножницы пространства
[12:49:28] [Client thread/INFO] [CHAT] Потеряно 53 звезд
[12:49:28] [Client thread/INFO] [CHAT] Получено 15 звезд
[12:49:28] [Client thread/INFO] [CHAT] Tveiv получил Прострел с Юпитера
[12:49:31] [Client thread/INFO] [CHAT] Потеряно 53 звезд
[12:49:31] [Client thread/INFO] [CHAT] Получено 15 звезд
[12:49:31] [Client thread/INFO] [CHAT] Tveiv получил Бонус здоровья
[12:49:33] [Client thread/INFO] [CHAT] У Вас есть 20 секунд, прежде, чем кот сбежит!
[12:49:46] [Client thread/INFO] [CHAT] Tveiv получил Идол глупцов
[12:50:01] [Client thread/INFO] [CHAT] Получено 43 звезд
[12:50:01] [Client thread/INFO] [CHAT] Урон игрока Tveiv: 5201
[12:50:02] [Client thread/INFO] [CHAT] Tveiv получил Бонус уклонения
[12:50:05] [Client thread/INFO] [CHAT] Последователь и его группа ожидают от Вас ответа.
[12:50:09] [Client thread/INFO] [CHAT] Последователь Этоля: Превосходный ответ, мы ожидаем от тебя свершений.
[12:50:09] [Client thread/INFO] [CHAT] Tveiv получил Собиратель мусора
[12:50:12] [Client thread/INFO] [CHAT] Вы уклонились на 30%
[12:50:15] [Client thread/INFO] [CHAT] Вы уклонились на 37%
[12:50:31] [Client thread/INFO] [CHAT] Вы уклонились на 35%
[12:51:05] [Client thread/INFO] [CHAT] Вы уклонились на 42%
[12:51:08] [Client thread/INFO] [CHAT] Вы уклонились на 44%
[12:51:10] [Client thread/INFO] [CHAT] Прошла минута с начала волны! Урон противников увеличен на 25%
[12:51:12] [Client thread/INFO] [CHAT] Вы уклонились на 43%
[12:51:13] [Client thread/INFO] [CHAT] [1] jabiabi » п ек 4кы6
[12:51:21] [Client thread/INFO] [CHAT] Вы уклонились на 26%
[12:51:27] [Client thread/INFO] [CHAT] Получено 17 звезд
[12:51:27] [Client thread/INFO] [CHAT] Урон игрока Tveiv: 26499
[12:51:29] [Client thread/INFO] [CHAT] Tveiv получил Бонус здоровья
[12:51:30] [Client thread/INFO] [CHAT] Tveiv получил Проклятие
[12:51:34] [Client thread/INFO] [CHAT] Потеряно 54 звезд
[12:51:34] [Client thread/INFO] [CHAT] Получено 16 звезд
[12:51:34] [Client thread/INFO] [CHAT] Tveiv получил Кукла вуду
[12:51:49] [Client thread/INFO] [CHAT] Вы уклонились на 48%
[12:52:35] [Client thread/INFO] [CHAT] Вы уклонились на 38%
[12:52:36] [Client thread/INFO] [CHAT] Прошла минута с начала волны! Урон противников увеличен на 25%
[12:53:14] [Client thread/INFO] [CHAT] Вы уклонились на 38%
[12:53:25] [Client thread/INFO] [CHAT] Вы уклонились на 34%
[12:57:47] [Client thread/INFO] [CHAT] [30] D ┃ AndreWiking » 2 макси +8 сделал ...
[12:58:02] [Client thread/INFO] [CHAT] [30] D ┃ AndreWiking » [Посмертная маска +9]
[12:58:15] [Client thread/INFO] [CHAT] [30] D ┃ AndreWiking » вторая не залетела
[12:58:42] [Client thread/INFO] [CHAT] [28] I ┃ JonY_00 » [Жертва ритуалу ☠ +8]
[12:58:59] [Client thread/INFO] [CHAT] [30] D ┃ AndreWiking » [Приговор ⚝ +6]
[12:59:02] [Client thread/INFO] [CHAT] [30] D ┃ AndreWiking » сделал
[12:59:43] [Client thread/INFO] [CHAT] [30] Treefrei66 » [Темный кинжал ☬ +1]
[13:00:33] [Client thread/INFO] [CHAT] [30] V ┃ Paranoiid » Зекстер ку
[13:00:35] [Client thread/INFO] [CHAT] [30] Jr.Dev ┃ ZeksterP » q
[13:00:38] [Client thread/INFO] [CHAT] [30] D ┃ AndreWiking » ку
[13:00:49] [Client thread/INFO] [CHAT] [30] V ┃ Paranoiid » Помоему те камни сверху не дамажат голову
[13:00:50] [Client thread/INFO] [CHAT] [30] Treefrei66 » зекстер не работает этот ритуал в камни
[13:01:05] [Client thread/INFO] [CHAT] [30] V ┃ Paranoiid » или именно отразить надо?
[13:01:12] [Client thread/INFO] [CHAT] [30] D ┃ AndreWiking » zek, я заметил, что у меня иногда баф, который дает доп прыжок немного ломается. у меня второй прыжок на 2 блока становится
[13:01:22] [Client thread/INFO] [CHAT] [30] Jr.Dev ┃ ZeksterP » может слоник у тебя?
[13:01:29] [Client thread/INFO] [CHAT] [30] leonardo_leo_ » [Отражающий амулет] что за хрень?
[13:01:32] [Client thread/INFO] [CHAT] [30] D ┃ AndreWiking » хз, катку закончил
[13:01:43] [Client thread/INFO] [CHAT] [30] D ┃ AndreWiking » возможно
[13:02:03] [Client thread/INFO] [CHAT] [28] I ┃ JonY_00 » Зекстер когда тг|дс канал по режиму?
[13:02:18] [Client thread/INFO] [CHAT] [30] Treefrei66 » зекстеп запиши нам гайд на бесмертную голову
[13:02:25] [Client thread/INFO] [CHAT] [30] Jr.Dev ┃ ZeksterP » отражающий амулет нужен
[13:02:34] [Client thread/INFO] [CHAT] [30] leonardo_leo_ » для чего?
[13:02:48] [Client thread/INFO] [CHAT] [3] Sr.T ┃ Няшечка » пробовали с амулетом
[13:02:49] [Client thread/INFO] [CHAT] [30] Jr.Dev ┃ ZeksterP » он отражает его магию в сторону твоего взгляда
[13:02:54] [Client thread/INFO] [CHAT] [3] Sr.T ┃ Няшечка » он как будто дефает урон просто
[13:02:55] [Client thread/INFO] [CHAT] [30] E ┃ Dapkyc_228 » аааа
[13:02:57] [Client thread/INFO] [CHAT] [3] Sr.T ┃ Няшечка » от этого снаряда
[13:02:59] [Client thread/INFO] [CHAT] [28] I ┃ JonY_00 » Зекстер когда тг|дс канал по режиму?
[13:03:00] [Client thread/INFO] [CHAT] [23] P ┃ 123sterlok456 » !а свинцовый слоник скок защиты даёт?
[13:03:03] [Client thread/INFO] [CHAT] [30] D ┃ AndreWiking » 10
[13:03:06] [Client thread/INFO] [CHAT] [30] E ┃ Dapkyc_228 » в сторону взгляда
[13:03:28] [Client thread/INFO] [CHAT] [19] tnt4 » почему в хотфиксе написано что откидывание мобов исправленно если чего не поменялось? они как раньше подкидывали в воздух и не давали не удари не отпрыгнуть не приземлится как и сейчас
[13:03:32] [Client thread/INFO] [CHAT] [25] V+ ┃ VenSh11 » где лучше всего опыт пушить для 25 уровня?
[13:03:38] [Client thread/INFO] [CHAT] [30] D ┃ AndreWiking » зек, уже думаешь над новой обновой? :D
[13:03:40] [Client thread/INFO] [CHAT] [30] D ┃ mokashi » так у тебя 25 лвл уже
[13:03:45] [Client thread/INFO] [CHAT] [30] Jr.Dev ┃ ZeksterP » tnt4, а какой моб?
[13:03:48] [Client thread/INFO] [CHAT] [29] skqv1zymeoww » мокаши, кууу
[13:03:52] [Client thread/INFO] [CHAT] [30] D ┃ mokashi » привет
[13:03:56] [Client thread/INFO] [CHAT] [25] V+ ┃ VenSh11 » 30 хочу апнуть
[13:04:05] [Client thread/INFO] [CHAT] [28] I ┃ JonY_00 » Зек когда канал по режиму?
[13:04:06] [Client thread/INFO] [CHAT] [29] skqv1zymeoww » какая сча мета вообще? приговор?
[13:04:08] [Client thread/INFO] [CHAT] [19] tnt4 » в основном маги
[13:04:15] [Client thread/INFO] [CHAT] [19] tnt4 » и призыватель слизней
[13:04:33] [Client thread/INFO] [CHAT] [23] P ┃ 123sterlok456 » ! zeksterp qq Можешь уточнить а как /gift f,jnftn
[13:04:42] [Client thread/INFO] [CHAT] [23] P ┃ 123sterlok456 » !работает? *
[13:04:45] [Client thread/INFO] [CHAT] [30] V ┃ Paranoiid » Зекстер дс чек
[13:04:57] [Client thread/INFO] [CHAT] [30] Jr.Dev ┃ ZeksterP » если на шмотке написано, что её можно передать, то пиши /gift и ник
[13:05:08] [Client thread/INFO] [CHAT] [28] I ┃ JonY_00 » Зекстер когда тг|дс канал по режиму?
[13:05:18] [Client thread/INFO] [CHAT] [19] tnt4 » я только что играл в подземелье с картой меня призыватель слизней поднял на несколько блоков и не ударить не давал ни рывком от копья вырватся
[13:05:18] [Client thread/INFO] [CHAT] [23] P ┃ 123sterlok456 » !Можно передать игрокам. Но выдаёт ошибку
[13:05:34] [Client thread/INFO] [CHAT] [30] Jr.Dev ┃ ZeksterP » а кому передаешь
[13:05:34] [Client thread/INFO] [CHAT] [30] D ┃ mokashi » адна ошибка и ты ошибся
[13:05:39] [Client thread/INFO] [CHAT] [30] D ┃ AndreWiking » ауф
[13:05:47] [Client thread/INFO] [CHAT] [23] P ┃ 123sterlok456 » ! Тимейту по прохождению
[13:05:56] [Client thread/INFO] [CHAT] [30] Jr.Dev ┃ ZeksterP » а он был с тобой в данже в тот момент?
[13:05:56] [Client thread/INFO] [CHAT] [23] P ┃ 123sterlok456 » !./gift kill9 Пример.
[13:06:01] [Client thread/INFO] [CHAT] [23] P ┃ 123sterlok456 » !Да.
[13:06:20] [Client thread/INFO] [CHAT] [30] Treefrei66 » зекстер давай ты за нас пройдёшь голову а то мы весь рассудой оставили там
[13:06:39] [Client thread/INFO] [CHAT] [30] Jr.Dev ┃ ZeksterP » у меня получилось
[13:06:47] [Client thread/INFO] [CHAT] [30] D ┃ AndreWiking » ну кнш
[13:06:50] [Client thread/INFO] [CHAT] [30] D ┃ mokashi » поздравляю
[13:06:50] [Client thread/INFO] [CHAT] [30] E ┃ Dapkyc_228 » XD
[13:06:53] [Client thread/INFO] [CHAT] [30] Treefrei66 » молодец мы рады за тебя
[13:06:57] [Client thread/INFO] [CHAT] [28] I ┃ JonY_00 » Зекстер когда тг|дс канал по режиму?
[13:07:11] [Client thread/INFO] [CHAT] [30] Jr.Dev ┃ ZeksterP » ща помогу вам с головой, подождите
[13:07:16] [Client thread/INFO] [CHAT] [30] D ┃ mokashi » мы сами
[13:07:18] [Client thread/INFO] [CHAT] [30] Treefrei66 » не у нас пати фул
[13:07:19] [Client thread/INFO] [CHAT] [30] D ┃ mokashi » попробуем
[13:07:27] [Client thread/INFO] [CHAT] Tveiv получил Собиратель мусора
[13:07:33] [Client thread/INFO] [CHAT] [23] P ┃ 123sterlok456 » О. Все перезаход помог
[13:07:48] [Client thread/INFO] [CHAT] Tveiv получил Бонус брони
[13:07:48] [Client thread/INFO] [CHAT] Получено 41 звезд
[13:07:48] [Client thread/INFO] [CHAT] Урон игрока Tveiv: 4436
[13:07:50] [Client thread/INFO] [CHAT] Tveiv получил Черная карта
[13:07:51] [Client thread/INFO] [CHAT] [23] P ┃ 123sterlok456 » Благодарю за помощь.
[13:07:52] [Client thread/INFO] [CHAT] [30] Jr.Dev ┃ ZeksterP » получилось передать?
[13:07:56] [Client thread/INFO] [CHAT] Последователь и его группа ожидают от Вас ответа.
[13:07:58] [Client thread/INFO] [CHAT] Последователь Этоля: Превосходный ответ, мы ожидаем от тебя свершений.
[13:07:58] [Client thread/INFO] [CHAT] Tveiv получил Бонус здоровья
[13:08:03] [Client thread/INFO] [CHAT] [23] P ┃ 123sterlok456 » Да. Раньше ошибку выдавало после перезахода получилось.
[13:08:10] [Client thread/INFO] [CHAT] [30] V ┃ Paranoiid » А где написано что можно передавать?
[13:08:15] [Client thread/INFO] [CHAT] [30] Jr.Dev ┃ ZeksterP » [Клинок разбойника ♨]
[13:08:18] [Client thread/INFO] [CHAT] [30] V ┃ Paranoiid » У меня ни одного такого предмета
[13:08:23] [Client thread/INFO] [CHAT] VoidGame » Мана кончилась и ясность мысли покидает Вас!
[13:08:24] [Client thread/INFO] [CHAT] VoidGame » Мана кончилась и ясность мысли покидает Вас!
[13:08:25] [Client thread/INFO] [CHAT] VoidGame » Мана кончилась и ясность мысли покидает Вас!
[13:08:28] [Client thread/INFO] [CHAT] Получено 37 звезд
[13:08:28] [Client thread/INFO] [CHAT] Урон игрока Tveiv: 7710
[13:08:29] [Client thread/INFO] [CHAT] [30] Treefrei66 » [Темный кинжал ☬ +1] 9кликов без способки - прощайся с жизьнью
[13:08:29] [Client thread/INFO] [CHAT] [23] P ┃ 123sterlok456 » !shift на предмете зажимаешь снизу будет написанно. Можно передаь
[13:08:30] [Client thread/INFO] [CHAT] Tveiv получил Внутренняя сила x2
[13:08:48] [Client thread/INFO] [CHAT] Солнечная армия вторглась в Ваш мир!
[13:09:01] [Client thread/INFO] [CHAT] [30] Jr.Dev ┃ ZeksterP » добавлю в данж 27 лвла телепорты сегодня
[13:09:02] [Client thread/INFO] [CHAT] Tveiv получил Бонус здоровья
[13:09:02] [Client thread/INFO] [CHAT] Tveiv получил Бонус урона
[13:09:25] [Client thread/INFO] [CHAT] Получено 40 звезд
[13:09:25] [Client thread/INFO] [CHAT] Урон игрока Tveiv: 6168
[13:09:28] [Client thread/INFO] [CHAT] Tveiv получил Взгляд Расимы x2
[13:09:36] [Client thread/INFO] [CHAT] [23] P ┃ 123sterlok456 » !Когда донат в режиме? XD
[13:09:38] [Client thread/INFO] [CHAT] Солнечная армия вторглась в Ваш мир!
[13:09:46] [Client thread/INFO] [CHAT] [30] D ┃ AndreWiking » а зачем
[13:09:47] [Client thread/INFO] [CHAT] [30] Jr.Dev ┃ ZeksterP » после обт
[13:09:54] [Client thread/INFO] [CHAT] Tveiv получил Бонус здоровья
[13:09:54] [Client thread/INFO] [CHAT] Tveiv получил Бонус урона
[13:10:01] [Client thread/INFO] [CHAT] [15] I ┃ ocagee » !а как назвается тот скилл который место нивего дает уклонение и урон
[13:10:07] [Client thread/INFO] [CHAT] Получено 45 звезд
[13:10:07] [Client thread/INFO] [CHAT] Урон игрока Tveiv: 6455
[13:10:10] [Client thread/INFO] [CHAT] Tveiv получил Спокойствие разума
[13:10:12] [Client thread/INFO] [CHAT] [30] Treefrei66 » небытие
[13:10:12] [Client thread/INFO] [CHAT] Tveiv получил Смотри на меня x2
[13:10:12] [Client thread/INFO] [CHAT] [23] P ┃ 123sterlok456 » !Небытие
[13:10:17] [Client thread/INFO] [CHAT] [15] I ┃ ocagee » !спасибо
[13:10:20] [Client thread/INFO] [CHAT] [20] S ┃ P1tONE » Кликер уж не забирай :)
[13:10:23] [Client thread/INFO] [CHAT] [30] D ┃ mokashi » мы пока сами
[13:10:40] [Client thread/INFO] [CHAT] [23] P ┃ 123sterlok456 » !Кликер на лук не работает.
[13:10:41] [Client thread/INFO] [CHAT] [19] tnt4 » ZeksterP добавь фантазию на сопру к отбрасыванию или броне дай. а ещё класно было-бы еслибы была какая-то менбшка со всеми предметами по категориям. типо где можно посмотреть все спелы, фантазии, амулеты и т.д.
[13:10:46] [Client thread/INFO] [CHAT] Получено 39 звезд
[13:10:46] [Client thread/INFO] [CHAT] Урон игрока Tveiv: 7895
[13:10:48] [Client thread/INFO] [CHAT] Tveiv получил Острый клинок
[13:10:52] [Client thread/INFO] [CHAT] На горизонте маячат гигантские, черные прямоугольники.
[13:10:52] [Client thread/INFO] [CHAT] Вы не можете понять, это чьи-то дома, или же пред вами немыслимые, космические создания.
[13:10:53] [Client thread/INFO] [CHAT] Прямоугольник: аЮгЖчбппРЁцщЗЦВ
[13:10:54] [Client thread/INFO] [CHAT] [23] P ┃ 123sterlok456 » !Грустна
[13:10:54] [Client thread/FATAL] Error executing task
java.util.concurrent.ExecutionException: java.lang.IllegalArgumentException: URI is not absolute
	at java.base/java.util.concurrent.FutureTask.report(Unknown Source)
	at java.base/java.util.concurrent.FutureTask.get(Unknown Source)
	at #wFFZg.sa(SourceFile:46)
	at #mPGeI.b(SourceFile:52)
	at #QQxhM.sk(SourceFile:1466)
	at #lVFyp.st(SourceFile:1632)
	at #cYnba.sk(SourceFile:487)
	at net.minecraft.client.main.GameMain.a(SourceFile:220)
	at net.minecraft.client.main.GameMain.a(SourceFile:156)
	at #kBJWf.a(Unknown Source)
	at #kBJWf.run(Unknown Source)
	at java.base/java.lang.Thread.run(Unknown Source)
Caused by: java.lang.IllegalArgumentException: URI is not absolute
	at java.base/java.net.URL.of(Unknown Source)
	at #QKiRG.sa(SourceFile:250)
	at #gIFKC.sa(SourceFile:204)
	at !#CoIEI.sa(SourceFile:508)
	at #TBzUk.a(Unknown Source)
	at #TBzUk.run(Unknown Source)
	at java.base/java.util.concurrent.Executors$RunnableAdapter.call(Unknown Source)
	at java.base/java.util.concurrent.FutureTask.run(Unknown Source)
	at #wFFZg.sa(SourceFile:45)
	... 9 more
[13:10:54] [Client thread/FATAL] Error executing task
java.util.concurrent.ExecutionException: java.lang.IllegalArgumentException: URI is not absolute
	at java.base/java.util.concurrent.FutureTask.report(Unknown Source)
	at java.base/java.util.concurrent.FutureTask.get(Unknown Source)
	at #wFFZg.sa(SourceFile:46)
	at #mPGeI.b(SourceFile:52)
	at #QQxhM.sk(SourceFile:1466)
	at #lVFyp.st(SourceFile:1632)
	at #cYnba.sk(SourceFile:487)
	at net.minecraft.client.main.GameMain.a(SourceFile:220)
	at net.minecraft.client.main.GameMain.a(SourceFile:156)
	at #kBJWf.a(Unknown Source)
	at #kBJWf.run(Unknown Source)
	at java.base/java.lang.Thread.run(Unknown Source)
Caused by: java.lang.IllegalArgumentException: URI is not absolute
	at java.base/java.net.URL.of(Unknown Source)
	at #QKiRG.sa(SourceFile:250)
	at #gIFKC.sa(SourceFile:204)
	at !#CoIEI.sa(SourceFile:508)
	at #TBzUk.a(Unknown Source)
	at #TBzUk.run(Unknown Source)
	at java.base/java.util.concurrent.Executors$RunnableAdapter.call(Unknown Source)
	at java.base/java.util.concurrent.FutureTask.run(Unknown Source)
	at #wFFZg.sa(SourceFile:45)
	... 9 more
[13:10:54] [Client thread/FATAL] Error executing task
java.util.concurrent.ExecutionException: java.lang.IllegalArgumentException: URI is not absolute
	at java.base/java.util.concurrent.FutureTask.report(Unknown Source)
	at java.base/java.util.concurrent.FutureTask.get(Unknown Source)
	at #wFFZg.sa(SourceFile:46)
	at #mPGeI.b(SourceFile:52)
	at #QQxhM.sk(SourceFile:1466)
	at #lVFyp.st(SourceFile:1632)
	at #cYnba.sk(SourceFile:487)
	at net.minecraft.client.main.GameMain.a(SourceFile:220)
	at net.minecraft.client.main.GameMain.a(SourceFile:156)
	at #kBJWf.a(Unknown Source)
	at #kBJWf.run(Unknown Source)
	at java.base/java.lang.Thread.run(Unknown Source)
Caused by: java.lang.IllegalArgumentException: URI is not absolute
	at java.base/java.net.URL.of(Unknown Source)
	at #QKiRG.sa(SourceFile:250)
	at #gIFKC.sa(SourceFile:204)
	at !#CoIEI.sa(SourceFile:508)
	at #TBzUk.a(Unknown Source)
	at #TBzUk.run(Unknown Source)
	at java.base/java.util.concurrent.Executors$RunnableAdapter.call(Unknown Source)
	at java.base/java.util.concurrent.FutureTask.run(Unknown Source)
	at #wFFZg.sa(SourceFile:45)
	... 9 more
[13:10:55] [Client thread/INFO] [CHAT] Прямоугольник: ЦЩеЁКШИДы!нь
[13:11:01] [Client thread/INFO] [CHAT] Прямоугольник: ДЯнзСъЁцхБххтПвЕ
[13:11:01] [Client thread/INFO] [CHAT] Tveiv получил Двигайся, как камень x3
[13:11:01] [Client thread/INFO] [CHAT] Tveiv получил Гвардиан
[13:11:01] [Client thread/INFO] [CHAT] Tveiv получил Росток алмазного дерева
[13:11:01] [Client thread/INFO] [CHAT] Tveiv получил Стеклянная кукла
[13:11:02] [Client thread/INFO] [CHAT] [30] Jr.Dev ┃ ZeksterP » tnt4, такое может добавлю кстати
[13:11:15] [Client thread/INFO] [CHAT] [20] S ┃ P1tONE » Ну если кликер на лук будет работать, как на азерусе, то от другого оружия смысла будет не много
[13:11:19] [Client thread/INFO] [CHAT] [20] S ┃ P1tONE » Ибо слишком оп
[13:11:33] [Client thread/INFO] [CHAT] Tveiv получил Ничего
[13:11:50] [Client thread/INFO] [CHAT] [28] I ┃ JonY_00 » идея с каталогом шмота от tnt4 топ кста
[13:11:54] [Client thread/INFO] [CHAT] [30] V ┃ neBezobraznik » амулет всем дается или одному?
[13:11:59] [Client thread/INFO] [CHAT] [30] D ┃ AndreWiking » зекстер, на 23 с пчелами, когда босс летит вверх на стекло, то нужно к нему запаркурить?
[13:11:59] [Client thread/INFO] [CHAT] Получено 25 звезд
[13:11:59] [Client thread/INFO] [CHAT] Урон игрока Tveiv: 24489
[13:12:01] [Client thread/INFO] [CHAT] Tveiv получил Атомные часы x2
[13:12:07] [Client thread/INFO] [CHAT] [30] Jr.Dev ┃ ZeksterP » да, запаркурить
[13:12:14] [Client thread/INFO] [CHAT] [30] Jr.Dev ┃ ZeksterP » либо сбить с дальнего оружия
[13:12:15] [Client thread/INFO] [CHAT] [30] D ┃ AndreWiking » а как это с никтофобией сделать
[13:12:16] [Client thread/INFO] [CHAT] [30] D ┃ AndreWiking » аа
[13:12:20] [Client thread/INFO] [CHAT] [30] D ┃ AndreWiking » пытались и ничего
[13:12:29] [Client thread/INFO] [CHAT] [30] Jr.Dev ┃ ZeksterP » там пробить фазу надо
[13:12:41] [Client thread/INFO] [CHAT] Потеряно 53 звезд
[13:12:41] [Client thread/INFO] [CHAT] Tveiv получил Кукла вуду
[13:12:42] [Client thread/INFO] [CHAT] Потеряно 53 звезд
[13:12:42] [Client thread/INFO] [CHAT] Tveiv получил Сфера Повелительницы Болезней
[13:12:44] [Client thread/INFO] [CHAT] Потеряно 53 звезд
[13:12:44] [Client thread/INFO] [CHAT] Tveiv получил Разрез души
[13:12:45] [Client thread/INFO] [CHAT] Потеряно 53 звезд
[13:12:45] [Client thread/INFO] [CHAT] Tveiv получил Ножницы пространства
[13:12:55] [Client thread/INFO] [CHAT] Убийца появляется в комнате.
[13:12:56] [Client thread/INFO] [CHAT] Истребитель людей: Странник Тьмы, я пришел сыграть с тобой в одну игру. На моей родине, ещё детьми, мы часто в неё играли. Правила таковы: Находишь добычу и даешь ей время на побег. Я даю тебе 90 секунд, чтобы ты сбежал. Ежели ты не справишься, тебя ждёт смерть.
[13:12:59] [Client thread/INFO] [CHAT] Каждую волну, Вы получаете эффект добычи на 90 секунд. Как только длительность эффекта дойдет до 0, явится сама смерть.
[13:12:59] [Client thread/INFO] [CHAT] Прохождение волны сбрасывает эффект. Пройдите 4 волны, чтобы избавиться от эффекта.
[13:13:02] [Client thread/INFO] [CHAT] [30] D ┃ AndreWiking » кстати, режим немного похож на скайблок рпг тем, что куча вещей с разными способками и бафами
[13:13:02] [Client thread/INFO] [CHAT] [30] Jr.Dev ┃ ZeksterP » ребят, если вы уже пытались пройти новый данж 27 лвла, то в инвентаре есть опрос, можно его пройти и получить 2 шкатулки с данжа
[13:13:09] [Client thread/INFO] [CHAT] Tveiv получил Бонус маны
[13:13:19] [Client thread/INFO] [CHAT] [30] D ┃ AndreWiking » я не проходил, но ради халявы )
[13:13:20] [Client thread/INFO] [CHAT] Tveiv получил Викторина Монксельда
[13:13:22] [Client thread/INFO] [CHAT] Получено 40 звезд
[13:13:22] [Client thread/INFO] [CHAT] Урон игрока Tveiv: 11148
[13:13:25] [Client thread/INFO] [CHAT] Tveiv получил Непоколебимость Победителя
[13:13:31] [Client thread/INFO] [CHAT] Последователь и его группа ожидают от Вас ответа.
[13:13:35] [Client thread/INFO] [CHAT] Последователь Этоля: Превосходный ответ, мы ожидаем от тебя свершений.
[13:13:35] [Client thread/INFO] [CHAT] Tveiv получил Свинцовый слоник x2
[13:13:39] [Client thread/INFO] [CHAT] [30] Jr.Dev ┃ ZeksterP » всмысле ради халявы, а как же мне тогда узнать твое мнение по данжу?
[13:13:43] [Client thread/INFO] [CHAT] [12] I ┃ Lesheu » AndreWiking привет )
[13:13:45] [Client thread/INFO] [CHAT] [30] Treefrei66 » вот имена
[13:13:46] [Client thread/INFO] [CHAT] [30] D ┃ AndreWiking » ну +-
[13:13:47] [Client thread/INFO] [CHAT] [30] V ┃ Paranoiid » От меня узнаешь
[13:13:49] [Client thread/INFO] [CHAT] Получено 44 звезд
[13:13:49] [Client thread/INFO] [CHAT] Урон игрока Tveiv: 7271
[13:13:51] [Client thread/INFO] [CHAT] Tveiv получил Висп в бутылке
[13:13:51] [Client thread/INFO] [CHAT] [30] D ┃ mokashi » а где опрос
[13:13:55] [Client thread/INFO] [CHAT] [30] V ┃ Paranoiid » Оставлю только после прохождения
[13:14:00] [Client thread/INFO] [CHAT] [30] Jr.Dev ┃ ZeksterP » в данже опрос пройти нельзя
[13:14:00] [Client thread/INFO] [CHAT] [30] D ┃ AndreWiking » я пытался и до куда успел мнение дал
[13:14:02] [Client thread/INFO] [CHAT] [23] P ┃ 123sterlok456 » !Режим прикольный. Мне зашло
[13:14:08] [Client thread/INFO] [CHAT] [30] leonardo_leo_ » голову нерфани и будет норм данж
[13:14:12] [Client thread/INFO] [CHAT] Получено 42 звезд
[13:14:12] [Client thread/INFO] [CHAT] Урон игрока Tveiv: 13074
[13:14:18] [Client thread/INFO] [CHAT] [30] Jr.Dev ┃ ZeksterP » голова самый простой босс если знать как убивать
[13:14:18] [Client thread/INFO] [CHAT] Tveiv получил Куб неуязвимости x2
[13:14:21] [Client thread/INFO] [CHAT] Tveiv получил Проклятие
[13:14:21] [Client thread/INFO] [CHAT] Tveiv получил Никтофобия
[13:14:21] [Client thread/INFO] [CHAT] Tveiv получил Лалофобия
[13:14:21] [Client thread/INFO] [CHAT] Tveiv получил Децидофобия
[13:14:21] [Client thread/INFO] [CHAT] Tveiv получил Пениафобия
[13:14:21] [Client thread/INFO] [CHAT] Tveiv получил Проклятие
[13:14:21] [Client thread/INFO] [CHAT] Tveiv получил Никтофобия
[13:14:21] [Client thread/INFO] [CHAT] Tveiv получил Лалофобия
[13:14:21] [Client thread/INFO] [CHAT] Tveiv получил Децидофобия
[13:14:21] [Client thread/INFO] [CHAT] Tveiv получил Пениафобия
[13:14:21] [Client thread/INFO] [CHAT] Tveiv получил Панофобия x2
[13:14:24] [Client thread/INFO] [CHAT] [30] Treefrei66 » крута
[13:14:25] [Client thread/INFO] [CHAT] [3] Sr.T ┃ Няшечка » данж прикольный, благ многовато единственное
[13:14:30] [Client thread/INFO] [CHAT] [30] D ┃ AndreWiking » да
[13:14:35] [Client thread/INFO] [CHAT] Последователь и его группа ожидают от Вас ответа.
[13:14:38] [Client thread/INFO] [CHAT] [3] Sr.T ┃ Няшечка » если некст локи другая заточка тогда норм
[13:14:39] [Client thread/INFO] [CHAT] Последователь Этоля: Превосходный ответ, мы ожидаем от тебя свершений.
[13:14:39] [Client thread/INFO] [CHAT] Tveiv получил Расшифровщик Валотайла x2
[13:14:44] [Client thread/INFO] [CHAT] [30] leonardo_leo_ » ну хз, мне ток голова проблемы доставляет
[13:14:46] [Client thread/INFO] [CHAT] На Вас наложено Проклятие Крови, Вы получаете урон за каждую нанесенную атаку
[13:14:47] [Client thread/INFO] [CHAT] [30] Ripperch » Cколько крит урона даёт связь?
[13:14:52] [Client thread/INFO] [CHAT] [30] D ┃ AndreWiking » 0
[13:14:59] [Client thread/INFO] [CHAT] [30] Jr.Dev ┃ ZeksterP » да, некст лвла уже другие заточки, но на обт расширения макс лвла наверное уже не будет
[13:15:04] [Client thread/INFO] [CHAT] [30] D ┃ AndreWiking » кстати, уже удмаешь на новой обновой? :D
[13:15:09] [Client thread/INFO] [CHAT] [30] Jr.Dev ┃ ZeksterP » да
[13:15:10] [Client thread/INFO] [CHAT] Tveiv получил Спокойствие разума
[13:15:10] [Client thread/INFO] [CHAT] Получено 36 звезд
[13:15:10] [Client thread/INFO] [CHAT] Tveiv получил Контроль
[13:15:10] [Client thread/INFO] [CHAT] Урон игрока Tveiv: 18581
[13:15:11] [Client thread/INFO] [CHAT] Tveiv получил Дух предстоящей победы x2
[13:15:17] [Client thread/INFO] [CHAT] [30] leonardo_leo_ » следующий мир?
[13:15:18] [Client thread/INFO] [CHAT] [30] D ┃ AndreWiking » и как, долго ждать?
[13:15:21] [Client thread/INFO] [CHAT] Потеряно 55 звезд
[13:15:21] [Client thread/INFO] [CHAT] Tveiv получил Охотник за головами
[13:15:24] [Client thread/INFO] [CHAT] Потеряно 55 звезд
[13:15:24] [Client thread/INFO] [CHAT] Tveiv получил Расшифровщик Валотайла
[13:15:25] [Client thread/INFO] [CHAT] Потеряно 55 звезд
[13:15:25] [Client thread/INFO] [CHAT] Tveiv получил Долг боли
[13:15:27] [Client thread/INFO] [CHAT] Последователь и его группа ожидают от Вас ответа.
[13:15:31] [Client thread/INFO] [CHAT] Последователь Этоля: Превосходный ответ, мы ожидаем от тебя свершений.
[13:15:31] [Client thread/INFO] [CHAT] Tveiv получил Собиратель мусора x2
[13:15:43] [Client thread/INFO] [CHAT] [30] Jr.Dev ┃ ZeksterP » пока не знаю, сейчас доделаю все фиксы в этом данже и начну делать некст обнову
[13:15:44] [Client thread/INFO] [CHAT] [3] Sr.T ┃ Няшечка » хз я за лучника апнулся в итоге приговор фиксанули и стало очень тяжело щас мага качаю
[13:15:50] [Client thread/INFO] [CHAT] [12] I ┃ Lesheu » А будут новые уровни ?
[13:15:52] [Client thread/INFO] [CHAT] Получено 41 звезд
[13:15:52] [Client thread/INFO] [CHAT] Урон игрока Tveiv: 9087
[13:15:53] [Client thread/INFO] [CHAT] Tveiv получил Воронка проклятий
[13:16:00] [Client thread/INFO] [CHAT] [30] D ┃ AndreWiking » мага?
[13:16:05] [Client thread/INFO] [CHAT] [30] Jr.Dev ┃ ZeksterP » ну я видел как с приговором играют, даже после нерфа там аномальный урон
[13:16:13] [Client thread/INFO] [CHAT] [3] Sr.T ┃ Няшечка » кд слишком большок
[13:16:15] [Client thread/INFO] [CHAT] [30] D ┃ AndreWiking » в плане мага качаешь
[13:16:15] [Client thread/INFO] [CHAT] [30] leonardo_leo_ » норм всё
[13:16:17] [Client thread/INFO] [CHAT] [3] Sr.T ┃ Няшечка » не вижу смысла от него уже
[13:16:20] [Client thread/INFO] [CHAT] [3] Sr.T ┃ Няшечка » [Посох убийцы из черной дыры ♆ +5]
[13:16:25] [Client thread/INFO] [CHAT] [30] leonardo_leo_ » с новыми ботами ток
[13:16:28] [Client thread/INFO] [CHAT] Получено 38 звезд
[13:16:28] [Client thread/INFO] [CHAT] Урон игрока Tveiv: 22450
[13:16:29] [Client thread/INFO] [CHAT] Tveiv получил Паранойя Победителя x2
[13:16:32] [Client thread/INFO] [CHAT] [30] Jr.Dev ┃ ZeksterP » это планировалось как дополнительное оружие, дать заряды и бить другим
[13:16:43] [Client thread/INFO] [CHAT] Последователи Бедствия появляются в комнате.
[13:16:44] [Client thread/INFO] [CHAT] Наследница Бедствия: Странник Тьмы, ты же направляешься к Расиме?
[13:16:45] [Client thread/INFO] [CHAT] Наследница Бедствия: Мы можем помочь друг-другу.
[13:16:47] [Client thread/INFO] [CHAT] Наследница Бедствия: В битве с Расимой, мы будем на твоей стороне. Согласен?
[13:16:48] [Client thread/INFO] [CHAT] Наследница Бедствия: Прекрасно, скоро мы встретимся.
[13:16:48] [Client thread/INFO] [CHAT] Tveiv получил Проклятие x3
[13:16:48] [Client thread/INFO] [CHAT] Tveiv получил Взгляд Расимы
[13:16:48] [Client thread/INFO] [CHAT] Tveiv получил Последователи Бедствия
[13:16:51] [Client thread/INFO] [CHAT] [30] D ┃ AndreWiking » ты играешь онли через посох?
[13:16:52] [Client thread/INFO] [CHAT] [6] MVP ┃ P1lo » .
[13:16:56] [Client thread/INFO] [CHAT] [3] Sr.T ┃ Няшечка » у нового лука способка очень много маны хавает
[13:17:00] [Client thread/INFO] [CHAT] [3] Sr.T ┃ Няшечка » слишком много как будто
[13:17:03] [Client thread/INFO] [CHAT] [30] MVP+ ┃ beliy_KPOJIUK » приговор = дробовик в лицо)
[13:17:04] [Client thread/INFO] [CHAT] Получено 42 звезд
[13:17:04] [Client thread/INFO] [CHAT] Урон игрока Tveiv: 10610
[13:17:05] [Client thread/INFO] [CHAT] Tveiv получил Башня яркой Луны x2
[13:17:14] [Client thread/INFO] [CHAT] Tveiv получил Бонус маны
[13:17:14] [Client thread/INFO] [CHAT] Tveiv получил Ничего
[13:17:14] [Client thread/INFO] [CHAT] Получено 47 звезд
[13:17:14] [Client thread/INFO] [CHAT] Урон игрока Tveiv: 12528
[13:17:16] [Client thread/INFO] [CHAT] Tveiv получил Прострел с Юпитера x2
[13:17:16] [Client thread/INFO] [CHAT] [30] Jr.Dev ┃ ZeksterP » [Тирания]
[13:17:18] [Client thread/INFO] [CHAT] Tveiv получил Непобеждаемая слот-машина x2
[13:17:19] [Client thread/INFO] [CHAT] [30] D ┃ AndreWiking » я вчера выбил приговор и спустя 5 минут обнова :)
[13:17:23] [Client thread/INFO] [CHAT] [30] Jr.Dev ┃ ZeksterP » [Тирания +8]
[13:17:26] [Client thread/INFO] [CHAT] [30] Jr.Dev ┃ ZeksterP » 5 мана регена на них
[13:17:35] [Client thread/INFO] [CHAT] Потеряно 68 звезд
[13:17:35] [Client thread/INFO] [CHAT] Потеряно 13 звезд
[13:17:35] [Client thread/INFO] [CHAT] Tveiv получил Бонус здоровья
[13:17:36] [Client thread/INFO] [CHAT] Потеряно 68 звезд
[13:17:36] [Client thread/INFO] [CHAT] Потеряно 13 звезд
[13:17:36] [Client thread/INFO] [CHAT] Tveiv получил Спокойствие разума
[13:17:36] [Client thread/INFO] [CHAT] [3] Sr.T ┃ Няшечка » ааа
[13:17:38] [Client thread/INFO] [CHAT] Последователь и его группа ожидают от Вас ответа.
[13:17:39] [Client thread/INFO] [CHAT] [3] Sr.T ┃ Няшечка » ну с такими тапками
[13:17:43] [Client thread/INFO] [CHAT] Последователь Этоля: Превосходный ответ, мы ожидаем от тебя свершений.
[13:17:43] [Client thread/INFO] [CHAT] Tveiv получил Расшифровщик Валотайла x2
[13:17:44] [Client thread/INFO] [CHAT] [3] Sr.T ┃ Няшечка » нормально должно быть
[13:17:47] [Client thread/INFO] [CHAT] Вампиризм сброшен!
[13:17:48] [Client thread/INFO] [CHAT] На Вас наложено Проклятие Страха, Ваш вампиризм заблокирован
[13:17:49] [Client thread/INFO] [CHAT] Вампиризм сброшен!
[13:17:52] [Client thread/INFO] [CHAT] [30] Jr.Dev ┃ ZeksterP » на моих глазах вчера выбили 2 пары таких и обычками сломали
[13:17:52] [Client thread/INFO] [CHAT] Вампиризм сброшен!
[13:17:55] [Client thread/INFO] [CHAT] [3] Sr.T ┃ Няшечка » правда сборка на криты поменяется
[13:17:58] [Client thread/INFO] [CHAT] [30] D ┃ AndreWiking » чВ
[13:18:00] [Client thread/INFO] [CHAT] [30] D ┃ AndreWiking » xD
[13:18:01] [Client thread/INFO] [CHAT] [30] leonardo_leo_ » база
[13:18:02] [Client thread/INFO] [CHAT] Tveiv получил Ничего
[13:18:02] [Client thread/INFO] [CHAT] Получено 41 звезд
[13:18:02] [Client thread/INFO] [CHAT] Урон игрока Tveiv: 17744
[13:18:02] [Client thread/INFO] [CHAT] [3] Sr.T ┃ Няшечка » обычками...
[13:18:04] [Client thread/INFO] [CHAT] Tveiv получил Самосознающие стрелы x2
[13:18:11] [Client thread/INFO] [CHAT] Потеряно 57 звезд
[13:18:11] [Client thread/INFO] [CHAT] Получено 34 звезд
[13:18:11] [Client thread/INFO] [CHAT] Tveiv получил Башня яркой Луны
[13:18:17] [Client thread/INFO] [CHAT] Вампиризм сброшен!
[13:18:22] [Client thread/INFO] [CHAT] Вампиризм сброшен!
[13:18:23] [Client thread/INFO] [CHAT] Вампиризм сброшен!
[13:18:25] [Client thread/INFO] [CHAT] Вампиризм сброшен!
[13:18:26] [Client thread/INFO] [CHAT] Вампиризм сброшен!
[13:18:31] [Client thread/INFO] [CHAT] На Вас наложен Яростный взор, Вы получаете урон, когда смотрите на существ
[13:18:40] [Client thread/INFO] [CHAT] [30] Jr.Dev ┃ ZeksterP » как вам кстати шансы на леги? Нормально или слишком маленький? Хотя, я так понимаю, что с картами ещё никто не пробовал проходить
[13:18:47] [Client thread/INFO] [CHAT] [30] Treefrei66 » мне п адаюь норм
[13:18:51] [Client thread/ERROR] Error on handle event #VIlGP in Mod{name='VoidMod', version='1.0+cb03bcc', persistent=false, delegate=dev.a.a.a, modState=LOADED}
java.lang.NullPointerException: Cannot invoke "!#RHFkw.a()" because "<parameter1>" is null
	at VoidMod-v1.0+cb03bcc//dev.a.a.d.b.a.a(SourceFile:54)
	at VoidMod-v1.0+cb03bcc//dev.a.a.f.j.a.c.d(SourceFile:15)
	at VoidMod-v1.0+cb03bcc//dev.a.a.f.j.a.c.injectedLambda$d$1(SourceFile)
	at VoidMod-v1.0+cb03bcc//dev.a.a.f.j.b.a(SourceFile:21)
	at VoidMod-v1.0+cb03bcc//dev.a.a.f.j.b.injectedLambda$a$10(SourceFile)
	at java.base/java.util.ArrayList.forEach(Unknown Source)
	at VoidMod-v1.0+cb03bcc//dev.a.a.f.j.b.a(SourceFile:185)
	at VoidMod-v1.0+cb03bcc//dev.a.a.f.j.b.injectedLambda$a$0(SourceFile)
	at #glmBE.sa(SourceFile:56)
	at #VmcMg.a(Unknown Source)
	at #VmcMg.accept(Unknown Source)
	at #Hvwvu.sa(SourceFile:105)
	at #durGt.a(Unknown Source)
	at #durGt.accept(Unknown Source)
	at #IsJOi.sa(SourceFile:59)
	at #Tuhja.a(SourceFile)
	at #YLOEq.sa(SourceFile:89)
	at #qbDVS.sa(SourceFile:100)
	at #uvNju.unsafeHandle(SourceFile)
	at #weeOO.sa(SourceFile:50)
	at #Sgkbh.sa(SourceFile:3463)
	at #CXdva.sb(SourceFile:3447)
	at #goWtm.sN(SourceFile:2219)
	at !#GrWyZ.so(SourceFile:2131)
	at #eiNMA.sv(SourceFile:2013)
	at #zSGbB.sa(SourceFile:1482)
	at #lVFyp.st(SourceFile:1634)
	at #cYnba.sk(SourceFile:487)
	at net.minecraft.client.main.GameMain.a(SourceFile:220)
	at net.minecraft.client.main.GameMain.a(SourceFile:156)
	at #kBJWf.a(Unknown Source)
	at #kBJWf.run(Unknown Source)
	at java.base/java.lang.Thread.run(Unknown Source)
[13:18:53] [Client thread/ERROR] Error on handle event #VIlGP in Mod{name='VoidMod', version='1.0+cb03bcc', persistent=false, delegate=dev.a.a.a, modState=LOADED}
java.lang.NullPointerException: Cannot invoke "!#RHFkw.a()" because "<parameter1>" is null
	at VoidMod-v1.0+cb03bcc//dev.a.a.d.b.a.a(SourceFile:54)
	at VoidMod-v1.0+cb03bcc//dev.a.a.f.j.a.c.d(SourceFile:15)
	at VoidMod-v1.0+cb03bcc//dev.a.a.f.j.a.c.injectedLambda$d$1(SourceFile)
	at VoidMod-v1.0+cb03bcc//dev.a.a.f.j.b.a(SourceFile:21)
	at VoidMod-v1.0+cb03bcc//dev.a.a.f.j.b.injectedLambda$a$10(SourceFile)
	at java.base/java.util.ArrayList.forEach(Unknown Source)
	at VoidMod-v1.0+cb03bcc//dev.a.a.f.j.b.a(SourceFile:185)
	at VoidMod-v1.0+cb03bcc//dev.a.a.f.j.b.injectedLambda$a$0(SourceFile)
	at #glmBE.sa(SourceFile:56)
	at #VmcMg.a(Unknown Source)
	at #VmcMg.accept(Unknown Source)
	at #Hvwvu.sa(SourceFile:105)
	at #durGt.a(Unknown Source)
	at #durGt.accept(Unknown Source)
	at #IsJOi.sa(SourceFile:59)
	at #Tuhja.a(SourceFile)
	at #YLOEq.sa(SourceFile:89)
	at #qbDVS.sa(SourceFile:100)
	at #uvNju.unsafeHandle(SourceFile)
	at #weeOO.sa(SourceFile:50)
	at #Sgkbh.sa(SourceFile:3463)
	at #CXdva.sb(SourceFile:3447)
	at #goWtm.sN(SourceFile:2219)
	at !#GrWyZ.so(SourceFile:2131)
	at #eiNMA.sv(SourceFile:2013)
	at #zSGbB.sa(SourceFile:1482)
	at #lVFyp.st(SourceFile:1634)
	at #cYnba.sk(SourceFile:487)
	at net.minecraft.client.main.GameMain.a(SourceFile:220)
	at net.minecraft.client.main.GameMain.a(SourceFile:156)
	at #kBJWf.a(Unknown Source)
	at #kBJWf.run(Unknown Source)
	at java.base/java.lang.Thread.run(Unknown Source)
[13:18:53] [Client thread/INFO] [CHAT] Получено 32 звезд
[13:18:53] [Client thread/INFO] [CHAT] Урон игрока Tveiv: 37192
[13:18:55] [Client thread/INFO] [CHAT] Tveiv получил Бонус скорости x2
[13:19:09] [Client thread/INFO] [CHAT] Tveiv получил Бонус урона x2
[13:19:12] [Client thread/INFO] [CHAT] На Вас наложен Яростный взор, Вы получаете урон, когда смотрите на существ
[13:19:12] [Client thread/INFO] [CHAT] Tveiv получил Ничего
[13:19:12] [Client thread/INFO] [CHAT] Получено 46 звезд
[13:19:12] [Client thread/INFO] [CHAT] Урон игрока Tveiv: 24285
[13:19:14] [Client thread/INFO] [CHAT] Tveiv получил Спокойствие разума x2
[13:19:14] [Client thread/INFO] [CHAT] [3] Sr.T ┃ Няшечка » многовато ресов для шкатулки не кажется?
[13:19:22] [Client thread/INFO] [CHAT] [30] Treefrei66 » всё норм\
[13:19:23] [Client thread/INFO] [CHAT] [3] Sr.T ┃ Няшечка » учитывая что там дропается фигня с 25 локи
[13:19:24] [Client thread/INFO] [CHAT] Tveiv получил Спокойствие разума
[13:19:25] [Client thread/INFO] [CHAT] Вампиризм сброшен!
[13:19:28] [Client thread/INFO] [CHAT] Tveiv получил Бонус здоровья
[13:19:28] [Client thread/INFO] [CHAT] [30] leonardo_leo_ » кста много жирёт
[13:19:31] [Client thread/INFO] [CHAT] Вампиризм сброшен!
[13:19:33] [Client thread/INFO] [CHAT] Вампиризм сброшен!
[13:19:35] [Client thread/INFO] [CHAT] Tveiv получил Бонус маны
[13:19:35] [Client thread/INFO] [CHAT] Получено 43 звезд
[13:19:35] [Client thread/INFO] [CHAT] Урон игрока Tveiv: 48205
[13:19:36] [Client thread/INFO] [CHAT] Tveiv получил Нож на перестрелке x2
[13:19:46] [Client thread/ERROR] Error on handle event #VIlGP in Mod{name='VoidMod', version='1.0+cb03bcc', persistent=false, delegate=dev.a.a.a, modState=LOADED}
java.lang.NullPointerException: Cannot invoke "!#RHFkw.a()" because "<parameter1>" is null
	at VoidMod-v1.0+cb03bcc//dev.a.a.d.b.a.a(SourceFile:54)
	at VoidMod-v1.0+cb03bcc//dev.a.a.f.j.a.c.d(SourceFile:15)
	at VoidMod-v1.0+cb03bcc//dev.a.a.f.j.a.c.injectedLambda$d$1(SourceFile)
	at VoidMod-v1.0+cb03bcc//dev.a.a.f.j.b.a(SourceFile:21)
	at VoidMod-v1.0+cb03bcc//dev.a.a.f.j.b.injectedLambda$a$10(SourceFile)
	at java.base/java.util.ArrayList.forEach(Unknown Source)
	at VoidMod-v1.0+cb03bcc//dev.a.a.f.j.b.a(SourceFile:185)
	at VoidMod-v1.0+cb03bcc//dev.a.a.f.j.b.injectedLambda$a$0(SourceFile)
	at #glmBE.sa(SourceFile:56)
	at #VmcMg.a(Unknown Source)
	at #VmcMg.accept(Unknown Source)
	at #Hvwvu.sa(SourceFile:105)
	at #durGt.a(Unknown Source)
	at #durGt.accept(Unknown Source)
	at #IsJOi.sa(SourceFile:59)
	at #Tuhja.a(SourceFile)
	at #YLOEq.sa(SourceFile:89)
	at #qbDVS.sa(SourceFile:100)
	at #uvNju.unsafeHandle(SourceFile)
	at #weeOO.sa(SourceFile:50)
	at #Sgkbh.sa(SourceFile:3463)
	at #CXdva.sb(SourceFile:3447)
	at #goWtm.sN(SourceFile:2219)
	at !#GrWyZ.so(SourceFile:2131)
	at #eiNMA.sv(SourceFile:2013)
	at #zSGbB.sa(SourceFile:1482)
	at #lVFyp.st(SourceFile:1634)
	at #cYnba.sk(SourceFile:487)
	at net.minecraft.client.main.GameMain.a(SourceFile:220)
	at net.minecraft.client.main.GameMain.a(SourceFile:156)
	at #kBJWf.a(Unknown Source)
	at #kBJWf.run(Unknown Source)
	at java.base/java.lang.Thread.run(Unknown Source)
[13:19:46] [Client thread/ERROR] Error on handle event #VIlGP in Mod{name='VoidMod', version='1.0+cb03bcc', persistent=false, delegate=dev.a.a.a, modState=LOADED}
java.lang.NullPointerException
[13:19:47] [Client thread/ERROR] Error on handle event #VIlGP in Mod{name='VoidMod', version='1.0+cb03bcc', persistent=false, delegate=dev.a.a.a, modState=LOADED}
java.lang.NullPointerException
[13:19:47] [Client thread/ERROR] Error on handle event #VIlGP in Mod{name='VoidMod', version='1.0+cb03bcc', persistent=false, delegate=dev.a.a.a, modState=LOADED}
java.lang.NullPointerException
[13:19:52] [Client thread/INFO] [CHAT] Tveiv получил Бонус скорости
[13:19:53] [Client thread/INFO] [CHAT] Получено 44 звезд
[13:19:53] [Client thread/INFO] [CHAT] Урон игрока Tveiv: 38643
[13:19:54] [Client thread/INFO] [CHAT] Tveiv получил Унижение x2
[13:19:55] [Client thread/INFO] [CHAT] Tveiv получил Расимафикация x2
[13:19:57] [Client thread/INFO] [CHAT] [30] D ┃ AndreWiking » зекстер
[13:19:58] [Client thread/INFO] [CHAT] Потеряно 59 звезд
[13:19:58] [Client thread/INFO] [CHAT] Получено 35 звезд
[13:19:58] [Client thread/INFO] [CHAT] Tveiv получил Воронка проклятий
[13:19:59] [Client thread/INFO] [CHAT] [30] Jr.Dev ┃ ZeksterP » f
[13:19:59] [Client thread/INFO] [CHAT] [30] D ┃ AndreWiking » [Богохульство ☬ +2]
[13:20:00] [Client thread/INFO] [CHAT] Потеряно 59 звезд
[13:20:00] [Client thread/INFO] [CHAT] Получено 35 звезд
[13:20:00] [Client thread/INFO] [CHAT] Tveiv получил Дурак
[13:20:01] [Client thread/INFO] [CHAT] Потеряно 59 звезд
[13:20:01] [Client thread/INFO] [CHAT] Получено 35 звезд
[13:20:01] [Client thread/INFO] [CHAT] Tveiv получил Черные прямоугольники
[13:20:02] [Client thread/INFO] [CHAT] [30] D ┃ AndreWiking » норм меч?
[13:20:02] [Client thread/INFO] [CHAT] Потеряно 59 звезд
[13:20:02] [Client thread/INFO] [CHAT] Получено 35 звезд
[13:20:02] [Client thread/INFO] [CHAT] Tveiv получил Мрачная тень
[13:20:07] [Client thread/INFO] [CHAT] [30] Jr.Dev ┃ ZeksterP » наверное норм
[13:20:07] [Client thread/INFO] [CHAT] Цель уклонилась от атаки на 0%
[13:20:08] [Client thread/INFO] [CHAT] Цель уклонилась от атаки на 0%
[13:20:08] [Client thread/INFO] [CHAT] Цель уклонилась от атаки на 0%
[13:20:09] [Client thread/INFO] [CHAT] Цель уклонилась от атаки на 0%
[13:20:10] [Client thread/INFO] [CHAT] [30] D ┃ AndreWiking » xD
[13:20:11] [Client thread/INFO] [CHAT] Цель уклонилась от атаки на 0%
[13:20:13] [Client thread/INFO] [CHAT] Цель уклонилась от атаки на 27%
[13:20:14] [Client thread/INFO] [CHAT] Цель уклонилась от атаки на 0%
[13:20:15] [Client thread/INFO] [CHAT] [30] leonardo_leo_ » )
[13:20:18] [Client thread/INFO] [CHAT] [30] D ┃ AndreWiking » вроде прикольный
[13:20:19] [Client thread/INFO] [CHAT] Цель уклонилась от атаки на 31%
[13:20:25] [Client thread/INFO] [CHAT] Расима снижает уровень зачарования Штаны из тигриной шкуры ☠ +3
[13:20:30] [Client thread/INFO] [CHAT] Луч презрения задел Вас! Ваше исцеление снижено на 25% в течении 17 секунд
[13:20:30] [Client thread/INFO] [CHAT] Луч презрения задел Вас! Ваше исцеление снижено на 25% в течении 17 секунд
[13:20:38] [Client thread/INFO] [CHAT] [18] Nikolai007 » как карту созвездий использовать ?
[13:20:38] [Client thread/INFO] [CHAT] [30] Jr.Dev ┃ ZeksterP » убили
[13:20:39] [Client thread/INFO] [CHAT] Цель уклонилась от атаки на 42%
[13:20:40] [Client thread/INFO] [CHAT] [30] Jr.Dev ┃ ZeksterP » поздравляю
[13:20:43] [Client thread/INFO] [CHAT] [30] Treefrei66 » ура
[13:20:44] [Client thread/INFO] [CHAT] [30] D ┃ mokashi » спасибо
[13:20:46] [Client thread/INFO] [CHAT] Цель уклонилась от атаки на 34%
[13:20:47] [Client thread/INFO] [CHAT] Цель уклонилась от атаки на 40%
[13:20:47] [Client thread/INFO] [CHAT] Цель уклонилась от атаки на 41%
[13:20:49] [Client thread/INFO] [CHAT] Расима снижает уровень зачарования Штаны из тигриной шкуры ☠ +2
[13:20:50] [Client thread/INFO] [CHAT] [30] Jr.Dev ┃ ZeksterP » а наследницу убивали?
[13:20:51] [Client thread/INFO] [CHAT] [30] Treefrei66 » осталось не наруинить на наследнице
[13:20:51] [Client thread/INFO] [CHAT] Цель уклонилась от атаки на 27%
[13:20:51] [Client thread/INFO] [CHAT] [30] leonardo_leo_ » голову?
[13:20:53] [Client thread/INFO] [CHAT] [3] Sr.T ┃ Няшечка » через отражку?
[13:20:55] [Client thread/INFO] [CHAT] [30] Treefrei66 » нет
[13:20:56] [Client thread/INFO] [CHAT] [30] D ┃ mokashi » да
[13:20:57] [Client thread/INFO] [CHAT] [30] V ┃ Paranoiid » Еще нет
[13:21:01] [Client thread/INFO] [CHAT] Вампиризм сброшен!
[13:21:03] [Client thread/INFO] [CHAT] [30] D ┃ mokashi » наследницу нет
[13:21:03] [Client thread/INFO] [CHAT] Цель уклонилась от атаки на 46%
[13:21:05] [Client thread/INFO] [CHAT] Цель уклонилась от атаки на 32%
[13:21:05] [Client thread/INFO] [CHAT] Прошла минута с начала волны! Урон противников увеличен на 25%
[13:21:05] [Client thread/INFO] [CHAT] Цель уклонилась от атаки на 33%
[13:21:05] [Client thread/INFO] [CHAT] Цель уклонилась от атаки на 32%
[13:21:07] [Client thread/INFO] [CHAT] Цель уклонилась от атаки на 38%
[13:21:08] [Client thread/INFO] [CHAT] Цель уклонилась от атаки на 33%
[13:21:09] [Client thread/INFO] [CHAT] Цель уклонилась от атаки на 45%
[13:21:10] [Client thread/INFO] [CHAT] Цель уклонилась от атаки на 44%
[13:21:10] [Client thread/INFO] [CHAT] Цель уклонилась от атаки на 45%
[13:21:11] [Client thread/INFO] [CHAT] Цель уклонилась от атаки на 28%
[13:21:12] [Client thread/ERROR] Error on handle event #VIlGP in Mod{name='VoidMod', version='1.0+cb03bcc', persistent=false, delegate=dev.a.a.a, modState=LOADED}
java.lang.NullPointerException
[13:21:12] [Client thread/INFO] [CHAT] [30] Treefrei66 » как её убивать там
[13:21:17] [Client thread/INFO] [CHAT] Цель уклонилась от атаки на 47%
[13:21:17] [Client thread/INFO] [CHAT] Расима снижает уровень зачарования Штаны из тигриной шкуры ☠ +1
[13:21:18] [Client thread/INFO] [CHAT] Цель уклонилась от атаки на 46%
[13:21:20] [Client thread/INFO] [CHAT] Цель уклонилась от атаки на 26%
[13:21:21] [Client thread/INFO] [CHAT] Расима: Сколько ещё Вы будете пытаться убить меня?
[13:21:23] [Client thread/INFO] [CHAT] Расима: Сгораете в собственной ярости..
[13:21:25] [Client thread/INFO] [CHAT] Расима: Ваши тела будут исцелены досмерти!
[13:21:26] [Client thread/INFO] [CHAT] Цель уклонилась от атаки на 37%
[13:21:26] [Client thread/INFO] [CHAT] Цель уклонилась от атаки на 46%
[13:21:29] [Client thread/INFO] [CHAT] [30] V ┃ Paranoiid » На меч постоянно кликать xDD
[13:21:34] [Client thread/INFO] [CHAT] [30] Treefrei66 » крута
[13:21:38] [Client thread/INFO] [CHAT] Цель уклонилась от атаки на 45%
[13:21:40] [Client thread/INFO] [CHAT] Цель уклонилась от атаки на 38%
[13:21:41] [Client thread/INFO] [CHAT] Расима сбросила Ваш вампиризм!
[13:21:43] [Client thread/INFO] [CHAT] Цель уклонилась от атаки на 44%
[13:21:44] [Client thread/INFO] [CHAT] Цель уклонилась от атаки на 41%
[13:21:45] [Client thread/INFO] [CHAT] Цель уклонилась от атаки на 47%
[13:21:46] [Client thread/INFO] [CHAT] Расима отнимает Ваше здоровье! Убивайте цветки жизни, чтобы его вернуть.
[13:21:46] [Client thread/INFO] [CHAT] Расима сбросила Ваш вампиризм!
[13:21:46] [Client thread/INFO] [CHAT] Цель уклонилась от атаки на 42%
[13:21:46] [Client thread/INFO] [CHAT] Цель уклонилась от атаки на 35%
[13:21:47] [Client thread/INFO] [CHAT] Цель уклонилась от атаки на 50%
[13:21:48] [Client thread/INFO] [CHAT] Цель уклонилась от атаки на 47%
[13:21:49] [Client thread/INFO] [CHAT] Цель уклонилась от атаки на 47%
[13:21:50] [Client thread/INFO] [CHAT] Цель уклонилась от атаки на 36%
[13:21:50] [Client thread/INFO] [CHAT] Цель уклонилась от атаки на 45%
[13:21:51] [Client thread/INFO] [CHAT] Цель уклонилась от атаки на 43%
[13:21:51] [Client thread/INFO] [CHAT] Цель уклонилась от атаки на 29%
[13:21:51] [Client thread/INFO] [CHAT] Расима сбросила Ваш вампиризм!
[13:21:56] [Client thread/INFO] [CHAT] [23] P ┃ 123sterlok456 » !А в чем прикол смерти? Я чет не вкурил
[13:21:56] [Client thread/INFO] [CHAT] Расима снижает уровень зачарования Куртка из тигриной шкуры ☠ +3
[13:21:56] [Client thread/INFO] [CHAT] Расима: Звездопад!
[13:21:56] [Client thread/INFO] [CHAT] Расима сбросила Ваш вампиризм!
[13:22:01] [Client thread/INFO] [CHAT] Расима: Бледная Луна!
[13:22:01] [Client thread/INFO] [CHAT] Расима сбросила Ваш вампиризм!
[13:22:05] [Client thread/INFO] [CHAT] Цель уклонилась от атаки на 25%
[13:22:05] [Client thread/INFO] [CHAT] Расима: Пусть мир будет поглощен Черной дырой!
[13:22:05] [Client thread/INFO] [CHAT] Прошло две минуты с начала волны! Урон противников увеличен на 25%
[13:22:05] [Client thread/INFO] [CHAT] Цель уклонилась от атаки на 39%
[13:22:06] [Client thread/INFO] [CHAT] Расима сбросила Ваш вампиризм!
[13:22:06] [Client thread/INFO] [CHAT] Цель уклонилась от атаки на 28%
[13:22:07] [Client thread/INFO] [CHAT] [30] D ┃ mokashi » уибвать
[13:22:08] [Client thread/INFO] [CHAT] Цель уклонилась от атаки на 35%
[13:22:09] [Client thread/INFO] [CHAT] [30] D ┃ mokashi » убивать
[13:22:09] [Client thread/INFO] [CHAT] Цель уклонилась от атаки на 42%
[13:22:10] [Client thread/INFO] [CHAT] Цель уклонилась от атаки на 37%
[13:22:10] [Client thread/INFO] [CHAT] Расима отнимает Ваше здоровье! Убивайте цветки жизни, чтобы его вернуть.
[13:22:14] [Client thread/INFO] [CHAT] Луч презрения задел Вас! Ваше исцеление снижено на 25% в течении 17 секунд
[13:22:14] [Client thread/INFO] [CHAT] Луч презрения задел Вас! Ваше исцеление снижено на 25% в течении 17 секунд
[13:22:15] [Client thread/INFO] [CHAT] Расима сбросила Ваш вампиризм!
[13:22:18] [Client thread/INFO] [CHAT] [30] D ┃ mokashi » ну типа
[13:22:18] [Client thread/INFO] [CHAT] [30] Treefrei66 » mokashi ты где
[13:22:20] [Client thread/INFO] [CHAT] Расима снижает уровень зачарования Куртка из тигриной шкуры ☠ +2
[13:22:20] [Client thread/INFO] [CHAT] Расима: Звездопад!
[13:22:20] [Client thread/INFO] [CHAT] Расима сбросила Ваш вампиризм!
[13:22:25] [Client thread/INFO] [CHAT] Расима сбросила Ваш вампиризм!
[13:22:26] [Client thread/INFO] [CHAT] [30] D ┃ mokashi » потерялся братан
[13:22:28] [Client thread/INFO] [CHAT] Расима: Пусть мир будет поглощен Черной дырой!
[13:22:30] [Client thread/INFO] [CHAT] Расима: Бледная Луна!
[13:22:30] [Client thread/INFO] [CHAT] Расима сбросила Ваш вампиризм!
[13:22:31] [Client thread/INFO] [CHAT] Цель уклонилась от атаки на 40%
[13:22:31] [Client thread/INFO] [CHAT] Цель уклонилась от атаки на 32%
[13:22:32] [Client thread/INFO] [CHAT] Цель уклонилась от атаки на 46%
[13:22:34] [Client thread/INFO] [CHAT] Цель уклонилась от атаки на 29%
[13:22:34] [Client thread/INFO] [CHAT] Цель уклонилась от атаки на 38%
[13:22:34] [Client thread/INFO] [CHAT] [30] D ┃ mokashi » дай
[13:22:35] [Client thread/INFO] [CHAT] Расима сбросила Ваш вампиризм!
[13:22:35] [Client thread/INFO] [CHAT] Цель уклонилась от атаки на 25%
[13:22:36] [Client thread/INFO] [CHAT] [30] D ┃ AndreWiking » карта огромная
[13:22:37] [Client thread/INFO] [CHAT] Цель уклонилась от атаки на 25%
[13:22:39] [Client thread/INFO] [CHAT] Цель уклонилась от атаки на 38%
[13:22:39] [Client thread/INFO] [CHAT] Цель уклонилась от атаки на 35%
[13:22:40] [Client thread/INFO] [CHAT] Цель уклонилась от атаки на 29%
[13:22:40] [Client thread/INFO] [CHAT] Расима снижает уровень зачарования Куртка из тигриной шкуры ☠ +1
[13:22:40] [Client thread/INFO] [CHAT] Расима: Звездопад!
[13:22:40] [Client thread/INFO] [CHAT] Расима сбросила Ваш вампиризм!
[13:22:41] [Client thread/INFO] [CHAT] Цель уклонилась от атаки на 39%
[13:22:42] [Client thread/INFO] [CHAT] [30] D ┃ mokashi » ты говорил про фулл лег сет
[13:22:44] [Client thread/INFO] [CHAT] [30] V ┃ Paranoiid » че ехеала?
[13:22:45] [Client thread/INFO] [CHAT] Расима сбросила Ваш вампиризм!
[13:22:46] [Client thread/INFO] [CHAT] Цель уклонилась от атаки на 38%
[13:22:46] [Client thread/INFO] [CHAT] Цель уклонилась от атаки на 28%
[13:22:46] [Client thread/INFO] [CHAT] [30] D ┃ mokashi » а ток 3 ботинка есть
[13:22:48] [Client thread/INFO] [CHAT] Цель уклонилась от атаки на 49%
[13:22:48] [Client thread/INFO] [CHAT] Цель уклонилась от атаки на 36%
[13:22:50] [Client thread/INFO] [CHAT] Расима сбросила Ваш вампиризм!
[13:22:51] [Client thread/INFO] [CHAT] Цель уклонилась от атаки на 40%
[13:22:53] [Client thread/INFO] [CHAT] [30] D ┃ mokashi » новых
[13:22:54] [Client thread/INFO] [CHAT] [30] Treefrei66 » кнопки рандомно спавнстя или в определёных местах
[13:22:57] [Client thread/INFO] [CHAT] [30] Jr.Dev ┃ ZeksterP » нагрудник есть
[13:22:59] [Client thread/INFO] [CHAT] [30] Jr.Dev ┃ ZeksterP » оружка есть
[13:23:03] [Client thread/INFO] [CHAT] [30] D ┃ AndreWiking » нагрудник?
[13:23:03] [Client thread/INFO] [CHAT] [30] V ┃ Paranoiid » в одном месте
[13:23:06] [Client thread/INFO] [CHAT] [30] D ┃ mokashi » а поножи и шлем
[13:23:09] [Client thread/INFO] [CHAT] [30] Jr.Dev ┃ ZeksterP » [Исполнитель желаний]
[13:23:10] [Client thread/INFO] [CHAT] [30] V ┃ Paranoiid » возле нпс
[13:23:18] [Client thread/INFO] [CHAT] [30] Jr.Dev ┃ ZeksterP » про поножи не говорил ничего, а на шлем я вас всех обманул
[13:23:24] [Client thread/INFO] [CHAT] [30] V ┃ Paranoiid » пхапх
[13:23:25] [Client thread/INFO] [CHAT] [30] D ┃ mokashi » ((((
[13:23:26] [Client thread/INFO] [CHAT] [30] D ┃ AndreWiking » нифига
[13:23:26] [Client thread/INFO] [CHAT] [30] Treefrei66 » спасиба
[13:23:30] [Client thread/INFO] [CHAT] [30] V ┃ Paranoiid » все го на боса?
[13:23:33] [Client thread/INFO] [CHAT] [30] D ┃ mokashi » а можна рапиру
[13:23:38] [Client thread/INFO] [CHAT] [30] Jr.Dev ┃ ZeksterP » конечно
[13:23:39] [Client thread/INFO] [CHAT] [30] Treefrei66 » давай ты нам поможешь рапирой)
[13:23:42] [Client thread/INFO] [CHAT] [4] Sr.T ┃ Няшечка » норма тапки на удачу
[13:23:45] [Client thread/INFO] [CHAT] [30] D ┃ mokashi » [Квантовая рапира ♨ +10]
[13:23:45] [Client thread/INFO] [CHAT] [30] D ┃ AndreWiking » зекстер, а рычаги всегда на одном месте?
[13:23:53] [Client thread/INFO] [CHAT] [30] D ┃ mokashi » СПАСИбо
[13:23:53] [Client thread/INFO] [CHAT] [30] V ┃ Paranoiid » пхаах
[13:23:54] [Client thread/INFO] [CHAT] [30] Treefrei66 » и мне
[13:23:56] [Client thread/INFO] [CHAT] [30] D ┃ AndreWiking » а мне?
[13:24:02] [Client thread/INFO] [CHAT] [30] Jr.Dev ┃ ZeksterP » у меня только одна была
[13:24:07] [Client thread/INFO] [CHAT] [30] leonardo_leo_ » прикольная халява)
[13:24:08] [Client thread/INFO] [CHAT] [30] D ┃ AndreWiking » а вторую?
[13:24:08] [Client thread/INFO] [CHAT] [30] Treefrei66 » дай грудак мне
[13:24:13] [Client thread/INFO] [CHAT] [30] V ┃ Paranoiid » да все идем уже
[13:24:19] [Client thread/INFO] [CHAT] [4] Sr.T ┃ Няшечка » а че ща рапира
[13:24:20] [Client thread/INFO] [CHAT] [30] D ┃ mokashi » из минусов
[13:24:27] [Client thread/INFO] [CHAT] [30] D ┃ mokashi » 33 лвл
[13:24:30] [Client thread/INFO] [CHAT] [30] Treefrei66 » захахахах
[13:24:31] [Client thread/INFO] [CHAT] [4] Sr.T ┃ Няшечка » анлаки
[13:24:32] [Client thread/INFO] [CHAT] [30] D ┃ mokashi » зато рапира +10
[13:24:34] [Client thread/INFO] [CHAT] [7] Sanchouu » кто может че нибудь дать оружие или бронь пж
[13:24:34] [Client thread/INFO] [CHAT] [30] Jr.Dev ┃ ZeksterP » а ещё из минусов ты в данже
[13:24:37] [Client thread/INFO] [CHAT] [30] D ┃ AndreWiking » а можно мне такую? :)
[13:24:38] [Client thread/INFO] [CHAT] [4] Sr.T ┃ Няшечка » продай
[13:24:39] [Client thread/INFO] [CHAT] [30] Jr.Dev ┃ ZeksterP » и она пропадет
[13:24:40] [Client thread/INFO] [CHAT] [30] Jr.Dev ┃ ZeksterP » скоро
[13:24:52] [Client thread/INFO] [CHAT] [7] Sanchouu » кто может че нибудь дать оружие или бронь пж
[13:25:03] [Client thread/INFO] [CHAT] [30] D ┃ nastydontlove » нельзя передовать
[13:25:11] [Client thread/INFO] [CHAT] [30] E ┃ Dapkyc_228 » zekster отражалка урон наносит или реген отключает?
[13:25:28] [Client thread/INFO] [CHAT] [30] Jr.Dev ┃ ZeksterP » отражалка урон не наносит и реген не отключает
[13:25:30] [Client thread/INFO] [CHAT] [30] Jr.Dev ┃ ZeksterP » она отражает
[13:25:53] [Client thread/INFO] [CHAT] [30] D ┃ AndreWiking » зекстер, сделай какой нибудь компас или что то, что показывает тимейтов в данже
[13:26:02] [Client thread/INFO] [CHAT] [30] Treefrei66 » зекстер спаси меня
[13:26:20] [Client thread/INFO] [CHAT] [30] D ┃ mokashi » че
[13:26:23] [Client thread/INFO] [CHAT] [30] D ┃ mokashi » а че значит атакуй
[13:26:24] [Client thread/INFO] [CHAT] [30] D ┃ nastydontlove » Zekster q
[13:26:25] [Client thread/INFO] [CHAT] [30] Jr.Dev ┃ ZeksterP » gg
[13:26:25] [Client thread/INFO] [CHAT] [30] Treefrei66 » зекстер помогии
[13:26:27] [Client thread/INFO] [CHAT] [30] Jr.Dev ┃ ZeksterP » q
[13:26:37] [Client thread/INFO] [CHAT] [30] D ┃ nastydontlove » Zekster новые уровни будут?
[13:26:40] [Client thread/INFO] [CHAT] [30] D ┃ mokashi » zeksterp
[13:26:47] [Client thread/INFO] [CHAT] [30] D ┃ mokashi » чо значит атакуй
[13:26:49] [Client thread/INFO] [CHAT] [30] Treefrei66 » зекстер чо было это
[13:26:49] [Client thread/INFO] [CHAT] [30] D ┃ mokashi » че сделать надо
[13:26:51] [Client thread/INFO] [CHAT] [30] V ┃ Paranoiid » лкм
[13:26:54] [Client thread/INFO] [CHAT] [30] Treefrei66 » нас застанило
[13:27:00] [Client thread/INFO] [CHAT] [30] D ┃ mokashi » ОХХ
[13:27:06] [Client thread/INFO] [CHAT] [30] D ┃ mokashi » заново давайте
[13:27:11] [Client thread/INFO] [CHAT] [30] E ┃ Dapkyc_228 » это захват души XD
[13:27:13] [Client thread/INFO] [CHAT] [30] D ┃ mokashi » сразу к наследнице
[13:27:14] [Client thread/INFO] [CHAT] [30] Treefrei66 » 2минуты
[13:27:14] [Client thread/INFO] [CHAT] [30] V ┃ Paranoiid » минуту
[13:27:19] [Client thread/ERROR] Error on png decode
java.io.EOFException
	at #bsYhB.sa(Unknown Source:79)
	at #GkgAM.sb(SourceFile:93)
	at #VDFNo.sa(SourceFile:75)
	at #dQqXO.a(SourceFile)
	at #nAplK.sa(SourceFile:63)
	at #HqmiC.a(SourceFile)
	at #nnQRc.sa(SourceFile:243)
	at #aNAXT.sa(SourceFile:121)
	at #vwpHV.a(SourceFile:271)
	at #vwpHV.a(SourceFile)
	at #DbYtd.sa(SourceFile:169)
	at #xuJay.a(SourceFile)
	at #ulhmT.sb(SourceFile:116)
	at #vYIsP.a(SourceFile)
	at #wzsmg.sa(SourceFile:51)
	at #zKIMx.a(SourceFile)
	at #oQhBa.sa(SourceFile:204)
	at #srNDu.sa(SourceFile:123)
	at #srNDu.sa(SourceFile:136)
	at #wmMBP.sa(SourceFile:268)
	at #JrUAU.sb(SourceFile:376)
	at #Czpok.sa(SourceFile:1204)
	at #ZRpYP.sb(SourceFile:1076)
	at #DazZV.sa(SourceFile:3489)
	at #vyeSD.sa(SourceFile:1509)
	at #lVFyp.st(SourceFile:1640)
	at #cYnba.sk(SourceFile:487)
	at net.minecraft.client.main.GameMain.a(SourceFile:220)
	at net.minecraft.client.main.GameMain.a(SourceFile:156)
	at #kBJWf.a(Unknown Source)
	at #kBJWf.run(Unknown Source)
	at java.base/java.lang.Thread.run(Unknown Source)
[13:27:26] [Client thread/INFO] [CHAT] [30] Jr.Dev ┃ ZeksterP » хорошая попытка была
[13:27:33] [Client thread/INFO] [CHAT] [19] tnt4 » ZeksterP А ещё добавь пожалуйста больше разнообразия в оружиях для всех уровней. как минимум больше копьев и какое-то оружие ближнего боя с кд на атаку
[13:27:34] [Client thread/INFO] [CHAT] [30] Treefrei66 » а чо делать то там было надо
[13:27:36] [Client thread/INFO] [CHAT] [30] D ┃ mokashi » я 3 раз до этой стадии дохожу
[13:27:37] [Client thread/INFO] [CHAT] [30] V ┃ Paranoiid » Зекстер
[13:27:45] [Client thread/INFO] [CHAT] [30] V ┃ Paranoiid » Что значит парируй?
[13:27:48] [Client thread/INFO] [CHAT] [30] D ┃ mokashi » вот ща точно сделаю
[13:27:51] [Client thread/INFO] [CHAT] [30] V ┃ Paranoiid » Способку нажать?
[13:27:54] [Client thread/INFO] [CHAT] [30] E ┃ Dapkyc_228 » да
[13:28:05] [Client thread/INFO] [CHAT] [30] D ┃ mokashi » а если нету абилки этой
[13:28:15] [Client thread/INFO] [CHAT] [30] V ┃ Paranoiid » Думаю не выпадет тебе
[13:28:17] [Client thread/INFO] [CHAT] [30] D ┃ mokashi » или она дает только те, которые есть
[13:28:18] [Client thread/INFO] [CHAT] [30] V ┃ Paranoiid » Если нету ее
[13:29:05] [Client thread/INFO] [CHAT] [30] D ┃ AndreWiking » карта оч огромная, где нам 3 мелких найти на ней? xD
[13:29:19] [Client thread/INFO] [CHAT] [30] Jr.Dev ┃ ZeksterP » а зачем вы ищите
[13:29:25] [Client thread/INFO] [CHAT] [30] D ┃ AndreWiking » хз
[13:29:32] [Client thread/INFO] [CHAT] [30] D ┃ AndreWiking » я первый раз прохожу его и мне помогают
[13:29:36] [Client thread/INFO] [CHAT] [30] D ┃ mokashi » [Звездная сфера x 3]
[13:29:37] [Client thread/INFO] [CHAT] [30] D ┃ mokashi » [Шкатулка наследницы x 2]
[13:29:38] [Client thread/INFO] [CHAT] [28] I ┃ JonY_00 » ты ка туда залез бля
[13:29:45] [Client thread/INFO] [CHAT] [30] Jr.Dev ┃ ZeksterP » убивать мобов не нужно
[13:29:49] [Client thread/INFO] [CHAT] [30] Jr.Dev ┃ ZeksterP » они ради дропа
[13:29:55] [Client thread/INFO] [CHAT] [30] D ┃ mokashi » надеюсь, я помог режиму
[13:30:02] [Client thread/INFO] [CHAT] [30] D ┃ AndreWiking » а как к тыквоеду адекватно залесть?
[13:30:10] [Client thread/INFO] [CHAT] [30] Treefrei66 » [Темный кинжал ☠ +2] крит шанс маленьки
[13:30:15] [Client thread/INFO] [CHAT] [30] Jr.Dev ┃ ZeksterP » mokashi, помог
[13:30:17] [Client thread/INFO] [CHAT] [30] D ┃ mokashi » [Темный кинжал ⚝]
[13:30:21] [Client thread/INFO] [CHAT] [30] S ┃ Gumby_34 » [Темный кинжал ☬ +8]
[13:30:27] [Client thread/INFO] [CHAT] [4] Sr.T ┃ Няшечка » кинж ваще самоубийство какое то
[13:30:38] [Client thread/INFO] [CHAT] [30] leonardo_leo_ » [Зелье из крови тыквоеда] эт для чего?
[13:30:42] [Client thread/INFO] [CHAT] [30] D ┃ mokashi » хм
[13:30:42] [Client thread/INFO] [CHAT] [30] Treefrei66 » это на доп слот
[13:30:42] [Client thread/INFO] [CHAT] [30] V ┃ Paranoiid » Читай
[13:30:45] [Client thread/INFO] [CHAT] [30] Treefrei66 » на реген оружка
[13:30:48] [Client thread/INFO] [CHAT] [30] D ┃ mokashi » ну перспективный кинжал
[13:30:49] [Client thread/INFO] [CHAT] Tveiv получил Собиратель мусора
[13:30:50] [Client thread/INFO] [CHAT] [30] Jr.Dev ┃ ZeksterP » опрос нужен, чтобы я понимал, какими делать следующие данжи
[13:31:00] [Client thread/INFO] [CHAT] [30] D ┃ AndreWiking » карту поменьше )
[13:31:02] [Client thread/INFO] [CHAT] [30] D ┃ AndreWiking » немного
[13:31:03] [Client thread/INFO] [CHAT] Получено 44 звезд
[13:31:03] [Client thread/INFO] [CHAT] Урон игрока Tveiv: 4368
[13:31:06] [Client thread/INFO] [CHAT] Tveiv получил Паранойя Победителя
[13:31:08] [Client thread/INFO] [CHAT] [30] Jr.Dev ┃ ZeksterP » я телепорты добавлю
[13:31:08] [Client thread/INFO] [CHAT] [4] Sr.T ┃ Няшечка » очень круто что в данже несколько боссов
[13:31:12] [Client thread/INFO] [CHAT] [30] D ┃ AndreWiking » тогда ок
[13:31:25] [Client thread/INFO] [CHAT] [30] D ┃ AndreWiking » добавь ещё, чтобы видно было тимейтов
[13:31:37] [Client thread/INFO] [CHAT] Получено 37 звезд
[13:31:37] [Client thread/INFO] [CHAT] Урон игрока Tveiv: 7970
[13:31:39] [Client thread/INFO] [CHAT] Tveiv получил Расимафикация
[13:32:07] [Client thread/INFO] [CHAT] [23] P ┃ 123sterlok456 » [Звездопад ♨ +5]
[13:32:17] [Client thread/INFO] [CHAT] [18] Nikolai007 » как использовать карту созвездия ?
[13:32:21] [Client thread/INFO] [CHAT] [18] Nikolai007 » как использовать карту созвездия ?
[13:32:31] [Client thread/INFO] [CHAT] [30] Jr.Dev ┃ ZeksterP » в данже 15 лвла
[13:32:35] [Client thread/INFO] [CHAT] [30] Jr.Dev ┃ ZeksterP » слот есть в меню запуска
[13:32:35] [Client thread/INFO] [CHAT] Получено 37 звезд
[13:32:35] [Client thread/INFO] [CHAT] Урон игрока Tveiv: 7258
[13:32:38] [Client thread/INFO] [CHAT] Tveiv получил Спокойствие разума
[13:32:40] [Client thread/INFO] [CHAT] Последователь и его группа ожидают от Вас ответа.
[13:32:44] [Client thread/INFO] [CHAT] Последователь Этоля: Превосходный ответ, мы ожидаем от тебя свершений.
[13:32:44] [Client thread/INFO] [CHAT] Tveiv получил Свинцовый слоник
[13:32:55] [Client thread/INFO] [CHAT] Получено 45 звезд
[13:32:55] [Client thread/INFO] [CHAT] Урон игрока Tveiv: 5597
[13:32:57] [Client thread/INFO] [CHAT] Tveiv получил Игла ярости
[13:32:58] [Client thread/INFO] [CHAT] Tveiv получил Смотри на меня
[13:33:04] [Client thread/INFO] [CHAT] [23] P ┃ 123sterlok456 » !А у лука можно ли повысить шанс использование способки?
[13:33:05] [Client thread/INFO] [CHAT] [18] Nikolai007 » а что за данж 15 лвл ?
[13:33:10] [Client thread/INFO] [CHAT] [18] Nikolai007 » у меня он 18
[13:33:24] [Client thread/INFO] [CHAT] Получено 41 звезд
[13:33:24] [Client thread/INFO] [CHAT] Урон игрока Tveiv: 8233
[13:33:26] [Client thread/INFO] [CHAT] Tveiv получил Спокойствие разума
[13:33:43] [Client thread/INFO] [CHAT] \nXXall проводит приватную игру: Бинго Двойной 7x7!\nРежим: Фул хаус\nПриз победителю: 210\nНажми, чтобы переместиться!\n 
[13:33:57] [Client thread/INFO] [CHAT] [30] leonardo_leo_ » отражающий амулет хуйня
[13:34:02] [Client thread/INFO] [CHAT] [30] D ┃ mokashi » клянись
[13:34:12] [Client thread/INFO] [CHAT] [30] V ┃ Paranoiid » Лега?
[13:34:15] [Client thread/INFO] [CHAT] Получено 31 звезд
[13:34:15] [Client thread/INFO] [CHAT] Урон игрока Tveiv: 25265
[13:34:18] [Client thread/INFO] [CHAT] Tveiv получил Губка
[13:34:23] [Client thread/INFO] [CHAT] Свет, исполняющий Желание: Чего ты желаешь? Я исполню все, что ты хочешь.
[13:34:24] [Client thread/INFO] [CHAT] [30] E ┃ Dapkyc_228 » а что за прикол почему вторая жизнь не срабатывет?
[13:34:30] [Client thread/INFO] [CHAT] [30] S ┃ Gumby_34 » [Пламекос ♡ +8]
[13:34:31] [Client thread/INFO] [CHAT] [30] leonardo_leo_ » кд?
[13:34:31] [Client thread/INFO] [CHAT] [30] S ┃ Gumby_34 » [Богохульство ☬ +8]
[13:34:31] [Client thread/INFO] [CHAT] Свет, исполняющий Желание: Ты желаешь танатофобия? Будет исполнено.
[13:34:33] [Client thread/INFO] [CHAT] [30] S ┃ Gumby_34 » [Темный кинжал ☬ +8]
[13:34:34] [Client thread/INFO] [CHAT] [30] S ┃ Gumby_34 » [Боевой топор ярости ☠ +8]
[13:34:34] [Client thread/INFO] [CHAT] Свет, исполняющий Желание: Ваше желание исполнено.
[13:34:34] [Client thread/INFO] [CHAT] Tveiv получил Танатофобия
[13:34:35] [Client thread/INFO] [CHAT] [18] Nikolai007 » а что за меню запуска ?
[13:34:36] [Client thread/INFO] [CHAT] [30] E ┃ Dapkyc_228 » нет
[13:34:45] [Client thread/INFO] [CHAT] Tveiv получил Бонус брони
[13:34:45] [Client thread/INFO] [CHAT] Получено 45 звезд
[13:34:45] [Client thread/INFO] [CHAT] Урон игрока Tveiv: 10573
[13:34:46] [Client thread/INFO] [CHAT] Tveiv получил Дух предстоящей победы
[13:34:51] [Client thread/INFO] [CHAT] Потеряно 53 звезд
[13:34:51] [Client thread/INFO] [CHAT] Tveiv получил Проклятие мультивыбора
[13:34:53] [Client thread/INFO] [CHAT] Потеряно 53 звезд
[13:34:54] [Client thread/INFO] [CHAT] Tveiv получил Замок без ключа
[13:34:55] [Client thread/INFO] [CHAT] Потеряно 53 звезд
[13:34:55] [Client thread/INFO] [CHAT] Tveiv получил Переработанные часы
[13:34:56] [Client thread/INFO] [CHAT] Потеряно 53 звезд
[13:34:56] [Client thread/INFO] [CHAT] Tveiv получил Расшифровщик Валотайла
[13:34:57] [Client thread/INFO] [CHAT] Потеряно 53 звезд
[13:34:57] [Client thread/INFO] [CHAT] Tveiv получил Непоколебимость Победителя
[13:34:59] [Client thread/INFO] [CHAT] Звезды падают с небес!
[13:35:06] [Client thread/INFO] [CHAT] Tveiv получил Бонус здоровья
[13:35:06] [Client thread/INFO] [CHAT] Tveiv получил Бонус уклонения
[13:35:07] [Client thread/INFO] [CHAT] Вы уклонились на 27%
[13:35:11] [Client thread/INFO] [CHAT] Tveiv получил Спокойствие разума x2
[13:35:11] [Client thread/INFO] [CHAT] Вы уклонились на 36%
[13:35:17] [Client thread/INFO] [CHAT] Получено 54 звезд
[13:35:17] [Client thread/INFO] [CHAT] Урон игрока Tveiv: 7110
[13:35:19] [Client thread/INFO] [CHAT] Tveiv получил Взгляд Расимы
[13:35:21] [Client thread/INFO] [CHAT] [30] D ┃ mokashi » а где грудак то
[13:35:24] [Client thread/INFO] [CHAT] На горизонте маячат гигантские, черные прямоугольники.
[13:35:24] [Client thread/INFO] [CHAT] Вы не можете понять, это чьи-то дома, или же пред вами немыслимые, космические создания.
[13:35:24] [Client thread/FATAL] Error executing task
java.util.concurrent.ExecutionException: java.lang.IllegalArgumentException: URI is not absolute
	at java.base/java.util.concurrent.FutureTask.report(Unknown Source)
	at java.base/java.util.concurrent.FutureTask.get(Unknown Source)
	at #wFFZg.sa(SourceFile:46)
	at #mPGeI.b(SourceFile:52)
	at #QQxhM.sk(SourceFile:1466)
	at #lVFyp.st(SourceFile:1632)
	at #cYnba.sk(SourceFile:487)
	at net.minecraft.client.main.GameMain.a(SourceFile:220)
	at net.minecraft.client.main.GameMain.a(SourceFile:156)
	at #kBJWf.a(Unknown Source)
	at #kBJWf.run(Unknown Source)
	at java.base/java.lang.Thread.run(Unknown Source)
Caused by: java.lang.IllegalArgumentException: URI is not absolute
	at java.base/java.net.URL.of(Unknown Source)
	at #QKiRG.sa(SourceFile:250)
	at #gIFKC.sa(SourceFile:204)
	at !#CoIEI.sa(SourceFile:508)
	at #TBzUk.a(Unknown Source)
	at #TBzUk.run(Unknown Source)
	at java.base/java.util.concurrent.Executors$RunnableAdapter.call(Unknown Source)
	at java.base/java.util.concurrent.FutureTask.run(Unknown Source)
	at #wFFZg.sa(SourceFile:45)
	... 9 more
[13:35:24] [Client thread/FATAL] Error executing task
java.util.concurrent.ExecutionException: java.lang.IllegalArgumentException: URI is not absolute
	at java.base/java.util.concurrent.FutureTask.report(Unknown Source)
	at java.base/java.util.concurrent.FutureTask.get(Unknown Source)
	at #wFFZg.sa(SourceFile:46)
	at #mPGeI.b(SourceFile:52)
	at #QQxhM.sk(SourceFile:1466)
	at #lVFyp.st(SourceFile:1632)
	at #cYnba.sk(SourceFile:487)
	at net.minecraft.client.main.GameMain.a(SourceFile:220)
	at net.minecraft.client.main.GameMain.a(SourceFile:156)
	at #kBJWf.a(Unknown Source)
	at #kBJWf.run(Unknown Source)
	at java.base/java.lang.Thread.run(Unknown Source)
Caused by: java.lang.IllegalArgumentException: URI is not absolute
	at java.base/java.net.URL.of(Unknown Source)
	at #QKiRG.sa(SourceFile:250)
	at #gIFKC.sa(SourceFile:204)
	at !#CoIEI.sa(SourceFile:508)
	at #TBzUk.a(Unknown Source)
	at #TBzUk.run(Unknown Source)
	at java.base/java.util.concurrent.Executors$RunnableAdapter.call(Unknown Source)
	at java.base/java.util.concurrent.FutureTask.run(Unknown Source)
	at #wFFZg.sa(SourceFile:45)
	... 9 more
[13:35:24] [Client thread/FATAL] Error executing task
java.util.concurrent.ExecutionException: java.lang.IllegalArgumentException: URI is not absolute
	at java.base/java.util.concurrent.FutureTask.report(Unknown Source)
	at java.base/java.util.concurrent.FutureTask.get(Unknown Source)
	at #wFFZg.sa(SourceFile:46)
	at #mPGeI.b(SourceFile:52)
	at #QQxhM.sk(SourceFile:1466)
	at #lVFyp.st(SourceFile:1632)
	at #cYnba.sk(SourceFile:487)
	at net.minecraft.client.main.GameMain.a(SourceFile:220)
	at net.minecraft.client.main.GameMain.a(SourceFile:156)
	at #kBJWf.a(Unknown Source)
	at #kBJWf.run(Unknown Source)
	at java.base/java.lang.Thread.run(Unknown Source)
Caused by: java.lang.IllegalArgumentException: URI is not absolute
	at java.base/java.net.URL.of(Unknown Source)
	at #QKiRG.sa(SourceFile:250)
	at #gIFKC.sa(SourceFile:204)
	at !#CoIEI.sa(SourceFile:508)
	at #TBzUk.a(Unknown Source)
	at #TBzUk.run(Unknown Source)
	at java.base/java.util.concurrent.Executors$RunnableAdapter.call(Unknown Source)
	at java.base/java.util.concurrent.FutureTask.run(Unknown Source)
	at #wFFZg.sa(SourceFile:45)
	... 9 more
[13:35:25] [Client thread/INFO] [CHAT] Прямоугольник: лъЮЁКОхЬИЗшАУЛх
[13:35:26] [Client thread/INFO] [CHAT] Прямоугольник: гляькуЗтпИиэ
[13:35:31] [Client thread/INFO] [CHAT] Прямоугольник: лАБИЮрЪНдЭьЧСрМъ
[13:35:31] [Client thread/INFO] [CHAT] Tveiv получил Двигайся, как камень x3
[13:35:31] [Client thread/INFO] [CHAT] Tveiv получил Гвардиан
[13:35:31] [Client thread/INFO] [CHAT] Tveiv получил Росток алмазного дерева
[13:35:31] [Client thread/INFO] [CHAT] Tveiv получил Стеклянная кукла
[13:35:46] [Client thread/INFO] [CHAT] Получено 51 звезд
[13:35:46] [Client thread/INFO] [CHAT] Урон игрока Tveiv: 14199
[13:35:48] [Client thread/INFO] [CHAT] Tveiv получил Спарагмос
[13:35:49] [Client thread/INFO] [CHAT] Tveiv получил Сплетение теней
[13:35:52] [Client thread/INFO] [CHAT] Звезды падают с небес!
[13:35:58] [Client thread/INFO] [CHAT] Tveiv получил Бонус здоровья
[13:35:58] [Client thread/INFO] [CHAT] Tveiv получил Бонус уклонения
[13:36:01] [Client thread/INFO] [CHAT] Вы уклонились на 27%
[13:36:09] [Client thread/INFO] [CHAT] Tveiv получил Спокойствие разума x2
[13:36:14] [Client thread/INFO] [CHAT] Получено 51 звезд
[13:36:14] [Client thread/INFO] [CHAT] Урон игрока Tveiv: 16144
[13:36:16] [Client thread/INFO] [CHAT] Tveiv получил Охотник за головами
[13:36:18] [Client thread/INFO] [CHAT] На горизонте маячат гигантские, черные прямоугольники.
[13:36:18] [Client thread/INFO] [CHAT] Вы не можете понять, это чьи-то дома, или же пред вами немыслимые, космические создания.
[13:36:19] [Client thread/FATAL] Error executing task
java.util.concurrent.ExecutionException: java.lang.IllegalArgumentException: URI is not absolute
	at java.base/java.util.concurrent.FutureTask.report(Unknown Source)
	at java.base/java.util.concurrent.FutureTask.get(Unknown Source)
	at #wFFZg.sa(SourceFile:46)
	at #mPGeI.b(SourceFile:52)
	at #QQxhM.sk(SourceFile:1466)
	at #lVFyp.st(SourceFile:1632)
	at #cYnba.sk(SourceFile:487)
	at net.minecraft.client.main.GameMain.a(SourceFile:220)
	at net.minecraft.client.main.GameMain.a(SourceFile:156)
	at #kBJWf.a(Unknown Source)
	at #kBJWf.run(Unknown Source)
	at java.base/java.lang.Thread.run(Unknown Source)
Caused by: java.lang.IllegalArgumentException: URI is not absolute
	at java.base/java.net.URL.of(Unknown Source)
	at #QKiRG.sa(SourceFile:250)
	at #gIFKC.sa(SourceFile:204)
	at !#CoIEI.sa(SourceFile:508)
	at #TBzUk.a(Unknown Source)
	at #TBzUk.run(Unknown Source)
	at java.base/java.util.concurrent.Executors$RunnableAdapter.call(Unknown Source)
	at java.base/java.util.concurrent.FutureTask.run(Unknown Source)
	at #wFFZg.sa(SourceFile:45)
	... 9 more
[13:36:19] [Client thread/FATAL] Error executing task
java.util.concurrent.ExecutionException: java.lang.IllegalArgumentException: URI is not absolute
	at java.base/java.util.concurrent.FutureTask.report(Unknown Source)
	at java.base/java.util.concurrent.FutureTask.get(Unknown Source)
	at #wFFZg.sa(SourceFile:46)
	at #mPGeI.b(SourceFile:52)
	at #QQxhM.sk(SourceFile:1466)
	at #lVFyp.st(SourceFile:1632)
	at #cYnba.sk(SourceFile:487)
	at net.minecraft.client.main.GameMain.a(SourceFile:220)
	at net.minecraft.client.main.GameMain.a(SourceFile:156)
	at #kBJWf.a(Unknown Source)
	at #kBJWf.run(Unknown Source)
	at java.base/java.lang.Thread.run(Unknown Source)
Caused by: java.lang.IllegalArgumentException: URI is not absolute
	at java.base/java.net.URL.of(Unknown Source)
	at #QKiRG.sa(SourceFile:250)
	at #gIFKC.sa(SourceFile:204)
	at !#CoIEI.sa(SourceFile:508)
	at #TBzUk.a(Unknown Source)
	at #TBzUk.run(Unknown Source)
	at java.base/java.util.concurrent.Executors$RunnableAdapter.call(Unknown Source)
	at java.base/java.util.concurrent.FutureTask.run(Unknown Source)
	at #wFFZg.sa(SourceFile:45)
	... 9 more
[13:36:19] [Client thread/FATAL] Error executing task
java.util.concurrent.ExecutionException: java.lang.IllegalArgumentException: URI is not absolute
	at java.base/java.util.concurrent.FutureTask.report(Unknown Source)
	at java.base/java.util.concurrent.FutureTask.get(Unknown Source)
	at #wFFZg.sa(SourceFile:46)
	at #mPGeI.b(SourceFile:52)
	at #QQxhM.sk(SourceFile:1466)
	at #lVFyp.st(SourceFile:1632)
	at #cYnba.sk(SourceFile:487)
	at net.minecraft.client.main.GameMain.a(SourceFile:220)
	at net.minecraft.client.main.GameMain.a(SourceFile:156)
	at #kBJWf.a(Unknown Source)
	at #kBJWf.run(Unknown Source)
	at java.base/java.lang.Thread.run(Unknown Source)
Caused by: java.lang.IllegalArgumentException: URI is not absolute
	at java.base/java.net.URL.of(Unknown Source)
	at #QKiRG.sa(SourceFile:250)
	at #gIFKC.sa(SourceFile:204)
	at !#CoIEI.sa(SourceFile:508)
	at #TBzUk.a(Unknown Source)
	at #TBzUk.run(Unknown Source)
	at java.base/java.util.concurrent.Executors$RunnableAdapter.call(Unknown Source)
	at java.base/java.util.concurrent.FutureTask.run(Unknown Source)
	at #wFFZg.sa(SourceFile:45)
	... 9 more
[13:36:19] [Client thread/INFO] [CHAT] Прямоугольник: бцЫёвиьВочБлШыю
[13:36:21] [Client thread/INFO] [CHAT] Прямоугольник: рНЁгХНдМЁтИ!
[13:36:23] [Client thread/INFO] [CHAT] Прямоугольник: шяЯГёЧАёЦзйШъмфБИ
[13:36:23] [Client thread/INFO] [CHAT] Tveiv получил Черные прямоугольники
[13:36:30] [Client thread/INFO] [CHAT] Вы уклонились на 34%
[13:36:30] [Client thread/INFO] [CHAT] Вы уклонились на 49%
[13:36:32] [Client thread/INFO] [CHAT] Вы уклонились на 36%
[13:36:36] [Client thread/INFO] [CHAT] Tveiv получил Бонус брони x2
[13:36:40] [Client thread/INFO] [CHAT] Вы уклонились на 37%
[13:36:45] [Client thread/INFO] [CHAT] Вы уклонились на 45%
[13:36:49] [Client thread/INFO] [CHAT] Вы уклонились на 34%
[13:36:50] [Client thread/INFO] [CHAT] Получено 46 звезд
[13:36:50] [Client thread/INFO] [CHAT] Урон игрока Tveiv: 8734
[13:36:52] [Client thread/INFO] [CHAT] Tveiv получил Самосознающие стрелы
[13:36:55] [Client thread/INFO] [CHAT] [30] D ┃ AndreWiking » как эту хрень убить
[13:36:58] [Client thread/INFO] [CHAT] Таинственная дверь появляется в комнате.
[13:37:02] [Client thread/INFO] [CHAT] [30] D ┃ AndreWiking » это бред
[13:37:02] [Client thread/INFO] [CHAT] Вы открываете дверь и впадаете в ужас. За дверью, Вас ожидало древнее божество.
[13:37:02] [Client thread/INFO] [CHAT] Вы встретили само воплощение Тьмы и Ночи, и теперь, оно нападает на Вас. Это - Ваш Конец.
[13:37:08] [Client thread/INFO] [CHAT] Вы уклонились на 50%
[13:37:09] [Client thread/INFO] [CHAT] [30] V ┃ Paranoiid » Мокаши ты где
[13:37:13] [Client thread/INFO] [CHAT] Вы уклонились на 30%
[13:37:16] [Client thread/INFO] [CHAT] Tveiv получил Теневой x2
[13:37:23] [Client thread/INFO] [CHAT] Вы уклонились на 32%
[13:37:23] [Client thread/INFO] [CHAT] Tveiv получил Ничего x2
[13:37:26] [Client thread/INFO] [CHAT] Получено 54 звезд
[13:37:26] [Client thread/INFO] [CHAT] Урон игрока Tveiv: 20844
[13:37:27] [Client thread/INFO] [CHAT] Tveiv получил Прострел с Юпитера
[13:37:33] [Client thread/INFO] [CHAT] Последователи Бедствия появляются в комнате.
[13:37:34] [Client thread/INFO] [CHAT] Наследница Бедствия: Странник Тьмы, ты же направляешься к Расиме?
[13:37:35] [Client thread/INFO] [CHAT] Наследница Бедствия: Мы можем помочь друг-другу.
[13:37:37] [Client thread/INFO] [CHAT] Наследница Бедствия: В битве с Расимой, мы будем на твоей стороне. Согласен?
[13:37:38] [Client thread/INFO] [CHAT] Наследница Бедствия: Прекрасно, скоро мы встретимся.
[13:37:38] [Client thread/INFO] [CHAT] Губка поглотила Проклятие! 1/5
[13:37:38] [Client thread/INFO] [CHAT] Губка поглотила Проклятие! 2/5
[13:37:38] [Client thread/INFO] [CHAT] Губка поглотила Проклятие! 3/5
[13:37:38] [Client thread/INFO] [CHAT] Tveiv получил Взгляд Расимы
[13:37:38] [Client thread/INFO] [CHAT] Tveiv получил Последователи Бедствия
[13:37:44] [Client thread/INFO] [CHAT] Вы уклонились на 32%
[13:37:50] [Client thread/INFO] [CHAT] Вы уклонились на 39%
[13:37:52] [Client thread/INFO] [CHAT] [30] D ┃ AndreWiking » [Боевой топор ярости ♡ +2]
[13:37:54] [Client thread/INFO] [CHAT] [30] D ┃ AndreWiking » норм штука?
[13:37:55] [Client thread/INFO] [CHAT] Вы уклонились на 32%
[13:37:56] [Client thread/INFO] [CHAT] Получено 50 звезд
[13:37:56] [Client thread/INFO] [CHAT] Урон игрока Tveiv: 8573
[13:37:58] [Client thread/INFO] [CHAT] Tveiv получил Гений звёзд
[13:38:03] [Client thread/INFO] [CHAT] [30] Treefrei66 » да какбудт
[13:38:06] [Client thread/INFO] [CHAT] Tveiv получил Ничего
[13:38:11] [Client thread/INFO] [CHAT] Вы уклонились на 34%
[13:38:14] [Client thread/INFO] [CHAT] Вы уклонились на 25%
[13:38:16] [Client thread/INFO] [CHAT] Вы уклонились на 46%
[13:38:17] [Client thread/INFO] [CHAT] Вы уклонились на 30%
[13:38:17] [Client thread/INFO] [CHAT] Получено 52 звезд
[13:38:17] [Client thread/INFO] [CHAT] Урон игрока Tveiv: 10096
[13:38:18] [Client thread/INFO] [CHAT] Tveiv получил Лалофобия
[13:38:20] [Client thread/INFO] [CHAT] Tveiv получил Осквернённое перо
[13:38:28] [Client thread/INFO] [CHAT] Потеряно 328 звезд
[13:38:28] [Client thread/INFO] [CHAT] Tveiv получил Контроль
[13:38:32] [Client thread/INFO] [CHAT] [30] D ┃ AndreWiking » способка, которая не тратит ману отбирает 200 маны?
[13:38:41] [Client thread/INFO] [CHAT] Вампиризм сброшен!
[13:38:46] [Client thread/INFO] [CHAT] Вы уклонились на 34%
[13:38:52] [Client thread/INFO] [CHAT] Вампиризм сброшен!
[13:38:52] [Client thread/INFO] [CHAT] [30] Treefrei66 » а нет не имба
[13:38:54] [Client thread/INFO] [CHAT] Вы уклонились на 35%
[13:38:55] [Client thread/INFO] [CHAT] [13] P+ ┃ KyPcPyBlIa » !как карту созвездий использовать?
[13:38:55] [Client thread/INFO] [CHAT] [30] Treefrei66 » прыжочки мои
[13:38:57] [Client thread/INFO] [CHAT] Вы уклонились на 27%
[13:39:03] [Client thread/INFO] [CHAT] Вы уклонились на 50%
[13:39:05] [Client thread/INFO] [CHAT] Вы уклонились на 41%
[13:39:08] [Client thread/INFO] [CHAT] Tveiv получил Ничего
[13:39:09] [Client thread/INFO] [CHAT] Вы уклонились на 32%
[13:39:15] [Client thread/INFO] [CHAT] Получено 38 звезд
[13:39:15] [Client thread/INFO] [CHAT] Урон игрока Tveiv: 14330
[13:39:16] [Client thread/INFO] [CHAT] Tveiv получил Атомный комар
[13:39:23] [Client thread/INFO] [CHAT] Tveiv получил Бонус маны x2
[13:39:26] [Client thread/INFO] [CHAT] Вы уклонились на 32%
[13:39:29] [Client thread/INFO] [CHAT] Вампиризм сброшен!
[13:39:31] [Client thread/INFO] [CHAT] На Вас наложен Яростный взор, Вы получаете урон, когда смотрите на существ
[13:39:32] [Client thread/INFO] [CHAT] Вы уклонились на 41%
[13:39:47] [Client thread/INFO] [CHAT] Получено 44 звезд
[13:39:47] [Client thread/INFO] [CHAT] Урон игрока Tveiv: 31351
[13:39:49] [Client thread/INFO] [CHAT] Tveiv получил Куб неуязвимости
[13:39:59] [Client thread/INFO] [CHAT] Потеряно 72 звезд
[13:39:59] [Client thread/INFO] [CHAT] Tveiv получил Бонус маны x2
[13:40:03] [Client thread/INFO] [CHAT] На Вас наложен Яростный взор, Вы получаете урон, когда смотрите на существ
[13:40:10] [Client thread/INFO] [CHAT] На Вас наложен Яростный взор, Вы получаете урон, когда смотрите на существ
[13:40:12] [Client thread/INFO] [CHAT] [30] D ┃ AndreWiking » я обосрался
[13:40:14] [Client thread/INFO] [CHAT] Получено 52 звезд
[13:40:14] [Client thread/INFO] [CHAT] Урон игрока Tveiv: 19408
[13:40:15] [Client thread/INFO] [CHAT] Tveiv получил Разрушитель звёзд
[13:40:18] [Client thread/INFO] [CHAT] [30] D ┃ mokashi » ок спасибо за инфу
[13:40:21] [Client thread/INFO] [CHAT] Потеряно 58 звезд
[13:40:21] [Client thread/INFO] [CHAT] Tveiv получил Бонус урона
[13:40:23] [Client thread/INFO] [CHAT] [30] D ┃ AndreWiking » да он меня убил на спавне
[13:40:27] [Client thread/INFO] [CHAT] Вы уклонились на 37%
[13:40:27] [Client thread/INFO] [CHAT] [30] D ┃ AndreWiking » я испугался
[13:40:29] [Client thread/INFO] [CHAT] Вы уклонились на 27%
[13:40:29] [Client thread/INFO] [CHAT] Вы уклонились на 37%
[13:40:33] [Client thread/INFO] [CHAT] Tveiv получил Бонус здоровья x2
[13:40:36] [Client thread/INFO] [CHAT] Вы уклонились на 35%
[13:40:42] [Client thread/INFO] [CHAT] Вампиризм сброшен!
[13:40:48] [Client thread/INFO] [CHAT] [30] D ┃ AndreWiking » ну давай попробуем
[13:40:54] [Client thread/INFO] [CHAT] Вы уклонились на 37%
[13:40:56] [Client thread/INFO] [CHAT] [30] D ┃ AndreWiking » ааа
[13:40:59] [Client thread/INFO] [CHAT] [30] D ┃ AndreWiking » п чат
[13:41:00] [Client thread/INFO] [CHAT] Вы уклонились на 42%
[13:41:02] [Client thread/INFO] [CHAT] Получено 40 звезд
[13:41:02] [Client thread/INFO] [CHAT] Получено 48 звезд
[13:41:02] [Client thread/INFO] [CHAT] Урон игрока Tveiv: 37136
[13:41:08] [Client thread/INFO] [CHAT] Вы уклонились на 39%
[13:41:10] [Client thread/INFO] [CHAT] Tveiv получил Бонус скорости x2
[13:41:14] [Client thread/INFO] [CHAT] Вы уклонились на 27%
[13:41:15] [Client thread/INFO] [CHAT] Вы уклонились на 43%
[13:41:21] [Client thread/INFO] [CHAT] Вы уклонились на 35%
[13:41:26] [Client thread/INFO] [CHAT] Вы уклонились на 29%
[13:41:26] [Client thread/INFO] [CHAT] Вы уклонились на 27%
[13:41:30] [Client thread/INFO] [CHAT] Tveiv получил Бонус брони x2
[13:41:30] [Client thread/INFO] [CHAT] Получено 48 звезд
[13:41:30] [Client thread/INFO] [CHAT] Получено 48 звезд
[13:41:30] [Client thread/INFO] [CHAT] Урон игрока Tveiv: 26157
[13:41:31] [Client thread/INFO] [CHAT] Tveiv получил Непобеждаемая слот-машина
[13:41:40] [Client thread/INFO] [CHAT] Потеряно 78 звезд
[13:41:40] [Client thread/INFO] [CHAT] Потеряно 7 звезд
[13:41:40] [Client thread/INFO] [CHAT] Tveiv получил Бонус маны x2
[13:41:41] [Client thread/INFO] [CHAT] Потеряно 78 звезд
[13:41:41] [Client thread/INFO] [CHAT] Потеряно 7 звезд
[13:41:41] [Client thread/INFO] [CHAT] Tveiv получил Бонус урона x2
[13:41:47] [Client thread/INFO] [CHAT] Вы уклонились на 50%
[13:41:48] [Client thread/INFO] [CHAT] [30] V ┃ Paranoiid » очко тут
[13:41:51] [Client thread/INFO] [CHAT] Вы уклонились на 32%
[13:41:57] [Client thread/INFO] [CHAT] Вы уклонились на 35%
[13:42:01] [Client thread/INFO] [CHAT] Вы уклонились на 25%
[13:42:04] [Client thread/INFO] [CHAT] Луч презрения задел Вас! Ваше исцеление снижено на 25% в течении 17 секунд
[13:42:04] [Client thread/INFO] [CHAT] Луч презрения задел Вас! Ваше исцеление снижено на 25% в течении 17 секунд
[13:42:11] [Client thread/INFO] [CHAT] Расима снижает уровень зачарования Кристалин ☠ +7
[13:42:30] [Client thread/INFO] [CHAT] Вы уклонились на 48%
[13:42:33] [Client thread/INFO] [CHAT] Расима: Сколько ещё Вы будете пытаться убить меня?
[13:42:35] [Client thread/INFO] [CHAT] Расима: Сгораете в собственной ярости..
[13:42:37] [Client thread/INFO] [CHAT] Расима: Ваши тела будут исцелены досмерти!
[13:42:43] [Client thread/INFO] [CHAT] Прошла минута с начала волны! Урон противников увеличен на 25%
[13:42:51] [Client thread/INFO] [CHAT] Вы уклонились на 33%
[13:42:54] [Client thread/INFO] [CHAT] Расима сбросила Ваш вампиризм!
[13:42:59] [Client thread/INFO] [CHAT] Расима сбросила Ваш вампиризм!
[13:42:59] [Client thread/INFO] [CHAT] Расима отнимает Ваше здоровье! Убивайте цветки жизни, чтобы его вернуть.
[13:43:04] [Client thread/INFO] [CHAT] Расима сбросила Ваш вампиризм!
[13:43:09] [Client thread/INFO] [CHAT] Расима снижает уровень зачарования Златой веер Бедствия ☬ +2
[13:43:09] [Client thread/INFO] [CHAT] Расима: Звездопад!
[13:43:09] [Client thread/INFO] [CHAT] Расима сбросила Ваш вампиризм!
[13:43:14] [Client thread/INFO] [CHAT] Расима: Бледная Луна!
[13:43:14] [Client thread/INFO] [CHAT] Расима сбросила Ваш вампиризм!
[13:43:19] [Client thread/INFO] [CHAT] Расима сбросила Ваш вампиризм!
[13:43:24] [Client thread/INFO] [CHAT] Расима сбросила Ваш вампиризм!
[13:43:29] [Client thread/INFO] [CHAT] Расима снижает уровень зачарования Куртка из тигриной шкуры ☠ +3
[13:43:29] [Client thread/INFO] [CHAT] Расима: Звездопад!
[13:43:29] [Client thread/INFO] [CHAT] Расима сбросила Ваш вампиризм!
[13:43:33] [Client thread/INFO] [CHAT] Вы уклонились на 45%
[13:43:34] [Client thread/INFO] [CHAT] Расима сбросила Ваш вампиризм!
[13:43:39] [Client thread/INFO] [CHAT] Расима: Бледная Луна!
[13:43:39] [Client thread/INFO] [CHAT] Расима сбросила Ваш вампиризм!
[13:43:43] [Client thread/INFO] [CHAT] Прошло две минуты с начала волны! Урон противников увеличен на 25%
[13:43:44] [Client thread/INFO] [CHAT] Расима сбросила Ваш вампиризм!
[13:43:48] [Client thread/INFO] [CHAT] Расима: Пусть мир будет поглощен Черной дырой!
[13:43:49] [Client thread/INFO] [CHAT] Расима снижает уровень зачарования Златой веер Бедствия ☬ +1
[13:43:49] [Client thread/INFO] [CHAT] Расима: Звездопад!
[13:43:49] [Client thread/INFO] [CHAT] Расима сбросила Ваш вампиризм!
[13:43:49] [Client thread/INFO] [CHAT] Расима отнимает Ваше здоровье! Убивайте цветки жизни, чтобы его вернуть.
[13:43:58] [Client thread/INFO] [CHAT] Расима сбросила Ваш вампиризм!
[13:44:03] [Client thread/INFO] [CHAT] Расима сбросила Ваш вампиризм!
[13:44:04] [Client thread/INFO] [CHAT] Расима: Пусть мир будет поглощен Черной дырой!
[13:44:04] [Client thread/INFO] [CHAT] Вы уклонились на 28%
[13:44:06] [Client thread/INFO] [CHAT] Вы уклонились на 40%
[13:44:07] [Client thread/INFO] [CHAT] Вы уклонились на 48%
[13:44:08] [Client thread/INFO] [CHAT] Расима: Бледная Луна!
[13:44:08] [Client thread/INFO] [CHAT] Расима сбросила Ваш вампиризм!
[13:44:11] [Client thread/INFO] [CHAT] Вы уклонились на 36%
[13:44:13] [Client thread/INFO] [CHAT] Расима снижает уровень зачарования Штаны из тигриной шкуры ☠ +3
[13:44:13] [Client thread/INFO] [CHAT] Расима: Звездопад!
[13:44:13] [Client thread/INFO] [CHAT] Расима сбросила Ваш вампиризм!
[13:44:18] [Client thread/INFO] [CHAT] Расима сбросила Ваш вампиризм!
[13:44:23] [Client thread/INFO] [CHAT] Расима сбросила Ваш вампиризм!
[13:44:26] [Client thread/INFO] [CHAT] Вы уклонились на 40%
[13:44:28] [Client thread/INFO] [CHAT] Расима сбросила Ваш вампиризм!
[13:45:12] [Client thread/INFO] [CHAT] [30] Treefrei66 » ок
[13:45:21] [Client thread/INFO] [CHAT] [30] Treefrei66 » мб мне воще не п одходить тогда?
[13:45:30] [Client thread/INFO] [CHAT] [2] P ┃ ded_ricka » ребята
[13:45:46] [Client thread/INFO] [CHAT] [23] P ┃ 123sterlok456 » !Королева пчел))
[13:45:53] [Client thread/INFO] [CHAT] [2] P ┃ ded_ricka » подскажите пожалуста как способности настроить
[13:45:58] [Client thread/INFO] [CHAT] [30] MVP ┃ uttytu_top2 » в инве перо есть
[13:46:06] [Client thread/INFO] [CHAT] [30] V ┃ Paranoiid » тут магаз
[13:46:09] [Client thread/INFO] [CHAT] [4] Naimora » да и бинды выставляешь
[13:46:35] [Client thread/INFO] [CHAT] [30] selowduu » есть какой-то намёк на 2 секретки в новом данже хотя бы?
[13:46:37] [Client thread/INFO] [CHAT] [4] Naimora » ребят. а что за мыслители в волне теагон и вазор и они не бьют
[13:46:41] [Client thread/INFO] [CHAT] [4] Naimora » че делать
[13:47:00] [Client thread/INFO] [CHAT] [23] P ┃ 123sterlok456 » !Поговорить с мыслителем
[13:47:04] [Client thread/INFO] [CHAT] [23] P ┃ 123sterlok456 » !потом в чате текст прочитать
[13:47:11] [Client thread/INFO] [CHAT] [23] P ┃ 123sterlok456 » !и решить какую сторону ты выберишь
[13:47:22] [Client thread/INFO] [CHAT] [4] Naimora » спасибо
[13:49:06] [Client thread/INFO] [CHAT] [30] E ┃ Dapkyc_228 » черепушку убил кто?
[13:49:16] [Client thread/INFO] [CHAT] [23] P ┃ 123sterlok456 » !куда хп реген??
[13:49:23] [Client thread/INFO] [CHAT] [30] E ┃ Dapkyc_228 » в себя
[13:49:44] [Client thread/INFO] [CHAT] [30] V ┃ Paranoiid » [Плащ рассеивания ☠ +3] оо
[13:49:56] [Client thread/INFO] [CHAT] [30] V ┃ Paranoiid » или эт фигня
[13:50:14] [Client thread/INFO] [CHAT] [30] Treefrei66 » тегните топор с 27данжа ктото
[13:50:23] [Client thread/INFO] [CHAT] [30] D ┃ AndreWiking » [Боевой топор ярости ☠ +2]
[13:50:24] [Client thread/INFO] [CHAT] [30] D ┃ AndreWiking » этот?
[13:50:34] [Client thread/INFO] [CHAT] [30] Treefrei66 » да
[13:50:55] [Client thread/INFO] [CHAT] [30] D ┃ AndreWiking » его раскачать надо, щас такое сее
[13:51:02] [Client thread/INFO] [CHAT] [24] P ┃ 123sterlok456 » !Ммм... А как убивать расиму?
[13:51:04] [Client thread/INFO] [CHAT] [30] D ┃ mokashi » [Капюшон последователя Бедствия ⚝ +8]
[13:51:05] [Client thread/INFO] [CHAT] [30] V ┃ Paranoiid » [Плащ рассеивания ♡ +7] норм тема?
[13:51:06] [Client thread/INFO] [CHAT] Tveiv получил Собиратель мусора
[13:51:11] [Client thread/INFO] [CHAT] [30] Treefrei66 » то есть если с ним юзануть прыжок он схавает 200маны?
[13:51:19] [Client thread/INFO] [CHAT] [24] P ┃ 123sterlok456 » !я ей и так 30к хп снял а она потом зарегенела эти 30к хп...
[13:51:22] [Client thread/INFO] [CHAT] Получено 44 звезд
[13:51:22] [Client thread/INFO] [CHAT] Урон игрока Tveiv: 4312
[13:51:25] [Client thread/INFO] [CHAT] Tveiv получил Унижение
[13:51:38] [Client thread/INFO] [CHAT] Цель уклонилась от атаки на 48%
[13:51:39] [Client thread/INFO] [CHAT] [30] E ┃ Dapkyc_228 » кто?
[13:51:40] [Client thread/INFO] [CHAT] Цель уклонилась от атаки на 42%
[13:51:40] [Client thread/INFO] [CHAT] Цель уклонилась от атаки на 42%
[13:51:42] [Client thread/INFO] [CHAT] [30] E ┃ Dapkyc_228 » расина?
[13:51:46] [Client thread/INFO] [CHAT] [30] D ┃ AndreWiking » не знаю
[13:51:48] [Client thread/INFO] [CHAT] [24] P ┃ 123sterlok456 » !Расима
[13:51:48] [Client thread/INFO] [CHAT] [30] Treefrei66 » 123strelok ты е щё не стакал бонус уровня)
[13:51:51] [Client thread/INFO] [CHAT] Цель уклонилась от атаки на 28%
[13:51:51] [Client thread/INFO] [CHAT] Цель уклонилась от атаки на 33%
[13:51:53] [Client thread/INFO] [CHAT] Цель уклонилась от атаки на 25%
[13:51:59] [Client thread/INFO] [CHAT] [30] E ┃ Dapkyc_228 » точно расима
[13:51:59] [Client thread/INFO] [CHAT] Авто-кликер выключен
[13:51:59] [Client thread/INFO] [CHAT] [24] P ┃ 123sterlok456 » !ага))
[13:52:05] [Client thread/INFO] [CHAT] [30] E ┃ Dapkyc_228 » это 2 фаза
[13:52:06] [Client thread/INFO] [CHAT] [30] D ┃ mokashi » откуда лег грудак падает
[13:52:13] [Client thread/INFO] [CHAT] Авто-кликер включен
[13:52:17] [Client thread/INFO] [CHAT] Получено 32 звезд
[13:52:17] [Client thread/INFO] [CHAT] Урон игрока Tveiv: 7971
[13:52:18] [Client thread/INFO] [CHAT] Tveiv получил Стеклянная кукла
[13:52:20] [Client thread/INFO] [CHAT] [6] Sr.T ┃ Няшечка » а перезарядка заклинании - это типо быстрее кд или наоборот
[13:52:29] [Client thread/INFO] [CHAT] Авто-кликер выключен
[13:52:30] [Client thread/INFO] [CHAT] Последователь и его группа ожидают от Вас ответа.
[13:52:31] [Client thread/INFO] [CHAT] [30] V ┃ Paranoiid » Есть лег нагрудник?
[13:52:34] [Client thread/INFO] [CHAT] Последователь Этоля: Превосходный ответ, мы ожидаем от тебя свершений.
[13:52:34] [Client thread/INFO] [CHAT] Tveiv получил Гений звёзд
[13:52:40] [Client thread/INFO] [CHAT] [24] P ┃ 123sterlok456 » !люди добрые помогите расиму убить)
[13:52:49] [Client thread/INFO] [CHAT] [16] T_Privet » Помогите пожлауйста, я не могу понять что дают ботинки с названием идеальный шлем. Они просто улучшают мой шлем и всё?
[13:52:54] [Client thread/INFO] [CHAT] Авто-кликер включен
[13:52:54] [Client thread/INFO] [CHAT] Цель уклонилась от атаки на 27%
[13:52:57] [Client thread/INFO] [CHAT] Цель уклонилась от атаки на 47%
[13:53:00] [Client thread/INFO] [CHAT] Цель уклонилась от атаки на 49%
[13:53:01] [Client thread/INFO] [CHAT] [24] P ┃ 123sterlok456 » !Идеальный шлем копирует статы шлема
[13:53:01] [Client thread/INFO] [CHAT] Цель уклонилась от атаки на 33%
[13:53:08] [Client thread/INFO] [CHAT] [16] T_Privet » и всё?
[13:53:12] [Client thread/INFO] [CHAT] Цель уклонилась от атаки на 41%
[13:53:16] [Client thread/INFO] [CHAT] [24] P ┃ 123sterlok456 » !типо условно если у тебя шлем даёт +25 к крит шансу то и ботинки те же статы будут давать
[13:53:17] [Client thread/INFO] [CHAT] [24] P ┃ 123sterlok456 » !да
[13:53:18] [Client thread/INFO] [CHAT] [30] Treefrei66 » t_privet у тебя тип 2шлема твоиъ надето с ними
[13:53:21] [Client thread/INFO] [CHAT] Цель уклонилась от атаки на 28%
[13:53:22] [Client thread/INFO] [CHAT] Цель уклонилась от атаки на 25%
[13:53:23] [Client thread/INFO] [CHAT] Получено 29 звезд
[13:53:23] [Client thread/INFO] [CHAT] Урон игрока Tveiv: 8055
[13:53:25] [Client thread/INFO] [CHAT] Tveiv получил Спокойствие разума
[13:53:36] [Client thread/INFO] [CHAT] [24] P ┃ 123sterlok456 » !кстати предмет довольно крутой
[13:53:38] [Client thread/INFO] [CHAT] [24] P ┃ 123sterlok456 » !если в лучника
[13:53:45] [Client thread/INFO] [CHAT] [16] T_Privet » Спасибо!
[13:53:51] [Client thread/INFO] [CHAT] Авто-кликер выключен
[13:53:56] [Client thread/INFO] [CHAT] Цель уклонилась от атаки на 49%
[13:53:57] [Client thread/INFO] [CHAT] [4] Naimora » ребяьа, а как использовать спобность если на ней написано A+F1 я совмещаю эти две кнопки, но ничего не получается, только из способностей кликер работает
[13:53:59] [Client thread/INFO] [CHAT] Авто-кликер включен
[13:54:04] [Client thread/INFO] [CHAT] Цель уклонилась от атаки на 28%
[13:54:06] [Client thread/INFO] [CHAT] Цель уклонилась от атаки на 46%
[13:54:07] [Client thread/INFO] [CHAT] Получено 43 звезд
[13:54:07] [Client thread/INFO] [CHAT] Урон игрока Tveiv: 5923
[13:54:09] [Client thread/INFO] [CHAT] Tveiv получил Бонус урона
[13:54:11] [Client thread/INFO] [CHAT] Tveiv получил Паранойя Победителя
[13:54:15] [Client thread/INFO] [CHAT] Зверь появляется в комнате.
[13:54:17] [Client thread/INFO] [CHAT] [30] V ┃ Paranoiid » )
[13:54:20] [Client thread/INFO] [CHAT] [24] P ┃ 123sterlok456 » !Инвентарь - сверху будет перо. Там заклинания настраиваются
[13:54:22] [Client thread/INFO] [CHAT] Tveiv получил Дурак
[13:54:22] [Client thread/INFO] [CHAT] Tveiv получил Унижение
[13:54:22] [Client thread/INFO] [CHAT] Tveiv получил Паранойя Победителя
[13:54:30] [Client thread/INFO] [CHAT] Цель уклонилась от атаки на 30%
[13:54:30] [Client thread/INFO] [CHAT] Цель уклонилась от атаки на 35%
[13:54:30] [Client thread/INFO] [CHAT] Цель уклонилась от атаки на 30%
[13:54:31] [Client thread/INFO] [CHAT] Цель уклонилась от атаки на 41%
[13:54:32] [Client thread/INFO] [CHAT] Цель уклонилась от атаки на 37%
[13:54:33] [Client thread/INFO] [CHAT] Цель уклонилась от атаки на 49%
[13:54:37] [Client thread/INFO] [CHAT] Цель уклонилась от атаки на 46%
[13:54:42] [Client thread/INFO] [CHAT] Цель уклонилась от атаки на 32%
[13:54:47] [Client thread/INFO] [CHAT] [4] Naimora » да понимаю, не получается просто настроить
[13:54:49] [Client thread/INFO] [CHAT] Цель уклонилась от атаки на 46%
[13:54:50] [Client thread/INFO] [CHAT] Цель уклонилась от атаки на 50%
[13:54:51] [Client thread/INFO] [CHAT] Цель уклонилась от атаки на 42%
[13:54:51] [Client thread/INFO] [CHAT] [8] MVP ┃ P1lo » какой самый сильный бонус?
[13:54:52] [Client thread/INFO] [CHAT] Цель уклонилась от атаки на 38%
[13:54:54] [Client thread/INFO] [CHAT] Получено 37 звезд
[13:54:54] [Client thread/INFO] [CHAT] Урон игрока Tveiv: 8572
[13:54:55] [Client thread/INFO] [CHAT] Tveiv получил Викторина Монксельда
[13:55:06] [Client thread/INFO] [CHAT] [6] Sr.T ┃ Няшечка » думаю Дверь во тьму
[13:55:11] [Client thread/INFO] [CHAT] [30] E ┃ Dapkyc_228 » кому как
[13:55:12] [Client thread/INFO] [CHAT] [6] Sr.T ┃ Няшечка » ну это в больших волнах над
[13:55:19] [Client thread/INFO] [CHAT] [8] MVP ┃ P1lo » к
[13:55:20] [Client thread/INFO] [CHAT] [29] P ┃ Tveiv » в чем прикол клинков расимы, просто что они одновременно бьют ?
[13:55:21] [Client thread/INFO] [CHAT] [30] D ┃ mokashi » в маленьких*
[13:55:23] [Client thread/INFO] [CHAT] [6] Sr.T ┃ Няшечка » в маленьких хз даж
[13:55:23] [Client thread/INFO] [CHAT] [24] P ┃ 123sterlok456 » !Фатальная бессоница))
[13:55:29] [Client thread/INFO] [CHAT] [6] Sr.T ┃ Няшечка » возьми вампиризм хз
[13:55:31] [Client thread/INFO] [CHAT] Цель уклонилась от атаки на 32%
[13:55:31] [Client thread/INFO] [CHAT] Цель уклонилась от атаки на 26%
[13:55:32] [Client thread/INFO] [CHAT] Цель уклонилась от атаки на 42%
[13:55:32] [Client thread/INFO] [CHAT] Цель уклонилась от атаки на 49%
[13:55:35] [Client thread/INFO] [CHAT] Цель уклонилась от атаки на 26%
[13:55:35] [Client thread/INFO] [CHAT] [30] E ┃ Dapkyc_228 » \
[13:55:36] [Client thread/INFO] [CHAT] [30] D ┃ mokashi » квазар
[13:55:36] [Client thread/INFO] [CHAT] Цель уклонилась от атаки на 45%
[13:55:37] [Client thread/INFO] [CHAT] Цель уклонилась от атаки на 44%
[13:55:38] [Client thread/INFO] [CHAT] Цель уклонилась от атаки на 46%
[13:55:38] [Client thread/INFO] [CHAT] Цель уклонилась от атаки на 45%
[13:55:39] [Client thread/INFO] [CHAT] Цель уклонилась от атаки на 42%
[13:55:42] [Client thread/INFO] [CHAT] Цель уклонилась от атаки на 48%
[13:55:42] [Client thread/INFO] [CHAT] Цель уклонилась от атаки на 33%
[13:55:44] [Client thread/INFO] [CHAT] Цель уклонилась от атаки на 47%
[13:55:44] [Client thread/INFO] [CHAT] Цель уклонилась от атаки на 29%
[13:55:44] [Client thread/INFO] [CHAT] Цель уклонилась от атаки на 47%
[13:55:45] [Client thread/INFO] [CHAT] Цель уклонилась от атаки на 50%
[13:55:45] [Client thread/INFO] [CHAT] Цель уклонилась от атаки на 46%
[13:55:45] [Client thread/INFO] [CHAT] Цель уклонилась от атаки на 34%
[13:55:47] [Client thread/INFO] [CHAT] [24] P ┃ 123sterlok456 » !Квазар тоже имба.
[13:55:48] [Client thread/INFO] [CHAT] Цель уклонилась от атаки на 36%
[13:55:49] [Client thread/INFO] [CHAT] Цель уклонилась от атаки на 47%
[13:55:50] [Client thread/INFO] [CHAT] Цель уклонилась от атаки на 33%
[13:55:50] [Client thread/INFO] [CHAT] Цель уклонилась от атаки на 27%
[13:55:53] [Client thread/INFO] [CHAT] Цель уклонилась от атаки на 40%
[13:55:56] [Client thread/INFO] [CHAT] Цель уклонилась от атаки на 42%
[13:55:56] [Client thread/INFO] [CHAT] Цель уклонилась от атаки на 31%
[13:55:57] [Client thread/INFO] [CHAT] Цель уклонилась от атаки на 49%
[13:56:01] [Client thread/INFO] [CHAT] Цель уклонилась от атаки на 36%
[13:56:01] [Client thread/INFO] [CHAT] Цель уклонилась от атаки на 40%
[13:56:03] [Client thread/INFO] [CHAT] Цель уклонилась от атаки на 32%
[13:56:04] [Client thread/INFO] [CHAT] Цель уклонилась от атаки на 30%
[13:56:04] [Client thread/INFO] [CHAT] Цель уклонилась от атаки на 31%
[13:56:05] [Client thread/INFO] [CHAT] Цель уклонилась от атаки на 41%
[13:56:06] [Client thread/INFO] [CHAT] Цель уклонилась от атаки на 35%
[13:56:07] [Client thread/INFO] [CHAT] Цель уклонилась от атаки на 37%
[13:56:09] [Client thread/INFO] [CHAT] Цель уклонилась от атаки на 26%
[13:56:10] [Client thread/INFO] [CHAT] Цель уклонилась от атаки на 44%
[13:56:10] [Client thread/INFO] [CHAT] Цель уклонилась от атаки на 29%
[13:56:11] [Client thread/INFO] [CHAT] Получено 32 звезд
[13:56:11] [Client thread/INFO] [CHAT] Урон игрока Tveiv: 25459
[13:56:12] [Client thread/INFO] [CHAT] Tveiv получил Черная карта
[13:56:29] [Client thread/INFO] [CHAT] Последователь и его группа ожидают от Вас ответа.
[13:56:30] [Client thread/INFO] [CHAT] [4] Naimora » а почему другие оружия в пере не высвечиваются, для настройки заклинаний
[13:56:32] [Client thread/INFO] [CHAT] Последователь Этоля: Неправильно! Ты заслуживаешь наказание!
[13:56:32] [Client thread/INFO] [CHAT] Tveiv получил Долг боли x5
[13:56:35] [Client thread/INFO] [CHAT] [30] V ┃ neBezobraznik » а чё прохождение не завершается при клике на кристалл
[13:56:36] [Client thread/INFO] [CHAT] Цель уклонилась от атаки на 30%
[13:56:36] [Client thread/INFO] [CHAT] Цель уклонилась от атаки на 30%
[13:56:37] [Client thread/INFO] [CHAT] Цель уклонилась от атаки на 31%
[13:56:38] [Client thread/INFO] [CHAT] Цель уклонилась от атаки на 37%
[13:56:39] [Client thread/INFO] [CHAT] Цель уклонилась от атаки на 34%
[13:56:39] [Client thread/INFO] [CHAT] Цель уклонилась от атаки на 37%
[13:56:40] [Client thread/INFO] [CHAT] Цель уклонилась от атаки на 33%
[13:56:40] [Client thread/INFO] [CHAT] Цель уклонилась от атаки на 44%
[13:56:41] [Client thread/INFO] [CHAT] Цель уклонилась от атаки на 44%
[13:56:43] [Client thread/INFO] [CHAT] Цель уклонилась от атаки на 29%
[13:56:45] [Client thread/INFO] [CHAT] Цель уклонилась от атаки на 33%
[13:56:46] [Client thread/INFO] [CHAT] Цель уклонилась от атаки на 47%
[13:56:49] [Client thread/INFO] [CHAT] Цель уклонилась от атаки на 48%
[13:56:52] [Client thread/INFO] [CHAT] Получено 41 звезд
[13:56:52] [Client thread/INFO] [CHAT] Урон игрока Tveiv: 10980
[13:56:52] [Client thread/INFO] [CHAT] Цель уклонилась от атаки на 41%
[13:56:54] [Client thread/INFO] [CHAT] Tveiv получил Бонус здоровья x2
[13:56:59] [Client thread/INFO] [CHAT] Потеряно 214 звезд
[13:56:59] [Client thread/INFO] [CHAT] Tveiv получил Фатальная бессонница
[13:57:01] [Client thread/INFO] [CHAT] Последователь и его группа ожидают от Вас ответа.
[13:57:08] [Client thread/INFO] [CHAT] Последователь Этоля: Превосходный ответ, мы ожидаем от тебя свершений.
[13:57:08] [Client thread/INFO] [CHAT] Tveiv получил Бонус урона x2
[13:57:12] [Client thread/INFO] [CHAT] Цель уклонилась от атаки на 49%
[13:57:14] [Client thread/INFO] [CHAT] Цель уклонилась от атаки на 25%
[13:57:15] [Client thread/INFO] [CHAT] Цель уклонилась от атаки на 33%
[13:57:15] [Client thread/INFO] [CHAT] Цель уклонилась от атаки на 32%
[13:57:15] [Client thread/INFO] [CHAT] Цель уклонилась от атаки на 46%
[13:57:16] [Client thread/INFO] [CHAT] Цель уклонилась от атаки на 38%
[13:57:17] [Client thread/INFO] [CHAT] Цель уклонилась от атаки на 39%
[13:57:19] [Client thread/INFO] [CHAT] Цель уклонилась от атаки на 27%
[13:57:22] [Client thread/INFO] [CHAT] Получено 44 звезд
[13:57:22] [Client thread/INFO] [CHAT] Урон игрока Tveiv: 7244
[13:57:23] [Client thread/INFO] [CHAT] Tveiv получил Игла ярости
[13:57:30] [Client thread/INFO] [CHAT] Цель уклонилась от атаки на 37%
[13:57:31] [Client thread/INFO] [CHAT] Цель уклонилась от атаки на 30%
[13:57:35] [Client thread/INFO] [CHAT] Цель уклонилась от атаки на 41%
[13:57:35] [Client thread/INFO] [CHAT] Цель уклонилась от атаки на 48%
[13:57:36] [Client thread/INFO] [CHAT] Цель уклонилась от атаки на 30%
[13:57:37] [Client thread/INFO] [CHAT] Цель уклонилась от атаки на 31%
[13:57:38] [Client thread/INFO] [CHAT] Цель уклонилась от атаки на 49%
[13:57:41] [Client thread/INFO] [CHAT] Получено 43 звезд
[13:57:41] [Client thread/INFO] [CHAT] Урон игрока Tveiv: 13364
[13:57:43] [Client thread/INFO] [CHAT] Tveiv получил Висп в бутылке x2
[13:57:45] [Client thread/INFO] [CHAT] Tveiv получил Смотри на меня x2
[13:57:49] [Client thread/INFO] [CHAT] Цель уклонилась от атаки на 33%
[13:57:51] [Client thread/INFO] [CHAT] Цель уклонилась от атаки на 49%
[13:57:52] [Client thread/INFO] [CHAT] Tveiv получил Долг судьбы x2
[13:57:52] [Client thread/INFO] [CHAT] Цель уклонилась от атаки на 31%
[13:57:53] [Client thread/INFO] [CHAT] Цель уклонилась от атаки на 39%
[13:57:54] [Client thread/INFO] [CHAT] Цель уклонилась от атаки на 44%
[13:57:58] [Client thread/INFO] [CHAT] Tveiv получил Бонус скорости x2
[13:57:58] [Client thread/INFO] [CHAT] Цель уклонилась от атаки на 48%
[14:02:43] [Client thread/INFO] [CHAT] [30] E ┃ Dapkyc_228 » самый легкий босс говорит он
[14:04:28] [Client thread/INFO] [CHAT] [24] P ┃ 123sterlok456 » !40к хп у расимы...
[14:05:14] [Client thread/INFO] [CHAT] [30] D ┃ AndreWiking » капюшон -1)
[14:05:32] [Client thread/INFO] [CHAT] [29] D ┃ Cram4ik » !ктото на 27 желает?
[14:05:41] [Client thread/INFO] [CHAT] [30] D ┃ mokashi » я не верю пацанам ниже 30
[14:05:46] [Client thread/INFO] [CHAT] [30] V ┃ Paranoiid » пхаха
[14:05:46] [Client thread/INFO] [CHAT] [30] leonardo_leo_ » +
[14:06:13] [Client thread/INFO] [CHAT] [29] D ┃ Cram4ik » кк пойду 30 добьюXD
[14:06:14] [Client thread/INFO] [CHAT] [24] P ┃ 123sterlok456 » [Ржавый гвоздь ⚝] о имба
[14:06:58] [Client thread/INFO] [CHAT] [30] MVP ┃ uttytu_top2 » и как голову убивать
[14:07:16] [Client thread/INFO] [CHAT] [30] E ┃ Dapkyc_228 » никак
[14:07:23] [Client thread/INFO] [CHAT] [30] E ┃ Dapkyc_228 » забудь
[14:07:24] [Client thread/INFO] [CHAT] [30] E ┃ Whatss0N » хз я минут 20 стреляю
[14:07:31] [Client thread/INFO] [CHAT] [30] MVP ┃ uttytu_top2 » а че делать там тогда? у меня 30 врагов осталось
[14:07:37] [Client thread/INFO] [CHAT] [30] MVP ┃ uttytu_top2 » всю карту пробежал
[14:07:41] [Client thread/INFO] [CHAT] [30] MVP ┃ uttytu_top2 » ничего не нашел
[14:07:46] [Client thread/INFO] [CHAT] [30] leonardo_leo_ » замок
[14:07:47] [Client thread/INFO] [CHAT] [30] E ┃ Dapkyc_228 » не обизательно всех убивать
[14:07:54] [Client thread/INFO] [CHAT] [30] leonardo_leo_ » и тыквоед там где паутина
[14:08:04] [Client thread/INFO] [CHAT] [30] MVP ┃ uttytu_top2 » ну я пса какого то убил
[14:08:05] [Client thread/INFO] [CHAT] [30] MVP ┃ uttytu_top2 » из боссов
[14:08:15] [Client thread/INFO] [CHAT] [30] leonardo_leo_ » он самый изи
[14:08:22] [Client thread/INFO] [CHAT] [30] MVP ┃ uttytu_top2 » других я не нашел
[14:08:46] [Client thread/INFO] [CHAT] [30] leonardo_leo_ » тыквоед по левой стороне от спавна там где паутина и пещера над деревьями
[14:09:00] [Client thread/INFO] [CHAT] Tveiv получил Шипованные ботинки
[14:09:00] [Client thread/INFO] [CHAT] Tveiv получил Собиратель мусора
[14:09:00] [Client thread/INFO] [CHAT] Получено 300 звезд
[14:09:07] [Client thread/INFO] [CHAT] Потеряно 200 звезд
[14:09:07] [Client thread/INFO] [CHAT] Tveiv получил Грохот научного триумфа
[14:09:17] [Client thread/INFO] [CHAT] Получено 5 звезд
[14:09:26] [Client thread/INFO] [CHAT] Получено 5 звезд
[14:09:26] [Client thread/INFO] [CHAT] Вам выпал Осколок фантазии Этоля x1
[14:09:44] [Client thread/INFO] [CHAT] На Вас наложен Яростный взор, Вы получаете урон, когда смотрите на существ
[14:09:46] [Client thread/INFO] [CHAT] Получено 5 звезд
[14:09:46] [Client thread/INFO] [CHAT] Вам выпал Обугленный череп x1
[14:09:46] [Client thread/INFO] [CHAT] Получено 5 звезд
[14:09:46] [Client thread/INFO] [CHAT] Вам выпал Обугленный череп x1
[14:09:55] [Client thread/INFO] [CHAT] [30] D ┃ mokashi » чо за фигня
[14:10:01] [Client thread/INFO] [CHAT] [30] D ┃ mokashi » амулет не выпал
[14:10:06] [Client thread/INFO] [CHAT] [30] D ┃ mokashi » не дало его тупо
[14:10:10] [Client thread/INFO] [CHAT] [24] P ┃ 123sterlok456 » [Ржавый гвоздь ⚝] а можно этот гвоздь себе в голову забить чтоб статы получить? :D
[14:10:10] [Client thread/INFO] [CHAT] Получено 9 звезд
[14:10:10] [Client thread/INFO] [CHAT] Вам выпал Серебряная звезда зачарования x1
[14:10:10] [Client thread/INFO] [CHAT] Вам выпал Осколок фантазии Этоля x1
[14:10:25] [Client thread/INFO] [CHAT] Получено 5 звезд
[14:10:25] [Client thread/INFO] [CHAT] Вам выпал Изумруд x2
[14:10:34] [Client thread/INFO] [CHAT] Получено 6 звезд
[14:10:42] [Client thread/INFO] [CHAT] Получено 5 звезд
[14:10:42] [Client thread/INFO] [CHAT] Вам выпал Изумруд x2
[14:10:42] [Client thread/INFO] [CHAT] Вам выпал Обугленный череп x1
[14:10:49] [Client thread/INFO] [CHAT] Получено 5 звезд
[14:10:49] [Client thread/INFO] [CHAT] Вам выпал Изумруд x2
[14:10:55] [Client thread/INFO] [CHAT] Получено 5 звезд
[14:10:55] [Client thread/INFO] [CHAT] Вам выпал Изумруд x2
[14:10:55] [Client thread/INFO] [CHAT] Вам выпал Обугленный череп x1
[14:10:59] [Client thread/INFO] [CHAT] Получено 5 звезд
[14:11:03] [Client thread/INFO] [CHAT] [30] D ┃ AndreWiking » а бедствие всё так же имба на оружку?
[14:11:10] [Client thread/INFO] [CHAT] Получено 5 звезд
[14:11:10] [Client thread/INFO] [CHAT] Вам выпал Изумруд x1
[14:11:13] [Client thread/INFO] [CHAT] Получено 5 звезд
[14:11:13] [Client thread/INFO] [CHAT] Вам выпал Обугленный череп x1
[14:11:37] [Client thread/INFO] [CHAT] Получено 5 звезд
[14:11:49] [Client thread/INFO] [CHAT] [30] E ┃ Dapkyc_228 » зекстер тут?
[14:11:49] [Client thread/INFO] [CHAT] На Вас наложено Проклятие Страха, Ваш вампиризм заблокирован
[14:11:51] [Client thread/INFO] [CHAT] На Вас наложено Проклятие Крови, Вы получаете урон за каждую нанесенную атаку
[14:11:51] [Client thread/INFO] [CHAT] На Вас наложено Проклятие Крови, Вы получаете урон за каждую нанесенную атаку
[14:11:52] [Client thread/INFO] [CHAT] Tveiv погиб! Осталось 2 возрождения
[14:12:11] [Client thread/INFO] [CHAT] На Вас наложено Проклятие Крови, Вы получаете урон за каждую нанесенную атаку
[14:12:19] [Client thread/INFO] [CHAT] [30] D ┃ AndreWiking » афк летает
[14:12:54] [Client thread/INFO] [CHAT] На Вас наложено Проклятие Страха, Ваш вампиризм заблокирован
[14:12:56] [Client thread/INFO] [CHAT] На Вас наложено Проклятие Страха, Ваш вампиризм заблокирован
[14:13:01] [Client thread/INFO] [CHAT] [3] P ┃ ded_ricka » а кде оружие улутшить
[14:13:01] [Client thread/INFO] [CHAT] На Вас наложено Проклятие Страха, Ваш вампиризм заблокирован
[14:13:02] [Client thread/INFO] [CHAT] На Вас наложено Проклятие Крови, Вы получаете урон за каждую нанесенную атаку
[14:13:05] [Client thread/INFO] [CHAT] Получено 5 звезд
[14:13:07] [Client thread/INFO] [CHAT] Получено 5 звезд
[14:13:07] [Client thread/INFO] [CHAT] Вам выпал Изумруд x2
[14:13:09] [Client thread/INFO] [CHAT] Получено 5 звезд
[14:13:11] [Client thread/INFO] [CHAT] [24] P ┃ 123sterlok456 » [Звездопад ♆ +5] О имба
[14:13:12] [Client thread/INFO] [CHAT] На Вас наложено Проклятие Крови, Вы получаете урон за каждую нанесенную атаку
[14:13:21] [Client thread/INFO] [CHAT] Получено 5 звезд
[14:13:27] [Client thread/INFO] [CHAT] [24] P ┃ 123sterlok456 » !раньше был крит шанс 26% щас 32 +11 круто урон
[14:13:38] [Client thread/INFO] [CHAT] На Вас наложено Проклятие Крови, Вы получаете урон за каждую нанесенную атаку
[14:13:39] [Client thread/INFO] [CHAT] На Вас наложено Проклятие Страха, Ваш вампиризм заблокирован
[14:13:40] [Client thread/INFO] [CHAT] Tveiv погиб! Осталось 1 возрождение
[14:13:49] [Client thread/INFO] [CHAT] [30] MVP ┃ uttytu_top2 » где 2 босс?
[14:13:55] [Client thread/INFO] [CHAT] Получено 6 звезд
[14:13:55] [Client thread/INFO] [CHAT] Вам выпал Изумруд x1
[14:14:00] [Client thread/INFO] [CHAT] [30] E ┃ Dapkyc_228 » там их 3
[14:14:07] [Client thread/INFO] [CHAT] Получено 7 звезд
[14:14:07] [Client thread/INFO] [CHAT] Вам выпал Обугленный череп x1
[14:14:08] [Client thread/INFO] [CHAT] [30] MVP ┃ uttytu_top2 » не считая голову?
[14:14:14] [Client thread/INFO] [CHAT] Получено 5 звезд
[14:14:18] [Client thread/INFO] [CHAT] [30] E ┃ Dapkyc_228 » собакен голова и пизда ходячая
[14:14:22] [Client thread/INFO] [CHAT] Получено 5 звезд
[14:14:30] [Client thread/INFO] [CHAT] [30] MVP ┃ uttytu_top2 » ну голову нет смысла бить
[14:14:32] [Client thread/INFO] [CHAT] Получено 5 звезд
[14:14:32] [Client thread/INFO] [CHAT] Вам выпал Серебряная звезда зачарования x1
[14:14:34] [Client thread/INFO] [CHAT] Получено 5 звезд
[14:14:34] [Client thread/INFO] [CHAT] [30] E ┃ Dapkyc_228 » +
[14:14:36] [Client thread/INFO] [CHAT] [30] MVP ┃ uttytu_top2 » наследница где
[14:14:37] [Client thread/INFO] [CHAT] Вампиризм сброшен!
[14:14:39] [Client thread/INFO] [CHAT] Получено 6 звезд
[14:14:39] [Client thread/INFO] [CHAT] Вам выпал Изумруд x2
[14:14:43] [Client thread/INFO] [CHAT] Получено 5 звезд
[14:14:43] [Client thread/INFO] [CHAT] Вам выпал Изумруд x1
[14:14:43] [Client thread/INFO] [CHAT] Вам выпал Обугленный череп x1
[14:14:43] [Client thread/INFO] [CHAT] [30] MVP ┃ uttytu_top2 » я увидел в горе дыру
[14:14:45] [Client thread/INFO] [CHAT] [30] V ┃ Paranoiid » Голову же изи убить
[14:14:49] [Client thread/INFO] [CHAT] [30] MVP ┃ uttytu_top2 » забраться туда как
[14:14:50] [Client thread/INFO] [CHAT] Получено 5 звезд
[14:14:50] [Client thread/INFO] [CHAT] [24] P ┃ 123sterlok456 » !А че с головой не так?
[14:15:03] [Client thread/INFO] [CHAT] Получено 5 звезд
[14:15:03] [Client thread/INFO] [CHAT] Вам выпал Изумруд x1
[14:15:03] [Client thread/INFO] [CHAT] Вам выпал Обугленный череп x1
[14:15:05] [Client thread/INFO] [CHAT] [30] MVP ┃ uttytu_top2 » хз, я ей хп до 2.5к сношу она обратно 3к хиллит
[14:15:06] [Client thread/INFO] [CHAT] Получено 5 звезд
[14:15:06] [Client thread/INFO] [CHAT] Вам выпал Серебряная звезда зачарования x1
[14:15:13] [Client thread/INFO] [CHAT] [30] leonardo_leo_ » жиза
[14:15:13] [Client thread/INFO] [CHAT] [30] E ┃ Dapkyc_228 » от головы правее
[14:15:18] [Client thread/INFO] [CHAT] [30] V ┃ Paranoiid » Отражатель есть?
[14:15:21] [Client thread/INFO] [CHAT] Получено 7 звезд
[14:15:21] [Client thread/INFO] [CHAT] Вам выпал Изумруд x2
[14:15:21] [Client thread/INFO] [CHAT] Вам выпал Обугленный череп x1
[14:15:23] [Client thread/INFO] [CHAT] [30] MVP ┃ uttytu_top2 » неа
[14:15:27] [Client thread/INFO] [CHAT] [30] MVP ┃ uttytu_top2 » че за отражатель
[14:15:29] [Client thread/INFO] [CHAT] Получено 5 звезд
[14:15:29] [Client thread/INFO] [CHAT] Вам выпал Осколок фантазии Этоля x1
[14:15:29] [Client thread/INFO] [CHAT] [30] V ┃ Paranoiid » Ну без него анрил
[14:15:40] [Client thread/INFO] [CHAT] [30] E ┃ Dapkyc_228 » да и с ним проблема
[14:15:45] [Client thread/INFO] [CHAT] Получено 5 звезд
[14:15:48] [Client thread/INFO] [CHAT] [30] V ┃ Paranoiid » дс есть у вас?
[14:15:50] [Client thread/INFO] [CHAT] Получено 5 звезд
[14:15:50] [Client thread/INFO] [CHAT] Вам выпал Изумруд x2
[14:15:50] [Client thread/INFO] [CHAT] Вам выпал Серебряная звезда зачарования x1
[14:15:51] [Client thread/INFO] [CHAT] [30] D ┃ AndreWiking » почему я нажимаю на способку, а она не юзается?
[14:15:52] [Client thread/INFO] [CHAT] [30] E ┃ Dapkyc_228 » маны не хватает
[14:15:57] [Client thread/INFO] [CHAT] Вампиризм сброшен!
[14:15:58] [Client thread/INFO] [CHAT] Вампиризм сброшен!
[14:15:58] [Client thread/INFO] [CHAT] [30] V ┃ Paranoiid » Я просто мертвый в своей игре в пати
[14:15:59] [Client thread/INFO] [CHAT] Получено 5 звезд
[14:15:59] [Client thread/INFO] [CHAT] Вам выпал Серебряная звезда зачарования x1
[14:16:00] [Client thread/INFO] [CHAT] [30] D ┃ AndreWiking » 180\180
[14:16:00] [Client thread/INFO] [CHAT] [24] P ┃ 123sterlok456 » ! paranoiid Помоги пройти подземку)
[14:16:00] [Client thread/INFO] [CHAT] Получено 6 звезд
[14:16:00] [Client thread/INFO] [CHAT] Вам выпал Изумруд x2
[14:16:04] [Client thread/INFO] [CHAT] [30] V ┃ Paranoiid » А у меня тип афк
[14:16:08] [Client thread/INFO] [CHAT] [30] MVP ┃ uttytu_top2 » где справа то
[14:16:10] [Client thread/INFO] [CHAT] [30] MVP ┃ uttytu_top2 » в замке?
[14:16:10] [Client thread/INFO] [CHAT] Получено 5 звезд
[14:16:10] [Client thread/INFO] [CHAT] Вам выпал Изумруд x1
[14:16:10] [Client thread/INFO] [CHAT] Вам выпал Обугленный череп x1
[14:16:13] [Client thread/INFO] [CHAT] Получено 5 звезд
[14:16:17] [Client thread/INFO] [CHAT] [30] E ┃ Dapkyc_228 » да
[14:16:18] [Client thread/INFO] [CHAT] [30] V ┃ Paranoiid » Стрелок не могу
[14:16:24] [Client thread/INFO] [CHAT] [30] MVP ┃ uttytu_top2 » не видел чет
[14:16:27] [Client thread/INFO] [CHAT] Получено 5 звезд
[14:16:32] [Client thread/INFO] [CHAT] Получено 5 звезд
[14:16:50] [Client thread/INFO] [CHAT] Получено 7 звезд
[14:16:50] [Client thread/INFO] [CHAT] Вам выпал Обугленный череп x1
[14:16:56] [Client thread/INFO] [CHAT] Получено 5 звезд
[14:17:06] [Client thread/INFO] [CHAT] Получено 5 звезд
[14:17:18] [Client thread/INFO] [CHAT] [30] MVP ┃ uttytu_top2 » а, увидел
[14:17:23] [Client thread/INFO] [CHAT] [30] MVP ┃ uttytu_top2 » не заметил проход в 1 раз
[14:17:39] [Client thread/INFO] [CHAT] Получено 8 звезд
[14:17:50] [Client thread/INFO] [CHAT] Получено 5 звезд
[14:17:50] [Client thread/INFO] [CHAT] Вам выпал Изумруд x1
[14:18:01] [Client thread/INFO] [CHAT] Получено 5 звезд
[14:18:09] [Client thread/INFO] [CHAT] [30] E ┃ Dapkyc_228 » [Лунный камень ♆ +3] мммм имба
[14:18:24] [Client thread/INFO] [CHAT] Получено 5 звезд
[14:18:24] [Client thread/INFO] [CHAT] Вам выпал Обугленный череп x1
[14:18:26] [Client thread/INFO] [CHAT] [30] V ┃ Paranoiid » #рука2
[14:18:30] [Client thread/INFO] [CHAT] [30] V ┃ Paranoiid » гавно
[14:18:36] [Client thread/INFO] [CHAT] Tveiv погиб! Осталось 0 возрождений
[14:18:38] [Client thread/INFO] [CHAT] [30] V ┃ Paranoiid » [Приговор ☠ +9]
[14:18:46] [Client thread/INFO] [CHAT] Потеряно 200 звезд
[14:18:46] [Client thread/INFO] [CHAT] Tveiv получил Мое последнее перерождение в мире звезд, подаренное Исцелением
[14:18:53] [Client thread/INFO] [CHAT] [30] Hekus_01 » бессмертный больше не бессмертный
[14:18:59] [Client thread/INFO] [CHAT] [30] MVP ┃ uttytu_top2 » [Приговор ☬ +7]
[14:19:00] [Client thread/INFO] [CHAT] Волки Катастрофы проснулись от происходящей резни. Они убьют всех, кто не успел сбежать.
[14:19:03] [Client thread/INFO] [CHAT] На Вас наложен Яростный взор, Вы получаете урон, когда смотрите на существ
[14:19:04] [Client thread/INFO] [CHAT] Получено 5 звезд
[14:19:04] [Client thread/INFO] [CHAT] Получено 5 звезд
[14:19:04] [Client thread/INFO] [CHAT] Получено 5 звезд
[14:19:04] [Client thread/INFO] [CHAT] Вам выпал Обугленный череп x1
[14:19:18] [Client thread/INFO] [CHAT] [30] Hekus_01 » как же клево сносить по 1 урону вместо 1,1к+
[14:19:20] [Client thread/INFO] [CHAT] [30] MVP ┃ uttytu_top2 » а че лучше по меткам
[14:19:27] [Client thread/INFO] [CHAT] Получено 5 звезд
[14:19:27] [Client thread/INFO] [CHAT] Вам выпал Обугленный череп x1
[14:19:28] [Client thread/INFO] [CHAT] [30] V ┃ Paranoiid » Смотря на что
[14:19:31] [Client thread/INFO] [CHAT] [30] E ┃ Dapkyc_228 » бедствие
[14:19:36] [Client thread/INFO] [CHAT] [30] leonardo_leo_ » танатофобии нету(
[14:19:44] [Client thread/INFO] [CHAT] [30] MVP ┃ uttytu_top2 » [Арбалет последователя Бедствия ☬ +9] ну на этот например
[14:19:58] [Client thread/INFO] [CHAT] Получено 5 звезд
[14:19:58] [Client thread/INFO] [CHAT] Вам выпал Изумруд x2
[14:19:59] [Client thread/INFO] [CHAT] [30] V ┃ Paranoiid » Убийца на арбалеты
[14:20:23] [Client thread/INFO] [CHAT] [30] D ┃ AndreWiking » [Боевой топор ярости ☠ +3]
[14:20:25] [Client thread/INFO] [CHAT] [30] D ┃ AndreWiking » а на это?
[14:20:36] [Client thread/INFO] [CHAT] [30] V ┃ Paranoiid » Ну тут уже хз
[14:20:37] [Client thread/INFO] [CHAT] [30] Treefrei66 » по идее убийцы хватит
[14:20:40] [Client thread/INFO] [CHAT] [30] V ┃ Paranoiid » мб бедствие
[14:20:42] [Client thread/INFO] [CHAT] [30] Treefrei66 » бедствия так се если честно
[14:20:55] [Client thread/INFO] [CHAT] [30] Treefrei66 » там кое как ты норм буст к урону выбьёшь
[14:21:02] [Client thread/INFO] [CHAT] [30] Treefrei66 » мне макс 43проца падало
[14:21:18] [Client thread/INFO] [CHAT] [30] E ┃ Dapkyc_228 » [Ересь ♆ +8]
[14:21:26] [Client thread/INFO] [CHAT] Tveiv получил Собиратель мусора
[14:21:36] [Client thread/INFO] [CHAT] Tveiv получил Бонус урона
[14:21:38] [Client thread/INFO] [CHAT] [30] V ┃ Paranoiid » Йоу этим кто то пользуется?
[14:21:46] [Client thread/INFO] [CHAT] Tveiv получил Бонус уклонения x2
[14:21:49] [Client thread/INFO] [CHAT] Вы уклонились на 34%
[14:21:51] [Client thread/INFO] [CHAT] Получено 40 звезд
[14:21:51] [Client thread/INFO] [CHAT] Урон игрока Tveiv: 5900
[14:21:52] [Client thread/INFO] [CHAT] Tveiv получил Маноед
[14:21:57] [Client thread/INFO] [CHAT] [30] V ┃ Paranoiid » пхаах 17 благ)
[14:22:05] [Client thread/INFO] [CHAT] Вы уклонились на 37%
[14:22:09] [Client thread/INFO] [CHAT] [30] E ┃ Dapkyc_228 » [Златой веер Бедствия ☠ +9]
[14:22:16] [Client thread/INFO] [CHAT] [30] V ┃ Paranoiid » [Капюшон последователя Бедствия ⚝ +9]
[14:22:17] [Client thread/INFO] [CHAT] Получено 40 звезд
[14:22:17] [Client thread/INFO] [CHAT] Урон игрока Tveiv: 7560
[14:22:19] [Client thread/INFO] [CHAT] Tveiv получил Чаша Победителей
[14:22:33] [Client thread/INFO] [CHAT] [30] Treefrei66 » как вам на +9 везёт я не могу понять
[14:22:43] [Client thread/INFO] [CHAT] Получено 43 звезд
[14:22:43] [Client thread/INFO] [CHAT] Урон игрока Tveiv: 4881
[14:22:46] [Client thread/INFO] [CHAT] Tveiv получил Черная карта
[14:22:46] [Client thread/INFO] [CHAT] [30] V ┃ Paranoiid » За кучу сломанных на +1))
[14:22:55] [Client thread/INFO] [CHAT] Вы уклонились на 50%
[14:22:56] [Client thread/INFO] [CHAT] [30] V ┃ Paranoiid » Точнее даже на +0
[14:23:03] [Client thread/INFO] [CHAT] Получено 45 звезд
[14:23:03] [Client thread/INFO] [CHAT] Урон игрока Tveiv: 6019
[14:23:05] [Client thread/INFO] [CHAT] Tveiv получил Внутренняя сила
[14:23:06] [Client thread/INFO] [CHAT] [30] Treefrei66 » у мя 3приговора на +9 когда качал ломались
[14:23:08] [Client thread/INFO] [CHAT] [30] V ┃ Paranoiid » 7% на поломку
[14:23:08] [Client thread/INFO] [CHAT] Tveiv получил Никтофобия x2
[14:23:12] [Client thread/INFO] [CHAT] Вы уклонились на 36%
[14:23:14] [Client thread/INFO] [CHAT] [30] V ┃ Paranoiid » И оно ломается
[14:23:17] [Client thread/INFO] [CHAT] Вы уклонились на 44%
[14:23:19] [Client thread/INFO] [CHAT] [30] E ┃ Dapkyc_228 » пффф
[14:23:20] [Client thread/INFO] [CHAT] [30] D ┃ AndreWiking » деф
[14:23:24] [Client thread/INFO] [CHAT] Вы уклонились на 35%
[14:23:25] [Client thread/INFO] [CHAT] [30] E ┃ Cyrene » [Посмертная маска +9]
[14:23:27] [Client thread/INFO] [CHAT] [30] D ┃ AndreWiking » я топор с +2 на +1 зачарил
[14:23:28] [Client thread/INFO] [CHAT] Вы уклонились на 32%
[14:23:28] [Client thread/INFO] [CHAT] Вы уклонились на 48%
[14:23:29] [Client thread/INFO] [CHAT] Вы уклонились на 26%
[14:23:35] [Client thread/INFO] [CHAT] [30] V ┃ Paranoiid » пхахах деф
[14:23:35] [Client thread/INFO] [CHAT] Вы уклонились на 32%
[14:23:40] [Client thread/INFO] [CHAT] Получено 37 звезд
[14:23:40] [Client thread/INFO] [CHAT] Урон игрока Tveiv: 9421
[14:23:41] [Client thread/INFO] [CHAT] [30] leonardo_leo_ » [Зелье из крови тыквоеда] для какого босса?
[14:23:42] [Client thread/INFO] [CHAT] [30] E ┃ Dapkyc_228 » я както с 0 на 1 7 шмоток сломал
[14:23:42] [Client thread/INFO] [CHAT] Tveiv получил Расимафикация x2
[14:23:46] [Client thread/INFO] [CHAT] Потеряно 52 звезд
[14:23:46] [Client thread/INFO] [CHAT] Tveiv получил Викторина Монксельда
[14:23:47] [Client thread/INFO] [CHAT] Потеряно 52 звезд
[14:23:47] [Client thread/INFO] [CHAT] Tveiv получил Бонус здоровья
[14:23:48] [Client thread/INFO] [CHAT] Потеряно 52 звезд
[14:23:48] [Client thread/INFO] [CHAT] Tveiv получил Взгляд Расимы
[14:23:52] [Client thread/INFO] [CHAT] \n  Сегодняшние видео от:\n  MEDIA ┃ romus, MEDIA ┃ Dex1ck_PWNZ, MEDIA ┃ Lera_1337 \n  Напишите /videos для просмотра видео\n 
[14:23:59] [Client thread/INFO] [CHAT] Вы уклонились на 38%
[14:23:59] [Client thread/INFO] [CHAT] [30] Pahan___ » это норм что после зачистки обелиска шоп не обновляется в 27?
[14:24:03] [Client thread/INFO] [CHAT] Вы уклонились на 42%
[14:24:07] [Client thread/INFO] [CHAT] [30] V ┃ Paranoiid » да
[14:24:19] [Client thread/INFO] [CHAT] Вы уклонились на 35%
[14:24:20] [Client thread/INFO] [CHAT] Вы уклонились на 30%
[14:24:24] [Client thread/INFO] [CHAT] Вы уклонились на 49%
[14:24:27] [Client thread/INFO] [CHAT] [30] Pahan___ » как проходить тогда
[14:24:27] [Client thread/INFO] [CHAT] Вы уклонились на 32%
[14:24:28] [Client thread/INFO] [CHAT] Вы уклонились на 33%
[14:24:29] [Client thread/INFO] [CHAT] [30] V ┃ Paranoiid » тебя не смутило что тебе бонусы не дали?
[14:24:31] [Client thread/INFO] [CHAT] Вы уклонились на 43%
[14:24:34] [Client thread/INFO] [CHAT] Вы уклонились на 48%
[14:24:40] [Client thread/INFO] [CHAT] Получено 29 звезд
[14:24:40] [Client thread/INFO] [CHAT] Урон игрока Tveiv: 27071
[14:24:42] [Client thread/INFO] [CHAT] Tveiv получил Сетка для ловли звёзд
[14:24:45] [Client thread/INFO] [CHAT] Потеряно 53 звезд
[14:24:45] [Client thread/INFO] [CHAT] Tveiv получил Аккреционный диск
[14:24:45] [Client thread/INFO] [CHAT] [24] P ┃ 123sterlok456 » Квазар + с этим луком [Звездопад ♆ +5] какой то ужс
[14:24:52] [Client thread/INFO] [CHAT] Последователь и его группа ожидают от Вас ответа.
[14:24:55] [Client thread/INFO] [CHAT] [24] P ┃ 123sterlok456 » !Просто если попадаю квазаром - 10к хп боссу
[14:24:56] [Client thread/INFO] [CHAT] Последователь Этоля: Превосходный ответ, мы ожидаем от тебя свершений.
[14:24:56] [Client thread/INFO] [CHAT] Tveiv получил Бонус здоровья x2
[14:25:07] [Client thread/INFO] [CHAT] Вы уклонились на 50%
[14:25:11] [Client thread/INFO] [CHAT] Вы уклонились на 36%
[14:25:13] [Client thread/INFO] [CHAT] Получено 58 звезд
[14:25:13] [Client thread/INFO] [CHAT] Урон игрока Tveiv: 11067
[14:25:20] [Client thread/INFO] [CHAT] Tveiv получил Башня яркой Луны
[14:25:24] [Client thread/INFO] [CHAT] Последователь и его группа ожидают от Вас ответа.
[14:25:26] [Client thread/INFO] [CHAT] Последователь Этоля: Превосходный ответ, мы ожидаем от тебя свершений.
[14:25:26] [Client thread/INFO] [CHAT] Tveiv получил Спокойствие разума x2
[14:25:30] [Client thread/INFO] [CHAT] [30] MVP ┃ uttytu_top2 » а на броню метки?
[14:25:33] [Client thread/INFO] [CHAT] Вы уклонились на 46%
[14:25:33] [Client thread/INFO] [CHAT] Вы уклонились на 45%
[14:25:37] [Client thread/INFO] [CHAT] Получено 62 звезд
[14:25:37] [Client thread/INFO] [CHAT] Урон игрока Tveiv: 6837
[14:25:38] [Client thread/INFO] [CHAT] Tveiv получил Стеклянная кукла x2
[14:25:40] [Client thread/INFO] [CHAT] [30] V ┃ Paranoiid » Че для сета надо то и берешь
[14:25:48] [Client thread/INFO] [CHAT] Вы уклонились на 44%
[14:25:58] [Client thread/INFO] [CHAT] Получено 58 звезд
[14:25:58] [Client thread/INFO] [CHAT] Урон игрока Tveiv: 13467
[14:26:00] [Client thread/INFO] [CHAT] Tveiv получил Карта выбора x2
[14:26:05] [Client thread/INFO] [CHAT] Tveiv получил Осквернённое перо x2
[14:26:30] [Client thread/INFO] [CHAT] Вы уклонились на 30%
[14:26:36] [Client thread/INFO] [CHAT] Вы уклонились на 38%
[14:26:38] [Client thread/INFO] [CHAT] Tveiv получил Бонус маны x2
[14:26:38] [Client thread/INFO] [CHAT] Получено 62 звезд
[14:26:38] [Client thread/INFO] [CHAT] Урон игрока Tveiv: 16810
[14:26:41] [Client thread/INFO] [CHAT] Tveiv получил Острый клинок x2
[14:26:44] [Client thread/INFO] [CHAT] Последователь и его группа ожидают от Вас ответа.
[14:26:46] [Client thread/INFO] [CHAT] Последователь Этоля: Превосходный ответ, мы ожидаем от тебя свершений.
[14:26:46] [Client thread/INFO] [CHAT] Tveiv получил Гений звёзд x2
[14:26:54] [Client thread/INFO] [CHAT] Вы уклонились на 29%
[14:26:55] [Client thread/INFO] [CHAT] Tveiv получил Ничего x2
[14:26:59] [Client thread/INFO] [CHAT] Получено 62 звезд
[14:26:59] [Client thread/INFO] [CHAT] Урон игрока Tveiv: 8874
[14:27:04] [Client thread/INFO] [CHAT] Tveiv получил Охотник за головами
[14:27:15] [Client thread/INFO] [CHAT] Потеряно 322 звезд
[14:27:15] [Client thread/INFO] [CHAT] Tveiv получил Контроль
[14:27:25] [Client thread/INFO] [CHAT] Вы уклонились на 32%
[14:27:43] [Client thread/INFO] [CHAT] Получено 54 звезд
[14:27:43] [Client thread/INFO] [CHAT] Урон игрока Tveiv: 20976
[14:27:46] [Client thread/INFO] [CHAT] Tveiv получил Бумажный меч
[14:27:49] [Client thread/INFO] [CHAT] Потеряно 56 звезд
[14:27:49] [Client thread/INFO] [CHAT] Tveiv получил Бонус урона x2
[14:27:49] [Client thread/INFO] [CHAT] Tveiv получил Бонус уклонения x2
[14:27:49] [Client thread/INFO] [CHAT] Tveiv получил Небытие
[14:27:53] [Client thread/INFO] [CHAT] [30] D ┃ AndreWiking » долбаный топор, я щас из-за прыжка сдохну xD
[14:27:53] [Client thread/INFO] [CHAT] Последователи Бедствия появляются в комнате.
[14:27:54] [Client thread/INFO] [CHAT] Наследница Бедствия: Странник Тьмы, ты же направляешься к Расиме?
[14:27:55] [Client thread/INFO] [CHAT] Наследница Бедствия: Мы можем помочь друг-другу.
[14:27:57] [Client thread/INFO] [CHAT] Наследница Бедствия: В битве с Расимой, мы будем на твоей стороне. Согласен?
[14:27:58] [Client thread/INFO] [CHAT] Наследница Бедствия: Ты ещё пожалеешь об этом.
[14:28:03] [Client thread/ERROR] Error on handle event #VIlGP in Mod{name='VoidMod', version='1.0+cb03bcc', persistent=false, delegate=dev.a.a.a, modState=LOADED}
java.lang.NullPointerException
[14:28:09] [Client thread/INFO] [CHAT] Вы уклонились на 48%
[14:28:11] [Client thread/INFO] [CHAT] [30] Treefrei66 » так там ведь вроде ток если ты под способкой жрёт ману
[14:28:11] [Client thread/INFO] [CHAT] Вы уклонились на 38%
[14:28:13] [Client thread/INFO] [CHAT] Вы уклонились на 44%
[14:28:13] [Client thread/INFO] [CHAT] Вы уклонились на 50%
[14:28:17] [Client thread/INFO] [CHAT] Вы уклонились на 42%
[14:28:18] [Client thread/INFO] [CHAT] Tveiv получил Бонус брони
[14:28:18] [Client thread/INFO] [CHAT] Получено 57 звезд
[14:28:18] [Client thread/INFO] [CHAT] Урон игрока Tveiv: 9844
[14:28:20] [Client thread/INFO] [CHAT] Tveiv получил Пожиратель энергии x2
[14:28:32] [Client thread/INFO] [CHAT] [30] D ┃ AndreWiking » не, если я держу топор
[14:28:43] [Client thread/INFO] [CHAT] [30] Treefrei66 » а так фигня по идее
[14:29:09] [Client thread/INFO] [CHAT] [30] E ┃ MajlbIshMik » Рассеянный мозг
[14:29:31] [Client thread/INFO] [CHAT] [30] V ┃ eplanovk » !пойдёт кто то в дс?
[14:32:03] [Client thread/INFO] [CHAT] [30] I ┃ Mrextrem » что они сделали с рывком...
[14:32:09] [Client thread/INFO] [CHAT] [30] D ┃ mokashi » с каким
[14:32:24] [Client thread/INFO] [CHAT] [30] D ┃ mokashi » с каким рывком
[14:32:25] [Client thread/INFO] [CHAT] [30] I ┃ Mrextrem » заклинание
[14:32:29] [Client thread/INFO] [CHAT] [30] D ┃ mokashi » ну какое
[14:32:30] [Client thread/INFO] [CHAT] [30] D ┃ mokashi » их 2
[14:32:36] [Client thread/INFO] [CHAT] [30] I ┃ Mrextrem » эпик который
[14:32:43] [Client thread/INFO] [CHAT] [30] D ┃ mokashi » ну он фигней был всегда
[14:32:44] [Client thread/INFO] [CHAT] [30] V ┃ Paranoiid » [Осколок Луны] вау
[14:32:46] [Client thread/INFO] [CHAT] [30] D ┃ mokashi » [Пламекос ♨ +1]
[14:32:47] [Client thread/INFO] [CHAT] [30] I ┃ Mrextrem » -
[14:34:13] [Client thread/INFO] [CHAT] [30] Treefrei66 » [Темный кинжал ☬ +6] не знаю зачем но пусть будет
[14:34:31] [Client thread/INFO] [CHAT] [30] V ┃ Paranoiid » [Осколок Луны] это откуда у меня
[14:38:10] [Client thread/INFO] [CHAT] [30] _nay4ok_ » кто на ласт локу на целителя
[14:38:19] [Client thread/INFO] [CHAT] [4] P ┃ ded_ricka » а что за меню запуска
[14:38:51] [Client thread/INFO] [CHAT] [6] Minsike » в меню запуска при выборе данжа там можно поставить
[14:38:53] [Client thread/INFO] [CHAT] [6] Minsike » слева
[14:38:58] [Client thread/INFO] [CHAT] [30] _nay4ok_ » кто на ласт локу на целителя
[14:39:00] [Client thread/INFO] [CHAT] [6] Minsike » наковальня по центру еще будет
[14:40:36] [Client thread/INFO] [CHAT] \nXXall проводит приватную игру: Бинго Двойной 7x7!\nРежим: Фул хаус\nПриз победителю: 210\nНажми, чтобы переместиться!\n 
[14:40:42] [Client thread/INFO] [CHAT] [30] _nay4ok_ » кто на ласт локу на целителя
[14:41:27] [Client thread/INFO] [CHAT] [30] D ┃ nastydontlove » [Арбалет последователя Бедствия ⚝ +9]
[14:42:19] [Client thread/INFO] [CHAT] [30] _nay4ok_ » кто на ласт локу на целителя
[14:45:27] [Client thread/INFO] [CHAT] [1] HE ┃ Ascender_ » Это новый режим?
[14:46:23] [Client thread/INFO] [CHAT] [30] D ┃ mokashi » потерялся
[14:48:36] [Client thread/INFO] [CHAT] [9] Interstallo » Как экипировать фантазию?
[14:48:51] [Client thread/INFO] [CHAT] [7] Minsike » в меню запуска данжей
[14:54:22] [Client thread/INFO] [CHAT] [30] D ┃ mokashi » [Лунный камень ☬ +3]
[14:54:28] [Client thread/INFO] [CHAT] [30] D ┃ AndreWiking » мокаши
[14:54:30] [Client thread/INFO] [CHAT] [30] D ┃ mokashi » что
[14:54:39] [Client thread/INFO] [CHAT] [30] D ┃ AndreWiking » вы находили способ попасть в библиотеку?
[14:54:48] [Client thread/INFO] [CHAT] [30] V ┃ Paranoiid » Че за библиотека
[14:54:56] [Client thread/INFO] [CHAT] [30] D ┃ mokashi » нет
[14:55:06] [Client thread/INFO] [CHAT] [30] V ┃ Paranoiid » Андрей
[14:55:12] [Client thread/INFO] [CHAT] [2] P+ ┃ iScore » !Что?
[14:55:15] [Client thread/INFO] [CHAT] [30] D ┃ AndreWiking » я сдох и решил полетать
[14:55:17] [Client thread/INFO] [CHAT] [30] E ┃ Cyrene » где библиотеку нашел
[14:55:23] [Client thread/INFO] [CHAT] [30] D ┃ mokashi » под ареной
[14:55:29] [Client thread/INFO] [CHAT] [30] D ┃ AndreWiking » там у босса за стеной 2 прохода
[14:55:29] [Client thread/INFO] [CHAT] [30] D ┃ mokashi » он проход не нашел
[14:55:34] [Client thread/INFO] [CHAT] [30] V ┃ Paranoiid » AndreWiking го с нами?
[14:55:46] [Client thread/INFO] [CHAT] [30] D ┃ AndreWiking » вас скок?
[14:55:48] [Client thread/INFO] [CHAT] [30] V ┃ Paranoiid » 2
[14:55:53] [Client thread/INFO] [CHAT] [30] D ┃ AndreWiking » со мной лео ещё просто
[14:56:01] [Client thread/INFO] [CHAT] [30] leonardo_leo_ » а я завершить прохождение не могу(
[14:56:05] [Client thread/INFO] [CHAT] [30] D ┃ AndreWiking » ХАХА
[14:56:07] [Client thread/INFO] [CHAT] [30] V ┃ Paranoiid » ну нас 4 будет?
[14:56:11] [Client thread/INFO] [CHAT] [30] D ┃ mokashi » я чета тоже
[14:56:14] [Client thread/INFO] [CHAT] [30] D ┃ AndreWiking » да получается
[14:56:19] [Client thread/INFO] [CHAT] [30] V ┃ Paranoiid » Ну все четка
[14:56:25] [Client thread/INFO] [CHAT] [30] D ┃ AndreWiking » мы кстати не могли акс взять из секретки
[14:56:26] [Client thread/INFO] [CHAT] [30] leonardo_leo_ » как завершить?
[14:56:41] [Client thread/INFO] [CHAT] [30] V ┃ Paranoiid » !/kill ))
[14:56:50] [Client thread/INFO] [CHAT] [30] I ┃ Mrextrem » а секретки как вообще выглядят?
[14:56:58] [Client thread/INFO] [CHAT] [30] V ┃ Paranoiid » Секретно
[14:57:03] [Client thread/INFO] [CHAT] [30] I ┃ Mrextrem » thx
[14:57:08] [Client thread/INFO] [CHAT] [30] D ┃ AndreWiking » о, завершили
[14:57:21] [Client thread/INFO] [CHAT] [30] leonardo_leo_ » я кильнулся
[14:57:34] [Client thread/INFO] [CHAT] [30] V ┃ Paranoiid » выходите с пати
[14:57:43] [Client thread/INFO] [CHAT] [30] D ┃ AndreWiking » бедствие какое-то такое себе на топор
[14:57:46] [Client thread/INFO] [CHAT] [30] D ┃ AndreWiking » 52-53 (
[14:57:54] [Client thread/INFO] [CHAT] [30] D ┃ AndreWiking » ща не регай
[14:58:00] [Client thread/INFO] [CHAT] [30] V ┃ Paranoiid » ок
[14:58:16] [Client thread/INFO] [CHAT] [30] D ┃ AndreWiking » класс с +1 на 0
[14:58:23] [Client thread/INFO] [CHAT] [30] V ┃ Paranoiid » [Пламекос ♡ +5] в этом вообще есть смысл?
[14:58:37] [Client thread/INFO] [CHAT] [30] D ┃ mokashi » 70% хп за прокаст как думаеш
[14:59:01] [Client thread/INFO] [CHAT] [30] V ┃ Paranoiid » Че готовы?
[14:59:05] [Client thread/INFO] [CHAT] [30] D ┃ AndreWiking » я да
[15:02:30] [Client thread/INFO] [CHAT] [2] G ┃ klofe1 » .вдн
[15:08:08] [Client thread/INFO] [CHAT] [30] V ┃ Paranoiid » не агри голову
[15:08:20] [Client thread/INFO] [CHAT] [30] V ┃ Paranoiid » пахах
[15:12:18] [Client thread/INFO] [CHAT] [30] V ┃ Paranoiid » бей
[15:12:39] [Client thread/INFO] [CHAT] [30] V ┃ Paranoiid » просто бить
[15:12:54] [Client thread/INFO] [CHAT] [30] V ┃ Paranoiid » просто лкм
[15:14:05] [Client thread/INFO] [CHAT] [24] P ┃ 123sterlok456 » ! Paranoiid Я знаю вы хороший человек)
[15:14:16] [Client thread/INFO] [CHAT] [30] V ┃ Paranoiid » Я ухожу
[15:14:22] [Client thread/INFO] [CHAT] [24] P ┃ 123sterlok456 » ! Та ляя(
[15:14:32] [Client thread/INFO] [CHAT] [24] P ┃ 123sterlok456 » !А я помощи хотел попросить :D
[15:14:34] [Client thread/INFO] [CHAT] [30] D ┃ mokashi » чо тебе надо было
[15:14:49] [Client thread/INFO] [CHAT] [30] D ┃ AndreWiking » xD
[15:14:50] [Client thread/INFO] [CHAT] [30] D ┃ mokashi » я могу
[15:15:12] [Client thread/INFO] [CHAT] [30] D ┃ mokashi » ну
[15:15:20] [Client thread/INFO] [CHAT] [30] D ┃ mokashi » у меня всего лишь на 1 лвл точки меньше приговор
[15:15:31] [Client thread/INFO] [CHAT] [30] D ┃ mokashi » (((
[15:15:50] [Client thread/INFO] [CHAT] [24] P ┃ 123sterlok456 » !Да мне бы зарошлые земли 2 базовое усложнение бы помочь пройти)
[15:15:57] [Client thread/INFO] [CHAT] [30] D ┃ mokashi » ну давай помогу
[15:16:01] [Client thread/INFO] [CHAT] [24] P ┃ 123sterlok456 » !А то 50к хп на боссе я даже с квазаром не сношу)
[15:17:32] [Client thread/INFO] [CHAT] [29] Тильт ┃ dd77 » [Меч Катастрофы, бич целителей ♆ +1]
[15:17:32] [Client thread/INFO] [CHAT] [30] E ┃ Dapkyc_228 » [Богохульство ♡ +7]
[15:17:58] [Client thread/INFO] [CHAT] [30] Treefrei66 » [Темный кинжал ☬ +6]
[15:18:16] [Client thread/INFO] [CHAT] [30] E ┃ Dapkyc_228 » со скольки тычек умираешь XD
[15:19:04] [Client thread/INFO] [CHAT] [30] Treefrei66 » dapkyc для хила в кучи беру
[15:19:12] [Client thread/INFO] [CHAT] [30] Treefrei66 » куче*
[15:19:28] [Client thread/INFO] [CHAT] \nP+ ┃ GoldMainer проводит ивент: AntWars!\nТип игры: Одиночный\nПриз: 500\nНажми, чтобы переместиться!\n 
[15:19:35] [Client thread/INFO] [CHAT] [11] D ┃ CoffiChannelTY8 » .з ц
[15:19:38] [Client thread/INFO] [CHAT] [30] Treefrei66 » пойдёшь кста пати я лук пытаюсь выбить или топор?
[15:20:10] [Client thread/INFO] [CHAT] [30] E ┃ Dapkyc_228 » ну го
[15:20:22] [Client thread/INFO] [CHAT] [30] Treefrei66 » ливни ток
[15:20:29] [Client thread/INFO] [CHAT] [30] Treefrei66 » из пати
[15:20:32] [Client thread/INFO] [CHAT] [30] E ┃ Dapkyc_228 » я не 1
[15:20:37] [Client thread/INFO] [CHAT] [30] Treefrei66 » а ок инвайтни тогда
[15:24:55] [Client thread/INFO] [CHAT] [1] MVP+ ┃ ThePercikPick » как запуститься с тимом
[15:25:05] [Client thread/INFO] [CHAT] [31] Jr.Dev ┃ ZeksterP » зайдите в пати и /p warp
[15:25:11] [Client thread/INFO] [CHAT] [1] MVP+ ┃ ThePercikPick » мы регнули
[15:25:14] [Client thread/INFO] [CHAT] [1] MVP+ ┃ ThePercikPick » но я почему то в соло
[15:25:23] [Client thread/INFO] [CHAT] [31] Jr.Dev ┃ ZeksterP » он какой лвл
[15:25:25] [Client thread/INFO] [CHAT] [1] MVP+ ┃ ThePercikPick » 1
[15:25:27] [Client thread/INFO] [CHAT] [30] Treefrei66 » варпнулись?
[15:25:31] [Client thread/INFO] [CHAT] [31] Jr.Dev ┃ ZeksterP » значит что-то не так сделали
[15:26:26] [Client thread/INFO] [CHAT] [30] Treefrei66 » зекстер тегни ещё раз лег грудак
[15:26:48] [Client thread/INFO] [CHAT] [30] E ┃ Dapkyc_228 » что за грудак?
[15:27:25] [Client thread/INFO] [CHAT] [29] P ┃ Tveiv » разраб в чом прикол клинков расимы и как надо за них играть? просто бить/менять местами клинки постоянно?
[15:27:32] [Client thread/INFO] [CHAT] [29] P ┃ Tveiv » в чом задумка
[15:27:37] [Client thread/INFO] [CHAT] Tveiv получил Бонус брони
[15:27:40] [Client thread/INFO] [CHAT] Tveiv получил Бонус маны
[15:27:42] [Client thread/INFO] [CHAT] [30] Treefrei66 » у зекстера спрашивай я не понял
[15:27:42] [Client thread/INFO] [CHAT] Вы уклонились на 28%
[15:27:42] [Client thread/INFO] [CHAT] Вы уклонились на 40%
[15:27:46] [Client thread/INFO] [CHAT] Получено 61 звезд
[15:27:46] [Client thread/INFO] [CHAT] Урон игрока Tveiv: 10946
[15:27:49] [Client thread/INFO] [CHAT] Tveiv получил Бонус скорости
[15:27:51] [Client thread/INFO] [CHAT] Tveiv получил Смотри на меня x2
[15:28:00] [Client thread/INFO] [CHAT] Потеряно 68 звезд
[15:28:00] [Client thread/INFO] [CHAT] Tveiv получил Бонус урона
[15:28:00] [Client thread/INFO] [CHAT] Tveiv получил Бонус уклонения
[15:28:00] [Client thread/INFO] [CHAT] Tveiv получил Ничего
[15:28:04] [Client thread/INFO] [CHAT] Вы уклонились на 49%
[15:28:07] [Client thread/INFO] [CHAT] Вы уклонились на 45%
[15:28:10] [Client thread/INFO] [CHAT] Вы уклонились на 28%
[15:28:11] [Client thread/INFO] [CHAT] Вы уклонились на 41%
[15:28:13] [Client thread/INFO] [CHAT] Вы уклонились на 42%
[15:28:20] [Client thread/INFO] [CHAT] Вы уклонились на 42%
[15:28:23] [Client thread/INFO] [CHAT] Вы уклонились на 33%
[15:28:23] [Client thread/INFO] [CHAT] Вы уклонились на 25%
[15:28:24] [Client thread/INFO] [CHAT] Вы уклонились на 32%
[15:28:24] [Client thread/INFO] [CHAT] Вы уклонились на 36%
[15:28:25] [Client thread/INFO] [CHAT] Вы уклонились на 26%
[15:28:25] [Client thread/INFO] [CHAT] Вы уклонились на 28%
[15:28:25] [Client thread/INFO] [CHAT] Вы уклонились на 47%
[15:28:34] [Client thread/INFO] [CHAT] Вы уклонились на 33%
[15:28:34] [Client thread/INFO] [CHAT] Вы уклонились на 37%
[15:28:40] [Client thread/INFO] [CHAT] Вы уклонились на 40%
[15:28:40] [Client thread/INFO] [CHAT] Вы уклонились на 47%
[15:28:40] [Client thread/INFO] [CHAT] Вы уклонились на 35%
[15:28:42] [Client thread/INFO] [CHAT] Вы уклонились на 25%
[15:28:46] [Client thread/INFO] [CHAT] Tveiv получил Бонус урона
[15:28:46] [Client thread/INFO] [CHAT] Получено 43 звезд
[15:28:46] [Client thread/INFO] [CHAT] Урон игрока Tveiv: 15901
[15:28:49] [Client thread/INFO] [CHAT] Tveiv получил Губка x2
[15:28:56] [Client thread/INFO] [CHAT] Потеряно 57 звезд
[15:28:56] [Client thread/INFO] [CHAT] Tveiv получил Бонус урона
[15:28:56] [Client thread/INFO] [CHAT] Tveiv получил Бонус уклонения
[15:28:56] [Client thread/INFO] [CHAT] Tveiv получил Ничего
[15:29:03] [Client thread/INFO] [CHAT] Вампиризм сброшен!
[15:29:03] [Client thread/INFO] [CHAT] Вы уклонились на 36%
[15:29:03] [Client thread/INFO] [CHAT] Вы уклонились на 34%
[15:29:08] [Client thread/INFO] [CHAT] Tveiv получил Бонус маны x2
[15:29:08] [Client thread/INFO] [CHAT] Вы уклонились на 35%
[15:29:08] [Client thread/INFO] [CHAT] Вы уклонились на 27%
[15:29:11] [Client thread/INFO] [CHAT] Вы уклонились на 45%
[15:29:16] [Client thread/INFO] [CHAT] На Вас наложен Яростный взор, Вы получаете урон, когда смотрите на существ
[15:29:16] [Client thread/INFO] [CHAT] Вы уклонились на 37%
[15:29:17] [Client thread/INFO] [CHAT] Вампиризм сброшен!
[15:29:17] [Client thread/INFO] [CHAT] Вы уклонились на 31%
[15:29:17] [Client thread/INFO] [CHAT] Вы уклонились на 47%
[15:29:27] [Client thread/INFO] [CHAT] Вы уклонились на 38%
[15:29:29] [Client thread/INFO] [CHAT] Вампиризм сброшен!
[15:29:35] [Client thread/INFO] [CHAT] Вы уклонились на 28%
[15:29:36] [Client thread/INFO] [CHAT] Вы уклонились на 44%
[15:29:36] [Client thread/INFO] [CHAT] Вы уклонились на 43%
[15:29:39] [Client thread/INFO] [CHAT] Вы уклонились на 50%
[15:29:43] [Client thread/INFO] [CHAT] [1] MVP+ ┃ ThePercikPick » не начинай
[15:29:45] [Client thread/INFO] [CHAT] Вы уклонились на 40%
[15:29:46] [Client thread/INFO] [CHAT] Получено 42 звезд
[15:29:46] [Client thread/INFO] [CHAT] Урон игрока Tveiv: 33989
[15:29:51] [Client thread/INFO] [CHAT] Tveiv получил Воронка проклятий x2
[15:29:59] [Client thread/INFO] [CHAT] Вы уклонились на 38%
[15:30:00] [Client thread/INFO] [CHAT] Вы уклонились на 50%
[15:30:00] [Client thread/INFO] [CHAT] Вы уклонились на 38%
[15:30:01] [Client thread/INFO] [CHAT] На Вас наложен Яростный взор, Вы получаете урон, когда смотрите на существ
[15:30:02] [Client thread/INFO] [CHAT] Вы уклонились на 45%
[15:30:02] [Client thread/INFO] [CHAT] Вы уклонились на 48%
[15:31:01] [Client thread/INFO] [CHAT] Tveiv получил Похитители звезд
[15:31:01] [Client thread/INFO] [CHAT] Tveiv получил Собиратель мусора
[15:31:01] [Client thread/INFO] [CHAT] Получено 195 звезд
[15:31:13] [Client thread/INFO] [CHAT] Получено 3 звезд
[15:31:20] [Client thread/INFO] [CHAT] Получено 3 звезд
[15:31:54] [Client thread/INFO] [CHAT] Потеряно 200 звезд
[15:31:54] [Client thread/INFO] [CHAT] Tveiv получил Взгляд Расимы
[15:32:09] [Client thread/INFO] [CHAT] Получено 3 звезд
[15:32:14] [Client thread/INFO] [CHAT] Получено 3 звезд
[15:32:20] [Client thread/INFO] [CHAT] Получено 3 звезд
[15:32:20] [Client thread/INFO] [CHAT] Вам выпал Изумруд x2
[15:32:20] [Client thread/INFO] [CHAT] Вам выпал Обугленный череп x1
[15:32:27] [Client thread/INFO] [CHAT] Получено 3 звезд
[15:32:27] [Client thread/INFO] [CHAT] Вам выпал Изумруд x2
[15:32:27] [Client thread/INFO] [CHAT] Получено 3 звезд
[15:32:27] [Client thread/INFO] [CHAT] Вам выпал Обугленный череп x1
[15:32:35] [Client thread/INFO] [CHAT] На Вас наложен Яростный взор, Вы получаете урон, когда смотрите на существ
[15:32:41] [Client thread/INFO] [CHAT] Получено 3 звезд
[15:32:41] [Client thread/INFO] [CHAT] Получено 3 звезд
[15:32:41] [Client thread/INFO] [CHAT] Вам выпал Обугленный череп x1
[15:32:47] [Client thread/INFO] [CHAT] Получено 3 звезд
[15:32:47] [Client thread/INFO] [CHAT] Вам выпал Изумруд x2
[15:32:47] [Client thread/INFO] [CHAT] Вам выпал Серебряная звезда зачарования x1
[15:32:55] [Client thread/INFO] [CHAT] Получено 3 звезд
[15:33:02] [Client thread/INFO] [CHAT] Получено 3 звезд
[15:33:11] [Client thread/INFO] [CHAT] Получено 3 звезд
[15:33:11] [Client thread/INFO] [CHAT] Вам выпал Обугленный череп x1
[15:33:17] [Client thread/INFO] [CHAT] Получено 3 звезд
[15:33:22] [Client thread/INFO] [CHAT] Получено 3 звезд
[15:33:26] [Client thread/INFO] [CHAT] Получено 3 звезд
[15:33:34] [Client thread/INFO] [CHAT] Получено 3 звезд
[15:33:34] [Client thread/INFO] [CHAT] Вам выпал Осколок фантазии Этоля x1
[15:33:38] [Client thread/INFO] [CHAT] Получено 3 звезд
[15:33:47] [Client thread/INFO] [CHAT] Получено 3 звезд
[15:33:53] [Client thread/INFO] [CHAT] На Вас наложено Проклятие Крови, Вы получаете урон за каждую нанесенную атаку
[15:33:54] [Client thread/INFO] [CHAT] На Вас наложено Проклятие Крови, Вы получаете урон за каждую нанесенную атаку
[15:34:01] [Client thread/INFO] [CHAT] Tveiv погиб! Осталось 2 возрождения
[15:34:11] [Client thread/INFO] [CHAT] Получено 3 звезд
[15:34:16] [Client thread/INFO] [CHAT] Получено 3 звезд
[15:34:16] [Client thread/INFO] [CHAT] Вам выпал Изумруд x2
[15:34:22] [Client thread/INFO] [CHAT] Получено 3 звезд
[15:34:26] [Client thread/INFO] [CHAT] Получено 3 звезд
[15:34:33] [Client thread/INFO] [CHAT] Получено 3 звезд
[15:34:33] [Client thread/INFO] [CHAT] Вам выпал Изумруд x2
[15:34:35] [Client thread/INFO] [CHAT] [30] I ┃ TheFoolLotm » в
[15:34:39] [Client thread/INFO] [CHAT] Получено 3 звезд
[15:34:39] [Client thread/INFO] [CHAT] Вампиризм сброшен!
[15:34:46] [Client thread/INFO] [CHAT] Получено 3 звезд
[15:34:47] [Client thread/INFO] [CHAT] Получено 3 звезд
[15:34:51] [Client thread/INFO] [CHAT] Получено 3 звезд
[15:34:51] [Client thread/INFO] [CHAT] Вам выпал Изумруд x1
[15:34:51] [Client thread/INFO] [CHAT] Вам выпал Обугленный череп x1
[15:34:51] [Client thread/INFO] [CHAT] Вам выпал Серебряная звезда зачарования x1
[15:35:01] [Client thread/INFO] [CHAT] Вампиризм сброшен!
[15:35:04] [Client thread/INFO] [CHAT] Вампиризм сброшен!
[15:35:17] [Client thread/INFO] [CHAT] Получено 3 звезд
[15:35:17] [Client thread/INFO] [CHAT] Вам выпал Изумруд x2
[15:35:19] [Client thread/INFO] [CHAT] Получено 3 звезд
[15:35:22] [Client thread/INFO] [CHAT] Вампиризм сброшен!
[15:35:27] [Client thread/INFO] [CHAT] Вампиризм сброшен!
[15:35:27] [Client thread/INFO] [CHAT] Вампиризм сброшен!
[15:35:28] [Client thread/INFO] [CHAT] Получено 3 звезд
[15:35:28] [Client thread/INFO] [CHAT] Вам выпал Изумруд x2
[15:35:28] [Client thread/INFO] [CHAT] Вампиризм сброшен!
[15:35:30] [Client thread/INFO] [CHAT] Получено 3 звезд
[15:35:32] [Client thread/INFO] [CHAT] Получено 3 звезд
[15:35:34] [Client thread/INFO] [CHAT] Вампиризм сброшен!
[15:35:35] [Client thread/INFO] [CHAT] Получено 3 звезд
[15:35:40] [Client thread/INFO] [CHAT] Вампиризм сброшен!
[15:35:40] [Client thread/INFO] [CHAT] Получено 3 звезд
[15:35:40] [Client thread/INFO] [CHAT] Вам выпал Изумруд x2
[15:35:40] [Client thread/INFO] [CHAT] Вам выпал Обугленный череп x1
[15:35:58] [Client thread/INFO] [CHAT] Получено 3 звезд
[15:35:58] [Client thread/INFO] [CHAT] Вам выпал Изумруд x1
[15:36:05] [Client thread/INFO] [CHAT] Получено 3 звезд
[15:36:05] [Client thread/INFO] [CHAT] Вам выпал Осколок Луны x1
[15:36:05] [Client thread/INFO] [CHAT] Получено 7 звезд
[15:36:15] [Client thread/INFO] [CHAT] Tveiv получил Двигайся, как камень
[15:36:33] [Client thread/INFO] [CHAT] Получено 3 звезд
[15:36:36] [Client thread/INFO] [CHAT] Получено 3 звезд
[15:36:36] [Client thread/INFO] [CHAT] Вам выпал Обугленный череп x1
[15:36:36] [Client thread/INFO] [CHAT] Вам выпал Серебряная звезда зачарования x1
[15:36:39] [Client thread/INFO] [CHAT] Получено 3 звезд
[15:36:42] [Client thread/INFO] [CHAT] Получено 3 звезд
[15:36:56] [Client thread/INFO] [CHAT] Вампиризм сброшен!
[15:36:57] [Client thread/INFO] [CHAT] [20] _AlpleX__ » никак не могу пройти локу, помогите плиз
[15:36:59] [Client thread/INFO] [CHAT] Вампиризм сброшен!
[15:37:01] [Client thread/INFO] [CHAT] Получено 3 звезд
[15:37:02] [Client thread/INFO] [CHAT] Вампиризм сброшен!
[15:37:02] [Client thread/INFO] [CHAT] [30] I ┃ TheFoolLotm » какую
[15:37:03] [Client thread/INFO] [CHAT] Получено 3 звезд
[15:37:04] [Client thread/INFO] [CHAT] Вампиризм сброшен!
[15:37:04] [Client thread/INFO] [CHAT] [24] P ┃ 123sterlok456 » !какую?
[15:37:06] [Client thread/INFO] [CHAT] Получено 3 звезд
[15:37:07] [Client thread/INFO] [CHAT] Вампиризм сброшен!
[15:37:14] [Client thread/INFO] [CHAT] Получено 3 звезд
[15:37:14] [Client thread/INFO] [CHAT] Вам выпал Изумруд x2
[15:37:15] [Client thread/INFO] [CHAT] [24] P ┃ 123sterlok456 » ! thefoollotm qq
[15:37:17] [Client thread/INFO] [CHAT] [30] I ┃ TheFoolLotm » qq
[15:37:21] [Client thread/INFO] [CHAT] Получено 3 звезд
[15:37:27] [Client thread/INFO] [CHAT] [20] _AlpleX__ » Сингулярность второй сложноти
[15:37:28] [Client thread/INFO] [CHAT] Получено 3 звезд
[15:37:28] [Client thread/INFO] [CHAT] Вам выпал Обугленный череп x1
[15:37:32] [Client thread/INFO] [CHAT] [20] _AlpleX__ » там за 13 уровень
[15:37:32] [Client thread/INFO] [CHAT] \n  MEDIA ┃ Toolki  запустил стрим!\n  Платформа: Twitch\n  Напишите /media для проcмотра активных трансляций\n 
[15:37:43] [Client thread/INFO] [CHAT] Вампиризм сброшен!
[15:37:56] [Client thread/INFO] [CHAT] [26] kirieshka11 » почему замутился?
[15:37:58] [Client thread/INFO] [CHAT] Tveiv погиб! Осталось 1 возрождение
[15:37:58] [Client thread/ERROR] Error on handle event #liPuq in Mod{name='VoidMod', version='1.0+cb03bcc', persistent=false, delegate=dev.a.a.a, modState=LOADED}
java.lang.NullPointerException: Cannot invoke "!#RHFkw.r()" because "<parameter1>" is null
	at VoidMod-v1.0+cb03bcc//dev.a.a.g.g.a(SourceFile:13)
	at VoidMod-v1.0+cb03bcc//dev.a.a.h.a.a.a.h(SourceFile)
	at VoidMod-v1.0+cb03bcc//dev.a.a.h.a.b.a(SourceFile:49)
	at VoidMod-v1.0+cb03bcc//dev.a.a.h.a.b.injectedLambda$a$13(SourceFile)
	at java.base/java.util.Collection.removeIf(Unknown Source)
	at VoidMod-v1.0+cb03bcc//dev.a.a.h.a.b.a(SourceFile:46)
	at VoidMod-v1.0+cb03bcc//dev.a.a.h.a.b.injectedLambda$a$9(SourceFile)
	at #glmBE.sa(SourceFile:56)
	at #VmcMg.a(Unknown Source)
	at #VmcMg.accept(Unknown Source)
	at #Hvwvu.sa(SourceFile:105)
	at #durGt.a(Unknown Source)
	at #durGt.accept(Unknown Source)
	at #IsJOi.sa(SourceFile:59)
	at #Tuhja.a(SourceFile)
	at #YLOEq.sa(SourceFile:89)
	at #qbDVS.sa(SourceFile:100)
	at #uvNju.unsafeHandle(SourceFile)
	at #weeOO.sa(SourceFile:50)
	at #neVQx.sF(SourceFile:3590)
	at #eiNMA.sv(SourceFile:1999)
	at #zSGbB.sa(SourceFile:1482)
	at #lVFyp.st(SourceFile:1634)
	at #cYnba.sk(SourceFile:487)
	at net.minecraft.client.main.GameMain.a(SourceFile:220)
	at net.minecraft.client.main.GameMain.a(SourceFile:156)
	at #kBJWf.a(Unknown Source)
	at #kBJWf.run(Unknown Source)
	at java.base/java.lang.Thread.run(Unknown Source)
[15:37:59] [Client thread/ERROR] Error on handle event #liPuq in Mod{name='VoidMod', version='1.0+cb03bcc', persistent=false, delegate=dev.a.a.a, modState=LOADED}
java.lang.NullPointerException: Cannot invoke "!#RHFkw.r()" because "<parameter1>" is null
	at VoidMod-v1.0+cb03bcc//dev.a.a.g.g.a(SourceFile:13)
	at VoidMod-v1.0+cb03bcc//dev.a.a.h.a.a.a.h(SourceFile)
	at VoidMod-v1.0+cb03bcc//dev.a.a.h.a.b.a(SourceFile:49)
	at VoidMod-v1.0+cb03bcc//dev.a.a.h.a.b.injectedLambda$a$13(SourceFile)
	at java.base/java.util.Collection.removeIf(Unknown Source)
	at VoidMod-v1.0+cb03bcc//dev.a.a.h.a.b.a(SourceFile:46)
	at VoidMod-v1.0+cb03bcc//dev.a.a.h.a.b.injectedLambda$a$9(SourceFile)
	at #glmBE.sa(SourceFile:56)
	at #VmcMg.a(Unknown Source)
	at #VmcMg.accept(Unknown Source)
	at #Hvwvu.sa(SourceFile:105)
	at #durGt.a(Unknown Source)
	at #durGt.accept(Unknown Source)
	at #IsJOi.sa(SourceFile:59)
	at #Tuhja.a(SourceFile)
	at #YLOEq.sa(SourceFile:89)
	at #qbDVS.sa(SourceFile:100)
	at #uvNju.unsafeHandle(SourceFile)
	at #weeOO.sa(SourceFile:50)
	at #neVQx.sF(SourceFile:3590)
	at #eiNMA.sv(SourceFile:1999)
	at #zSGbB.sa(SourceFile:1482)
	at #lVFyp.st(SourceFile:1634)
	at #cYnba.sk(SourceFile:487)
	at net.minecraft.client.main.GameMain.a(SourceFile:220)
	at net.minecraft.client.main.GameMain.a(SourceFile:156)
	at #kBJWf.a(Unknown Source)
	at #kBJWf.run(Unknown Source)
	at java.base/java.lang.Thread.run(Unknown Source)
[15:38:00] [Client thread/ERROR] Error on handle event #liPuq in Mod{name='VoidMod', version='1.0+cb03bcc', persistent=false, delegate=dev.a.a.a, modState=LOADED}
java.lang.NullPointerException: Cannot invoke "!#RHFkw.r()" because "<parameter1>" is null
	at VoidMod-v1.0+cb03bcc//dev.a.a.g.g.a(SourceFile:13)
	at VoidMod-v1.0+cb03bcc//dev.a.a.h.a.a.a.h(SourceFile)
	at VoidMod-v1.0+cb03bcc//dev.a.a.h.a.b.a(SourceFile:49)
	at VoidMod-v1.0+cb03bcc//dev.a.a.h.a.b.injectedLambda$a$13(SourceFile)
	at java.base/java.util.Collection.removeIf(Unknown Source)
	at VoidMod-v1.0+cb03bcc//dev.a.a.h.a.b.a(SourceFile:46)
	at VoidMod-v1.0+cb03bcc//dev.a.a.h.a.b.injectedLambda$a$9(SourceFile)
	at #glmBE.sa(SourceFile:56)
	at #VmcMg.a(Unknown Source)
	at #VmcMg.accept(Unknown Source)
	at #Hvwvu.sa(SourceFile:105)
	at #durGt.a(Unknown Source)
	at #durGt.accept(Unknown Source)
	at #IsJOi.sa(SourceFile:59)
	at #Tuhja.a(SourceFile)
	at #YLOEq.sa(SourceFile:89)
	at #qbDVS.sa(SourceFile:100)
	at #uvNju.unsafeHandle(SourceFile)
	at #weeOO.sa(SourceFile:50)
	at #neVQx.sF(SourceFile:3590)
	at #eiNMA.sv(SourceFile:1999)
	at #zSGbB.sa(SourceFile:1482)
	at #lVFyp.st(SourceFile:1634)
	at #cYnba.sk(SourceFile:487)
	at net.minecraft.client.main.GameMain.a(SourceFile:220)
	at net.minecraft.client.main.GameMain.a(SourceFile:156)
	at #kBJWf.a(Unknown Source)
	at #kBJWf.run(Unknown Source)
	at java.base/java.lang.Thread.run(Unknown Source)
[15:38:00] [Client thread/ERROR] Error on handle event #liPuq in Mod{name='VoidMod', version='1.0+cb03bcc', persistent=false, delegate=dev.a.a.a, modState=LOADED}
java.lang.NullPointerException: Cannot invoke "!#RHFkw.r()" because "<parameter1>" is null
	at VoidMod-v1.0+cb03bcc//dev.a.a.g.g.a(SourceFile:13)
	at VoidMod-v1.0+cb03bcc//dev.a.a.h.a.a.a.h(SourceFile)
	at VoidMod-v1.0+cb03bcc//dev.a.a.h.a.b.a(SourceFile:49)
	at VoidMod-v1.0+cb03bcc//dev.a.a.h.a.b.injectedLambda$a$13(SourceFile)
	at java.base/java.util.Collection.removeIf(Unknown Source)
	at VoidMod-v1.0+cb03bcc//dev.a.a.h.a.b.a(SourceFile:46)
	at VoidMod-v1.0+cb03bcc//dev.a.a.h.a.b.injectedLambda$a$9(SourceFile)
	at #glmBE.sa(SourceFile:56)
	at #VmcMg.a(Unknown Source)
	at #VmcMg.accept(Unknown Source)
	at #Hvwvu.sa(SourceFile:105)
	at #durGt.a(Unknown Source)
	at #durGt.accept(Unknown Source)
	at #IsJOi.sa(SourceFile:59)
	at #Tuhja.a(SourceFile)
	at #YLOEq.sa(SourceFile:89)
	at #qbDVS.sa(SourceFile:100)
	at #uvNju.unsafeHandle(SourceFile)
	at #weeOO.sa(SourceFile:50)
	at #neVQx.sF(SourceFile:3590)
	at #eiNMA.sv(SourceFile:1999)
	at #zSGbB.sa(SourceFile:1482)
	at #lVFyp.st(SourceFile:1634)
	at #cYnba.sk(SourceFile:487)
	at net.minecraft.client.main.GameMain.a(SourceFile:220)
	at net.minecraft.client.main.GameMain.a(SourceFile:156)
	at #kBJWf.a(Unknown Source)
	at #kBJWf.run(Unknown Source)
	at java.base/java.lang.Thread.run(Unknown Source)
[15:38:01] [Client thread/ERROR] Error on handle event #liPuq in Mod{name='VoidMod', version='1.0+cb03bcc', persistent=false, delegate=dev.a.a.a, modState=LOADED}
java.lang.NullPointerException: Cannot invoke "!#RHFkw.r()" because "<parameter1>" is null
	at VoidMod-v1.0+cb03bcc//dev.a.a.g.g.a(SourceFile:13)
	at VoidMod-v1.0+cb03bcc//dev.a.a.h.a.a.a.h(SourceFile)
	at VoidMod-v1.0+cb03bcc//dev.a.a.h.a.b.a(SourceFile:49)
	at VoidMod-v1.0+cb03bcc//dev.a.a.h.a.b.injectedLambda$a$13(SourceFile)
	at java.base/java.util.Collection.removeIf(Unknown Source)
	at VoidMod-v1.0+cb03bcc//dev.a.a.h.a.b.a(SourceFile:46)
	at VoidMod-v1.0+cb03bcc//dev.a.a.h.a.b.injectedLambda$a$9(SourceFile)
	at #glmBE.sa(SourceFile:56)
	at #VmcMg.a(Unknown Source)
	at #VmcMg.accept(Unknown Source)
	at #Hvwvu.sa(SourceFile:105)
	at #durGt.a(Unknown Source)
	at #durGt.accept(Unknown Source)
	at #IsJOi.sa(SourceFile:59)
	at #Tuhja.a(SourceFile)
	at #YLOEq.sa(SourceFile:89)
	at #qbDVS.sa(SourceFile:100)
	at #uvNju.unsafeHandle(SourceFile)
	at #weeOO.sa(SourceFile:50)
	at #neVQx.sF(SourceFile:3590)
	at #eiNMA.sv(SourceFile:1999)
	at #zSGbB.sa(SourceFile:1482)
	at #lVFyp.st(SourceFile:1634)
	at #cYnba.sk(SourceFile:487)
	at net.minecraft.client.main.GameMain.a(SourceFile:220)
	at net.minecraft.client.main.GameMain.a(SourceFile:156)
	at #kBJWf.a(Unknown Source)
	at #kBJWf.run(Unknown Source)
	at java.base/java.lang.Thread.run(Unknown Source)
[15:38:03] [Client thread/INFO] [CHAT] [26] ttteggeeeerr » cnjq
[15:38:21] [Client thread/INFO] [CHAT] Получено 3 звезд
[15:38:21] [Client thread/INFO] [CHAT] Вам выпал Осколок фантазии Этоля x1
[15:38:22] [Client thread/INFO] [CHAT] Получено 3 звезд
[15:38:25] [Client thread/INFO] [CHAT] Получено 3 звезд
[15:38:29] [Client thread/INFO] [CHAT] Вампиризм сброшен!
[15:38:35] [Client thread/INFO] [CHAT] Вампиризм сброшен!
[15:38:42] [Client thread/INFO] [CHAT] Получено 3 звезд
[15:38:42] [Client thread/INFO] [CHAT] Получено 3 звезд
[15:38:42] [Client thread/INFO] [CHAT] Вам выпал Обугленный череп x1
[15:38:45] [Client thread/INFO] [CHAT] Получено 3 звезд
[15:38:45] [Client thread/INFO] [CHAT] Вам выпал Осколок фантазии Этоля x1
[15:38:50] [Client thread/INFO] [CHAT] Получено 3 звезд
[15:38:53] [Client thread/INFO] [CHAT] Получено 3 звезд
[15:38:53] [Client thread/INFO] [CHAT] Вам выпал Осколок Луны x1
[15:38:53] [Client thread/INFO] [CHAT] Получено 6 звезд
[15:38:56] [Client thread/INFO] [CHAT] Tveiv получил Нож на перестрелке
[15:38:58] [Client thread/INFO] [CHAT] [20] _AlpleX__ » мне проклятья брать?
[15:39:26] [Client thread/INFO] [CHAT] Получено 3 звезд
[15:39:26] [Client thread/INFO] [CHAT] Вам выпал Изумруд x1
[15:39:30] [Client thread/INFO] [CHAT] Вампиризм сброшен!
[15:39:31] [Client thread/INFO] [CHAT] Получено 3 звезд
[15:39:31] [Client thread/INFO] [CHAT] Вам выпал Обугленный череп x1
[15:39:35] [Client thread/INFO] [CHAT] Вампиризм сброшен!
[15:39:43] [Client thread/INFO] [CHAT] Вампиризм сброшен!
[15:39:46] [Client thread/INFO] [CHAT] Получено 3 звезд
[15:39:55] [Client thread/INFO] [CHAT] Получено 3 звезд
[15:39:59] [Client thread/INFO] [CHAT] Получено 3 звезд
[15:39:59] [Client thread/INFO] [CHAT] Вам выпал Обугленный череп x1
[15:40:01] [Client thread/INFO] [CHAT] Получено 3 звезд
[15:40:01] [Client thread/INFO] [CHAT] Вам выпал Изумруд x2
[15:40:01] [Client thread/INFO] [CHAT] Вам выпал Обугленный череп x1
[15:40:01] [Client thread/INFO] [CHAT] Получено 7 звезд
[15:40:06] [Client thread/INFO] [CHAT] Tveiv получил Сплетение теней
[15:40:24] [Client thread/INFO] [CHAT] [30] E ┃ Dapkyc_228 » зекстер
[15:40:28] [Client thread/INFO] [CHAT] Получено 3 звезд
[15:40:28] [Client thread/INFO] [CHAT] Вам выпал Обугленный череп x1
[15:40:39] [Client thread/INFO] [CHAT] Получено 3 звезд
[15:40:39] [Client thread/INFO] [CHAT] Вам выпал Изумруд x2
[15:40:41] [Client thread/INFO] [CHAT] Получено 3 звезд
[15:40:45] [Client thread/INFO] [CHAT] Получено 3 звезд
[15:40:51] [Client thread/INFO] [CHAT] Получено 3 звезд
[15:40:58] [Client thread/INFO] [CHAT] Получено 3 звезд
[15:40:58] [Client thread/INFO] [CHAT] Вам выпал Изумруд x1
[15:40:58] [Client thread/INFO] [CHAT] Получено 7 звезд
[15:41:01] [Client thread/INFO] [CHAT] Волки Катастрофы проснулись от происходящей резни. Они убьют всех, кто не успел сбежать.
[15:41:01] [Client thread/INFO] [CHAT] Tveiv получил Никтофобия
[15:41:05] [Client thread/INFO] [CHAT] [26] kirieshka11 » а куда девать кошмарную чешую для лег экипировки если уже есть пробужденный ловец снов?
[15:41:21] [Client thread/INFO] [CHAT] Получено 3 звезд
[15:41:39] [Client thread/INFO] [CHAT] Получено 3 звезд
[15:41:39] [Client thread/INFO] [CHAT] Вам выпал Обугленный череп x1
[15:41:39] [Client thread/INFO] [CHAT] Вам выпал Око Волшебника x1
[15:41:39] [Client thread/INFO] [CHAT] Получено 7 звезд
[15:41:42] [Client thread/INFO] [CHAT] Tveiv получил Лалофобия
[15:42:14] [Client thread/INFO] [CHAT] Потеряно 200 звезд
[15:42:14] [Client thread/INFO] [CHAT] Tveiv получил Компас заклинателя
[15:43:06] [Client thread/INFO] [CHAT] Tveiv погиб! Осталось 0 возрождений
[15:43:06] [Client thread/ERROR] Error on handle event #liPuq in Mod{name='VoidMod', version='1.0+cb03bcc', persistent=false, delegate=dev.a.a.a, modState=LOADED}
java.lang.NullPointerException: Cannot invoke "!#RHFkw.r()" because "<parameter1>" is null
	at VoidMod-v1.0+cb03bcc//dev.a.a.g.g.a(SourceFile:13)
	at VoidMod-v1.0+cb03bcc//dev.a.a.h.a.a.a.h(SourceFile)
	at VoidMod-v1.0+cb03bcc//dev.a.a.h.a.b.a(SourceFile:49)
	at VoidMod-v1.0+cb03bcc//dev.a.a.h.a.b.injectedLambda$a$13(SourceFile)
	at java.base/java.util.Collection.removeIf(Unknown Source)
	at VoidMod-v1.0+cb03bcc//dev.a.a.h.a.b.a(SourceFile:46)
	at VoidMod-v1.0+cb03bcc//dev.a.a.h.a.b.injectedLambda$a$9(SourceFile)
	at #glmBE.sa(SourceFile:56)
	at #VmcMg.a(Unknown Source)
	at #VmcMg.accept(Unknown Source)
	at #Hvwvu.sa(SourceFile:105)
	at #durGt.a(Unknown Source)
	at #durGt.accept(Unknown Source)
	at #IsJOi.sa(SourceFile:59)
	at #Tuhja.a(SourceFile)
	at #YLOEq.sa(SourceFile:89)
	at #qbDVS.sa(SourceFile:100)
	at #uvNju.unsafeHandle(SourceFile)
	at #weeOO.sa(SourceFile:50)
	at #neVQx.sF(SourceFile:3590)
	at #eiNMA.sv(SourceFile:1999)
	at #zSGbB.sa(SourceFile:1482)
	at #lVFyp.st(SourceFile:1634)
	at #cYnba.sk(SourceFile:487)
	at net.minecraft.client.main.GameMain.a(SourceFile:220)
	at net.minecraft.client.main.GameMain.a(SourceFile:156)
	at #kBJWf.a(Unknown Source)
	at #kBJWf.run(Unknown Source)
	at java.base/java.lang.Thread.run(Unknown Source)
[15:43:07] [Client thread/ERROR] Error on handle event #liPuq in Mod{name='VoidMod', version='1.0+cb03bcc', persistent=false, delegate=dev.a.a.a, modState=LOADED}
java.lang.NullPointerException: Cannot invoke "!#RHFkw.r()" because "<parameter1>" is null
	at VoidMod-v1.0+cb03bcc//dev.a.a.g.g.a(SourceFile:13)
	at VoidMod-v1.0+cb03bcc//dev.a.a.h.a.a.a.h(SourceFile)
	at VoidMod-v1.0+cb03bcc//dev.a.a.h.a.b.a(SourceFile:49)
	at VoidMod-v1.0+cb03bcc//dev.a.a.h.a.b.injectedLambda$a$13(SourceFile)
	at java.base/java.util.Collection.removeIf(Unknown Source)
	at VoidMod-v1.0+cb03bcc//dev.a.a.h.a.b.a(SourceFile:46)
	at VoidMod-v1.0+cb03bcc//dev.a.a.h.a.b.injectedLambda$a$9(SourceFile)
	at #glmBE.sa(SourceFile:56)
	at #VmcMg.a(Unknown Source)
	at #VmcMg.accept(Unknown Source)
	at #Hvwvu.sa(SourceFile:105)
	at #durGt.a(Unknown Source)
	at #durGt.accept(Unknown Source)
	at #IsJOi.sa(SourceFile:59)
	at #Tuhja.a(SourceFile)
	at #YLOEq.sa(SourceFile:89)
	at #qbDVS.sa(SourceFile:100)
	at #uvNju.unsafeHandle(SourceFile)
	at #weeOO.sa(SourceFile:50)
	at #neVQx.sF(SourceFile:3590)
	at #eiNMA.sv(SourceFile:1999)
	at #zSGbB.sa(SourceFile:1482)
	at #lVFyp.st(SourceFile:1634)
	at #cYnba.sk(SourceFile:487)
	at net.minecraft.client.main.GameMain.a(SourceFile:220)
	at net.minecraft.client.main.GameMain.a(SourceFile:156)
	at #kBJWf.a(Unknown Source)
	at #kBJWf.run(Unknown Source)
	at java.base/java.lang.Thread.run(Unknown Source)
[15:43:07] [Client thread/ERROR] Error on handle event #liPuq in Mod{name='VoidMod', version='1.0+cb03bcc', persistent=false, delegate=dev.a.a.a, modState=LOADED}
java.lang.NullPointerException: Cannot invoke "!#RHFkw.r()" because "<parameter1>" is null
	at VoidMod-v1.0+cb03bcc//dev.a.a.g.g.a(SourceFile:13)
	at VoidMod-v1.0+cb03bcc//dev.a.a.h.a.a.a.h(SourceFile)
	at VoidMod-v1.0+cb03bcc//dev.a.a.h.a.b.a(SourceFile:49)
	at VoidMod-v1.0+cb03bcc//dev.a.a.h.a.b.injectedLambda$a$13(SourceFile)
	at java.base/java.util.Collection.removeIf(Unknown Source)
	at VoidMod-v1.0+cb03bcc//dev.a.a.h.a.b.a(SourceFile:46)
	at VoidMod-v1.0+cb03bcc//dev.a.a.h.a.b.injectedLambda$a$9(SourceFile)
	at #glmBE.sa(SourceFile:56)
	at #VmcMg.a(Unknown Source)
	at #VmcMg.accept(Unknown Source)
	at #Hvwvu.sa(SourceFile:105)
	at #durGt.a(Unknown Source)
	at #durGt.accept(Unknown Source)
	at #IsJOi.sa(SourceFile:59)
	at #Tuhja.a(SourceFile)
	at #YLOEq.sa(SourceFile:89)
	at #qbDVS.sa(SourceFile:100)
	at #uvNju.unsafeHandle(SourceFile)
	at #weeOO.sa(SourceFile:50)
	at #neVQx.sF(SourceFile:3590)
	at #eiNMA.sv(SourceFile:1999)
	at #zSGbB.sa(SourceFile:1482)
	at #lVFyp.st(SourceFile:1634)
	at #cYnba.sk(SourceFile:487)
	at net.minecraft.client.main.GameMain.a(SourceFile:220)
	at net.minecraft.client.main.GameMain.a(SourceFile:156)
	at #kBJWf.a(Unknown Source)
	at #kBJWf.run(Unknown Source)
	at java.base/java.lang.Thread.run(Unknown Source)
[15:43:07] [Client thread/ERROR] Error on handle event #liPuq in Mod{name='VoidMod', version='1.0+cb03bcc', persistent=false, delegate=dev.a.a.a, modState=LOADED}
java.lang.NullPointerException: Cannot invoke "!#RHFkw.r()" because "<parameter1>" is null
	at VoidMod-v1.0+cb03bcc//dev.a.a.g.g.a(SourceFile:13)
	at VoidMod-v1.0+cb03bcc//dev.a.a.h.a.a.a.h(SourceFile)
	at VoidMod-v1.0+cb03bcc//dev.a.a.h.a.b.a(SourceFile:49)
	at VoidMod-v1.0+cb03bcc//dev.a.a.h.a.b.injectedLambda$a$13(SourceFile)
	at java.base/java.util.Collection.removeIf(Unknown Source)
	at VoidMod-v1.0+cb03bcc//dev.a.a.h.a.b.a(SourceFile:46)
	at VoidMod-v1.0+cb03bcc//dev.a.a.h.a.b.injectedLambda$a$9(SourceFile)
	at #glmBE.sa(SourceFile:56)
	at #VmcMg.a(Unknown Source)
	at #VmcMg.accept(Unknown Source)
	at #Hvwvu.sa(SourceFile:105)
	at #durGt.a(Unknown Source)
	at #durGt.accept(Unknown Source)
	at #IsJOi.sa(SourceFile:59)
	at #Tuhja.a(SourceFile)
	at #YLOEq.sa(SourceFile:89)
	at #qbDVS.sa(SourceFile:100)
	at #uvNju.unsafeHandle(SourceFile)
	at #weeOO.sa(SourceFile:50)
	at #neVQx.sF(SourceFile:3590)
	at #eiNMA.sv(SourceFile:1999)
	at #zSGbB.sa(SourceFile:1482)
	at #lVFyp.st(SourceFile:1634)
	at #cYnba.sk(SourceFile:487)
	at net.minecraft.client.main.GameMain.a(SourceFile:220)
	at net.minecraft.client.main.GameMain.a(SourceFile:156)
	at #kBJWf.a(Unknown Source)
	at #kBJWf.run(Unknown Source)
	at java.base/java.lang.Thread.run(Unknown Source)
[15:43:08] [Client thread/ERROR] Error on handle event #liPuq in Mod{name='VoidMod', version='1.0+cb03bcc', persistent=false, delegate=dev.a.a.a, modState=LOADED}
java.lang.NullPointerException: Cannot invoke "!#RHFkw.r()" because "<parameter1>" is null
	at VoidMod-v1.0+cb03bcc//dev.a.a.g.g.a(SourceFile:13)
	at VoidMod-v1.0+cb03bcc//dev.a.a.h.a.a.a.h(SourceFile)
	at VoidMod-v1.0+cb03bcc//dev.a.a.h.a.b.a(SourceFile:49)
	at VoidMod-v1.0+cb03bcc//dev.a.a.h.a.b.injectedLambda$a$13(SourceFile)
	at java.base/java.util.Collection.removeIf(Unknown Source)
	at VoidMod-v1.0+cb03bcc//dev.a.a.h.a.b.a(SourceFile:46)
	at VoidMod-v1.0+cb03bcc//dev.a.a.h.a.b.injectedLambda$a$9(SourceFile)
	at #glmBE.sa(SourceFile:56)
	at #VmcMg.a(Unknown Source)
	at #VmcMg.accept(Unknown Source)
	at #Hvwvu.sa(SourceFile:105)
	at #durGt.a(Unknown Source)
	at #durGt.accept(Unknown Source)
	at #IsJOi.sa(SourceFile:59)
	at #Tuhja.a(SourceFile)
	at #YLOEq.sa(SourceFile:89)
	at #qbDVS.sa(SourceFile:100)
	at #uvNju.unsafeHandle(SourceFile)
	at #weeOO.sa(SourceFile:50)
	at #neVQx.sF(SourceFile:3590)
	at #eiNMA.sv(SourceFile:1999)
	at #zSGbB.sa(SourceFile:1482)
	at #lVFyp.st(SourceFile:1634)
	at #cYnba.sk(SourceFile:487)
	at net.minecraft.client.main.GameMain.a(SourceFile:220)
	at net.minecraft.client.main.GameMain.a(SourceFile:156)
	at #kBJWf.a(Unknown Source)
	at #kBJWf.run(Unknown Source)
	at java.base/java.lang.Thread.run(Unknown Source)
[15:43:08] [Client thread/ERROR] Error on handle event #liPuq in Mod{name='VoidMod', version='1.0+cb03bcc', persistent=false, delegate=dev.a.a.a, modState=LOADED}
java.lang.NullPointerException: Cannot invoke "!#RHFkw.r()" because "<parameter1>" is null
	at VoidMod-v1.0+cb03bcc//dev.a.a.g.g.a(SourceFile:13)
	at VoidMod-v1.0+cb03bcc//dev.a.a.h.a.a.a.h(SourceFile)
	at VoidMod-v1.0+cb03bcc//dev.a.a.h.a.b.a(SourceFile:49)
	at VoidMod-v1.0+cb03bcc//dev.a.a.h.a.b.injectedLambda$a$13(SourceFile)
	at java.base/java.util.Collection.removeIf(Unknown Source)
	at VoidMod-v1.0+cb03bcc//dev.a.a.h.a.b.a(SourceFile:46)
	at VoidMod-v1.0+cb03bcc//dev.a.a.h.a.b.injectedLambda$a$9(SourceFile)
	at #glmBE.sa(SourceFile:56)
	at #VmcMg.a(Unknown Source)
	at #VmcMg.accept(Unknown Source)
	at #Hvwvu.sa(SourceFile:105)
	at #durGt.a(Unknown Source)
	at #durGt.accept(Unknown Source)
	at #IsJOi.sa(SourceFile:59)
	at #Tuhja.a(SourceFile)
	at #YLOEq.sa(SourceFile:89)
	at #qbDVS.sa(SourceFile:100)
	at #uvNju.unsafeHandle(SourceFile)
	at #weeOO.sa(SourceFile:50)
	at #neVQx.sF(SourceFile:3590)
	at #eiNMA.sv(SourceFile:1999)
	at #zSGbB.sa(SourceFile:1482)
	at #lVFyp.st(SourceFile:1634)
	at #cYnba.sk(SourceFile:487)
	at net.minecraft.client.main.GameMain.a(SourceFile:220)
	at net.minecraft.client.main.GameMain.a(SourceFile:156)
	at #kBJWf.a(Unknown Source)
	at #kBJWf.run(Unknown Source)
	at java.base/java.lang.Thread.run(Unknown Source)
[15:43:08] [Client thread/ERROR] Error on handle event #liPuq in Mod{name='VoidMod', version='1.0+cb03bcc', persistent=false, delegate=dev.a.a.a, modState=LOADED}
java.lang.NullPointerException: Cannot invoke "!#RHFkw.r()" because "<parameter1>" is null
	at VoidMod-v1.0+cb03bcc//dev.a.a.g.g.a(SourceFile:13)
	at VoidMod-v1.0+cb03bcc//dev.a.a.h.a.a.a.h(SourceFile)
	at VoidMod-v1.0+cb03bcc//dev.a.a.h.a.b.a(SourceFile:49)
	at VoidMod-v1.0+cb03bcc//dev.a.a.h.a.b.injectedLambda$a$13(SourceFile)
	at java.base/java.util.Collection.removeIf(Unknown Source)
	at VoidMod-v1.0+cb03bcc//dev.a.a.h.a.b.a(SourceFile:46)
	at VoidMod-v1.0+cb03bcc//dev.a.a.h.a.b.injectedLambda$a$9(SourceFile)
	at #glmBE.sa(SourceFile:56)
	at #VmcMg.a(Unknown Source)
	at #VmcMg.accept(Unknown Source)
	at #Hvwvu.sa(SourceFile:105)
	at #durGt.a(Unknown Source)
	at #durGt.accept(Unknown Source)
	at #IsJOi.sa(SourceFile:59)
	at #Tuhja.a(SourceFile)
	at #YLOEq.sa(SourceFile:89)
	at #qbDVS.sa(SourceFile:100)
	at #uvNju.unsafeHandle(SourceFile)
	at #weeOO.sa(SourceFile:50)
	at #neVQx.sF(SourceFile:3590)
	at #eiNMA.sv(SourceFile:1999)
	at #zSGbB.sa(SourceFile:1482)
	at #lVFyp.st(SourceFile:1634)
	at #cYnba.sk(SourceFile:487)
	at net.minecraft.client.main.GameMain.a(SourceFile:220)
	at net.minecraft.client.main.GameMain.a(SourceFile:156)
	at #kBJWf.a(Unknown Source)
	at #kBJWf.run(Unknown Source)
	at java.base/java.lang.Thread.run(Unknown Source)
[15:43:09] [Client thread/ERROR] Error on handle event #liPuq in Mod{name='VoidMod', version='1.0+cb03bcc', persistent=false, delegate=dev.a.a.a, modState=LOADED}
java.lang.NullPointerException: Cannot invoke "!#RHFkw.r()" because "<parameter1>" is null
	at VoidMod-v1.0+cb03bcc//dev.a.a.g.g.a(SourceFile:13)
	at VoidMod-v1.0+cb03bcc//dev.a.a.h.a.a.a.h(SourceFile)
	at VoidMod-v1.0+cb03bcc//dev.a.a.h.a.b.a(SourceFile:49)
	at VoidMod-v1.0+cb03bcc//dev.a.a.h.a.b.injectedLambda$a$13(SourceFile)
	at java.base/java.util.Collection.removeIf(Unknown Source)
	at VoidMod-v1.0+cb03bcc//dev.a.a.h.a.b.a(SourceFile:46)
	at VoidMod-v1.0+cb03bcc//dev.a.a.h.a.b.injectedLambda$a$9(SourceFile)
	at #glmBE.sa(SourceFile:56)
	at #VmcMg.a(Unknown Source)
	at #VmcMg.accept(Unknown Source)
	at #Hvwvu.sa(SourceFile:105)
	at #durGt.a(Unknown Source)
	at #durGt.accept(Unknown Source)
	at #IsJOi.sa(SourceFile:59)
	at #Tuhja.a(SourceFile)
	at #YLOEq.sa(SourceFile:89)
	at #qbDVS.sa(SourceFile:100)
	at #uvNju.unsafeHandle(SourceFile)
	at #weeOO.sa(SourceFile:50)
	at #neVQx.sF(SourceFile:3590)
	at #eiNMA.sv(SourceFile:1999)
	at #zSGbB.sa(SourceFile:1482)
	at #lVFyp.st(SourceFile:1634)
	at #cYnba.sk(SourceFile:487)
	at net.minecraft.client.main.GameMain.a(SourceFile:220)
	at net.minecraft.client.main.GameMain.a(SourceFile:156)
	at #kBJWf.a(Unknown Source)
	at #kBJWf.run(Unknown Source)
	at java.base/java.lang.Thread.run(Unknown Source)
[15:43:09] [Client thread/ERROR] Error on handle event #liPuq in Mod{name='VoidMod', version='1.0+cb03bcc', persistent=false, delegate=dev.a.a.a, modState=LOADED}
java.lang.NullPointerException: Cannot invoke "!#RHFkw.r()" because "<parameter1>" is null
	at VoidMod-v1.0+cb03bcc//dev.a.a.g.g.a(SourceFile:13)
	at VoidMod-v1.0+cb03bcc//dev.a.a.h.a.a.a.h(SourceFile)
	at VoidMod-v1.0+cb03bcc//dev.a.a.h.a.b.a(SourceFile:49)
	at VoidMod-v1.0+cb03bcc//dev.a.a.h.a.b.injectedLambda$a$13(SourceFile)
	at java.base/java.util.Collection.removeIf(Unknown Source)
	at VoidMod-v1.0+cb03bcc//dev.a.a.h.a.b.a(SourceFile:46)
	at VoidMod-v1.0+cb03bcc//dev.a.a.h.a.b.injectedLambda$a$9(SourceFile)
	at #glmBE.sa(SourceFile:56)
	at #VmcMg.a(Unknown Source)
	at #VmcMg.accept(Unknown Source)
	at #Hvwvu.sa(SourceFile:105)
	at #durGt.a(Unknown Source)
	at #durGt.accept(Unknown Source)
	at #IsJOi.sa(SourceFile:59)
	at #Tuhja.a(SourceFile)
	at #YLOEq.sa(SourceFile:89)
	at #qbDVS.sa(SourceFile:100)
	at #uvNju.unsafeHandle(SourceFile)
	at #weeOO.sa(SourceFile:50)
	at #neVQx.sF(SourceFile:3590)
	at #eiNMA.sv(SourceFile:1999)
	at #zSGbB.sa(SourceFile:1482)
	at #lVFyp.st(SourceFile:1634)
	at #cYnba.sk(SourceFile:487)
	at net.minecraft.client.main.GameMain.a(SourceFile:220)
	at net.minecraft.client.main.GameMain.a(SourceFile:156)
	at #kBJWf.a(Unknown Source)
	at #kBJWf.run(Unknown Source)
	at java.base/java.lang.Thread.run(Unknown Source)
[15:43:09] [Client thread/ERROR] Error on handle event #liPuq in Mod{name='VoidMod', version='1.0+cb03bcc', persistent=false, delegate=dev.a.a.a, modState=LOADED}
java.lang.NullPointerException: Cannot invoke "!#RHFkw.r()" because "<parameter1>" is null
	at VoidMod-v1.0+cb03bcc//dev.a.a.g.g.a(SourceFile:13)
	at VoidMod-v1.0+cb03bcc//dev.a.a.h.a.a.a.h(SourceFile)
	at VoidMod-v1.0+cb03bcc//dev.a.a.h.a.b.a(SourceFile:49)
	at VoidMod-v1.0+cb03bcc//dev.a.a.h.a.b.injectedLambda$a$13(SourceFile)
	at java.base/java.util.Collection.removeIf(Unknown Source)
	at VoidMod-v1.0+cb03bcc//dev.a.a.h.a.b.a(SourceFile:46)
	at VoidMod-v1.0+cb03bcc//dev.a.a.h.a.b.injectedLambda$a$9(SourceFile)
	at #glmBE.sa(SourceFile:56)
	at #VmcMg.a(Unknown Source)
	at #VmcMg.accept(Unknown Source)
	at #Hvwvu.sa(SourceFile:105)
	at #durGt.a(Unknown Source)
	at #durGt.accept(Unknown Source)
	at #IsJOi.sa(SourceFile:59)
	at #Tuhja.a(SourceFile)
	at #YLOEq.sa(SourceFile:89)
	at #qbDVS.sa(SourceFile:100)
	at #uvNju.unsafeHandle(SourceFile)
	at #weeOO.sa(SourceFile:50)
	at #neVQx.sF(SourceFile:3590)
	at #eiNMA.sv(SourceFile:1999)
	at #zSGbB.sa(SourceFile:1482)
	at #lVFyp.st(SourceFile:1634)
	at #cYnba.sk(SourceFile:487)
	at net.minecraft.client.main.GameMain.a(SourceFile:220)
	at net.minecraft.client.main.GameMain.a(SourceFile:156)
	at #kBJWf.a(Unknown Source)
	at #kBJWf.run(Unknown Source)
	at java.base/java.lang.Thread.run(Unknown Source)
[15:43:10] [Client thread/ERROR] Error on handle event #liPuq in Mod{name='VoidMod', version='1.0+cb03bcc', persistent=false, delegate=dev.a.a.a, modState=LOADED}
java.lang.NullPointerException: Cannot invoke "!#RHFkw.r()" because "<parameter1>" is null
	at VoidMod-v1.0+cb03bcc//dev.a.a.g.g.a(SourceFile:13)
	at VoidMod-v1.0+cb03bcc//dev.a.a.h.a.a.a.h(SourceFile)
	at VoidMod-v1.0+cb03bcc//dev.a.a.h.a.b.a(SourceFile:49)
	at VoidMod-v1.0+cb03bcc//dev.a.a.h.a.b.injectedLambda$a$13(SourceFile)
	at java.base/java.util.Collection.removeIf(Unknown Source)
	at VoidMod-v1.0+cb03bcc//dev.a.a.h.a.b.a(SourceFile:46)
	at VoidMod-v1.0+cb03bcc//dev.a.a.h.a.b.injectedLambda$a$9(SourceFile)
	at #glmBE.sa(SourceFile:56)
	at #VmcMg.a(Unknown Source)
	at #VmcMg.accept(Unknown Source)
	at #Hvwvu.sa(SourceFile:105)
	at #durGt.a(Unknown Source)
	at #durGt.accept(Unknown Source)
	at #IsJOi.sa(SourceFile:59)
	at #Tuhja.a(SourceFile)
	at #YLOEq.sa(SourceFile:89)
	at #qbDVS.sa(SourceFile:100)
	at #uvNju.unsafeHandle(SourceFile)
	at #weeOO.sa(SourceFile:50)
	at #neVQx.sF(SourceFile:3590)
	at #eiNMA.sv(SourceFile:1999)
	at #zSGbB.sa(SourceFile:1482)
	at #lVFyp.st(SourceFile:1634)
	at #cYnba.sk(SourceFile:487)
	at net.minecraft.client.main.GameMain.a(SourceFile:220)
	at net.minecraft.client.main.GameMain.a(SourceFile:156)
	at #kBJWf.a(Unknown Source)
	at #kBJWf.run(Unknown Source)
	at java.base/java.lang.Thread.run(Unknown Source)
[15:43:14] [Client thread/INFO] [CHAT] [30] Treefrei66 » няшечка
[15:43:24] [Client thread/INFO] [CHAT] Получено 5 звезд
[15:43:24] [Client thread/INFO] [CHAT] Вам выпал Изумруд x2
[15:43:24] [Client thread/INFO] [CHAT] Вам выпал Обугленный череп x1
[15:43:24] [Client thread/INFO] [CHAT] Получено 3 звезд
[15:46:30] [Client thread/INFO] [CHAT] [1] eto_ak » ! как вместе тут играть?
[15:46:34] [Client thread/INFO] [CHAT] \n  MEDIA ┃ Lingidan выпустил новое видео!\n  Название: ГАЙД ПО СОЛО РЕЖИМУ КСК  /  CSC / Custom Steve Chaos\n  Напишите /videos для просмотра видео\n 
[15:46:38] [Client thread/INFO] [CHAT] [1] eto_ak » ! как вместе тут играть?
[15:46:41] [Client thread/INFO] [CHAT] [31] Jr.Dev ┃ ZeksterP » зайдите в пати и /p warp
[15:46:49] [Client thread/INFO] [CHAT] [30] Treefrei66 » ZEKSTER
[15:46:52] [Client thread/INFO] [CHAT] [3] MVP+ ┃ ThePercikPick » тут можно передать лут тиму?
[15:47:01] [Client thread/INFO] [CHAT] [24] P ┃ 123sterlok456 » !о. 31 уровень
[15:47:03] [Client thread/INFO] [CHAT] [30] Treefrei66 » zekster помоги нам
[15:47:20] [Client thread/INFO] [CHAT] Tveiv получил Собиратель мусора
[15:47:20] [Client thread/INFO] [CHAT] Tveiv получил Проклятие
[15:47:20] [Client thread/INFO] [CHAT] Tveiv получил Никтофобия
[15:47:20] [Client thread/INFO] [CHAT] Tveiv получил Лалофобия
[15:47:20] [Client thread/INFO] [CHAT] Tveiv получил Децидофобия
[15:47:20] [Client thread/INFO] [CHAT] Tveiv получил Пениафобия
[15:47:20] [Client thread/INFO] [CHAT] Tveiv получил Панофобия
[15:47:35] [Client thread/INFO] [CHAT] Получено 44 звезд
[15:47:35] [Client thread/INFO] [CHAT] Урон игрока Tveiv: 4194
[15:47:36] [Client thread/INFO] [CHAT] Tveiv получил Охотник за головами
[15:47:38] [Client thread/INFO] [CHAT] Загадочное зеркало материализовалось в комнате.
[15:47:38] [Client thread/INFO] [CHAT] ЛКМ - Разбить зеркало
[15:47:38] [Client thread/INFO] [CHAT] ПКМ - Заглянуть в зеркало
[15:47:38] [Client thread/FATAL] Error executing task
java.util.concurrent.ExecutionException: java.lang.IllegalArgumentException: URI is not absolute
	at java.base/java.util.concurrent.FutureTask.report(Unknown Source)
	at java.base/java.util.concurrent.FutureTask.get(Unknown Source)
	at #wFFZg.sa(SourceFile:46)
	at #mPGeI.b(SourceFile:52)
	at #QQxhM.sk(SourceFile:1466)
	at #lVFyp.st(SourceFile:1632)
	at #cYnba.sk(SourceFile:487)
	at net.minecraft.client.main.GameMain.a(SourceFile:220)
	at net.minecraft.client.main.GameMain.a(SourceFile:156)
	at #kBJWf.a(Unknown Source)
	at #kBJWf.run(Unknown Source)
	at java.base/java.lang.Thread.run(Unknown Source)
Caused by: java.lang.IllegalArgumentException: URI is not absolute
	at java.base/java.net.URL.of(Unknown Source)
	at #QKiRG.sa(SourceFile:250)
	at #gIFKC.sa(SourceFile:204)
	at !#CoIEI.sa(SourceFile:508)
	at #TBzUk.a(Unknown Source)
	at #TBzUk.run(Unknown Source)
	at java.base/java.util.concurrent.Executors$RunnableAdapter.call(Unknown Source)
	at java.base/java.util.concurrent.FutureTask.run(Unknown Source)
	at #wFFZg.sa(SourceFile:45)
	... 9 more
[15:47:40] [Client thread/INFO] [CHAT] Вы заглядываете в зеркало и видите в нём себя. Внезапно, зеркало исчезает и Ваше отражение бросается в атаку.
[15:47:55] [Client thread/INFO] [CHAT] Tveiv получил Зеркальный
[15:48:15] [Client thread/INFO] [CHAT] Получено 35 звезд
[15:48:15] [Client thread/INFO] [CHAT] Урон игрока Tveiv: 9108
[15:48:17] [Client thread/INFO] [CHAT] Tveiv получил Бонус урона
[15:48:21] [Client thread/INFO] [CHAT] Потеряно 51 звезд
[15:48:21] [Client thread/INFO] [CHAT] Tveiv получил Губка
[15:48:37] [Client thread/INFO] [CHAT] Получено 43 звезд
[15:48:37] [Client thread/INFO] [CHAT] Урон игрока Tveiv: 4788
[15:48:39] [Client thread/INFO] [CHAT] Tveiv получил Воронка проклятий
[15:48:52] [Client thread/INFO] [CHAT] Получено 45 звезд
[15:48:52] [Client thread/INFO] [CHAT] Урон игрока Tveiv: 6434
[15:48:53] [Client thread/INFO] [CHAT] [21] _AlpleX__ » бл
[15:48:54] [Client thread/INFO] [CHAT] Tveiv получил Замок без ключа
[15:48:55] [Client thread/INFO] [CHAT] [21] _AlpleX__ » сорян
[15:48:55] [Client thread/INFO] [CHAT] Tveiv получил Смотри на меня
[15:48:57] [Client thread/INFO] [CHAT] Объект появляется в комнате. Это конец величественных звёзд.
[15:49:02] [Client thread/INFO] [CHAT] [21] _AlpleX__ » спасибо большое
[15:49:10] [Client thread/INFO] [CHAT] Вампиризм сброшен!
[15:49:13] [Client thread/INFO] [CHAT] Вампиризм сброшен!
[15:49:16] [Client thread/INFO] [CHAT] Tveiv получил Бумажная Луна
[15:49:22] [Client thread/INFO] [CHAT] Tveiv получил Бонус маны
[15:49:47] [Client thread/INFO] [CHAT] Получено 37 звезд
[15:49:47] [Client thread/INFO] [CHAT] Урон игрока Tveiv: 9922
[15:49:48] [Client thread/INFO] [CHAT] Tveiv получил Бонус скорости
[15:50:01] [Client thread/INFO] [CHAT] [30] P+ ┃ X_KaRteZ_X » [Раздражающий клинок Расимы ☬ +8]
[15:50:05] [Client thread/INFO] [CHAT] Tveiv получил Бонус здоровья x2
[15:50:07] [Client thread/INFO] [CHAT] [30] P+ ┃ X_KaRteZ_X » Есть меч лучше?
[15:50:11] [Client thread/INFO] [CHAT] VoidGame » Мана кончилась и ясность мысли покидает Вас!
[15:50:12] [Client thread/INFO] [CHAT] VoidGame » Мана кончилась и ясность мысли покидает Вас!
[15:50:13] [Client thread/INFO] [CHAT] VoidGame » Мана кончилась и ясность мысли покидает Вас!
[15:50:16] [Client thread/INFO] [CHAT] [30] Treefrei66 » есть то есть
[15:50:53] [Client thread/INFO] [CHAT] Прошла минута с начала волны! Урон противников увеличен на 25%
[15:50:57] [Client thread/INFO] [CHAT] Получено 23 звезд
[15:50:57] [Client thread/INFO] [CHAT] Урон игрока Tveiv: 29780
[15:50:58] [Client thread/INFO] [CHAT] Tveiv получил Бонус скорости
[15:51:00] [Client thread/INFO] [CHAT] Механическое создание ужасающе анализирует Вас. Может, Вам стоит сбежать?
[15:51:01] [Client thread/INFO] [CHAT] Механический помощник Валотайла: Дай руку.
[15:51:02] [Client thread/INFO] [CHAT] Создание осматривает вашу руку и..
[15:51:04] [Client thread/INFO] [CHAT] Лазером выжигает на ней метку! До Вас не сразу доходит, что именно Вы потеряли.
[15:51:04] [Client thread/INFO] [CHAT] Механический помощник Валотайла: Понравилось?
[15:51:04] [Client thread/INFO] [CHAT] Tveiv получил Немногословен
[15:51:08] [Client thread/INFO] [CHAT] Tveiv получил Бонус здоровья
[15:51:17] [Client thread/INFO] [CHAT] Получено 44 звезд
[15:51:17] [Client thread/INFO] [CHAT] Урон игрока Tveiv: 10545
[15:51:18] [Client thread/INFO] [CHAT] Tveiv получил Башня яркой Луны
[15:51:22] [Client thread/INFO] [CHAT] Губка поглотила Проклятие! 1/5
[15:51:22] [Client thread/INFO] [CHAT] Tveiv потерял Немногословен
[15:51:28] [Client thread/INFO] [CHAT] На горизонте маячат гигантские, черные прямоугольники.
[15:51:28] [Client thread/INFO] [CHAT] Вы не можете понять, это чьи-то дома, или же пред вами немыслимые, космические создания.
[15:51:28] [Client thread/FATAL] Error executing task
java.util.concurrent.ExecutionException: java.lang.IllegalArgumentException: URI is not absolute
	at java.base/java.util.concurrent.FutureTask.report(Unknown Source)
	at java.base/java.util.concurrent.FutureTask.get(Unknown Source)
	at #wFFZg.sa(SourceFile:46)
	at #mPGeI.b(SourceFile:52)
	at #QQxhM.sk(SourceFile:1466)
	at #lVFyp.st(SourceFile:1632)
	at #cYnba.sk(SourceFile:487)
	at net.minecraft.client.main.GameMain.a(SourceFile:220)
	at net.minecraft.client.main.GameMain.a(SourceFile:156)
	at #kBJWf.a(Unknown Source)
	at #kBJWf.run(Unknown Source)
	at java.base/java.lang.Thread.run(Unknown Source)
Caused by: java.lang.IllegalArgumentException: URI is not absolute
	at java.base/java.net.URL.of(Unknown Source)
	at #QKiRG.sa(SourceFile:250)
	at #gIFKC.sa(SourceFile:204)
	at !#CoIEI.sa(SourceFile:508)
	at #TBzUk.a(Unknown Source)
	at #TBzUk.run(Unknown Source)
	at java.base/java.util.concurrent.Executors$RunnableAdapter.call(Unknown Source)
	at java.base/java.util.concurrent.FutureTask.run(Unknown Source)
	at #wFFZg.sa(SourceFile:45)
	... 9 more
[15:51:28] [Client thread/FATAL] Error executing task
java.util.concurrent.ExecutionException: java.lang.IllegalArgumentException: URI is not absolute
	at java.base/java.util.concurrent.FutureTask.report(Unknown Source)
	at java.base/java.util.concurrent.FutureTask.get(Unknown Source)
	at #wFFZg.sa(SourceFile:46)
	at #mPGeI.b(SourceFile:52)
	at #QQxhM.sk(SourceFile:1466)
	at #lVFyp.st(SourceFile:1632)
	at #cYnba.sk(SourceFile:487)
	at net.minecraft.client.main.GameMain.a(SourceFile:220)
	at net.minecraft.client.main.GameMain.a(SourceFile:156)
	at #kBJWf.a(Unknown Source)
	at #kBJWf.run(Unknown Source)
	at java.base/java.lang.Thread.run(Unknown Source)
Caused by: java.lang.IllegalArgumentException: URI is not absolute
	at java.base/java.net.URL.of(Unknown Source)
	at #QKiRG.sa(SourceFile:250)
	at #gIFKC.sa(SourceFile:204)
	at !#CoIEI.sa(SourceFile:508)
	at #TBzUk.a(Unknown Source)
	at #TBzUk.run(Unknown Source)
	at java.base/java.util.concurrent.Executors$RunnableAdapter.call(Unknown Source)
	at java.base/java.util.concurrent.FutureTask.run(Unknown Source)
	at #wFFZg.sa(SourceFile:45)
	... 9 more
[15:51:29] [Client thread/FATAL] Error executing task
java.util.concurrent.ExecutionException: java.lang.IllegalArgumentException: URI is not absolute
	at java.base/java.util.concurrent.FutureTask.report(Unknown Source)
	at java.base/java.util.concurrent.FutureTask.get(Unknown Source)
	at #wFFZg.sa(SourceFile:46)
	at #mPGeI.b(SourceFile:52)
	at #QQxhM.sk(SourceFile:1466)
	at #lVFyp.st(SourceFile:1632)
	at #cYnba.sk(SourceFile:487)
	at net.minecraft.client.main.GameMain.a(SourceFile:220)
	at net.minecraft.client.main.GameMain.a(SourceFile:156)
	at #kBJWf.a(Unknown Source)
	at #kBJWf.run(Unknown Source)
	at java.base/java.lang.Thread.run(Unknown Source)
Caused by: java.lang.IllegalArgumentException: URI is not absolute
	at java.base/java.net.URL.of(Unknown Source)
	at #QKiRG.sa(SourceFile:250)
	at #gIFKC.sa(SourceFile:204)
	at !#CoIEI.sa(SourceFile:508)
	at #TBzUk.a(Unknown Source)
	at #TBzUk.run(Unknown Source)
	at java.base/java.util.concurrent.Executors$RunnableAdapter.call(Unknown Source)
	at java.base/java.util.concurrent.FutureTask.run(Unknown Source)
	at #wFFZg.sa(SourceFile:45)
	... 9 more
[15:51:29] [Client thread/INFO] [CHAT] Прямоугольник: ИЭумкУЩЭЗХСукы?
[15:51:31] [Client thread/INFO] [CHAT] Прямоугольник: ОХЁмГКюДивИГ
[15:51:33] [Client thread/INFO] [CHAT] Прямоугольник: МъКИгчГхТЁынрОвар
[15:51:33] [Client thread/INFO] [CHAT] Tveiv получил Черные прямоугольники
[15:51:44] [Client thread/INFO] [CHAT] Tveiv получил Бонус урона
[15:51:48] [Client thread/INFO] [CHAT] Получено 43 звезд
[15:51:48] [Client thread/INFO] [CHAT] Урон игрока Tveiv: 7983
[15:51:50] [Client thread/INFO] [CHAT] Tveiv получил Ножницы пространства
[15:52:12] [Client thread/INFO] [CHAT] Получено 42 звезд
[15:52:12] [Client thread/INFO] [CHAT] Урон игрока Tveiv: 13081
[15:52:14] [Client thread/INFO] [CHAT] Tveiv получил Бонус здоровья
[15:52:16] [Client thread/INFO] [CHAT] Tveiv получил Непобеждаемая слот-машина
[15:52:22] [Client thread/INFO] [CHAT] Tveiv получил Бонус урона
[15:52:24] [Client thread/INFO] [CHAT] Tveiv получил Бонус урона
[15:52:34] [Client thread/INFO] [CHAT] Получено 42 звезд
[15:52:34] [Client thread/INFO] [CHAT] Урон игрока Tveiv: 16308
[15:52:35] [Client thread/INFO] [CHAT] Tveiv получил Паранойя Победителя
[15:52:40] [Client thread/INFO] [CHAT] Потеряно 320 звезд
[15:52:40] [Client thread/INFO] [CHAT] Потеряно 32 звезд
[15:52:40] [Client thread/INFO] [CHAT] Tveiv получил Разрез души
[15:52:54] [Client thread/INFO] [CHAT] Получено 45 звезд
[15:52:54] [Client thread/INFO] [CHAT] Урон игрока Tveiv: 8562
[15:52:55] [Client thread/INFO] [CHAT] Tveiv получил Спарагмос
[15:53:21] [Client thread/INFO] [CHAT] Получено 40 звезд
[15:53:21] [Client thread/INFO] [CHAT] Урон игрока Tveiv: 21013
[15:53:23] [Client thread/INFO] [CHAT] Tveiv получил Возвышение на Юпитер
[15:53:26] [Client thread/INFO] [CHAT] Последователи Бедствия появляются в комнате.
[15:53:27] [Client thread/INFO] [CHAT] Наследница Бедствия: Странник Тьмы, ты же направляешься к Расиме?
[15:53:28] [Client thread/INFO] [CHAT] Наследница Бедствия: Мы можем помочь друг-другу.
[15:53:30] [Client thread/INFO] [CHAT] Наследница Бедствия: В битве с Расимой, мы будем на твоей стороне. Согласен?
[15:53:31] [Client thread/INFO] [CHAT] Наследница Бедствия: Ты ещё пожалеешь об этом.
[15:53:38] [Client thread/INFO] [CHAT] Tveiv получил Бонус урона
[15:53:49] [Client thread/INFO] [CHAT] Получено 42 звезд
[15:53:49] [Client thread/INFO] [CHAT] Урон игрока Tveiv: 10504
[15:53:51] [Client thread/INFO] [CHAT] Tveiv получил Долг боли
[15:53:55] [Client thread/INFO] [CHAT] Потеряно 56 звезд
[15:53:55] [Client thread/INFO] [CHAT] Получено 16 звезд
[15:53:55] [Client thread/INFO] [CHAT] Tveiv получил Мышь на Венере
[15:53:57] [Client thread/INFO] [CHAT] Потеряно 56 звезд
[15:53:57] [Client thread/INFO] [CHAT] Получено 16 звезд
[15:53:57] [Client thread/INFO] [CHAT] Tveiv получил Замок без ключа
[15:54:06] [Client thread/INFO] [CHAT] Вампиризм сброшен!
[15:54:06] [Client thread/INFO] [CHAT] Вампиризм сброшен!
[15:54:09] [Client thread/INFO] [CHAT] Вампиризм сброшен!
[15:54:10] [Client thread/INFO] [CHAT] Tveiv получил Бонус урона
[15:54:14] [Client thread/INFO] [CHAT] Получено 44 звезд
[15:54:14] [Client thread/INFO] [CHAT] Урон игрока Tveiv: 10746
[15:54:16] [Client thread/INFO] [CHAT] Tveiv получил Бонус брони
[15:54:18] [Client thread/INFO] [CHAT] Tveiv получил Осквернённое перо
[15:54:48] [Client thread/INFO] [CHAT] Перезагрузка режима через 10 минут
[15:54:48] [Client thread/INFO] [CHAT] Перезайдите на режим, чтобы попасть на рабочий сервер.
[15:54:50] [Client thread/INFO] [CHAT] Tveiv получил Бонус маны
[15:54:56] [Client thread/INFO] [CHAT] Получено 34 звезд
[15:54:56] [Client thread/INFO] [CHAT] Урон игрока Tveiv: 18798
[15:54:58] [Client thread/INFO] [CHAT] Tveiv получил Острый клинок
[15:55:02] [Client thread/INFO] [CHAT] Потеряно 57 звезд
[15:55:02] [Client thread/INFO] [CHAT] Получено 17 звезд
[15:55:02] [Client thread/INFO] [CHAT] Tveiv получил Бонус маны
[15:55:03] [Client thread/INFO] [CHAT] Потеряно 57 звезд
[15:55:03] [Client thread/INFO] [CHAT] Получено 17 звезд
[15:55:03] [Client thread/INFO] [CHAT] Tveiv получил Дверь во тьму
[15:55:05] [Client thread/INFO] [CHAT] Владелец Колеса Удачных Побед: Подходи, дружище. Новому клиенту мы всегда рады, даже сделаем тебе небольшой подарок. Первая крутка - бесплатно!
[15:55:14] [Client thread/INFO] [CHAT] Вампиризм сброшен!
[15:55:19] [Client thread/INFO] [CHAT] [21] _AlpleX__ » контроль возьму
[15:55:25] [Client thread/INFO] [CHAT] Tveiv получил Ничего
[15:55:30] [Client thread/INFO] [CHAT] Вампиризм сброшен!
[15:55:30] [Client thread/INFO] [CHAT] На Вас наложен Яростный взор, Вы получаете урон, когда смотрите на существ
[15:55:55] [Client thread/INFO] [CHAT] [11] V+ ┃ Hikki_Rin » !тут заточку больше чем +10 можно сделать?
[15:55:57] [Client thread/INFO] [CHAT] [21] _AlpleX__ » стой
[15:56:01] [Client thread/INFO] [CHAT] Получено 28 звезд
[15:56:01] [Client thread/INFO] [CHAT] Урон игрока Tveiv: 40954
[15:56:01] [Client thread/INFO] [CHAT] [21] _AlpleX__ » не начинай
[15:56:03] [Client thread/INFO] [CHAT] Tveiv получил Проклятие мультивыбора
[15:56:03] [Client thread/INFO] [CHAT] Tveiv получил Бонус урона
[15:56:03] [Client thread/INFO] [CHAT] Tveiv получил Бонус уклонения
[15:56:03] [Client thread/INFO] [CHAT] Tveiv получил Небытие
[15:56:10] [Client thread/INFO] [CHAT] Загадочное зеркало материализовалось в комнате.
[15:56:10] [Client thread/INFO] [CHAT] ЛКМ - Разбить зеркало
[15:56:10] [Client thread/INFO] [CHAT] ПКМ - Заглянуть в зеркало
[15:56:10] [Client thread/FATAL] Error executing task
java.util.concurrent.ExecutionException: java.lang.IllegalArgumentException: URI is not absolute
	at java.base/java.util.concurrent.FutureTask.report(Unknown Source)
	at java.base/java.util.concurrent.FutureTask.get(Unknown Source)
	at #wFFZg.sa(SourceFile:46)
	at #mPGeI.b(SourceFile:52)
	at #QQxhM.sk(SourceFile:1466)
	at #lVFyp.st(SourceFile:1632)
	at #cYnba.sk(SourceFile:487)
	at net.minecraft.client.main.GameMain.a(SourceFile:220)
	at net.minecraft.client.main.GameMain.a(SourceFile:156)
	at #kBJWf.a(Unknown Source)
	at #kBJWf.run(Unknown Source)
	at java.base/java.lang.Thread.run(Unknown Source)
Caused by: java.lang.IllegalArgumentException: URI is not absolute
	at java.base/java.net.URL.of(Unknown Source)
	at #QKiRG.sa(SourceFile:250)
	at #gIFKC.sa(SourceFile:204)
	at !#CoIEI.sa(SourceFile:508)
	at #TBzUk.a(Unknown Source)
	at #TBzUk.run(Unknown Source)
	at java.base/java.util.concurrent.Executors$RunnableAdapter.call(Unknown Source)
	at java.base/java.util.concurrent.FutureTask.run(Unknown Source)
	at #wFFZg.sa(SourceFile:45)
	... 9 more
[15:56:18] [Client thread/INFO] [CHAT] Вы заглядываете в зеркало и видите в нём себя. Внезапно, зеркало исчезает и Ваше отражение бросается в атаку.
[15:56:19] [Client thread/INFO] [CHAT] [30] E ┃ Dapkyc_228 » [Ересь ♆ +9]
[15:56:19] [Client thread/INFO] [CHAT] Вы уклонились на 44%
[15:56:24] [Client thread/INFO] [CHAT] На Вас наложен Яростный взор, Вы получаете урон, когда смотрите на существ
[15:56:24] [Client thread/INFO] [CHAT] Tveiv получил Бонус здоровья x2
[15:56:28] [Client thread/INFO] [CHAT] [30] leonardo_leo_ » нихрена
[15:56:29] [Client thread/INFO] [CHAT] На Вас наложен Яростный взор, Вы получаете урон, когда смотрите на существ
[15:56:30] [Client thread/INFO] [CHAT] Вы уклонились на 39%
[15:56:50] [Client thread/INFO] [CHAT] Tveiv получил Зеркальный
[15:56:50] [Client thread/INFO] [CHAT] Вы уклонились на 34%
[15:56:51] [Client thread/INFO] [CHAT] Получено 36 звезд
[15:56:51] [Client thread/INFO] [CHAT] Урон игрока Tveiv: 29907
[15:56:53] [Client thread/INFO] [CHAT] Tveiv получил Бонус маны
[15:56:55] [Client thread/INFO] [CHAT] [30] I ┃ TheFoolLotm » gg
[15:57:02] [Client thread/INFO] [CHAT] Свет, исполняющий Желание: Чего ты желаешь? Я исполню все, что ты хочешь.
[15:57:10] [Client thread/INFO] [CHAT] [21] _AlpleX__ » спасибо большое
[15:57:14] [Client thread/INFO] [CHAT] [30] I ┃ TheFoolLotm » nez
[15:57:19] [Client thread/INFO] [CHAT] Свет, исполняющий Желание: Ты желаешь танатофобия? Будет исполнено.
[15:57:20] [Client thread/INFO] [CHAT] [30] HE ┃ sxuIIessbxy  » [Златой веер Бедствия ☬ +6]
[15:57:22] [Client thread/INFO] [CHAT] Свет, исполняющий Желание: Ваше желание исполнено.
[15:57:22] [Client thread/INFO] [CHAT] Tveiv получил Танатофобия
[15:57:29] [Client thread/INFO] [CHAT] Вы уклонились на 48%
[15:57:29] [Client thread/INFO] [CHAT] Вампиризм сброшен!
[15:57:30] [Client thread/INFO] [CHAT] Вы уклонились на 26%
[15:57:37] [Client thread/INFO] [CHAT] Вы уклонились на 50%
[15:57:39] [Client thread/INFO] [CHAT] Вы уклонились на 27%
[15:57:39] [Client thread/INFO] [CHAT] Вы уклонились на 44%
[15:57:40] [Client thread/INFO] [CHAT] Tveiv получил Бонус брони
[15:57:50] [Client thread/INFO] [CHAT] [3] D ┃ panoshik1 » все
[15:57:55] [Client thread/INFO] [CHAT] Получено 36 звезд
[15:57:55] [Client thread/INFO] [CHAT] Урон игрока Tveiv: 43457
[15:57:57] [Client thread/INFO] [CHAT] Tveiv получил Черная магия
[15:58:00] [Client thread/INFO] [CHAT] Потеряно 59 звезд
[15:58:00] [Client thread/INFO] [CHAT] Получено 17 звезд
[15:58:00] [Client thread/INFO] [CHAT] Tveiv получил Спокойствие разума
[15:58:02] [Client thread/INFO] [CHAT] Потеряно 59 звезд
[15:58:02] [Client thread/INFO] [CHAT] Получено 17 звезд
[15:58:02] [Client thread/INFO] [CHAT] Tveiv получил Бонус урона
[15:58:02] [Client thread/INFO] [CHAT] Tveiv получил Бонус уклонения
[15:58:02] [Client thread/INFO] [CHAT] Tveiv получил Небытие
[15:58:03] [Client thread/INFO] [CHAT] Убийца появляется в комнате.
[15:58:04] [Client thread/INFO] [CHAT] Истребитель людей: Странник Тьмы, я пришел сыграть с тобой в одну игру. На моей родине, ещё детьми, мы часто в неё играли. Правила таковы: Находишь добычу и даешь ей время на побег. Я даю тебе 90 секунд, чтобы ты сбежал. Ежели ты не справишься, тебя ждёт смерть.
[15:58:06] [Client thread/INFO] [CHAT] Каждую волну, Вы получаете эффект добычи на 90 секунд. Как только длительность эффекта дойдет до 0, явится сама смерть.
[15:58:06] [Client thread/INFO] [CHAT] Прохождение волны сбрасывает эффект. Пройдите 4 волны, чтобы избавиться от эффекта.
[15:58:08] [Client thread/INFO] [CHAT] [30] E ┃ Dapkyc_228 » [Богохульство ♨ +8]
[15:58:11] [Client thread/INFO] [CHAT] [11] V+ ┃ Hikki_Rin » [Медный кинжал ☠ +13]
[15:58:13] [Client thread/INFO] [CHAT] Вы уклонились на 29%
[15:58:16] [Client thread/INFO] [CHAT] Tveiv получил Бонус маны
[15:58:20] [Client thread/INFO] [CHAT] Tveiv получил Бонус маны
[15:58:33] [Client thread/INFO] [CHAT] Вы уклонились на 25%
[15:58:33] [Client thread/INFO] [CHAT] Вы уклонились на 47%
[15:58:33] [Client thread/INFO] [CHAT] Вы уклонились на 28%
[15:58:42] [Client thread/INFO] [CHAT] Получено 35 звезд
[15:58:42] [Client thread/INFO] [CHAT] Урон игрока Tveiv: 30669
[15:58:44] [Client thread/INFO] [CHAT] Tveiv получил Чаша Победителей
[15:58:46] [Client thread/INFO] [CHAT] Tveiv получил Прострел с Юпитера
[15:58:46] [Client thread/INFO] [CHAT] Tveiv получил Разрушитель звёзд
[15:58:49] [Client thread/INFO] [CHAT] Потеряно 59 звезд
[15:58:49] [Client thread/INFO] [CHAT] Получено 17 звезд
[15:58:49] [Client thread/INFO] [CHAT] Tveiv получил Бонус здоровья
[15:58:51] [Client thread/INFO] [CHAT] Последователь Этоля появляется в комнате.
[15:58:53] [Client thread/INFO] [CHAT] Астролог: Странник Тьмы, я рад видеть тебя. Позволь мне помочь в твоих странствиях, давай свою экипировку.
[15:58:53] [Client thread/INFO] [CHAT] Оружие получает +2 к уровню зачарования, а остальные предметы - +4
[15:59:04] [Client thread/INFO] [CHAT] Вы уклонились на 36%
[15:59:10] [Client thread/INFO] [CHAT] Вы уклонились на 39%
[15:59:19] [Client thread/INFO] [CHAT] Вы уклонились на 38%
[15:59:20] [Client thread/INFO] [CHAT] Расима снижает уровень зачарования Раздражающий клинок Расимы ♨ +4
[15:59:23] [Client thread/INFO] [CHAT] [30] HE ┃ sxuIIessbxy  » [Амулет последователя Бедствия ♡ +10]
[15:59:40] [Client thread/INFO] [CHAT] Вы уклонились на 49%
[15:59:43] [Client thread/INFO] [CHAT] [30] I ┃ TheFoolLotm » okak
[15:59:45] [Client thread/INFO] [CHAT] Расима: Сколько ещё Вы будете пытаться убить меня?
[15:59:47] [Client thread/INFO] [CHAT] Расима: Сгораете в собственной ярости..
[15:59:48] [Client thread/INFO] [CHAT] Перезагрузка режима через 5 минут
[15:59:49] [Client thread/INFO] [CHAT] Расима: Ваши тела будут исцелены досмерти!
[15:59:56] [Client thread/INFO] [CHAT] Прошла минута с начала волны! Урон противников увеличен на 25%
[15:59:58] [Client thread/INFO] [CHAT] [24] P ┃ 123sterlok456 » !эм
[16:00:05] [Client thread/INFO] [CHAT] [24] P ┃ 123sterlok456 » А это норма что я ничего не могу сделать?
[16:00:06] [Client thread/INFO] [CHAT] Расима сбросила Ваш вампиризм!
[16:00:07] [Client thread/INFO] [CHAT] Вы уклонились на 31%
[16:00:11] [Client thread/INFO] [CHAT] Расима отнимает Ваше здоровье! Убивайте цветки жизни, чтобы его вернуть.
[16:00:11] [Client thread/INFO] [CHAT] Расима сбросила Ваш вампиризм!
[16:00:12] [Client thread/INFO] [CHAT] Tveiv получил Танатофобия
[16:00:16] [Client thread/INFO] [CHAT] Расима сбросила Ваш вампиризм!
[16:00:20] [Client thread/INFO] [CHAT] Расима: Пусть мир будет поглощен Черной дырой!
[16:00:21] [Client thread/INFO] [CHAT] Расима снижает уровень зачарования Шапка из тигриной шкуры ☠ +4
[16:00:21] [Client thread/INFO] [CHAT] Расима: Звездопад!
[16:00:21] [Client thread/INFO] [CHAT] Расима сбросила Ваш вампиризм!
[16:00:26] [Client thread/INFO] [CHAT] Вы уклонились на 46%
[16:00:26] [Client thread/INFO] [CHAT] Расима: Бледная Луна!
[16:00:26] [Client thread/INFO] [CHAT] Расима сбросила Ваш вампиризм!
[16:00:31] [Client thread/INFO] [CHAT] Расима сбросила Ваш вампиризм!
[16:00:36] [Client thread/INFO] [CHAT] Расима сбросила Ваш вампиризм!
[16:00:38] [Client thread/INFO] [CHAT] Расима отнимает Ваше здоровье! Убивайте цветки жизни, чтобы его вернуть.
[16:00:41] [Client thread/INFO] [CHAT] Вы уклонились на 33%
[16:00:42] [Client thread/INFO] [CHAT] Вы уклонились на 34%
[16:00:42] [Client thread/INFO] [CHAT] Луч презрения задел Вас! Ваше исцеление снижено на 25% в течении 17 секунд
[16:00:43] [Client thread/INFO] [CHAT] Вы уклонились на 25%
[16:00:45] [Client thread/INFO] [CHAT] Расима снижает уровень зачарования Кристалин ☠ +7
[16:00:45] [Client thread/INFO] [CHAT] Расима: Звездопад!
[16:00:45] [Client thread/INFO] [CHAT] Расима сбросила Ваш вампиризм!
[16:00:50] [Client thread/INFO] [CHAT] Расима сбросила Ваш вампиризм!
[16:00:55] [Client thread/INFO] [CHAT] Расима: Бледная Луна!
[16:00:55] [Client thread/INFO] [CHAT] Расима сбросила Ваш вампиризм!
[16:00:56] [Client thread/INFO] [CHAT] Прошло две минуты с начала волны! Урон противников увеличен на 25%
[16:01:00] [Client thread/INFO] [CHAT] Расима сбросила Ваш вампиризм!
[16:01:03] [Client thread/INFO] [CHAT] Расима: Пусть мир будет поглощен Черной дырой!
[16:01:05] [Client thread/INFO] [CHAT] Расима снижает уровень зачарования Кристалин ☠ +6
[16:01:05] [Client thread/INFO] [CHAT] Расима: Звездопад!
[16:01:05] [Client thread/INFO] [CHAT] Расима сбросила Ваш вампиризм!
[16:01:08] [Client thread/INFO] [CHAT] [30] E ┃ Dapkyc_228 » [Богохульство ♨ +8]
[16:01:10] [Client thread/INFO] [CHAT] [30] E ┃ Dapkyc_228 » [Ересь ♆ +9]
[16:02:04] [Client thread/INFO] [CHAT] [4] D ┃ panoshik1 » ахуеть
[16:02:14] [Client thread/INFO] [CHAT] [30] G ┃ gamam00 » чет тяжеловато
[16:03:35] [Client thread/INFO] [CHAT] [4] MVP+ ┃ ThePercikPick » погоди
[16:03:40] [Client thread/INFO] [CHAT] [4] MVP+ ┃ ThePercikPick » ниче не кликая 2 мин
[16:03:45] [Client thread/INFO] [CHAT] [4] MVP+ ┃ ThePercikPick » я на 2 мин
[16:03:48] [Client thread/INFO] [CHAT] Перезагрузка режима через 1 минуту
[16:04:38] [Client thread/INFO] [CHAT] Перезагрузка режима через 10 секунд
[16:04:39] [Client thread/INFO] [CHAT] Перезагрузка режима через 9 секунд
[16:04:40] [Client thread/INFO] [CHAT] Перезагрузка режима через 8 секунд
[16:04:41] [Client thread/INFO] [CHAT] Перезагрузка режима через 7 секунд
[16:04:42] [Client thread/INFO] [CHAT] Перезагрузка режима через 6 секунд
[16:04:43] [Client thread/INFO] [CHAT] Перезагрузка режима через 5 секунд
[16:04:44] [Client thread/INFO] [CHAT] Перезагрузка режима через 4 секунды
[16:04:45] [Client thread/INFO] [CHAT] Перезагрузка режима через 3 секунды
[16:04:46] [Client thread/INFO] [CHAT] Перезагрузка режима через 2 секунды
[16:04:47] [Client thread/INFO] [CHAT] Перезагрузка режима через 1 секунду
[16:04:51] [Client thread/INFO] [CHAT] Server closed
[16:04:51] [Network thread/INFO] Protocol upgrade mask: 157
[16:04:51] [Network thread/INFO] Upgrading protocol
[16:04:51] [Client thread/INFO] Invalidating server data
[16:04:51] [Client thread/INFO] Unloading mod VoidMod/dc52d3ad-ef68-ba13-0f80-45c2bdab81ff
[16:04:51] [Client thread/INFO] [STDOUT]: [Enginex v5.16.1 - Wada] [Wada/debug] reload requested: ServerSwitch
[16:04:51] [Client thread/INFO] Joining server Лимбо
[16:04:51] [Client thread/INFO] [STDOUT]: [Enginex v5.16.1 - Wada] [Wada/debug] cleanAndReload begin: sessionId=3, awaitingHandshake=true
[16:04:51] [Client thread/INFO] [STDOUT]: [Enginex v5.16.1 - Wada] VAO support: true
[16:04:51] [Client thread/INFO] [STDOUT]: [Enginex v5.16.1 - Wada] Initialization with mod Wada
[16:04:51] [Client thread/INFO] [STDOUT]: [Enginex v5.16.1 - Wada] Successfully initialized
[16:04:51] [Client thread/INFO] Reloading ResourceManager: assets-addon.jar, Default
[16:04:52] [Client thread/WARN] Missing sound for event: minecraft:entity.turtle.ambient
[16:04:52] [Client thread/WARN] Missing sound for event: minecraft:entity.turtle.baby_hurt
[16:04:52] [Client thread/WARN] Missing sound for event: minecraft:entity.turtle.hurt
[16:04:52] [Client thread/WARN] Missing sound for event: minecraft:entity.turtle.baby_death
[16:04:52] [Client thread/WARN] Missing sound for event: minecraft:entity.turtle.death
[16:04:52] [Client thread/WARN] Missing sound for event: minecraft:entity.turtle.baby_step
[16:04:52] [Client thread/WARN] Missing sound for event: minecraft:entity.turtle.step
[16:04:52] [Client thread/WARN] Missing sound for event: minecraft:entity.turtle.swim
[16:04:52] [Client thread/WARN] Missing sound for event: minecraft:block.turtle_egg.crack
[16:04:52] [Client thread/WARN] Missing sound for event: minecraft:block.turtle_egg.egg_break
[16:04:52] [Client thread/WARN] Missing sound for event: minecraft:block.turtle_egg.fall
[16:04:52] [Client thread/WARN] Missing sound for event: minecraft:block.turtle_egg.hatch
[16:04:52] [Client thread/INFO] SoundSystem shutting down...
[16:04:52] [Client thread/WARN] Author: Paul Lamb, www.paulscode.com
[16:04:52] [Client thread/INFO] Starting up SoundSystem...
[16:04:52] [Thread-33/INFO] Initializing LWJGL OpenAL
[16:04:52] [Thread-33/INFO] (The LWJGL binding of OpenAL.  For more information, see http://www.lwjgl.org)
[16:04:52] [Thread-33/INFO] OpenAL audio device: OpenAL Soft on Динамики (MCHOSE V9 PRO)
[16:04:52] [Thread-33/INFO] OpenAL initialized.
[16:04:52] [Client thread/INFO] Sound engine reloaded
[16:04:52] [Client thread/INFO] [STDOUT]: [Enginex v5.16.1 - Wada] [Wada/debug] handshake complete (w4:load), awaitingHandshake=false, sessionId=3
[16:04:52] [ForkJoinPool.commonPool-worker-5/WARN] Unable to load variant: axis=x from minecraft:lodestone#axis=x
[16:04:52] [ForkJoinPool.commonPool-worker-5/WARN] Unable to load variant: axis=y from minecraft:lodestone#axis=y
[16:04:52] [ForkJoinPool.commonPool-worker-5/WARN] Unable to load variant: axis=z from minecraft:lodestone#axis=z
[16:04:52] [ForkJoinPool.commonPool-worker-5/ERROR] Unable to load item model: 'minecraft:mcpatcher/cit/others/megumin_hat#inventory' for item: 'minecraft:mcpatcher/cit/others/megumin_hat'
[16:04:52] [ForkJoinPool.commonPool-worker-5/WARN] Unable to resolve texture due to upward reference: #cross in minecraft:models/block/chain.json
[16:04:52] [ForkJoinPool.commonPool-worker-5/WARN] Unable to resolve texture due to upward reference: #cross in minecraft:models/block/chain.json
[16:04:52] [ForkJoinPool.commonPool-worker-5/INFO] [OptiFine] Mipmap levels: 4
[16:04:52] [ForkJoinPool.commonPool-worker-5/INFO] [OptiFine] Multi-texturing: false
[16:04:52] [ForkJoinPool.commonPool-worker-5/INFO] [OptiFine] Multipass connected textures: false
[16:04:52] [ForkJoinPool.commonPool-worker-5/INFO] [OptiFine] BetterGrass: Parsing default configuration optifine/bettergrass.properties
[16:04:52] [ForkJoinPool.commonPool-worker-5/FATAL] [OptiFine] Scaled too small texture: minecraft:particles/glow_2, 8 -> 16
[16:04:52] [ForkJoinPool.commonPool-worker-5/FATAL] [OptiFine] Scaled too small texture: minecraft:particles/glow_1, 8 -> 16
[16:04:52] [ForkJoinPool.commonPool-worker-5/FATAL] [OptiFine] Scaled too small texture: minecraft:particles/glow_0, 8 -> 16
[16:04:52] [ForkJoinPool.commonPool-worker-5/FATAL] [OptiFine] Scaled too small texture: minecraft:particles/glow_6, 8 -> 16
[16:04:52] [ForkJoinPool.commonPool-worker-5/FATAL] [OptiFine] Scaled too small texture: minecraft:particles/glow_5, 8 -> 16
[16:04:52] [ForkJoinPool.commonPool-worker-5/FATAL] [OptiFine] Scaled too small texture: minecraft:particles/glow_4, 8 -> 16
[16:04:52] [ForkJoinPool.commonPool-worker-5/FATAL] [OptiFine] Scaled too small texture: minecraft:particles/glow_3, 8 -> 16
[16:04:52] [ForkJoinPool.commonPool-worker-5/FATAL] [OptiFine] Scaled too small texture: minecraft:particles/glow_9, 8 -> 16
[16:04:52] [ForkJoinPool.commonPool-worker-5/FATAL] [OptiFine] Scaled too small texture: minecraft:particles/glow_8, 8 -> 16
[16:04:52] [ForkJoinPool.commonPool-worker-5/FATAL] [OptiFine] Scaled too small texture: minecraft:particles/glow_7, 8 -> 16
[16:04:52] [ForkJoinPool.commonPool-worker-5/FATAL] [OptiFine] Scaled too small texture: minecraft:particles/glow_11, 8 -> 16
[16:04:52] [ForkJoinPool.commonPool-worker-5/FATAL] [OptiFine] Scaled too small texture: minecraft:particles/glow_10, 8 -> 16
[16:04:52] [ForkJoinPool.commonPool-worker-5/FATAL] [OptiFine] Scaled too small texture: minecraft:particles/glow_13, 8 -> 16
[16:04:52] [ForkJoinPool.commonPool-worker-5/FATAL] [OptiFine] Scaled too small texture: minecraft:particles/glow_12, 8 -> 16
[16:04:52] [ForkJoinPool.commonPool-worker-5/FATAL] [OptiFine] Scaled too small texture: minecraft:particles/glow_15, 8 -> 16
[16:04:52] [ForkJoinPool.commonPool-worker-5/FATAL] [OptiFine] Scaled too small texture: minecraft:particles/glow_14, 8 -> 16
[16:04:52] [ForkJoinPool.commonPool-worker-5/INFO] load sprites for 60ms
[16:04:52] [ForkJoinPool.commonPool-worker-5/INFO] Created: 1024x1024 textures-atlas in 90ms
[16:04:53] [ForkJoinPool.commonPool-worker-5/INFO] [DEBUG] Atlas assembly for 4.438ms
[16:04:53] [Client thread/INFO] [DEBUG] upload atlas for 2.042ms
[16:04:53] [Client thread/INFO] [DEBUG] Generate mipmaps for 0.003ms
[16:04:53] [Client thread/INFO] [OptiFine] Animated sprites: 0
[16:04:53] [Client thread/INFO] [OptiFine] CustomColors: Loading mcpatcher/color.properties
[16:04:53] [Client thread/INFO] Textures loaded for 979.653ms
[16:04:54] [Network thread/INFO] Protocol upgrade mask: 157
[16:04:54] [Network thread/INFO] Upgrading protocol
[16:04:54] [Client thread/INFO] Invalidating server data
[16:04:54] [Client thread/INFO] [STDOUT]: [Enginex v5.16.1 - Wada] [Wada/debug] reload requested: ServerSwitch
[16:04:54] [Client thread/INFO] [STDOUT]: [Enginex v5.16.1 - Wada] [Wada/debug] cleanAndReload begin: sessionId=4, awaitingHandshake=true
[16:04:54] [Client thread/INFO] [STDOUT]: [Enginex v5.16.1 - Wada] VAO support: true
[16:04:54] [Client thread/INFO] [STDOUT]: [Enginex v5.16.1 - Wada] Initialization with mod Wada
[16:04:54] [Client thread/INFO] [STDOUT]: [Enginex v5.16.1 - Wada] Successfully initialized
[16:04:54] [Client thread/INFO] Joining server Хаб #9
[16:04:54] [Client thread/INFO] Loaded mod Visual Driver/9d0905cf-6706-54d6-143d-2b54fd82e5ba v3.8.31+9da32142 in 4 ms
[16:04:54] [Client thread/INFO] Loaded mod HubMod/25900c12-43b4-90ca-6f85-98ee170d0e08 v1.4.5 in 8 ms
[16:04:54] [Client thread/INFO] [STDOUT]: [Enginex v5.16.1 - Wada] [Wada/debug] handshake complete (w4:load), awaitingHandshake=false, sessionId=4
[16:05:47] [Network thread/INFO] Protocol upgrade mask: 157
[16:05:47] [Network thread/INFO] Upgrading protocol
[16:05:47] [Client thread/INFO] Invalidating server data
[16:05:47] [Client thread/INFO] Unloading mod Visual Driver/9d0905cf-6706-54d6-143d-2b54fd82e5ba
[16:05:47] [Client thread/INFO] Unloading mod HubMod/25900c12-43b4-90ca-6f85-98ee170d0e08
[16:05:47] [Client thread/INFO] [STDOUT]: [Enginex v5.16.1 - Wada] [Wada/debug] reload requested: ServerSwitch
[16:05:47] [Client thread/INFO] [STDOUT]: [Enginex v5.16.1 - Wada] [Wada/debug] cleanAndReload begin: sessionId=5, awaitingHandshake=true
[16:05:47] [Client thread/INFO] [STDOUT]: [Enginex v5.16.1 - Wada] VAO support: true
[16:05:47] [Client thread/INFO] [STDOUT]: [Enginex v5.16.1 - Wada] Initialization with mod Wada
[16:05:47] [Client thread/INFO] [STDOUT]: [Enginex v5.16.1 - Wada] Successfully initialized
[16:05:47] [Client thread/INFO] Found file C:\Users\tveiv\.cristalix\updates\Minigames\server-resource-packs\40bb4597c7ce6b5b4690666d2a8804747a202ba3 matching requested hash 2a33a213ea168e73eaf34aeab631978eb6603e7b
[16:05:47] [Client thread/INFO] Cache hit
[16:05:47] [Client thread/INFO] Joining server VoidGame #2
[16:05:47] [Client thread/INFO] Reloading ResourceManager: assets-addon.jar, Default, 40bb4597c7ce6b5b4690666d2a8804747a202ba3
[16:05:47] [Client thread/WARN] Missing sound for event: minecraft:entity.turtle.ambient
[16:05:47] [Client thread/WARN] Missing sound for event: minecraft:entity.turtle.baby_hurt
[16:05:47] [Client thread/WARN] Missing sound for event: minecraft:entity.turtle.hurt
[16:05:47] [Client thread/WARN] Missing sound for event: minecraft:entity.turtle.baby_death
[16:05:47] [Client thread/WARN] Missing sound for event: minecraft:entity.turtle.death
[16:05:47] [Client thread/WARN] Missing sound for event: minecraft:entity.turtle.baby_step
[16:05:47] [Client thread/WARN] Missing sound for event: minecraft:entity.turtle.step
[16:05:47] [Client thread/WARN] Missing sound for event: minecraft:entity.turtle.swim
[16:05:47] [Client thread/WARN] Missing sound for event: minecraft:block.turtle_egg.crack
[16:05:47] [Client thread/WARN] Missing sound for event: minecraft:block.turtle_egg.egg_break
[16:05:47] [Client thread/WARN] Missing sound for event: minecraft:block.turtle_egg.fall
[16:05:47] [Client thread/WARN] Missing sound for event: minecraft:block.turtle_egg.hatch
[16:05:47] [Client thread/INFO] SoundSystem shutting down...
[16:05:47] [Client thread/WARN] Author: Paul Lamb, www.paulscode.com
[16:05:47] [Client thread/INFO] Starting up SoundSystem...
[16:05:47] [Thread-37/INFO] Initializing LWJGL OpenAL
[16:05:47] [Thread-37/INFO] (The LWJGL binding of OpenAL.  For more information, see http://www.lwjgl.org)
[16:05:47] [Thread-37/INFO] OpenAL audio device: OpenAL Soft on Динамики (MCHOSE V9 PRO)
[16:05:47] [Thread-37/INFO] OpenAL initialized.
[16:05:47] [Client thread/INFO] Sound engine reloaded
[16:05:47] [ForkJoinPool.commonPool-worker-5/WARN] Unable to load variant: axis=x from minecraft:lodestone#axis=x
[16:05:47] [ForkJoinPool.commonPool-worker-5/WARN] Unable to load variant: axis=y from minecraft:lodestone#axis=y
[16:05:47] [ForkJoinPool.commonPool-worker-5/WARN] Unable to load variant: axis=z from minecraft:lodestone#axis=z
[16:05:48] [Client thread/INFO] Start loading of mod VoidMod
[16:05:48] [ForkJoinPool.commonPool-worker-5/ERROR] Unable to load item model: 'minecraft:mcpatcher/cit/others/megumin_hat#inventory' for item: 'minecraft:mcpatcher/cit/others/megumin_hat'
[16:05:48] [Client thread/INFO] Loading mod VoidMod v1.0+cb03bcc by ZeksterP
[16:05:48] [ForkJoinPool.commonPool-worker-5/INFO] [OptiFine] Mipmap levels: 4
[16:05:48] [ForkJoinPool.commonPool-worker-5/INFO] [OptiFine] Multi-texturing: false
[16:05:48] [ForkJoinPool.commonPool-worker-5/INFO] [OptiFine] Multipass connected textures: false
[16:05:48] [ForkJoinPool.commonPool-worker-5/INFO] [OptiFine] BetterGrass: Parsing default configuration optifine/bettergrass.properties
[16:05:48] [ForkJoinPool.commonPool-worker-5/FATAL] [OptiFine] Scaled too small texture: minecraft:particles/glow_2, 8 -> 16
[16:05:48] [ForkJoinPool.commonPool-worker-5/FATAL] [OptiFine] Scaled too small texture: minecraft:particles/glow_1, 8 -> 16
[16:05:48] [ForkJoinPool.commonPool-worker-5/FATAL] [OptiFine] Scaled too small texture: minecraft:particles/glow_0, 8 -> 16
[16:05:48] [ForkJoinPool.commonPool-worker-5/FATAL] [OptiFine] Scaled too small texture: minecraft:particles/glow_6, 8 -> 16
[16:05:48] [ForkJoinPool.commonPool-worker-5/FATAL] [OptiFine] Scaled too small texture: minecraft:particles/glow_5, 8 -> 16
[16:05:48] [ForkJoinPool.commonPool-worker-5/FATAL] [OptiFine] Scaled too small texture: minecraft:particles/glow_4, 8 -> 16
[16:05:48] [ForkJoinPool.commonPool-worker-5/FATAL] [OptiFine] Scaled too small texture: minecraft:particles/glow_3, 8 -> 16
[16:05:48] [ForkJoinPool.commonPool-worker-5/FATAL] [OptiFine] Scaled too small texture: minecraft:particles/glow_9, 8 -> 16
[16:05:48] [ForkJoinPool.commonPool-worker-5/FATAL] [OptiFine] Scaled too small texture: minecraft:particles/glow_8, 8 -> 16
[16:05:48] [ForkJoinPool.commonPool-worker-5/FATAL] [OptiFine] Scaled too small texture: minecraft:particles/glow_7, 8 -> 16
[16:05:48] [ForkJoinPool.commonPool-worker-5/ERROR] Using missing texture, unable to load minecraft:textures/items/wooden_sword.png
[16:05:48] [Client thread/INFO] [STDOUT]: [Enginex v5.13.11-TEST-2 - VoidMod] VAO support: true
[16:05:48] [ForkJoinPool.commonPool-worker-5/FATAL] [OptiFine] Scaled too small texture: minecraft:particles/glow_11, 8 -> 16
[16:05:48] [ForkJoinPool.commonPool-worker-5/FATAL] [OptiFine] Scaled too small texture: minecraft:particles/glow_10, 8 -> 16
[16:05:48] [ForkJoinPool.commonPool-worker-5/FATAL] [OptiFine] Scaled too small texture: minecraft:particles/glow_13, 8 -> 16
[16:05:48] [ForkJoinPool.commonPool-worker-5/FATAL] [OptiFine] Scaled too small texture: minecraft:particles/glow_12, 8 -> 16
[16:05:48] [ForkJoinPool.commonPool-worker-5/FATAL] [OptiFine] Scaled too small texture: minecraft:particles/glow_15, 8 -> 16
[16:05:48] [ForkJoinPool.commonPool-worker-5/FATAL] [OptiFine] Scaled too small texture: minecraft:particles/glow_14, 8 -> 16
[16:05:48] [ForkJoinPool.commonPool-worker-5/INFO] load sprites for 4ms
[16:05:48] [ForkJoinPool.commonPool-worker-5/INFO] Created: 1024x1024 textures-atlas in 18ms
[16:05:48] [Client thread/INFO] [STDOUT]: [Enginex v5.13.11-TEST-2 - VoidMod] Initialization with mod VoidMod
[16:05:48] [Client thread/INFO] [STDOUT]: [Enginex v5.13.11-TEST-2 - VoidMod] Successfully initialized
[16:05:48] [Client thread/INFO] Loaded mod VoidMod v1.0+cb03bcc in 745 ms
[16:05:48] [Client thread/INFO] [STDOUT]: [Enginex v5.16.1 - Wada] [Wada/debug] handshake complete (w4:load), awaitingHandshake=false, sessionId=5
[16:05:48] [ForkJoinPool.commonPool-worker-5/INFO] [DEBUG] Atlas assembly for 64.401ms
[16:05:48] [Client thread/INFO] [DEBUG] upload atlas for 1.941ms
[16:05:48] [Client thread/INFO] [DEBUG] Generate mipmaps for 0.004ms
[16:05:48] [Client thread/INFO] [OptiFine] Animated sprites: 0
[16:05:48] [Client thread/INFO] [OptiFine] CustomColors: Loading mcpatcher/color.properties
[16:05:48] [Client thread/INFO] Textures loaded for 525.851ms
[16:05:58] [Client thread/INFO] [CHAT] Tveiv получил Пламя Катастрофы
[16:05:58] [Client thread/INFO] [CHAT] Tveiv получил Собиратель мусора
[16:05:58] [Client thread/INFO] [CHAT] Получено 300 звезд
[16:06:08] [Client thread/INFO] [CHAT] Потеряно 200 звезд
[16:06:08] [Client thread/INFO] [CHAT] Tveiv получил Бонус урона
[16:06:13] [Client thread/INFO] [CHAT] Авто-кликер включен
[16:06:16] [Client thread/INFO] [CHAT] Получено 5 звезд
[16:06:16] [Client thread/INFO] [CHAT] Вам выпал Изумруд x1
[16:06:21] [Client thread/INFO] [CHAT] Получено 5 звезд
[16:06:21] [Client thread/INFO] [CHAT] Вам выпал Изумруд x2
[16:06:27] [Client thread/INFO] [CHAT] Получено 5 звезд
[16:06:30] [Client thread/INFO] [CHAT] Получено 5 звезд
[16:06:30] [Client thread/INFO] [CHAT] Вам выпал Изумруд x1
[16:06:37] [Client thread/INFO] [CHAT] Получено 5 звезд
[16:06:37] [Client thread/INFO] [CHAT] Вам выпал Изумруд x1
[16:06:37] [Client thread/INFO] [CHAT] Вам выпал Серебряная звезда зачарования x1
[16:06:42] [Client thread/INFO] [CHAT] Получено 5 звезд
[16:06:42] [Client thread/INFO] [CHAT] Вам выпал Изумруд x1
[16:06:51] [Client thread/INFO] [CHAT] Получено 5 звезд
[16:06:51] [Client thread/INFO] [CHAT] Получено 5 звезд
[16:06:51] [Client thread/INFO] [CHAT] Вам выпал Обугленный череп x1
[16:06:54] [Client thread/INFO] [CHAT] Получено 5 звезд
[16:06:59] [Client thread/INFO] [CHAT] Получено 5 звезд
[16:06:59] [Client thread/INFO] [CHAT] Вам выпал Изумруд x1
[16:07:03] [Client thread/INFO] [CHAT] Получено 5 звезд
[16:07:15] [Client thread/INFO] [CHAT] [9] P ┃ 981287 » !как передавать командой гифт
[16:07:16] [Client thread/INFO] [CHAT] Получено 5 звезд
[16:07:16] [Client thread/INFO] [CHAT] Вам выпал Обугленный череп x1
[16:07:22] [Client thread/INFO] [CHAT] Получено 5 звезд
[16:07:22] [Client thread/INFO] [CHAT] Вам выпал Изумруд x1
[16:07:33] [Client thread/INFO] [CHAT] [9] P ┃ 981287 » или оно еще на работет
[16:07:35] [Client thread/INFO] [CHAT] [30] MVP ┃ TORTYTYTYTYTY » [Пробужденный ловец снов +9]
[16:07:35] [Client thread/INFO] [CHAT] Получено 6 звезд
[16:07:38] [Client thread/INFO] [CHAT] Получено 5 звезд
[16:07:45] [Client thread/INFO] [CHAT] Получено 5 звезд
[16:07:45] [Client thread/INFO] [CHAT] Вам выпал Осколок фантазии Этоля x1
[16:07:58] [Client thread/INFO] [CHAT] Получено 6 звезд
[16:08:03] [Client thread/INFO] [CHAT] Получено 5 звезд
[16:08:12] [Client thread/INFO] [CHAT] Получено 5 звезд
[16:08:12] [Client thread/INFO] [CHAT] Вам выпал Изумруд x2
[16:08:15] [Client thread/INFO] [CHAT] Получено 5 звезд
[16:08:15] [Client thread/INFO] [CHAT] Вам выпал Благословенная серебряная звезда зачарования x1
[16:08:21] [Client thread/INFO] [CHAT] Получено 5 звезд
[16:08:25] [Client thread/INFO] [CHAT] Получено 5 звезд
[16:08:26] [Client thread/INFO] [CHAT] Получено 5 звезд
[16:08:26] [Client thread/INFO] [CHAT] Вам выпал Обугленный череп x1
[16:08:26] [Client thread/INFO] [CHAT] Получено 10 звезд
[16:08:27] [Client thread/INFO] [CHAT] [26] V+ ┃ VenSh11 » сколько время перезарядки контроля?
[16:08:29] [Client thread/INFO] [CHAT] Tveiv получил Прострел с Юпитера
[16:08:31] [Client thread/INFO] [CHAT] [30] leonardo_leo_ » 30
[16:08:32] [Client thread/INFO] [CHAT] [10] Sr.T ┃ Няшечка » 30
[16:08:32] [Client thread/INFO] [CHAT] [30] I ┃ TheFoolLotm » 30
[16:08:36] [Client thread/INFO] [CHAT] [26] V+ ┃ VenSh11 » благодарю
[16:08:37] [Client thread/INFO] [CHAT] [25] P ┃ 123sterlok456 » !1 посмотри. Доступен ли предмет для передачи. 2 Что бы передать предмет он должен был быть получен с подземелья которые вы вместе прошли. 3 пишешь /gift ник держа придмет в руках
[16:08:42] [Client thread/INFO] [CHAT] [30] I ┃ TheFoolLotm » ты тестер? няшечка
[16:08:47] [Client thread/INFO] [CHAT] Получено 5 звезд
[16:08:50] [Client thread/INFO] [CHAT] Получено 5 звезд
[16:08:51] [Client thread/INFO] [CHAT] Получено 5 звезд
[16:08:51] [Client thread/INFO] [CHAT] Вам выпал Изумруд x2
[16:08:56] [Client thread/INFO] [CHAT] Получено 5 звезд
[16:09:02] [Client thread/INFO] [CHAT] Получено 5 звезд
[16:09:02] [Client thread/INFO] [CHAT] Вам выпал Обугленный череп x1
[16:09:05] [Client thread/INFO] [CHAT] Получено 5 звезд
[16:09:08] [Client thread/INFO] [CHAT] Вампиризм сброшен!
[16:09:09] [Client thread/INFO] [CHAT] Получено 7 звезд
[16:09:14] [Client thread/INFO] [CHAT] Получено 5 звезд
[16:09:14] [Client thread/INFO] [CHAT] Вам выпал Изумруд x2
[16:09:16] [Client thread/INFO] [CHAT] Получено 5 звезд
[16:09:16] [Client thread/INFO] [CHAT] Вам выпал Обугленный череп x1
[16:09:22] [Client thread/INFO] [CHAT] Получено 5 звезд
[16:09:30] [Client thread/INFO] [CHAT] Получено 6 звезд
[16:09:30] [Client thread/INFO] [CHAT] Вам выпал Изумруд x2
[16:09:30] [Client thread/INFO] [CHAT] Вам выпал Обугленный череп x1
[16:09:33] [Client thread/INFO] [CHAT] Получено 5 звезд
[16:09:33] [Client thread/INFO] [CHAT] Вам выпал Изумруд x1
[16:09:33] [Client thread/INFO] [CHAT] Вам выпал Осколок фантазии Этоля x1
[16:09:40] [Client thread/INFO] [CHAT] Получено 5 звезд
[16:09:44] [Client thread/INFO] [CHAT] Получено 5 звезд
[16:09:47] [Client thread/INFO] [CHAT] Получено 5 звезд
[16:09:47] [Client thread/INFO] [CHAT] Вам выпал Осколок фантазии Этоля x1
[16:09:54] [Client thread/INFO] [CHAT] Получено 5 звезд
[16:09:54] [Client thread/INFO] [CHAT] Вам выпал Изумруд x1
[16:09:54] [Client thread/INFO] [CHAT] Вам выпал Обугленный череп x1
[16:10:01] [Client thread/INFO] [CHAT] Получено 5 звезд
[16:10:04] [Client thread/INFO] [CHAT] Получено 5 звезд
[16:10:04] [Client thread/INFO] [CHAT] Вам выпал Изумруд x2
[16:10:09] [Client thread/INFO] [CHAT] Получено 5 звезд
[16:10:11] [Client thread/INFO] [CHAT] Получено 5 звезд
[16:10:18] [Client thread/INFO] [CHAT] Получено 6 звезд
[16:10:18] [Client thread/INFO] [CHAT] Вам выпал Изумруд x1
[16:10:29] [Client thread/INFO] [CHAT] Получено 5 звезд
[16:10:34] [Client thread/INFO] [CHAT] Получено 5 звезд
[16:10:34] [Client thread/INFO] [CHAT] Вам выпал Изумруд x1
[16:10:39] [Client thread/INFO] [CHAT] Получено 5 звезд
[16:10:39] [Client thread/INFO] [CHAT] Вам выпал Благословенная серебряная звезда зачарования x1
[16:10:43] [Client thread/INFO] [CHAT] Получено 6 звезд
[16:10:58] [Client thread/INFO] [CHAT] Получено 5 звезд
[16:11:03] [Client thread/INFO] [CHAT] Получено 5 звезд
[16:11:07] [Client thread/INFO] [CHAT] Получено 5 звезд
[16:11:13] [Client thread/INFO] [CHAT] Вы стали стеклянным! Вы умрете, если получите урон 10 раз
[16:11:25] [Client thread/INFO] [CHAT] Дверь в комнату управления открыта.
[16:11:25] [Client thread/INFO] [CHAT] \n  MEDIA ┃ quxaniii запустил стрим!\n  Платформа: Twitch\n  Напишите /media для проcмотра активных трансляций\n 
[16:11:29] [Client thread/INFO] [CHAT] Получено 5 звезд
[16:11:33] [Client thread/INFO] [CHAT] Получено 5 звезд
[16:11:33] [Client thread/INFO] [CHAT] Вам выпал Изумруд x2
[16:11:39] [Client thread/INFO] [CHAT] Получено 6 звезд
[16:11:54] [Client thread/INFO] [CHAT] Получено 5 звезд
[16:11:54] [Client thread/INFO] [CHAT] Получено 5 звезд
[16:11:54] [Client thread/INFO] [CHAT] Вам выпал Обугленный череп x1
[16:12:00] [Client thread/INFO] [CHAT] Получено 5 звезд
[16:12:07] [Client thread/INFO] [CHAT] Получено 5 звезд
[16:12:18] [Client thread/INFO] [CHAT] Получено 5 звезд
[16:12:18] [Client thread/INFO] [CHAT] Получено 5 звезд
[16:12:25] [Client thread/INFO] [CHAT] Получено 5 звезд
[16:12:25] [Client thread/INFO] [CHAT] Вам выпал Обугленный череп x1
[16:12:30] [Client thread/INFO] [CHAT] Получено 5 звезд
[16:12:30] [Client thread/INFO] [CHAT] Вам выпал Обугленный череп x1
[16:12:44] [Client thread/INFO] [CHAT] Получено 5 звезд
[16:12:44] [Client thread/INFO] [CHAT] Получено 5 звезд
[16:12:44] [Client thread/INFO] [CHAT] Вам выпал Обугленный череп x1
[16:12:49] [Client thread/INFO] [CHAT] Получено 5 звезд
[16:12:57] [Client thread/INFO] [CHAT] Получено 5 звезд
[16:12:57] [Client thread/INFO] [CHAT] Вам выпал Изумруд x1
[16:12:57] [Client thread/INFO] [CHAT] Вам выпал Обугленный череп x1
[16:13:05] [Client thread/INFO] [CHAT] Получено 5 звезд
[16:13:05] [Client thread/INFO] [CHAT] Вам выпал Благословенная серебряная звезда зачарования x1
[16:13:05] [Client thread/INFO] [CHAT] Получено 5 звезд
[16:13:05] [Client thread/INFO] [CHAT] Вам выпал Обугленный череп x1
[16:13:06] [Client thread/INFO] [CHAT] [9] V ┃ lesochkin » охаёшечки
[16:13:24] [Client thread/INFO] [CHAT] Получено 5 звезд
[16:13:33] [Client thread/INFO] [CHAT] Получено 5 звезд
[16:13:33] [Client thread/INFO] [CHAT] Вам выпал Изумруд x2
[16:13:33] [Client thread/INFO] [CHAT] Получено 5 звезд
[16:13:38] [Client thread/INFO] [CHAT] Получено 5 звезд
[16:13:38] [Client thread/INFO] [CHAT] Вам выпал Изумруд x1
[16:13:42] [Client thread/INFO] [CHAT] Получено 5 звезд
[16:13:45] [Client thread/INFO] [CHAT] Получено 5 звезд
[16:13:52] [Client thread/INFO] [CHAT] Получено 5 звезд
[16:13:56] [Client thread/INFO] [CHAT] Получено 5 звезд
[16:14:01] [Client thread/INFO] [CHAT] Получено 5 звезд
[16:14:05] [Client thread/INFO] [CHAT] Получено 5 звезд
[16:14:05] [Client thread/INFO] [CHAT] Вам выпал Обугленный череп x1
[16:14:08] [Client thread/INFO] [CHAT] Получено 5 звезд
[16:14:24] [Client thread/INFO] [CHAT] Получено 5 звезд
[16:14:27] [Client thread/INFO] [CHAT] Получено 5 звезд
[16:14:31] [Client thread/INFO] [CHAT] Получено 5 звезд
[16:14:31] [Client thread/INFO] [CHAT] Вам выпал Изумруд x1
[16:14:40] [Client thread/INFO] [CHAT] Получено 5 звезд
[16:14:40] [Client thread/INFO] [CHAT] Вам выпал Изумруд x2
[16:14:42] [Client thread/INFO] [CHAT] Получено 5 звезд
[16:14:44] [Client thread/INFO] [CHAT] Получено 5 звезд
[16:14:44] [Client thread/INFO] [CHAT] Вам выпал Осколок фантазии Этоля x1
[16:14:44] [Client thread/INFO] [CHAT] Получено 8 звезд
[16:14:46] [Client thread/INFO] [CHAT] Tveiv получил Унижение
[16:15:21] [Client thread/INFO] [CHAT] Цель уклонилась от атаки на 32%
[16:15:23] [Client thread/INFO] [CHAT] Получено 6 звезд
[16:15:23] [Client thread/INFO] [CHAT] Цель уклонилась от атаки на 47%
[16:15:28] [Client thread/INFO] [CHAT] Цель уклонилась от атаки на 50%
[16:15:29] [Client thread/INFO] [CHAT] Вампиризм сброшен!
[16:15:30] [Client thread/INFO] [CHAT] Получено 5 звезд
[16:15:30] [Client thread/INFO] [CHAT] Вам выпал Изумруд x1
[16:15:30] [Client thread/INFO] [CHAT] Вам выпал Обугленный череп x1
[16:15:32] [Client thread/INFO] [CHAT] Получено 5 звезд
[16:15:32] [Client thread/INFO] [CHAT] Вам выпал Обугленный череп x1
[16:15:40] [Client thread/INFO] [CHAT] Вампиризм сброшен!
[16:15:41] [Client thread/INFO] [CHAT] Вампиризм сброшен!
[16:15:41] [Client thread/INFO] [CHAT] Цель уклонилась от атаки на 35%
[16:15:42] [Client thread/INFO] [CHAT] Цель уклонилась от атаки на 39%
[16:15:45] [Client thread/INFO] [CHAT] Цель уклонилась от атаки на 34%
[16:15:45] [Client thread/INFO] [CHAT] Получено 5 звезд
[16:15:46] [Client thread/INFO] [CHAT] Цель уклонилась от атаки на 45%
[16:15:46] [Client thread/INFO] [CHAT] Цель уклонилась от атаки на 38%
[16:15:47] [Client thread/INFO] [CHAT] Получено 5 звезд
[16:15:47] [Client thread/INFO] [CHAT] Вам выпал Изумруд x1
[16:15:49] [Client thread/INFO] [CHAT] Вампиризм сброшен!
[16:15:50] [Client thread/INFO] [CHAT] Цель уклонилась от атаки на 46%
[16:15:51] [Client thread/INFO] [CHAT] Получено 5 звезд
[16:15:51] [Client thread/INFO] [CHAT] Вам выпал Обугленный череп x1
[16:15:55] [Client thread/INFO] [CHAT] Получено 5 звезд
[16:15:55] [Client thread/INFO] [CHAT] Получено 5 звезд
[16:15:55] [Client thread/INFO] [CHAT] Вам выпал Изумруд x1
[16:15:58] [Client thread/INFO] [CHAT] Получено 5 звезд
[16:15:58] [Client thread/INFO] [CHAT] Получено 10 звезд
[16:15:58] [Client thread/INFO] [CHAT] Волки Катастрофы проснулись от происходящей резни. Они убьют всех, кто не успел сбежать.
[16:16:01] [Client thread/INFO] [CHAT] Tveiv получил Долг боли
[16:16:29] [Client thread/INFO] [CHAT] Цель уклонилась от атаки на 30%
[16:16:30] [Client thread/INFO] [CHAT] Цель уклонилась от атаки на 46%
[16:16:32] [Client thread/INFO] [CHAT] Цель уклонилась от атаки на 40%
[16:16:33] [Client thread/INFO] [CHAT] Получено 5 звезд
[16:16:35] [Client thread/INFO] [CHAT] Вампиризм сброшен!
[16:16:35] [Client thread/INFO] [CHAT] Tveiv погиб! Осталось 2 возрождения
[16:16:36] [Client thread/ERROR] Error on handle event #liPuq in Mod{name='VoidMod', version='1.0+cb03bcc', persistent=false, delegate=dev.a.a.a, modState=LOADED}
java.lang.NullPointerException: Cannot invoke "!#RHFkw.r()" because "<parameter1>" is null
	at VoidMod-v1.0+cb03bcc//dev.a.a.g.g.a(SourceFile:13)
	at VoidMod-v1.0+cb03bcc//dev.a.a.h.a.a.a.h(SourceFile)
	at VoidMod-v1.0+cb03bcc//dev.a.a.h.a.b.a(SourceFile:49)
	at VoidMod-v1.0+cb03bcc//dev.a.a.h.a.b.injectedLambda$a$13(SourceFile)
	at java.base/java.util.Collection.removeIf(Unknown Source)
	at VoidMod-v1.0+cb03bcc//dev.a.a.h.a.b.a(SourceFile:46)
	at VoidMod-v1.0+cb03bcc//dev.a.a.h.a.b.injectedLambda$a$9(SourceFile)
	at #glmBE.sa(SourceFile:56)
	at #VmcMg.a(Unknown Source)
	at #VmcMg.accept(Unknown Source)
	at #Hvwvu.sa(SourceFile:105)
	at #durGt.a(Unknown Source)
	at #durGt.accept(Unknown Source)
	at #IsJOi.sa(SourceFile:59)
	at #Tuhja.a(SourceFile)
	at #YLOEq.sa(SourceFile:89)
	at #qbDVS.sa(SourceFile:100)
	at #uvNju.unsafeHandle(SourceFile)
	at #weeOO.sa(SourceFile:50)
	at #neVQx.sF(SourceFile:3590)
	at #eiNMA.sv(SourceFile:1999)
	at #zSGbB.sa(SourceFile:1482)
	at #lVFyp.st(SourceFile:1634)
	at #cYnba.sk(SourceFile:487)
	at net.minecraft.client.main.GameMain.a(SourceFile:220)
	at net.minecraft.client.main.GameMain.a(SourceFile:156)
	at #kBJWf.a(Unknown Source)
	at #kBJWf.run(Unknown Source)
	at java.base/java.lang.Thread.run(Unknown Source)
[16:16:42] [Client thread/INFO] [CHAT] Потеряно 200 звезд
[16:16:42] [Client thread/INFO] [CHAT] Tveiv получил Спокойствие разума
[16:16:43] [Client thread/INFO] [CHAT] Цель уклонилась от атаки на 28%
[16:16:49] [Client thread/INFO] [CHAT] Потеряно 200 звезд
[16:16:49] [Client thread/INFO] [CHAT] Tveiv получил Атомные часы
[16:16:52] [Client thread/INFO] [CHAT] Потеряно 200 звезд
[16:16:52] [Client thread/INFO] [CHAT] Tveiv получил Зеркало Катастрофы
[16:16:53] [Client thread/INFO] [CHAT] Tveiv погиб! Осталось 1 возрождение
[16:17:14] [Client thread/INFO] [CHAT] Цель уклонилась от атаки на 28%
[16:17:25] [Client thread/INFO] [CHAT] Цель уклонилась от атаки на 41%
[16:17:41] [Client thread/INFO] [CHAT] Бессмертная голова колдуна: Мы собрались в этот прекрасный день, чтобы покончить с Исцелением. Почему же все так пытаются помешать нам?
[16:17:46] [Client thread/INFO] [CHAT] Цель уклонилась от атаки на 37%
[16:18:24] [Client thread/INFO] [CHAT] Цель уклонилась от атаки на 47%
[16:18:45] [Client thread/INFO] [CHAT] Цель уклонилась от атаки на 45%
[16:18:45] [Client thread/INFO] [CHAT] Цель уклонилась от атаки на 45%
[16:19:10] [Client thread/INFO] [CHAT] Tveiv погиб! Осталось 0 возрождений
[16:19:45] [Client thread/INFO] [CHAT] Цель уклонилась от атаки на 32%
[16:19:58] [Client thread/INFO] [CHAT] [30] I ┃ TheFoolLotm » [Отражающий амулет]
[16:20:07] [Client thread/INFO] [CHAT] [30] D ┃ mokashi » спасибо хорошо
[16:20:18] [Client thread/INFO] [CHAT] [25] P ┃ 123sterlok456 » !ухх тыы мана сносит...
[16:20:18] [Client thread/INFO] [CHAT] Tveiv получил Собиратель мусора
[16:20:18] [Client thread/INFO] [CHAT] Tveiv получил Проклятие
[16:20:18] [Client thread/INFO] [CHAT] Tveiv получил Никтофобия
[16:20:18] [Client thread/INFO] [CHAT] Tveiv получил Лалофобия
[16:20:18] [Client thread/INFO] [CHAT] Tveiv получил Децидофобия
[16:20:18] [Client thread/INFO] [CHAT] Tveiv получил Пениафобия
[16:20:18] [Client thread/INFO] [CHAT] Tveiv получил Панофобия
[16:20:27] [Client thread/INFO] [CHAT] [30] P+ ┃ GreenBear » !кто пойдет [Карта созвездий]
[16:20:30] [Client thread/INFO] [CHAT] Получено 45 звезд
[16:20:30] [Client thread/INFO] [CHAT] Урон игрока Tveiv: 4589
[16:20:32] [Client thread/INFO] [CHAT] Tveiv получил Башня яркой Луны
[16:20:37] [Client thread/INFO] [CHAT] Объект появляется в комнате. Это конец величественных звёзд.
[16:20:37] [Client thread/INFO] [CHAT] [30] I ┃ TheFoolLotm » opa
[16:20:45] [Client thread/INFO] [CHAT] [25] P ┃ 123sterlok456 » !Мне можно за компанию?)
[16:20:49] [Client thread/INFO] [CHAT] Вампиризм сброшен!
[16:20:55] [Client thread/INFO] [CHAT] Tveiv получил Контроль
[16:20:57] [Client thread/INFO] [CHAT] [30] I ┃ TheFoolLotm » я пойду но погодьте 2 мин
[16:21:07] [Client thread/ERROR] Error on handle event #VIlGP in Mod{name='VoidMod', version='1.0+cb03bcc', persistent=false, delegate=dev.a.a.a, modState=LOADED}
java.lang.NullPointerException: Cannot invoke "!#RHFkw.a()" because "<parameter1>" is null
	at VoidMod-v1.0+cb03bcc//dev.a.a.d.b.a.a(SourceFile:54)
	at VoidMod-v1.0+cb03bcc//dev.a.a.f.j.a.c.d(SourceFile:15)
	at VoidMod-v1.0+cb03bcc//dev.a.a.f.j.a.c.injectedLambda$d$1(SourceFile)
	at VoidMod-v1.0+cb03bcc//dev.a.a.f.j.b.a(SourceFile:21)
	at VoidMod-v1.0+cb03bcc//dev.a.a.f.j.b.injectedLambda$a$10(SourceFile)
	at java.base/java.util.ArrayList.forEach(Unknown Source)
	at VoidMod-v1.0+cb03bcc//dev.a.a.f.j.b.a(SourceFile:185)
	at VoidMod-v1.0+cb03bcc//dev.a.a.f.j.b.injectedLambda$a$0(SourceFile)
	at #glmBE.sa(SourceFile:56)
	at #VmcMg.a(Unknown Source)
	at #VmcMg.accept(Unknown Source)
	at #Hvwvu.sa(SourceFile:105)
	at #durGt.a(Unknown Source)
	at #durGt.accept(Unknown Source)
	at #IsJOi.sa(SourceFile:59)
	at #Tuhja.a(SourceFile)
	at #YLOEq.sa(SourceFile:89)
	at #qbDVS.sa(SourceFile:100)
	at #uvNju.unsafeHandle(SourceFile)
	at #weeOO.sa(SourceFile:50)
	at #Sgkbh.sa(SourceFile:3463)
	at #CXdva.sb(SourceFile:3447)
	at #goWtm.sN(SourceFile:2219)
	at !#GrWyZ.so(SourceFile:2131)
	at #eiNMA.sv(SourceFile:2013)
	at #zSGbB.sa(SourceFile:1482)
	at #lVFyp.st(SourceFile:1634)
	at #cYnba.sk(SourceFile:487)
	at net.minecraft.client.main.GameMain.a(SourceFile:220)
	at net.minecraft.client.main.GameMain.a(SourceFile:156)
	at #kBJWf.a(Unknown Source)
	at #kBJWf.run(Unknown Source)
	at java.base/java.lang.Thread.run(Unknown Source)
[16:21:15] [Client thread/INFO] [CHAT] Получено 41 звезд
[16:21:15] [Client thread/INFO] [CHAT] Урон игрока Tveiv: 7951
[16:21:16] [Client thread/INFO] [CHAT] Tveiv получил Сетка для ловли звёзд
[16:21:20] [Client thread/INFO] [CHAT] Потеряно 51 звезд
[16:21:20] [Client thread/INFO] [CHAT] Tveiv получил Ключ к Победе
[16:21:36] [Client thread/INFO] [CHAT] Получено 61 звезд
[16:21:36] [Client thread/INFO] [CHAT] Урон игрока Tveiv: 5324
[16:21:38] [Client thread/INFO] [CHAT] Tveiv получил Грохот научного триумфа
[16:21:39] [Client thread/INFO] [CHAT] Зверь появляется в комнате.
[16:21:41] [Client thread/INFO] [CHAT] Tveiv получил Дурак
[16:21:41] [Client thread/INFO] [CHAT] Tveiv получил Унижение
[16:21:41] [Client thread/INFO] [CHAT] Tveiv получил Паранойя Победителя
[16:21:44] [Client thread/INFO] [CHAT] Цель уклонилась от атаки на 30%
[16:21:46] [Client thread/INFO] [CHAT] Цель уклонилась от атаки на 45%
[16:21:46] [Client thread/INFO] [CHAT] Цель уклонилась от атаки на 26%
[16:21:50] [Client thread/INFO] [CHAT] Цель уклонилась от атаки на 42%
[16:21:50] [Client thread/INFO] [CHAT] Получено 64 звезд
[16:21:50] [Client thread/INFO] [CHAT] Урон игрока Tveiv: 5972
[16:21:53] [Client thread/INFO] [CHAT] Tveiv получил Компас заклинателя
[16:21:55] [Client thread/INFO] [CHAT] Tveiv получил Бонус уровня
[16:21:59] [Client thread/INFO] [CHAT] Цель уклонилась от атаки на 43%
[16:21:59] [Client thread/INFO] [CHAT] [30] P+ ┃ GreenBear » +2 yf 27
[16:22:00] [Client thread/INFO] [CHAT] Цель уклонилась от атаки на 40%
[16:22:09] [Client thread/INFO] [CHAT] [30] P+ ┃ GreenBear » +2 на 27
[16:22:09] [Client thread/ERROR] Error on handle event #VIlGP in Mod{name='VoidMod', version='1.0+cb03bcc', persistent=false, delegate=dev.a.a.a, modState=LOADED}
java.lang.NullPointerException: Cannot invoke "!#RHFkw.a()" because "<parameter1>" is null
	at VoidMod-v1.0+cb03bcc//dev.a.a.d.b.a.a(SourceFile:54)
	at VoidMod-v1.0+cb03bcc//dev.a.a.f.j.a.c.d(SourceFile:15)
	at VoidMod-v1.0+cb03bcc//dev.a.a.f.j.a.c.injectedLambda$d$1(SourceFile)
	at VoidMod-v1.0+cb03bcc//dev.a.a.f.j.b.a(SourceFile:21)
	at VoidMod-v1.0+cb03bcc//dev.a.a.f.j.b.injectedLambda$a$10(SourceFile)
	at java.base/java.util.ArrayList.forEach(Unknown Source)
	at VoidMod-v1.0+cb03bcc//dev.a.a.f.j.b.a(SourceFile:185)
	at VoidMod-v1.0+cb03bcc//dev.a.a.f.j.b.injectedLambda$a$0(SourceFile)
	at #glmBE.sa(SourceFile:56)
	at #VmcMg.a(Unknown Source)
	at #VmcMg.accept(Unknown Source)
	at #Hvwvu.sa(SourceFile:105)
	at #durGt.a(Unknown Source)
	at #durGt.accept(Unknown Source)
	at #IsJOi.sa(SourceFile:59)
	at #Tuhja.a(SourceFile)
	at #YLOEq.sa(SourceFile:89)
	at #qbDVS.sa(SourceFile:100)
	at #uvNju.unsafeHandle(SourceFile)
	at #weeOO.sa(SourceFile:50)
	at #Sgkbh.sa(SourceFile:3463)
	at #CXdva.sb(SourceFile:3447)
	at #goWtm.sN(SourceFile:2219)
	at !#GrWyZ.so(SourceFile:2131)
	at #eiNMA.sv(SourceFile:2013)
	at #zSGbB.sa(SourceFile:1482)
	at #lVFyp.st(SourceFile:1634)
	at #cYnba.sk(SourceFile:487)
	at net.minecraft.client.main.GameMain.a(SourceFile:220)
	at net.minecraft.client.main.GameMain.a(SourceFile:156)
	at #kBJWf.a(Unknown Source)
	at #kBJWf.run(Unknown Source)
	at java.base/java.lang.Thread.run(Unknown Source)
[16:22:15] [Client thread/INFO] [CHAT] Цель уклонилась от атаки на 35%
[16:22:21] [Client thread/INFO] [CHAT] Получено 54 звезд
[16:22:21] [Client thread/INFO] [CHAT] Урон игрока Tveiv: 11067
[16:22:22] [Client thread/INFO] [CHAT] Tveiv получил Взгляд Расимы
[16:22:23] [Client thread/INFO] [CHAT] [30] P+ ┃ GreenBear » Ктой пойдет
[16:22:28] [Client thread/INFO] [CHAT] [30] D ┃ mokashi » в 15?
[16:22:30] [Client thread/INFO] [CHAT] [30] P+ ┃ GreenBear » !кто пойдет [Карта созвездий]
[16:22:32] [Client thread/INFO] [CHAT] Цель уклонилась от атаки на 49%
[16:22:33] [Client thread/INFO] [CHAT] Цель уклонилась от атаки на 39%
[16:22:34] [Client thread/INFO] [CHAT] [30] D ┃ mokashi » или ты хочешь на 27 нах
[16:22:36] [Client thread/INFO] [CHAT] Цель уклонилась от атаки на 40%
[16:22:41] [Client thread/INFO] [CHAT] Цель уклонилась от атаки на 44%
[16:22:41] [Client thread/INFO] [CHAT] [30] P+ ┃ GreenBear » 27
[16:22:42] [Client thread/INFO] [CHAT] Цель уклонилась от атаки на 44%
[16:22:44] [Client thread/INFO] [CHAT] Цель уклонилась от атаки на 30%
[16:22:51] [Client thread/INFO] [CHAT] Цель уклонилась от атаки на 36%
[16:22:53] [Client thread/INFO] [CHAT] [30] D ┃ mokashi » ты проходил?
[16:22:53] [Client thread/INFO] [CHAT] Цель уклонилась от атаки на 35%
[16:23:03] [Client thread/INFO] [CHAT] [30] I ┃ TheFoolLotm » mda
[16:23:07] [Client thread/INFO] [CHAT] [30] P+ ┃ GreenBear » нетне пытался даже
[16:23:12] [Client thread/INFO] [CHAT] [30] I ┃ TheFoolLotm » гений эта карта на 15 а не 27
[16:23:12] [Client thread/INFO] [CHAT] Цель уклонилась от атаки на 37%
[16:23:15] [Client thread/INFO] [CHAT] [30] D ┃ mokashi » думаешь оно того стоит
[16:23:16] [Client thread/INFO] [CHAT] Цель уклонилась от атаки на 47%
[16:23:18] [Client thread/INFO] [CHAT] [30] E ┃ Dapkyc_228 » знает кто как комнату открыть в покоях босса
[16:23:19] [Client thread/INFO] [CHAT] Цель уклонилась от атаки на 34%
[16:23:20] [Client thread/INFO] [CHAT] Цель уклонилась от атаки на 37%
[16:23:29] [Client thread/INFO] [CHAT] Получено 35 звезд
[16:23:29] [Client thread/INFO] [CHAT] Урон игрока Tveiv: 34142
[16:23:31] [Client thread/INFO] [CHAT] Tveiv получил Небытие
[16:23:35] [Client thread/INFO] [CHAT] Цель уклонилась от атаки на 42%
[16:23:36] [Client thread/INFO] [CHAT] Цель уклонилась от атаки на 48%
[16:23:37] [Client thread/INFO] [CHAT] [30] P+ ┃ GreenBear » а
[16:23:40] [Client thread/INFO] [CHAT] Цель уклонилась от атаки на 35%
[16:23:45] [Client thread/INFO] [CHAT] Цель уклонилась от атаки на 37%
[16:23:48] [Client thread/INFO] [CHAT] Tveiv получил Бонус урона
[16:23:48] [Client thread/INFO] [CHAT] Tveiv получил Бонус уклонения
[16:23:48] [Client thread/INFO] [CHAT] Tveiv получил Ничего
[16:23:50] [Client thread/INFO] [CHAT] Получено 58 звезд
[16:23:50] [Client thread/INFO] [CHAT] Урон игрока Tveiv: 13225
[16:23:51] [Client thread/INFO] [CHAT] Tveiv получил Прогноз погоды
[16:23:52] [Client thread/INFO] [CHAT] \n   Сейчас трансляции ведут:\n   MEDIA ┃ quxaniii, MEDIA ┃ Toolki \n   Напишите /media для проcмотра активных трансляций\n 
[16:23:57] [Client thread/INFO] [CHAT] Потеряно 54 звезд
[16:23:57] [Client thread/INFO] [CHAT] Tveiv получил Бонус урона
[16:23:57] [Client thread/INFO] [CHAT] Tveiv получил Бонус уклонения
[16:23:57] [Client thread/INFO] [CHAT] Tveiv получил Ничего
[16:24:00] [Client thread/INFO] [CHAT] Вы уклонились на 30%
[16:24:02] [Client thread/INFO] [CHAT] Цель уклонилась от атаки на 35%
[16:24:03] [Client thread/INFO] [CHAT] Цель уклонилась от атаки на 41%
[16:24:03] [Client thread/INFO] [CHAT] Цель уклонилась от атаки на 34%
[16:24:10] [Client thread/INFO] [CHAT] Получено 62 звезд
[16:24:10] [Client thread/INFO] [CHAT] Урон игрока Tveiv: 8622
[16:24:13] [Client thread/INFO] [CHAT] Tveiv получил Воронка проклятий
[16:24:18] [Client thread/INFO] [CHAT] [30] Mrplayer228 » помочь кому локи попроходить?
[16:24:18] [Client thread/INFO] [CHAT] Потеряно 54 звезд
[16:24:18] [Client thread/INFO] [CHAT] Tveiv получил Бонус урона x2
[16:24:18] [Client thread/INFO] [CHAT] Tveiv получил Бонус уклонения x2
[16:24:18] [Client thread/INFO] [CHAT] Tveiv получил Небытие
[16:24:25] [Client thread/INFO] [CHAT] Цель уклонилась от атаки на 26%
[16:24:25] [Client thread/INFO] [CHAT] Вы уклонились на 46%
[16:24:25] [Client thread/INFO] [CHAT] Вы уклонились на 45%
[16:24:25] [Client thread/INFO] [CHAT] Вы уклонились на 50%
[16:24:28] [Client thread/INFO] [CHAT] Вы уклонились на 47%
[16:24:29] [Client thread/INFO] [CHAT] Цель уклонилась от атаки на 48%
[16:24:30] [Client thread/INFO] [CHAT] Цель уклонилась от атаки на 45%
[16:24:30] [Client thread/INFO] [CHAT] Вы уклонились на 44%
[16:24:35] [Client thread/INFO] [CHAT] Получено 60 звезд
[16:24:35] [Client thread/INFO] [CHAT] Урон игрока Tveiv: 15449
[16:24:37] [Client thread/INFO] [CHAT] Tveiv получил Прострел с Юпитера
[16:24:38] [Client thread/INFO] [CHAT] Tveiv получил Спарагмос
[16:24:46] [Client thread/INFO] [CHAT] Цель уклонилась от атаки на 38%
[16:24:48] [Client thread/INFO] [CHAT] Вы уклонились на 49%
[16:24:49] [Client thread/INFO] [CHAT] Вы уклонились на 49%
[16:24:50] [Client thread/INFO] [CHAT] Вы уклонились на 35%
[16:24:53] [Client thread/INFO] [CHAT] [30] P+ ┃ X_KaRteZ_X » 1
[16:24:55] [Client thread/INFO] [CHAT] Получено 62 звезд
[16:24:55] [Client thread/INFO] [CHAT] Урон игрока Tveiv: 17736
[16:24:57] [Client thread/INFO] [CHAT] Tveiv получил Бонус скорости
[16:25:01] [Client thread/INFO] [CHAT] Вы уклонились на 48%
[16:25:04] [Client thread/INFO] [CHAT] Вы уклонились на 27%
[16:25:06] [Client thread/INFO] [CHAT] [7] Lega_Zero » Эээм. Это что за форт боярд? Без предмета меня вопросами чуть ли не после каждой волны закидывают.
[16:25:09] [Client thread/INFO] [CHAT] Получено 64 звезд
[16:25:09] [Client thread/INFO] [CHAT] Урон игрока Tveiv: 9424
[16:25:10] [Client thread/INFO] [CHAT] Tveiv получил Расшифровщик Валотайла
[16:25:12] [Client thread/INFO] [CHAT] [29] Тильт ┃ dd77 » [Темный посох бессмертного ♡ +3]
[16:25:16] [Client thread/INFO] [CHAT] Вы уклонились на 39%
[16:25:19] [Client thread/INFO] [CHAT] Цель уклонилась от атаки на 48%
[16:25:21] [Client thread/INFO] [CHAT] Вы уклонились на 41%
[16:25:21] [Client thread/INFO] [CHAT] [25] P ┃ 123sterlok456 » !Наоборот кайф же не?
[16:25:27] [Client thread/INFO] [CHAT] [30] D ┃ mokashi » эта откуда
[16:25:27] [Client thread/INFO] [CHAT] Вы уклонились на 46%
[16:25:33] [Client thread/INFO] [CHAT] Цель уклонилась от атаки на 35%
[16:25:34] [Client thread/INFO] [CHAT] Вы уклонились на 40%
[16:25:37] [Client thread/INFO] [CHAT] Вы уклонились на 48%
[16:25:37] [Client thread/INFO] [CHAT] [29] Тильт ┃ dd77 » [Лук из волчьих костей ☠ +2]
[16:25:40] [Client thread/INFO] [CHAT] Вы уклонились на 36%
[16:25:42] [Client thread/INFO] [CHAT] Вы уклонились на 34%
[16:25:44] [Client thread/INFO] [CHAT] Цель уклонилась от атаки на 38%
[16:25:44] [Client thread/INFO] [CHAT] Цель уклонилась от атаки на 30%
[16:25:45] [Client thread/INFO] [CHAT] Цель уклонилась от атаки на 47%
[16:25:46] [Client thread/INFO] [CHAT] [7] Lega_Zero » Молния бьёт в звезду незера, что с ней происходит? А откуда я должен знать что с ней происходит в данном режиме если ни разу не видел этого?
[16:25:47] [Client thread/INFO] [CHAT] Получено 49 звезд
[16:25:47] [Client thread/INFO] [CHAT] Урон игрока Tveiv: 24920
[16:25:48] [Client thread/INFO] [CHAT] Tveiv получил Разрушитель звёзд
[16:25:49] [Client thread/INFO] [CHAT] [30] I ┃ TheFoolLotm » на 27 кто пойдёт?
[16:25:53] [Client thread/INFO] [CHAT] Последователи Бедствия появляются в комнате.
[16:25:54] [Client thread/INFO] [CHAT] Наследница Бедствия: Странник Тьмы, ты же направляешься к Расиме?
[16:25:55] [Client thread/INFO] [CHAT] Наследница Бедствия: Мы можем помочь друг-другу.
[16:25:57] [Client thread/INFO] [CHAT] Наследница Бедствия: В битве с Расимой, мы будем на твоей стороне. Согласен?
[16:25:58] [Client thread/INFO] [CHAT] [30] D ┃ mokashi » пропадет мб
[16:25:58] [Client thread/INFO] [CHAT] Наследница Бедствия: Прекрасно, скоро мы встретимся.
[16:25:58] [Client thread/INFO] [CHAT] Tveiv получил Проклятие x3
[16:25:58] [Client thread/INFO] [CHAT] Tveiv получил Взгляд Расимы
[16:25:58] [Client thread/INFO] [CHAT] Tveiv получил Последователи Бедствия
[16:26:01] [Client thread/INFO] [CHAT] [30] D ┃ mokashi » молния же уничтожает
[16:26:06] [Client thread/INFO] [CHAT] [7] Lega_Zero » Так то да.
[16:26:08] [Client thread/INFO] [CHAT] [25] P ┃ 123sterlok456 » !пропадет
[16:26:10] [Client thread/INFO] [CHAT] [30] D ┃ mokashi » тут в основном вопросы по обычному майну если че
[16:26:12] [Client thread/INFO] [CHAT] Получено 61 звезд
[16:26:12] [Client thread/INFO] [CHAT] Получено 56 звезд
[16:26:12] [Client thread/INFO] [CHAT] Урон игрока Tveiv: 9767
[16:26:18] [Client thread/INFO] [CHAT] Вы уклонились на 40%
[16:26:20] [Client thread/ERROR] Error on handle event #liPuq in Mod{name='VoidMod', version='1.0+cb03bcc', persistent=false, delegate=dev.a.a.a, modState=LOADED}
java.lang.NullPointerException: Cannot invoke "!#RHFkw.r()" because "<parameter1>" is null
	at VoidMod-v1.0+cb03bcc//dev.a.a.g.g.a(SourceFile:13)
	at VoidMod-v1.0+cb03bcc//dev.a.a.h.a.a.a.h(SourceFile)
	at VoidMod-v1.0+cb03bcc//dev.a.a.h.a.b.a(SourceFile:49)
	at VoidMod-v1.0+cb03bcc//dev.a.a.h.a.b.injectedLambda$a$13(SourceFile)
	at java.base/java.util.Collection.removeIf(Unknown Source)
	at VoidMod-v1.0+cb03bcc//dev.a.a.h.a.b.a(SourceFile:46)
	at VoidMod-v1.0+cb03bcc//dev.a.a.h.a.b.injectedLambda$a$9(SourceFile)
	at #glmBE.sa(SourceFile:56)
	at #VmcMg.a(Unknown Source)
	at #VmcMg.accept(Unknown Source)
	at #Hvwvu.sa(SourceFile:105)
	at #durGt.a(Unknown Source)
	at #durGt.accept(Unknown Source)
	at #IsJOi.sa(SourceFile:59)
	at #Tuhja.a(SourceFile)
	at #YLOEq.sa(SourceFile:89)
	at #qbDVS.sa(SourceFile:100)
	at #uvNju.unsafeHandle(SourceFile)
	at #weeOO.sa(SourceFile:50)
	at #neVQx.sF(SourceFile:3590)
	at #eiNMA.sv(SourceFile:1999)
	at #zSGbB.sa(SourceFile:1482)
	at #lVFyp.st(SourceFile:1634)
	at #cYnba.sk(SourceFile:487)
	at net.minecraft.client.main.GameMain.a(SourceFile:220)
	at net.minecraft.client.main.GameMain.a(SourceFile:156)
	at #kBJWf.a(Unknown Source)
	at #kBJWf.run(Unknown Source)
	at java.base/java.lang.Thread.run(Unknown Source)
[16:26:20] [Client thread/INFO] [CHAT] [30] D ┃ mokashi » тут звезд незера нет
[16:26:20] [Client thread/ERROR] Error on handle event #liPuq in Mod{name='VoidMod', version='1.0+cb03bcc', persistent=false, delegate=dev.a.a.a, modState=LOADED}
java.lang.NullPointerException: Cannot invoke "!#RHFkw.r()" because "<parameter1>" is null
	at VoidMod-v1.0+cb03bcc//dev.a.a.g.g.a(SourceFile:13)
	at VoidMod-v1.0+cb03bcc//dev.a.a.h.a.a.a.h(SourceFile)
	at VoidMod-v1.0+cb03bcc//dev.a.a.h.a.b.a(SourceFile:49)
	at VoidMod-v1.0+cb03bcc//dev.a.a.h.a.b.injectedLambda$a$13(SourceFile)
	at java.base/java.util.Collection.removeIf(Unknown Source)
	at VoidMod-v1.0+cb03bcc//dev.a.a.h.a.b.a(SourceFile:46)
	at VoidMod-v1.0+cb03bcc//dev.a.a.h.a.b.injectedLambda$a$9(SourceFile)
	at #glmBE.sa(SourceFile:56)
	at #VmcMg.a(Unknown Source)
	at #VmcMg.accept(Unknown Source)
	at #Hvwvu.sa(SourceFile:105)
	at #durGt.a(Unknown Source)
	at #durGt.accept(Unknown Source)
	at #IsJOi.sa(SourceFile:59)
	at #Tuhja.a(SourceFile)
	at #YLOEq.sa(SourceFile:89)
	at #qbDVS.sa(SourceFile:100)
	at #uvNju.unsafeHandle(SourceFile)
	at #weeOO.sa(SourceFile:50)
	at #neVQx.sF(SourceFile:3590)
	at #eiNMA.sv(SourceFile:1999)
	at #zSGbB.sa(SourceFile:1482)
	at #lVFyp.st(SourceFile:1634)
	at #cYnba.sk(SourceFile:487)
	at net.minecraft.client.main.GameMain.a(SourceFile:220)
	at net.minecraft.client.main.GameMain.a(SourceFile:156)
	at #kBJWf.a(Unknown Source)
	at #kBJWf.run(Unknown Source)
	at java.base/java.lang.Thread.run(Unknown Source)
[16:26:22] [Client thread/INFO] [CHAT] [30] I ┃ TheFoolLotm » ! mokashi 27 go?
[16:26:23] [Client thread/INFO] [CHAT] Вампиризм сброшен!
[16:26:24] [Client thread/INFO] [CHAT] Цель уклонилась от атаки на 31%
[16:26:25] [Client thread/INFO] [CHAT] Получено 62 звезд
[16:26:25] [Client thread/INFO] [CHAT] Получено 56 звезд
[16:26:25] [Client thread/INFO] [CHAT] Урон игрока Tveiv: 11010
[16:26:26] [Client thread/INFO] [CHAT] [30] D ┃ mokashi » я в игре щас
[16:26:27] [Client thread/INFO] [CHAT] Tveiv получил Долг боли
[16:26:30] [Client thread/INFO] [CHAT] [30] I ┃ TheFoolLotm » пон
[16:26:32] [Client thread/INFO] [CHAT] Потеряно 228 звезд
[16:26:32] [Client thread/INFO] [CHAT] Tveiv получил Бонус урона
[16:26:37] [Client thread/INFO] [CHAT] [7] Lega_Zero » Ага и такой вопрос "Сколько мышей появляется в событии с их нашествием?"
[16:26:37] [Client thread/INFO] [CHAT] Цель уклонилась от атаки на 48%
[16:26:37] [Client thread/INFO] [CHAT] Вампиризм сброшен!
[16:26:38] [Client thread/INFO] [CHAT] Вы уклонились на 33%
[16:26:41] [Client thread/INFO] [CHAT] [30] I ┃ TheFoolLotm » 10
[16:26:42] [Client thread/INFO] [CHAT] Вы уклонились на 48%
[16:26:42] [Client thread/INFO] [CHAT] Вы уклонились на 32%
[16:26:43] [Client thread/INFO] [CHAT] [30] Mrplayer228 » 10
[16:26:43] [Client thread/INFO] [CHAT] Вы уклонились на 38%
[16:26:45] [Client thread/INFO] [CHAT] [25] P ┃ 123sterlok456 » !10
[16:26:46] [Client thread/INFO] [CHAT] [30] E ┃ Dapkyc_228 » 125
[16:26:47] [Client thread/INFO] [CHAT] [30] D ┃ mokashi » аче за фигня
[16:26:48] [Client thread/INFO] [CHAT] Вы уклонились на 48%
[16:26:48] [Client thread/INFO] [CHAT] Цель уклонилась от атаки на 42%
[16:26:48] [Client thread/INFO] [CHAT] Вы уклонились на 35%
[16:26:51] [Client thread/INFO] [CHAT] [30] D ┃ mokashi » почему дверь не открывается
[16:26:51] [Client thread/INFO] [CHAT] Цель уклонилась от атаки на 42%
[16:26:53] [Client thread/INFO] [CHAT] [29] Тильт ┃ dd77 » [Лук из волчьих костей ☠ +6]
[16:26:54] [Client thread/INFO] [CHAT] Вы уклонились на 27%
[16:26:55] [Client thread/INFO] [CHAT] [30] I ┃ TheFoolLotm » какая
[16:26:55] [Client thread/INFO] [CHAT] [30] D ┃ mokashi » к ритуалу
[16:26:55] [Client thread/INFO] [CHAT] Вы уклонились на 35%
[16:26:56] [Client thread/INFO] [CHAT] Вы уклонились на 42%
[16:26:58] [Client thread/INFO] [CHAT] Вы уклонились на 44%
[16:26:59] [Client thread/INFO] [CHAT] Цель уклонилась от атаки на 36%
[16:27:00] [Client thread/INFO] [CHAT] Получено 53 звезд
[16:27:00] [Client thread/INFO] [CHAT] Получено 56 звезд
[16:27:00] [Client thread/INFO] [CHAT] Урон игрока Tveiv: 15712
[16:27:04] [Client thread/INFO] [CHAT] [30] leonardo_leo_ » пропустил
[16:27:07] [Client thread/INFO] [CHAT] Ведьмы появляются в комнате и медленно окружают Вас.
[16:27:08] [Client thread/INFO] [CHAT] Ведьма: Уважаемый Странник Тьмы, поделитесь с нами вашей силой.
[16:27:11] [Client thread/INFO] [CHAT] Tveiv получил Неукротимое бесстрашие
[16:27:13] [Client thread/INFO] [CHAT] [7] Lega_Zero » Да спасибо. Уже обжёгся на нём. Просто суть в том что далеко не факт что только по обычному маину вопросы.
[16:27:15] [Client thread/INFO] [CHAT] [8] I ┃ K0PTER » тебе дали
[16:27:16] [Client thread/INFO] [CHAT] Вампиризм сброшен!
[16:27:17] [Client thread/INFO] [CHAT] Цель уклонилась от атаки на 34%
[16:27:18] [Client thread/INFO] [CHAT] [8] I ┃ K0PTER » халяву
[16:27:20] [Client thread/INFO] [CHAT] Цель уклонилась от атаки на 44%
[16:27:23] [Client thread/INFO] [CHAT] [8] maxim_2014 » !что?
[16:27:25] [Client thread/INFO] [CHAT] Tveiv получил Бонус маны
[16:27:26] [Client thread/INFO] [CHAT] Цель уклонилась от атаки на 49%
[16:27:27] [Client thread/INFO] [CHAT] [30] I ┃ TheFoolLotm » у чата спроси ответ дадут
[16:27:28] [Client thread/INFO] [CHAT] Вы уклонились на 45%
[16:27:29] [Client thread/INFO] [CHAT] Вы уклонились на 47%
[16:27:31] [Client thread/INFO] [CHAT] Цель уклонилась от атаки на 45%
[16:27:32] [Client thread/INFO] [CHAT] На Вас наложен Яростный взор, Вы получаете урон, когда смотрите на существ
[16:27:34] [Client thread/INFO] [CHAT] Цель уклонилась от атаки на 49%
[16:27:36] [Client thread/INFO] [CHAT] [8] I ┃ K0PTER » иди назад
[16:27:44] [Client thread/INFO] [CHAT] [25] P ┃ 123sterlok456 » !Топовые мобы заспавнились
[16:27:54] [Client thread/INFO] [CHAT] Цель уклонилась от атаки на 26%
[16:28:01] [Client thread/INFO] [CHAT] Цель уклонилась от атаки на 50%
[16:28:03] [Client thread/INFO] [CHAT] Вы уклонились на 50%
[16:28:04] [Client thread/INFO] [CHAT] Цель уклонилась от атаки на 25%
[16:28:04] [Client thread/INFO] [CHAT] Цель уклонилась от атаки на 33%
[16:28:05] [Client thread/INFO] [CHAT] Получено 39 звезд
[16:28:05] [Client thread/INFO] [CHAT] Получено 56 звезд
[16:28:05] [Client thread/INFO] [CHAT] Урон игрока Tveiv: 41532
[16:28:14] [Client thread/INFO] [CHAT] Потеряно 72 звезд
[16:28:14] [Client thread/INFO] [CHAT] Tveiv получил Бонус урона x2
[16:28:14] [Client thread/INFO] [CHAT] Tveiv получил Бонус уклонения x2
[16:28:14] [Client thread/INFO] [CHAT] Tveiv получил Ничего
[16:28:16] [Client thread/INFO] [CHAT] [8] I ┃ K0PTER » иди назад
[16:28:17] [Client thread/INFO] [CHAT] [30] I ┃ TheFoolLotm » [Плащ рассеивания ♨ +5]
[16:28:19] [Client thread/INFO] [CHAT] Ведьмы появляются в комнате и медленно окружают Вас.
[16:28:20] [Client thread/INFO] [CHAT] Ведьма: Уважаемый Странник Тьмы, поделитесь с нами вашей силой.
[16:28:22] [Client thread/INFO] [CHAT] Tveiv получил Танатофобия
[16:28:29] [Client thread/INFO] [CHAT] Tveiv получил Бонус брони
[16:28:29] [Client thread/INFO] [CHAT] Вы уклонились на 35%
[16:28:29] [Client thread/INFO] [CHAT] Вы уклонились на 45%
[16:28:30] [Client thread/INFO] [CHAT] Вы уклонились на 32%
[16:28:31] [Client thread/INFO] [CHAT] На Вас наложен Яростный взор, Вы получаете урон, когда смотрите на существ
[16:28:32] [Client thread/INFO] [CHAT] Tveiv получил Бонус маны
[16:28:32] [Client thread/INFO] [CHAT] На Вас наложен Яростный взор, Вы получаете урон, когда смотрите на существ
[16:28:34] [Client thread/INFO] [CHAT] Вы уклонились на 43%
[16:28:37] [Client thread/INFO] [CHAT] Получено 62 звезд
[16:28:37] [Client thread/INFO] [CHAT] Получено 56 звезд
[16:28:37] [Client thread/INFO] [CHAT] Урон игрока Tveiv: 33087
[16:28:43] [Client thread/INFO] [CHAT] Владелец Колеса Удачных Побед: Подходи, дружище. Новому клиенту мы всегда рады, даже сделаем тебе небольшой подарок. Первая крутка - бесплатно!
[16:28:44] [Client thread/INFO] [CHAT] [30] I ┃ TheFoolLotm » кстати
[16:28:48] [Client thread/INFO] [CHAT] Вы уклонились на 40%
[16:28:48] [Client thread/INFO] [CHAT] Цель уклонилась от атаки на 41%
[16:28:48] [Client thread/INFO] [CHAT] Вы уклонились на 39%
[16:28:50] [Client thread/INFO] [CHAT] Вы уклонились на 37%
[16:28:58] [Client thread/INFO] [CHAT] Вы уклонились на 27%
[16:28:59] [Client thread/INFO] [CHAT] Цель уклонилась от атаки на 25%
[16:29:04] [Client thread/INFO] [CHAT] [30] I ┃ TheFoolLotm » - за то, что на 27 локе реген и хп прям низкий, 30+к исцелению в пустоту пошло
[16:29:08] [Client thread/INFO] [CHAT] Цель уклонилась от атаки на 50%
[16:29:08] [Client thread/INFO] [CHAT] Вы уклонились на 33%
[16:29:09] [Client thread/INFO] [CHAT] Вы уклонились на 44%
[16:29:14] [Client thread/INFO] [CHAT] Вы уклонились на 43%
[16:29:14] [Client thread/INFO] [CHAT] Вы уклонились на 49%
[16:29:19] [Client thread/INFO] [CHAT] Вы уклонились на 40%
[16:29:20] [Client thread/INFO] [CHAT] Цель уклонилась от атаки на 43%
[16:29:20] [Client thread/INFO] [CHAT] Получено 49 звезд
[16:29:20] [Client thread/INFO] [CHAT] Получено 56 звезд
[16:29:20] [Client thread/INFO] [CHAT] Урон игрока Tveiv: 49778
[16:29:25] [Client thread/INFO] [CHAT] [12] Pokygorilla » молния бьет в звезду незера что с ней происходит
[16:29:26] [Client thread/INFO] [CHAT] Жми SHIFT, чтобы получить эффект левитации и поймать летучих мышей!
[16:29:30] [Client thread/ERROR] Error on handle event #VIlGP in Mod{name='VoidMod', version='1.0+cb03bcc', persistent=false, delegate=dev.a.a.a, modState=LOADED}
java.lang.NullPointerException: Cannot invoke "!#RHFkw.a()" because "<parameter1>" is null
	at VoidMod-v1.0+cb03bcc//dev.a.a.d.b.a.a(SourceFile:54)
	at VoidMod-v1.0+cb03bcc//dev.a.a.f.j.a.c.d(SourceFile:15)
	at VoidMod-v1.0+cb03bcc//dev.a.a.f.j.a.c.injectedLambda$d$1(SourceFile)
	at VoidMod-v1.0+cb03bcc//dev.a.a.f.j.b.a(SourceFile:21)
	at VoidMod-v1.0+cb03bcc//dev.a.a.f.j.b.injectedLambda$a$10(SourceFile)
	at java.base/java.util.ArrayList.forEach(Unknown Source)
	at VoidMod-v1.0+cb03bcc//dev.a.a.f.j.b.a(SourceFile:185)
	at VoidMod-v1.0+cb03bcc//dev.a.a.f.j.b.injectedLambda$a$0(SourceFile)
	at #glmBE.sa(SourceFile:56)
	at #VmcMg.a(Unknown Source)
	at #VmcMg.accept(Unknown Source)
	at #Hvwvu.sa(SourceFile:105)
	at #durGt.a(Unknown Source)
	at #durGt.accept(Unknown Source)
	at #IsJOi.sa(SourceFile:59)
	at #Tuhja.a(SourceFile)
	at #YLOEq.sa(SourceFile:89)
	at #qbDVS.sa(SourceFile:100)
	at #uvNju.unsafeHandle(SourceFile)
	at #weeOO.sa(SourceFile:50)
	at #Sgkbh.sa(SourceFile:3463)
	at #CXdva.sb(SourceFile:3447)
	at #goWtm.sN(SourceFile:2219)
	at !#GrWyZ.so(SourceFile:2131)
	at #eiNMA.sv(SourceFile:2013)
	at #zSGbB.sa(SourceFile:1482)
	at #lVFyp.st(SourceFile:1634)
	at #cYnba.sk(SourceFile:487)
	at net.minecraft.client.main.GameMain.a(SourceFile:220)
	at net.minecraft.client.main.GameMain.a(SourceFile:156)
	at #kBJWf.a(Unknown Source)
	at #kBJWf.run(Unknown Source)
	at java.base/java.lang.Thread.run(Unknown Source)
[16:29:30] [Client thread/INFO] [CHAT] Tveiv получил Мышь на Венере
[16:29:31] [Client thread/ERROR] Error on handle event #VIlGP in Mod{name='VoidMod', version='1.0+cb03bcc', persistent=false, delegate=dev.a.a.a, modState=LOADED}
java.lang.NullPointerException
[16:29:32] [Client thread/INFO] [CHAT] [7] Lega_Zero » Пропадает
[16:29:34] [Client thread/INFO] [CHAT] Вы уклонились на 48%
[16:30:08] [Client thread/INFO] [CHAT] [29] Тильт ┃ dd77 » [Лук из волчьих костей ☠ +6]
[16:30:18] [Client thread/INFO] [CHAT] [29] Тильт ┃ dd77 » [Темный посох бессмертного ♡ +3]
[16:31:03] [Client thread/INFO] [CHAT] [29] Тильт ┃ dd77 » [Лук из волчьих костей ♨ +6]
[16:31:23] [Client thread/INFO] [CHAT] [30] I ┃ TheFoolLotm » как те скорость под луком и штанами с скоркой dd77
[16:31:54] [Client thread/INFO] [CHAT] [30] I ┃ TheFoolLotm » Дс по серву кстати есть:
[16:32:02] [Client thread/INFO] [CHAT] [30] leonardo_leo_ » и фантазиями на скорость)
[16:32:05] [Client thread/INFO] [CHAT] [30] I ┃ TheFoolLotm » ?
[16:32:07] [Client thread/INFO] [CHAT] [30] P+ ┃ GreenBear » град уже бесполезный ??
[16:32:44] [Client thread/INFO] [CHAT] [30] I ┃ TheFoolLotm » жалко лимит ток 3 оружки в данж
[16:33:28] [Client thread/INFO] [CHAT] Tveiv получил Собиратель мусора
[16:33:28] [Client thread/INFO] [CHAT] Tveiv получил Проклятие
[16:33:28] [Client thread/INFO] [CHAT] Tveiv получил Никтофобия
[16:33:28] [Client thread/INFO] [CHAT] Tveiv получил Лалофобия
[16:33:28] [Client thread/INFO] [CHAT] Tveiv получил Децидофобия
[16:33:28] [Client thread/INFO] [CHAT] Tveiv получил Пениафобия
[16:33:28] [Client thread/INFO] [CHAT] Tveiv получил Панофобия
[16:33:40] [Client thread/INFO] [CHAT] Получено 45 звезд
[16:33:40] [Client thread/INFO] [CHAT] Урон игрока Tveiv: 4875
[16:33:42] [Client thread/INFO] [CHAT] Tveiv получил Возвышение на Юпитер
[16:33:44] [Client thread/INFO] [CHAT] На горизонте маячат гигантские, черные прямоугольники.
[16:33:44] [Client thread/INFO] [CHAT] Вы не можете понять, это чьи-то дома, или же пред вами немыслимые, космические создания.
[16:33:45] [Client thread/FATAL] Error executing task
java.util.concurrent.ExecutionException: java.lang.IllegalArgumentException: URI is not absolute
	at java.base/java.util.concurrent.FutureTask.report(Unknown Source)
	at java.base/java.util.concurrent.FutureTask.get(Unknown Source)
	at #wFFZg.sa(SourceFile:46)
	at #mPGeI.b(SourceFile:52)
	at #QQxhM.sk(SourceFile:1466)
	at #lVFyp.st(SourceFile:1632)
	at #cYnba.sk(SourceFile:487)
	at net.minecraft.client.main.GameMain.a(SourceFile:220)
	at net.minecraft.client.main.GameMain.a(SourceFile:156)
	at #kBJWf.a(Unknown Source)
	at #kBJWf.run(Unknown Source)
	at java.base/java.lang.Thread.run(Unknown Source)
Caused by: java.lang.IllegalArgumentException: URI is not absolute
	at java.base/java.net.URL.of(Unknown Source)
	at #QKiRG.sa(SourceFile:250)
	at #gIFKC.sa(SourceFile:204)
	at !#CoIEI.sa(SourceFile:508)
	at #TBzUk.a(Unknown Source)
	at #TBzUk.run(Unknown Source)
	at java.base/java.util.concurrent.Executors$RunnableAdapter.call(Unknown Source)
	at java.base/java.util.concurrent.FutureTask.run(Unknown Source)
	at #wFFZg.sa(SourceFile:45)
	... 9 more
[16:33:45] [Client thread/FATAL] Error executing task
java.util.concurrent.ExecutionException: java.lang.IllegalArgumentException: URI is not absolute
	at java.base/java.util.concurrent.FutureTask.report(Unknown Source)
	at java.base/java.util.concurrent.FutureTask.get(Unknown Source)
	at #wFFZg.sa(SourceFile:46)
	at #mPGeI.b(SourceFile:52)
	at #QQxhM.sk(SourceFile:1466)
	at #lVFyp.st(SourceFile:1632)
	at #cYnba.sk(SourceFile:487)
	at net.minecraft.client.main.GameMain.a(SourceFile:220)
	at net.minecraft.client.main.GameMain.a(SourceFile:156)
	at #kBJWf.a(Unknown Source)
	at #kBJWf.run(Unknown Source)
	at java.base/java.lang.Thread.run(Unknown Source)
Caused by: java.lang.IllegalArgumentException: URI is not absolute
	at java.base/java.net.URL.of(Unknown Source)
	at #QKiRG.sa(SourceFile:250)
	at #gIFKC.sa(SourceFile:204)
	at !#CoIEI.sa(SourceFile:508)
	at #TBzUk.a(Unknown Source)
	at #TBzUk.run(Unknown Source)
	at java.base/java.util.concurrent.Executors$RunnableAdapter.call(Unknown Source)
	at java.base/java.util.concurrent.FutureTask.run(Unknown Source)
	at #wFFZg.sa(SourceFile:45)
	... 9 more
[16:33:45] [Client thread/FATAL] Error executing task
java.util.concurrent.ExecutionException: java.lang.IllegalArgumentException: URI is not absolute
	at java.base/java.util.concurrent.FutureTask.report(Unknown Source)
	at java.base/java.util.concurrent.FutureTask.get(Unknown Source)
	at #wFFZg.sa(SourceFile:46)
	at #mPGeI.b(SourceFile:52)
	at #QQxhM.sk(SourceFile:1466)
	at #lVFyp.st(SourceFile:1632)
	at #cYnba.sk(SourceFile:487)
	at net.minecraft.client.main.GameMain.a(SourceFile:220)
	at net.minecraft.client.main.GameMain.a(SourceFile:156)
	at #kBJWf.a(Unknown Source)
	at #kBJWf.run(Unknown Source)
	at java.base/java.lang.Thread.run(Unknown Source)
Caused by: java.lang.IllegalArgumentException: URI is not absolute
	at java.base/java.net.URL.of(Unknown Source)
	at #QKiRG.sa(SourceFile:250)
	at #gIFKC.sa(SourceFile:204)
	at !#CoIEI.sa(SourceFile:508)
	at #TBzUk.a(Unknown Source)
	at #TBzUk.run(Unknown Source)
	at java.base/java.util.concurrent.Executors$RunnableAdapter.call(Unknown Source)
	at java.base/java.util.concurrent.FutureTask.run(Unknown Source)
	at #wFFZg.sa(SourceFile:45)
	... 9 more
[16:33:45] [Client thread/INFO] [CHAT] Прямоугольник: ЪвРмръВшысВиОцд
[16:33:47] [Client thread/INFO] [CHAT] Прямоугольник: ШошюШлЭнмгГв
[16:33:48] [Client thread/INFO] [CHAT] Прямоугольник: дчГЦыХпЗЖовиЫбИРс
[16:33:48] [Client thread/INFO] [CHAT] Tveiv получил Черные прямоугольники
[16:34:09] [Client thread/INFO] [CHAT] Получено 41 звезд
[16:34:09] [Client thread/INFO] [CHAT] Урон игрока Tveiv: 8175
[16:34:10] [Client thread/INFO] [CHAT] Tveiv получил Бонус здоровья
[16:34:13] [Client thread/INFO] [CHAT] Свет, исполняющий Желание: Чего ты желаешь? Я исполню все, что ты хочешь.
[16:34:21] [Client thread/INFO] [CHAT] Свет, исполняющий Желание: Ты желаешь небытие? Будет исполнено.
[16:34:24] [Client thread/INFO] [CHAT] Свет, исполняющий Желание: Ваше желание исполнено.
[16:34:24] [Client thread/INFO] [CHAT] Tveiv получил Небытие
[16:34:38] [Client thread/INFO] [CHAT] Получено 43 звезд
[16:34:38] [Client thread/INFO] [CHAT] Урон игрока Tveiv: 5673
[16:34:41] [Client thread/INFO] [CHAT] Tveiv получил Бонус маны
[16:34:45] [Client thread/INFO] [CHAT] Потеряно 46 звезд
[16:34:45] [Client thread/INFO] [CHAT] Tveiv получил Бонус урона
[16:34:45] [Client thread/INFO] [CHAT] Tveiv получил Бонус уклонения
[16:34:45] [Client thread/INFO] [CHAT] Tveiv получил Ничего
[16:34:46] [Client thread/INFO] [CHAT] Механическое создание ужасающе анализирует Вас. Может, Вам стоит сбежать?
[16:34:47] [Client thread/INFO] [CHAT] Механический помощник Валотайла: Дай руку.
[16:34:47] [Client thread/INFO] [CHAT] Создание осматривает вашу руку и..
[16:34:48] [Client thread/INFO] [CHAT] Резко её отрывает! Оторванная рука сильно кровоточит!
[16:34:48] [Client thread/INFO] [CHAT] Механический помощник Валотайла: Спасибо.
[16:34:55] [Client thread/INFO] [CHAT] Tveiv получил Бонус брони
[16:34:56] [Client thread/INFO] [CHAT] Вы уклонились на 33%
[16:34:58] [Client thread/INFO] [CHAT] Получено 45 звезд
[16:34:58] [Client thread/INFO] [CHAT] Урон игрока Tveiv: 6400
[16:34:59] [Client thread/INFO] [CHAT] Tveiv получил Ключ к Победе
[16:35:01] [Client thread/INFO] [CHAT] Tveiv получил Проклятие мультивыбора
[16:35:06] [Client thread/INFO] [CHAT] Загадочное зеркало материализовалось в комнате.
[16:35:06] [Client thread/INFO] [CHAT] ЛКМ - Разбить зеркало
[16:35:06] [Client thread/INFO] [CHAT] ПКМ - Заглянуть в зеркало
[16:35:07] [Client thread/FATAL] Error executing task
java.util.concurrent.ExecutionException: java.lang.IllegalArgumentException: URI is not absolute
	at java.base/java.util.concurrent.FutureTask.report(Unknown Source)
	at java.base/java.util.concurrent.FutureTask.get(Unknown Source)
	at #wFFZg.sa(SourceFile:46)
	at #mPGeI.b(SourceFile:52)
	at #QQxhM.sk(SourceFile:1466)
	at #lVFyp.st(SourceFile:1632)
	at #cYnba.sk(SourceFile:487)
	at net.minecraft.client.main.GameMain.a(SourceFile:220)
	at net.minecraft.client.main.GameMain.a(SourceFile:156)
	at #kBJWf.a(Unknown Source)
	at #kBJWf.run(Unknown Source)
	at java.base/java.lang.Thread.run(Unknown Source)
Caused by: java.lang.IllegalArgumentException: URI is not absolute
	at java.base/java.net.URL.of(Unknown Source)
	at #QKiRG.sa(SourceFile:250)
	at #gIFKC.sa(SourceFile:204)
	at !#CoIEI.sa(SourceFile:508)
	at #TBzUk.a(Unknown Source)
	at #TBzUk.run(Unknown Source)
	at java.base/java.util.concurrent.Executors$RunnableAdapter.call(Unknown Source)
	at java.base/java.util.concurrent.FutureTask.run(Unknown Source)
	at #wFFZg.sa(SourceFile:45)
	... 9 more
[16:35:10] [Client thread/INFO] [CHAT] Вы заглядываете в зеркало и видите в нём себя. Внезапно, зеркало исчезает и Ваше отражение бросается в атаку.
[16:35:13] [Client thread/INFO] [CHAT] Вы уклонились на 28%
[16:35:14] [Client thread/INFO] [CHAT] Цель уклонилась от атаки на 39%
[16:35:14] [Client thread/INFO] [CHAT] Цель уклонилась от атаки на 48%
[16:35:16] [Client thread/INFO] [CHAT] Вы уклонились на 38%
[16:35:16] [Client thread/INFO] [CHAT] Вы уклонились на 32%
[16:35:21] [Client thread/INFO] [CHAT] Tveiv получил Зеркальный
[16:35:27] [Client thread/INFO] [CHAT] Вы уклонились на 38%
[16:35:32] [Client thread/INFO] [CHAT] Вы уклонились на 42%
[16:35:32] [Client thread/INFO] [CHAT] Вы уклонились на 28%
[16:35:35] [Client thread/INFO] [CHAT] Получено 39 звезд
[16:35:35] [Client thread/INFO] [CHAT] Урон игрока Tveiv: 9451
[16:35:36] [Client thread/INFO] [CHAT] Tveiv получил Пожиратель энергии
[16:35:40] [Client thread/INFO] [CHAT] Потеряно 50 звезд
[16:35:40] [Client thread/INFO] [CHAT] Tveiv получил Бонус урона
[16:35:40] [Client thread/INFO] [CHAT] Tveiv получил Бонус уклонения
[16:35:40] [Client thread/INFO] [CHAT] Tveiv получил Ничего
[16:35:51] [Client thread/INFO] [CHAT] Вы уклонились на 34%
[16:35:53] [Client thread/INFO] [CHAT] Вы уклонились на 32%
[16:35:56] [Client thread/INFO] [CHAT] Вы уклонились на 31%
[16:36:02] [Client thread/INFO] [CHAT] Вы уклонились на 28%
[16:36:04] [Client thread/INFO] [CHAT] Вы уклонились на 48%
[16:36:10] [Client thread/INFO] [CHAT] Вы уклонились на 41%
[16:36:12] [Client thread/INFO] [CHAT] Вы уклонились на 37%
[16:36:21] [Client thread/INFO] [CHAT] Вы уклонились на 35%
[16:36:24] [Client thread/INFO] [CHAT] Получено 33 звезд
[16:36:24] [Client thread/INFO] [CHAT] Урон игрока Tveiv: 27525
[16:36:25] [Client thread/INFO] [CHAT] Tveiv получил Стеклянная кукла
[16:36:41] [Client thread/INFO] [CHAT] Получено 45 звезд
[16:36:41] [Client thread/INFO] [CHAT] Урон игрока Tveiv: 10914
[16:36:42] [Client thread/INFO] [CHAT] Tveiv получил Башня яркой Луны
[16:36:50] [Client thread/INFO] [CHAT] Вы уклонились на 26%
[16:36:56] [Client thread/INFO] [CHAT] Получено 46 звезд
[16:36:56] [Client thread/INFO] [CHAT] Урон игрока Tveiv: 6570
[16:36:57] [Client thread/INFO] [CHAT] Tveiv получил Губка
[16:37:02] [Client thread/INFO] [CHAT] Потеряно 216 звезд
[16:37:02] [Client thread/INFO] [CHAT] Tveiv получил Воронка проклятий
[16:37:04] [Client thread/INFO] [CHAT] Владелец Колеса Удачных Побед: Подходи, дружище. Новому клиенту мы всегда рады, даже сделаем тебе небольшой подарок. Первая крутка - бесплатно!
[16:37:10] [Client thread/INFO] [CHAT] Вы уклонились на 45%
[16:37:14] [Client thread/INFO] [CHAT] Вы уклонились на 40%
[16:37:15] [Client thread/INFO] [CHAT] Вы уклонились на 50%
[16:37:17] [Client thread/INFO] [CHAT] Вы уклонились на 37%
[16:37:20] [Client thread/INFO] [CHAT] Получено 45 звезд
[16:37:20] [Client thread/INFO] [CHAT] Урон игрока Tveiv: 13451
[16:37:22] [Client thread/INFO] [CHAT] Tveiv получил Паранойя Победителя
[16:37:23] [Client thread/INFO] [CHAT] Tveiv получил Унижение
[16:37:35] [Client thread/INFO] [CHAT] Вы уклонились на 30%
[16:37:36] [Client thread/INFO] [CHAT] Цель уклонилась от атаки на 38%
[16:37:36] [Client thread/INFO] [CHAT] Получено 45 звезд
[16:37:36] [Client thread/INFO] [CHAT] Урон игрока Tveiv: 15537
[16:37:37] [Client thread/INFO] [CHAT] Tveiv получил Мое последнее перерождение в мире звезд, подаренное Исцелением
[16:37:38] [Client thread/INFO] [CHAT] Таинственная дверь появляется в комнате.
[16:37:41] [Client thread/INFO] [CHAT] Вы открываете дверь и впадаете в ужас. За дверью, Вас ожидало древнее божество.
[16:37:41] [Client thread/INFO] [CHAT] Вы встретили само воплощение Тьмы и Ночи, и теперь, оно нападает на Вас. Это - Ваш Конец.
[16:38:00] [Client thread/INFO] [CHAT] Tveiv получил Теневой x2
[16:38:03] [Client thread/INFO] [CHAT] Вы уклонились на 29%
[16:38:04] [Client thread/INFO] [CHAT] Цель уклонилась от атаки на 46%
[16:38:06] [Client thread/INFO] [CHAT] На Вас наложено Проклятие Страха, Ваш вампиризм заблокирован
[16:38:06] [Client thread/INFO] [CHAT] Цель уклонилась от атаки на 27%
[16:38:07] [Client thread/INFO] [CHAT] [3] endlesmos » как звезды использовать ?
[16:38:09] [Client thread/INFO] [CHAT] Получено 46 звезд
[16:38:09] [Client thread/INFO] [CHAT] Урон игрока Tveiv: 8882
[16:38:11] [Client thread/INFO] [CHAT] Tveiv получил Долг судьбы
[16:38:18] [Client thread/INFO] [CHAT] Убийца появляется в комнате.
[16:38:18] [Client thread/INFO] [CHAT] Истребитель людей: Странник Тьмы, я пришел сыграть с тобой в одну игру. На моей родине, ещё детьми, мы часто в неё играли. Правила таковы: Находишь добычу и даешь ей время на побег. Я даю тебе 90 секунд, чтобы ты сбежал. Ежели ты не справишься, тебя ждёт смерть.
[16:38:20] [Client thread/INFO] [CHAT] Каждую волну, Вы получаете эффект добычи на 90 секунд. Как только длительность эффекта дойдет до 0, явится сама смерть.
[16:38:20] [Client thread/INFO] [CHAT] Прохождение волны сбрасывает эффект. Пройдите 4 волны, чтобы избавиться от эффекта.
[16:38:26] [Client thread/INFO] [CHAT] Цель уклонилась от атаки на 29%
[16:38:32] [Client thread/INFO] [CHAT] Вы уклонились на 41%
[16:38:32] [Client thread/INFO] [CHAT] Цель уклонилась от атаки на 45%
[16:38:33] [Client thread/INFO] [CHAT] Цель уклонилась от атаки на 26%
[16:38:34] [Client thread/INFO] [CHAT] Цель уклонилась от атаки на 31%
[16:38:36] [Client thread/INFO] [CHAT] Цель уклонилась от атаки на 41%
[16:38:36] [Client thread/INFO] [CHAT] Цель уклонилась от атаки на 39%
[16:38:39] [Client thread/INFO] [CHAT] Цель уклонилась от атаки на 45%
[16:38:40] [Client thread/INFO] [CHAT] Цель уклонилась от атаки на 47%
[16:38:41] [Client thread/INFO] [CHAT] Цель уклонилась от атаки на 50%
[16:38:41] [Client thread/INFO] [CHAT] Цель уклонилась от атаки на 34%
[16:38:42] [Client thread/INFO] [CHAT] Цель уклонилась от атаки на 44%
[16:38:42] [Client thread/INFO] [CHAT] Цель уклонилась от атаки на 33%
[16:38:42] [Client thread/INFO] [CHAT] Цель уклонилась от атаки на 31%
[16:38:43] [Client thread/INFO] [CHAT] Цель уклонилась от атаки на 34%
[16:38:43] [Client thread/INFO] [CHAT] Цель уклонилась от атаки на 37%
[16:38:44] [Client thread/INFO] [CHAT] Получено 39 звезд
[16:38:44] [Client thread/INFO] [CHAT] Урон игрока Tveiv: 20243
[16:38:46] [Client thread/INFO] [CHAT] Tveiv получил Ножницы пространства
[16:38:47] [Client thread/INFO] [CHAT] Последователи Бедствия появляются в комнате.
[16:38:48] [Client thread/INFO] [CHAT] Наследница Бедствия: Странник Тьмы, ты же направляешься к Расиме?
[16:38:49] [Client thread/INFO] [CHAT] Наследница Бедствия: Мы можем помочь друг-другу.
[16:38:51] [Client thread/INFO] [CHAT] Наследница Бедствия: В битве с Расимой, мы будем на твоей стороне. Согласен?
[16:38:52] [Client thread/INFO] [CHAT] Наследница Бедствия: Прекрасно, скоро мы встретимся.
[16:38:52] [Client thread/INFO] [CHAT] Губка поглотила Проклятие! 1/5
[16:38:52] [Client thread/INFO] [CHAT] Губка поглотила Проклятие! 2/5
[16:38:52] [Client thread/INFO] [CHAT] Губка поглотила Проклятие! 3/5
[16:38:52] [Client thread/INFO] [CHAT] Tveiv получил Взгляд Расимы
[16:38:52] [Client thread/INFO] [CHAT] Tveiv получил Последователи Бедствия
[16:38:54] [Client thread/INFO] [CHAT] [12] Pokygorilla » горящий крипер взрывается что произойдет
[16:38:55] [Client thread/INFO] [CHAT] Цель уклонилась от атаки на 29%
[16:38:57] [Client thread/INFO] [CHAT] Цель уклонилась от атаки на 50%
[16:39:02] [Client thread/INFO] [CHAT] [25] P ┃ 123sterlok456 » !ничего
[16:39:03] [Client thread/INFO] [CHAT] Вы уклонились на 50%
[16:39:03] [Client thread/INFO] [CHAT] Вы уклонились на 46%
[16:39:03] [Client thread/INFO] [CHAT] Вы уклонились на 41%
[16:39:08] [Client thread/INFO] [CHAT] Tveiv получил Бонус брони x2
[16:39:08] [Client thread/INFO] [CHAT] Получено 43 звезд
[16:39:08] [Client thread/INFO] [CHAT] Урон игрока Tveiv: 11334
[16:39:10] [Client thread/INFO] [CHAT] Tveiv получил Непобеждаемая слот-машина
[16:39:12] [Client thread/INFO] [CHAT] [30] D ┃ mokashi » я убил
[16:39:14] [Client thread/INFO] [CHAT] У Вас есть 20 секунд, прежде, чем кот сбежит!
[16:39:16] [Client thread/INFO] [CHAT] [30] D ┃ mokashi » эту
[16:39:16] [Client thread/INFO] [CHAT] Tveiv получил Идол глупцов
[16:39:18] [Client thread/INFO] [CHAT] Цель уклонилась от атаки на 46%
[16:39:20] [Client thread/INFO] [CHAT] [30] E ┃ Dapkyc_228 » обычный взрыв
[16:39:23] [Client thread/INFO] [CHAT] [30] D ┃ mokashi » увошпы
[16:39:26] [Client thread/INFO] [CHAT] Цель уклонилась от атаки на 48%
[16:39:27] [Client thread/INFO] [CHAT] Получено 45 звезд
[16:39:27] [Client thread/INFO] [CHAT] Урон игрока Tveiv: 9585
[16:39:27] [Client thread/INFO] [CHAT] Цель уклонилась от атаки на 39%
[16:39:28] [Client thread/INFO] [CHAT] Tveiv получил Осквернённое перо
[16:39:30] [Client thread/INFO] [CHAT] Tveiv получил Нож на перестрелке
[16:39:41] [Client thread/INFO] [CHAT] Вы уклонились на 31%
[16:39:41] [Client thread/INFO] [CHAT] Вы уклонились на 26%
[16:39:53] [Client thread/INFO] [CHAT] [12] Pokygorilla » в точильный камень вы кладете зачарованное золотое яблоко что с ним произойдет
[16:39:57] [Client thread/INFO] [CHAT] Получено 39 звезд
[16:39:57] [Client thread/INFO] [CHAT] Tveiv получил Контроль
[16:39:57] [Client thread/INFO] [CHAT] Урон игрока Tveiv: 14608
[16:39:58] [Client thread/INFO] [CHAT] Tveiv получил Замок без ключа
[16:40:12] [Client thread/INFO] [CHAT] Потеряно 230 звезд
[16:40:12] [Client thread/INFO] [CHAT] Потеряно 23 звезд
[16:40:12] [Client thread/INFO] [CHAT] Tveiv получил Бонус здоровья
[16:40:13] [Client thread/INFO] [CHAT] Исцеление появляется в комнате.
[16:40:15] [Client thread/INFO] [CHAT] Tveiv потерял Проклятие
[16:40:15] [Client thread/INFO] [CHAT] Расима: Кто наложил на тебя это? Позволь мне помочь.
[16:40:24] [Client thread/INFO] [CHAT] Цель уклонилась от атаки на 46%
[16:40:24] [Client thread/INFO] [CHAT] Цель уклонилась от атаки на 47%
[16:40:25] [Client thread/ERROR] Error on handle event #VIlGP in Mod{name='VoidMod', version='1.0+cb03bcc', persistent=false, delegate=dev.a.a.a, modState=LOADED}
java.lang.NullPointerException
[16:40:25] [Client thread/INFO] [CHAT] На Вас наложен Яростный взор, Вы получаете урон, когда смотрите на существ
[16:40:26] [Client thread/INFO] [CHAT] Вампиризм сброшен!
[16:40:27] [Client thread/INFO] [CHAT] Цель уклонилась от атаки на 47%
[16:40:27] [Client thread/INFO] [CHAT] Вампиризм сброшен!
[16:40:35] [Client thread/INFO] [CHAT] Вы уклонились на 32%
[16:40:39] [Client thread/ERROR] Error on handle event #VIlGP in Mod{name='VoidMod', version='1.0+cb03bcc', persistent=false, delegate=dev.a.a.a, modState=LOADED}
java.lang.NullPointerException
[16:40:40] [Client thread/INFO] [CHAT] Вампиризм сброшен!
[16:40:40] [Client thread/INFO] [CHAT] Вы уклонились на 28%
[16:40:41] [Client thread/INFO] [CHAT] Вы уклонились на 39%
[16:40:42] [Client thread/INFO] [CHAT] Tveiv получил Стеклянная кукла
[16:40:43] [Client thread/INFO] [CHAT] Вы уклонились на 33%
[16:40:57] [Client thread/INFO] [CHAT] Цель уклонилась от атаки на 50%
[16:40:58] [Client thread/INFO] [CHAT] Получено 32 звезд
[16:40:58] [Client thread/INFO] [CHAT] Урон игрока Tveiv: 31241
[16:40:59] [Client thread/INFO] [CHAT] Tveiv получил Мирный сон Бедствия
[16:41:04] [Client thread/INFO] [CHAT] Цель уклонилась от атаки на 38%
[16:41:06] [Client thread/INFO] [CHAT] Вы уклонились на 36%
[16:41:07] [Client thread/INFO] [CHAT] Цель уклонилась от атаки на 36%
[16:41:07] [Client thread/INFO] [CHAT] Цель уклонилась от атаки на 46%
[16:41:08] [Client thread/INFO] [CHAT] На Вас наложен Яростный взор, Вы получаете урон, когда смотрите на существ
[16:41:09] [Client thread/INFO] [CHAT] На Вас наложен Яростный взор, Вы получаете урон, когда смотрите на существ
[16:41:11] [Client thread/INFO] [CHAT] Получено 46 звезд
[16:41:11] [Client thread/INFO] [CHAT] Урон игрока Tveiv: 18524
[16:41:13] [Client thread/INFO] [CHAT] Tveiv получил Бонус урона
[16:41:19] [Client thread/INFO] [CHAT] Таинственная дверь появляется в комнате.
[16:41:22] [Client thread/INFO] [CHAT] Tveiv получил Дверь во тьму
[16:41:25] [Client thread/INFO] [CHAT] Вы уклонились на 37%
[16:41:25] [Client thread/INFO] [CHAT] Цель уклонилась от атаки на 44%
[16:41:26] [Client thread/INFO] [CHAT] Вы уклонились на 33%
[16:41:29] [Client thread/INFO] [CHAT] Цель уклонилась от атаки на 36%
[16:41:31] [Client thread/INFO] [CHAT] Цель уклонилась от атаки на 30%
[16:41:31] [Client thread/INFO] [CHAT] Цель уклонилась от атаки на 36%
[16:41:31] [Client thread/INFO] [CHAT] Цель уклонилась от атаки на 26%
[16:41:31] [Client thread/INFO] [CHAT] Цель уклонилась от атаки на 32%
[16:41:32] [Client thread/INFO] [CHAT] Цель уклонилась от атаки на 39%
[16:41:33] [Client thread/INFO] [CHAT] Цель уклонилась от атаки на 47%
[16:41:34] [Client thread/INFO] [CHAT] Цель уклонилась от атаки на 33%
[16:41:34] [Client thread/INFO] [CHAT] Цель уклонилась от атаки на 31%
[16:41:41] [Client thread/ERROR] Error on handle event #VIlGP in Mod{name='VoidMod', version='1.0+cb03bcc', persistent=false, delegate=dev.a.a.a, modState=LOADED}
java.lang.NullPointerException
[16:41:41] [Client thread/INFO] [CHAT] Цель уклонилась от атаки на 33%
[16:41:41] [Client thread/INFO] [CHAT] Вы уклонились на 35%
[16:41:43] [Client thread/INFO] [CHAT] Цель уклонилась от атаки на 39%
[16:41:43] [Client thread/ERROR] Error on handle event #VIlGP in Mod{name='VoidMod', version='1.0+cb03bcc', persistent=false, delegate=dev.a.a.a, modState=LOADED}
java.lang.NullPointerException
[16:41:45] [Client thread/INFO] [CHAT] На Вас наложено Проклятие Страха, Ваш вампиризм заблокирован
[16:41:45] [Client thread/ERROR] Error on handle event #VIlGP in Mod{name='VoidMod', version='1.0+cb03bcc', persistent=false, delegate=dev.a.a.a, modState=LOADED}
java.lang.NullPointerException
[16:41:46] [Client thread/INFO] [CHAT] Вампиризм сброшен!
[16:41:52] [Client thread/INFO] [CHAT] Вампиризм сброшен!
[16:41:53] [Client thread/INFO] [CHAT] Получено 37 звезд
[16:41:53] [Client thread/INFO] [CHAT] Урон игрока Tveiv: 43564
[16:41:54] [Client thread/INFO] [CHAT] Tveiv получил Долг боли
[16:41:54] [Client thread/INFO] [CHAT] Tveiv получил Спокойствие разума
[16:41:59] [Client thread/INFO] [CHAT] [30] V ┃ Paranoiid » Кто в пати на 27?
[16:42:00] [Client thread/INFO] [CHAT] Потеряно 76 звезд
[16:42:00] [Client thread/INFO] [CHAT] Потеряно 7 звезд
[16:42:00] [Client thread/INFO] [CHAT] Tveiv получил Бонус урона
[16:42:00] [Client thread/INFO] [CHAT] Tveiv получил Бонус уклонения
[16:42:00] [Client thread/INFO] [CHAT] Tveiv получил Ничего
[16:42:01] [Client thread/INFO] [CHAT] Свет, исполняющий Желание: Чего ты желаешь? Я исполню все, что ты хочешь.
[16:42:06] [Client thread/INFO] [CHAT] [30] Treefrei66 » я ща
[16:42:17] [Client thread/INFO] [CHAT] Свет, исполняющий Желание: Ты желаешь небытие? Будет исполнено.
[16:42:20] [Client thread/INFO] [CHAT] Свет, исполняющий Желание: Ваше желание исполнено.
[16:42:20] [Client thread/INFO] [CHAT] Tveiv получил Бонус урона x3
[16:42:20] [Client thread/INFO] [CHAT] Tveiv получил Бонус уклонения x3
[16:42:20] [Client thread/INFO] [CHAT] Tveiv получил Небытие
[16:42:24] [Client thread/INFO] [CHAT] Вы уклонились на 40%
[16:42:24] [Client thread/INFO] [CHAT] Вы уклонились на 48%
[16:42:25] [Client thread/INFO] [CHAT] Цель уклонилась от атаки на 39%
[16:42:25] [Client thread/INFO] [CHAT] Tveiv получил Спокойствие разума
[16:42:26] [Client thread/INFO] [CHAT] Вы уклонились на 36%
[16:42:31] [Client thread/INFO] [CHAT] Вы уклонились на 30%
[16:42:31] [Client thread/INFO] [CHAT] Вы уклонились на 36%
[16:42:31] [Client thread/INFO] [CHAT] Вы уклонились на 49%
[16:42:32] [Client thread/INFO] [CHAT] Вы уклонились на 24%
[16:42:34] [Client thread/INFO] [CHAT] Получено 44 звезд
[16:42:34] [Client thread/INFO] [CHAT] Урон игрока Tveiv: 26693
[16:42:35] [Client thread/INFO] [CHAT] Tveiv получил Сплетение теней
[16:42:35] [Client thread/INFO] [CHAT] Tveiv получил Компас заклинателя
[16:42:36] [Client thread/INFO] [CHAT] Tveiv получил Эхо Волшебства
[16:42:36] [Client thread/INFO] [CHAT] Tveiv получил Башня яркой Луны
[16:42:36] [Client thread/INFO] [CHAT] [30] leonardo_leo_ » а снаряды головы в голову отражать надо?
[16:42:39] [Client thread/INFO] [CHAT] [30] V ┃ Paranoiid » [Плащ рассеивания ☬ +1] как будто кал не?
[16:42:40] [Client thread/INFO] [CHAT] Потеряно 78 звезд
[16:42:40] [Client thread/INFO] [CHAT] Потеряно 7 звезд
[16:42:40] [Client thread/INFO] [CHAT] Tveiv получил Бонус урона x2
[16:42:40] [Client thread/INFO] [CHAT] Tveiv получил Бонус уклонения x2
[16:42:40] [Client thread/INFO] [CHAT] Tveiv получил Ничего
[16:42:46] [Client thread/INFO] [CHAT] Потеряно 59 звезд
[16:42:46] [Client thread/INFO] [CHAT] Получено 17 звезд
[16:42:46] [Client thread/INFO] [CHAT] Tveiv получил Немногословен
[16:43:03] [Client thread/INFO] [CHAT] [30] V ┃ Paranoiid » Лео снаряды нужно в камни сверху отражать
[16:43:24] [Client thread/INFO] [CHAT] [25] P ┃ 123sterlok456 » [Промокший лист бумаги +8] топовая бумажка...
[16:43:34] [Client thread/INFO] [CHAT] [13] Pokygorilla » что делать с картой созвездий
[16:43:40] [Client thread/INFO] [CHAT] Губка поглотила Проклятие! 4/5
[16:43:40] [Client thread/INFO] [CHAT] Tveiv потерял Черные прямоугольники
[16:43:43] [Client thread/INFO] [CHAT] [30] V ┃ Paranoiid » пхаах
[16:43:54] [Client thread/INFO] [CHAT] Губка поглотила Проклятие! 5/5
[16:43:54] [Client thread/INFO] [CHAT] Tveiv потерял Идол глупцов
[16:44:01] [Client thread/INFO] [CHAT] Tveiv получил Проклятие
[16:44:01] [Client thread/INFO] [CHAT] Tveiv потерял Бонус здоровья
[16:44:09] [Client thread/INFO] [CHAT] [30] V ┃ Paranoiid » Кто в пати на 27?
[16:44:14] [Client thread/INFO] [CHAT] [30] Treefrei66 » параноид я ща
[16:44:19] [Client thread/INFO] [CHAT] Tveiv получил Проклятие
[16:44:19] [Client thread/INFO] [CHAT] Tveiv потерял Губка
[16:44:22] [Client thread/INFO] [CHAT] [30] V ┃ Paranoiid » дуо пойдем?
[16:44:26] [Client thread/INFO] [CHAT] [30] Treefrei66 » хз
[16:44:27] [Client thread/INFO] [CHAT] Tveiv получил Проклятие
[16:44:27] [Client thread/INFO] [CHAT] Tveiv потерял Долг судьбы
[16:44:36] [Client thread/INFO] [CHAT] [25] P ┃ 123sterlok456 » !а 25 в соло на моём уровне пройти реально?
[16:44:38] [Client thread/INFO] [CHAT] [1] V+ ┃ idoxwiner » \
[16:44:39] [Client thread/INFO] [CHAT] [30] I ┃ TheFoolLotm » гоу в 27
[16:44:44] [Client thread/INFO] [CHAT] [30] D ┃ mokashi » да
[16:44:52] [Client thread/INFO] [CHAT] [30] V ┃ Paranoiid » Мокаши)
[16:44:52] [Client thread/INFO] [CHAT] [30] D ┃ mokashi » [Приговор ♨ +9]
[16:44:57] [Client thread/INFO] [CHAT] [30] D ┃ mokashi » [Змеиное копье ⚝ +8]
[16:44:58] [Client thread/INFO] [CHAT] [30] V ┃ Paranoiid » С нами пойдешь?))
[16:45:33] [Client thread/INFO] [CHAT] [30] G ┃ gamam00 » через 7 минут бы пати
[16:46:08] [Client thread/ERROR] Error on handle event #VIlGP in Mod{name='VoidMod', version='1.0+cb03bcc', persistent=false, delegate=dev.a.a.a, modState=LOADED}
java.lang.NullPointerException
[16:46:08] [Client thread/ERROR] Error on handle event #VIlGP in Mod{name='VoidMod', version='1.0+cb03bcc', persistent=false, delegate=dev.a.a.a, modState=LOADED}
java.lang.NullPointerException
[16:46:09] [Client thread/ERROR] Error on handle event #VIlGP in Mod{name='VoidMod', version='1.0+cb03bcc', persistent=false, delegate=dev.a.a.a, modState=LOADED}
java.lang.NullPointerException
[16:46:09] [Client thread/ERROR] Error on handle event #VIlGP in Mod{name='VoidMod', version='1.0+cb03bcc', persistent=false, delegate=dev.a.a.a, modState=LOADED}
java.lang.NullPointerException
[16:46:09] [Client thread/ERROR] Error on handle event #VIlGP in Mod{name='VoidMod', version='1.0+cb03bcc', persistent=false, delegate=dev.a.a.a, modState=LOADED}
java.lang.NullPointerException
[16:46:13] [Client thread/INFO] [CHAT] Вы уклонились на 41%
[16:46:15] [Client thread/INFO] [CHAT] Вы уклонились на 27%
[16:46:16] [Client thread/INFO] [CHAT] Цель уклонилась от атаки на 31%
[16:46:19] [Client thread/INFO] [CHAT] Вы уклонились на 37%
[16:46:21] [Client thread/INFO] [CHAT] Вы уклонились на 26%
[16:46:23] [Client thread/INFO] [CHAT] Вы уклонились на 29%
[16:46:23] [Client thread/INFO] [CHAT] Цель уклонилась от атаки на 45%
[16:46:23] [Client thread/INFO] [CHAT] Вы уклонились на 29%
[16:46:23] [Client thread/ERROR] Error on handle event #VIlGP in Mod{name='VoidMod', version='1.0+cb03bcc', persistent=false, delegate=dev.a.a.a, modState=LOADED}
java.lang.NullPointerException
[16:46:25] [Client thread/INFO] [CHAT] Цель уклонилась от атаки на 27%
[16:46:25] [Client thread/INFO] [CHAT] Вы уклонились на 40%
[16:46:26] [Client thread/INFO] [CHAT] Цель уклонилась от атаки на 38%
[16:46:32] [Client thread/INFO] [CHAT] Цель уклонилась от атаки на 41%
[16:46:33] [Client thread/INFO] [CHAT] Вы уклонились на 27%
[16:46:33] [Client thread/INFO] [CHAT] Вы уклонились на 29%
[16:46:33] [Client thread/INFO] [CHAT] [30] MVP ┃ TORTYTYTYTYTY » [Раздражающий клинок Расимы ♆ +9]
[16:46:35] [Client thread/INFO] [CHAT] Цель уклонилась от атаки на 48%
[16:46:37] [Client thread/INFO] [CHAT] Цель уклонилась от атаки на 49%
[16:46:38] [Client thread/INFO] [CHAT] Расима снижает уровень зачарования Шапка из тигриной шкуры ☠ +4
[16:46:39] [Client thread/INFO] [CHAT] Цель уклонилась от атаки на 37%
[16:46:39] [Client thread/INFO] [CHAT] Цель уклонилась от атаки на 43%
[16:46:39] [Client thread/INFO] [CHAT] Вы уклонились на 49%
[16:46:40] [Client thread/INFO] [CHAT] Цель уклонилась от атаки на 30%
[16:46:42] [Client thread/INFO] [CHAT] Вы уклонились на 26%
[16:46:43] [Client thread/INFO] [CHAT] Вы уклонились на 32%
[16:46:47] [Client thread/INFO] [CHAT] Цель уклонилась от атаки на 44%
[16:46:47] [Client thread/INFO] [CHAT] Цель уклонилась от атаки на 41%
[16:46:48] [Client thread/INFO] [CHAT] Расима: Сколько ещё Вы будете пытаться убить меня?
[16:46:48] [Client thread/INFO] [CHAT] Цель уклонилась от атаки на 36%
[16:46:48] [Client thread/INFO] [CHAT] Цель уклонилась от атаки на 28%
[16:46:49] [Client thread/INFO] [CHAT] Вы уклонились на 38%
[16:46:49] [Client thread/INFO] [CHAT] Цель уклонилась от атаки на 33%
[16:46:49] [Client thread/INFO] [CHAT] Цель уклонилась от атаки на 45%
[16:46:50] [Client thread/INFO] [CHAT] Расима: Сгораете в собственной ярости..
[16:46:50] [Client thread/INFO] [CHAT] Цель уклонилась от атаки на 36%
[16:46:52] [Client thread/INFO] [CHAT] Расима: Ваши тела будут исцелены досмерти!
[16:46:52] [Client thread/INFO] [CHAT] Цель уклонилась от атаки на 45%
[16:46:54] [Client thread/INFO] [CHAT] Цель уклонилась от атаки на 40%
[16:46:55] [Client thread/INFO] [CHAT] Вы уклонились на 43%
[16:46:58] [Client thread/INFO] [CHAT] Вы уклонились на 45%
[16:47:05] [Client thread/INFO] [CHAT] Вы уклонились на 43%
[16:47:07] [Client thread/INFO] [CHAT] Вы уклонились на 42%
[16:47:08] [Client thread/INFO] [CHAT] Расима сбросила Ваш вампиризм!
[16:47:09] [Client thread/INFO] [CHAT] Расима отнимает Ваше здоровье! Убивайте цветки жизни, чтобы его вернуть.
[16:47:10] [Client thread/INFO] [CHAT] Вы уклонились на 28%
[16:47:10] [Client thread/INFO] [CHAT] Прошла минута с начала волны! Урон противников увеличен на 25%
[16:47:12] [Client thread/INFO] [CHAT] [29] Тильт ┃ dd77 » [Приговор ♨ +10]
[16:47:12] [Client thread/INFO] [CHAT] Вы уклонились на 43%
[16:47:13] [Client thread/INFO] [CHAT] Расима: Пусть мир будет поглощен Черной дырой!
[16:47:13] [Client thread/INFO] [CHAT] Расима сбросила Ваш вампиризм!
[16:47:13] [Client thread/INFO] [CHAT] Вы уклонились на 41%
[16:47:15] [Client thread/INFO] [CHAT] Вы уклонились на 45%
[16:47:16] [Client thread/INFO] [CHAT] Расима отнимает Ваше здоровье! Убивайте цветки жизни, чтобы его вернуть.
[16:47:18] [Client thread/INFO] [CHAT] Вы уклонились на 27%
[16:47:20] [Client thread/INFO] [CHAT] Луч презрения задел Вас! Ваше исцеление снижено на 25% в течении 17 секунд
[16:47:22] [Client thread/INFO] [CHAT] Расима сбросила Ваш вампиризм!
[16:47:25] [Client thread/INFO] [CHAT] Вы уклонились на 44%
[16:47:27] [Client thread/INFO] [CHAT] Расима снижает уровень зачарования Кристалин ☠ +7
[16:47:27] [Client thread/INFO] [CHAT] Расима: Звездопад!
[16:47:27] [Client thread/INFO] [CHAT] Расима сбросила Ваш вампиризм!
[16:47:27] [Client thread/INFO] [CHAT] Вы уклонились на 49%
[16:47:32] [Client thread/INFO] [CHAT] Расима: Бледная Луна!
[16:47:32] [Client thread/INFO] [CHAT] Расима сбросила Ваш вампиризм!
[16:47:36] [Client thread/INFO] [CHAT] Вы уклонились на 40%
[16:47:37] [Client thread/INFO] [CHAT] Расима сбросила Ваш вампиризм!
[16:47:40] [Client thread/INFO] [CHAT] Расима: Пусть мир будет поглощен Черной дырой!
[16:47:42] [Client thread/INFO] [CHAT] Расима сбросила Ваш вампиризм!
[16:47:43] [Client thread/INFO] [CHAT] Вы уклонились на 40%
[16:47:47] [Client thread/INFO] [CHAT] Расима снижает уровень зачарования Роба последователя Бедствия ☠ +2
[16:47:47] [Client thread/INFO] [CHAT] Расима: Звездопад!
[16:47:47] [Client thread/INFO] [CHAT] Расима сбросила Ваш вампиризм!
[16:47:48] [Client thread/INFO] [CHAT] Цель уклонилась от атаки на 31%
[16:48:36] [Client thread/INFO] [CHAT] [30] V ┃ Paranoiid » Наследница дебафы дает??
[16:48:36] [Client thread/INFO] [CHAT] Tveiv получил Похитители звезд
[16:48:36] [Client thread/INFO] [CHAT] Tveiv получил Собиратель мусора
[16:48:36] [Client thread/INFO] [CHAT] Получено 195 звезд
[16:48:42] [Client thread/INFO] [CHAT] [30] E ┃ Dapkyc_228 » нет
[16:48:46] [Client thread/INFO] [CHAT] [30] D ┃ mokashi » какие
[16:48:54] [Client thread/INFO] [CHAT] Получено 3 звезд
[16:48:59] [Client thread/INFO] [CHAT] Получено 3 звезд
[16:48:59] [Client thread/INFO] [CHAT] Вам выпал Изумруд x1
[16:48:59] [Client thread/INFO] [CHAT] Вам выпал Серебряная звезда зачарования x1
[16:49:02] [Client thread/INFO] [CHAT] Получено 3 звезд
[16:49:02] [Client thread/INFO] [CHAT] Вам выпал Обугленный череп x1
[16:49:05] [Client thread/INFO] [CHAT] Получено 3 звезд
[16:49:05] [Client thread/INFO] [CHAT] Вам выпал Изумруд x1
[16:49:11] [Client thread/INFO] [CHAT] Получено 3 звезд
[16:49:14] [Client thread/INFO] [CHAT] [25] P ┃ 123sterlok456 » !аааа... 25 сложнный
[16:49:19] [Client thread/INFO] [CHAT] [23] Danon4a » Нет
[16:49:20] [Client thread/INFO] [CHAT] Получено 5 звезд
[16:49:20] [Client thread/INFO] [CHAT] Вам выпал Обугленный череп x1
[16:49:26] [Client thread/INFO] [CHAT] Получено 3 звезд
[16:49:26] [Client thread/INFO] [CHAT] [23] Danon4a » Да
[16:49:29] [Client thread/INFO] [CHAT] Получено 3 звезд
[16:49:29] [Client thread/INFO] [CHAT] Вам выпал Изумруд x1
[16:49:36] [Client thread/INFO] [CHAT] [30] V ┃ Paranoiid » пфф 27 тогда невозможно пхаха
[16:49:38] [Client thread/INFO] [CHAT] Получено 3 звезд
[16:49:38] [Client thread/INFO] [CHAT] Вам выпал Изумруд x2
[16:49:39] [Client thread/INFO] [CHAT] Вампиризм сброшен!
[16:49:40] [Client thread/INFO] [CHAT] Получено 3 звезд
[16:49:40] [Client thread/INFO] [CHAT] Вам выпал Изумруд x2
[16:49:42] [Client thread/INFO] [CHAT] Получено 3 звезд
[16:49:42] [Client thread/INFO] [CHAT] Вам выпал Изумруд x2
[16:49:42] [Client thread/INFO] [CHAT] Вам выпал Обугленный череп x1
[16:49:48] [Client thread/INFO] [CHAT] [30] leonardo_leo_ » данж 27 лвл в соло анрил
[16:49:50] [Client thread/INFO] [CHAT] [30] D ┃ mokashi » если че вы пока что ни разу не прошли
[16:49:50] [Client thread/INFO] [CHAT] [25] P ┃ 123sterlok456 » !да мне лицо сносят как нехрен делать)
[16:49:58] [Client thread/INFO] [CHAT] [30] G ┃ gamam00 » попытался я 27
[16:50:06] [Client thread/INFO] [CHAT] [30] D ┃ mokashi » leonardo_leo я убил щас наследницу
[16:50:06] [Client thread/INFO] [CHAT] Бессмертная голова колдуна: Мы собрались в этот прекрасный день, чтобы покончить с Исцелением. Почему же все так пытаются помешать нам?
[16:50:14] [Client thread/INFO] [CHAT] [30] G ┃ gamam00 » контент на дня 3
[16:50:15] [Client thread/INFO] [CHAT] [30] V ┃ Paranoiid » Я чет не понимаю как соло 27 проходить
[16:50:17] [Client thread/INFO] [CHAT] [30] G ┃ gamam00 » всё зафармить
[16:50:22] [Client thread/INFO] [CHAT] [30] leonardo_leo_ » как ты её приказы пережил?
[16:50:25] [Client thread/INFO] [CHAT] [30] D ┃ mokashi » это прототип если че
[16:50:27] [Client thread/INFO] [CHAT] [30] G ┃ gamam00 » кто пати в 27
[16:50:29] [Client thread/INFO] [CHAT] [30] D ┃ mokashi » ну
[16:50:31] [Client thread/INFO] [CHAT] [30] D ┃ mokashi » вот так
[16:50:33] [Client thread/INFO] [CHAT] [7] I ┃ schweppesmojito » Кровопролитие
[16:50:35] [Client thread/INFO] [CHAT] [7] I ┃ schweppesmojito » Кровопролития
[16:50:58] [Client thread/INFO] [CHAT] [30] D ┃ mokashi » и где эти кнопки
[16:51:04] [Client thread/INFO] [CHAT] [30] G ┃ gamam00 » есть пати еще? или запустили уже
[16:51:08] [Client thread/INFO] [CHAT] Tveiv погиб! Осталось 2 возрождения
[16:51:18] [Client thread/INFO] [CHAT] [30] leonardo_leo_ » тип мне нужен чел в данже который кнопку дрочить будет
[16:51:24] [Client thread/INFO] [CHAT] Потеряно 200 звезд
[16:51:24] [Client thread/INFO] [CHAT] Tveiv получил Атомные часы
[16:51:35] [Client thread/INFO] [CHAT] [30] I ┃ TheFoolLotm » !так не получиться) вас убьют за кнопку
[16:51:56] [Client thread/INFO] [CHAT] [30] I ┃ TheFoolLotm » paranoiid ты где
[16:52:09] [Client thread/INFO] [CHAT] Tveiv погиб! Осталось 1 возрождение
[16:52:11] [Client thread/INFO] [CHAT] [30] V ┃ Paranoiid » тут
[16:52:20] [Client thread/INFO] [CHAT] [29] Тильт ┃ dd77 » [Шаровары последователя Бедствия ♡ +8]
[16:52:25] [Client thread/INFO] [CHAT] [30] leonardo_leo_ » ну хз, я с андреем убили пока он кнопку дрочил
[16:52:32] [Client thread/INFO] [CHAT] [30] E ┃ Dapkyc_228 » [Плащ рассеивания ♆ +5]
[16:52:38] [Client thread/INFO] [CHAT] [30] E ┃ Dapkyc_228 » [Роба последователя Бедствия ☬ +8]
[16:52:40] [Client thread/INFO] [CHAT] [30] D ┃ mokashi » а я без андрея смог
[16:52:48] [Client thread/INFO] [CHAT] [30] leonardo_leo_ » сигма
[16:52:53] [Client thread/INFO] [CHAT] [5] apnem20 » крутой
[16:53:09] [Client thread/INFO] [CHAT] Tveiv погиб! Осталось 0 возрождений
[16:53:13] [Client thread/INFO] [CHAT] [30] G ┃ gamam00 » кто пати в 27
[16:53:24] [Client thread/INFO] [CHAT] [30] leonardo_leo_ » я прост хз, как выбраться от её каманд, не сдохнув
[16:53:28] [Client thread/INFO] [CHAT] Вампиризм сброшен!
[16:53:28] [Client thread/INFO] [CHAT] Получено 3 звезд
[16:53:39] [Client thread/INFO] [CHAT] [30] D ┃ mokashi » выполнить команды
[16:53:39] [Client thread/INFO] [CHAT] Получено 3 звезд
[16:53:45] [Client thread/INFO] [CHAT] Получено 3 звезд
[16:53:45] [Client thread/INFO] [CHAT] Вам выпал Обугленный череп x1
[16:53:52] [Client thread/INFO] [CHAT] [30] leonardo_leo_ » хз выполняю и сдыхаю)
[16:53:58] [Client thread/INFO] [CHAT] [30] I ┃ TheFoolLotm » что за команды
[16:54:06] [Client thread/INFO] [CHAT] [30] D ┃ mokashi » ну я выполнил некоторые
[16:54:07] [Client thread/INFO] [CHAT] [30] Treefrei66 » как собачке
[16:54:10] [Client thread/INFO] [CHAT] [30] D ┃ mokashi » и меня отпустило
[16:54:13] [Client thread/INFO] [CHAT] [30] Treefrei66 » сидеть прыгать ударить
[16:54:19] [Client thread/INFO] [CHAT] [30] leonardo_leo_ » рывок ещё
[16:54:44] [Client thread/INFO] [CHAT] [30] D ┃ mokashi » ну хз не нашел проходы
[16:54:52] [Client thread/INFO] [CHAT] [30] D ┃ mokashi » ща всех мобов убью и обелиски
[16:55:13] [Client thread/INFO] [CHAT] [30] leonardo_leo_ » есть кто пати на данж 27 лвл?
[16:55:45] [Client thread/INFO] [CHAT] [8] Lega_Zero » [Кровавая жертва] А как его применить? Просто тип пкм не пашет и подобное. Или оно как оружие берётся?
[16:56:00] [Client thread/INFO] [CHAT] [13] Pokygorilla » как оружие, ударь разок
[16:56:15] [Client thread/INFO] [CHAT] [13] Pokygorilla » а не, в слот заклинаний
[16:56:17] [Client thread/INFO] [CHAT] [25] P ┃ 123sterlok456 » !Есть. Прошел!
[16:56:18] [Client thread/INFO] [CHAT] [26] kirieshka11 » в специальный слот в меню запуска
[16:56:28] [Client thread/INFO] [CHAT] [8] Lega_Zero » А спец слоты. Спасибо
[16:56:55] [Client thread/INFO] [CHAT] [26] kirieshka11 » [Ржавый лук ♆ +3]
[16:57:02] [Client thread/INFO] [CHAT] [26] kirieshka11 » [Пробужденный ловец снов +2]
[16:58:02] [Client thread/INFO] [CHAT] [12] Darkl3 » t
[16:58:37] [Client thread/INFO] [CHAT] \nMEDIA ┃ Toolki  проводит ивент: Беги Или Умри!\nНажми, чтобы переместиться!\n 
[16:58:55] [Client thread/INFO] [CHAT] [25] P ┃ 123sterlok456 » [Арбалет последователя Бедствия ♡ +1] наконецто! арбалет
[16:59:05] [Client thread/INFO] [CHAT] [30] D ┃ mokashi » [Приговор ♨ +9] тоже арблает
[16:59:11] [Client thread/INFO] [CHAT] [29] Тильт ┃ dd77 » [Приговор ♨ +10]
[16:59:38] [Client thread/INFO] [CHAT] [25] P ┃ 123sterlok456 » !Мокаши. Одолжи арбик на пару минут)
[17:03:01] [Client thread/INFO] [CHAT] [30] D ┃ Cram4ik » !а 27 пройти реально?
[17:03:11] [Client thread/INFO] [CHAT] [30] Treefrei66 » +
[17:03:12] [Client thread/INFO] [CHAT] [30] leonardo_leo_ » да
[17:03:15] [Client thread/INFO] [CHAT] [2] N1TAY » как игроков вырубить?
[17:04:33] [Client thread/INFO] [CHAT] [30] Mrplayer228 » фак. какую метку на приговоре у вас?
[17:04:40] [Client thread/INFO] [CHAT] [30] Mrplayer228 » !какая
[17:04:54] [Client thread/INFO] [CHAT] [30] leonardo_leo_ » убийца или бедствие
[17:06:03] [Client thread/INFO] [CHAT] [2] N1TAY » ребят, как забиндить способности справа?
[17:06:17] [Client thread/INFO] [CHAT] [29] Тильт ┃ dd77 » [Роба последователя Бедствия ☬ +8]
[17:06:19] [Client thread/INFO] [CHAT] [30] E ┃ Dapkyc_228 » [Роба последователя Бедствия ☬ +8]
[17:06:27] [Client thread/INFO] [CHAT] [1] Sian_Top1 » Ищем людей в команду для записи роликов на криссталиксе и не только. Пиши в лс!
[17:06:37] [Client thread/INFO] [CHAT] [30] P+ ┃ X_KaRteZ_X » [Роба последователя Бедствия ☬ +6]
[17:06:38] [Client thread/INFO] [CHAT] [13] jeffthekiller892 » чтобы забиндить
[17:06:42] [Client thread/INFO] [CHAT] [13] jeffthekiller892 » зайди в инвентарь
[17:06:47] [Client thread/INFO] [CHAT] [13] jeffthekiller892 » нажми на перо
[17:06:49] [Client thread/INFO] [CHAT] [13] jeffthekiller892 » там бинди
[17:06:57] [Client thread/INFO] [CHAT] [2] N1TAY » а игроков как скрыть
[17:07:03] [Client thread/INFO] [CHAT] [13] jeffthekiller892 » нельзя вроде
[17:07:14] [Client thread/INFO] [CHAT] [2] N1TAY » спасибо
[17:08:09] [Client thread/INFO] [CHAT] [13] Pokygorilla » шанс уклонения 105%
[17:08:32] [Client thread/INFO] [CHAT] [8] Lega_Zero » Сколько всего бонусов в Аккреционном диске?
[17:08:34] [Client thread/INFO] [CHAT] [30] V ┃ Paranoiid » 4
[17:08:36] [Client thread/INFO] [CHAT] [30] Mrplayer228 » 4
[17:08:40] [Client thread/INFO] [CHAT] [8] Lega_Zero » Зелёных?
[17:08:44] [Client thread/INFO] [CHAT] [30] V ┃ Paranoiid » да
[17:08:44] [Client thread/INFO] [CHAT] [8] Lega_Zero » Я забыл дописать
[17:08:46] [Client thread/INFO] [CHAT] [8] Lega_Zero » Спасибо
[17:08:53] [Client thread/INFO] [CHAT] [30] V ┃ Paranoiid » да
[17:09:11] [Client thread/INFO] [CHAT] Tveiv получил Собиратель мусора
[17:09:11] [Client thread/INFO] [CHAT] Tveiv получил Проклятие
[17:09:11] [Client thread/INFO] [CHAT] Tveiv получил Никтофобия
[17:09:11] [Client thread/INFO] [CHAT] Tveiv получил Лалофобия
[17:09:11] [Client thread/INFO] [CHAT] Tveiv получил Децидофобия
[17:09:11] [Client thread/INFO] [CHAT] Tveiv получил Пениафобия
[17:09:11] [Client thread/INFO] [CHAT] Tveiv получил Панофобия
[17:09:24] [Client thread/INFO] [CHAT] Tveiv получил Куб неуязвимости
[17:09:29] [Client thread/INFO] [CHAT] Tveiv получил Бонус маны
[17:09:29] [Client thread/INFO] [CHAT] Получено 42 звезд
[17:09:29] [Client thread/INFO] [CHAT] Урон игрока Tveiv: 6104
[17:09:32] [Client thread/INFO] [CHAT] Tveiv получил Свинцовый слоник
[17:09:34] [Client thread/INFO] [CHAT] Последователь и его группа ожидают от Вас ответа.
[17:09:57] [Client thread/INFO] [CHAT] Последователь Этоля: Превосходный ответ, мы ожидаем от тебя свершений.
[17:09:57] [Client thread/INFO] [CHAT] Tveiv получил Бонус урона
[17:10:14] [Client thread/INFO] [CHAT] Получено 42 звезд
[17:10:14] [Client thread/INFO] [CHAT] Урон игрока Tveiv: 8108
[17:10:16] [Client thread/INFO] [CHAT] Tveiv получил Игла ярости
[17:10:37] [Client thread/INFO] [CHAT] Получено 44 звезд
[17:10:37] [Client thread/INFO] [CHAT] Урон игрока Tveiv: 5259
[17:10:38] [Client thread/INFO] [CHAT] Tveiv получил Смотри на меня
[17:11:00] [Client thread/INFO] [CHAT] Tveiv получил Бонус здоровья
[17:11:05] [Client thread/INFO] [CHAT] Получено 46 звезд
[17:11:05] [Client thread/INFO] [CHAT] Урон игрока Tveiv: 6818
[17:11:08] [Client thread/INFO] [CHAT] Tveiv получил Острый клинок
[17:11:09] [Client thread/INFO] [CHAT] Tveiv получил Долг боли
[17:11:14] [Client thread/INFO] [CHAT] Потеряно 52 звезд
[17:11:14] [Client thread/INFO] [CHAT] Tveiv получил Рассеянный мозг
[17:11:15] [Client thread/INFO] [CHAT] Потеряно 52 звезд
[17:11:15] [Client thread/INFO] [CHAT] Tveiv получил Гений звёзд
[17:11:17] [Client thread/INFO] [CHAT] Потеряно 52 звезд
[17:11:17] [Client thread/INFO] [CHAT] Tveiv получил Росток алмазного дерева
[17:11:36] [Client thread/INFO] [CHAT] Получено 42 звезд
[17:11:36] [Client thread/INFO] [CHAT] Урон игрока Tveiv: 8678
[17:11:37] [Client thread/INFO] [CHAT] Tveiv получил Викторина Монксельда
[17:11:39] [Client thread/INFO] [CHAT] [30] G ┃ gamam00 » кто пати в 27
[17:11:46] [Client thread/INFO] [CHAT] Tveiv получил Бонус брони
[17:11:49] [Client thread/INFO] [CHAT] Tveiv получил Чаша Победителей
[17:12:13] [Client thread/INFO] [CHAT] Получено 35 звезд
[17:12:13] [Client thread/INFO] [CHAT] Урон игрока Tveiv: 28650
[17:12:15] [Client thread/INFO] [CHAT] Tveiv получил Кукла вуду
[17:12:29] [Client thread/INFO] [CHAT] Получено 45 звезд
[17:12:29] [Client thread/INFO] [CHAT] Урон игрока Tveiv: 9750
[17:12:30] [Client thread/INFO] [CHAT] Tveiv получил Маноед
[17:12:42] [Client thread/INFO] [CHAT] Получено 45 звезд
[17:12:42] [Client thread/INFO] [CHAT] Урон игрока Tveiv: 6727
[17:12:44] [Client thread/INFO] [CHAT] Tveiv получил Унижение
[17:12:44] [Client thread/INFO] [CHAT] [30] S ┃ Wardovsck1y » а кто то бессмертную голову убивал?
[17:12:48] [Client thread/INFO] [CHAT] [30] S ┃ Wardovsck1y » и как
[17:12:49] [Client thread/INFO] [CHAT] [30] leonardo_leo_ » +
[17:12:50] [Client thread/INFO] [CHAT] [30] Treefrei66 » мы
[17:12:53] [Client thread/INFO] [CHAT] [30] D ┃ mokashi » я убивал
[17:12:53] [Client thread/INFO] [CHAT] Цель уклонилась от атаки на 46%
[17:12:56] [Client thread/INFO] [CHAT] [30] I ┃ TheFoolLotm » +
[17:12:57] [Client thread/INFO] [CHAT] Цель уклонилась от атаки на 49%
[17:13:00] [Client thread/INFO] [CHAT] Цель уклонилась от атаки на 34%
[17:13:01] [Client thread/INFO] [CHAT] [30] V ┃ Paranoiid » [Богохульство ⚝ +1] норм?
[17:13:02] [Client thread/INFO] [CHAT] Получено 44 звезд
[17:13:02] [Client thread/INFO] [CHAT] Урон игрока Tveiv: 12458
[17:13:04] [Client thread/INFO] [CHAT] Tveiv получил Внутренняя сила
[17:13:04] [Client thread/INFO] [CHAT] [30] S ┃ Wardovsck1y » через что?
[17:13:04] [Client thread/INFO] [CHAT] [30] D ┃ mokashi » еще hekus_01 убивал
[17:13:07] [Client thread/INFO] [CHAT] Tveiv получил Сплетение теней
[17:13:07] [Client thread/INFO] [CHAT] [30] D ┃ mokashi » без амулета
[17:13:08] [Client thread/INFO] [CHAT] Последователь и его группа ожидают от Вас ответа.
[17:13:09] [Client thread/INFO] [CHAT] [30] D ┃ mokashi » у него спроси
[17:13:16] [Client thread/INFO] [CHAT] Последователь Этоля: Превосходный ответ, мы ожидаем от тебя свершений.
[17:13:16] [Client thread/INFO] [CHAT] Tveiv получил Бонус урона x2
[17:13:22] [Client thread/INFO] [CHAT] Цель уклонилась от атаки на 43%
[17:13:24] [Client thread/INFO] [CHAT] Цель уклонилась от атаки на 44%
[17:13:31] [Client thread/INFO] [CHAT] Tveiv получил Бонус маны
[17:13:31] [Client thread/INFO] [CHAT] Получено 43 звезд
[17:13:31] [Client thread/INFO] [CHAT] Урон игрока Tveiv: 15576
[17:13:33] [Client thread/INFO] [CHAT] Tveiv получил Грохот научного триумфа
[17:13:39] [Client thread/INFO] [CHAT] Потеряно 270 звезд
[17:13:39] [Client thread/INFO] [CHAT] Tveiv получил Танатофобия
[17:13:41] [Client thread/INFO] [CHAT] Последователь и его группа ожидают от Вас ответа.
[17:13:45] [Client thread/INFO] [CHAT] Последователь Этоля: Превосходный ответ, мы ожидаем от тебя свершений.
[17:13:45] [Client thread/INFO] [CHAT] Tveiv получил Свинцовый слоник x2
[17:14:02] [Client thread/INFO] [CHAT] Получено 43 звезд
[17:14:02] [Client thread/INFO] [CHAT] Урон игрока Tveiv: 9033
[17:14:05] [Client thread/INFO] [CHAT] Tveiv получил Мое последнее перерождение в мире звезд, подаренное Исцелением
[17:14:24] [Client thread/INFO] [CHAT] Цель уклонилась от атаки на 34%
[17:14:29] [Client thread/INFO] [CHAT] Цель уклонилась от атаки на 35%
[17:14:32] [Client thread/INFO] [CHAT] Tveiv получил Бонус маны
[17:14:33] [Client thread/INFO] [CHAT] [30] S ┃ Wardovsck1y » он молчит пока что
[17:14:36] [Client thread/INFO] [CHAT] Цель уклонилась от атаки на 29%
[17:14:37] [Client thread/INFO] [CHAT] Цель уклонилась от атаки на 48%
[17:14:37] [Client thread/INFO] [CHAT] Цель уклонилась от атаки на 49%
[17:14:38] [Client thread/INFO] [CHAT] Цель уклонилась от атаки на 32%
[17:14:39] [Client thread/INFO] [CHAT] Цель уклонилась от атаки на 47%
[17:14:39] [Client thread/INFO] [CHAT] Получено 42 звезд
[17:14:39] [Client thread/INFO] [CHAT] Урон игрока Tveiv: 21416
[17:14:41] [Client thread/INFO] [CHAT] Tveiv получил Ничего
[17:14:42] [Client thread/INFO] [CHAT] [30] D ┃ mokashi » кто
[17:14:43] [Client thread/INFO] [CHAT] Последователи Бедствия появляются в комнате.
[17:14:43] [Client thread/INFO] [CHAT] [30] S ┃ Wardovsck1y » так чем вы ее убивали?
[17:14:44] [Client thread/INFO] [CHAT] Наследница Бедствия: Странник Тьмы, ты же направляешься к Расиме?
[17:14:45] [Client thread/INFO] [CHAT] Наследница Бедствия: Мы можем помочь друг-другу.
[17:14:47] [Client thread/INFO] [CHAT] Наследница Бедствия: В битве с Расимой, мы будем на твоей стороне. Согласен?
[17:14:47] [Client thread/INFO] [CHAT] [30] S ┃ Wardovsck1y » хекус
[17:14:47] [Client thread/INFO] [CHAT] Наследница Бедствия: Ты ещё пожалеешь об этом.
[17:14:49] [Client thread/INFO] [CHAT] Цель уклонилась от атаки на 41%
[17:14:50] [Client thread/INFO] [CHAT] [30] D ┃ mokashi » он чутка занят
[17:14:51] [Client thread/INFO] [CHAT] Цель уклонилась от атаки на 49%
[17:14:53] [Client thread/INFO] [CHAT] Цель уклонилась от атаки на 49%
[17:14:57] [Client thread/INFO] [CHAT] [30] Treefrei66 » амулетом
[17:14:57] [Client thread/INFO] [CHAT] Цель уклонилась от атаки на 41%
[17:14:57] [Client thread/INFO] [CHAT] Получено 45 звезд
[17:14:57] [Client thread/INFO] [CHAT] Урон игрока Tveiv: 9137
[17:14:59] [Client thread/INFO] [CHAT] Tveiv получил Бонус скорости
[17:15:02] [Client thread/INFO] [CHAT] Потеряно 56 звезд
[17:15:02] [Client thread/INFO] [CHAT] Tveiv получил Бонус урона
[17:15:02] [Client thread/INFO] [CHAT] Tveiv получил Бонус уклонения
[17:15:02] [Client thread/INFO] [CHAT] Tveiv получил Небытие
[17:15:03] [Client thread/INFO] [CHAT] Потеряно 56 звезд
[17:15:03] [Client thread/INFO] [CHAT] Tveiv получил Немногословен
[17:15:08] [Client thread/INFO] [CHAT] Цель уклонилась от атаки на 35%
[17:15:09] [Client thread/INFO] [CHAT] [30] Treefrei66 » а ты про то как без амулета
[17:15:09] [Client thread/INFO] [CHAT] [30] I ┃ Mrextrem » че за амулет?
[17:15:10] [Client thread/INFO] [CHAT] Цель уклонилась от атаки на 27%
[17:15:11] [Client thread/INFO] [CHAT] Tveiv получил Бонус урона
[17:15:11] [Client thread/INFO] [CHAT] Tveiv получил Бонус уклонения
[17:15:11] [Client thread/INFO] [CHAT] Tveiv получил Ничего
[17:15:11] [Client thread/INFO] [CHAT] Цель уклонилась от атаки на 36%
[17:15:13] [Client thread/INFO] [CHAT] [30] I ┃ TheFoolLotm » !о
[17:15:17] [Client thread/INFO] [CHAT] Вампиризм сброшен!
[17:15:18] [Client thread/INFO] [CHAT] Цель уклонилась от атаки на 37%
[17:15:22] [Client thread/INFO] [CHAT] [30] S ┃ Wardovsck1y » так у него так и так резисты к своим тычкам
[17:15:22] [Client thread/INFO] [CHAT] Цель уклонилась от атаки на 26%
[17:15:23] [Client thread/INFO] [CHAT] Цель уклонилась от атаки на 38%
[17:15:23] [Client thread/INFO] [CHAT] [14] Pokygorilla » кто хочет на сингулярность этоля пойти, усложнение1 ?
[17:15:23] [Client thread/INFO] [CHAT] Tveiv получил Фатальная бессонница
[17:15:23] [Client thread/INFO] [CHAT] Получено 42 звезд
[17:15:23] [Client thread/INFO] [CHAT] Урон игрока Tveiv: 12295
[17:15:25] [Client thread/INFO] [CHAT] Tveiv получил Дурак
[17:15:27] [Client thread/INFO] [CHAT] Вы уклонились на 34%
[17:15:27] [Client thread/INFO] [CHAT] Tveiv получил Бонус уровня
[17:15:33] [Client thread/INFO] [CHAT] [30] Treefrei66 » надо в камень
[17:15:36] [Client thread/INFO] [CHAT] Tveiv получил Проклятие
[17:15:36] [Client thread/INFO] [CHAT] Tveiv потерял Немногословен
[17:15:36] [Client thread/INFO] [CHAT] [30] Treefrei66 » сверху
[17:15:38] [Client thread/INFO] [CHAT] [14] jeffthekiller892 » газ погнали
[17:15:41] [Client thread/INFO] [CHAT] Последователь и его группа ожидают от Вас ответа.
[17:15:44] [Client thread/INFO] [CHAT] Последователь Этоля: Превосходный ответ, мы ожидаем от тебя свершений.
[17:15:44] [Client thread/INFO] [CHAT] Tveiv получил Бонус здоровья x2
[17:15:47] [Client thread/INFO] [CHAT] [14] Pokygorilla » зови в пати
[17:15:51] [Client thread/INFO] [CHAT] Вампиризм сброшен!
[17:15:53] [Client thread/INFO] [CHAT] Цель уклонилась от атаки на 29%
[17:15:56] [Client thread/INFO] [CHAT] Вы уклонились на 35%
[17:15:59] [Client thread/INFO] [CHAT] [30] S ┃ Wardovsck1y » в камень сверху отразить?
[17:16:03] [Client thread/INFO] [CHAT] [30] Treefrei66 » +
[17:16:04] [Client thread/INFO] [CHAT] Цель уклонилась от атаки на 30%
[17:16:04] [Client thread/INFO] [CHAT] Получено 42 звезд
[17:16:04] [Client thread/INFO] [CHAT] Урон игрока Tveiv: 16777
[17:16:06] [Client thread/INFO] [CHAT] Tveiv получил Замок без ключа
[17:16:07] [Client thread/INFO] [CHAT] Последователь и его группа ожидают от Вас ответа.
[17:16:07] [Client thread/INFO] [CHAT] [30] S ┃ Wardovsck1y » о
[17:16:09] [Client thread/INFO] [CHAT] [30] S ┃ Wardovsck1y » ого
[17:16:10] [Client thread/INFO] [CHAT] Последователь Этоля: Превосходный ответ, мы ожидаем от тебя свершений.
[17:16:10] [Client thread/INFO] [CHAT] Tveiv получил Спокойствие разума x2
[17:16:12] [Client thread/INFO] [CHAT] [13] Darkl3 » \
[17:16:12] [Client thread/INFO] [CHAT] Вы уклонились на 49%
[17:16:14] [Client thread/INFO] [CHAT] Цель уклонилась от атаки на 25%
[17:16:15] [Client thread/INFO] [CHAT] Цель уклонилась от атаки на 45%
[17:16:16] [Client thread/INFO] [CHAT] Цель уклонилась от атаки на 43%
[17:16:16] [Client thread/INFO] [CHAT] На Вас наложен Яростный взор, Вы получаете урон, когда смотрите на существ
[17:16:18] [Client thread/INFO] [CHAT] Вы уклонились на 45%
[17:16:18] [Client thread/INFO] [CHAT] Цель уклонилась от атаки на 31%
[17:16:19] [Client thread/INFO] [CHAT] Цель уклонилась от атаки на 39%
[17:16:20] [Client thread/INFO] [CHAT] Вампиризм сброшен!
[17:16:21] [Client thread/INFO] [CHAT] Вы уклонились на 26%
[17:16:23] [Client thread/INFO] [CHAT] Вампиризм сброшен!
[17:16:23] [Client thread/INFO] [CHAT] Вампиризм сброшен!
[17:16:24] [Client thread/INFO] [CHAT] [30] S ┃ Wardovsck1y » спасибо
[17:16:25] [Client thread/INFO] [CHAT] Вы уклонились на 37%
[17:16:25] [Client thread/INFO] [CHAT] Цель уклонилась от атаки на 39%
[17:16:25] [Client thread/INFO] [CHAT] Вы уклонились на 47%
[17:16:25] [Client thread/INFO] [CHAT] Вы уклонились на 40%
[17:16:25] [Client thread/INFO] [CHAT] Вампиризм сброшен!
[17:16:29] [Client thread/INFO] [CHAT] Цель уклонилась от атаки на 38%
[17:16:31] [Client thread/INFO] [CHAT] Цель уклонилась от атаки на 36%
[17:16:31] [Client thread/INFO] [CHAT] Вампиризм сброшен!
[17:16:38] [Client thread/INFO] [CHAT] Цель уклонилась от атаки на 39%
[17:16:39] [Client thread/INFO] [CHAT] Получено 37 звезд
[17:16:39] [Client thread/INFO] [CHAT] Урон игрока Tveiv: 43914
[17:16:41] [Client thread/INFO] [CHAT] Tveiv получил Кольцо света
[17:16:47] [Client thread/INFO] [CHAT] Вы уклонились на 34%
[17:16:47] [Client thread/INFO] [CHAT] Цель уклонилась от атаки на 25%
[17:16:49] [Client thread/INFO] [CHAT] Tveiv получил Бонус скорости x2
[17:16:51] [Client thread/INFO] [CHAT] Вы уклонились на 46%
[17:16:52] [Client thread/INFO] [CHAT] Цель уклонилась от атаки на 26%
[17:16:53] [Client thread/INFO] [CHAT] На Вас наложен Яростный взор, Вы получаете урон, когда смотрите на существ
[17:16:54] [Client thread/INFO] [CHAT] Вы уклонились на 39%
[17:16:54] [Client thread/INFO] [CHAT] На Вас наложено Проклятие Крови, Вы получаете урон за каждую нанесенную атаку
[17:16:54] [Client thread/INFO] [CHAT] Получено 45 звезд
[17:16:54] [Client thread/INFO] [CHAT] Урон игрока Tveiv: 28054
[17:16:56] [Client thread/INFO] [CHAT] Tveiv получил Непобеждаемая слот-машина
[17:16:59] [Client thread/INFO] [CHAT] [14] jeffthekiller892 » стоп
[17:17:01] [Client thread/INFO] [CHAT] [14] jeffthekiller892 » перезапуск
[17:17:01] [Client thread/INFO] [CHAT] Tveiv получил Проклятие
[17:17:01] [Client thread/INFO] [CHAT] Tveiv потерял Фатальная бессонница
[17:17:04] [Client thread/INFO] [CHAT] Последователь и его группа ожидают от Вас ответа.
[17:17:07] [Client thread/INFO] [CHAT] Последователь Этоля: Превосходный ответ, мы ожидаем от тебя свершений.
[17:17:07] [Client thread/INFO] [CHAT] Tveiv получил Бонус урона x2
[17:17:10] [Client thread/INFO] [CHAT] Цель уклонилась от атаки на 42%
[17:17:12] [Client thread/INFO] [CHAT] Вы уклонились на 49%
[17:17:19] [Client thread/INFO] [CHAT] На Вас наложено Проклятие Страха, Ваш вампиризм заблокирован
[17:17:21] [Client thread/INFO] [CHAT] [30] Ripperch » [Посмертная маска +3]
[17:17:24] [Client thread/INFO] [CHAT] [30] D ┃ mokashi » [Боевой топор ярости ⚝]
[17:17:26] [Client thread/INFO] [CHAT] Цель уклонилась от атаки на 47%
[17:17:26] [Client thread/INFO] [CHAT] Вампиризм сброшен!
[17:17:29] [Client thread/INFO] [CHAT] Вампиризм сброшен!
[17:17:32] [Client thread/INFO] [CHAT] Вы уклонились на 25%
[17:17:34] [Client thread/INFO] [CHAT] Вы уклонились на 26%
[17:17:38] [Client thread/INFO] [CHAT] Цель уклонилась от атаки на 47%
[17:17:38] [Client thread/INFO] [CHAT] Вы уклонились на 25%
[17:17:41] [Client thread/INFO] [CHAT] Вампиризм сброшен!
[17:17:43] [Client thread/INFO] [CHAT] Получено 34 звезд
[17:17:43] [Client thread/INFO] [CHAT] Урон игрока Tveiv: 49890
[17:17:45] [Client thread/INFO] [CHAT] [30] D ┃ mokashi » [Приговор ☬ +8] додеп
[17:17:45] [Client thread/INFO] [CHAT] Tveiv получил Взгляд Расимы
[17:17:49] [Client thread/INFO] [CHAT] [30] I ┃ TheFoolLotm » gl
[17:17:49] [Client thread/INFO] [CHAT] Цель уклонилась от атаки на 48%
[17:17:50] [Client thread/INFO] [CHAT] [30] leonardo_leo_ » +
[17:17:52] [Client thread/INFO] [CHAT] Цель уклонилась от атаки на 37%
[17:17:52] [Client thread/INFO] [CHAT] Цель уклонилась от атаки на 49%
[17:17:53] [Client thread/INFO] [CHAT] Цель уклонилась от атаки на 28%
[17:17:54] [Client thread/INFO] [CHAT] Tveiv получил Спокойствие разума x2
[17:17:55] [Client thread/INFO] [CHAT] Цель уклонилась от атаки на 34%
[17:17:55] [Client thread/INFO] [CHAT] [30] D ┃ mokashi » [Приговор ☬ +9] еще додеп
[17:17:59] [Client thread/INFO] [CHAT] [30] Treefrei66 » -
[17:18:01] [Client thread/INFO] [CHAT] [30] leonardo_leo_ » +
[17:18:02] [Client thread/INFO] [CHAT] [14] jeffthekiller892 » прими пати чувак
[17:18:02] [Client thread/INFO] [CHAT] Вы уклонились на 44%
[17:18:02] [Client thread/INFO] [CHAT] Вы уклонились на 42%
[17:18:05] [Client thread/INFO] [CHAT] [25] P ┃ 123sterlok456 » !делай я в тебя верю!
[17:18:05] [Client thread/INFO] [CHAT] Вы уклонились на 47%
[17:18:05] [Client thread/INFO] [CHAT] Вы уклонились на 38%
[17:18:06] [Client thread/INFO] [CHAT] Цель уклонилась от атаки на 36%
[17:18:08] [Client thread/INFO] [CHAT] Вы уклонились на 36%
[17:18:09] [Client thread/INFO] [CHAT] Получено 40 звезд
[17:18:09] [Client thread/INFO] [CHAT] Урон игрока Tveiv: 34236
[17:18:10] [Client thread/INFO] [CHAT] [30] Mrplayer228 » +
[17:18:11] [Client thread/INFO] [CHAT] Tveiv получил Дух предстоящей победы
[17:18:13] [Client thread/INFO] [CHAT] Tveiv получил Расимафикация
[17:18:18] [Client thread/INFO] [CHAT] [29] Тильт ┃ dd77 » [Приговор ♨ +12]
[17:18:20] [Client thread/INFO] [CHAT] Потеряно 238 звезд
[17:18:20] [Client thread/INFO] [CHAT] Потеряно 23 звезд
[17:18:20] [Client thread/INFO] [CHAT] Tveiv получил Кровопролитие
[17:18:22] [Client thread/INFO] [CHAT] Последователь и его группа ожидают от Вас ответа.
[17:18:25] [Client thread/INFO] [CHAT] [30] I ┃ TheFoolLotm » ...
[17:18:27] [Client thread/INFO] [CHAT] Последователь Этоля: Превосходный ответ, мы ожидаем от тебя свершений.
[17:18:27] [Client thread/INFO] [CHAT] Tveiv получил Расшифровщик Валотайла x2
[17:18:29] [Client thread/INFO] [CHAT] [30] Ripperch » ...
[17:18:31] [Client thread/INFO] [CHAT] [30] Mrplayer228 » ашалеть
[17:18:33] [Client thread/INFO] [CHAT] Цель уклонилась от атаки на 47%
[17:18:34] [Client thread/INFO] [CHAT] Цель уклонилась от атаки на 33%
[17:18:36] [Client thread/INFO] [CHAT] Цель уклонилась от атаки на 40%
[17:18:36] [Client thread/INFO] [CHAT] Цель уклонилась от атаки на 28%
[17:18:42] [Client thread/INFO] [CHAT] [30] I ┃ TheFoolLotm » очистка карты
[17:18:43] [Client thread/INFO] [CHAT] [30] V ┃ Paranoiid » [Богохульство ⚝ +4]
[17:18:43] [Client thread/INFO] [CHAT] Цель уклонилась от атаки на 45%
[17:18:48] [Client thread/INFO] [CHAT] Цель уклонилась от атаки на 43%
[17:18:48] [Client thread/INFO] [CHAT] Вы уклонились на 46%
[17:18:50] [Client thread/INFO] [CHAT] Цель уклонилась от атаки на 40%
[17:18:51] [Client thread/INFO] [CHAT] Цель уклонилась от атаки на 26%
[17:18:51] [Client thread/INFO] [CHAT] Расима снижает уровень зачарования Раздражающий клинок Расимы ♨ +7
[17:18:56] [Client thread/INFO] [CHAT] Луч презрения задел Вас! Ваше исцеление снижено на 25% в течении 17 секунд
[17:18:56] [Client thread/INFO] [CHAT] Луч презрения задел Вас! Ваше исцеление снижено на 25% в течении 17 секунд
[17:19:02] [Client thread/INFO] [CHAT] Цель уклонилась от атаки на 41%
[17:19:03] [Client thread/INFO] [CHAT] Цель уклонилась от атаки на 37%
[17:19:07] [Client thread/INFO] [CHAT] Цель уклонилась от атаки на 42%
[17:19:09] [Client thread/INFO] [CHAT] Цель уклонилась от атаки на 32%
[17:19:09] [Client thread/INFO] [CHAT] Цель уклонилась от атаки на 33%
[17:19:14] [Client thread/INFO] [CHAT] Вы уклонились на 48%
[17:19:17] [Client thread/INFO] [CHAT] Вы уклонились на 49%
[17:19:19] [Client thread/INFO] [CHAT] Расима снижает уровень зачарования Шаровары последователя Бедствия ☬ +2
[17:19:21] [Client thread/INFO] [CHAT] Цель уклонилась от атаки на 48%
[17:19:22] [Client thread/INFO] [CHAT] Расима: Сколько ещё Вы будете пытаться убить меня?
[17:19:24] [Client thread/INFO] [CHAT] Расима: Сгораете в собственной ярости..
[17:19:26] [Client thread/INFO] [CHAT] Расима: Ваши тела будут исцелены досмерти!
[17:19:27] [Client thread/INFO] [CHAT] Прошла минута с начала волны! Урон противников увеличен на 25%
[17:19:34] [Client thread/INFO] [CHAT] [14] jeffthekiller892 » вы кликерами пользуетесь?
[17:19:40] [Client thread/INFO] [CHAT] Цель уклонилась от атаки на 45%
[17:19:40] [Client thread/INFO] [CHAT] [30] D ┃ mokashi » вопрос на засыпку
[17:19:40] [Client thread/INFO] [CHAT] Вы уклонились на 25%
[17:19:42] [Client thread/INFO] [CHAT] Расима сбросила Ваш вампиризм!
[17:19:45] [Client thread/INFO] [CHAT] Вы уклонились на 29%
[17:19:45] [Client thread/INFO] [CHAT] Расима отнимает Ваше здоровье! Убивайте цветки жизни, чтобы его вернуть.
[17:19:48] [Client thread/INFO] [CHAT] Расима сбросила Ваш вампиризм!
[17:19:49] [Client thread/INFO] [CHAT] Цель уклонилась от атаки на 26%
[17:19:49] [Client thread/INFO] [CHAT] Вы уклонились на 38%
[17:19:51] [Client thread/INFO] [CHAT] [30] I ┃ Mrextrem » не, нам нравится лкм долбить
[17:19:52] [Client thread/INFO] [CHAT] Расима сбросила Ваш вампиризм!
[17:19:57] [Client thread/INFO] [CHAT] Расима снижает уровень зачарования Кристалин ☠ +7
[17:19:57] [Client thread/INFO] [CHAT] Расима: Звездопад!
[17:19:57] [Client thread/INFO] [CHAT] Расима сбросила Ваш вампиризм!
[17:20:00] [Client thread/INFO] [CHAT] Вы уклонились на 45%
[17:20:02] [Client thread/INFO] [CHAT] Расима: Бледная Луна!
[17:20:02] [Client thread/INFO] [CHAT] Расима сбросила Ваш вампиризм!
[17:20:05] [Client thread/INFO] [CHAT] Расима: Пусть мир будет поглощен Черной дырой!
[17:20:05] [Client thread/INFO] [CHAT] Цель уклонилась от атаки на 35%
[17:20:06] [Client thread/INFO] [CHAT] Цель уклонилась от атаки на 27%
[17:20:06] [Client thread/INFO] [CHAT] Вы уклонились на 31%
[17:20:07] [Client thread/INFO] [CHAT] Расима сбросила Ваш вампиризм!
[17:20:08] [Client thread/INFO] [CHAT] Вы уклонились на 34%
[17:20:09] [Client thread/INFO] [CHAT] [30] Mrplayer228 » только встроенным
[17:20:09] [Client thread/INFO] [CHAT] Цель уклонилась от атаки на 50%
[17:20:12] [Client thread/INFO] [CHAT] Расима отнимает Ваше здоровье! Убивайте цветки жизни, чтобы его вернуть.
[17:20:16] [Client thread/INFO] [CHAT] Расима сбросила Ваш вампиризм!
[17:20:21] [Client thread/INFO] [CHAT] Расима снижает уровень зачарования Роба последователя Бедствия ☠ +3
[17:20:21] [Client thread/INFO] [CHAT] Расима: Звездопад!
[17:20:21] [Client thread/INFO] [CHAT] Расима сбросила Ваш вампиризм!
[17:20:23] [Client thread/INFO] [CHAT] Цель уклонилась от атаки на 45%
[17:20:26] [Client thread/INFO] [CHAT] Расима сбросила Ваш вампиризм!
[17:20:27] [Client thread/INFO] [CHAT] Прошло две минуты с начала волны! Урон противников увеличен на 25%
[17:20:31] [Client thread/INFO] [CHAT] Расима: Бледная Луна!
[17:20:31] [Client thread/INFO] [CHAT] Расима сбросила Ваш вампиризм!
[17:20:32] [Client thread/INFO] [CHAT] Вы уклонились на 47%
[17:20:34] [Client thread/INFO] [CHAT] Вы уклонились на 38%
[17:20:36] [Client thread/INFO] [CHAT] Вы уклонились на 25%
[17:20:36] [Client thread/INFO] [CHAT] Цель уклонилась от атаки на 49%
[17:20:36] [Client thread/INFO] [CHAT] Расима: Пусть мир будет поглощен Черной дырой!
[17:20:36] [Client thread/INFO] [CHAT] Расима сбросила Ваш вампиризм!
[17:20:38] [Client thread/INFO] [CHAT] Цель уклонилась от атаки на 41%
[17:20:42] [Client thread/INFO] [CHAT] Цель уклонилась от атаки на 27%
[17:20:42] [Client thread/INFO] [CHAT] Расима снижает уровень зачарования Шаровары последователя Бедствия ☬ +1
[17:20:42] [Client thread/INFO] [CHAT] Расима: Звездопад!
[17:20:42] [Client thread/INFO] [CHAT] Расима сбросила Ваш вампиризм!
[17:20:42] [Client thread/INFO] [CHAT] Цель уклонилась от атаки на 31%
[17:20:44] [Client thread/INFO] [CHAT] Цель уклонилась от атаки на 34%
[17:20:46] [Client thread/INFO] [CHAT] Расима сбросила Ваш вампиризм!
[17:20:50] [Client thread/INFO] [CHAT] Цель уклонилась от атаки на 45%
[17:20:51] [Client thread/INFO] [CHAT] [30] D ┃ mokashi » [Пламекос ⚝ +8]
[17:20:51] [Client thread/INFO] [CHAT] Расима сбросила Ваш вампиризм!
[17:20:53] [Client thread/INFO] [CHAT] [30] S ┃ Gumby_34 » [Кость разложения ☠ +10]
[17:20:54] [Client thread/INFO] [CHAT] Цель уклонилась от атаки на 39%
[17:20:54] [Client thread/INFO] [CHAT] Цель уклонилась от атаки на 28%
[17:20:54] [Client thread/INFO] [CHAT] Цель уклонилась от атаки на 40%
[17:20:55] [Client thread/INFO] [CHAT] Цель уклонилась от атаки на 36%
[17:21:09] [Client thread/INFO] [CHAT] [30] I ┃ TheFoolLotm » +топ боты
[17:21:33] [Client thread/INFO] [CHAT] [30] S ┃ Gumby_34 » [Кость разложения ☬ +10]
[17:21:42] [Client thread/INFO] [CHAT] [25] P ┃ 123sterlok456 » !арбик получил 25 на изи прохожу
[17:21:51] [Client thread/INFO] [CHAT] [30] D ┃ mokashi » [Пламекос ♡ +8]
[17:22:04] [Client thread/INFO] [CHAT] [30] Hekus_01 » [Пламекос ♡ +8]
[17:22:48] [Client thread/INFO] [CHAT] Tveiv получил На дне разверзшейся преисподни
[17:22:48] [Client thread/INFO] [CHAT] Tveiv получил Собиратель мусора
[17:22:48] [Client thread/INFO] [CHAT] Получено 300 звезд
[17:22:53] [Client thread/INFO] [CHAT] Потеряно 200 звезд
[17:22:53] [Client thread/INFO] [CHAT] Tveiv получил Острый клинок
[17:23:01] [Client thread/INFO] [CHAT] Получено 5 звезд
[17:23:01] [Client thread/INFO] [CHAT] Вам выпал Осколок фантазии Этоля x1
[17:23:05] [Client thread/INFO] [CHAT] Получено 5 звезд
[17:23:12] [Client thread/INFO] [CHAT] Получено 5 звезд
[17:23:15] [Client thread/INFO] [CHAT] Получено 5 звезд
[17:23:22] [Client thread/INFO] [CHAT] Получено 5 звезд
[17:23:22] [Client thread/INFO] [CHAT] Вам выпал Серебряная звезда зачарования x1
[17:23:30] [Client thread/INFO] [CHAT] Получено 7 звезд
[17:23:30] [Client thread/INFO] [CHAT] Вам выпал Серебряная звезда зачарования x1
[17:23:37] [Client thread/INFO] [CHAT] Получено 6 звезд
[17:23:37] [Client thread/INFO] [CHAT] Вам выпал Изумруд x2
[17:23:47] [Client thread/INFO] [CHAT] Получено 6 звезд
[17:23:47] [Client thread/INFO] [CHAT] Вам выпал Изумруд x2
[17:23:52] [Client thread/INFO] [CHAT] \n   Сейчас трансляции ведут:\n   MEDIA ┃ quxaniii\n   Напишите /media для проcмотра активных трансляций\n 
[17:23:54] [Client thread/INFO] [CHAT] [30] leonardo_leo_ » тож в соло осилил 27 локу
[17:23:58] [Client thread/INFO] [CHAT] Получено 5 звезд
[17:24:01] [Client thread/INFO] [CHAT] Вампиризм сброшен!
[17:24:01] [Client thread/INFO] [CHAT] Получено 5 звезд
[17:24:04] [Client thread/INFO] [CHAT] [13] Darkl3 » t
[17:24:07] [Client thread/INFO] [CHAT] Получено 5 звезд
[17:24:19] [Client thread/INFO] [CHAT] На Вас наложен Яростный взор, Вы получаете урон, когда смотрите на существ
[17:24:21] [Client thread/INFO] [CHAT] Получено 5 звезд
[17:24:21] [Client thread/INFO] [CHAT] Вам выпал Серебряная звезда зачарования x1
[17:24:21] [Client thread/INFO] [CHAT] Получено 5 звезд
[17:24:21] [Client thread/INFO] [CHAT] Вам выпал Обугленный череп x1
[17:24:26] [Client thread/INFO] [CHAT] Получено 5 звезд
[17:24:26] [Client thread/INFO] [CHAT] Вам выпал Изумруд x1
[17:24:26] [Client thread/INFO] [CHAT] Вам выпал Обугленный череп x1
[17:24:31] [Client thread/INFO] [CHAT] Получено 5 звезд
[17:24:34] [Client thread/INFO] [CHAT] Получено 5 звезд
[17:24:45] [Client thread/INFO] [CHAT] Получено 6 звезд
[17:24:45] [Client thread/INFO] [CHAT] Вам выпал Изумруд x1
[17:24:47] [Client thread/INFO] [CHAT] Получено 5 звезд
[17:24:49] [Client thread/INFO] [CHAT] Вампиризм сброшен!
[17:24:52] [Client thread/INFO] [CHAT] Получено 5 звезд
[17:24:52] [Client thread/INFO] [CHAT] Вам выпал Изумруд x2
[17:24:54] [Client thread/INFO] [CHAT] Получено 5 звезд
[17:24:56] [Client thread/INFO] [CHAT] Получено 5 звезд
[17:24:56] [Client thread/INFO] [CHAT] Вам выпал Изумруд x1
[17:24:56] [Client thread/INFO] [CHAT] Вам выпал Обугленный череп x1
[17:25:00] [Client thread/INFO] [CHAT] Вампиризм сброшен!
[17:25:01] [Client thread/INFO] [CHAT] Получено 5 звезд
[17:25:06] [Client thread/INFO] [CHAT] Получено 5 звезд
[17:25:06] [Client thread/INFO] [CHAT] Вам выпал Обугленный череп x1
[17:25:06] [Client thread/INFO] [CHAT] Вам выпал Серебряная звезда зачарования x1
[17:25:10] [Client thread/INFO] [CHAT] Получено 5 звезд
[17:25:10] [Client thread/INFO] [CHAT] Вам выпал Обугленный череп x1
[17:25:10] [Client thread/INFO] [CHAT] Получено 10 звезд
[17:25:12] [Client thread/INFO] [CHAT] Tveiv получил Децидофобия
[17:25:24] [Client thread/INFO] [CHAT] На Вас наложен Яростный взор, Вы получаете урон, когда смотрите на существ
[17:25:26] [Client thread/INFO] [CHAT] Перезагрузка режима через 20 минут
[17:25:28] [Client thread/INFO] [CHAT] Получено 5 звезд
[17:25:28] [Client thread/INFO] [CHAT] Вам выпал Обугленный череп x1
[17:25:28] [Client thread/INFO] [CHAT] Получено 5 звезд
[17:25:28] [Client thread/INFO] [CHAT] Вам выпал Обугленный череп x1
[17:25:39] [Client thread/INFO] [CHAT] Получено 5 звезд
[17:25:39] [Client thread/INFO] [CHAT] Вам выпал Осколок фантазии Этоля x1
[17:25:46] [Client thread/INFO] [CHAT] Получено 6 звезд
[17:25:46] [Client thread/INFO] [CHAT] Вам выпал Изумруд x2
[17:25:51] [Client thread/INFO] [CHAT] Получено 5 звезд
[17:25:51] [Client thread/INFO] [CHAT] Вам выпал Изумруд x2
[17:25:52] [Client thread/INFO] [CHAT] [30] Jr.Dev ┃ ZeksterP » Добавил в данж телепорты, баффнул пару шмоток, если перезайдете на режим, уже будет сервер с обновой
[17:25:59] [Client thread/INFO] [CHAT] Получено 5 звезд
[17:26:03] [Client thread/INFO] [CHAT] [22] KingPig341111 » zeksterP
[17:26:04] [Client thread/INFO] [CHAT] Получено 5 звезд
[17:26:07] [Client thread/INFO] [CHAT] [30] Jr.Dev ┃ ZeksterP » ?
[17:26:09] [Client thread/INFO] [CHAT] Получено 5 звезд
[17:26:09] [Client thread/INFO] [CHAT] Вам выпал Изумруд x1
[17:26:13] [Client thread/INFO] [CHAT] [22] KingPig341111 » я там дюп находил и кидал в тг
[17:26:13] [Client thread/INFO] [CHAT] Получено 5 звезд
[17:26:18] [Client thread/INFO] [CHAT] Получено 5 звезд
[17:26:23] [Client thread/INFO] [CHAT] Получено 5 звезд
[17:26:30] [Client thread/INFO] [CHAT] Получено 5 звезд
[17:26:37] [Client thread/INFO] [CHAT] На Вас наложено Проклятие Страха, Ваш вампиризм заблокирован
[17:26:43] [Client thread/INFO] [CHAT] На Вас наложено Проклятие Страха, Ваш вампиризм заблокирован
[17:26:43] [Client thread/INFO] [CHAT] На Вас наложено Проклятие Страха, Ваш вампиризм заблокирован
[17:26:45] [Client thread/INFO] [CHAT] [14] Pokygorilla » имба
[17:26:45] [Client thread/INFO] [CHAT] На Вас наложено Проклятие Крови, Вы получаете урон за каждую нанесенную атаку
[17:26:45] [Client thread/INFO] [CHAT] Tveiv погиб! Осталось 2 возрождения
[17:26:47] [Client thread/INFO] [CHAT] [30] S ┃ Wardovsck1y » а как стрелять в скалы которые над головой?
[17:27:04] [Client thread/INFO] [CHAT] [30] V ┃ Paranoiid » сразу на них смотри...
[17:27:04] [Client thread/INFO] [CHAT] На Вас наложено Проклятие Крови, Вы получаете урон за каждую нанесенную атаку
[17:27:11] [Client thread/INFO] [CHAT] [30] S ┃ Wardovsck1y » оке
[17:27:16] [Client thread/INFO] [CHAT] [30] I ┃ Mrextrem » а чем в них стрелять?..
[17:27:40] [Client thread/INFO] [CHAT] Получено 7 звезд
[17:27:40] [Client thread/INFO] [CHAT] Вам выпал Изумруд x2
[17:27:40] [Client thread/INFO] [CHAT] Вам выпал Обугленный череп x1
[17:27:45] [Client thread/INFO] [CHAT] [14] jeffthekiller892 » ещё раз?
[17:27:46] [Client thread/INFO] [CHAT] Получено 5 звезд
[17:27:48] [Client thread/INFO] [CHAT] Получено 7 звезд
[17:27:53] [Client thread/INFO] [CHAT] [14] Pokygorilla » ща, зачарую
[17:28:00] [Client thread/INFO] [CHAT] На Вас наложено Проклятие Страха, Ваш вампиризм заблокирован
[17:28:08] [Client thread/INFO] [CHAT] Получено 5 звезд
[17:28:08] [Client thread/INFO] [CHAT] Вам выпал Изумруд x2
[17:28:18] [Client thread/INFO] [CHAT] Вы стали стеклянным! Вы умрете, если получите урон 10 раз
[17:28:55] [Client thread/INFO] [CHAT] На Вас наложено Проклятие Крови, Вы получаете урон за каждую нанесенную атаку
[17:28:57] [Client thread/INFO] [CHAT] На Вас наложено Проклятие Крови, Вы получаете урон за каждую нанесенную атаку
[17:28:58] [Client thread/INFO] [CHAT] На Вас наложено Проклятие Крови, Вы получаете урон за каждую нанесенную атаку
[17:29:00] [Client thread/INFO] [CHAT] На Вас наложено Проклятие Страха, Ваш вампиризм заблокирован
[17:29:00] [Client thread/INFO] [CHAT] Tveiv погиб! Осталось 1 возрождение
[17:29:22] [Client thread/INFO] [CHAT] [25] P ┃ 123sterlok456 » !после получение арбика с 1 раза прошел 25 уровень
[17:29:32] [Client thread/INFO] [CHAT] [25] P ┃ 123sterlok456 » [Посмертная маска +1] ути пути какая имба
[17:29:47] [Client thread/INFO] [CHAT] [30] P+ ┃ X_KaRteZ_X » кал
[17:29:49] [Client thread/INFO] [CHAT] [30] D ┃ mokashi » без стат вапще огонь
[17:29:49] [Client thread/INFO] [CHAT] На Вас наложено Проклятие Крови, Вы получаете урон за каждую нанесенную атаку
[17:29:52] [Client thread/INFO] [CHAT] [21] legendgold777 » такое се
[17:29:53] [Client thread/INFO] [CHAT] На Вас наложено Проклятие Страха, Ваш вампиризм заблокирован
[17:29:54] [Client thread/INFO] [CHAT] [30] leonardo_leo_ » жаль лук из волчей кости не бафнул(
[17:30:00] [Client thread/INFO] [CHAT] [30] D ┃ mokashi » ну а так сильная маска да
[17:30:07] [Client thread/INFO] [CHAT] Tveiv погиб! Осталось 0 возрождений
[17:30:13] [Client thread/INFO] [CHAT] [30] P ┃ ghj111 » а чо за новая лока чо за жэсть
[17:30:44] [Client thread/INFO] [CHAT] На Вас наложено Проклятие Крови, Вы получаете урон за каждую нанесенную атаку
[17:30:44] [Client thread/INFO] [CHAT] [25] P ┃ 123sterlok456 » [Заряженный кварц ☬] это типо в руку?
[17:30:47] [Client thread/INFO] [CHAT] На Вас наложено Проклятие Страха, Ваш вампиризм заблокирован
[17:30:51] [Client thread/INFO] [CHAT] [30] leonardo_leo_ » +
[17:30:52] [Client thread/INFO] [CHAT] [30] D ┃ mokashi » написано же да
[17:31:10] [Client thread/INFO] [CHAT] [14] jeffthekiller892 » бонус уровня это смерть
[17:31:13] [Client thread/INFO] [CHAT] [30] Treefrei66 » -
[17:31:54] [Client thread/INFO] [CHAT] [25] P ┃ 123sterlok456 » [Раздражающий клинок Расимы ♨ +2] палко говно
[17:32:12] [Client thread/INFO] [CHAT] [14] jeffthekiller892 » выживет
[17:32:56] [Client thread/INFO] [CHAT] [30] leonardo_leo_ » прикольно телепорты сделал
[17:33:33] [Client thread/INFO] [CHAT] [30] I ┃ TheFoolLotm » [Уничтожение ☠ +3]
[17:33:35] [Client thread/INFO] [CHAT] [30] I ┃ TheFoolLotm » чотам
[17:33:47] [Client thread/INFO] [CHAT] [30] I ┃ TheFoolLotm » вы шанс видели на него
[17:33:59] [Client thread/INFO] [CHAT] [30] leonardo_leo_ » ну 0,1 за босса
[17:34:14] [Client thread/INFO] [CHAT] [30] I ┃ TheFoolLotm » я с обыч монстра выбил
[17:34:22] [Client thread/INFO] [CHAT] [30] I ┃ TheFoolLotm » 0.005
[17:34:31] [Client thread/INFO] [CHAT] [30] leonardo_leo_ » депай казик
[17:34:36] [Client thread/INFO] [CHAT] [30] I ┃ TheFoolLotm » !не сяб
[17:35:11] [Client thread/INFO] [CHAT] [30] I ┃ TheFoolLotm » [Лук из волчьих костей ♆ +1]
[17:35:22] [Client thread/INFO] [CHAT] [30] Treefrei66 » [Звёздная шкатулка Этоля x 9] алхимик с исцелкой молю
[17:35:27] [Client thread/INFO] [CHAT] Перезагрузка режима через 10 минут
[17:35:27] [Client thread/INFO] [CHAT] Перезайдите на режим, чтобы попасть на рабочий сервер.
[17:35:40] [Client thread/INFO] [CHAT] [30] leonardo_leo_ » лук к сожалению маны много жрёт(
[17:35:46] [Network thread/INFO] Protocol upgrade mask: 157
[17:35:46] [Network thread/INFO] Upgrading protocol
[17:35:46] [Client thread/INFO] Invalidating server data
[17:35:46] [Client thread/INFO] Unloading mod VoidMod/c0f7ebc2-9652-d1ee-d2e0-dad053657332
[17:35:46] [Client thread/INFO] [STDOUT]: [Enginex v5.16.1 - Wada] [Wada/debug] reload requested: ServerSwitch
[17:35:46] [Client thread/INFO] [STDOUT]: [Enginex v5.16.1 - Wada] [Wada/debug] cleanAndReload begin: sessionId=6, awaitingHandshake=true
[17:35:46] [Client thread/INFO] [STDOUT]: [Enginex v5.16.1 - Wada] VAO support: true
[17:35:46] [Client thread/INFO] [STDOUT]: [Enginex v5.16.1 - Wada] Initialization with mod Wada
[17:35:46] [Client thread/INFO] [STDOUT]: [Enginex v5.16.1 - Wada] Successfully initialized
[17:35:46] [Client thread/INFO] Joining server Хаб #12
[17:35:46] [Client thread/INFO] Reloading ResourceManager: assets-addon.jar, Default
[17:35:46] [Client thread/WARN] Missing sound for event: minecraft:entity.turtle.ambient
[17:35:46] [Client thread/WARN] Missing sound for event: minecraft:entity.turtle.baby_hurt
[17:35:46] [Client thread/WARN] Missing sound for event: minecraft:entity.turtle.hurt
[17:35:46] [Client thread/WARN] Missing sound for event: minecraft:entity.turtle.baby_death
[17:35:46] [Client thread/WARN] Missing sound for event: minecraft:entity.turtle.death
[17:35:46] [Client thread/WARN] Missing sound for event: minecraft:entity.turtle.baby_step
[17:35:46] [Client thread/WARN] Missing sound for event: minecraft:entity.turtle.step
[17:35:46] [Client thread/WARN] Missing sound for event: minecraft:entity.turtle.swim
[17:35:46] [Client thread/WARN] Missing sound for event: minecraft:block.turtle_egg.crack
[17:35:46] [Client thread/WARN] Missing sound for event: minecraft:block.turtle_egg.egg_break
[17:35:46] [Client thread/WARN] Missing sound for event: minecraft:block.turtle_egg.fall
[17:35:46] [Client thread/WARN] Missing sound for event: minecraft:block.turtle_egg.hatch
[17:35:46] [Client thread/INFO] SoundSystem shutting down...
[17:35:46] [Client thread/WARN] Author: Paul Lamb, www.paulscode.com
[17:35:46] [Client thread/INFO] Starting up SoundSystem...
[17:35:46] [Thread-40/INFO] Initializing LWJGL OpenAL
[17:35:46] [Thread-40/INFO] (The LWJGL binding of OpenAL.  For more information, see http://www.lwjgl.org)
[17:35:46] [Thread-40/INFO] OpenAL audio device: OpenAL Soft on Динамики (MCHOSE V9 PRO)
[17:35:46] [Thread-40/INFO] OpenAL initialized.
[17:35:46] [Client thread/INFO] Sound engine reloaded
[17:35:46] [ForkJoinPool.commonPool-worker-4/WARN] Unable to load variant: axis=x from minecraft:lodestone#axis=x
[17:35:46] [ForkJoinPool.commonPool-worker-4/WARN] Unable to load variant: axis=y from minecraft:lodestone#axis=y
[17:35:46] [ForkJoinPool.commonPool-worker-4/WARN] Unable to load variant: axis=z from minecraft:lodestone#axis=z
[17:35:47] [ForkJoinPool.commonPool-worker-4/ERROR] Unable to load item model: 'minecraft:mcpatcher/cit/others/megumin_hat#inventory' for item: 'minecraft:mcpatcher/cit/others/megumin_hat'
[17:35:47] [ForkJoinPool.commonPool-worker-4/WARN] Unable to resolve texture due to upward reference: #cross in minecraft:models/block/chain.json
[17:35:47] [ForkJoinPool.commonPool-worker-4/WARN] Unable to resolve texture due to upward reference: #cross in minecraft:models/block/chain.json
[17:35:47] [ForkJoinPool.commonPool-worker-4/INFO] [OptiFine] Mipmap levels: 4
[17:35:47] [ForkJoinPool.commonPool-worker-4/INFO] [OptiFine] Multi-texturing: false
[17:35:47] [ForkJoinPool.commonPool-worker-4/INFO] [OptiFine] Multipass connected textures: false
[17:35:47] [ForkJoinPool.commonPool-worker-4/INFO] [OptiFine] BetterGrass: Parsing default configuration optifine/bettergrass.properties
[17:35:47] [ForkJoinPool.commonPool-worker-4/FATAL] [OptiFine] Scaled too small texture: minecraft:particles/glow_2, 8 -> 16
[17:35:47] [ForkJoinPool.commonPool-worker-4/FATAL] [OptiFine] Scaled too small texture: minecraft:particles/glow_1, 8 -> 16
[17:35:47] [ForkJoinPool.commonPool-worker-4/FATAL] [OptiFine] Scaled too small texture: minecraft:particles/glow_0, 8 -> 16
[17:35:47] [ForkJoinPool.commonPool-worker-4/FATAL] [OptiFine] Scaled too small texture: minecraft:particles/glow_6, 8 -> 16
[17:35:47] [ForkJoinPool.commonPool-worker-4/FATAL] [OptiFine] Scaled too small texture: minecraft:particles/glow_5, 8 -> 16
[17:35:47] [ForkJoinPool.commonPool-worker-4/FATAL] [OptiFine] Scaled too small texture: minecraft:particles/glow_4, 8 -> 16
[17:35:47] [ForkJoinPool.commonPool-worker-4/FATAL] [OptiFine] Scaled too small texture: minecraft:particles/glow_3, 8 -> 16
[17:35:47] [ForkJoinPool.commonPool-worker-4/FATAL] [OptiFine] Scaled too small texture: minecraft:particles/glow_9, 8 -> 16
[17:35:47] [ForkJoinPool.commonPool-worker-4/FATAL] [OptiFine] Scaled too small texture: minecraft:particles/glow_8, 8 -> 16
[17:35:47] [ForkJoinPool.commonPool-worker-4/FATAL] [OptiFine] Scaled too small texture: minecraft:particles/glow_7, 8 -> 16
[17:35:47] [ForkJoinPool.commonPool-worker-4/FATAL] [OptiFine] Scaled too small texture: minecraft:particles/glow_11, 8 -> 16
[17:35:47] [ForkJoinPool.commonPool-worker-4/FATAL] [OptiFine] Scaled too small texture: minecraft:particles/glow_10, 8 -> 16
[17:35:47] [ForkJoinPool.commonPool-worker-4/FATAL] [OptiFine] Scaled too small texture: minecraft:particles/glow_13, 8 -> 16
[17:35:47] [ForkJoinPool.commonPool-worker-4/FATAL] [OptiFine] Scaled too small texture: minecraft:particles/glow_12, 8 -> 16
[17:35:47] [ForkJoinPool.commonPool-worker-4/FATAL] [OptiFine] Scaled too small texture: minecraft:particles/glow_15, 8 -> 16
[17:35:47] [ForkJoinPool.commonPool-worker-4/FATAL] [OptiFine] Scaled too small texture: minecraft:particles/glow_14, 8 -> 16
[17:35:47] [ForkJoinPool.commonPool-worker-4/INFO] load sprites for 25ms
[17:35:47] [ForkJoinPool.commonPool-worker-4/INFO] Created: 1024x1024 textures-atlas in 37ms
[17:35:47] [ForkJoinPool.commonPool-worker-4/INFO] [DEBUG] Atlas assembly for 1.855ms
[17:35:47] [Client thread/INFO] [DEBUG] upload atlas for 1.422ms
[17:35:47] [Client thread/INFO] [DEBUG] Generate mipmaps for 0.003ms
[17:35:47] [Client thread/INFO] [OptiFine] Animated sprites: 0
[17:35:47] [Client thread/INFO] [OptiFine] CustomColors: Loading mcpatcher/color.properties
[17:35:47] [Client thread/INFO] Textures loaded for 390.852ms
[17:35:49] [Client thread/INFO] Loaded mod Visual Driver/9d0905cf-6706-54d6-143d-2b54fd82e5ba v3.8.31+9da32142 in 3 ms
[17:35:50] [Client thread/INFO] Loaded mod HubMod/25900c12-43b4-90ca-6f85-98ee170d0e08 v1.4.5 in 7 ms
[17:35:50] [Client thread/INFO] [STDOUT]: [Enginex v5.16.1 - Wada] [Wada/debug] handshake complete (w4:load), awaitingHandshake=false, sessionId=6
[17:35:52] [Network thread/INFO] Protocol upgrade mask: 157
[17:35:52] [Network thread/INFO] Upgrading protocol
[17:35:52] [Client thread/INFO] Invalidating server data
[17:35:52] [Client thread/INFO] Unloading mod Visual Driver/9d0905cf-6706-54d6-143d-2b54fd82e5ba
[17:35:52] [Client thread/INFO] Unloading mod HubMod/25900c12-43b4-90ca-6f85-98ee170d0e08
[17:35:52] [Client thread/INFO] [STDOUT]: [Enginex v5.16.1 - Wada] [Wada/debug] reload requested: ServerSwitch
[17:35:52] [Client thread/INFO] [STDOUT]: [Enginex v5.16.1 - Wada] [Wada/debug] cleanAndReload begin: sessionId=7, awaitingHandshake=true
[17:35:52] [Client thread/INFO] [STDOUT]: [Enginex v5.16.1 - Wada] VAO support: true
[17:35:52] [Client thread/INFO] [STDOUT]: [Enginex v5.16.1 - Wada] Initialization with mod Wada
[17:35:52] [Client thread/INFO] [STDOUT]: [Enginex v5.16.1 - Wada] Successfully initialized
[17:35:52] [Client thread/INFO] Found file C:\Users\tveiv\.cristalix\updates\Minigames\server-resource-packs\40bb4597c7ce6b5b4690666d2a8804747a202ba3 matching requested hash 2a33a213ea168e73eaf34aeab631978eb6603e7b
[17:35:52] [Client thread/INFO] Cache hit
[17:35:52] [Client thread/INFO] Joining server VoidGame #3
[17:35:52] [Client thread/INFO] Reloading ResourceManager: assets-addon.jar, Default, 40bb4597c7ce6b5b4690666d2a8804747a202ba3
[17:35:52] [Client thread/WARN] Missing sound for event: minecraft:entity.turtle.ambient
[17:35:52] [Client thread/WARN] Missing sound for event: minecraft:entity.turtle.baby_hurt
[17:35:52] [Client thread/WARN] Missing sound for event: minecraft:entity.turtle.hurt
[17:35:52] [Client thread/WARN] Missing sound for event: minecraft:entity.turtle.baby_death
[17:35:52] [Client thread/WARN] Missing sound for event: minecraft:entity.turtle.death
[17:35:52] [Client thread/WARN] Missing sound for event: minecraft:entity.turtle.baby_step
[17:35:52] [Client thread/WARN] Missing sound for event: minecraft:entity.turtle.step
[17:35:52] [Client thread/WARN] Missing sound for event: minecraft:entity.turtle.swim
[17:35:52] [Client thread/WARN] Missing sound for event: minecraft:block.turtle_egg.crack
[17:35:52] [Client thread/WARN] Missing sound for event: minecraft:block.turtle_egg.egg_break
[17:35:52] [Client thread/WARN] Missing sound for event: minecraft:block.turtle_egg.fall
[17:35:52] [Client thread/WARN] Missing sound for event: minecraft:block.turtle_egg.hatch
[17:35:52] [Client thread/INFO] SoundSystem shutting down...
[17:35:52] [Client thread/WARN] Author: Paul Lamb, www.paulscode.com
[17:35:52] [Client thread/INFO] Starting up SoundSystem...
[17:35:52] [Thread-44/INFO] Initializing LWJGL OpenAL
[17:35:52] [Thread-44/INFO] (The LWJGL binding of OpenAL.  For more information, see http://www.lwjgl.org)
[17:35:52] [Thread-44/INFO] OpenAL audio device: OpenAL Soft on Динамики (MCHOSE V9 PRO)
[17:35:52] [Thread-44/INFO] OpenAL initialized.
[17:35:52] [Client thread/INFO] Sound engine reloaded
[17:35:53] [ForkJoinPool.commonPool-worker-5/WARN] Unable to load variant: axis=x from minecraft:lodestone#axis=x
[17:35:53] [ForkJoinPool.commonPool-worker-5/WARN] Unable to load variant: axis=y from minecraft:lodestone#axis=y
[17:35:53] [ForkJoinPool.commonPool-worker-5/WARN] Unable to load variant: axis=z from minecraft:lodestone#axis=z
[17:35:53] [ForkJoinPool.commonPool-worker-5/ERROR] Unable to load item model: 'minecraft:mcpatcher/cit/others/megumin_hat#inventory' for item: 'minecraft:mcpatcher/cit/others/megumin_hat'
[17:35:53] [ForkJoinPool.commonPool-worker-5/INFO] [OptiFine] Mipmap levels: 4
[17:35:53] [ForkJoinPool.commonPool-worker-5/INFO] [OptiFine] Multi-texturing: false
[17:35:53] [ForkJoinPool.commonPool-worker-5/INFO] [OptiFine] Multipass connected textures: false
[17:35:53] [ForkJoinPool.commonPool-worker-5/INFO] [OptiFine] BetterGrass: Parsing default configuration optifine/bettergrass.properties
[17:35:53] [ForkJoinPool.commonPool-worker-5/FATAL] [OptiFine] Scaled too small texture: minecraft:particles/glow_2, 8 -> 16
[17:35:53] [ForkJoinPool.commonPool-worker-5/FATAL] [OptiFine] Scaled too small texture: minecraft:particles/glow_1, 8 -> 16
[17:35:53] [ForkJoinPool.commonPool-worker-5/FATAL] [OptiFine] Scaled too small texture: minecraft:particles/glow_0, 8 -> 16
[17:35:53] [ForkJoinPool.commonPool-worker-5/FATAL] [OptiFine] Scaled too small texture: minecraft:particles/glow_6, 8 -> 16
[17:35:53] [ForkJoinPool.commonPool-worker-5/FATAL] [OptiFine] Scaled too small texture: minecraft:particles/glow_5, 8 -> 16
[17:35:53] [ForkJoinPool.commonPool-worker-5/FATAL] [OptiFine] Scaled too small texture: minecraft:particles/glow_4, 8 -> 16
[17:35:53] [ForkJoinPool.commonPool-worker-5/FATAL] [OptiFine] Scaled too small texture: minecraft:particles/glow_3, 8 -> 16
[17:35:53] [ForkJoinPool.commonPool-worker-5/FATAL] [OptiFine] Scaled too small texture: minecraft:particles/glow_9, 8 -> 16
[17:35:53] [ForkJoinPool.commonPool-worker-5/FATAL] [OptiFine] Scaled too small texture: minecraft:particles/glow_8, 8 -> 16
[17:35:53] [ForkJoinPool.commonPool-worker-5/FATAL] [OptiFine] Scaled too small texture: minecraft:particles/glow_7, 8 -> 16
[17:35:53] [ForkJoinPool.commonPool-worker-5/ERROR] Using missing texture, unable to load minecraft:textures/items/wooden_sword.png
[17:35:53] [ForkJoinPool.commonPool-worker-5/FATAL] [OptiFine] Scaled too small texture: minecraft:particles/glow_11, 8 -> 16
[17:35:53] [ForkJoinPool.commonPool-worker-5/FATAL] [OptiFine] Scaled too small texture: minecraft:particles/glow_10, 8 -> 16
[17:35:53] [ForkJoinPool.commonPool-worker-5/FATAL] [OptiFine] Scaled too small texture: minecraft:particles/glow_13, 8 -> 16
[17:35:53] [ForkJoinPool.commonPool-worker-5/FATAL] [OptiFine] Scaled too small texture: minecraft:particles/glow_12, 8 -> 16
[17:35:53] [ForkJoinPool.commonPool-worker-5/FATAL] [OptiFine] Scaled too small texture: minecraft:particles/glow_15, 8 -> 16
[17:35:53] [ForkJoinPool.commonPool-worker-5/FATAL] [OptiFine] Scaled too small texture: minecraft:particles/glow_14, 8 -> 16
[17:35:53] [ForkJoinPool.commonPool-worker-5/INFO] load sprites for 4ms
[17:35:53] [ForkJoinPool.commonPool-worker-5/INFO] Created: 1024x1024 textures-atlas in 16ms
[17:35:53] [ForkJoinPool.commonPool-worker-5/INFO] [DEBUG] Atlas assembly for 1.937ms
[17:35:53] [Client thread/INFO] [DEBUG] upload atlas for 1.145ms
[17:35:53] [Client thread/INFO] [DEBUG] Generate mipmaps for 0.003ms
[17:35:53] [Client thread/INFO] [OptiFine] Animated sprites: 0
[17:35:53] [Client thread/INFO] [OptiFine] CustomColors: Loading mcpatcher/color.properties
[17:35:53] [Client thread/INFO] Textures loaded for 304.274ms
[17:35:53] [Client thread/INFO] Start loading of mod VoidMod
[17:35:53] [Client thread/INFO] Loading mod VoidMod v1.0+089d877 by ZeksterP
[17:35:53] [Client thread/INFO] [STDOUT]: [Enginex v5.13.11-TEST-2 - VoidMod] VAO support: true
[17:35:53] [Client thread/INFO] [STDOUT]: [Enginex v5.13.11-TEST-2 - VoidMod] Initialization with mod VoidMod
[17:35:54] [Client thread/INFO] [STDOUT]: [Enginex v5.13.11-TEST-2 - VoidMod] Successfully initialized
[17:35:54] [Client thread/INFO] Loaded mod VoidMod v1.0+089d877 in 618 ms
[17:35:54] [Client thread/INFO] [STDOUT]: [Enginex v5.16.1 - Wada] [Wada/debug] handshake complete (w4:load), awaitingHandshake=false, sessionId=7
[17:36:10] [Client thread/INFO] [CHAT] [30] V ┃ Paranoiid » [Секрет алхимиков ⚝ +5]
[17:36:21] [Client thread/INFO] [CHAT] [30] D ┃ mokashi » взяли моду с меня
[17:36:30] [Client thread/INFO] [CHAT] [30] Treefrei66 » +
[17:36:30] [Client thread/INFO] [CHAT] [30] leonardo_leo_ » секрет алхимиков?
[17:36:32] [Client thread/INFO] [CHAT] [30] D ┃ mokashi » да
[17:36:46] [Client thread/INFO] [CHAT] [30] V ┃ Paranoiid » У меня еще до патча было это
[17:36:49] [Client thread/INFO] [CHAT] [30] V ┃ Paranoiid » +10
[17:36:51] [Client thread/INFO] [CHAT] [30] leonardo_leo_ » такое се, как по мне
[17:36:54] [Client thread/INFO] [CHAT] [30] D ┃ mokashi » у я тоже
[17:37:03] [Client thread/INFO] [CHAT] [30] D ┃ mokashi » а у тебя что
[17:37:07] [Client thread/INFO] [CHAT] [30] V ┃ Paranoiid » Зекстер
[17:37:14] [Client thread/INFO] [CHAT] [30] Jr.Dev ┃ ZeksterP » ?
[17:37:21] [Client thread/INFO] [CHAT] [30] leonardo_leo_ » 5 мантий победителя было на +10, теперь +5(
[17:37:26] [Client thread/INFO] [CHAT] [30] P ┃ Tveiv » [Раздражающий клинок Расимы ♨ +8]
[17:37:32] [Client thread/INFO] [CHAT] [30] V ┃ Paranoiid » Где осколки людям которые на +10 делали фантазии? xD
[17:37:34] [Client thread/INFO] [CHAT] [14] jeffthekiller892 » пизда
[17:37:41] [Client thread/INFO] [CHAT] [14] Pokygorilla » да уж
[17:37:54] [Client thread/INFO] [CHAT] [30] Treefrei66 » paranoid там цену повысили вроде
[17:38:03] [Client thread/INFO] [CHAT] [30] V ┃ Paranoiid » тем более
[17:38:04] [Client thread/INFO] [CHAT] [30] Treefrei66 » теперь скок нужно было на +10 вроде ша как +5
[17:38:16] [Client thread/INFO] [CHAT] [30] Jr.Dev ┃ ZeksterP » дал 2 шкатулочки за опрос на наследницу в виде компенсации
[17:38:18] [Client thread/INFO] [CHAT] [14] Pokygorilla » не это анрил
[17:38:20] [Client thread/INFO] [CHAT] [30] V ┃ Paranoiid » )
[17:38:28] [Client thread/INFO] [CHAT] [30] leonardo_leo_ » )
[17:38:43] [Client thread/INFO] [CHAT] [30] V ┃ Paranoiid » стой
[17:38:50] [Client thread/INFO] [CHAT] [30] V ┃ Paranoiid » на спавн иди
[17:38:56] [Client thread/INFO] [CHAT] [30] leonardo_leo_ » о теперь отображает скок рычагов прожато
[17:38:58] [Client thread/INFO] [CHAT] [30] V ┃ Paranoiid » это че
[17:39:02] [Client thread/INFO] [CHAT] [30] Treefrei66 » тп
[17:39:05] [Client thread/INFO] [CHAT] [30] V ┃ Paranoiid » куда
[17:39:10] [Client thread/INFO] [CHAT] [30] Treefrei66 » не е знаю
[17:39:11] [Client thread/INFO] [CHAT] [30] leonardo_leo_ » между тп
[17:39:16] [Client thread/INFO] [CHAT] [30] V ┃ Paranoiid » аа
[17:39:18] [Client thread/INFO] [CHAT] [30] V ┃ Paranoiid » удобно
[17:39:21] [Client thread/INFO] [CHAT] [30] Mrplayer228 » э у меня фантазия +12 вроде была. а сейчас +5
[17:39:22] [Client thread/INFO] [CHAT] [30] leonardo_leo_ » ходите другие ищите и активируйте
[17:40:08] [Client thread/INFO] [CHAT] [14] Pokygorilla » аккредационный диск
[17:40:16] [Client thread/INFO] [CHAT] [16] MVP ┃ _SnEgOv1K_ » неукратимое бесстрашие лучше
[17:40:19] [Client thread/INFO] [CHAT] [14] jeffthekiller892 » квазар и теневой лучшие способки
[17:40:32] [Client thread/INFO] [CHAT] [30] leonardo_leo_ » танатофобия при куче звёзд ещё круче
[17:40:33] [Client thread/INFO] [CHAT] [30] Treefrei66 » дверь во тьму лучший б афф во вселеной
[17:40:43] [Client thread/INFO] [CHAT] [2] Onoichi » !как играть с другом?
[17:40:45] [Client thread/INFO] [CHAT] [30] Mrplayer228 » танатофобия на 14 лвле соло
[17:40:59] [Client thread/INFO] [CHAT] [2] Onoichi » как играть с другом?
[17:41:10] [Client thread/INFO] [CHAT] [30] D ┃ mokashi » [Приговор ♡] дОдеп
[17:41:12] [Client thread/INFO] [CHAT] [25] P ┃ 123sterlok456 » !У каждого свои любимые баффы. У меня например это бессоница)
[17:41:12] [Client thread/INFO] [CHAT] [30] H ┃ ______________DA » ./p invite ник потом /p w и локацию выбираете
[17:41:18] [Client thread/INFO] [CHAT] [30] leonardo_leo_ » + депай
[17:42:06] [Client thread/INFO] [CHAT] [14] Pokygorilla » ты че урон получаешь
[17:42:13] [Client thread/INFO] [CHAT] [30] Mrplayer228 » хз
[17:42:41] [Client thread/INFO] [CHAT] [30] D ┃ mokashi » [Приговор ♡ +8] (((((
[17:42:50] [Client thread/INFO] [CHAT] [30] D ┃ mokashi » 32
[17:42:50] [Client thread/INFO] [CHAT] [25] P ┃ 123sterlok456 » !нормально же. Не?
[17:42:51] [Client thread/INFO] [CHAT] [30] Treefrei66 » 32
[17:42:52] [Client thread/INFO] [CHAT] [30] Mrplayer228 » ппц
[17:42:57] [Client thread/INFO] [CHAT] [30] Treefrei66 » 32 звезды ппц
[17:42:58] [Client thread/INFO] [CHAT] [30] V ┃ Paranoiid » 9 было)
[17:43:03] [Client thread/INFO] [CHAT] [30] leonardo_leo_ » прикольно
[17:43:05] [Client thread/INFO] [CHAT] [30] D ┃ mokashi » [Приговор ♨ +9]
[17:43:10] [Client thread/INFO] [CHAT] [30] D ┃ mokashi » тот +9 сломался
[17:43:15] [Client thread/INFO] [CHAT] [30] D ┃ mokashi » который я тегал
[17:43:24] [Client thread/INFO] [CHAT] [30] H ┃ ______________DA » [Посох слизня ☬ +8]
[17:43:52] [Client thread/INFO] [CHAT] [27] G ┃ Daksend » как передавать экипировку через команду?
[17:44:13] [Client thread/INFO] [CHAT] [30] D ┃ mokashi » [Приговор ♡ +8] ласт додеп
[17:44:17] [Client thread/INFO] [CHAT] [30] leonardo_leo_ » +
[17:44:32] [Client thread/INFO] [CHAT] [30] leonardo_leo_ » у меня отражение пропало....
[17:44:35] [Client thread/INFO] [CHAT] [30] D ┃ mokashi » [Приговор ♡ +9] самый самый ласт додеп
[17:44:47] [Client thread/INFO] [CHAT] [30] Treefrei66 » приговороман
[17:44:53] [Client thread/INFO] [CHAT] [30] Mrplayer228 » сломал?
[17:44:57] [Client thread/INFO] [CHAT] [27] G ┃ Daksend » как передавать экипировку через команду?
[17:45:04] [Client thread/INFO] [CHAT] [30] D ┃ mokashi » [Приговор ♡ +10] АУШВПОУШПТШУЫТЬ
[17:45:06] [Client thread/INFO] [CHAT] [30] H ┃ ______________DA » ./gift
[17:45:12] [Client thread/INFO] [CHAT] [30] Treefrei66 » додеп
[17:45:12] [Client thread/INFO] [CHAT] [30] Mrplayer228 » да как так то
[17:45:22] [Client thread/INFO] [CHAT] [27] G ┃ Daksend » почему то команда не работает
[17:45:27] [Client thread/INFO] [CHAT] [30] Jr.Dev ┃ ZeksterP » darkl3, что передать пытаешься?
[17:45:48] [Client thread/INFO] [CHAT] [30] Jr.Dev ┃ ZeksterP » [Клинок разбойника ♨]
[17:45:57] [Client thread/INFO] [CHAT] [30] Jr.Dev ┃ ZeksterP » передать можно только айтемы с таким описанием
[17:46:20] [Client thread/INFO] [CHAT] [30] leonardo_leo_ » ZeksterP у меня амулет отражения не дался после зачистки комнаты.....
[17:46:44] [Client thread/INFO] [CHAT] [30] leonardo_leo_ » спс
[17:47:28] [Client thread/INFO] [CHAT] [14] Pokygorilla » умрешь же
[17:47:31] [Client thread/INFO] [CHAT] [30] Treefrei66 » зекстер а где 4рычаг
[17:47:43] [Client thread/INFO] [CHAT] [27] V+ ┃ VenSh11 » норм лутал 27ур и 2 черепа выбил и меня кикнула в итоге ничего не дали
[17:47:57] [Client thread/INFO] [CHAT] [30] P ┃ ghj111 » кто на последнюю локу вместе ?
[17:48:14] [Client thread/INFO] [CHAT] [30] Treefrei66 » зекстер тп ф аст
[17:48:20] [Client thread/INFO] [CHAT] [16] MVP ┃ _SnEgOv1K_ » неукратимое бесстрашие
[17:48:32] [Client thread/INFO] [CHAT] [16] MVP ┃ _SnEgOv1K_ » проклятий не буде
[17:48:34] [Client thread/INFO] [CHAT] [30] Jr.Dev ┃ ZeksterP » и что
[17:48:34] [Client thread/INFO] [CHAT] [30] leonardo_leo_ » а если закрыть замок, через тп можно будет выбраться?
[17:48:38] [Client thread/INFO] [CHAT] [30] Jr.Dev ┃ ZeksterP » Treefrei66
[17:48:39] [Client thread/INFO] [CHAT] [30] Jr.Dev ┃ ZeksterP » что
[17:48:40] [Client thread/INFO] [CHAT] [30] Treefrei66 » а чо мы не нажали ещё
[17:48:44] [Client thread/INFO] [CHAT] [30] Jr.Dev ┃ ZeksterP » не знаю
[17:49:11] [Client thread/INFO] [CHAT] [30] V ┃ Paranoiid » нажал
[17:49:13] [Client thread/INFO] [CHAT] [30] Treefrei66 » параноид ты где и чо нажал
[17:49:55] [Client thread/INFO] [CHAT] Tveiv получил Собиратель мусора
[17:50:00] [Client thread/INFO] [CHAT] Авто-кликер включен
[17:50:14] [Client thread/INFO] [CHAT] Получено 42 звезд
[17:50:14] [Client thread/INFO] [CHAT] Урон игрока Tveiv: 6256
[17:50:15] [Client thread/INFO] [CHAT] Tveiv получил Бонус скорости
[17:50:45] [Client thread/INFO] [CHAT] [30] V ┃ Paranoiid » Зекстер емае
[17:50:51] [Client thread/INFO] [CHAT] Получено 36 звезд
[17:50:51] [Client thread/INFO] [CHAT] Урон игрока Tveiv: 12383
[17:50:52] [Client thread/INFO] [CHAT] Tveiv получил Кукла вуду
[17:50:52] [Client thread/INFO] [CHAT] [30] V ┃ Paranoiid » Отражатель нам не дался
[17:50:59] [Client thread/INFO] [CHAT] [30] Treefrei66 » нам амулет не дали
[17:51:02] [Client thread/INFO] [CHAT] [30] V ┃ Paranoiid » дался
[17:51:06] [Client thread/INFO] [CHAT] [30] V ┃ Paranoiid » как ты тепнулся
[17:51:09] [Client thread/INFO] [CHAT] [30] V ┃ Paranoiid » Клянусь
[17:51:15] [Client thread/INFO] [CHAT] [30] Treefrei66 » алё те дали или нет
[17:51:18] [Client thread/INFO] [CHAT] [30] V ┃ Paranoiid » дали
[17:51:22] [Client thread/INFO] [CHAT] Получено 42 звезд
[17:51:22] [Client thread/INFO] [CHAT] Урон игрока Tveiv: 8567
[17:51:25] [Client thread/INFO] [CHAT] Tveiv получил Стеклянная кукла
[17:51:32] [Client thread/INFO] [CHAT] [30] Treefrei66 » так чо говоришь не дали или те выдали
[17:51:38] [Client thread/INFO] [CHAT] Получено 45 звезд
[17:51:38] [Client thread/INFO] [CHAT] Урон игрока Tveiv: 9579
[17:51:42] [Client thread/INFO] [CHAT] Tveiv получил Самосознающие стрелы
[17:51:45] [Client thread/INFO] [CHAT] Tveiv получил Паранойя Победителя
[17:51:47] [Client thread/INFO] [CHAT] [30] V ┃ Paranoiid » Не давали а как зекстер тепнулся сразу далось
[17:51:48] [Client thread/INFO] [CHAT] Маленькие проклинатели залетают в комнату, Вам следует быть осторожными с ними.
[17:51:49] [Client thread/INFO] [CHAT] Маленький проклинатель: Сладкий, вкусный Странник Тьмы, просим тебя, прими наши небольшие подарки.
[17:51:52] [Client thread/INFO] [CHAT] Tveiv получил Танатофобия
[17:51:52] [Client thread/INFO] [CHAT] Tveiv получил Проклятие
[17:51:57] [Client thread/INFO] [CHAT] [30] leonardo_leo_ » зекстер молодец)
[17:51:57] [Client thread/INFO] [CHAT] [30] Treefrei66 » магия
[17:52:06] [Client thread/INFO] [CHAT] [30] Jr.Dev ┃ ZeksterP » баг
[17:52:11] [Client thread/INFO] [CHAT] [30] I ┃ Mrextrem » где можно посмотреть количество найденых секретов?
[17:52:11] [Client thread/INFO] [CHAT] [30] Jr.Dev ┃ ZeksterP » сломал амулет
[17:52:11] [Client thread/INFO] [CHAT] Получено 43 звезд
[17:52:11] [Client thread/INFO] [CHAT] Урон игрока Tveiv: 11892
[17:52:13] [Client thread/INFO] [CHAT] Tveiv получил Грохот научного триумфа
[17:52:15] [Client thread/INFO] [CHAT] [30] Jr.Dev ┃ ZeksterP » после реста все норм будет
[17:52:17] [Client thread/INFO] [CHAT] Свет, исполняющий Желание: Чего ты желаешь? Я исполню все, что ты хочешь.
[17:52:22] [Client thread/INFO] [CHAT] Перезагрузка режима через 20 минут
[17:52:24] [Client thread/INFO] [CHAT] Свет, исполняющий Желание: Ты желаешь танатофобия? Будет исполнено.
[17:52:27] [Client thread/INFO] [CHAT] Свет, исполняющий Желание: Ваше желание исполнено.
[17:52:27] [Client thread/INFO] [CHAT] Tveiv получил Танатофобия
[17:52:55] [Client thread/INFO] [CHAT] Получено 38 звезд
[17:52:55] [Client thread/INFO] [CHAT] Урон игрока Tveiv: 36406
[17:52:57] [Client thread/INFO] [CHAT] Tveiv получил Взгляд Расимы
[17:52:59] [Client thread/INFO] [CHAT] [20] tnt4 » А у режима есть свой тгк или дискорд?
[17:53:07] [Client thread/INFO] [CHAT] [30] Jr.Dev ┃ ZeksterP » пока-что нету
[17:53:09] [Client thread/INFO] [CHAT] Tveiv получил Бонус здоровья
[17:53:13] [Client thread/INFO] [CHAT] Получено 44 звезд
[17:53:13] [Client thread/INFO] [CHAT] Урон игрока Tveiv: 16576
[17:53:16] [Client thread/INFO] [CHAT] Tveiv получил Расшифровщик Валотайла
[17:53:20] [Client thread/INFO] [CHAT] [30] P ┃ ghj111 » а как новую локу пройти ?
[17:53:25] [Client thread/INFO] [CHAT] На Вас наложено Проклятие Крови, Вы получаете урон за каждую нанесенную атаку
[17:53:26] [Client thread/INFO] [CHAT] [20] tnt4 » А когда появится?
[17:53:36] [Client thread/INFO] [CHAT] Tveiv получил Собиратель мусора
[17:53:44] [Client thread/INFO] [CHAT] [14] Pokygorilla » гг
[17:53:49] [Client thread/INFO] [CHAT] Tveiv получил Спокойствие разума
[17:53:53] [Client thread/INFO] [CHAT] Получено 43 звезд
[17:53:53] [Client thread/INFO] [CHAT] Урон игрока Tveiv: 7307
[17:53:53] [Client thread/INFO] [CHAT] [15] jeffthekiller892 » это жесть парни
[17:53:55] [Client thread/INFO] [CHAT] Tveiv получил Самосознающие стрелы
[17:54:01] [Client thread/INFO] [CHAT] [15] Pokygorilla » проклятий много набираем
[17:54:06] [Client thread/INFO] [CHAT] [15] jeffthekiller892 » да
[17:54:14] [Client thread/INFO] [CHAT] [15] jeffthekiller892 » 16к хп и 100 урона это жесть
[17:54:21] [Client thread/INFO] [CHAT] [30] V ┃ Paranoiid » стой
[17:54:26] [Client thread/INFO] [CHAT] [30] V ┃ Paranoiid » обратно
[17:54:28] [Client thread/INFO] [CHAT] Получено 37 звезд
[17:54:28] [Client thread/INFO] [CHAT] Урон игрока Tveiv: 12277
[17:54:29] [Client thread/INFO] [CHAT] Tveiv получил Внутренняя сила
[17:54:39] [Client thread/INFO] [CHAT] [30] V ┃ Paranoiid » вот
[17:54:41] [Client thread/INFO] [CHAT] [30] Treefrei66 » а пон
[17:54:57] [Client thread/INFO] [CHAT] Получено 42 звезд
[17:54:57] [Client thread/INFO] [CHAT] Урон игрока Tveiv: 8761
[17:54:58] [Client thread/INFO] [CHAT] Tveiv получил Бонус урона
[17:55:03] [Client thread/INFO] [CHAT] Звезды падают с небес!
[17:55:09] [Client thread/INFO] [CHAT] Tveiv получил Бонус здоровья
[17:55:09] [Client thread/INFO] [CHAT] Tveiv получил Бонус уклонения
[17:55:21] [Client thread/INFO] [CHAT] [15] jeffthekiller892 » не надо
[17:55:23] [Client thread/INFO] [CHAT] Получено 44 звезд
[17:55:23] [Client thread/INFO] [CHAT] Урон игрока Tveiv: 8948
[17:55:24] [Client thread/INFO] [CHAT] Tveiv получил Сетка для ловли звёзд
[17:55:26] [Client thread/INFO] [CHAT] Tveiv получил Смотри на меня
[17:55:27] [Client thread/INFO] [CHAT] Зверь появляется в комнате.
[17:55:28] [Client thread/INFO] [CHAT] Tveiv получил Дурак
[17:55:28] [Client thread/INFO] [CHAT] Tveiv получил Унижение
[17:55:28] [Client thread/INFO] [CHAT] Tveiv получил Паранойя Победителя
[17:55:30] [Client thread/INFO] [CHAT] [15] jeffthekiller892 » не крутите лучше где дебаффы говно
[17:55:35] [Client thread/INFO] [CHAT] Цель уклонилась от атаки на 34%
[17:55:36] [Client thread/INFO] [CHAT] [15] jeffthekiller892 » казни
[17:55:40] [Client thread/INFO] [CHAT] Вы уклонились на 31%
[17:55:41] [Client thread/INFO] [CHAT] Вы уклонились на 29%
[17:55:46] [Client thread/INFO] [CHAT] Цель уклонилась от атаки на 30%
[17:55:46] [Client thread/INFO] [CHAT] Цель уклонилась от атаки на 25%
[17:55:53] [Client thread/INFO] [CHAT] Вы уклонились на 44%
[17:55:54] [Client thread/INFO] [CHAT] Вы уклонились на 39%
[17:55:56] [Client thread/INFO] [CHAT] Цель уклонилась от атаки на 46%
[17:56:00] [Client thread/INFO] [CHAT] [30] P ┃ ghj111 » кто пойдёт на последнюю 27 локу
[17:56:03] [Client thread/INFO] [CHAT] Вы уклонились на 39%
[17:56:04] [Client thread/INFO] [CHAT] Цель уклонилась от атаки на 41%
[17:56:05] [Client thread/INFO] [CHAT] Цель уклонилась от атаки на 36%
[17:56:07] [Client thread/INFO] [CHAT] Получено 46 звезд
[17:56:07] [Client thread/INFO] [CHAT] Урон игрока Tveiv: 12353
[17:56:08] [Client thread/INFO] [CHAT] Tveiv получил Висп в бутылке
[17:56:19] [Client thread/INFO] [CHAT] Цель уклонилась от атаки на 26%
[17:56:21] [Client thread/INFO] [CHAT] Вы уклонились на 43%
[17:56:23] [Client thread/INFO] [CHAT] Цель уклонилась от атаки на 42%
[17:56:26] [Client thread/INFO] [CHAT] [30] V ┃ Paranoiid » Зекстер
[17:56:30] [Client thread/INFO] [CHAT] [15] jeffthekiller892 » выживает
[17:56:33] [Client thread/INFO] [CHAT] [30] Treefrei66 » приговор ждём параноид ок?
[17:56:34] [Client thread/INFO] [CHAT] Цель уклонилась от атаки на 40%
[17:56:35] [Client thread/INFO] [CHAT] Цель уклонилась от атаки на 38%
[17:56:37] [Client thread/INFO] [CHAT] Цель уклонилась от атаки на 44%
[17:56:37] [Client thread/INFO] [CHAT] [30] V ┃ Paranoiid » Отрожатель нужен на финальном босе?
[17:56:38] [Client thread/INFO] [CHAT] Цель уклонилась от атаки на 48%
[17:56:40] [Client thread/INFO] [CHAT] Цель уклонилась от атаки на 38%
[17:56:40] [Client thread/INFO] [CHAT] Вы уклонились на 25%
[17:56:43] [Client thread/INFO] [CHAT] [30] leonardo_leo_ » -
[17:56:44] [Client thread/INFO] [CHAT] [30] Jr.Dev ┃ ZeksterP » -
[17:56:44] [Client thread/INFO] [CHAT] Цель уклонилась от атаки на 28%
[17:56:45] [Client thread/INFO] [CHAT] Цель уклонилась от атаки на 50%
[17:56:47] [Client thread/INFO] [CHAT] Цель уклонилась от атаки на 37%
[17:56:48] [Client thread/INFO] [CHAT] [30] Jr.Dev ┃ ZeksterP » отражатель на голову
[17:56:49] [Client thread/INFO] [CHAT] [30] V ┃ Paranoiid » ок
[17:56:49] [Client thread/INFO] [CHAT] Цель уклонилась от атаки на 32%
[17:56:51] [Client thread/INFO] [CHAT] Цель уклонилась от атаки на 38%
[17:56:55] [Client thread/INFO] [CHAT] [30] Treefrei66 » всё
[17:56:55] [Client thread/INFO] [CHAT] Вы уклонились на 28%
[17:56:57] [Client thread/INFO] [CHAT] [30] Jr.Dev ┃ ZeksterP » вы не убивали её?
[17:56:57] [Client thread/INFO] [CHAT] [30] V ┃ Paranoiid » ща сек
[17:57:02] [Client thread/INFO] [CHAT] Цель уклонилась от атаки на 27%
[17:57:06] [Client thread/INFO] [CHAT] [30] V ┃ Paranoiid » эмм
[17:57:07] [Client thread/INFO] [CHAT] [30] Treefrei66 » а где 5осталось
[17:57:07] [Client thread/INFO] [CHAT] Вы уклонились на 50%
[17:57:10] [Client thread/INFO] [CHAT] [30] V ┃ Paranoiid » Зекстер
[17:57:10] [Client thread/INFO] [CHAT] Цель уклонилась от атаки на 46%
[17:57:11] [Client thread/INFO] [CHAT] Вы уклонились на 37%
[17:57:12] [Client thread/INFO] [CHAT] [30] V ┃ Paranoiid » Прикол
[17:57:12] [Client thread/INFO] [CHAT] Цель уклонилась от атаки на 47%
[17:57:14] [Client thread/INFO] [CHAT] [30] Jr.Dev ┃ ZeksterP » ?
[17:57:15] [Client thread/INFO] [CHAT] Цель уклонилась от атаки на 49%
[17:57:16] [Client thread/INFO] [CHAT] Цель уклонилась от атаки на 26%
[17:57:16] [Client thread/INFO] [CHAT] Прошла минута с начала волны! Урон противников увеличен на 25%
[17:57:18] [Client thread/INFO] [CHAT] Цель уклонилась от атаки на 25%
[17:57:18] [Client thread/INFO] [CHAT] Получено 32 звезд
[17:57:18] [Client thread/INFO] [CHAT] Урон игрока Tveiv: 37746
[17:57:20] [Client thread/INFO] [CHAT] Tveiv получил Прогноз погоды
[17:57:24] [Client thread/INFO] [CHAT] Загадочное зеркало материализовалось в комнате.
[17:57:24] [Client thread/INFO] [CHAT] ЛКМ - Разбить зеркало
[17:57:24] [Client thread/INFO] [CHAT] ПКМ - Заглянуть в зеркало
[17:57:24] [Client thread/FATAL] Error executing task
java.util.concurrent.ExecutionException: java.lang.IllegalArgumentException: URI is not absolute
	at java.base/java.util.concurrent.FutureTask.report(Unknown Source)
	at java.base/java.util.concurrent.FutureTask.get(Unknown Source)
	at #wFFZg.sa(SourceFile:46)
	at #mPGeI.b(SourceFile:52)
	at #QQxhM.sk(SourceFile:1466)
	at #lVFyp.st(SourceFile:1632)
	at #cYnba.sk(SourceFile:487)
	at net.minecraft.client.main.GameMain.a(SourceFile:220)
	at net.minecraft.client.main.GameMain.a(SourceFile:156)
	at #kBJWf.a(Unknown Source)
	at #kBJWf.run(Unknown Source)
	at java.base/java.lang.Thread.run(Unknown Source)
Caused by: java.lang.IllegalArgumentException: URI is not absolute
	at java.base/java.net.URL.of(Unknown Source)
	at #QKiRG.sa(SourceFile:250)
	at #gIFKC.sa(SourceFile:204)
	at !#CoIEI.sa(SourceFile:508)
	at #TBzUk.a(Unknown Source)
	at #TBzUk.run(Unknown Source)
	at java.base/java.util.concurrent.Executors$RunnableAdapter.call(Unknown Source)
	at java.base/java.util.concurrent.FutureTask.run(Unknown Source)
	at #wFFZg.sa(SourceFile:45)
	... 9 more
[17:57:26] [Client thread/INFO] [CHAT] Вы заглядываете в зеркало и видите в нём себя. Внезапно, зеркало исчезает и Ваше отражение бросается в атаку.
[17:57:27] [Client thread/INFO] [CHAT] [30] V ┃ Paranoiid » Я могу тепнуться на улицу проход к которой закрыл
[17:57:27] [Client thread/INFO] [CHAT] Вы уклонились на 41%
[17:57:29] [Client thread/INFO] [CHAT] Цель уклонилась от атаки на 35%
[17:57:29] [Client thread/INFO] [CHAT] [30] V ┃ Paranoiid » Норм?
[17:57:31] [Client thread/INFO] [CHAT] Цель уклонилась от атаки на 27%
[17:57:31] [Client thread/INFO] [CHAT] [30] Jr.Dev ┃ ZeksterP » да
[17:57:33] [Client thread/INFO] [CHAT] Цель уклонилась от атаки на 48%
[17:57:34] [Client thread/INFO] [CHAT] [30] Jr.Dev ┃ ZeksterP » теперь можно
[17:57:38] [Client thread/INFO] [CHAT] Tveiv получил Зеркальный
[17:57:38] [Client thread/INFO] [CHAT] Цель уклонилась от атаки на 38%
[17:57:41] [Client thread/INFO] [CHAT] Цель уклонилась от атаки на 32%
[17:57:43] [Client thread/INFO] [CHAT] [30] V ┃ Paranoiid » го?
[17:57:43] [Client thread/INFO] [CHAT] Получено 58 звезд
[17:57:43] [Client thread/INFO] [CHAT] Урон игрока Tveiv: 16100
[17:57:44] [Client thread/INFO] [CHAT] [30] Treefrei66 » мобы где 5
[17:57:45] [Client thread/INFO] [CHAT] Tveiv получил Грохот научного триумфа
[17:57:52] [Client thread/INFO] [CHAT] Цель уклонилась от атаки на 44%
[17:57:53] [Client thread/INFO] [CHAT] Цель уклонилась от атаки на 36%
[17:57:55] [Client thread/INFO] [CHAT] [30] V ┃ Paranoiid » а
[17:57:57] [Client thread/INFO] [CHAT] Цель уклонилась от атаки на 48%
[17:57:57] [Client thread/INFO] [CHAT] Цель уклонилась от атаки на 43%
[17:57:58] [Client thread/INFO] [CHAT] Цель уклонилась от атаки на 27%
[17:57:59] [Client thread/INFO] [CHAT] Получено 61 звезд
[17:57:59] [Client thread/INFO] [CHAT] Урон игрока Tveiv: 9987
[17:58:04] [Client thread/INFO] [CHAT] Tveiv получил Шестерёнки страха
[17:58:13] [Client thread/INFO] [CHAT] [30] Mrplayer228 » зекстер когда планируется повышение макс уровня?
[17:58:14] [Client thread/INFO] [CHAT] Цель уклонилась от атаки на 50%
[17:58:15] [Client thread/INFO] [CHAT] [30] V ┃ Paranoiid » Ну убьешь сам
[17:58:20] [Client thread/INFO] [CHAT] Цель уклонилась от атаки на 26%
[17:58:20] [Client thread/INFO] [CHAT] Получено 60 звезд
[17:58:20] [Client thread/INFO] [CHAT] Урон игрока Tveiv: 19479
[17:58:23] [Client thread/INFO] [CHAT] Tveiv получил Бонус маны
[17:58:26] [Client thread/INFO] [CHAT] Tveiv получил Катастрофизация x2
[17:58:28] [Client thread/INFO] [CHAT] На горизонте маячат гигантские, черные прямоугольники.
[17:58:28] [Client thread/INFO] [CHAT] Вы не можете понять, это чьи-то дома, или же пред вами немыслимые, космические создания.
[17:58:29] [Client thread/INFO] [CHAT] Прямоугольник: НАЧУйрЩэУгМбЦТ?
[17:58:29] [Client thread/FATAL] Error executing task
java.util.concurrent.ExecutionException: java.lang.IllegalArgumentException: URI is not absolute
	at java.base/java.util.concurrent.FutureTask.report(Unknown Source)
	at java.base/java.util.concurrent.FutureTask.get(Unknown Source)
	at #wFFZg.sa(SourceFile:46)
	at #mPGeI.b(SourceFile:52)
	at #QQxhM.sk(SourceFile:1466)
	at #lVFyp.st(SourceFile:1632)
	at #cYnba.sk(SourceFile:487)
	at net.minecraft.client.main.GameMain.a(SourceFile:220)
	at net.minecraft.client.main.GameMain.a(SourceFile:156)
	at #kBJWf.a(Unknown Source)
	at #kBJWf.run(Unknown Source)
	at java.base/java.lang.Thread.run(Unknown Source)
Caused by: java.lang.IllegalArgumentException: URI is not absolute
	at java.base/java.net.URL.of(Unknown Source)
	at #QKiRG.sa(SourceFile:250)
	at #gIFKC.sa(SourceFile:204)
	at !#CoIEI.sa(SourceFile:508)
	at #TBzUk.a(Unknown Source)
	at #TBzUk.run(Unknown Source)
	at java.base/java.util.concurrent.Executors$RunnableAdapter.call(Unknown Source)
	at java.base/java.util.concurrent.FutureTask.run(Unknown Source)
	at #wFFZg.sa(SourceFile:45)
	... 9 more
[17:58:29] [Client thread/FATAL] Error executing task
java.util.concurrent.ExecutionException: java.lang.IllegalArgumentException: URI is not absolute
	at java.base/java.util.concurrent.FutureTask.report(Unknown Source)
	at java.base/java.util.concurrent.FutureTask.get(Unknown Source)
	at #wFFZg.sa(SourceFile:46)
	at #mPGeI.b(SourceFile:52)
	at #QQxhM.sk(SourceFile:1466)
	at #lVFyp.st(SourceFile:1632)
	at #cYnba.sk(SourceFile:487)
	at net.minecraft.client.main.GameMain.a(SourceFile:220)
	at net.minecraft.client.main.GameMain.a(SourceFile:156)
	at #kBJWf.a(Unknown Source)
	at #kBJWf.run(Unknown Source)
	at java.base/java.lang.Thread.run(Unknown Source)
Caused by: java.lang.IllegalArgumentException: URI is not absolute
	at java.base/java.net.URL.of(Unknown Source)
	at #QKiRG.sa(SourceFile:250)
	at #gIFKC.sa(SourceFile:204)
	at !#CoIEI.sa(SourceFile:508)
	at #TBzUk.a(Unknown Source)
	at #TBzUk.run(Unknown Source)
	at java.base/java.util.concurrent.Executors$RunnableAdapter.call(Unknown Source)
	at java.base/java.util.concurrent.FutureTask.run(Unknown Source)
	at #wFFZg.sa(SourceFile:45)
	... 9 more
[17:58:29] [Client thread/FATAL] Error executing task
java.util.concurrent.ExecutionException: java.lang.IllegalArgumentException: URI is not absolute
	at java.base/java.util.concurrent.FutureTask.report(Unknown Source)
	at java.base/java.util.concurrent.FutureTask.get(Unknown Source)
	at #wFFZg.sa(SourceFile:46)
	at #mPGeI.b(SourceFile:52)
	at #QQxhM.sk(SourceFile:1466)
	at #lVFyp.st(SourceFile:1632)
	at #cYnba.sk(SourceFile:487)
	at net.minecraft.client.main.GameMain.a(SourceFile:220)
	at net.minecraft.client.main.GameMain.a(SourceFile:156)
	at #kBJWf.a(Unknown Source)
	at #kBJWf.run(Unknown Source)
	at java.base/java.lang.Thread.run(Unknown Source)
Caused by: java.lang.IllegalArgumentException: URI is not absolute
	at java.base/java.net.URL.of(Unknown Source)
	at #QKiRG.sa(SourceFile:250)
	at #gIFKC.sa(SourceFile:204)
	at !#CoIEI.sa(SourceFile:508)
	at #TBzUk.a(Unknown Source)
	at #TBzUk.run(Unknown Source)
	at java.base/java.util.concurrent.Executors$RunnableAdapter.call(Unknown Source)
	at java.base/java.util.concurrent.FutureTask.run(Unknown Source)
	at #wFFZg.sa(SourceFile:45)
	... 9 more
[17:58:31] [Client thread/INFO] [CHAT] Прямоугольник: С?!нщулЕДвфЁ
[17:58:32] [Client thread/INFO] [CHAT] Прямоугольник: еуЫПюмюъкЪжсчЁЕвЁ
[17:58:32] [Client thread/INFO] [CHAT] Tveiv получил Черные прямоугольники
[17:58:34] [Client thread/INFO] [CHAT] Вы уклонились на 40%
[17:58:36] [Client thread/INFO] [CHAT] Цель уклонилась от атаки на 34%
[17:58:36] [Client thread/INFO] [CHAT] На Вас наложено Проклятие Крови, Вы получаете урон за каждую нанесенную атаку
[17:58:38] [Client thread/INFO] [CHAT] Цель уклонилась от атаки на 33%
[17:59:15] [Client thread/INFO] [CHAT] [30] Treefrei66 » а где самый ласт
[17:59:17] [Client thread/INFO] [CHAT] [30] V ┃ Paranoiid » ты где
[17:59:22] [Client thread/INFO] [CHAT] [30] Treefrei66 » а это босс
[17:59:26] [Client thread/INFO] [CHAT] [30] V ┃ Paranoiid » Наследница бедствия
[17:59:32] [Client thread/INFO] [CHAT] [30] Jr.Dev ┃ ZeksterP » всех мобов не обязательно в данже убивать
[18:00:31] [Client thread/INFO] [CHAT] Tveiv получил Собиратель мусора
[18:00:32] [Client thread/INFO] [CHAT] [30] Mrplayer228 » помочь кому локи попроходить?
[18:00:42] [Client thread/INFO] [CHAT] [16] P ┃ igorek969 » да можно
[18:00:49] [Client thread/INFO] [CHAT] Получено 42 звезд
[18:00:49] [Client thread/INFO] [CHAT] Урон игрока Tveiv: 6165
[18:00:51] [Client thread/INFO] [CHAT] Tveiv получил Бонус здоровья
[18:01:20] [Client thread/INFO] [CHAT] Получено 38 звезд
[18:01:20] [Client thread/INFO] [CHAT] Урон игрока Tveiv: 12832
[18:01:21] [Client thread/INFO] [CHAT] Tveiv получил Куб неуязвимости
[18:01:22] [Client thread/INFO] [CHAT] Последователь Этоля появляется в комнате.
[18:01:23] [Client thread/INFO] [CHAT] Астролог: Странник Тьмы, я рад видеть тебя. Позволь мне помочь в твоих странствиях, давай свою экипировку.
[18:01:24] [Client thread/INFO] [CHAT] Оружие получает +2 к уровню зачарования, а остальные предметы - +4
[18:01:44] [Client thread/INFO] [CHAT] Получено 42 звезд
[18:01:44] [Client thread/INFO] [CHAT] Урон игрока Tveiv: 8591
[18:01:46] [Client thread/INFO] [CHAT] Tveiv получил Башня яркой Луны
[18:01:48] [Client thread/INFO] [CHAT] Ведьмы появляются в комнате и медленно окружают Вас.
[18:01:49] [Client thread/INFO] [CHAT] Ведьма: Уважаемый Странник Тьмы, поделитесь с нами вашей силой.
[18:02:02] [Client thread/INFO] [CHAT] [АЛЯРМ] ADM ┃ S 㱥 » Приглашаем на ивент «Знакомства»! Присоединяйтесь, чтобы найти друга для проведения времени, а может, и свою вторую половинку! Приз для победителя — 500 бонусов на личный кабинет и 500 рублей для тройки лучших. https://discord.gg/cristalix
[18:02:03] [Client thread/INFO] [CHAT] Получено 45 звезд
[18:02:03] [Client thread/INFO] [CHAT] Урон игрока Tveiv: 8875
[18:02:04] [Client thread/INFO] [CHAT] [30] Treefrei66 » а перерождялка не робит я забыл
[18:02:06] [Client thread/INFO] [CHAT] Tveiv получил Маноед
[18:02:08] [Client thread/INFO] [CHAT] Tveiv получил Проклятие
[18:02:11] [Client thread/INFO] [CHAT] [30] Treefrei66 » зекстер кста почему
[18:02:14] [Client thread/INFO] [CHAT] [30] Jr.Dev ┃ ZeksterP » ?
[18:02:19] [Client thread/INFO] [CHAT] Потеряно 52 звезд
[18:02:19] [Client thread/INFO] [CHAT] Tveiv получил Проклятие
[18:02:20] [Client thread/INFO] [CHAT] Потеряно 52 звезд
[18:02:20] [Client thread/INFO] [CHAT] Tveiv получил Атомные часы
[18:02:21] [Client thread/INFO] [CHAT] Потеряно 52 звезд
[18:02:21] [Client thread/INFO] [CHAT] Tveiv получил Маноед
[18:02:23] [Client thread/INFO] [CHAT] Перезагрузка режима через 10 минут
[18:02:23] [Client thread/INFO] [CHAT] Перезайдите на режим, чтобы попасть на рабочий сервер.
[18:02:25] [Client thread/INFO] [CHAT] [30] Treefrei66 » на боссе перерождение не робит
[18:02:31] [Client thread/INFO] [CHAT] [30] V ┃ Paranoiid » работает
[18:02:32] [Client thread/INFO] [CHAT] Вы уклонились на 37%
[18:02:37] [Client thread/INFO] [CHAT] Tveiv получил Бумажный меч
[18:02:38] [Client thread/INFO] [CHAT] [30] Treefrei66 » я не про от сета
[18:02:48] [Client thread/INFO] [CHAT] Вы уклонились на 46%
[18:02:53] [Client thread/INFO] [CHAT] Вы уклонились на 34%
[18:02:53] [Client thread/INFO] [CHAT] [30] V ┃ Paranoiid » Просто есть такие удары которые киляют без разбора
[18:02:58] [Client thread/INFO] [CHAT] [15] jeffthekiller892 » не крути
[18:03:00] [Client thread/INFO] [CHAT] [15] jeffthekiller892 » брат
[18:03:01] [Client thread/INFO] [CHAT] [15] jeffthekiller892 » не надо
[18:03:02] [Client thread/INFO] [CHAT] Получено 34 звезд
[18:03:02] [Client thread/INFO] [CHAT] Урон игрока Tveiv: 14036
[18:03:05] [Client thread/INFO] [CHAT] Tveiv получил Ножницы пространства
[18:03:15] [Client thread/INFO] [CHAT] [5] Jack6139 » ав\
[18:03:24] [Client thread/INFO] [CHAT] [5] Jack6139 » .рши
[18:03:34] [Client thread/INFO] [CHAT] [30] Jr.Dev ┃ ZeksterP » да, вы правы, перерождался ломается после наследницы
[18:03:35] [Client thread/INFO] [CHAT] [30] Jr.Dev ┃ ZeksterP » исправлю
[18:03:48] [Client thread/INFO] [CHAT] [30] V ┃ Paranoiid » а кайф
[18:04:01] [Client thread/INFO] [CHAT] [30] V ┃ Paranoiid » Че го с картой?
[18:04:05] [Client thread/INFO] [CHAT] [2] T ┃ CRAPAUT_YTT » !как способность на посохо юзать?
[18:04:05] [Client thread/INFO] [CHAT] [30] Treefrei66 » [Боевой топор ярости ♨ +3] сколько звёзд и какой левел(
[18:04:10] [Client thread/INFO] [CHAT] Прошла минута с начала волны! Урон противников увеличен на 25%
[18:04:11] [Client thread/INFO] [CHAT] Получено 24 звезд
[18:04:11] [Client thread/INFO] [CHAT] Урон игрока Tveiv: 42385
[18:04:12] [Client thread/INFO] [CHAT] Tveiv получил Кровопролитие
[18:04:16] [Client thread/INFO] [CHAT] [30] V ┃ Paranoiid » ема
[18:04:16] [Client thread/INFO] [CHAT] [15] jeffthekiller892 » красавцыыыыыыыы
[18:04:26] [Client thread/INFO] [CHAT] [30] H ┃ ______________DA » инвентарь - заклинания и биндишь
[18:04:27] [Client thread/INFO] [CHAT] [15] Pokygorilla » на последнем хп ахахаха
[18:04:27] [Client thread/INFO] [CHAT] Получено 44 звезд
[18:04:27] [Client thread/INFO] [CHAT] Урон игрока Tveiv: 15638
[18:04:28] [Client thread/INFO] [CHAT] Tveiv получил Разрушитель звёзд
[18:04:33] [Client thread/INFO] [CHAT] Таинственная дверь появляется в комнате.
[18:04:37] [Client thread/INFO] [CHAT] Вы открываете дверь и впадаете в ужас. За дверью, Вас ожидало древнее божество.
[18:04:37] [Client thread/INFO] [CHAT] Вы встретили само воплощение Тьмы и Ночи, и теперь, оно нападает на Вас. Это - Ваш Конец.
[18:04:53] [Client thread/INFO] [CHAT] [15] jeffthekiller892 » спасибо за игру пацаны
[18:04:58] [Client thread/INFO] [CHAT] Вы уклонились на 25%
[18:05:10] [Client thread/INFO] [CHAT] Вы уклонились на 43%
[18:05:14] [Client thread/INFO] [CHAT] [30] V ┃ Paranoiid » ээ
[18:05:17] [Client thread/INFO] [CHAT] Tveiv получил Теневой x2
[18:05:18] [Client thread/INFO] [CHAT] [30] V ┃ Paranoiid » Зекстер
[18:05:21] [Client thread/INFO] [CHAT] Tveiv получил Бонус урона
[18:05:23] [Client thread/INFO] [CHAT] [30] Jr.Dev ┃ ZeksterP » ?
[18:05:26] [Client thread/INFO] [CHAT] [30] V ┃ Paranoiid » че за обман
[18:05:30] [Client thread/INFO] [CHAT] Получено 44 звезд
[18:05:30] [Client thread/INFO] [CHAT] Получено 40 звезд
[18:05:30] [Client thread/INFO] [CHAT] Урон игрока Tveiv: 11407
[18:05:32] [Client thread/INFO] [CHAT] [30] Jr.Dev ┃ ZeksterP » где
[18:05:39] [Client thread/INFO] [CHAT] [30] V ┃ Paranoiid » Я поставил карту и мне сказало зайдите на рабочий сервер
[18:05:44] [Client thread/INFO] [CHAT] Получено 44 звезд
[18:05:44] [Client thread/INFO] [CHAT] Получено 40 звезд
[18:05:44] [Client thread/INFO] [CHAT] Урон игрока Tveiv: 18092
[18:05:46] [Client thread/INFO] [CHAT] Tveiv получил Паранойя Победителя
[18:05:47] [Client thread/INFO] [CHAT] [30] V ┃ Paranoiid » На сервер зашел карты нет
[18:05:49] [Client thread/INFO] [CHAT] Потеряно 218 звезд
[18:05:49] [Client thread/INFO] [CHAT] Tveiv получил Бумажный меч
[18:05:56] [Client thread/INFO] [CHAT] [30] Jr.Dev ┃ ZeksterP » а ты карту какого лвла ставил
[18:05:58] [Client thread/INFO] [CHAT] [30] V ┃ Paranoiid » Боже
[18:06:01] [Client thread/INFO] [CHAT] Получено 45 звезд
[18:06:01] [Client thread/INFO] [CHAT] Получено 40 звезд
[18:06:01] [Client thread/INFO] [CHAT] Урон игрока Tveiv: 21463
[18:06:06] [Client thread/INFO] [CHAT] Объект появляется в комнате. Это конец величественных звёзд.
[18:06:06] [Client thread/INFO] [CHAT] [30] V ┃ Paranoiid » Она осталась в интерфейсе
[18:06:09] [Client thread/INFO] [CHAT] [30] V ┃ Paranoiid » уровня
[18:06:25] [Client thread/INFO] [CHAT] Tveiv получил Контроль
[18:06:26] [Client thread/INFO] [CHAT] [30] V ┃ Paranoiid » пхаах
[18:06:39] [Client thread/INFO] [CHAT] Tveiv получил Бонус скорости x2
[18:06:39] [Client thread/INFO] [CHAT] Получено 43 звезд
[18:06:39] [Client thread/INFO] [CHAT] Получено 40 звезд
[18:06:39] [Client thread/INFO] [CHAT] Урон игрока Tveiv: 14031
[18:06:51] [Client thread/INFO] [CHAT] [8] Adekvatik_Love » сколько крит урона даёт связь с душой?
[18:06:53] [Client thread/ERROR] Error on handle event #VIlGP in Mod{name='VoidMod', version='1.0+089d877', persistent=false, delegate=dev.a.a.a, modState=LOADED}
java.lang.NullPointerException: Cannot invoke "!#RHFkw.a()" because "<parameter1>" is null
	at VoidMod-v1.0+089d877//dev.a.a.d.b.a.a(SourceFile:54)
	at VoidMod-v1.0+089d877//dev.a.a.f.j.a.c.d(SourceFile:15)
	at VoidMod-v1.0+089d877//dev.a.a.f.j.a.c.injectedLambda$d$1(SourceFile)
	at VoidMod-v1.0+089d877//dev.a.a.f.j.b.a(SourceFile:21)
	at VoidMod-v1.0+089d877//dev.a.a.f.j.b.injectedLambda$a$10(SourceFile)
	at java.base/java.util.ArrayList.forEach(Unknown Source)
	at VoidMod-v1.0+089d877//dev.a.a.f.j.b.a(SourceFile:185)
	at VoidMod-v1.0+089d877//dev.a.a.f.j.b.injectedLambda$a$0(SourceFile)
	at #glmBE.sa(SourceFile:56)
	at #VmcMg.a(Unknown Source)
	at #VmcMg.accept(Unknown Source)
	at #Hvwvu.sa(SourceFile:105)
	at #durGt.a(Unknown Source)
	at #durGt.accept(Unknown Source)
	at #IsJOi.sa(SourceFile:59)
	at #Tuhja.a(SourceFile)
	at #YLOEq.sa(SourceFile:89)
	at #qbDVS.sa(SourceFile:100)
	at #uvNju.unsafeHandle(SourceFile)
	at #weeOO.sa(SourceFile:50)
	at #Sgkbh.sa(SourceFile:3463)
	at #CXdva.sb(SourceFile:3447)
	at #goWtm.sN(SourceFile:2219)
	at !#GrWyZ.so(SourceFile:2131)
	at #eiNMA.sv(SourceFile:2013)
	at #zSGbB.sa(SourceFile:1482)
	at #lVFyp.st(SourceFile:1634)
	at #cYnba.sk(SourceFile:487)
	at net.minecraft.client.main.GameMain.a(SourceFile:220)
	at net.minecraft.client.main.GameMain.a(SourceFile:156)
	at #kBJWf.a(Unknown Source)
	at #kBJWf.run(Unknown Source)
	at java.base/java.lang.Thread.run(Unknown Source)
[18:06:53] [Client thread/ERROR] Error on handle event #VIlGP in Mod{name='VoidMod', version='1.0+089d877', persistent=false, delegate=dev.a.a.a, modState=LOADED}
java.lang.NullPointerException: Cannot invoke "!#RHFkw.a()" because "<parameter1>" is null
	at VoidMod-v1.0+089d877//dev.a.a.d.b.a.a(SourceFile:54)
	at VoidMod-v1.0+089d877//dev.a.a.f.j.a.c.d(SourceFile:15)
	at VoidMod-v1.0+089d877//dev.a.a.f.j.a.c.injectedLambda$d$1(SourceFile)
	at VoidMod-v1.0+089d877//dev.a.a.f.j.b.a(SourceFile:21)
	at VoidMod-v1.0+089d877//dev.a.a.f.j.b.injectedLambda$a$10(SourceFile)
	at java.base/java.util.ArrayList.forEach(Unknown Source)
	at VoidMod-v1.0+089d877//dev.a.a.f.j.b.a(SourceFile:185)
	at VoidMod-v1.0+089d877//dev.a.a.f.j.b.injectedLambda$a$0(SourceFile)
	at #glmBE.sa(SourceFile:56)
	at #VmcMg.a(Unknown Source)
	at #VmcMg.accept(Unknown Source)
	at #Hvwvu.sa(SourceFile:105)
	at #durGt.a(Unknown Source)
	at #durGt.accept(Unknown Source)
	at #IsJOi.sa(SourceFile:59)
	at #Tuhja.a(SourceFile)
	at #YLOEq.sa(SourceFile:89)
	at #qbDVS.sa(SourceFile:100)
	at #uvNju.unsafeHandle(SourceFile)
	at #weeOO.sa(SourceFile:50)
	at #Sgkbh.sa(SourceFile:3463)
	at #CXdva.sb(SourceFile:3447)
	at #goWtm.sN(SourceFile:2219)
	at !#GrWyZ.so(SourceFile:2131)
	at #eiNMA.sv(SourceFile:2013)
	at #zSGbB.sa(SourceFile:1482)
	at #lVFyp.st(SourceFile:1634)
	at #cYnba.sk(SourceFile:487)
	at net.minecraft.client.main.GameMain.a(SourceFile:220)
	at net.minecraft.client.main.GameMain.a(SourceFile:156)
	at #kBJWf.a(Unknown Source)
	at #kBJWf.run(Unknown Source)
	at java.base/java.lang.Thread.run(Unknown Source)
[18:07:08] [Client thread/INFO] [CHAT] Получено 38 звезд
[18:07:08] [Client thread/INFO] [CHAT] Получено 40 звезд
[18:07:08] [Client thread/INFO] [CHAT] Урон игрока Tveiv: 30895
[18:07:10] [Client thread/ERROR] Error on handle event #VIlGP in Mod{name='VoidMod', version='1.0+089d877', persistent=false, delegate=dev.a.a.a, modState=LOADED}
java.lang.NullPointerException: Cannot invoke "!#RHFkw.a()" because "<parameter1>" is null
	at VoidMod-v1.0+089d877//dev.a.a.d.b.a.a(SourceFile:54)
	at VoidMod-v1.0+089d877//dev.a.a.f.j.a.c.d(SourceFile:15)
	at VoidMod-v1.0+089d877//dev.a.a.f.j.a.c.injectedLambda$d$1(SourceFile)
	at VoidMod-v1.0+089d877//dev.a.a.f.j.b.a(SourceFile:21)
	at VoidMod-v1.0+089d877//dev.a.a.f.j.b.injectedLambda$a$10(SourceFile)
	at java.base/java.util.ArrayList.forEach(Unknown Source)
	at VoidMod-v1.0+089d877//dev.a.a.f.j.b.a(SourceFile:185)
	at VoidMod-v1.0+089d877//dev.a.a.f.j.b.injectedLambda$a$0(SourceFile)
	at #glmBE.sa(SourceFile:56)
	at #VmcMg.a(Unknown Source)
	at #VmcMg.accept(Unknown Source)
	at #Hvwvu.sa(SourceFile:105)
	at #durGt.a(Unknown Source)
	at #durGt.accept(Unknown Source)
	at #IsJOi.sa(SourceFile:59)
	at #Tuhja.a(SourceFile)
	at #YLOEq.sa(SourceFile:89)
	at #qbDVS.sa(SourceFile:100)
	at #uvNju.unsafeHandle(SourceFile)
	at #weeOO.sa(SourceFile:50)
	at #Sgkbh.sa(SourceFile:3463)
	at #CXdva.sb(SourceFile:3447)
	at #goWtm.sN(SourceFile:2219)
	at !#GrWyZ.so(SourceFile:2131)
	at #eiNMA.sv(SourceFile:2013)
	at #zSGbB.sa(SourceFile:1482)
	at #lVFyp.st(SourceFile:1634)
	at #cYnba.sk(SourceFile:487)
	at net.minecraft.client.main.GameMain.a(SourceFile:220)
	at net.minecraft.client.main.GameMain.a(SourceFile:156)
	at #kBJWf.a(Unknown Source)
	at #kBJWf.run(Unknown Source)
	at java.base/java.lang.Thread.run(Unknown Source)
[18:07:15] [Client thread/INFO] [CHAT] Потеряно 224 звезд
[18:07:15] [Client thread/INFO] [CHAT] Tveiv получил Сетка для ловли звёзд
[18:07:16] [Client thread/INFO] [CHAT] Последователи Бедствия появляются в комнате.
[18:07:17] [Client thread/INFO] [CHAT] Наследница Бедствия: Странник Тьмы, ты же направляешься к Расиме?
[18:07:18] [Client thread/INFO] [CHAT] Наследница Бедствия: Мы можем помочь друг-другу.
[18:07:20] [Client thread/INFO] [CHAT] Наследница Бедствия: В битве с Расимой, мы будем на твоей стороне. Согласен?
[18:07:20] [Client thread/INFO] [CHAT] Наследница Бедствия: Ты ещё пожалеешь об этом.
[18:07:23] [Client thread/INFO] [CHAT] Перезагрузка режима через 5 минут
[18:07:25] [Client thread/INFO] [CHAT] Вы уклонились на 48%
[18:07:30] [Client thread/INFO] [CHAT] Вы уклонились на 42%
[18:07:36] [Client thread/INFO] [CHAT] Получено 60 звезд
[18:07:36] [Client thread/INFO] [CHAT] Получено 56 звезд
[18:07:36] [Client thread/INFO] [CHAT] Урон игрока Tveiv: 12490
[18:07:38] [Client thread/INFO] [CHAT] Звезды падают с небес!
[18:07:44] [Client thread/INFO] [CHAT] Tveiv получил Бонус здоровья
[18:07:44] [Client thread/INFO] [CHAT] Tveiv получил Бонус уклонения
[18:07:50] [Client thread/INFO] [CHAT] Вампиризм сброшен!
[18:07:57] [Client thread/INFO] [CHAT] Получено 61 звезд
[18:07:57] [Client thread/INFO] [CHAT] Получено 56 звезд
[18:07:57] [Client thread/INFO] [CHAT] Урон игрока Tveiv: 13908
[18:07:58] [Client thread/INFO] [CHAT] Tveiv получил Расимафикация
[18:08:02] [Client thread/INFO] [CHAT] Вы уклонились на 45%
[18:08:03] [Client thread/ERROR] Error on handle event #VIlGP in Mod{name='VoidMod', version='1.0+089d877', persistent=false, delegate=dev.a.a.a, modState=LOADED}
java.lang.NullPointerException
[18:08:06] [Client thread/INFO] [CHAT] Вы уклонились на 48%
[18:08:09] [Client thread/INFO] [CHAT] Вы уклонились на 38%
[18:08:28] [Client thread/INFO] [CHAT] [30] Treefrei66 » зекстер
[18:08:38] [Client thread/INFO] [CHAT] [25] P ┃ 123sterlok456 » [Приговор ⚝]
[18:08:44] [Client thread/INFO] [CHAT] [30] Mrplayer228 » депай
[18:08:54] [Client thread/INFO] [CHAT] [25] P ┃ 123sterlok456 » !он у меня единственный XD
[18:09:08] [Client thread/INFO] [CHAT] [30] Mrplayer228 » благ звёздами
[18:09:10] [Network thread/INFO] Protocol upgrade mask: 157
[18:09:10] [Network thread/INFO] Upgrading protocol
[18:09:10] [Client thread/INFO] Invalidating server data
[18:09:10] [Client thread/INFO] Unloading mod VoidMod/71e3d7b5-8928-5048-ee13-f81b71d9d885
[18:09:10] [Client thread/INFO] [STDOUT]: [Enginex v5.16.1 - Wada] [Wada/debug] reload requested: ServerSwitch
[18:09:10] [Client thread/INFO] [STDOUT]: [Enginex v5.16.1 - Wada] [Wada/debug] cleanAndReload begin: sessionId=8, awaitingHandshake=true
[18:09:10] [Client thread/INFO] [STDOUT]: [Enginex v5.16.1 - Wada] VAO support: true
[18:09:10] [Client thread/INFO] [STDOUT]: [Enginex v5.16.1 - Wada] Initialization with mod Wada
[18:09:10] [Client thread/INFO] [STDOUT]: [Enginex v5.16.1 - Wada] Successfully initialized
[18:09:10] [Client thread/INFO] Joining server Хаб #3
[18:09:10] [Client thread/INFO] Reloading ResourceManager: assets-addon.jar, Default
[18:09:10] [Client thread/WARN] Missing sound for event: minecraft:entity.turtle.ambient
[18:09:10] [Client thread/WARN] Missing sound for event: minecraft:entity.turtle.baby_hurt
[18:09:10] [Client thread/WARN] Missing sound for event: minecraft:entity.turtle.hurt
[18:09:10] [Client thread/WARN] Missing sound for event: minecraft:entity.turtle.baby_death
[18:09:10] [Client thread/WARN] Missing sound for event: minecraft:entity.turtle.death
[18:09:10] [Client thread/WARN] Missing sound for event: minecraft:entity.turtle.baby_step
[18:09:10] [Client thread/WARN] Missing sound for event: minecraft:entity.turtle.step
[18:09:10] [Client thread/WARN] Missing sound for event: minecraft:entity.turtle.swim
[18:09:10] [Client thread/WARN] Missing sound for event: minecraft:block.turtle_egg.crack
[18:09:10] [Client thread/WARN] Missing sound for event: minecraft:block.turtle_egg.egg_break
[18:09:10] [Client thread/WARN] Missing sound for event: minecraft:block.turtle_egg.fall
[18:09:10] [Client thread/WARN] Missing sound for event: minecraft:block.turtle_egg.hatch
[18:09:10] [Client thread/INFO] SoundSystem shutting down...
[18:09:10] [Client thread/WARN] Author: Paul Lamb, www.paulscode.com
[18:09:10] [Client thread/INFO] Starting up SoundSystem...
[18:09:10] [Thread-47/INFO] Initializing LWJGL OpenAL
[18:09:10] [Thread-47/INFO] (The LWJGL binding of OpenAL.  For more information, see http://www.lwjgl.org)
[18:09:10] [Thread-47/INFO] OpenAL audio device: OpenAL Soft on Динамики (MCHOSE V9 PRO)
[18:09:10] [Thread-47/INFO] OpenAL initialized.
[18:09:10] [Client thread/INFO] Sound engine reloaded
[18:09:11] [ForkJoinPool.commonPool-worker-6/WARN] Unable to load variant: axis=x from minecraft:lodestone#axis=x
[18:09:11] [ForkJoinPool.commonPool-worker-6/WARN] Unable to load variant: axis=y from minecraft:lodestone#axis=y
[18:09:11] [ForkJoinPool.commonPool-worker-6/WARN] Unable to load variant: axis=z from minecraft:lodestone#axis=z
[18:09:11] [ForkJoinPool.commonPool-worker-6/ERROR] Unable to load item model: 'minecraft:mcpatcher/cit/others/megumin_hat#inventory' for item: 'minecraft:mcpatcher/cit/others/megumin_hat'
[18:09:11] [ForkJoinPool.commonPool-worker-6/WARN] Unable to resolve texture due to upward reference: #cross in minecraft:models/block/chain.json
[18:09:11] [ForkJoinPool.commonPool-worker-6/WARN] Unable to resolve texture due to upward reference: #cross in minecraft:models/block/chain.json
[18:09:11] [ForkJoinPool.commonPool-worker-6/INFO] [OptiFine] Mipmap levels: 4
[18:09:11] [ForkJoinPool.commonPool-worker-6/INFO] [OptiFine] Multi-texturing: false
[18:09:11] [ForkJoinPool.commonPool-worker-6/INFO] [OptiFine] Multipass connected textures: false
[18:09:11] [ForkJoinPool.commonPool-worker-6/INFO] [OptiFine] BetterGrass: Parsing default configuration optifine/bettergrass.properties
[18:09:11] [ForkJoinPool.commonPool-worker-6/FATAL] [OptiFine] Scaled too small texture: minecraft:particles/glow_2, 8 -> 16
[18:09:11] [ForkJoinPool.commonPool-worker-6/FATAL] [OptiFine] Scaled too small texture: minecraft:particles/glow_1, 8 -> 16
[18:09:11] [ForkJoinPool.commonPool-worker-6/FATAL] [OptiFine] Scaled too small texture: minecraft:particles/glow_0, 8 -> 16
[18:09:11] [ForkJoinPool.commonPool-worker-6/FATAL] [OptiFine] Scaled too small texture: minecraft:particles/glow_6, 8 -> 16
[18:09:11] [ForkJoinPool.commonPool-worker-6/FATAL] [OptiFine] Scaled too small texture: minecraft:particles/glow_5, 8 -> 16
[18:09:11] [ForkJoinPool.commonPool-worker-6/FATAL] [OptiFine] Scaled too small texture: minecraft:particles/glow_4, 8 -> 16
[18:09:11] [ForkJoinPool.commonPool-worker-6/FATAL] [OptiFine] Scaled too small texture: minecraft:particles/glow_3, 8 -> 16
[18:09:11] [ForkJoinPool.commonPool-worker-6/FATAL] [OptiFine] Scaled too small texture: minecraft:particles/glow_9, 8 -> 16
[18:09:11] [ForkJoinPool.commonPool-worker-6/FATAL] [OptiFine] Scaled too small texture: minecraft:particles/glow_8, 8 -> 16
[18:09:11] [ForkJoinPool.commonPool-worker-6/FATAL] [OptiFine] Scaled too small texture: minecraft:particles/glow_7, 8 -> 16
[18:09:11] [ForkJoinPool.commonPool-worker-6/FATAL] [OptiFine] Scaled too small texture: minecraft:particles/glow_11, 8 -> 16
[18:09:11] [ForkJoinPool.commonPool-worker-6/FATAL] [OptiFine] Scaled too small texture: minecraft:particles/glow_10, 8 -> 16
[18:09:11] [ForkJoinPool.commonPool-worker-6/FATAL] [OptiFine] Scaled too small texture: minecraft:particles/glow_13, 8 -> 16
[18:09:11] [ForkJoinPool.commonPool-worker-6/FATAL] [OptiFine] Scaled too small texture: minecraft:particles/glow_12, 8 -> 16
[18:09:11] [ForkJoinPool.commonPool-worker-6/FATAL] [OptiFine] Scaled too small texture: minecraft:particles/glow_15, 8 -> 16
[18:09:11] [ForkJoinPool.commonPool-worker-6/FATAL] [OptiFine] Scaled too small texture: minecraft:particles/glow_14, 8 -> 16
[18:09:11] [ForkJoinPool.commonPool-worker-6/INFO] load sprites for 24ms
[18:09:11] [ForkJoinPool.commonPool-worker-6/INFO] Created: 1024x1024 textures-atlas in 33ms
[18:09:11] [ForkJoinPool.commonPool-worker-6/INFO] [DEBUG] Atlas assembly for 1.776ms
[18:09:11] [Client thread/INFO] [DEBUG] upload atlas for 1.129ms
[18:09:11] [Client thread/INFO] [DEBUG] Generate mipmaps for 0.003ms
[18:09:11] [Client thread/INFO] [OptiFine] Animated sprites: 0
[18:09:11] [Client thread/INFO] [OptiFine] CustomColors: Loading mcpatcher/color.properties
[18:09:11] [Client thread/INFO] Textures loaded for 360.866ms
[18:09:12] [Client thread/INFO] Loaded mod Visual Driver/9d0905cf-6706-54d6-143d-2b54fd82e5ba v3.8.31+9da32142 in 4 ms
[18:09:12] [Client thread/INFO] Loaded mod HubMod/25900c12-43b4-90ca-6f85-98ee170d0e08 v1.4.5 in 7 ms
[18:09:12] [Client thread/INFO] [STDOUT]: [Enginex v5.16.1 - Wada] [Wada/debug] handshake complete (w4:load), awaitingHandshake=false, sessionId=8
[18:09:19] [Network thread/INFO] Protocol upgrade mask: 157
[18:09:19] [Network thread/INFO] Upgrading protocol
[18:09:19] [Client thread/INFO] Invalidating server data
[18:09:19] [Client thread/INFO] Unloading mod Visual Driver/9d0905cf-6706-54d6-143d-2b54fd82e5ba
[18:09:19] [Client thread/INFO] Unloading mod HubMod/25900c12-43b4-90ca-6f85-98ee170d0e08
[18:09:19] [Client thread/INFO] [STDOUT]: [Enginex v5.16.1 - Wada] [Wada/debug] reload requested: ServerSwitch
[18:09:19] [Client thread/INFO] [STDOUT]: [Enginex v5.16.1 - Wada] [Wada/debug] cleanAndReload begin: sessionId=9, awaitingHandshake=true
[18:09:19] [Client thread/INFO] [STDOUT]: [Enginex v5.16.1 - Wada] VAO support: true
[18:09:19] [Client thread/INFO] [STDOUT]: [Enginex v5.16.1 - Wada] Initialization with mod Wada
[18:09:19] [Client thread/INFO] [STDOUT]: [Enginex v5.16.1 - Wada] Successfully initialized
[18:09:19] [Client thread/INFO] Found file C:\Users\tveiv\.cristalix\updates\Minigames\server-resource-packs\40bb4597c7ce6b5b4690666d2a8804747a202ba3 matching requested hash 2a33a213ea168e73eaf34aeab631978eb6603e7b
[18:09:19] [Client thread/INFO] Cache hit
[18:09:19] [Client thread/INFO] Joining server VoidGame #2
[18:09:19] [Client thread/INFO] Reloading ResourceManager: assets-addon.jar, Default, 40bb4597c7ce6b5b4690666d2a8804747a202ba3
[18:09:19] [Client thread/WARN] Missing sound for event: minecraft:entity.turtle.ambient
[18:09:19] [Client thread/WARN] Missing sound for event: minecraft:entity.turtle.baby_hurt
[18:09:19] [Client thread/WARN] Missing sound for event: minecraft:entity.turtle.hurt
[18:09:19] [Client thread/WARN] Missing sound for event: minecraft:entity.turtle.baby_death
[18:09:19] [Client thread/WARN] Missing sound for event: minecraft:entity.turtle.death
[18:09:19] [Client thread/WARN] Missing sound for event: minecraft:entity.turtle.baby_step
[18:09:19] [Client thread/WARN] Missing sound for event: minecraft:entity.turtle.step
[18:09:19] [Client thread/WARN] Missing sound for event: minecraft:entity.turtle.swim
[18:09:19] [Client thread/WARN] Missing sound for event: minecraft:block.turtle_egg.crack
[18:09:19] [Client thread/WARN] Missing sound for event: minecraft:block.turtle_egg.egg_break
[18:09:19] [Client thread/WARN] Missing sound for event: minecraft:block.turtle_egg.fall
[18:09:19] [Client thread/WARN] Missing sound for event: minecraft:block.turtle_egg.hatch
[18:09:19] [Client thread/INFO] SoundSystem shutting down...
[18:09:19] [Client thread/WARN] Author: Paul Lamb, www.paulscode.com
[18:09:19] [Client thread/INFO] Starting up SoundSystem...
[18:09:19] [Thread-51/INFO] Initializing LWJGL OpenAL
[18:09:19] [Thread-51/INFO] (The LWJGL binding of OpenAL.  For more information, see http://www.lwjgl.org)
[18:09:19] [Thread-51/INFO] OpenAL audio device: OpenAL Soft on Динамики (MCHOSE V9 PRO)
[18:09:19] [Thread-51/INFO] OpenAL initialized.
[18:09:19] [Client thread/INFO] Sound engine reloaded
[18:09:19] [Client thread/INFO] [STDOUT]: [Enginex v5.16.1 - Wada] [Wada/debug] handshake complete (w4:load), awaitingHandshake=false, sessionId=9
[18:09:19] [ForkJoinPool.commonPool-worker-7/WARN] Unable to load variant: axis=x from minecraft:lodestone#axis=x
[18:09:19] [ForkJoinPool.commonPool-worker-7/WARN] Unable to load variant: axis=y from minecraft:lodestone#axis=y
[18:09:19] [ForkJoinPool.commonPool-worker-7/WARN] Unable to load variant: axis=z from minecraft:lodestone#axis=z
[18:09:19] [ForkJoinPool.commonPool-worker-7/ERROR] Unable to load item model: 'minecraft:mcpatcher/cit/others/megumin_hat#inventory' for item: 'minecraft:mcpatcher/cit/others/megumin_hat'
[18:09:19] [ForkJoinPool.commonPool-worker-7/INFO] [OptiFine] Mipmap levels: 4
[18:09:19] [ForkJoinPool.commonPool-worker-7/INFO] [OptiFine] Multi-texturing: false
[18:09:19] [ForkJoinPool.commonPool-worker-7/INFO] [OptiFine] Multipass connected textures: false
[18:09:19] [ForkJoinPool.commonPool-worker-7/INFO] [OptiFine] BetterGrass: Parsing default configuration optifine/bettergrass.properties
[18:09:19] [ForkJoinPool.commonPool-worker-7/FATAL] [OptiFine] Scaled too small texture: minecraft:particles/glow_2, 8 -> 16
[18:09:19] [ForkJoinPool.commonPool-worker-7/FATAL] [OptiFine] Scaled too small texture: minecraft:particles/glow_1, 8 -> 16
[18:09:19] [ForkJoinPool.commonPool-worker-7/FATAL] [OptiFine] Scaled too small texture: minecraft:particles/glow_0, 8 -> 16
[18:09:19] [ForkJoinPool.commonPool-worker-7/FATAL] [OptiFine] Scaled too small texture: minecraft:particles/glow_6, 8 -> 16
[18:09:19] [ForkJoinPool.commonPool-worker-7/FATAL] [OptiFine] Scaled too small texture: minecraft:particles/glow_5, 8 -> 16
[18:09:19] [ForkJoinPool.commonPool-worker-7/FATAL] [OptiFine] Scaled too small texture: minecraft:particles/glow_4, 8 -> 16
[18:09:19] [ForkJoinPool.commonPool-worker-7/FATAL] [OptiFine] Scaled too small texture: minecraft:particles/glow_3, 8 -> 16
[18:09:19] [ForkJoinPool.commonPool-worker-7/FATAL] [OptiFine] Scaled too small texture: minecraft:particles/glow_9, 8 -> 16
[18:09:19] [ForkJoinPool.commonPool-worker-7/FATAL] [OptiFine] Scaled too small texture: minecraft:particles/glow_8, 8 -> 16
[18:09:19] [ForkJoinPool.commonPool-worker-7/FATAL] [OptiFine] Scaled too small texture: minecraft:particles/glow_7, 8 -> 16
[18:09:19] [ForkJoinPool.commonPool-worker-7/ERROR] Using missing texture, unable to load minecraft:textures/items/wooden_sword.png
[18:09:19] [ForkJoinPool.commonPool-worker-7/FATAL] [OptiFine] Scaled too small texture: minecraft:particles/glow_11, 8 -> 16
[18:09:19] [ForkJoinPool.commonPool-worker-7/FATAL] [OptiFine] Scaled too small texture: minecraft:particles/glow_10, 8 -> 16
[18:09:19] [ForkJoinPool.commonPool-worker-7/FATAL] [OptiFine] Scaled too small texture: minecraft:particles/glow_13, 8 -> 16
[18:09:19] [ForkJoinPool.commonPool-worker-7/FATAL] [OptiFine] Scaled too small texture: minecraft:particles/glow_12, 8 -> 16
[18:09:19] [ForkJoinPool.commonPool-worker-7/FATAL] [OptiFine] Scaled too small texture: minecraft:particles/glow_15, 8 -> 16
[18:09:19] [ForkJoinPool.commonPool-worker-7/FATAL] [OptiFine] Scaled too small texture: minecraft:particles/glow_14, 8 -> 16
[18:09:19] [ForkJoinPool.commonPool-worker-7/INFO] load sprites for 4ms
[18:09:19] [ForkJoinPool.commonPool-worker-7/INFO] Created: 1024x1024 textures-atlas in 13ms
[18:09:19] [ForkJoinPool.commonPool-worker-7/INFO] [DEBUG] Atlas assembly for 1.925ms
[18:09:19] [Client thread/INFO] [DEBUG] upload atlas for 1.184ms
[18:09:19] [Client thread/INFO] [DEBUG] Generate mipmaps for 0.003ms
[18:09:19] [Client thread/INFO] [OptiFine] Animated sprites: 0
[18:09:19] [Client thread/INFO] [OptiFine] CustomColors: Loading mcpatcher/color.properties
[18:09:19] [Client thread/INFO] Textures loaded for 297.117ms
[18:09:19] [Client thread/INFO] Start loading of mod VoidMod
[18:09:19] [Client thread/INFO] Loading mod VoidMod v1.0+089d877 by ZeksterP
[18:09:19] [Client thread/INFO] [STDOUT]: [Enginex v5.13.11-TEST-2 - VoidMod] VAO support: true
[18:09:19] [Client thread/INFO] [STDOUT]: [Enginex v5.13.11-TEST-2 - VoidMod] Initialization with mod VoidMod
[18:09:20] [Client thread/INFO] [STDOUT]: [Enginex v5.13.11-TEST-2 - VoidMod] Successfully initialized
[18:09:20] [Client thread/INFO] Loaded mod VoidMod v1.0+089d877 in 601 ms
[18:09:20] [Client thread/INFO] [CHAT] [25] P ┃ 123sterlok456 » [Благословенная серебряная звезда зачарования] это все мои балги)
[18:09:22] [Client thread/INFO] [CHAT] [25] P ┃ 123sterlok456 » !благи *
[18:09:29] [Client thread/INFO] [CHAT] [8] Adekvatik_Love » зомби бьют мечём на 19 урона, что будет с зомби?
[18:09:30] [Client thread/INFO] [CHAT] [28] I ┃ JonY_00 » Зекстер, чо делать если чёрная дыра на всю арену (не событие а баг)
[18:09:34] [Client thread/INFO] [CHAT] [9] Lega_Zero » Ничего
[18:09:38] [Client thread/INFO] Stopping!
[18:09:38] [Client thread/INFO] Unloading mod VoidMod/9677974b-2816-c76c-7456-ff720c7be650
[18:09:38] [Client thread/INFO] Unloading mod Wada/604a3d1b-be38-f7aa-931f-6c01304001f9
[18:09:38] [Client thread/INFO] Unloading mod Socials/5a62be72-cc1c-eab2-f80f-4e6927c86fce
[18:09:38] [Client thread/INFO] Unloading mod Gama/25f8fc69-f4d6-0ea2-ed49-0767a9745515
