[14:04:25] [ForkJoinPool.commonPool-worker-8/INFO] IntegerCache population took 60ms
[14:04:26] [Client thread/INFO] Setting user: Tveiv
[14:04:26] [Client thread/INFO] Client Commit: 6062a1cfc
[14:04:26] [Client thread/INFO] LWJGL Version: 3.4.2-snapshot
[14:04:26] [ForkJoinPool.commonPool-worker-5/INFO] Bootstrapping took 1388ms
[14:04:27] [Client thread/INFO] [STDOUT]: [LWJGL] Setting up window
[14:04:27] [Client thread/INFO] [STDOUT]: [LWJGL] Creating window
[14:04:27] [Client thread/INFO] [STDOUT]: [LWJGL] Done creating window
[14:04:27] [Client thread/INFO] Number of textures in a framebuffer: 2
[14:04:28] [Client thread/WARN] Skipping bad option: lastServer:
[14:04:28] [Client thread/INFO] Model view matrix stack size: 64
[14:04:28] [Client thread/INFO] Projection matrix stack size: 8
[14:04:28] [Client thread/INFO] Texture matrix stack size: 20
[14:04:28] [Client thread/INFO] [OptiFine] OS: Windows 10 (amd64) version 10.0
[14:04:28] [Client thread/INFO] [OptiFine] VM: OpenJDK 64-Bit Server VM (mixed mode), Oracle Corporation / 1.8.0_442-b06
[14:04:29] [Client thread/INFO] Reloading ResourceManager: assets-addon.jar, Default
[14:04:29] [Client thread/WARN] Unknown language en_us
[14:04:29] [Client thread/WARN] Unknown language ru_ru
[14:04:29] [Client thread/INFO] Current language: ru_ru
[14:04:30] [Client thread/INFO] Refreshing resources for the first time
[14:04:30] [Client thread/INFO] Starting up SoundSystem...
[14:04:30] [Thread-18/INFO] Initializing LWJGL OpenAL
[14:04:30] [Thread-18/INFO] (The LWJGL binding of OpenAL.  For more information, see http://www.lwjgl.org)
[14:04:30] [Thread-18/INFO] OpenAL audio device: OpenAL Soft on Динамики (MCHOSE V9 PRO)
[14:04:30] [Thread-18/INFO] OpenAL initialized.
[14:04:30] [Client thread/INFO] Sound engine started
[14:04:30] [Client thread/INFO] SoundSystem loading took 67ms
[14:04:30] [Client thread/INFO] Items registration took 5ms
[14:04:31] [Client thread/INFO] Total 29242 blocks.
[14:04:31] [Client thread/INFO] Custom blocks registration took 222ms
[14:04:31] [Client thread/INFO] Search tree population took 133ms
[14:04:31] [Client thread/INFO] Using standard Java compressor.
[14:04:31] [Client thread/INFO] Using standard Java cipher.
[14:04:31] [Client thread/INFO] [Shaders] Load shaders configuration.
[14:04:31] [Client thread/INFO] [Shaders] Save shaders configuration.
[14:04:31] [Client thread/INFO] [Shaders] No shaderpack loaded.
[14:04:31] [Client thread/INFO] Reloading ResourceManager: assets-addon.jar, Default
[14:04:31] [Client thread/WARN] Missing sound for event: minecraft:entity.turtle.ambient
[14:04:31] [Client thread/WARN] Missing sound for event: minecraft:entity.turtle.baby_hurt
[14:04:31] [Client thread/WARN] Missing sound for event: minecraft:entity.turtle.hurt
[14:04:31] [Client thread/WARN] Missing sound for event: minecraft:entity.turtle.baby_death
[14:04:31] [Client thread/WARN] Missing sound for event: minecraft:entity.turtle.death
[14:04:31] [Client thread/WARN] Missing sound for event: minecraft:entity.turtle.baby_step
[14:04:31] [Client thread/WARN] Missing sound for event: minecraft:entity.turtle.step
[14:04:31] [Client thread/WARN] Missing sound for event: minecraft:entity.turtle.swim
[14:04:31] [Client thread/WARN] Missing sound for event: minecraft:block.turtle_egg.crack
[14:04:31] [Client thread/WARN] Missing sound for event: minecraft:block.turtle_egg.egg_break
[14:04:31] [Client thread/WARN] Missing sound for event: minecraft:block.turtle_egg.fall
[14:04:31] [Client thread/WARN] Missing sound for event: minecraft:block.turtle_egg.hatch
[14:04:31] [Client thread/INFO] SoundSystem shutting down...
[14:04:31] [Client thread/WARN] Author: Paul Lamb, www.paulscode.com
[14:04:31] [Client thread/INFO] Starting up SoundSystem...
[14:04:31] [Thread-20/INFO] Initializing LWJGL OpenAL
[14:04:31] [Thread-20/INFO] (The LWJGL binding of OpenAL.  For more information, see http://www.lwjgl.org)
[14:04:31] [Thread-20/INFO] OpenAL audio device: OpenAL Soft on Динамики (MCHOSE V9 PRO)
[14:04:31] [Thread-20/INFO] OpenAL initialized.
[14:04:31] [Client thread/INFO] Sound engine reloaded
[14:04:31] [Client thread/INFO] [STDOUT]: [LWJGL] Using native fullscreen
[14:04:31] [Client thread/INFO] [STDOUT]: [LWJGL] Refresh rate: any
[14:04:31] [ForkJoinPool.commonPool-worker-4/WARN] Unable to load variant: axis=x from minecraft:lodestone#axis=x
[14:04:31] [ForkJoinPool.commonPool-worker-4/WARN] Unable to load variant: axis=y from minecraft:lodestone#axis=y
[14:04:31] [ForkJoinPool.commonPool-worker-4/WARN] Unable to load variant: axis=z from minecraft:lodestone#axis=z
[14:04:31] [Client thread/INFO] Starting Watchdog monitor, timeout is: 90000ms/90s
[14:04:31] [Client thread/INFO] Watchdog init took 1ms
[14:04:31] [Client thread/INFO] Start loading of mod Socials
[14:04:32] [Client thread/INFO] Loading classes of Socials
[14:04:32] [Client thread/INFO] Start loading of mod Wada
[14:04:32] [Client thread/INFO] Loading classes of Wada
[14:04:32] [ForkJoinPool.commonPool-worker-4/ERROR] Unable to load item model: 'minecraft:mcpatcher/cit/others/megumin_hat#inventory' for item: 'minecraft:mcpatcher/cit/others/megumin_hat'
[14:04:32] [Client thread/INFO] Start loading of mod Gama
[14:04:32] [Client thread/INFO] Loading classes of Gama
[14:04:32] [ForkJoinPool.commonPool-worker-4/WARN] Unable to resolve texture due to upward reference: #cross in minecraft:models/block/chain.json
[14:04:32] [ForkJoinPool.commonPool-worker-4/WARN] Unable to resolve texture due to upward reference: #cross in minecraft:models/block/chain.json
[14:04:32] [ForkJoinPool.commonPool-worker-4/INFO] [OptiFine] Mipmap levels: 4
[14:04:32] [Client thread/INFO] Has Unsafe: true
[14:04:32] [Client thread/INFO] Direct buffers preferred: false
[14:04:32] [Client thread/INFO] Byte order: LITTLE_ENDIAN
[14:04:32] [Client thread/INFO] Timer resolution: 1000000000
[14:04:32] [ForkJoinPool.commonPool-worker-5/INFO] Socials-v2.2.2+01a6d45: class verification completed in 239ms
[14:04:32] [Client thread/INFO] Client loaded for (6.520s/7.242s)
[14:04:32] [ForkJoinPool.commonPool-worker-5/INFO] Socials-v2.2.2+01a6d45: defineClasses completed in 2ms
[14:04:32] [ForkJoinPool.commonPool-worker-5/INFO] Loaded classes in mod Socials in 244 ms
[14:04:32] [ForkJoinPool.commonPool-worker-6/INFO] Gama-v1.5.2+f8523d8: class verification completed in 183ms
[14:04:32] [ForkJoinPool.commonPool-worker-6/INFO] Gama-v1.5.2+f8523d8: defineClasses completed in 1ms
[14:04:32] [ForkJoinPool.commonPool-worker-6/INFO] Loaded classes in mod Gama in 189 ms
[14:04:32] [ForkJoinPool.commonPool-worker-4/INFO] [OptiFine] Multi-texturing: false
[14:04:32] [ForkJoinPool.commonPool-worker-7/INFO] Wada-v4.13.0+a11c20bc: class verification completed in 326ms
[14:04:32] [ForkJoinPool.commonPool-worker-7/INFO] Wada-v4.13.0+a11c20bc: defineClasses completed in 2ms
[14:04:32] [ForkJoinPool.commonPool-worker-7/INFO] Loaded classes in mod Wada in 332 ms
[14:04:32] [ForkJoinPool.commonPool-worker-4/INFO] [OptiFine] Multipass connected textures: false
[14:04:32] [ForkJoinPool.commonPool-worker-4/INFO] [OptiFine] BetterGrass: Parsing default configuration optifine/bettergrass.properties
[14:04:32] [ForkJoinPool.commonPool-worker-4/FATAL] [OptiFine] Scaled too small texture: minecraft:mcpatcher/ctm/default/empty, 1 -> 16
[14:04:32] [ForkJoinPool.commonPool-worker-4/FATAL] [OptiFine] Scaled too small texture: minecraft:particles/glow_2, 8 -> 16
[14:04:32] [ForkJoinPool.commonPool-worker-4/FATAL] [OptiFine] Scaled too small texture: minecraft:particles/glow_1, 8 -> 16
[14:04:32] [ForkJoinPool.commonPool-worker-4/FATAL] [OptiFine] Scaled too small texture: minecraft:particles/glow_0, 8 -> 16
[14:04:32] [ForkJoinPool.commonPool-worker-4/FATAL] [OptiFine] Scaled too small texture: minecraft:particles/glow_6, 8 -> 16
[14:04:32] [ForkJoinPool.commonPool-worker-4/FATAL] [OptiFine] Scaled too small texture: minecraft:particles/glow_5, 8 -> 16
[14:04:32] [ForkJoinPool.commonPool-worker-4/FATAL] [OptiFine] Scaled too small texture: minecraft:particles/glow_4, 8 -> 16
[14:04:32] [ForkJoinPool.commonPool-worker-4/FATAL] [OptiFine] Scaled too small texture: minecraft:particles/glow_3, 8 -> 16
[14:04:32] [ForkJoinPool.commonPool-worker-4/FATAL] [OptiFine] Scaled too small texture: minecraft:particles/glow_9, 8 -> 16
[14:04:32] [ForkJoinPool.commonPool-worker-4/FATAL] [OptiFine] Scaled too small texture: minecraft:particles/glow_8, 8 -> 16
[14:04:32] [ForkJoinPool.commonPool-worker-4/FATAL] [OptiFine] Scaled too small texture: minecraft:particles/glow_7, 8 -> 16
[14:04:32] [ForkJoinPool.commonPool-worker-4/FATAL] [OptiFine] Scaled too small texture: minecraft:particles/glow_11, 8 -> 16
[14:04:32] [ForkJoinPool.commonPool-worker-4/FATAL] [OptiFine] Scaled too small texture: minecraft:particles/glow_10, 8 -> 16
[14:04:32] [ForkJoinPool.commonPool-worker-4/FATAL] [OptiFine] Scaled too small texture: minecraft:particles/glow_13, 8 -> 16
[14:04:32] [ForkJoinPool.commonPool-worker-4/FATAL] [OptiFine] Scaled too small texture: minecraft:particles/glow_12, 8 -> 16
[14:04:32] [ForkJoinPool.commonPool-worker-4/FATAL] [OptiFine] Scaled too small texture: minecraft:particles/glow_15, 8 -> 16
[14:04:32] [ForkJoinPool.commonPool-worker-4/FATAL] [OptiFine] Scaled too small texture: minecraft:particles/glow_14, 8 -> 16
[14:04:32] [Client Scheduler/INFO] Found preferred client: ANY
[14:04:32] [Client thread/INFO] Loading mod Socials v2.2.2+01a6d45 by Cristalix Team
[14:04:32] [ForkJoinPool.commonPool-worker-4/INFO] load sprites for 92ms
[14:04:32] [ForkJoinPool.commonPool-worker-4/INFO] Created: 1024x1024 textures-atlas in 210ms
[14:04:32] [Client thread/INFO] Loaded mod Socials v2.2.2+01a6d45 in 266 ms
[14:04:32] [Client thread/INFO] Loading mod Gama v1.5.2+f8523d8 by Cristalix Team
[14:04:32] [Client thread/INFO] [STDOUT]: [Enginex v5.16.3 - Gama] VAO support: true
[14:04:32] [Thread-24/INFO] [STDOUT]: Settings successfully saved to social-settings.json.
[14:04:33] [Client thread/INFO] [STDOUT]: [Enginex v5.16.3 - Gama] Initialization with mod Gama
[14:04:33] [Client thread/INFO] Loaded mod Gama v1.5.2+f8523d8 in 1015 ms
[14:04:33] [Client thread/INFO] Loading mod Wada v4.13.0+a11c20bc by Cristalix Team
[14:04:33] [Client thread/INFO] [STDOUT]: [Enginex v5.16.3 - Wada] VAO support: true
[14:04:33] [Client thread/INFO] [STDOUT]: [Enginex v5.16.3 - Wada] Initialization with mod Wada
[14:04:33] [Client thread/INFO] Loaded mod Wada v4.13.0+a11c20bc in 184 ms
[14:04:34] [Thread-25/INFO] [STDOUT]: [Enginex v5.16.3 - Gama] Successfully initialized
[14:04:34] [ForkJoinPool.commonPool-worker-4/INFO] [DEBUG] Atlas assembly for 4.414ms
[14:04:34] [Client thread/INFO] [DEBUG] upload atlas for 1.223ms
[14:04:34] [Client thread/INFO] [DEBUG] Generate mipmaps for 0.036ms
[14:04:34] [Client thread/INFO] [OptiFine] Animated sprites: 0
[14:04:34] [Client thread/INFO] [OptiFine] CustomColors: Loading mcpatcher/color.properties
[14:04:34] [Client thread/INFO] Textures loaded for 1790.565ms
[14:04:35] [Thread-26/INFO] [STDOUT]: [Enginex v5.16.3 - Wada] Successfully initialized
[14:04:36] [Network thread/INFO] Protocol upgrade mask: 157
[14:04:36] [Network thread/INFO] Upgrading protocol
[14:04:36] [Client thread/INFO] [STDOUT]: [Enginex v5.16.3 - Wada] [Wada/debug] reload requested: ServerConnect
[14:04:36] [Client thread/INFO] [STDOUT]: [Enginex v5.16.3 - Wada] [Wada/debug] cleanAndReload begin: sessionId=1, awaitingHandshake=true
[14:04:36] [Client thread/INFO] [STDOUT]: [Enginex v5.16.3 - Wada] VAO support: true
[14:04:36] [Client thread/INFO] [STDOUT]: [Enginex v5.16.3 - Wada] Initialization with mod Wada
[14:04:36] [Client thread/INFO] [STDOUT]: [Enginex v5.16.3 - Wada] Successfully initialized
[14:04:37] [Client thread/INFO] Joining server Хаб #3
[14:04:37] [Client thread/INFO] Start loading of mod HubMod
[14:04:37] [Client thread/INFO] Loading classes of HubMod
[14:04:37] [ForkJoinPool.commonPool-worker-2/INFO] HubMod-v1.4.5: class verification completed in 4ms
[14:04:37] [ForkJoinPool.commonPool-worker-2/INFO] HubMod-v1.4.5: defineClasses completed in 0ms
[14:04:37] [ForkJoinPool.commonPool-worker-2/INFO] Loaded classes in mod HubMod in 6 ms
[14:04:38] [Client thread/INFO] Start loading of mod Visual Driver
[14:04:38] [Client thread/INFO] Loading classes of Visual Driver
[14:04:38] [Client thread/INFO] Loading mod HubMod v1.4.5 by Cristalix Team
[14:04:38] [ForkJoinPool.commonPool-worker-2/INFO] Visual Driver-v3.8.31+9da32142: class verification completed in 30ms
[14:04:38] [ForkJoinPool.commonPool-worker-2/INFO] Visual Driver-v3.8.31+9da32142: defineClasses completed in 0ms
[14:04:38] [ForkJoinPool.commonPool-worker-2/INFO] Loaded classes in mod Visual Driver in 32 ms
[14:04:38] [Client thread/INFO] Loaded mod HubMod v1.4.5 in 73 ms
[14:04:38] [Client thread/INFO] Loading mod Visual Driver v3.8.31+9da32142 by Cristalix Team
[14:04:38] [Client thread/INFO] Loaded mod Visual Driver v3.8.31+9da32142 in 79 ms
[14:04:39] [Client thread/INFO] [STDOUT]: [Enginex v5.16.3 - Wada] [Wada/debug] handshake complete (w4:load), awaitingHandshake=false, sessionId=1
[14:04:42] [Network thread/INFO] Protocol upgrade mask: 157
[14:04:42] [Network thread/INFO] Upgrading protocol
[14:04:42] [Client thread/INFO] Invalidating server data
[14:04:42] [Client thread/INFO] Unloading mod Visual Driver/2ecdd2b5-8e37-2961-2267-c03148a73e9b
[14:04:42] [Client thread/INFO] Unloading mod HubMod/263fe96d-e6d3-61de-86d8-a30829bc1aba
[14:04:42] [Client thread/INFO] [STDOUT]: [Enginex v5.16.3 - Wada] [Wada/debug] reload requested: ServerSwitch
[14:04:42] [Client thread/INFO] [STDOUT]: [Enginex v5.16.3 - Wada] [Wada/debug] cleanAndReload begin: sessionId=2, awaitingHandshake=true
[14:04:42] [Client thread/INFO] [STDOUT]: [Enginex v5.16.3 - Wada] VAO support: true
[14:04:42] [Client thread/INFO] [STDOUT]: [Enginex v5.16.3 - Wada] Initialization with mod Wada
[14:04:42] [Client thread/INFO] [STDOUT]: [Enginex v5.16.3 - Wada] Successfully initialized
[14:04:42] [Client thread/INFO] Found file C:\Users\tveiv\.cristalix\updates\Minigames\server-resource-packs\40bb4597c7ce6b5b4690666d2a8804747a202ba3 matching requested hash 2a33a213ea168e73eaf34aeab631978eb6603e7b
[14:04:42] [Client thread/INFO] Allocated new cache for server resource pack
[14:04:42] [Client thread/INFO] Joining server VoidGame #1
[14:04:42] [Client thread/INFO] Reloading ResourceManager: assets-addon.jar, Default, 40bb4597c7ce6b5b4690666d2a8804747a202ba3
[14:04:42] [Client thread/WARN] Missing sound for event: minecraft:entity.turtle.ambient
[14:04:42] [Client thread/WARN] Missing sound for event: minecraft:entity.turtle.baby_hurt
[14:04:42] [Client thread/WARN] Missing sound for event: minecraft:entity.turtle.hurt
[14:04:42] [Client thread/WARN] Missing sound for event: minecraft:entity.turtle.baby_death
[14:04:42] [Client thread/WARN] Missing sound for event: minecraft:entity.turtle.death
[14:04:42] [Client thread/WARN] Missing sound for event: minecraft:entity.turtle.baby_step
[14:04:42] [Client thread/WARN] Missing sound for event: minecraft:entity.turtle.step
[14:04:42] [Client thread/WARN] Missing sound for event: minecraft:entity.turtle.swim
[14:04:42] [Client thread/WARN] Missing sound for event: minecraft:block.turtle_egg.crack
[14:04:42] [Client thread/WARN] Missing sound for event: minecraft:block.turtle_egg.egg_break
[14:04:42] [Client thread/WARN] Missing sound for event: minecraft:block.turtle_egg.fall
[14:04:42] [Client thread/WARN] Missing sound for event: minecraft:block.turtle_egg.hatch
[14:04:42] [Client thread/INFO] SoundSystem shutting down...
[14:04:42] [Client thread/WARN] Author: Paul Lamb, www.paulscode.com
[14:04:42] [Client thread/INFO] Starting up SoundSystem...
[14:04:42] [Thread-30/INFO] Initializing LWJGL OpenAL
[14:04:42] [Thread-30/INFO] (The LWJGL binding of OpenAL.  For more information, see http://www.lwjgl.org)
[14:04:42] [Thread-30/INFO] OpenAL audio device: OpenAL Soft on Динамики (MCHOSE V9 PRO)
[14:04:42] [Thread-30/INFO] OpenAL initialized.
[14:04:42] [Client thread/INFO] Sound engine reloaded
[14:04:42] [Client thread/INFO] Start loading of mod VoidMod
[14:04:42] [Client thread/INFO] Loading mod VoidMod v1.0+089d877 by ZeksterP
[14:04:42] [Client thread/INFO] [STDOUT]: [Enginex v5.13.11-TEST-2 - VoidMod] VAO support: true
[14:04:42] [Client thread/INFO] [STDOUT]: [Enginex v5.13.11-TEST-2 - VoidMod] Initialization with mod VoidMod
[14:04:42] [ForkJoinPool.commonPool-worker-4/WARN] Unable to load variant: axis=x from minecraft:lodestone#axis=x
[14:04:42] [ForkJoinPool.commonPool-worker-4/WARN] Unable to load variant: axis=y from minecraft:lodestone#axis=y
[14:04:42] [ForkJoinPool.commonPool-worker-4/WARN] Unable to load variant: axis=z from minecraft:lodestone#axis=z
[14:04:42] [ForkJoinPool.commonPool-worker-4/ERROR] Unable to load item model: 'minecraft:mcpatcher/cit/others/megumin_hat#inventory' for item: 'minecraft:mcpatcher/cit/others/megumin_hat'
[14:04:42] [ForkJoinPool.commonPool-worker-4/INFO] [OptiFine] Mipmap levels: 4
[14:04:42] [ForkJoinPool.commonPool-worker-4/INFO] [OptiFine] Multi-texturing: false
[14:04:42] [ForkJoinPool.commonPool-worker-4/INFO] [OptiFine] Multipass connected textures: false
[14:04:42] [ForkJoinPool.commonPool-worker-4/INFO] [OptiFine] BetterGrass: Parsing default configuration optifine/bettergrass.properties
[14:04:42] [ForkJoinPool.commonPool-worker-4/FATAL] [OptiFine] Scaled too small texture: minecraft:particles/glow_2, 8 -> 16
[14:04:42] [ForkJoinPool.commonPool-worker-4/FATAL] [OptiFine] Scaled too small texture: minecraft:particles/glow_1, 8 -> 16
[14:04:42] [ForkJoinPool.commonPool-worker-4/FATAL] [OptiFine] Scaled too small texture: minecraft:particles/glow_0, 8 -> 16
[14:04:42] [ForkJoinPool.commonPool-worker-4/FATAL] [OptiFine] Scaled too small texture: minecraft:particles/glow_6, 8 -> 16
[14:04:42] [ForkJoinPool.commonPool-worker-4/FATAL] [OptiFine] Scaled too small texture: minecraft:particles/glow_5, 8 -> 16
[14:04:42] [ForkJoinPool.commonPool-worker-4/FATAL] [OptiFine] Scaled too small texture: minecraft:particles/glow_4, 8 -> 16
[14:04:42] [ForkJoinPool.commonPool-worker-4/FATAL] [OptiFine] Scaled too small texture: minecraft:particles/glow_3, 8 -> 16
[14:04:42] [ForkJoinPool.commonPool-worker-4/FATAL] [OptiFine] Scaled too small texture: minecraft:particles/glow_9, 8 -> 16
[14:04:42] [ForkJoinPool.commonPool-worker-4/FATAL] [OptiFine] Scaled too small texture: minecraft:particles/glow_8, 8 -> 16
[14:04:42] [ForkJoinPool.commonPool-worker-4/FATAL] [OptiFine] Scaled too small texture: minecraft:particles/glow_7, 8 -> 16
[14:04:42] [ForkJoinPool.commonPool-worker-4/ERROR] Using missing texture, unable to load minecraft:textures/items/wooden_sword.png
[14:04:42] [ForkJoinPool.commonPool-worker-4/FATAL] [OptiFine] Scaled too small texture: minecraft:particles/glow_11, 8 -> 16
[14:04:42] [ForkJoinPool.commonPool-worker-4/FATAL] [OptiFine] Scaled too small texture: minecraft:particles/glow_10, 8 -> 16
[14:04:42] [ForkJoinPool.commonPool-worker-4/FATAL] [OptiFine] Scaled too small texture: minecraft:particles/glow_13, 8 -> 16
[14:04:42] [ForkJoinPool.commonPool-worker-4/FATAL] [OptiFine] Scaled too small texture: minecraft:particles/glow_12, 8 -> 16
[14:04:42] [ForkJoinPool.commonPool-worker-4/FATAL] [OptiFine] Scaled too small texture: minecraft:particles/glow_15, 8 -> 16
[14:04:42] [ForkJoinPool.commonPool-worker-4/FATAL] [OptiFine] Scaled too small texture: minecraft:particles/glow_14, 8 -> 16
[14:04:42] [ForkJoinPool.commonPool-worker-4/FATAL] [OptiFine] Scaled non power of 2: minecraft:mcpatcher/cit/items/bad_omen, 18 -> 32
[14:04:42] [ForkJoinPool.commonPool-worker-4/FATAL] [OptiFine] Scaled non power of 2: minecraft:mcpatcher/cit/items/trial_omen, 18 -> 32
[14:04:42] [ForkJoinPool.commonPool-worker-4/INFO] load sprites for 10ms
[14:04:43] [ForkJoinPool.commonPool-worker-4/INFO] Created: 1024x1024 textures-atlas in 33ms
[14:04:43] [Client thread/INFO] [STDOUT]: [Enginex v5.13.11-TEST-2 - VoidMod] Successfully initialized
[14:04:43] [Client thread/INFO] Loaded mod VoidMod v1.0+089d877 in 877 ms
[14:04:43] [Client thread/INFO] [STDOUT]: [Enginex v5.16.3 - Wada] [Wada/debug] handshake complete (w4:load), awaitingHandshake=false, sessionId=2
[14:04:43] [ForkJoinPool.commonPool-worker-4/INFO] [DEBUG] Atlas assembly for 59.557ms
[14:04:43] [Client thread/INFO] [DEBUG] upload atlas for 2.274ms
[14:04:43] [Client thread/INFO] [DEBUG] Generate mipmaps for 0.006ms
[14:04:43] [Client thread/INFO] [OptiFine] Animated sprites: 0
[14:04:43] [Client thread/INFO] [OptiFine] CustomColors: Loading mcpatcher/color.properties
[14:04:43] [Client thread/INFO] Textures loaded for 840.610ms
[14:05:00] [Network thread/INFO] Protocol upgrade mask: 157
[14:05:00] [Network thread/INFO] Upgrading protocol
[14:05:00] [Client thread/INFO] Invalidating server data
[14:05:00] [Client thread/INFO] Unloading mod VoidMod/4f8628f8-376f-6683-b6c2-edc507afec36
[14:05:00] [Client thread/INFO] [STDOUT]: [Enginex v5.16.3 - Wada] [Wada/debug] reload requested: ServerSwitch
[14:05:00] [Client thread/INFO] [STDOUT]: [Enginex v5.16.3 - Wada] [Wada/debug] cleanAndReload begin: sessionId=3, awaitingHandshake=true
[14:05:00] [Client thread/INFO] [STDOUT]: [Enginex v5.16.3 - Wada] VAO support: true
[14:05:00] [Client thread/INFO] [STDOUT]: [Enginex v5.16.3 - Wada] Initialization with mod Wada
[14:05:00] [Client thread/INFO] [STDOUT]: [Enginex v5.16.3 - Wada] Successfully initialized
[14:05:00] [Client thread/INFO] Joining server Хаб #1
[14:05:00] [Client thread/INFO] Reloading ResourceManager: assets-addon.jar, Default
[14:05:00] [Client thread/WARN] Missing sound for event: minecraft:entity.turtle.ambient
[14:05:00] [Client thread/WARN] Missing sound for event: minecraft:entity.turtle.baby_hurt
[14:05:00] [Client thread/WARN] Missing sound for event: minecraft:entity.turtle.hurt
[14:05:00] [Client thread/WARN] Missing sound for event: minecraft:entity.turtle.baby_death
[14:05:00] [Client thread/WARN] Missing sound for event: minecraft:entity.turtle.death
[14:05:00] [Client thread/WARN] Missing sound for event: minecraft:entity.turtle.baby_step
[14:05:00] [Client thread/WARN] Missing sound for event: minecraft:entity.turtle.step
[14:05:00] [Client thread/WARN] Missing sound for event: minecraft:entity.turtle.swim
[14:05:00] [Client thread/WARN] Missing sound for event: minecraft:block.turtle_egg.crack
[14:05:00] [Client thread/WARN] Missing sound for event: minecraft:block.turtle_egg.egg_break
[14:05:00] [Client thread/WARN] Missing sound for event: minecraft:block.turtle_egg.fall
[14:05:00] [Client thread/WARN] Missing sound for event: minecraft:block.turtle_egg.hatch
[14:05:00] [Client thread/INFO] SoundSystem shutting down...
[14:05:00] [Client thread/WARN] Author: Paul Lamb, www.paulscode.com
[14:05:00] [Client thread/INFO] Starting up SoundSystem...
[14:05:00] [Thread-33/INFO] Initializing LWJGL OpenAL
[14:05:00] [Thread-33/INFO] (The LWJGL binding of OpenAL.  For more information, see http://www.lwjgl.org)
[14:05:00] [Thread-33/INFO] OpenAL audio device: OpenAL Soft on Динамики (MCHOSE V9 PRO)
[14:05:00] [Thread-33/INFO] OpenAL initialized.
[14:05:00] [Client thread/INFO] Sound engine reloaded
[14:05:01] [Client thread/INFO] Loaded mod Visual Driver/2ecdd2b5-8e37-2961-2267-c03148a73e9b v3.8.31+9da32142 in 4 ms
[14:05:01] [Client thread/INFO] Loaded mod HubMod/263fe96d-e6d3-61de-86d8-a30829bc1aba v1.4.5 in 8 ms
[14:05:01] [ForkJoinPool.commonPool-worker-7/WARN] Unable to load variant: axis=x from minecraft:lodestone#axis=x
[14:05:01] [ForkJoinPool.commonPool-worker-7/WARN] Unable to load variant: axis=y from minecraft:lodestone#axis=y
[14:05:01] [ForkJoinPool.commonPool-worker-7/WARN] Unable to load variant: axis=z from minecraft:lodestone#axis=z
[14:05:01] [ForkJoinPool.commonPool-worker-7/ERROR] Unable to load item model: 'minecraft:mcpatcher/cit/others/megumin_hat#inventory' for item: 'minecraft:mcpatcher/cit/others/megumin_hat'
[14:05:01] [ForkJoinPool.commonPool-worker-7/INFO] [OptiFine] Mipmap levels: 4
[14:05:01] [ForkJoinPool.commonPool-worker-7/INFO] [OptiFine] Multi-texturing: false
[14:05:01] [ForkJoinPool.commonPool-worker-7/INFO] [OptiFine] Multipass connected textures: false
[14:05:01] [ForkJoinPool.commonPool-worker-7/INFO] [OptiFine] BetterGrass: Parsing default configuration optifine/bettergrass.properties
[14:05:01] [ForkJoinPool.commonPool-worker-7/FATAL] [OptiFine] Scaled too small texture: minecraft:particles/glow_2, 8 -> 16
[14:05:01] [ForkJoinPool.commonPool-worker-7/FATAL] [OptiFine] Scaled too small texture: minecraft:particles/glow_1, 8 -> 16
[14:05:01] [ForkJoinPool.commonPool-worker-7/FATAL] [OptiFine] Scaled too small texture: minecraft:particles/glow_0, 8 -> 16
[14:05:01] [ForkJoinPool.commonPool-worker-7/FATAL] [OptiFine] Scaled too small texture: minecraft:particles/glow_6, 8 -> 16
[14:05:01] [ForkJoinPool.commonPool-worker-7/FATAL] [OptiFine] Scaled too small texture: minecraft:particles/glow_5, 8 -> 16
[14:05:01] [ForkJoinPool.commonPool-worker-7/FATAL] [OptiFine] Scaled too small texture: minecraft:particles/glow_4, 8 -> 16
[14:05:01] [ForkJoinPool.commonPool-worker-7/FATAL] [OptiFine] Scaled too small texture: minecraft:particles/glow_3, 8 -> 16
[14:05:01] [ForkJoinPool.commonPool-worker-7/FATAL] [OptiFine] Scaled too small texture: minecraft:particles/glow_9, 8 -> 16
[14:05:01] [ForkJoinPool.commonPool-worker-7/FATAL] [OptiFine] Scaled too small texture: minecraft:particles/glow_8, 8 -> 16
[14:05:01] [ForkJoinPool.commonPool-worker-7/FATAL] [OptiFine] Scaled too small texture: minecraft:particles/glow_7, 8 -> 16
[14:05:01] [ForkJoinPool.commonPool-worker-7/FATAL] [OptiFine] Scaled too small texture: minecraft:particles/glow_11, 8 -> 16
[14:05:01] [ForkJoinPool.commonPool-worker-7/FATAL] [OptiFine] Scaled too small texture: minecraft:particles/glow_10, 8 -> 16
[14:05:01] [ForkJoinPool.commonPool-worker-7/FATAL] [OptiFine] Scaled too small texture: minecraft:particles/glow_13, 8 -> 16
[14:05:01] [ForkJoinPool.commonPool-worker-7/FATAL] [OptiFine] Scaled too small texture: minecraft:particles/glow_12, 8 -> 16
[14:05:01] [ForkJoinPool.commonPool-worker-7/FATAL] [OptiFine] Scaled too small texture: minecraft:particles/glow_15, 8 -> 16
[14:05:01] [ForkJoinPool.commonPool-worker-7/FATAL] [OptiFine] Scaled too small texture: minecraft:particles/glow_14, 8 -> 16
[14:05:01] [ForkJoinPool.commonPool-worker-7/INFO] load sprites for 3ms
[14:05:01] [ForkJoinPool.commonPool-worker-7/INFO] Created: 1024x1024 textures-atlas in 17ms
[14:05:01] [Client thread/INFO] [STDOUT]: [Enginex v5.16.3 - Wada] [Wada/debug] handshake complete (w4:load), awaitingHandshake=false, sessionId=3
[14:05:01] [ForkJoinPool.commonPool-worker-7/INFO] [DEBUG] Atlas assembly for 11.205ms
[14:05:01] [Client thread/INFO] [DEBUG] upload atlas for 1.902ms
[14:05:01] [Client thread/INFO] [DEBUG] Generate mipmaps for 0.003ms
[14:05:01] [Client thread/INFO] [OptiFine] Animated sprites: 0
[14:05:01] [Client thread/INFO] [OptiFine] CustomColors: Loading mcpatcher/color.properties
[14:05:01] [Client thread/INFO] Textures loaded for 397.920ms
[14:05:03] [Network thread/INFO] Protocol upgrade mask: 157
[14:05:03] [Network thread/INFO] Upgrading protocol
[14:05:03] [Client thread/INFO] Invalidating server data
[14:05:03] [Client thread/INFO] Unloading mod Visual Driver/2ecdd2b5-8e37-2961-2267-c03148a73e9b
[14:05:03] [Client thread/INFO] Unloading mod HubMod/263fe96d-e6d3-61de-86d8-a30829bc1aba
[14:05:03] [Client thread/INFO] [STDOUT]: [Enginex v5.16.3 - Wada] [Wada/debug] reload requested: ServerSwitch
[14:05:03] [Client thread/INFO] Joining server SpaceTycoon Lobby
[14:05:03] [Client thread/INFO] Start loading of mod LobbyMod
[14:05:03] [Client thread/INFO] Loading classes of LobbyMod
[14:05:03] [ForkJoinPool.commonPool-worker-7/INFO] LobbyMod-v1.0.0+4ce128a: class verification completed in 0ms
[14:05:03] [ForkJoinPool.commonPool-worker-7/INFO] LobbyMod-v1.0.0+4ce128a: defineClasses completed in 0ms
[14:05:03] [ForkJoinPool.commonPool-worker-7/INFO] Loaded classes in mod LobbyMod in 1 ms
[14:05:03] [Client thread/INFO] [STDOUT]: [Enginex v5.16.3 - Wada] [Wada/debug] cleanAndReload begin: sessionId=4, awaitingHandshake=true
[14:05:03] [Client thread/INFO] [STDOUT]: [Enginex v5.16.3 - Wada] VAO support: true
[14:05:03] [Client thread/INFO] [STDOUT]: [Enginex v5.16.3 - Wada] Initialization with mod Wada
[14:05:03] [Client thread/INFO] [STDOUT]: [Enginex v5.16.3 - Wada] Successfully initialized
[14:05:03] [Client thread/INFO] Loading mod LobbyMod v1.0.0+4ce128a by Cristalix
[14:05:03] [Client thread/INFO] Loaded mod LobbyMod v1.0.0+4ce128a in 18 ms
[14:05:04] [Client thread/INFO] [STDOUT]: [Enginex v5.16.3 - Wada] [Wada/debug] handshake complete (w4:load), awaitingHandshake=false, sessionId=4
[14:05:05] [Network thread/INFO] Protocol upgrade mask: 157
[14:05:05] [Network thread/INFO] Upgrading protocol
[14:05:05] [Client thread/INFO] Invalidating server data
[14:05:05] [Client thread/INFO] Unloading mod LobbyMod/97428284-b8e8-0721-7095-117eb2206c76
[14:05:05] [Client thread/INFO] [STDOUT]: [Enginex v5.16.3 - Wada] [Wada/debug] reload requested: ServerSwitch
[14:05:05] [Client thread/INFO] [STDOUT]: [Enginex v5.16.3 - Wada] [Wada/debug] cleanAndReload begin: sessionId=5, awaitingHandshake=true
[14:05:05] [Client thread/INFO] [STDOUT]: [Enginex v5.16.3 - Wada] VAO support: true
[14:05:05] [Client thread/INFO] [STDOUT]: [Enginex v5.16.3 - Wada] Initialization with mod Wada
[14:05:05] [Client thread/INFO] [STDOUT]: [Enginex v5.16.3 - Wada] Successfully initialized
[14:05:06] [Client thread/INFO] Start loading of mod Nebula
[14:05:06] [Client thread/INFO] Loading classes of Nebula
[14:05:06] [Client thread/INFO] [CHAT] 
[14:05:06] [Client thread/INFO] [CHAT]  SpaceTycoon :re
[14:05:06] [Client thread/INFO] [CHAT] Твой бур создан, чтобы пронзить им небеса!
[14:05:06] [Client thread/INFO] [CHAT]   
[14:05:06] [Client thread/INFO] [CHAT]  Новости и космические приключения!\n t.me/spacetycoon_cristalix\n  
[14:05:06] [ForkJoinPool.commonPool-worker-1/INFO] Nebula-v1.0.0: class verification completed in 6ms
[14:05:06] [ForkJoinPool.commonPool-worker-1/INFO] Nebula-v1.0.0: defineClasses completed in 0ms
[14:05:06] [ForkJoinPool.commonPool-worker-1/INFO] Loaded classes in mod Nebula in 8 ms
[14:05:06] [Client thread/INFO] Loading mod Nebula v1.0.0 by Tensess
[14:05:06] [Client thread/INFO] [STDOUT]: [Enginex v5.13.1 - Nebula] VAO support: true
[14:05:06] [Client thread/INFO] [STDOUT]: [Enginex v5.13.1 - Nebula] Initialization with mod Nebula
[14:05:06] [Client thread/INFO] [STDOUT]: [Enginex v5.13.1 - Nebula] Successfully initialized
[14:05:06] [Client thread/INFO] Loaded mod Nebula v1.0.0 in 280 ms
[14:05:06] [Client thread/INFO] Joining server SpaceTycoon #1
[14:05:06] [Client thread/INFO] [STDOUT]: [Enginex v5.16.3 - Wada] [Wada/debug] handshake complete (w4:load), awaitingHandshake=false, sessionId=5
[14:05:06] [Client thread/INFO] [STDOUT]: [Enginex v5.16.3 - Wada] [Wada/debug] handshake complete (w2:load), awaitingHandshake=false, sessionId=5
[14:05:06] [Client thread/INFO] Start loading of mod SpaceTycoon
[14:05:06] [Client thread/INFO] Loading classes of SpaceTycoon
[14:05:06] [Client thread/ERROR] minecraft:models/ducks/duck_14.model is not found
[14:05:06] [Client thread/ERROR] minecraft:models/ducks/duck_14.model is not found
[14:05:06] [Client thread/ERROR] minecraft:models/ducks/duck_14.model is not found
[14:05:06] [Client thread/ERROR] minecraft:models/ducks/duck_14.model is not found
[14:05:06] [Client thread/ERROR] minecraft:models/ducks/duck_14.model is not found
[14:05:06] [Client thread/ERROR] minecraft:models/ducks/duck_14.model is not found
[14:05:06] [Client thread/ERROR] minecraft:models/ducks/duck_14.model is not found
[14:05:06] [ForkJoinPool.commonPool-worker-1/INFO] SpaceTycoon-v1.0.0+bc67650: class verification completed in 18ms
[14:05:06] [vc-microphone/INFO] Use OpenAL Soft on Микрофон (MCHOSE V9 PRO) as microphone
[14:05:06] [ForkJoinPool.commonPool-worker-1/INFO] SpaceTycoon-v1.0.0+bc67650: defineClasses completed in 0ms
[14:05:06] [ForkJoinPool.commonPool-worker-1/INFO] Loaded classes in mod SpaceTycoon in 21 ms
[14:05:06] [Client thread/ERROR] minecraft:models/ducks/duck_14.model is not found
[14:05:06] [Client thread/INFO] Loading mod SpaceTycoon v1.0.0+bc67650 by Tensess
[14:05:06] [Client thread/INFO] [STDOUT]: [Enginex v5.13.10 - SpaceTycoon] VAO support: true
[14:05:06] [Client thread/INFO] [STDOUT]: [Enginex v5.13.10 - SpaceTycoon] Initialization with mod SpaceTycoon
[14:05:06] [Client thread/INFO] [STDOUT]: [Enginex v5.13.10 - SpaceTycoon] Successfully initialized
[14:05:06] [Client thread/INFO] Loaded mod SpaceTycoon v1.0.0+bc67650 in 309 ms
[14:05:06] [Client thread/ERROR] minecraft:models/ducks/duck_14.model is not found
[14:05:06] [Client thread/ERROR] minecraft:models/ducks/duck_14.model is not found
[14:05:06] [Client thread/INFO] Found file C:\Users\tveiv\.cristalix\updates\Minigames\server-resource-packs\abaeec9de03b9ca0ef11734796cdfd0e1b99b1d3 matching requested hash e82c84993c8292e952bdff2dd9f03d35ada0c86b
[14:05:06] [Client thread/INFO] Allocated new cache for server resource pack
[14:05:06] [Client thread/INFO] Reloading ResourceManager: assets-addon.jar, Default, abaeec9de03b9ca0ef11734796cdfd0e1b99b1d3
[14:05:06] [Client thread/WARN] Missing sound for event: minecraft:entity.turtle.ambient
[14:05:06] [Client thread/WARN] Missing sound for event: minecraft:entity.turtle.baby_hurt
[14:05:06] [Client thread/WARN] Missing sound for event: minecraft:entity.turtle.hurt
[14:05:06] [Client thread/WARN] Missing sound for event: minecraft:entity.turtle.baby_death
[14:05:06] [Client thread/WARN] Missing sound for event: minecraft:entity.turtle.death
[14:05:06] [Client thread/WARN] Missing sound for event: minecraft:entity.turtle.baby_step
[14:05:06] [Client thread/WARN] Missing sound for event: minecraft:entity.turtle.step
[14:05:06] [Client thread/WARN] Missing sound for event: minecraft:entity.turtle.swim
[14:05:06] [Client thread/WARN] Missing sound for event: minecraft:block.turtle_egg.crack
[14:05:06] [Client thread/WARN] Missing sound for event: minecraft:block.turtle_egg.egg_break
[14:05:06] [Client thread/WARN] Missing sound for event: minecraft:block.turtle_egg.fall
[14:05:06] [Client thread/WARN] Missing sound for event: minecraft:block.turtle_egg.hatch
[14:05:06] [Client thread/INFO] SoundSystem shutting down...
[14:05:06] [Client thread/WARN] Author: Paul Lamb, www.paulscode.com
[14:05:06] [Client thread/INFO] Starting up SoundSystem...
[14:05:06] [Thread-39/INFO] Initializing LWJGL OpenAL
[14:05:06] [Thread-39/INFO] (The LWJGL binding of OpenAL.  For more information, see http://www.lwjgl.org)
[14:05:06] [Thread-39/INFO] OpenAL audio device: OpenAL Soft on Динамики (MCHOSE V9 PRO)
[14:05:07] [Thread-39/INFO] OpenAL initialized.
[14:05:07] [Client thread/INFO] Sound engine reloaded
[14:05:07] [ForkJoinPool.commonPool-worker-3/WARN] Unable to load variant: axis=x from minecraft:lodestone#axis=x
[14:05:07] [ForkJoinPool.commonPool-worker-3/WARN] Unable to load variant: axis=y from minecraft:lodestone#axis=y
[14:05:07] [ForkJoinPool.commonPool-worker-3/WARN] Unable to load variant: axis=z from minecraft:lodestone#axis=z
[14:05:07] [ForkJoinPool.commonPool-worker-3/WARN] [OptiFine] mcpatcher/cit/asteroid/laser_gun.properties > Item not found: wood_hoe (wood_hoe)
[14:05:07] [ForkJoinPool.commonPool-worker-3/ERROR] Unable to load item model: 'minecraft:mcpatcher/cit/others/megumin_hat#inventory' for item: 'minecraft:mcpatcher/cit/others/megumin_hat'
[14:05:07] [ForkJoinPool.commonPool-worker-3/INFO] [OptiFine] Mipmap levels: 4
[14:05:07] [ForkJoinPool.commonPool-worker-3/INFO] [OptiFine] Multi-texturing: false
[14:05:07] [ForkJoinPool.commonPool-worker-3/INFO] [OptiFine] Multipass connected textures: false
[14:05:07] [ForkJoinPool.commonPool-worker-3/INFO] [OptiFine] BetterGrass: Parsing default configuration optifine/bettergrass.properties
[14:05:07] [ForkJoinPool.commonPool-worker-3/FATAL] [OptiFine] Scaled too small texture: minecraft:particles/glow_2, 8 -> 16
[14:05:07] [ForkJoinPool.commonPool-worker-3/FATAL] [OptiFine] Scaled too small texture: minecraft:particles/glow_1, 8 -> 16
[14:05:07] [ForkJoinPool.commonPool-worker-3/FATAL] [OptiFine] Scaled too small texture: minecraft:particles/glow_0, 8 -> 16
[14:05:07] [ForkJoinPool.commonPool-worker-3/FATAL] [OptiFine] Scaled too small texture: minecraft:particles/glow_6, 8 -> 16
[14:05:07] [ForkJoinPool.commonPool-worker-3/FATAL] [OptiFine] Scaled too small texture: minecraft:particles/glow_5, 8 -> 16
[14:05:07] [ForkJoinPool.commonPool-worker-3/FATAL] [OptiFine] Scaled too small texture: minecraft:particles/glow_4, 8 -> 16
[14:05:07] [ForkJoinPool.commonPool-worker-3/FATAL] [OptiFine] Scaled too small texture: minecraft:particles/glow_3, 8 -> 16
[14:05:07] [ForkJoinPool.commonPool-worker-3/FATAL] [OptiFine] Scaled too small texture: minecraft:particles/glow_9, 8 -> 16
[14:05:07] [ForkJoinPool.commonPool-worker-3/FATAL] [OptiFine] Scaled too small texture: minecraft:particles/glow_8, 8 -> 16
[14:05:07] [ForkJoinPool.commonPool-worker-3/FATAL] [OptiFine] Scaled too small texture: minecraft:particles/glow_7, 8 -> 16
[14:05:07] [ForkJoinPool.commonPool-worker-3/ERROR] Error with minecraft:mcpatcher/cit/casino/casino_card_and_token.png
java.lang.RuntimeException: broken aspect ratio and not an animation
	at #kOyVX.snaN(SourceFile:355)
	at #rwMAC.skyr(SourceFile:220)
	at #jbWsw.shok(SourceFile:616)
	at #pUFjH.siZB(SourceFile:150)
	at #BrjMY.slAk(SourceFile:992)
	at #TfJft.sglB(SourceFile:133)
	at #xWFjz.saEf(SourceFile:71)
	at #fLygu.bqe(Unknown Source)
	at #fLygu.run(Unknown Source)
	at java.base/java.util.concurrent.ForkJoinTask$RunnableExecuteAction.compute(Unknown Source)
	at java.base/java.util.concurrent.ForkJoinTask$InterruptibleTask.exec(Unknown Source)
	at java.base/java.util.concurrent.ForkJoinTask.doExec(Unknown Source)
	at java.base/java.util.concurrent.ForkJoinPool$WorkQueue.topLevelExec(Unknown Source)
	at java.base/java.util.concurrent.ForkJoinPool.runWorker(Unknown Source)
	at java.base/java.util.concurrent.ForkJoinWorkerThread.run(Unknown Source)
[14:05:07] [ForkJoinPool.commonPool-worker-3/FATAL] [OptiFine] Scaled too small texture: minecraft:particles/glow_11, 8 -> 16
[14:05:07] [ForkJoinPool.commonPool-worker-3/FATAL] [OptiFine] Scaled too small texture: minecraft:particles/glow_10, 8 -> 16
[14:05:07] [ForkJoinPool.commonPool-worker-3/FATAL] [OptiFine] Scaled too small texture: minecraft:particles/glow_13, 8 -> 16
[14:05:07] [ForkJoinPool.commonPool-worker-3/FATAL] [OptiFine] Scaled too small texture: minecraft:particles/glow_12, 8 -> 16
[14:05:07] [ForkJoinPool.commonPool-worker-3/FATAL] [OptiFine] Scaled too small texture: minecraft:particles/glow_15, 8 -> 16
[14:05:07] [ForkJoinPool.commonPool-worker-3/FATAL] [OptiFine] Scaled too small texture: minecraft:particles/glow_14, 8 -> 16
[14:05:07] [ForkJoinPool.commonPool-worker-3/INFO] load sprites for 18ms
[14:05:07] [ForkJoinPool.commonPool-worker-3/INFO] Created: 2048x1024 textures-atlas in 34ms
[14:05:07] [ForkJoinPool.commonPool-worker-3/INFO] [DEBUG] Atlas assembly for 4.302ms
[14:05:07] [Client thread/INFO] [DEBUG] upload atlas for 3.840ms
[14:05:07] [Client thread/INFO] [DEBUG] Generate mipmaps for 0.004ms
[14:05:07] [Client thread/INFO] [OptiFine] Animated sprites: 0
[14:05:07] [Client thread/INFO] [OptiFine] CustomColors: Loading mcpatcher/color.properties
[14:05:07] [Client thread/INFO] Textures loaded for 452.943ms
[14:05:34] [Client thread/INFO] [STDOUT]: a.a.d.a.c.a.f.a.i@788f0c3b
[14:05:41] [Client thread/ERROR] Error on handle event #BXBFw in Mod{name='SpaceTycoon', version='1.0.0+bc67650', persistent=false, delegate=a.a.d.a.a, modState=LOADED}
java.lang.IndexOutOfBoundsException: index: 68, length: 1 (expected: range(0, 68))
	at io.netty.buffer.AbstractByteBuf.checkRangeBounds(AbstractByteBuf.java:1390)
	at io.netty.buffer.AbstractByteBuf.checkIndex0(AbstractByteBuf.java:1397)
	at io.netty.buffer.AbstractUnpooledSlicedByteBuf.getBytes(AbstractUnpooledSlicedByteBuf.java:242)
	at io.netty.buffer.ReadOnlyByteBuf.getBytes(ReadOnlyByteBuf.java:270)
	at io.netty.buffer.ByteBufUtil.decodeString(ByteBufUtil.java:1151)
	at io.netty.buffer.AbstractByteBuf.toString(AbstractByteBuf.java:1246)
	at dev.xdark.feder.NetUtil.readString0(NetUtil.java:833)
	at dev.xdark.feder.NetUtil.readUtf8(NetUtil.java:188)
	at SpaceTycoon-v1.0.0+bc67650//a.a.a.m.a.f(SourceFile:176)
	at SpaceTycoon-v1.0.0+bc67650//a.a.d.a.e.h.b.d(SourceFile:60)
	at SpaceTycoon-v1.0.0+bc67650//a.a.d.a.e.h.b.injectedLambda$d$3(SourceFile)
	at SpaceTycoon-v1.0.0+bc67650//a.a.a.m.a.b(SourceFile:58)
	at SpaceTycoon-v1.0.0+bc67650//a.a.a.m.a.injectedLambda$b$0(SourceFile)
	at #RaGIl.saYo(SourceFile:83)
	at #hvoSL.bBM(Unknown Source)
	at #hvoSL.accept(Unknown Source)
	at #ykMcj.slwQ(SourceFile:105)
	at #BrtKi.laL(Unknown Source)
	at #BrtKi.accept(Unknown Source)
	at #SmDYl.shof(SourceFile:59)
	at #vxdAh.blq(SourceFile)
	at #DRZva.smvZ(SourceFile:89)
	at #WblDI.sciG(SourceFile:100)
	at #DDMvh.hcz(SourceFile)
	at #GXpIT.slFh(SourceFile:75)
	at #acUkE.drn(SourceFile:650)
	at #qKRzt.skLS(Unknown Source:2396)
	at #hyWbW.satX(SourceFile:1837)
	at #RofNI.dB(SourceFile:43)
	at #GLnhB.run(SourceFile:32)
	at #GILEo.saUt(Unknown Source:40)
	at #sJuki.sfWB(SourceFile:11)
	at java.base/java.util.concurrent.FutureTask.run(Unknown Source)
	at #bfAok.sjvn(SourceFile:45)
	at #ptzkp.gXZ(SourceFile:52)
	at #gZdVe.sbpI(SourceFile:1466)
	at #UDDPE.sdDd(Unknown Source:1632)
	at #GMfdJ.sask(SourceFile:487)
	at net.minecraft.client.main.GameMain.iwR(SourceFile:220)
	at net.minecraft.client.main.GameMain.jtH(SourceFile:156)
	at #ZpHYL.i(Unknown Source)
	at #ZpHYL.run(Unknown Source)
	at java.base/java.lang.Thread.run(Unknown Source)
[14:05:55] [Network thread/INFO] Protocol upgrade mask: 157
[14:05:55] [Network thread/INFO] Upgrading protocol
[14:05:55] [Client thread/INFO] Invalidating server data
[14:05:55] [Client thread/INFO] Unloading mod Nebula/ee1ee2d7-18ca-dc4b-8b01-60b389e8a012
[14:05:55] [Client thread/INFO] Unloading mod SpaceTycoon/a14063f2-f856-bef1-c2db-02f2282c010c
[14:05:55] [Client thread/INFO] [STDOUT]: [Enginex v5.16.3 - Wada] [Wada/debug] reload requested: ServerSwitch
[14:05:55] [Client thread/INFO] [STDOUT]: [Enginex v5.16.3 - Wada] [Wada/debug] cleanAndReload begin: sessionId=6, awaitingHandshake=true
[14:05:55] [Client thread/INFO] [STDOUT]: [Enginex v5.16.3 - Wada] VAO support: true
[14:05:55] [Client thread/INFO] [STDOUT]: [Enginex v5.16.3 - Wada] Initialization with mod Wada
[14:05:55] [Client thread/INFO] [STDOUT]: [Enginex v5.16.3 - Wada] Successfully initialized
[14:05:55] [Client thread/INFO] [STDOUT]: [Enginex v5.16.3 - Wada] [Wada/debug] handshake complete (w4:load), awaitingHandshake=false, sessionId=6
[14:05:55] [Client thread/INFO] Joining server SpaceTycoon (Игры)
[14:05:56] [Client thread/INFO] Start loading of mod SpaceTycoonGames
[14:05:56] [Client thread/INFO] Loading classes of SpaceTycoonGames
[14:05:56] [ForkJoinPool.commonPool-worker-6/INFO] SpaceTycoonGames-v1.0.0: class verification completed in 2ms
[14:05:56] [ForkJoinPool.commonPool-worker-6/INFO] SpaceTycoonGames-v1.0.0: defineClasses completed in 0ms
[14:05:56] [ForkJoinPool.commonPool-worker-6/INFO] Loaded classes in mod SpaceTycoonGames in 3 ms
[14:05:56] [Client thread/INFO] Loading mod SpaceTycoonGames v1.0.0 by Tensess
[14:05:56] [Client thread/INFO] [STDOUT]: [Enginex v5.12.1 - SpaceTycoonGames] VAO support: true
[14:05:56] [Client thread/INFO] [STDOUT]: [Enginex v5.12.1 - SpaceTycoonGames] Initialization with mod SpaceTycoonGames
[14:05:56] [Client thread/INFO] [STDOUT]: [Enginex v5.12.1 - SpaceTycoonGames] Successfully initialized
[14:05:56] [Client thread/INFO] Loaded mod SpaceTycoonGames v1.0.0 in 238 ms
[14:16:17] [Network thread/INFO] Protocol upgrade mask: 157
[14:16:17] [Network thread/INFO] Upgrading protocol
[14:16:17] [Client thread/INFO] Invalidating server data
[14:16:17] [Client thread/INFO] Unloading mod SpaceTycoonGames/37f8f21f-2c50-94ac-eaa6-9e308b02550d
[14:16:17] [Client thread/INFO] [STDOUT]: [Enginex v5.16.3 - Wada] [Wada/debug] reload requested: ServerSwitch
[14:16:17] [Client thread/INFO] Joining server SpaceTycoon Lobby
[14:16:17] [Client thread/INFO] Start loading of mod LobbyMod
[14:16:17] [Client thread/INFO] Loading classes of LobbyMod
[14:16:17] [Client thread/INFO] [STDOUT]: [Enginex v5.16.3 - Wada] [Wada/debug] cleanAndReload begin: sessionId=7, awaitingHandshake=true
[14:16:17] [ForkJoinPool.commonPool-worker-7/INFO] LobbyMod-v1.0.0+4ce128a: class verification completed in 0ms
[14:16:17] [ForkJoinPool.commonPool-worker-7/INFO] LobbyMod-v1.0.0+4ce128a: defineClasses completed in 0ms
[14:16:17] [ForkJoinPool.commonPool-worker-7/INFO] Loaded classes in mod LobbyMod in 1 ms
[14:16:17] [Client thread/INFO] [STDOUT]: [Enginex v5.16.3 - Wada] VAO support: true
[14:16:17] [Client thread/INFO] [STDOUT]: [Enginex v5.16.3 - Wada] Initialization with mod Wada
[14:16:17] [Client thread/INFO] [STDOUT]: [Enginex v5.16.3 - Wada] Successfully initialized
[14:16:17] [Client thread/INFO] Loading mod LobbyMod v1.0.0+4ce128a by Cristalix
[14:16:17] [Client thread/INFO] Loaded mod LobbyMod v1.0.0+4ce128a in 17 ms
[14:16:17] [Client thread/INFO] [STDOUT]: [Enginex v5.16.3 - Wada] [Wada/debug] handshake complete (w4:load), awaitingHandshake=false, sessionId=7
[14:16:17] [Network thread/INFO] Protocol upgrade mask: 157
[14:16:17] [Network thread/INFO] Upgrading protocol
[14:16:17] [Client thread/INFO] Invalidating server data
[14:16:17] [Client thread/INFO] Unloading mod LobbyMod/066acbcc-57ce-5d8a-21bd-a600c935e3b5
[14:16:17] [Client thread/INFO] [STDOUT]: [Enginex v5.16.3 - Wada] [Wada/debug] reload requested: ServerSwitch
[14:16:17] [Client thread/INFO] [STDOUT]: [Enginex v5.16.3 - Wada] [Wada/debug] cleanAndReload begin: sessionId=8, awaitingHandshake=true
[14:16:17] [Client thread/INFO] [STDOUT]: [Enginex v5.16.3 - Wada] VAO support: true
[14:16:17] [Client thread/INFO] [STDOUT]: [Enginex v5.16.3 - Wada] Initialization with mod Wada
[14:16:17] [Client thread/INFO] [STDOUT]: [Enginex v5.16.3 - Wada] Successfully initialized
[14:16:19] [Client thread/INFO] Start loading of mod Nebula
[14:16:19] [Client thread/INFO] Loading classes of Nebula
[14:16:19] [Client thread/INFO] [CHAT] 
[14:16:19] [Client thread/INFO] [CHAT]  SpaceTycoon :re
[14:16:19] [Client thread/INFO] [CHAT] Твой бур создан, чтобы пронзить им небеса!
[14:16:19] [Client thread/INFO] [CHAT]   
[14:16:19] [Client thread/INFO] [CHAT]  Новости и космические приключения!\n t.me/spacetycoon_cristalix\n  
[14:16:19] [ForkJoinPool.commonPool-worker-6/INFO] Nebula-v1.0.0: class verification completed in 5ms
[14:16:19] [ForkJoinPool.commonPool-worker-6/INFO] Nebula-v1.0.0: defineClasses completed in 0ms
[14:16:19] [ForkJoinPool.commonPool-worker-6/INFO] Loaded classes in mod Nebula in 7 ms
[14:16:19] [Client thread/INFO] Loading mod Nebula v1.0.0 by Tensess
[14:16:19] [Client thread/INFO] [STDOUT]: [Enginex v5.13.1 - Nebula] VAO support: true
[14:16:19] [Client thread/INFO] [STDOUT]: [Enginex v5.13.1 - Nebula] Initialization with mod Nebula
[14:16:19] [Client thread/INFO] [STDOUT]: [Enginex v5.13.1 - Nebula] Successfully initialized
[14:16:19] [Client thread/INFO] Loaded mod Nebula v1.0.0 in 258 ms
[14:16:19] [Client thread/INFO] Joining server SpaceTycoon #1
[14:16:19] [voice-openal-speaker/ERROR] Voicechat sound manager ALC error: #JFuFV.smmQ[68] Invalid device
[14:16:19] [Client thread/INFO] [STDOUT]: [Enginex v5.16.3 - Wada] [Wada/debug] handshake complete (w4:load), awaitingHandshake=false, sessionId=8
[14:16:19] [Client thread/INFO] [STDOUT]: [Enginex v5.16.3 - Wada] [Wada/debug] handshake complete (w2:load), awaitingHandshake=false, sessionId=8
[14:16:19] [vc-microphone/INFO] Use OpenAL Soft on Микрофон (MCHOSE V9 PRO) as microphone
[14:16:19] [vc-microphone/INFO] Microphone closed
[14:16:20] [Client thread/INFO] Start loading of mod SpaceTycoon
[14:16:20] [Client thread/INFO] Loading classes of SpaceTycoon
[14:16:20] [ForkJoinPool.commonPool-worker-8/INFO] SpaceTycoon-v1.0.0+bc67650: class verification completed in 12ms
[14:16:20] [ForkJoinPool.commonPool-worker-8/INFO] SpaceTycoon-v1.0.0+bc67650: defineClasses completed in 0ms
[14:16:20] [ForkJoinPool.commonPool-worker-8/INFO] Loaded classes in mod SpaceTycoon in 14 ms
[14:16:20] [Client thread/INFO] Loading mod SpaceTycoon v1.0.0+bc67650 by Tensess
[14:16:20] [Client thread/INFO] [STDOUT]: [Enginex v5.13.10 - SpaceTycoon] VAO support: true
[14:16:21] [Client thread/INFO] [STDOUT]: [Enginex v5.13.10 - SpaceTycoon] Initialization with mod SpaceTycoon
[14:16:21] [Client thread/INFO] [STDOUT]: [Enginex v5.13.10 - SpaceTycoon] Successfully initialized
[14:16:21] [Client thread/INFO] Loaded mod SpaceTycoon v1.0.0+bc67650 in 274 ms
[14:16:21] [Client thread/INFO] Found file C:\Users\tveiv\.cristalix\updates\Minigames\server-resource-packs\abaeec9de03b9ca0ef11734796cdfd0e1b99b1d3 matching requested hash e82c84993c8292e952bdff2dd9f03d35ada0c86b
[14:18:07] [Client thread/INFO] [CHAT] [Союз] MVP ┃ Existl1oudlu [#22] » rinwixxi
[14:18:09] [Client thread/INFO] [CHAT] [Комета] H ┃ rinwixxi  [#390] » да?
[14:18:26] [Client thread/INFO] [CHAT] [Пульсар] HE ┃ NicknameTaken [#28] » как потушить пожар который не тушится..
[14:18:29] [Client thread/INFO] [CHAT] [Союз] MVP ┃ Existl1oudlu [#22] » я пока в стафф не зарегал с другово акка
[14:18:34] [Client thread/INFO] [CHAT] [Союз] MVP ┃ Existl1oudlu [#22] » перезайди в игру
[14:18:38] [Client thread/INFO] [CHAT] [Союз] MVP ┃ Existl1oudlu [#22] » мут дать?
[14:18:42] [Client thread/INFO] [CHAT] [Союз] MVP ┃ Existl1oudlu [#22] » на челика
[14:18:45] [Client thread/INFO] [CHAT] [Комета] H ┃ rinwixxi  [#390] » давай
[14:18:52] [Client thread/INFO] [CHAT] [Союз] MVP ┃ Existl1oudlu [#22] » через дс оф напиши мне
[14:19:20] [Client thread/INFO] [CHAT] [Космонавт] oyagodka [#?] » п
[14:21:51] [Client thread/ERROR] Error on handle event #BXBFw in Mod{name='SpaceTycoon', version='1.0.0+bc67650', persistent=false, delegate=a.a.d.a.a, modState=LOADED}
java.lang.IndexOutOfBoundsException: index: 68, length: 1 (expected: range(0, 68))
	at io.netty.buffer.AbstractByteBuf.checkRangeBounds(AbstractByteBuf.java:1390)
	at io.netty.buffer.AbstractByteBuf.checkIndex0(AbstractByteBuf.java:1397)
	at io.netty.buffer.AbstractUnpooledSlicedByteBuf.getBytes(AbstractUnpooledSlicedByteBuf.java:242)
	at io.netty.buffer.ReadOnlyByteBuf.getBytes(ReadOnlyByteBuf.java:270)
	at io.netty.buffer.ByteBufUtil.decodeString(ByteBufUtil.java:1151)
	at io.netty.buffer.AbstractByteBuf.toString(AbstractByteBuf.java:1246)
	at dev.xdark.feder.NetUtil.readString0(NetUtil.java:833)
	at dev.xdark.feder.NetUtil.readUtf8(NetUtil.java:188)
	at SpaceTycoon-v1.0.0+bc67650//a.a.a.m.a.f(SourceFile:176)
	at SpaceTycoon-v1.0.0+bc67650//a.a.d.a.e.h.b.d(SourceFile:60)
	at SpaceTycoon-v1.0.0+bc67650//a.a.d.a.e.h.b.injectedLambda$d$3(SourceFile)
	at SpaceTycoon-v1.0.0+bc67650//a.a.a.m.a.b(SourceFile:58)
	at SpaceTycoon-v1.0.0+bc67650//a.a.a.m.a.injectedLambda$b$0(SourceFile)
	at #RaGIl.saYo(SourceFile:83)
	at #hvoSL.bBM(Unknown Source)
	at #hvoSL.accept(Unknown Source)
	at #ykMcj.slwQ(SourceFile:105)
	at #BrtKi.laL(Unknown Source)
	at #BrtKi.accept(Unknown Source)
	at #SmDYl.shof(SourceFile:59)
	at #vxdAh.blq(SourceFile)
	at #DRZva.smvZ(SourceFile:89)
	at #WblDI.sciG(SourceFile:100)
	at #DDMvh.hcz(SourceFile)
	at #GXpIT.slFh(SourceFile:75)
	at #acUkE.drn(SourceFile:650)
	at #qKRzt.skLS(Unknown Source:2396)
	at #hyWbW.satX(SourceFile:1837)
	at #RofNI.dB(SourceFile:43)
	at #GLnhB.run(SourceFile:32)
	at #GILEo.saUt(Unknown Source:40)
	at #sJuki.sfWB(SourceFile:11)
	at java.base/java.util.concurrent.FutureTask.run(Unknown Source)
	at #bfAok.sjvn(SourceFile:45)
	at #ptzkp.gXZ(SourceFile:52)
	at #gZdVe.sbpI(SourceFile:1466)
	at #UDDPE.sdDd(Unknown Source:1632)
	at #GMfdJ.sask(SourceFile:487)
	at net.minecraft.client.main.GameMain.iwR(SourceFile:220)
	at net.minecraft.client.main.GameMain.jtH(SourceFile:156)
	at #ZpHYL.i(Unknown Source)
	at #ZpHYL.run(Unknown Source)
	at java.base/java.lang.Thread.run(Unknown Source)
[14:23:48] [Client thread/ERROR] Error on png decode
java.io.EOFException
	at #tUlWt.saIZ(SourceFile:79)
	at #VYoVN.sebj(SourceFile:93)
	at #bHrdv.sdnO(SourceFile:75)
	at #XBsTj.CS(SourceFile)
	at #tUzZc.sjrx(SourceFile:63)
	at #AQten.CS(SourceFile)
	at #nIGOF.seZW(SourceFile:243)
	at #jedZB.smCd(SourceFile:121)
	at #Drkys.aIu(SourceFile:271)
	at #Drkys.ccI(SourceFile)
	at #Eyhrx.sjCV(Unknown Source:169)
	at #bdKpy.aaj(SourceFile)
	at #ZSeER.sgFb(SourceFile:116)
	at #csPUt.aaj(SourceFile)
	at #ceBKZ.scJm(SourceFile:51)
	at #zQsmJ.hV(SourceFile)
	at #YHBay.sfdy(Unknown Source:204)
	at #CMSlN.sgiB(Unknown Source:123)
	at #CMSlN.sgiB(Unknown Source:136)
	at #gdMcF.snar(SourceFile:268)
	at #XIHRa.slgH(SourceFile:376)
	at #sQujC.seKa(SourceFile:1204)
	at #MtapD.smVx(SourceFile:1076)
	at #pdLpc.sgQh(SourceFile:3489)
	at #uYbVs.shtC(SourceFile:1509)
	at #UDDPE.sdDd(Unknown Source:1640)
	at #GMfdJ.sask(SourceFile:487)
	at net.minecraft.client.main.GameMain.iwR(SourceFile:220)
	at net.minecraft.client.main.GameMain.jtH(SourceFile:156)
	at #ZpHYL.i(Unknown Source)
	at #ZpHYL.run(Unknown Source)
	at java.base/java.lang.Thread.run(Unknown Source)
[14:24:03] [Client thread/INFO] [STDOUT]: a.a.d.a.c.a.f.a.i@5f0e76a8
[14:24:06] [Client thread/INFO] [STDOUT]: a.a.d.a.c.a.f.a.i@582ca4af
[14:24:08] [Client thread/INFO] [CHAT] [Туманник] D ┃ PotomPridumayu [#100] » а чо астероидная битва раз в день?
[14:25:21] [Client thread/INFO] [STDOUT]: a.a.d.a.c.a.f.a.i@58fb96e0
[14:28:22] [Client thread/INFO] [CHAT] [Союз] MVP ┃ Existl1oudlu [#22] » папочка
[14:28:25] [Client thread/INFO] [CHAT] [Союз] MVP ┃ Existl1oudlu [#22] » друн
[14:28:36] [Client thread/INFO] [CHAT] [Союз] MVP ┃ Existl1oudlu [#22] » и пропал(
[14:28:47] [Client thread/INFO] [CHAT] alekseynavalniu [#?] » кто?
[14:28:57] [Client thread/INFO] [CHAT] [Союз] MVP ┃ Existl1oudlu [#22] » папочка
[14:29:12] [Client thread/INFO] [CHAT] alekseynavalniu [#?] » грустно
[14:30:01] [Client thread/INFO] [CHAT]  \ni Астероидная битва закончена! Вернемся через некоторое время!\n 
[14:31:08] [Client thread/INFO] [STDOUT]: a.a.d.a.c.a.f.a.i@29ccf934
[14:31:13] [Client thread/INFO] [STDOUT]: a.a.d.a.c.a.f.a.i@29ccf934
[14:31:21] [Client thread/INFO] [CHAT] [Гравитатор] P ┃ pon4ik_vkusni [#147] » мяу
[14:31:26] [Client thread/INFO] [CHAT] [Созвездие] Konnor1240 [#?] » мяу
[14:31:28] [Client thread/INFO] [CHAT] alekseynavalniu [#?] » гав
[14:31:46] [Client thread/INFO] [CHAT] [Гравитатор] P ┃ pon4ik_vkusni [#147] » фу злюка
[14:31:58] [Client thread/INFO] [STDOUT]: a.a.d.a.c.a.f.a.i@430ab938
[14:32:07] [Client thread/INFO] [CHAT] alekseynavalniu [#?] » сапсибо хорошо
[14:32:52] [Client thread/INFO] [STDOUT]: a.a.d.a.c.a.f.a.i@69bbc4b6
[14:33:31] [Client thread/ERROR] Error on handle event #BXBFw in Mod{name='SpaceTycoon', version='1.0.0+bc67650', persistent=false, delegate=a.a.d.a.a, modState=LOADED}
java.lang.IndexOutOfBoundsException: index: 68, length: 1 (expected: range(0, 68))
	at io.netty.buffer.AbstractByteBuf.checkRangeBounds(AbstractByteBuf.java:1390)
	at io.netty.buffer.AbstractByteBuf.checkIndex0(AbstractByteBuf.java:1397)
	at io.netty.buffer.AbstractUnpooledSlicedByteBuf.getBytes(AbstractUnpooledSlicedByteBuf.java:242)
	at io.netty.buffer.ReadOnlyByteBuf.getBytes(ReadOnlyByteBuf.java:270)
	at io.netty.buffer.ByteBufUtil.decodeString(ByteBufUtil.java:1151)
	at io.netty.buffer.AbstractByteBuf.toString(AbstractByteBuf.java:1246)
	at dev.xdark.feder.NetUtil.readString0(NetUtil.java:833)
	at dev.xdark.feder.NetUtil.readUtf8(NetUtil.java:188)
	at SpaceTycoon-v1.0.0+bc67650//a.a.a.m.a.f(SourceFile:176)
	at SpaceTycoon-v1.0.0+bc67650//a.a.d.a.e.h.b.d(SourceFile:60)
	at SpaceTycoon-v1.0.0+bc67650//a.a.d.a.e.h.b.injectedLambda$d$3(SourceFile)
	at SpaceTycoon-v1.0.0+bc67650//a.a.a.m.a.b(SourceFile:58)
	at SpaceTycoon-v1.0.0+bc67650//a.a.a.m.a.injectedLambda$b$0(SourceFile)
	at #RaGIl.saYo(SourceFile:83)
	at #hvoSL.bBM(Unknown Source)
	at #hvoSL.accept(Unknown Source)
	at #ykMcj.slwQ(SourceFile:105)
	at #BrtKi.laL(Unknown Source)
	at #BrtKi.accept(Unknown Source)
	at #SmDYl.shof(SourceFile:59)
	at #vxdAh.blq(SourceFile)
	at #DRZva.smvZ(SourceFile:89)
	at #WblDI.sciG(SourceFile:100)
	at #DDMvh.hcz(SourceFile)
	at #GXpIT.slFh(SourceFile:75)
	at #acUkE.drn(SourceFile:650)
	at #qKRzt.skLS(Unknown Source:2396)
	at #hyWbW.satX(SourceFile:1837)
	at #RofNI.dB(SourceFile:43)
	at #GLnhB.run(SourceFile:32)
	at #GILEo.saUt(Unknown Source:40)
	at #sJuki.sfWB(SourceFile:11)
	at java.base/java.util.concurrent.FutureTask.run(Unknown Source)
	at #bfAok.sjvn(SourceFile:45)
	at #ptzkp.gXZ(SourceFile:52)
	at #gZdVe.sbpI(SourceFile:1466)
	at #UDDPE.sdDd(Unknown Source:1632)
	at #GMfdJ.sask(SourceFile:487)
	at net.minecraft.client.main.GameMain.iwR(SourceFile:220)
	at net.minecraft.client.main.GameMain.jtH(SourceFile:156)
	at #ZpHYL.i(Unknown Source)
	at #ZpHYL.run(Unknown Source)
	at java.base/java.lang.Thread.run(Unknown Source)
[14:37:29] [Client thread/INFO] [CHAT] [Исследователь] ltkmysq999 [#464] » а какой кулдаун у битвы
[14:37:41] [Client thread/INFO] [CHAT] [Гравитатор] H ┃ SKIN4IK  [#167] » .к й
[14:39:11] [Client thread/INFO] [CHAT] [Исследователь] zamanov_xcv [#410] » кто в монополию
[14:39:54] [Client thread/ERROR] Error on handle event #BXBFw in Mod{name='SpaceTycoon', version='1.0.0+bc67650', persistent=false, delegate=a.a.d.a.a, modState=LOADED}
java.lang.IndexOutOfBoundsException: index: 68, length: 1 (expected: range(0, 68))
	at io.netty.buffer.AbstractByteBuf.checkRangeBounds(AbstractByteBuf.java:1390)
	at io.netty.buffer.AbstractByteBuf.checkIndex0(AbstractByteBuf.java:1397)
	at io.netty.buffer.AbstractUnpooledSlicedByteBuf.getBytes(AbstractUnpooledSlicedByteBuf.java:242)
	at io.netty.buffer.ReadOnlyByteBuf.getBytes(ReadOnlyByteBuf.java:270)
	at io.netty.buffer.ByteBufUtil.decodeString(ByteBufUtil.java:1151)
	at io.netty.buffer.AbstractByteBuf.toString(AbstractByteBuf.java:1246)
	at dev.xdark.feder.NetUtil.readString0(NetUtil.java:833)
	at dev.xdark.feder.NetUtil.readUtf8(NetUtil.java:188)
	at SpaceTycoon-v1.0.0+bc67650//a.a.a.m.a.f(SourceFile:176)
	at SpaceTycoon-v1.0.0+bc67650//a.a.d.a.e.h.b.d(SourceFile:60)
	at SpaceTycoon-v1.0.0+bc67650//a.a.d.a.e.h.b.injectedLambda$d$3(SourceFile)
	at SpaceTycoon-v1.0.0+bc67650//a.a.a.m.a.b(SourceFile:58)
	at SpaceTycoon-v1.0.0+bc67650//a.a.a.m.a.injectedLambda$b$0(SourceFile)
	at #RaGIl.saYo(SourceFile:83)
	at #hvoSL.bBM(Unknown Source)
	at #hvoSL.accept(Unknown Source)
	at #ykMcj.slwQ(SourceFile:105)
	at #BrtKi.laL(Unknown Source)
	at #BrtKi.accept(Unknown Source)
	at #SmDYl.shof(SourceFile:59)
	at #vxdAh.blq(SourceFile)
	at #DRZva.smvZ(SourceFile:89)
	at #WblDI.sciG(SourceFile:100)
	at #DDMvh.hcz(SourceFile)
	at #GXpIT.slFh(SourceFile:75)
	at #acUkE.drn(SourceFile:650)
	at #qKRzt.skLS(Unknown Source:2396)
	at #hyWbW.satX(SourceFile:1837)
	at #RofNI.dB(SourceFile:43)
	at #GLnhB.run(SourceFile:32)
	at #GILEo.saUt(Unknown Source:40)
	at #sJuki.sfWB(SourceFile:11)
	at java.base/java.util.concurrent.FutureTask.run(Unknown Source)
	at #bfAok.sjvn(SourceFile:45)
	at #ptzkp.gXZ(SourceFile:52)
	at #gZdVe.sbpI(SourceFile:1466)
	at #UDDPE.sdDd(Unknown Source:1632)
	at #GMfdJ.sask(SourceFile:487)
	at net.minecraft.client.main.GameMain.iwR(SourceFile:220)
	at net.minecraft.client.main.GameMain.jtH(SourceFile:156)
	at #ZpHYL.i(Unknown Source)
	at #ZpHYL.run(Unknown Source)
	at java.base/java.lang.Thread.run(Unknown Source)
[14:40:13] [Client thread/INFO] [CHAT] [Гравитатор] P ┃ pon4ik_vkusni [#147] » ряф~
[14:40:26] [Client thread/INFO] [CHAT] [Созвездие] Konnor1240 [#?] » Мяу
[14:40:30] [Client thread/INFO] [CHAT] push_500_voln [#?] » гав
[14:41:32] [Client thread/INFO] [CHAT] [Союз] MVP ┃ Existl1oudlu [#22] » папочка
[14:41:37] [Client thread/INFO] [CHAT] [Планетар] LS ┃ papo4ka_v_dubae [#1] » а
[14:41:40] [Client thread/INFO] [CHAT] [Союз] MVP ┃ Existl1oudlu [#22] » пошли в покир
[14:41:46] [Client thread/INFO] [CHAT] [Планетар] LS ┃ papo4ka_v_dubae [#1] » Не
[14:41:47] [Client thread/INFO] [CHAT] [Космонавт] Konnor1240 [#?] » Тут покер есть?
[14:41:51] [Client thread/INFO] [CHAT] [Союз] MVP ┃ Existl1oudlu [#22] » всмысле не пошли в покер
[14:41:56] [Client thread/INFO] [CHAT] [Космонавт] P+ ┃ Ya_Love_Kiry [#?] » хотел в т3
[14:41:57] [Client thread/INFO] [CHAT] [Планетар] S ┃ CyFrodo [#2] » бог, как тебе ребитх
[14:42:00] [Client thread/INFO] [CHAT] [Космонавт] P+ ┃ Ya_Love_Kiry [#?] » получилось т1
[14:42:06] [Client thread/INFO] [CHAT] [Комета] Blackwind [#387] » а как увидеть свой доход в секунду?
[14:42:12] [Client thread/INFO] [CHAT] [Планетар] S ┃ CyFrodo [#2] » я в 8:30 встал сделать его
[14:42:16] [Client thread/INFO] [CHAT] [Планетар] S ┃ CyFrodo [#2] » до сих пор коплю сижу
[14:42:26] [Client thread/ERROR] Error on handle event #BXBFw in Mod{name='SpaceTycoon', version='1.0.0+bc67650', persistent=false, delegate=a.a.d.a.a, modState=LOADED}
java.lang.IndexOutOfBoundsException: index: 68, length: 1 (expected: range(0, 68))
	at io.netty.buffer.AbstractByteBuf.checkRangeBounds(AbstractByteBuf.java:1390)
	at io.netty.buffer.AbstractByteBuf.checkIndex0(AbstractByteBuf.java:1397)
	at io.netty.buffer.AbstractUnpooledSlicedByteBuf.getBytes(AbstractUnpooledSlicedByteBuf.java:242)
	at io.netty.buffer.ReadOnlyByteBuf.getBytes(ReadOnlyByteBuf.java:270)
	at io.netty.buffer.ByteBufUtil.decodeString(ByteBufUtil.java:1151)
	at io.netty.buffer.AbstractByteBuf.toString(AbstractByteBuf.java:1246)
	at dev.xdark.feder.NetUtil.readString0(NetUtil.java:833)
	at dev.xdark.feder.NetUtil.readUtf8(NetUtil.java:188)
	at SpaceTycoon-v1.0.0+bc67650//a.a.a.m.a.f(SourceFile:176)
	at SpaceTycoon-v1.0.0+bc67650//a.a.d.a.e.h.b.d(SourceFile:60)
	at SpaceTycoon-v1.0.0+bc67650//a.a.d.a.e.h.b.injectedLambda$d$3(SourceFile)
	at SpaceTycoon-v1.0.0+bc67650//a.a.a.m.a.b(SourceFile:58)
	at SpaceTycoon-v1.0.0+bc67650//a.a.a.m.a.injectedLambda$b$0(SourceFile)
	at #RaGIl.saYo(SourceFile:83)
	at #hvoSL.bBM(Unknown Source)
	at #hvoSL.accept(Unknown Source)
	at #ykMcj.slwQ(SourceFile:105)
	at #BrtKi.laL(Unknown Source)
	at #BrtKi.accept(Unknown Source)
	at #SmDYl.shof(SourceFile:59)
	at #vxdAh.blq(SourceFile)
	at #DRZva.smvZ(SourceFile:89)
	at #WblDI.sciG(SourceFile:100)
	at #DDMvh.hcz(SourceFile)
	at #GXpIT.slFh(SourceFile:75)
	at #acUkE.drn(SourceFile:650)
	at #qKRzt.skLS(Unknown Source:2396)
	at #hyWbW.satX(SourceFile:1837)
	at #RofNI.dB(SourceFile:43)
	at #GLnhB.run(SourceFile:32)
	at #GILEo.saUt(Unknown Source:40)
	at #sJuki.sfWB(SourceFile:11)
	at java.base/java.util.concurrent.FutureTask.run(Unknown Source)
	at #bfAok.sjvn(SourceFile:45)
	at #ptzkp.gXZ(SourceFile:52)
	at #gZdVe.sbpI(SourceFile:1466)
	at #UDDPE.sdDd(Unknown Source:1632)
	at #GMfdJ.sask(SourceFile:487)
	at net.minecraft.client.main.GameMain.iwR(SourceFile:220)
	at net.minecraft.client.main.GameMain.jtH(SourceFile:156)
	at #ZpHYL.i(Unknown Source)
	at #ZpHYL.run(Unknown Source)
	at java.base/java.lang.Thread.run(Unknown Source)
[14:42:30] [Client thread/INFO] [CHAT] [Союз] MVP ┃ Existl1oudlu [#22] » че там тоже че то бешеное CyFrodo?
[14:42:37] [Client thread/INFO] [CHAT] [Планетар] S ┃ CyFrodo [#2] » ну 503U на рб
[14:42:38] [Client thread/INFO] [CHAT] [Космонавт] P+ ┃ Ya_Love_Kiry [#?] » фродо сколько нафармил
[14:42:50] [Client thread/INFO] [CHAT] \nMVP+ ┃ ksxhhg_ проводит ивент: AntWars!\nТип игры: Двойной\nПриз: 540\nНажми, чтобы переместиться!\n 
[14:42:52] [Client thread/INFO] [CHAT] [Космонавт] P+ ┃ Ya_Love_Kiry [#?] » за 2 катки соло фарма
[14:42:52] [Client thread/INFO] [CHAT] [Планетар] S ┃ CyFrodo [#2] » по 150 каждой за ивент
[14:42:58] [Client thread/INFO] [CHAT] [Космонавт] P+ ┃ Ya_Love_Kiry [#?] » норм
[14:43:07] [Client thread/INFO] [CHAT] [Союз] MVP ┃ Existl1oudlu [#22] » CyFrodo
[14:43:12] [Client thread/INFO] [CHAT] [Планетар] S ┃ CyFrodo [#2] » ?
[14:43:15] [Client thread/INFO] [CHAT] [Союз] MVP ┃ Existl1oudlu [#22] » го в покер, папочка не хочет
[14:43:22] [Client thread/INFO] [CHAT] [Планетар] S ┃ CyFrodo [#2] » я афк уже ухожу
[14:43:26] [Client thread/INFO] [CHAT] [Планетар] LS ┃ papo4ka_v_dubae [#1] » Ну мне не нравится этот рб
[14:43:36] [Client thread/INFO] [CHAT] [Планетар] S ┃ CyFrodo [#2] » с 50 рб будет только хуже
[14:43:42] [Client thread/INFO] [CHAT] [Планетар] S ┃ CyFrodo [#2] » щас хотяб почти х3 рб дает
[14:44:00] [Client thread/INFO] [CHAT] [Комета] vbvbvbnn [#381] »  на 50 рб будет x0,5>
[14:44:03] [Client thread/INFO] [CHAT] [Комета] vbvbvbnn [#381] »  ?
[14:44:14] [Client thread/INFO] [CHAT] [Планетар] S ┃ CyFrodo [#2] » х1.2
[14:44:21] [Client thread/INFO] [CHAT] [Планетар] LS ┃ papo4ka_v_dubae [#1] » следующий рб х4 долженбыть от этого
[14:44:27] [Client thread/INFO] [CHAT] [Планетар] S ┃ CyFrodo [#2] » ну все равно дропперы говна там
[14:44:30] [Client thread/INFO] [CHAT] [Планетар] S ┃ CyFrodo [#2] » я так смотрю
[14:44:38] [Client thread/INFO] [CHAT] [Планетар] S ┃ CyFrodo [#2] » но я куплю гараж думаю
[14:44:42] [Client thread/INFO] [CHAT] [Планетар] S ┃ CyFrodo [#2] » хоть какой то доход
[14:45:07] [Client thread/INFO] [CHAT] [Планетар] LS ┃ papo4ka_v_dubae [#1] » лазурия слишком дорогая
[14:45:12] [Client thread/INFO] [CHAT] [Планетар] S ┃ CyFrodo [#2] » почему у тебя на 2к руды больше а отрыва у нас почти нету
[14:45:18] [Client thread/INFO] [CHAT] [Планетар] S ┃ CyFrodo [#2] » чо ты качаешь
[14:45:21] [Client thread/INFO] [CHAT] [Галакторик] P ┃ _ЛюбитеКотиков_ [#12] » пока пинал челов в битвах на рб накопил и мут прошёл
[14:45:24] [Client thread/INFO] [CHAT] [Планетар] LS ┃ papo4ka_v_dubae [#1] » У меня просто
[14:45:28] [Client thread/INFO] [CHAT] [Планетар] LS ┃ papo4ka_v_dubae [#1] » по 1к других руд
[14:45:31] [Client thread/INFO] [CHAT] [Планетар] S ┃ CyFrodo [#2] » а
[14:45:34] [Client thread/INFO] [CHAT] [Союз] MVP ┃ Existl1oudlu [#22] » крч создал покер жду 3-4 минуты друны
[14:45:35] [Client thread/INFO] [CHAT] [Планетар] S ┃ CyFrodo [#2] » теперь понятно
[14:45:59] [Client thread/INFO] [CHAT] [Планетар] LS ┃ papo4ka_v_dubae [#1] » добуду 50 красных и качну круг продажи и денег
[14:46:22] [Client thread/INFO] [CHAT] [Планетар] S ┃ CyFrodo [#2] » там 3.1к надо в сумме на круг
[14:46:26] [Client thread/INFO] [CHAT] [Планетар] S ┃ CyFrodo [#2] » или у тебя уже другой круг
[14:46:31] [Client thread/INFO] [CHAT] [Планетар] S ┃ CyFrodo [#2] » хотя ты бы не апнул некст круг лан
[14:46:36] [Client thread/INFO] [CHAT] [Планетар] LS ┃ papo4ka_v_dubae [#1] » да ты прав
[14:46:45] [Client thread/INFO] [CHAT] [Планетар] S ┃ CyFrodo [#2] » некст круг уже 9.3к будет
[14:46:57] [Client thread/INFO] [CHAT] [Планетар] S ┃ CyFrodo [#2] » ну нормально еще круга 3 апнешь за вайп
[14:47:06] [Client thread/INFO] [CHAT] [Планетар] S ┃ CyFrodo [#2] » за 170к чет такое
[14:47:07] [Client thread/ERROR] Error on handle event #BXBFw in Mod{name='SpaceTycoon', version='1.0.0+bc67650', persistent=false, delegate=a.a.d.a.a, modState=LOADED}
java.lang.IndexOutOfBoundsException: index: 68, length: 1 (expected: range(0, 68))
	at io.netty.buffer.AbstractByteBuf.checkRangeBounds(AbstractByteBuf.java:1390)
	at io.netty.buffer.AbstractByteBuf.checkIndex0(AbstractByteBuf.java:1397)
	at io.netty.buffer.AbstractUnpooledSlicedByteBuf.getBytes(AbstractUnpooledSlicedByteBuf.java:242)
	at io.netty.buffer.ReadOnlyByteBuf.getBytes(ReadOnlyByteBuf.java:270)
	at io.netty.buffer.ByteBufUtil.decodeString(ByteBufUtil.java:1151)
	at io.netty.buffer.AbstractByteBuf.toString(AbstractByteBuf.java:1246)
	at dev.xdark.feder.NetUtil.readString0(NetUtil.java:833)
	at dev.xdark.feder.NetUtil.readUtf8(NetUtil.java:188)
	at SpaceTycoon-v1.0.0+bc67650//a.a.a.m.a.f(SourceFile:176)
	at SpaceTycoon-v1.0.0+bc67650//a.a.d.a.e.h.b.d(SourceFile:60)
	at SpaceTycoon-v1.0.0+bc67650//a.a.d.a.e.h.b.injectedLambda$d$3(SourceFile)
	at SpaceTycoon-v1.0.0+bc67650//a.a.a.m.a.b(SourceFile:58)
	at SpaceTycoon-v1.0.0+bc67650//a.a.a.m.a.injectedLambda$b$0(SourceFile)
	at #RaGIl.saYo(SourceFile:83)
	at #hvoSL.bBM(Unknown Source)
	at #hvoSL.accept(Unknown Source)
	at #ykMcj.slwQ(SourceFile:105)
	at #BrtKi.laL(Unknown Source)
	at #BrtKi.accept(Unknown Source)
	at #SmDYl.shof(SourceFile:59)
	at #vxdAh.blq(SourceFile)
	at #DRZva.smvZ(SourceFile:89)
	at #WblDI.sciG(SourceFile:100)
	at #DDMvh.hcz(SourceFile)
	at #GXpIT.slFh(SourceFile:75)
	at #acUkE.drn(SourceFile:650)
	at #qKRzt.skLS(Unknown Source:2396)
	at #hyWbW.satX(SourceFile:1837)
	at #RofNI.dB(SourceFile:43)
	at #GLnhB.run(SourceFile:32)
	at #GILEo.saUt(Unknown Source:40)
	at #sJuki.sfWB(SourceFile:11)
	at java.base/java.util.concurrent.FutureTask.run(Unknown Source)
	at #bfAok.sjvn(SourceFile:45)
	at #ptzkp.gXZ(SourceFile:52)
	at #gZdVe.sbpI(SourceFile:1466)
	at #UDDPE.sdDd(Unknown Source:1632)
	at #GMfdJ.sask(SourceFile:487)
	at net.minecraft.client.main.GameMain.iwR(SourceFile:220)
	at net.minecraft.client.main.GameMain.jtH(SourceFile:156)
	at #ZpHYL.i(Unknown Source)
	at #ZpHYL.run(Unknown Source)
	at java.base/java.lang.Thread.run(Unknown Source)
[14:47:07] [Client thread/INFO] [CHAT] [Планетар] LS ┃ papo4ka_v_dubae [#1] » я надеюсь 48 рб будет с +1 к рудам
[14:47:16] [Client thread/INFO] [CHAT] [Галакторик] P ┃ _ЛюбитеКотиков_ [#11] » не
[14:47:21] [Client thread/INFO] [CHAT] [Планетар] S ┃ CyFrodo [#2] » я помню что х3 было не раньше чем на 53 ребитхе где то :(
[14:47:37] [Client thread/INFO] [CHAT] [Планетар] S ┃ CyFrodo [#2] » даже не понятно че качать
[14:47:42] [Client thread/INFO] [CHAT] [Планетар] S ┃ CyFrodo [#2] » я крч качнул 2 круга дропперов ночью
[14:47:46] [Client thread/INFO] [CHAT] [Планетар] S ┃ CyFrodo [#2] » вообще не изменилось время почти
[14:47:51] [Client thread/INFO] [CHAT] [Планетар] S ┃ CyFrodo [#2] » и круг очистов
[14:48:00] [Client thread/INFO] [CHAT] [Астероид] Kvester_ [#87] » 
[14:48:02] [Client thread/INFO] [CHAT] [Планетар] S ┃ CyFrodo [#2] » на 2.5D на 45рб в минуту больше стало
[14:48:18] [Client thread/INFO] [CHAT] [Галакторик] P ┃ _ЛюбитеКотиков_ [#11] » дак это круто де
[14:48:21] [Client thread/INFO] [CHAT] [Планетар] S ┃ CyFrodo [#2] » не
[14:48:24] [Client thread/INFO] [CHAT] [Галакторик] P ┃ _ЛюбитеКотиков_ [#11] » поч
[14:48:31] [Client thread/INFO] [CHAT] [Планетар] S ┃ CyFrodo [#2] » 3 часа афк было
[14:48:35] [Client thread/INFO] [CHAT] [Планетар] S ┃ CyFrodo [#2] » щас часов 6-7
[14:48:44] [Client thread/ERROR] Error on handle event #BXBFw in Mod{name='SpaceTycoon', version='1.0.0+bc67650', persistent=false, delegate=a.a.d.a.a, modState=LOADED}
java.lang.IndexOutOfBoundsException: index: 68, length: 1 (expected: range(0, 68))
	at io.netty.buffer.AbstractByteBuf.checkRangeBounds(AbstractByteBuf.java:1390)
	at io.netty.buffer.AbstractByteBuf.checkIndex0(AbstractByteBuf.java:1397)
	at io.netty.buffer.AbstractUnpooledSlicedByteBuf.getBytes(AbstractUnpooledSlicedByteBuf.java:242)
	at io.netty.buffer.ReadOnlyByteBuf.getBytes(ReadOnlyByteBuf.java:270)
	at io.netty.buffer.ByteBufUtil.decodeString(ByteBufUtil.java:1151)
	at io.netty.buffer.AbstractByteBuf.toString(AbstractByteBuf.java:1246)
	at dev.xdark.feder.NetUtil.readString0(NetUtil.java:833)
	at dev.xdark.feder.NetUtil.readUtf8(NetUtil.java:188)
	at SpaceTycoon-v1.0.0+bc67650//a.a.a.m.a.f(SourceFile:176)
	at SpaceTycoon-v1.0.0+bc67650//a.a.d.a.e.h.b.d(SourceFile:60)
	at SpaceTycoon-v1.0.0+bc67650//a.a.d.a.e.h.b.injectedLambda$d$3(SourceFile)
	at SpaceTycoon-v1.0.0+bc67650//a.a.a.m.a.b(SourceFile:58)
	at SpaceTycoon-v1.0.0+bc67650//a.a.a.m.a.injectedLambda$b$0(SourceFile)
	at #RaGIl.saYo(SourceFile:83)
	at #hvoSL.bBM(Unknown Source)
	at #hvoSL.accept(Unknown Source)
	at #ykMcj.slwQ(SourceFile:105)
	at #BrtKi.laL(Unknown Source)
	at #BrtKi.accept(Unknown Source)
	at #SmDYl.shof(SourceFile:59)
	at #vxdAh.blq(SourceFile)
	at #DRZva.smvZ(SourceFile:89)
	at #WblDI.sciG(SourceFile:100)
	at #DDMvh.hcz(SourceFile)
	at #GXpIT.slFh(SourceFile:75)
	at #acUkE.drn(SourceFile:650)
	at #qKRzt.skLS(Unknown Source:2396)
	at #hyWbW.satX(SourceFile:1837)
	at #RofNI.dB(SourceFile:43)
	at #GLnhB.run(SourceFile:32)
	at #GILEo.saUt(Unknown Source:40)
	at #sJuki.sfWB(SourceFile:11)
	at java.base/java.util.concurrent.FutureTask.run(Unknown Source)
	at #bfAok.sjvn(SourceFile:45)
	at #ptzkp.gXZ(SourceFile:52)
	at #gZdVe.sbpI(SourceFile:1466)
	at #UDDPE.sdDd(Unknown Source:1632)
	at #GMfdJ.sask(SourceFile:487)
	at net.minecraft.client.main.GameMain.iwR(SourceFile:220)
	at net.minecraft.client.main.GameMain.jtH(SourceFile:156)
	at #ZpHYL.i(Unknown Source)
	at #ZpHYL.run(Unknown Source)
	at java.base/java.lang.Thread.run(Unknown Source)
[14:48:48] [Client thread/INFO] [CHAT] [Планетар] LS ┃ papo4ka_v_dubae [#1] » Кенди с добрым утром
[14:48:49] [Client thread/INFO] [CHAT] [Созвездие] 01214pop [#?] » 67
[14:48:49] [Client thread/INFO] [CHAT] [Исследователь] ltkmysq999 [#427] » а какой кулдаун у битвы
[14:49:02] [Client thread/INFO] [CHAT] [Гравитатор] MVP ┃ Slava4_Pro [#189] » 
[14:49:16] [Client thread/INFO] [CHAT] [Планетар] LS ┃ papo4ka_v_dubae [#1] » еще 44u(
[14:49:16] [Client thread/INFO] [CHAT] [Галакторик] P ┃ _ЛюбитеКотиков_ [#11] » крч с 27 килов
[14:49:19] [Client thread/INFO] [CHAT] [Галакторик] P ┃ _ЛюбитеКотиков_ [#11] » до 91
[14:49:22] [Client thread/INFO] [CHAT] [Планетар] S ┃ CyFrodo [#2] » ну ме еще 90U надо накопить
[14:49:23] [Client thread/INFO] [CHAT] [Планетар] LS ┃ papo4ka_v_dubae [#1] » как же долго идет этот рб
[14:49:23] [Client thread/INFO] [CHAT] [Галакторик] P ┃ _ЛюбитеКотиков_ [#11] » это круто?
[14:49:31] [Client thread/INFO] [CHAT] [Гравитатор] P ┃ pon4ik_vkusni [#147] » где все фурри фимбойчики мня наебали в тт?(
[14:49:34] [Client thread/INFO] [CHAT] [Планетар] LS ┃ papo4ka_v_dubae [#1] » это круто
[14:49:39] [Client thread/INFO] [CHAT] [Планетар] S ┃ CyFrodo [#2] » лан я афк
[14:49:44] [Client thread/INFO] [CHAT] [Планетар] LS ┃ papo4ka_v_dubae [#1] » я тоже пойду крутить
[14:51:31] [Client thread/INFO] [CHAT] [Квазар] Ванька ┃ nbim  [#72] » В теории, если стоять на локации корабль, то пожара не будет, верно?
[14:51:42] [Client thread/INFO] [CHAT] [Галактик] ananasik333 [#68] » да
[14:51:57] [Client thread/INFO] [CHAT] [Гравитатор] P ┃ Tveiv [#157] » а еще лучше не стоять а проигрывать все бабки в казике
[14:52:23] [Client thread/ERROR] Error on handle event #BXBFw in Mod{name='SpaceTycoon', version='1.0.0+bc67650', persistent=false, delegate=a.a.d.a.a, modState=LOADED}
java.lang.IndexOutOfBoundsException: index: 68, length: 1 (expected: range(0, 68))
	at io.netty.buffer.AbstractByteBuf.checkRangeBounds(AbstractByteBuf.java:1390)
	at io.netty.buffer.AbstractByteBuf.checkIndex0(AbstractByteBuf.java:1397)
	at io.netty.buffer.AbstractUnpooledSlicedByteBuf.getBytes(AbstractUnpooledSlicedByteBuf.java:242)
	at io.netty.buffer.ReadOnlyByteBuf.getBytes(ReadOnlyByteBuf.java:270)
	at io.netty.buffer.ByteBufUtil.decodeString(ByteBufUtil.java:1151)
	at io.netty.buffer.AbstractByteBuf.toString(AbstractByteBuf.java:1246)
	at dev.xdark.feder.NetUtil.readString0(NetUtil.java:833)
	at dev.xdark.feder.NetUtil.readUtf8(NetUtil.java:188)
	at SpaceTycoon-v1.0.0+bc67650//a.a.a.m.a.f(SourceFile:176)
	at SpaceTycoon-v1.0.0+bc67650//a.a.d.a.e.h.b.d(SourceFile:60)
	at SpaceTycoon-v1.0.0+bc67650//a.a.d.a.e.h.b.injectedLambda$d$3(SourceFile)
	at SpaceTycoon-v1.0.0+bc67650//a.a.a.m.a.b(SourceFile:58)
	at SpaceTycoon-v1.0.0+bc67650//a.a.a.m.a.injectedLambda$b$0(SourceFile)
	at #RaGIl.saYo(SourceFile:83)
	at #hvoSL.bBM(Unknown Source)
	at #hvoSL.accept(Unknown Source)
	at #ykMcj.slwQ(SourceFile:105)
	at #BrtKi.laL(Unknown Source)
	at #BrtKi.accept(Unknown Source)
	at #SmDYl.shof(SourceFile:59)
	at #vxdAh.blq(SourceFile)
	at #DRZva.smvZ(SourceFile:89)
	at #WblDI.sciG(SourceFile:100)
	at #DDMvh.hcz(SourceFile)
	at #GXpIT.slFh(SourceFile:75)
	at #acUkE.drn(SourceFile:650)
	at #qKRzt.skLS(Unknown Source:2396)
	at #hyWbW.satX(SourceFile:1837)
	at #RofNI.dB(SourceFile:43)
	at #GLnhB.run(SourceFile:32)
	at #GILEo.saUt(Unknown Source:40)
	at #sJuki.sfWB(SourceFile:11)
	at java.base/java.util.concurrent.FutureTask.run(Unknown Source)
	at #bfAok.sjvn(SourceFile:45)
	at #ptzkp.gXZ(SourceFile:52)
	at #gZdVe.sbpI(SourceFile:1466)
	at #UDDPE.sdDd(Unknown Source:1632)
	at #GMfdJ.sask(SourceFile:487)
	at net.minecraft.client.main.GameMain.iwR(SourceFile:220)
	at net.minecraft.client.main.GameMain.jtH(SourceFile:156)
	at #ZpHYL.i(Unknown Source)
	at #ZpHYL.run(Unknown Source)
	at java.base/java.lang.Thread.run(Unknown Source)
[14:52:55] [Client thread/INFO] [CHAT] [Гравитатор] kymitik [#151] » доброе утро
[14:54:39] [Client thread/ERROR] Error on handle event #BXBFw in Mod{name='SpaceTycoon', version='1.0.0+bc67650', persistent=false, delegate=a.a.d.a.a, modState=LOADED}
java.lang.IndexOutOfBoundsException: index: 68, length: 1 (expected: range(0, 68))
	at io.netty.buffer.AbstractByteBuf.checkRangeBounds(AbstractByteBuf.java:1390)
	at io.netty.buffer.AbstractByteBuf.checkIndex0(AbstractByteBuf.java:1397)
	at io.netty.buffer.AbstractUnpooledSlicedByteBuf.getBytes(AbstractUnpooledSlicedByteBuf.java:242)
	at io.netty.buffer.ReadOnlyByteBuf.getBytes(ReadOnlyByteBuf.java:270)
	at io.netty.buffer.ByteBufUtil.decodeString(ByteBufUtil.java:1151)
	at io.netty.buffer.AbstractByteBuf.toString(AbstractByteBuf.java:1246)
	at dev.xdark.feder.NetUtil.readString0(NetUtil.java:833)
	at dev.xdark.feder.NetUtil.readUtf8(NetUtil.java:188)
	at SpaceTycoon-v1.0.0+bc67650//a.a.a.m.a.f(SourceFile:176)
	at SpaceTycoon-v1.0.0+bc67650//a.a.d.a.e.h.b.d(SourceFile:60)
	at SpaceTycoon-v1.0.0+bc67650//a.a.d.a.e.h.b.injectedLambda$d$3(SourceFile)
	at SpaceTycoon-v1.0.0+bc67650//a.a.a.m.a.b(SourceFile:58)
	at SpaceTycoon-v1.0.0+bc67650//a.a.a.m.a.injectedLambda$b$0(SourceFile)
	at #RaGIl.saYo(SourceFile:83)
	at #hvoSL.bBM(Unknown Source)
	at #hvoSL.accept(Unknown Source)
	at #ykMcj.slwQ(SourceFile:105)
	at #BrtKi.laL(Unknown Source)
	at #BrtKi.accept(Unknown Source)
	at #SmDYl.shof(SourceFile:59)
	at #vxdAh.blq(SourceFile)
	at #DRZva.smvZ(SourceFile:89)
	at #WblDI.sciG(SourceFile:100)
	at #DDMvh.hcz(SourceFile)
	at #GXpIT.slFh(SourceFile:75)
	at #acUkE.drn(SourceFile:650)
	at #qKRzt.skLS(Unknown Source:2396)
	at #hyWbW.satX(SourceFile:1837)
	at #RofNI.dB(SourceFile:43)
	at #GLnhB.run(SourceFile:32)
	at #GILEo.saUt(Unknown Source:40)
	at #sJuki.sfWB(SourceFile:11)
	at java.base/java.util.concurrent.FutureTask.run(Unknown Source)
	at #bfAok.sjvn(SourceFile:45)
	at #ptzkp.gXZ(SourceFile:52)
	at #gZdVe.sbpI(SourceFile:1466)
	at #UDDPE.sdDd(Unknown Source:1632)
	at #GMfdJ.sask(SourceFile:487)
	at net.minecraft.client.main.GameMain.iwR(SourceFile:220)
	at net.minecraft.client.main.GameMain.jtH(SourceFile:156)
	at #ZpHYL.i(Unknown Source)
	at #ZpHYL.run(Unknown Source)
	at java.base/java.lang.Thread.run(Unknown Source)
[14:59:12] [Client thread/INFO] [CHAT] [Комета] Blackwind [#370] » а как увидеть свой доход в секунду?
[14:59:37] [Client thread/INFO] [CHAT] [Туманник] heim_123 [#112] » идешь по всем мирам и сумируешь
[14:59:49] [Client thread/INFO] [CHAT] [Комета] Blackwind [#370] » если у меня ток 1 мир
[14:59:56] [Client thread/INFO] [CHAT] [Туманник] heim_123 [#112] » посмотри на таблицы
[15:00:17] [Client thread/INFO] [CHAT] [Туманник] heim_123 [#112] » которые там стоят насколько я понял там доход за мир
[15:00:30] [Client thread/INFO] [CHAT] [Туманник] heim_123 [#112] » но возможно я говорю не правду
[15:02:08] [Client thread/INFO] [CHAT] [Исследователь] I ┃ pepsi228_ [#432] » раз в сколько битвы?
[15:02:13] [Client thread/INFO] [CHAT] [Пульсар] Savva2 [#24] » 2 часа
[15:02:16] [Client thread/INFO] [CHAT] [Туманник] heim_123 [#112] » в четные часы
[15:02:30] [Client thread/INFO] [CHAT] [Исследователь] ltkmysq999 [#417] » а как открыть 3 открытие кейсов и быстрое открытие
[15:02:35] [Client thread/INFO] [CHAT] [Туманник] heim_123 [#112] » донат
[15:03:01] [Client thread/INFO] [CHAT] [Исследователь] ltkmysq999 [#417] » там икс 5 открытие и автомотическое а я про другое
[15:03:19] [Client thread/INFO] [CHAT] [Туманник] heim_123 [#112] » наверное привелегия типо MVP VIP
[15:04:56] [Client thread/INFO] [CHAT] [Туманник] heim_123 [#112] » сколько уточек в пульсаре 3 лока
[15:05:05] [Client thread/INFO] [CHAT] [Туманник] heim_123 [#112] » сколько уточек в земле 1 лока
[15:05:14] [Client thread/INFO] [CHAT] [Туманник] heim_123 [#112] » сколько уточек во 2 локе
[15:05:40] [Client thread/INFO] [CHAT] [Созвездие] ThunderCat3462 [#?] » на земле наещл ток 1
[15:05:50] [Client thread/INFO] [CHAT] [Туманник] heim_123 [#112] » на земле явно больше я нашел пока что 6
[15:06:20] [Client thread/INFO] [CHAT] 㨏 ЛС [V+ ┃ lllnarcoslll » Я] здарова
[15:07:06] [Client thread/INFO] [CHAT] [Союз] MVP ┃ 5daysofdeath [#21] » как потушить огонь если он не на блоке
[15:07:12] [Client thread/INFO] [CHAT] [Туманник] heim_123 [#112] » перезайди
[15:07:16] [Client thread/INFO] [CHAT] [Туманник] heim_123 [#112] » мб поможет
[15:07:20] [Client thread/INFO] [CHAT] [Ветер] MVP+ ┃ XXXXXXLoonDanya [#16] » перезаходи пока не заспавнится где надо
[15:07:50] [Client thread/INFO] [CHAT] [Галакторик] P ┃ _ЛюбитеКотиков_ [#11] » Спасибо, хорошо.
[15:07:51] [Client thread/ERROR] Error on handle event #BXBFw in Mod{name='SpaceTycoon', version='1.0.0+bc67650', persistent=false, delegate=a.a.d.a.a, modState=LOADED}
java.lang.IndexOutOfBoundsException: index: 68, length: 1 (expected: range(0, 68))
	at io.netty.buffer.AbstractByteBuf.checkRangeBounds(AbstractByteBuf.java:1390)
	at io.netty.buffer.AbstractByteBuf.checkIndex0(AbstractByteBuf.java:1397)
	at io.netty.buffer.AbstractUnpooledSlicedByteBuf.getBytes(AbstractUnpooledSlicedByteBuf.java:242)
	at io.netty.buffer.ReadOnlyByteBuf.getBytes(ReadOnlyByteBuf.java:270)
	at io.netty.buffer.ByteBufUtil.decodeString(ByteBufUtil.java:1151)
	at io.netty.buffer.AbstractByteBuf.toString(AbstractByteBuf.java:1246)
	at dev.xdark.feder.NetUtil.readString0(NetUtil.java:833)
	at dev.xdark.feder.NetUtil.readUtf8(NetUtil.java:188)
	at SpaceTycoon-v1.0.0+bc67650//a.a.a.m.a.f(SourceFile:176)
	at SpaceTycoon-v1.0.0+bc67650//a.a.d.a.e.h.b.d(SourceFile:60)
	at SpaceTycoon-v1.0.0+bc67650//a.a.d.a.e.h.b.injectedLambda$d$3(SourceFile)
	at SpaceTycoon-v1.0.0+bc67650//a.a.a.m.a.b(SourceFile:58)
	at SpaceTycoon-v1.0.0+bc67650//a.a.a.m.a.injectedLambda$b$0(SourceFile)
	at #RaGIl.saYo(SourceFile:83)
	at #hvoSL.bBM(Unknown Source)
	at #hvoSL.accept(Unknown Source)
	at #ykMcj.slwQ(SourceFile:105)
	at #BrtKi.laL(Unknown Source)
	at #BrtKi.accept(Unknown Source)
	at #SmDYl.shof(SourceFile:59)
	at #vxdAh.blq(SourceFile)
	at #DRZva.smvZ(SourceFile:89)
	at #WblDI.sciG(SourceFile:100)
	at #DDMvh.hcz(SourceFile)
	at #GXpIT.slFh(SourceFile:75)
	at #acUkE.drn(SourceFile:650)
	at #qKRzt.skLS(Unknown Source:2396)
	at #hyWbW.satX(SourceFile:1837)
	at #RofNI.dB(SourceFile:43)
	at #GLnhB.run(SourceFile:32)
	at #GILEo.saUt(Unknown Source:40)
	at #sJuki.sfWB(SourceFile:11)
	at java.base/java.util.concurrent.FutureTask.run(Unknown Source)
	at #bfAok.sjvn(SourceFile:45)
	at #ptzkp.gXZ(SourceFile:52)
	at #gZdVe.sbpI(SourceFile:1466)
	at #UDDPE.sdDd(Unknown Source:1632)
	at #GMfdJ.sask(SourceFile:487)
	at net.minecraft.client.main.GameMain.iwR(SourceFile:220)
	at net.minecraft.client.main.GameMain.jtH(SourceFile:156)
	at #ZpHYL.i(Unknown Source)
	at #ZpHYL.run(Unknown Source)
	at java.base/java.lang.Thread.run(Unknown Source)
[15:08:09] [Client thread/INFO] [CHAT] [Комета] vbvbvbnn [#373] »  спасибо в карман не положить
[15:08:14] [Client thread/INFO] [CHAT] [Галакторик] P ┃ _ЛюбитеКотиков_ [#11] » Спасибо, хорошо.
[15:08:29] [Client thread/INFO] [CHAT] [Планетар] S ┃ CyFrodo [#2] » бог тут?
[15:08:34] [Client thread/INFO] [CHAT] [Планетар] LS ┃ papo4ka_v_dubae [#1] » только что пришел
[15:08:37] [Client thread/INFO] [STDOUT]: [LWJGL] Using native fullscreen
[15:08:37] [Client thread/INFO] [STDOUT]: [LWJGL] Refresh rate: any
[15:08:39] [Client thread/INFO] [CHAT] [Галакторик] P ┃ _ЛюбитеКотиков_ [#11] » он кейсы наяривает вроде
[15:08:40] [Client thread/INFO] [CHAT] [Планетар] S ┃ CyFrodo [#2] » 75D в минуту у меня
[15:08:46] [Client thread/INFO] [CHAT] [Планетар] LS ┃ papo4ka_v_dubae [#1] » груза?
[15:08:49] [Client thread/INFO] [CHAT] [Планетар] S ┃ CyFrodo [#2] » да
[15:08:56] [Client thread/INFO] [CHAT] [Странник] Minecolonies [#302] » а зачем на корабле токены
[15:10:08] [Client thread/INFO] [CHAT] [Планетар] LS ┃ papo4ka_v_dubae [#1] » У меня 103d
[15:10:20] [Client thread/INFO] [CHAT] [Галакторик] P ┃ _ЛюбитеКотиков_ [#11] » бл опять потеть за ив
[15:11:26] [Client thread/INFO] [CHAT] [Планетар] LS ┃ papo4ka_v_dubae [#1] » 26.69
[15:12:40] [Client thread/INFO] [CHAT] [Звездолов] LS ┃ papo4ka_v_dubae [#1] » эх
[15:12:50] [Client thread/INFO] [CHAT] [Галакторик] P ┃ _ЛюбитеКотиков_ [#11] » я кстати все ещё не докачал ветку с петами
[15:12:52] [Client thread/INFO] [CHAT] [Звездолов] LS ┃ papo4ka_v_dubae [#1] » 2Dc...
[15:13:02] [Client thread/INFO] [CHAT] [Портал] S ┃ Hestli0 [#13] » каким образом
[15:13:06] [Client thread/INFO] [CHAT] [Галакторик] P ┃ _ЛюбитеКотиков_ [#11] » хз
[15:13:18] [Client thread/INFO] [CHAT] [Портал] S ┃ Hestli0 [#13] »  а че ты седня фигней страдал? ты мне ответишь не
[15:13:23] [Client thread/INFO] [CHAT] [Портал] S ┃ Hestli0 [#13] »  че с тобой
[15:13:30] [Client thread/INFO] [CHAT] [Галакторик] P ┃ _ЛюбитеКотиков_ [#11] » смысле
[15:13:35] [Client thread/INFO] [CHAT] [Звездочет] LS ┃ TatoshaMun [#144] » чо с тобой
[15:13:41] [Client thread/INFO] [CHAT] [Галакторик] P ┃ _ЛюбитеКотиков_ [#11] » я тренеровался сегодня утром
[15:13:47] [Client thread/INFO] [CHAT] [Портал] S ┃ Hestli0 [#13] » ты таргетил бомжей на битве
[15:13:51] [Client thread/INFO] [CHAT] [Звездолов] LS ┃ papo4ka_v_dubae [#1] » татоша
[15:13:53] [Client thread/INFO] [CHAT] [Галакторик] P ┃ _ЛюбитеКотиков_ [#11] » так надо
[15:13:53] [Client thread/INFO] [CHAT] [Звездочет] LS ┃ TatoshaMun [#144] » м
[15:14:03] [Client thread/INFO] [CHAT] [Звездолов] LS ┃ papo4ka_v_dubae [#1] » Ты звездочка поэтому я хочу тебя поймать
[15:14:08] [Client thread/INFO] [CHAT] [Звездочет] LS ┃ TatoshaMun [#144] » лови
[15:14:13] [Client thread/INFO] [CHAT] [Планетар] S ┃ CyFrodo [#2] » еще 60у ((
[15:14:24] [Client thread/INFO] [CHAT] [Планетар] S ┃ CyFrodo [#2] » чо скок рб стоит бог
[15:14:24] [Client thread/INFO] [CHAT] [Звездочет] LS ┃ TatoshaMun [#143] » у меня пет с rgb именнем
[15:14:32] [Client thread/INFO] [CHAT] [Звездолов] LS ┃ papo4ka_v_dubae [#1] » ровно в 4 раза дороже прошлого рб
[15:14:41] [Client thread/INFO] [CHAT] [Планетар] S ┃ CyFrodo [#2] » ну часов 6 тоже понял
[15:14:44] [Client thread/INFO] [CHAT] [Планетар] S ┃ CyFrodo [#2] » даже 9 скорее всего
[15:14:46] [Client thread/INFO] [CHAT] [Звездочет] LS ┃ TatoshaMun [#143] » ну там дальше неприятно
[15:14:55] [Client thread/INFO] [CHAT] [Звездочет] LS ┃ TatoshaMun [#143] » дальше круче
[15:14:59] [Client thread/INFO] [CHAT] [Звездолов] LS ┃ papo4ka_v_dubae [#1] » akПервый Тенс***
[15:15:19] [Client thread/INFO] [CHAT] [Звездочет] LS ┃ TatoshaMun [#143] » ну хз т10 оч легкий щас
[15:15:25] [Client thread/INFO] [CHAT] [Звездочет] LS ┃ TatoshaMun [#143] » 10ч с донатом апнуть его
[15:15:38] [Client thread/INFO] [CHAT] [Звездолов] LS ┃ papo4ka_v_dubae [#1] » мб т10 возьмешь?
[15:15:51] [Client thread/INFO] [CHAT] [Звездочет] LS ┃ TatoshaMun [#143] » ну у меня нету бонусов и кристалликов
[15:16:01] [Client thread/INFO] [CHAT] [Звездолов] LS ┃ papo4ka_v_dubae [#1] » Данжи же скоро не?
[15:16:06] [Client thread/INFO] [CHAT] [Звездолов] LS ┃ papo4ka_v_dubae [#1] » вайп
[15:16:07] [Client thread/INFO] [CHAT] [Звездочет] LS ┃ TatoshaMun [#143] » хз
[15:16:17] [Client thread/INFO] [CHAT] [Звездочет] LS ┃ TatoshaMun [#143] » т4-5 там буду
[15:16:18] [Client thread/INFO] [CHAT] [Планетар] S ┃ CyFrodo [#2] » татоша а кто копать то будет
[15:16:30] [Client thread/INFO] [CHAT] [Звездочет] LS ┃ TatoshaMun [#143] » я не копатель
[15:16:36] [Client thread/INFO] [CHAT] [Планетар] S ┃ CyFrodo [#2] » ну так я про твой акк
[15:16:45] [Client thread/INFO] [CHAT] [Звездочет] LS ┃ TatoshaMun [#143] » а
[15:16:47] [Client thread/INFO] [CHAT] [Цивилизатор] D ┃ XaJLacTJIK [#8] » татоша
[15:16:54] [Client thread/INFO] [CHAT] [Планетар] S ┃ CyFrodo [#2] » поч ты не копатель
[15:16:58] [Client thread/INFO] [CHAT] [Планетар] S ┃ CyFrodo [#2] » на эво же накопал 20кк
[15:17:00] [Client thread/INFO] [CHAT] [Звездочет] LS ┃ TatoshaMun [#143] » 22
[15:17:06] [Client thread/INFO] [CHAT] [Цивилизатор] D ┃ XaJLacTJIK [#8] » есь тг тенса?
[15:17:10] [Client thread/INFO] [CHAT] [Звездочет] LS ┃ TatoshaMun [#143] » ну есть
[15:17:18] [Client thread/INFO] [CHAT] S ┃ Moglicshik [#?] » ну так дай пж
[15:17:23] [Client thread/INFO] [CHAT] [Звездолов] LS ┃ papo4ka_v_dubae [#1] » зачем
[15:17:29] [Client thread/INFO] [CHAT] [Звездочет] LS ┃ TatoshaMun [#143] » ну так мне пишите я подумаю передать ему или нет
[15:17:32] [Client thread/INFO] [CHAT] [Цивилизатор] D ┃ XaJLacTJIK [#8] » меня заскамили на ауру
[15:17:34] [Client thread/INFO] [CHAT] [Планетар] S ┃ CyFrodo [#2] » фига ты
[15:17:35] [Client thread/INFO] [CHAT] S ┃ Moglicshik [#?] » окак
[15:17:36] [Client thread/INFO] [CHAT] [Звездочет] LS ┃ TatoshaMun [#143] » с колеса?
[15:17:39] [Client thread/INFO] [CHAT] [Цивилизатор] D ┃ XaJLacTJIK [#8] » да
[15:17:44] [Client thread/INFO] [CHAT] [Звездочет] LS ┃ TatoshaMun [#143] » ничего не вернут
[15:17:45] [Client thread/INFO] [CHAT] [Звездолов] LS ┃ papo4ka_v_dubae [#1] » ну анлаки баг
[15:17:50] [Client thread/INFO] [CHAT] [Цивилизатор] D ┃ XaJLacTJIK [#8] » да уж...
[15:17:55] [Client thread/INFO] [CHAT] [Звездолов] LS ┃ papo4ka_v_dubae [#1] » вон фродо тоже обманули
[15:18:05] [Client thread/INFO] [CHAT] [Планетар] S ┃ CyFrodo [#2] » да, в том вайпе
[15:18:08] [Client thread/INFO] [CHAT] [Звездочет] LS ┃ TatoshaMun [#143] » визуально показывается нне то, что падает на самом деле
[15:18:09] [Client thread/INFO] [CHAT] [Планетар] S ┃ CyFrodo [#2] » на 9к аж
[15:18:19] [Client thread/INFO] [CHAT] [Звездочет] LS ┃ TatoshaMun [#143] » не фродо
[15:18:23] [Client thread/INFO] [CHAT] [Планетар] S ┃ CyFrodo [#2] » а чо
[15:18:26] [Client thread/INFO] [CHAT] [Звездолов] LS ┃ papo4ka_v_dubae [#1] » ну по факту фродо
[15:18:27] [Client thread/INFO] [CHAT] [Планетар] S ┃ CyFrodo [#2] » аура тебе падала вчера?
[15:18:28] [Client thread/INFO] [CHAT] [Звездочет] LS ┃ TatoshaMun [#143] » я вчера крутил с тебя колесо, там тоже аура была
[15:18:32] [Client thread/INFO] [CHAT] [Планетар] S ┃ CyFrodo [#2] » хаха
[15:18:34] [Client thread/INFO] [CHAT] [Звездочет] LS ┃ TatoshaMun [#143] » но дали буст конвов
[15:18:56] [Client thread/INFO] [CHAT] [Планетар] S ┃ CyFrodo [#2] » а там на колесе миф аура нарисована или че за аура вообще
[15:19:02] [Client thread/INFO] [CHAT] [Звездочет] LS ┃ TatoshaMun [#143] » там кастомная
[15:19:03] [Client thread/INFO] [CHAT] [Звездолов] LS ┃ papo4ka_v_dubae [#1] » это уникальная аура
[15:19:08] [Client thread/INFO] [CHAT] [Планетар] S ┃ CyFrodo [#2] » и че она дает ваще
[15:19:10] [Client thread/INFO] [CHAT] [Звездолов] LS ┃ papo4ka_v_dubae [#1] » хз
[15:19:11] [Client thread/INFO] [CHAT] [Звездочет] LS ┃ TatoshaMun [#143] » ну секрет
[15:19:16] [Client thread/INFO] [CHAT] [Звездочет] LS ┃ TatoshaMun [#143] » я знаю кстати
[15:19:19] [Client thread/INFO] [CHAT] [Звездолов] LS ┃ papo4ka_v_dubae [#1] » дану
[15:19:21] [Client thread/INFO] [CHAT] [Звездочет] LS ┃ TatoshaMun [#143] » ага
[15:19:23] [Client thread/INFO] [CHAT] [Планетар] S ┃ CyFrodo [#2] » она хоть полезная
[15:19:30] [Client thread/INFO] [CHAT] [Звездочет] LS ┃ TatoshaMun [#143] » ну там мифик редкость
[15:19:37] [Client thread/INFO] [CHAT] [Звездолов] LS ┃ papo4ka_v_dubae [#1] » а он греет
[15:19:38] [Client thread/INFO] [CHAT] [Планетар] S ┃ CyFrodo [#2] » во прикол если дает +х1 к руде
[15:19:48] [Client thread/INFO] [CHAT] [Звездолов] LS ┃ papo4ka_v_dubae [#1] » Это слишком имба фродо
[15:19:52] [Client thread/INFO] [CHAT] [Ветер] MVP+ ┃ XXXXXXLoonDanya [#16] » а чо никому не выпала ещё
[15:19:56] [Client thread/INFO] [CHAT] [Звездочет] LS ┃ TatoshaMun [#143] » никому
[15:20:05] [Client thread/INFO] [CHAT] [Звездолов] LS ┃ papo4ka_v_dubae [#1] » так если она падает тебе дают бустик))
[15:20:10] [Client thread/INFO] [CHAT] [Исследователь] lksuyb [#413] » А через сколько будет доступна ещё одна космическая битва?
[15:20:14] [Client thread/INFO] [CHAT] [Звездолов] LS ┃ papo4ka_v_dubae [#1] » Битва происходит в четные часы по мск с **:00 до **:30 Чтобы зарегестрироваться надо подойти к дзиха
[15:20:16] [Client thread/INFO] [CHAT] [Звездочет] LS ┃ TatoshaMun [#143] » в 16:00
[15:20:40] [Client thread/INFO] [CHAT] [Планетар] S ┃ CyFrodo [#2] » надоело крутить
[15:20:44] [Client thread/INFO] [CHAT] [Звездочет] LS ┃ TatoshaMun [#143] » побегай
[15:20:44] [Client thread/INFO] [CHAT] [Планетар] S ┃ CyFrodo [#2] » нифига полезного не падает
[15:20:52] [Client thread/INFO] [CHAT] [Гравитатор] V ┃ Bratzerr [#192] » я застрял хаха
[15:20:58] [Client thread/INFO] [CHAT] [Звездочет] LS ┃ TatoshaMun [#143] » ./spawn
[15:21:09] [Client thread/INFO] [CHAT] [Звездолов] LS ┃ papo4ka_v_dubae [#1] » дроппер стоит 2.46u
[15:21:13] [Client thread/INFO] [CHAT] [Звездолов] LS ┃ papo4ka_v_dubae [#1] » кайф
[15:21:17] [Client thread/INFO] [CHAT] [Планетар] S ┃ CyFrodo [#2] » норм
[15:21:20] [Client thread/INFO] [CHAT] [Звездочет] LS ┃ TatoshaMun [#143] » че там за планета щас
[15:21:24] [Client thread/INFO] [CHAT] [Звездолов] LS ┃ papo4ka_v_dubae [#1] » лазурия
[15:21:25] [Client thread/INFO] [CHAT] [Планетар] S ┃ CyFrodo [#2] » там ужасно
[15:21:30] [Client thread/INFO] [CHAT] [Планетар] S ┃ CyFrodo [#2] » дайте мне пета на 1к% денег
[15:21:35] [Client thread/INFO] [CHAT] [Звездочет] LS ┃ TatoshaMun [#143] » ой ну она красивая хоть
[15:21:37] [Client thread/INFO] [CHAT] [Звездолов] LS ┃ papo4ka_v_dubae [#1] » фродо
[15:21:43] [Client thread/INFO] [CHAT] [Планетар] S ┃ CyFrodo [#2] » да
[15:21:46] [Client thread/INFO] [CHAT] [Звездолов] LS ┃ papo4ka_v_dubae [#1] » мне даже пет с 1e60 денег не помог
[15:21:49] [Client thread/INFO] [CHAT] [Звездолов] LS ┃ papo4ka_v_dubae [#1] » )))
[15:21:52] [Client thread/INFO] [CHAT] [Планетар] S ┃ CyFrodo [#2] » кайф
[15:22:03] [Client thread/INFO] [CHAT] [Планетар] S ┃ CyFrodo [#2] » лазурия хоть и красивая
[15:22:08] [Client thread/INFO] [CHAT] [Планетар] S ┃ CyFrodo [#2] » но дохода не даст
[15:22:11] [Client thread/INFO] [CHAT] [Планетар] S ┃ CyFrodo [#2] » я уверен
[15:22:19] [Client thread/INFO] [CHAT] [Звездочет] LS ┃ TatoshaMun [#143] » там двойные есть, бог?
[15:22:21] [Client thread/INFO] [CHAT] [Планетар] S ┃ CyFrodo [#2] » еще 50у (
[15:22:28] [Client thread/INFO] [CHAT] [Звездолов] LS ┃ papo4ka_v_dubae [#1] » ну на 1 гараже нету
[15:22:39] [Client thread/INFO] [CHAT] [Звездолов] LS ┃ papo4ka_v_dubae [#1] » Там конвейер без очистителей вообще
[15:22:39] [Client thread/INFO] [CHAT] [Звездочет] LS ┃ TatoshaMun [#143] » а скок у тебя рб бустит след
[15:22:44] [Client thread/INFO] [CHAT] [Планетар] S ┃ CyFrodo [#2] » а там ваще 1 конвейер в 1 гараже?
[15:22:45] [Client thread/INFO] [CHAT] [Звездолов] LS ┃ papo4ka_v_dubae [#1] » пишет 5ч 33м
[15:22:49] [Client thread/INFO] [CHAT] [Звездочет] LS ┃ TatoshaMun [#143] » бустит скок
[15:22:52] [Client thread/INFO] [CHAT] [Звездочет] LS ┃ TatoshaMun [#143] » от текущего
[15:22:57] [Client thread/INFO] [CHAT] [Звездолов] LS ┃ papo4ka_v_dubae [#1] » что
[15:23:00] [Client thread/INFO] [CHAT] [Звездочет] LS ┃ TatoshaMun [#143] » мнножитель
[15:23:09] [Client thread/INFO] [CHAT] [Планетар] S ┃ CyFrodo [#2] » а у меня дроппер по 600д еще
[15:23:10] [Client thread/INFO] [CHAT] [Звездолов] LS ┃ papo4ka_v_dubae [#1] » я тебя не понял
[15:23:20] [Client thread/INFO] [CHAT] [Звездочет] LS ┃ TatoshaMun [#143] » ну боже у тебя рб деньги бустит
[15:23:26] [Client thread/INFO] [CHAT] [Планетар] S ┃ CyFrodo [#2] » ну буст от рб какой
[15:23:27] [Client thread/INFO] [CHAT] [Звездочет] MVP ┃ Humzzzter [#123] » x какой у рб
[15:23:28] [Client thread/INFO] [CHAT] [Звездочет] LS ┃ TatoshaMun [#143] » относительно текущего скок x след даст
[15:23:35] [Client thread/INFO] [CHAT] [Планетар] S ┃ CyFrodo [#2] » щас х84.22Q
[15:23:36] [Client thread/INFO] [CHAT] [Звездолов] LS ┃ papo4ka_v_dubae [#1] » 2.4х
[15:23:39] [Client thread/INFO] [CHAT] [Звездочет] LS ┃ TatoshaMun [#143] » а ну ннорм еще
[15:23:41] [Client thread/INFO] [CHAT] [Планетар] S ┃ CyFrodo [#2] » 84.42*
[15:23:46] [Client thread/INFO] [CHAT] [Звездочет] LS ┃ TatoshaMun [#143] » там в конце планеты вроде начнется
[15:23:48] [Client thread/INFO] [CHAT] [Планетар] S ┃ CyFrodo [#2] » а говорил что почти в 4 раза будет ехх
[15:23:52] [Client thread/INFO] [CHAT] [Туманник] heim_123 [#111] » что такое множитель продажы и в чем отличия от бустера денег или они оба бустят деньги и перемножаютсяЮ
[15:23:55] [Client thread/INFO] [CHAT] [Планетар] S ┃ CyFrodo [#2] » в конце планеты можно ливать уже
[15:24:01] [Client thread/INFO] [CHAT] [Звездочет] LS ┃ TatoshaMun [#143] » мб мб
[15:24:07] [Client thread/INFO] [CHAT] [Планетар] S ┃ CyFrodo [#2] » кто нибудь помнит точно с какого рб х3 дается руда
[15:24:07] [Client thread/INFO] [CHAT] [Звездолов] LS ┃ papo4ka_v_dubae [#1] » скоро
[15:24:10] [Client thread/INFO] [CHAT] [Звездолов] LS ┃ papo4ka_v_dubae [#1] » Царская аркания
[15:24:14] [Client thread/INFO] [CHAT] [Галакторик] P ┃ _ЛюбитеКотиков_ [#11] » Спасибо, хорошо.
[15:24:21] [Client thread/INFO] [CHAT] [Звездочет] LS ┃ TatoshaMun [#143] » аркания веселье на 2 недели
[15:24:22] [Client thread/INFO] [CHAT] [Планетар] S ┃ CyFrodo [#2] » что на сцп интересно
[15:24:31] [Client thread/INFO] [CHAT] [Планетар] S ┃ CyFrodo [#2] » неужели реально фулл вайп ребитхи апать
[15:24:35] [Client thread/INFO] [CHAT] [Планетар] S ┃ CyFrodo [#2] » это мне нравится
[15:24:36] [Client thread/INFO] [CHAT] [Звездочет] LS ┃ TatoshaMun [#143] » +
[15:24:38] [Client thread/INFO] [CHAT] [Планетар] S ┃ CyFrodo [#2] » надо ауры покрутить
[15:24:41] [Client thread/INFO] [CHAT] [Планетар] S ┃ CyFrodo [#2] » будет
[15:24:44] [Client thread/INFO] [CHAT] [Звездолов] LS ┃ papo4ka_v_dubae [#1] » че как тебе экономика
[15:24:48] [Client thread/INFO] [CHAT] [Планетар] S ┃ CyFrodo [#2] » а мне нравится
[15:24:49] [Client thread/INFO] [CHAT] [Звездочет] LS ┃ TatoshaMun [#143] » мне норм
[15:24:54] [Client thread/INFO] [CHAT] [Планетар] S ┃ CyFrodo [#2] » лучше чем за 1д 70 рб апнуть и сидеть фулл вайп
[15:24:55] [Client thread/INFO] [CHAT] [Звездолов] LS ┃ papo4ka_v_dubae [#1] » пока что нравится
[15:25:05] [Client thread/INFO] [CHAT] [Туманник] heim_123 [#111] » какую планету надо открыть что бы полностью сумечь выполнить задания с уточками
[15:25:10] [Client thread/INFO] [CHAT] [Звездочет] LS ┃ TatoshaMun [#143] » но надо что то делать с зависимостью от очистов
[15:25:16] [Client thread/INFO] [CHAT] [Планетар] S ┃ CyFrodo [#2] » единственное я понимаю что нет смысла очисты апать как в том вайпе
[15:25:16] [Client thread/INFO] [CHAT] [Звездолов] LS ┃ papo4ka_v_dubae [#1] » почему
[15:25:20] [Client thread/INFO] [CHAT] [Звездолов] LS ┃ papo4ka_v_dubae [#1] » зачем
[15:25:29] [Client thread/INFO] [CHAT] [Звездолов] LS ┃ papo4ka_v_dubae [#1] » это татоше
[15:25:30] [Client thread/INFO] [CHAT] [Звездочет] LS ┃ TatoshaMun [#143] » я подумаю
[15:25:43] [Client thread/INFO] [CHAT] [Гравитатор] P ┃ Tveiv [#157] » шо значит LS
[15:25:47] [Client thread/INFO] [CHAT] [Звездочет] LS ┃ TatoshaMun [#143] » локал стафф
[15:25:47] [Client thread/INFO] [CHAT] [Звездолов] LS ┃ papo4ka_v_dubae [#1] » лоли
[15:26:04] [Client thread/INFO] [CHAT] [Планетар] S ┃ CyFrodo [#2] » как жаль что дк бесполезные
[15:26:08] [Client thread/INFO] [CHAT] [Звездолов] LS ┃ papo4ka_v_dubae [#1] » поч
[15:26:13] [Client thread/INFO] [CHAT] [Звездочет] LS ┃ TatoshaMun [#143] » ну тыщ 100 если закинуть
[15:26:21] [Client thread/INFO] [CHAT] [Галакторик] P ┃ _ЛюбитеКотиков_ [#11] » Спасибо, хорошо.
[15:26:39] [Client thread/INFO] [CHAT] [Звездолов] LS ┃ papo4ka_v_dubae [#1] » 16 доп стат на мифике вкусно
[15:26:40] [Client thread/INFO] [CHAT] [Звездочет] LS ┃ TatoshaMun [#143] » изич бусты не юзал еще???
[15:26:44] [Client thread/INFO] [CHAT] [Звездочет] LS ┃ TatoshaMun [#143] » который любит аню
[15:27:02] [Client thread/INFO] [CHAT] [Звездолов] LS ┃ papo4ka_v_dubae [#1] » жаль
[15:27:20] [Client thread/INFO] [CHAT] [Гравитатор] I ┃ gakll [#165] »  а сколько у вас уже найграно?
[15:27:24] [Client thread/INFO] [CHAT] [Звездолов] LS ┃ papo4ka_v_dubae [#1] » в лс ответы
[15:27:29] [Client thread/INFO] [CHAT] [Гравитатор] I ┃ gakll [#165] »  во как
[15:27:30] [Client thread/INFO] [CHAT] [Планетар] S ┃ CyFrodo [#2] » интресно что можно за 5к с аур выбить
[15:27:35] [Client thread/INFO] [CHAT] [Сириус] GOD ┃ Flowees [#5] » ничего
[15:27:43] [Client thread/INFO] [CHAT] [Сириус] GOD ┃ Flowees [#5] » даж лега не упала
[15:27:45] [Client thread/INFO] [CHAT] [Планетар] S ┃ CyFrodo [#2] » ну я за 9к все выбил кроме мифа в том вайпе
[15:27:48] [Client thread/INFO] [CHAT] [Звездолов] LS ┃ papo4ka_v_dubae [#1] » фродо я на тестовых наверное слил 300к ради 2 мифик ауры
[15:27:49] [Client thread/INFO] [CHAT] [Планетар] S ┃ CyFrodo [#2] » анлак че уж
[15:27:53] [Client thread/INFO] [CHAT] [Сириус] GOD ┃ Flowees [#5] » на 2600 крутил
[15:27:54] [Client thread/INFO] [CHAT] [Планетар] S ┃ CyFrodo [#2] » хавхавха
[15:27:59] [Client thread/INFO] [CHAT] [Планетар] S ┃ CyFrodo [#2] » че реально 300к
[15:27:59] [Client thread/INFO] [CHAT] [Звездочет] V ┃ xqwiol [#137] » где кейсы с аурами можно покупать?
[15:28:03] [Client thread/INFO] [CHAT] [Звездолов] LS ┃ papo4ka_v_dubae [#1] » Даже больше думаю
[15:28:08] [Client thread/INFO] [CHAT] [Планетар] S ┃ CyFrodo [#2] » ну я открыл щас кейсов так 8 наверное
[15:28:10] [Client thread/INFO] [CHAT] [Звездолов] LS ┃ papo4ka_v_dubae [#1] » ну я 20 минут крутил кейс
[15:28:12] [Client thread/INFO] [CHAT] [Планетар] S ┃ CyFrodo [#2] » выбил одну легу какую то
[15:28:14] [Client thread/ERROR] Error on handle event #BXBFw in Mod{name='SpaceTycoon', version='1.0.0+bc67650', persistent=false, delegate=a.a.d.a.a, modState=LOADED}
java.lang.IndexOutOfBoundsException: index: 68, length: 1 (expected: range(0, 68))
	at io.netty.buffer.AbstractByteBuf.checkRangeBounds(AbstractByteBuf.java:1390)
	at io.netty.buffer.AbstractByteBuf.checkIndex0(AbstractByteBuf.java:1397)
	at io.netty.buffer.AbstractUnpooledSlicedByteBuf.getBytes(AbstractUnpooledSlicedByteBuf.java:242)
	at io.netty.buffer.ReadOnlyByteBuf.getBytes(ReadOnlyByteBuf.java:270)
	at io.netty.buffer.ByteBufUtil.decodeString(ByteBufUtil.java:1151)
	at io.netty.buffer.AbstractByteBuf.toString(AbstractByteBuf.java:1246)
	at dev.xdark.feder.NetUtil.readString0(NetUtil.java:833)
	at dev.xdark.feder.NetUtil.readUtf8(NetUtil.java:188)
	at SpaceTycoon-v1.0.0+bc67650//a.a.a.m.a.f(SourceFile:176)
	at SpaceTycoon-v1.0.0+bc67650//a.a.d.a.e.h.b.d(SourceFile:60)
	at SpaceTycoon-v1.0.0+bc67650//a.a.d.a.e.h.b.injectedLambda$d$3(SourceFile)
	at SpaceTycoon-v1.0.0+bc67650//a.a.a.m.a.b(SourceFile:58)
	at SpaceTycoon-v1.0.0+bc67650//a.a.a.m.a.injectedLambda$b$0(SourceFile)
	at #RaGIl.saYo(SourceFile:83)
	at #hvoSL.bBM(Unknown Source)
	at #hvoSL.accept(Unknown Source)
	at #ykMcj.slwQ(SourceFile:105)
	at #BrtKi.laL(Unknown Source)
	at #BrtKi.accept(Unknown Source)
	at #SmDYl.shof(SourceFile:59)
	at #vxdAh.blq(SourceFile)
	at #DRZva.smvZ(SourceFile:89)
	at #WblDI.sciG(SourceFile:100)
	at #DDMvh.hcz(SourceFile)
	at #GXpIT.slFh(SourceFile:75)
	at #acUkE.drn(SourceFile:650)
	at #qKRzt.skLS(Unknown Source:2396)
	at #hyWbW.satX(SourceFile:1837)
	at #RofNI.dB(SourceFile:43)
	at #GLnhB.run(SourceFile:32)
	at #GILEo.saUt(Unknown Source:40)
	at #sJuki.sfWB(SourceFile:11)
	at java.base/java.util.concurrent.FutureTask.run(Unknown Source)
	at #bfAok.sjvn(SourceFile:45)
	at #ptzkp.gXZ(SourceFile:52)
	at #gZdVe.sbpI(SourceFile:1466)
	at #UDDPE.sdDd(Unknown Source:1632)
	at #GMfdJ.sask(SourceFile:487)
	at net.minecraft.client.main.GameMain.iwR(SourceFile:220)
	at net.minecraft.client.main.GameMain.jtH(SourceFile:156)
	at #ZpHYL.i(Unknown Source)
	at #ZpHYL.run(Unknown Source)
	at java.base/java.lang.Thread.run(Unknown Source)
[15:28:35] [Client thread/INFO] [CHAT] [Звездочет] LS ┃ TatoshaMun [#143] » ого ключ аур с колеса
[15:28:38] [Client thread/INFO] [CHAT] [Звездочет] LS ┃ TatoshaMun [#143] » и причем реально дали
[15:28:42] [Client thread/INFO] [CHAT] [Звездолов] LS ┃ papo4ka_v_dubae [#1] » жаль
[15:28:44] [Client thread/INFO] [CHAT] [Ветер] MVP+ ┃ XXXXXXLoonDanya [#16] » клянись
[15:28:46] [Client thread/INFO] [CHAT] [Звездочет] LS ┃ TatoshaMun [#143] » клянусь
[15:28:51] [Client thread/INFO] [CHAT] [Звездолов] LS ┃ papo4ka_v_dubae [#1] » кем
[15:28:57] [Client thread/INFO] [CHAT] [Звездочет] LS ┃ TatoshaMun [#143] » мамой
[15:29:00] [Client thread/INFO] [CHAT] [Звездолов] LS ┃ papo4ka_v_dubae [#1] » чьей
[15:29:01] [Client thread/INFO] [CHAT] [Планетар] S ┃ CyFrodo [#2] » дайте мифик ауру
[15:29:05] [Client thread/INFO] [CHAT] [Планетар] S ┃ CyFrodo [#2] » последнюю
[15:29:06] [Client thread/INFO] [CHAT] [Звездочет] LS ┃ TatoshaMun [#143] » неважно
[15:29:17] [Client thread/INFO] [CHAT] [Сверхновая] I ┃ scp22 [#74] » для чего нужны токены?
[15:29:44] [Client thread/INFO] [CHAT] [Планетар] S ┃ CyFrodo [#2] » чет давно в казино не проигрывал
[15:29:46] [Client thread/INFO] [CHAT] [Галакторик] P ┃ _ЛюбитеКотиков_ [#11] » Спасибо, хорошо.
[15:29:49] [Client thread/INFO] [CHAT] [Звездолов] LS ┃ papo4ka_v_dubae [#1] » Кто
[15:30:06] [Client thread/INFO] [CHAT] [Галакторик] P ┃ _ЛюбитеКотиков_ [#11] » бог давай говори куда ставить
[15:30:13] [Client thread/INFO] [CHAT] [Звездолов] LS ┃ papo4ka_v_dubae [#1] » чет
[15:30:15] [Client thread/INFO] [CHAT] [Сверхновая] I ┃ scp22 [#74] » для чего нужны токены?
[15:30:19] [Client thread/INFO] [CHAT] [Звездолов] LS ┃ papo4ka_v_dubae [#1] » для покера
[15:30:22] [Client thread/INFO] [CHAT] [Звездолов] LS ┃ papo4ka_v_dubae [#1] » и все
[15:30:30] [Client thread/INFO] [CHAT] [Звездочет] LS ┃ TatoshaMun [#143] » я депаю на рб
[15:30:34] [Client thread/INFO] [CHAT] [Звездочет] LS ┃ TatoshaMun [#143] » 2.4Q
[15:30:39] [Client thread/INFO] [CHAT] [Звездолов] LS ┃ papo4ka_v_dubae [#1] » а рб стоит 4q
[15:30:54] [Client thread/INFO] [CHAT] [Галакторик] P ┃ _ЛюбитеКотиков_ [#11] » мде
[15:30:59] [Client thread/INFO] [CHAT] [Галакторик] P ┃ _ЛюбитеКотиков_ [#11] » ну ты и олух
[15:31:03] [Client thread/INFO] [CHAT] [Звездолов] LS ┃ papo4ka_v_dubae [#1] » эм
[15:31:09] [Client thread/INFO] [CHAT] [Планетар] S ┃ CyFrodo [#2] » эх 4у проиграл
[15:31:10] [Client thread/ERROR] Error on handle event #BXBFw in Mod{name='SpaceTycoon', version='1.0.0+bc67650', persistent=false, delegate=a.a.d.a.a, modState=LOADED}
java.lang.IndexOutOfBoundsException: index: 68, length: 1 (expected: range(0, 68))
	at io.netty.buffer.AbstractByteBuf.checkRangeBounds(AbstractByteBuf.java:1390)
	at io.netty.buffer.AbstractByteBuf.checkIndex0(AbstractByteBuf.java:1397)
	at io.netty.buffer.AbstractUnpooledSlicedByteBuf.getBytes(AbstractUnpooledSlicedByteBuf.java:242)
	at io.netty.buffer.ReadOnlyByteBuf.getBytes(ReadOnlyByteBuf.java:270)
	at io.netty.buffer.ByteBufUtil.decodeString(ByteBufUtil.java:1151)
	at io.netty.buffer.AbstractByteBuf.toString(AbstractByteBuf.java:1246)
	at dev.xdark.feder.NetUtil.readString0(NetUtil.java:833)
	at dev.xdark.feder.NetUtil.readUtf8(NetUtil.java:188)
	at SpaceTycoon-v1.0.0+bc67650//a.a.a.m.a.f(SourceFile:176)
	at SpaceTycoon-v1.0.0+bc67650//a.a.d.a.e.h.b.d(SourceFile:60)
	at SpaceTycoon-v1.0.0+bc67650//a.a.d.a.e.h.b.injectedLambda$d$3(SourceFile)
	at SpaceTycoon-v1.0.0+bc67650//a.a.a.m.a.b(SourceFile:58)
	at SpaceTycoon-v1.0.0+bc67650//a.a.a.m.a.injectedLambda$b$0(SourceFile)
	at #RaGIl.saYo(SourceFile:83)
	at #hvoSL.bBM(Unknown Source)
	at #hvoSL.accept(Unknown Source)
	at #ykMcj.slwQ(SourceFile:105)
	at #BrtKi.laL(Unknown Source)
	at #BrtKi.accept(Unknown Source)
	at #SmDYl.shof(SourceFile:59)
	at #vxdAh.blq(SourceFile)
	at #DRZva.smvZ(SourceFile:89)
	at #WblDI.sciG(SourceFile:100)
	at #DDMvh.hcz(SourceFile)
	at #GXpIT.slFh(SourceFile:75)
	at #acUkE.drn(SourceFile:650)
	at #qKRzt.skLS(Unknown Source:2396)
	at #hyWbW.satX(SourceFile:1837)
	at #RofNI.dB(SourceFile:43)
	at #GLnhB.run(SourceFile:32)
	at #GILEo.saUt(Unknown Source:40)
	at #sJuki.sfWB(SourceFile:11)
	at java.base/java.util.concurrent.FutureTask.run(Unknown Source)
	at #bfAok.sjvn(SourceFile:45)
	at #ptzkp.gXZ(SourceFile:52)
	at #gZdVe.sbpI(SourceFile:1466)
	at #UDDPE.sdDd(Unknown Source:1632)
	at #GMfdJ.sask(SourceFile:487)
	at net.minecraft.client.main.GameMain.iwR(SourceFile:220)
	at net.minecraft.client.main.GameMain.jtH(SourceFile:156)
	at #ZpHYL.i(Unknown Source)
	at #ZpHYL.run(Unknown Source)
	at java.base/java.lang.Thread.run(Unknown Source)
[15:31:11] [Client thread/INFO] [CHAT] [Галакторик] P ┃ _ЛюбитеКотиков_ [#11] » не правельные у тебя ответы
[15:31:23] [Client thread/INFO] [CHAT] [Звездолов] LS ┃ papo4ka_v_dubae [#1] » ставь 30u
[15:31:25] [Client thread/INFO] [CHAT] [Планетар] S ┃ CyFrodo [#2] » еще 40у до рб какой отстой
[15:31:26] [Client thread/INFO] [CHAT] [Звездолов] LS ┃ papo4ka_v_dubae [#1] » выиграешь
[15:31:28] [Client thread/INFO] [CHAT] [Звездочет] LS ┃ TatoshaMun [#144] » я проигралл
[15:31:31] [Client thread/INFO] [CHAT] [Планетар] S ┃ CyFrodo [#2] » не хочуу
[15:31:36] [Client thread/INFO] [CHAT] [Планетар] S ┃ CyFrodo [#2] » 2 раза на черное ставил проиграл
[15:31:38] [Client thread/INFO] [CHAT] [Звездолов] LS ┃ papo4ka_v_dubae [#1] » татоша проиграл = ты выиграешь
[15:31:47] [Client thread/INFO] [CHAT] [Гравитатор] V ┃ AmirYTlogin [#156] » надо на 3 сектор ставить
[15:31:53] [Client thread/INFO] [CHAT] [Гравитатор] V ┃ AmirYTlogin [#156] » это считай 100% победы
[15:31:55] [Client thread/INFO] [CHAT] [Планетар] S ┃ CyFrodo [#2] » здесь вообще казино скриптованно ужасно
[15:32:04] [Client thread/INFO] [CHAT] [Звездочет] LS ┃ TatoshaMun [#144] » там нету подкрутки
[15:32:07] [Client thread/INFO] [CHAT] [Планетар] S ┃ CyFrodo [#2] » дада
[15:32:11] [Client thread/INFO] [CHAT] [Звездолов] LS ┃ papo4ka_v_dubae [#1] » как же ты врешь
[15:32:13] [Client thread/INFO] [CHAT] [Планетар] S ┃ CyFrodo [#2] » дилер 5 раз подряд 21 выдает
[15:32:18] [Client thread/INFO] [CHAT] [Гравитатор] V ┃ AmirYTlogin [#156] » так ставь
[15:32:21] [Client thread/INFO] [CHAT] [Звездочет] LS ┃ TatoshaMun [#144] » ну он шуллер
[15:32:26] [Client thread/INFO] [CHAT] [Звездочет] LS ┃ TatoshaMun [#144] » его спалить надо и боунс будет
[15:32:44] [Client thread/INFO] [CHAT] [Звездолов] LS ┃ papo4ka_v_dubae [#1] » бонус кик из казино?
[15:32:57] [Client thread/INFO] [CHAT] [Звездочет] LS ┃ TatoshaMun [#144] » анимка будет как вышибаллы тебя выкидывают
[15:33:06] [Client thread/INFO] [CHAT] [Галакторик] P ┃ _ЛюбитеКотиков_ [#11] » круто
[15:33:12] [Client thread/INFO] [CHAT] [Ветер] D ┃ HardStorm [#14] » И все рб отнимают
[15:33:16] [Client thread/INFO] [CHAT] [Планетар] S ┃ CyFrodo [#2] » ура я выиграл с 1у 2.85у
[15:33:26] [Client thread/INFO] [CHAT] [Звездолов] LS ┃ papo4ka_v_dubae [#1] » в теории
[15:33:27] [Client thread/INFO] [CHAT] [Звездочет] LS ┃ TatoshaMun [#144] » а мог 400u поставить
[15:33:30] [Client thread/INFO] [CHAT] [Гравитатор] I ┃ gakll [#165] »  как так можно
[15:33:37] [Client thread/INFO] [CHAT] [Звездолов] LS ┃ papo4ka_v_dubae [#1] » мог выиграть 2.85Dc
[15:33:45] [Client thread/INFO] [CHAT] [Планетар] S ┃ CyFrodo [#2] » ура я проиграл
[15:33:50] [Client thread/INFO] [CHAT] [Звездолов] LS ┃ papo4ka_v_dubae [#1] » фулл рб?
[15:33:51] [Client thread/INFO] [CHAT] [Звездочет] LS ┃ TatoshaMun [#144] » весь баланс надеюсь
[15:33:52] [Client thread/INFO] [CHAT] [Планетар] S ┃ CyFrodo [#2] » не
[15:33:57] [Client thread/INFO] [CHAT] [Звездолов] LS ┃ papo4ka_v_dubae [#1] » жаль
[15:34:04] [Client thread/INFO] [CHAT] [Планетар] S ┃ CyFrodo [#2] » надо в мины поиграться на 1у
[15:34:22] [Client thread/INFO] [CHAT] [Звездолов] LS ┃ papo4ka_v_dubae [#1] » я так 50u заработал
[15:34:27] [Client thread/INFO] [CHAT] [Звездочет] LS ┃ TatoshaMun [#144] » а потом слил 100
[15:34:36] [Client thread/INFO] [CHAT] [Звездолов] LS ┃ papo4ka_v_dubae [#1] » а это лучше незнать
[15:34:39] [Client thread/INFO] [CHAT] [Планетар] S ┃ CyFrodo [#2] » ладно в жопу 4 раза слил
[15:34:51] [Client thread/INFO] [CHAT] [Планетар] S ┃ CyFrodo [#2] » за 3 монеты х6 какое то говно
[15:34:54] [Client thread/INFO] [CHAT] [Галакторик] P ┃ _ЛюбитеКотиков_ [#11] » 2 раз 23 дало
[15:34:55] [Client thread/INFO] [CHAT] [Планетар] S ┃ CyFrodo [#2] » вы че с минами наделали
[15:34:58] [Client thread/INFO] [CHAT] [Галакторик] P ┃ _ЛюбитеКотиков_ [#11] » лол
[15:34:58] [Client thread/INFO] [CHAT] [Планетар] S ┃ CyFrodo [#2] » раньше х11 было
[15:35:09] [Client thread/INFO] [CHAT] [Планетар] S ┃ CyFrodo [#2] » ой за 3 монеты
[15:35:10] [Client thread/INFO] [CHAT] [Звездолов] LS ┃ papo4ka_v_dubae [#1] » эх
[15:35:13] [Client thread/INFO] [CHAT] [Планетар] S ┃ CyFrodo [#2] » на 12 мин
[15:35:19] [Client thread/INFO] [CHAT] [Звездочет] LS ┃ TatoshaMun [#144] » мины 2 вайпа не менялись уже
[15:35:20] [Client thread/INFO] [CHAT] [Гравитатор] P+ ┃ JIucen0k [#160] » Врываюсь в топы
[15:35:29] [Client thread/INFO] [CHAT] [Галакторик] P ┃ _ЛюбитеКотиков_ [#11] » ок
[15:35:49] [Client thread/ERROR] Error on handle event #BXBFw in Mod{name='SpaceTycoon', version='1.0.0+bc67650', persistent=false, delegate=a.a.d.a.a, modState=LOADED}
java.lang.AbstractMethodError: Receiver class a.a.d.a.e.g.c does not define or inherit an implementation of the resolved method 'abstract java.lang.Object invoke(java.lang.Object)' of interface kotlin.jvm.functions.Function1.
	at SpaceTycoon-v1.0.0+bc67650//a.a.d.a.e.g.b.a(SourceFile:46)
	at SpaceTycoon-v1.0.0+bc67650//a.a.d.a.e.g.b.injectedLambda$a$3(SourceFile)
	at java.base/java.util.HashMap$Values.forEach(Unknown Source)
	at SpaceTycoon-v1.0.0+bc67650//a.a.d.a.e.g.b.b(SourceFile:46)
	at SpaceTycoon-v1.0.0+bc67650//a.a.d.a.e.g.b.b(SourceFile:34)
	at SpaceTycoon-v1.0.0+bc67650//a.a.d.a.e.g.b.injectedLambda$b$1(SourceFile)
	at SpaceTycoon-v1.0.0+bc67650//a.a.a.m.a.b(SourceFile:58)
	at SpaceTycoon-v1.0.0+bc67650//a.a.a.m.a.injectedLambda$b$0(SourceFile)
	at #RaGIl.saYo(SourceFile:83)
	at #hvoSL.bBM(Unknown Source)
	at #hvoSL.accept(Unknown Source)
	at #ykMcj.slwQ(SourceFile:105)
	at #BrtKi.laL(Unknown Source)
	at #BrtKi.accept(Unknown Source)
	at #SmDYl.shof(SourceFile:59)
	at #vxdAh.blq(SourceFile)
	at #DRZva.smvZ(SourceFile:89)
	at #WblDI.sciG(SourceFile:100)
	at #DDMvh.hcz(SourceFile)
	at #GXpIT.slFh(SourceFile:75)
	at #acUkE.drn(SourceFile:650)
	at #qKRzt.skLS(Unknown Source:2396)
	at #hyWbW.satX(SourceFile:1837)
	at #RofNI.dB(SourceFile:43)
	at #GLnhB.run(SourceFile:32)
	at #GILEo.saUt(Unknown Source:40)
	at #sJuki.sfWB(SourceFile:11)
	at java.base/java.util.concurrent.FutureTask.run(Unknown Source)
	at #bfAok.sjvn(SourceFile:45)
	at #ptzkp.gXZ(SourceFile:52)
	at #gZdVe.sbpI(SourceFile:1466)
	at #UDDPE.sdDd(Unknown Source:1632)
	at #GMfdJ.sask(SourceFile:487)
	at net.minecraft.client.main.GameMain.iwR(SourceFile:220)
	at net.minecraft.client.main.GameMain.jtH(SourceFile:156)
	at #ZpHYL.i(Unknown Source)
	at #ZpHYL.run(Unknown Source)
	at java.base/java.lang.Thread.run(Unknown Source)
[15:35:49] [Client thread/ERROR] Error on handle event #BXBFw in Mod{name='SpaceTycoon', version='1.0.0+bc67650', persistent=false, delegate=a.a.d.a.a, modState=LOADED}
java.lang.AbstractMethodError: Receiver class a.a.d.a.e.g.c does not define or inherit an implementation of the resolved method 'abstract java.lang.Object invoke(java.lang.Object)' of interface kotlin.jvm.functions.Function1.
	at SpaceTycoon-v1.0.0+bc67650//a.a.d.a.e.g.b.a(SourceFile:46)
	at SpaceTycoon-v1.0.0+bc67650//a.a.d.a.e.g.b.injectedLambda$a$3(SourceFile)
	at java.base/java.util.HashMap$Values.forEach(Unknown Source)
	at SpaceTycoon-v1.0.0+bc67650//a.a.d.a.e.g.b.b(SourceFile:46)
	at SpaceTycoon-v1.0.0+bc67650//a.a.d.a.e.g.b.a(SourceFile:21)
	at SpaceTycoon-v1.0.0+bc67650//a.a.d.a.e.g.b.injectedLambda$a$0(SourceFile)
	at SpaceTycoon-v1.0.0+bc67650//a.a.a.m.a.b(SourceFile:58)
	at SpaceTycoon-v1.0.0+bc67650//a.a.a.m.a.injectedLambda$b$0(SourceFile)
	at #RaGIl.saYo(SourceFile:83)
	at #hvoSL.bBM(Unknown Source)
	at #hvoSL.accept(Unknown Source)
	at #ykMcj.slwQ(SourceFile:105)
	at #BrtKi.laL(Unknown Source)
	at #BrtKi.accept(Unknown Source)
	at #SmDYl.shof(SourceFile:59)
	at #vxdAh.blq(SourceFile)
	at #DRZva.smvZ(SourceFile:89)
	at #WblDI.sciG(SourceFile:100)
	at #DDMvh.hcz(SourceFile)
	at #GXpIT.slFh(SourceFile:75)
	at #acUkE.drn(SourceFile:650)
	at #qKRzt.skLS(Unknown Source:2396)
	at #hyWbW.satX(SourceFile:1837)
	at #RofNI.dB(SourceFile:43)
	at #GLnhB.run(SourceFile:32)
	at #GILEo.saUt(Unknown Source:40)
	at #sJuki.sfWB(SourceFile:11)
	at java.base/java.util.concurrent.FutureTask.run(Unknown Source)
	at #bfAok.sjvn(SourceFile:45)
	at #ptzkp.gXZ(SourceFile:52)
	at #gZdVe.sbpI(SourceFile:1466)
	at #UDDPE.sdDd(Unknown Source:1632)
	at #GMfdJ.sask(SourceFile:487)
	at net.minecraft.client.main.GameMain.iwR(SourceFile:220)
	at net.minecraft.client.main.GameMain.jtH(SourceFile:156)
	at #ZpHYL.i(Unknown Source)
	at #ZpHYL.run(Unknown Source)
	at java.base/java.lang.Thread.run(Unknown Source)
[15:35:58] [Client thread/INFO] [CHAT] [Галакторик] P ┃ _ЛюбитеКотиков_ [#11] » час в афк и рб будет
[15:36:00] [Client thread/INFO] [CHAT] [Звездолов] LS ┃ papo4ka_v_dubae [#1] » мины раньше были слишком имбовые
[15:36:24] [Client thread/INFO] [CHAT] [Звездочет] LS ┃ TatoshaMun [#145] » там можно было дюпать
[15:36:29] [Client thread/INFO] [CHAT] [Планетар] S ┃ CyFrodo [#2] » я на минах рбшки апал
[15:36:37] [Client thread/ERROR] Error on handle event #BXBFw in Mod{name='SpaceTycoon', version='1.0.0+bc67650', persistent=false, delegate=a.a.d.a.a, modState=LOADED}
java.lang.IndexOutOfBoundsException: index: 68, length: 1 (expected: range(0, 68))
	at io.netty.buffer.AbstractByteBuf.checkRangeBounds(AbstractByteBuf.java:1390)
	at io.netty.buffer.AbstractByteBuf.checkIndex0(AbstractByteBuf.java:1397)
	at io.netty.buffer.AbstractUnpooledSlicedByteBuf.getBytes(AbstractUnpooledSlicedByteBuf.java:242)
	at io.netty.buffer.ReadOnlyByteBuf.getBytes(ReadOnlyByteBuf.java:270)
	at io.netty.buffer.ByteBufUtil.decodeString(ByteBufUtil.java:1151)
	at io.netty.buffer.AbstractByteBuf.toString(AbstractByteBuf.java:1246)
	at dev.xdark.feder.NetUtil.readString0(NetUtil.java:833)
	at dev.xdark.feder.NetUtil.readUtf8(NetUtil.java:188)
	at SpaceTycoon-v1.0.0+bc67650//a.a.a.m.a.f(SourceFile:176)
	at SpaceTycoon-v1.0.0+bc67650//a.a.d.a.e.h.b.d(SourceFile:60)
	at SpaceTycoon-v1.0.0+bc67650//a.a.d.a.e.h.b.injectedLambda$d$3(SourceFile)
	at SpaceTycoon-v1.0.0+bc67650//a.a.a.m.a.b(SourceFile:58)
	at SpaceTycoon-v1.0.0+bc67650//a.a.a.m.a.injectedLambda$b$0(SourceFile)
	at #RaGIl.saYo(SourceFile:83)
	at #hvoSL.bBM(Unknown Source)
	at #hvoSL.accept(Unknown Source)
	at #ykMcj.slwQ(SourceFile:105)
	at #BrtKi.laL(Unknown Source)
	at #BrtKi.accept(Unknown Source)
	at #SmDYl.shof(SourceFile:59)
	at #vxdAh.blq(SourceFile)
	at #DRZva.smvZ(SourceFile:89)
	at #WblDI.sciG(SourceFile:100)
	at #DDMvh.hcz(SourceFile)
	at #GXpIT.slFh(SourceFile:75)
	at #acUkE.drn(SourceFile:650)
	at #qKRzt.skLS(Unknown Source:2396)
	at #hyWbW.satX(SourceFile:1837)
	at #RofNI.dB(SourceFile:43)
	at #GLnhB.run(SourceFile:32)
	at #GILEo.saUt(Unknown Source:40)
	at #sJuki.sfWB(SourceFile:11)
	at java.base/java.util.concurrent.FutureTask.run(Unknown Source)
	at #bfAok.sjvn(SourceFile:45)
	at #ptzkp.gXZ(SourceFile:52)
	at #gZdVe.sbpI(SourceFile:1466)
	at #UDDPE.sdDd(Unknown Source:1632)
	at #GMfdJ.sask(SourceFile:487)
	at net.minecraft.client.main.GameMain.iwR(SourceFile:220)
	at net.minecraft.client.main.GameMain.jtH(SourceFile:156)
	at #ZpHYL.i(Unknown Source)
	at #ZpHYL.run(Unknown Source)
	at java.base/java.lang.Thread.run(Unknown Source)
[15:36:38] [Client thread/INFO] [CHAT] [Планетар] S ┃ CyFrodo [#2] » правда одну всего сделал сложную
[15:37:29] [Client thread/INFO] [CHAT] [Галакторик] P ┃ _ЛюбитеКотиков_ [#11] » сколько бомб на минах
[15:37:33] [Client thread/INFO] [CHAT] [Галакторик] P ┃ _ЛюбитеКотиков_ [#11] » ставить
[15:37:39] [Client thread/INFO] [CHAT] [Звездочет] LS ┃ TatoshaMun [#145] » 12
[15:37:39] [Client thread/INFO] [CHAT] [Звездолов] LS ┃ papo4ka_v_dubae [#1] » 14
[15:37:52] [Client thread/INFO] [CHAT] [Планетар] S ┃ CyFrodo [#2] » я на 12 вроде поднимался
[15:37:55] [Client thread/INFO] [CHAT] [Планетар] S ┃ CyFrodo [#2] » по 3-4 монеты ловил
[15:38:10] [Client thread/INFO] [CHAT] [Звездолов] LS ┃ papo4ka_v_dubae [#1] » а ты че фродо выиграл чтоли
[15:38:13] [Client thread/INFO] [CHAT] [Галакторик] P ┃ _ЛюбитеКотиков_ [#11] » ну..
[15:38:17] [Client thread/INFO] [CHAT] [Звездолов] LS ┃ papo4ka_v_dubae [#1] » я слил 10u а в казе -3u
[15:38:54] [Client thread/INFO] [CHAT] [Планетар] S ┃ CyFrodo [#2] » до меня в казе было слито 200д и то моих, как так
[15:39:31] [Client thread/INFO] [CHAT] [Звездолов] LS ┃ papo4ka_v_dubae [#1] » как потянуть цену кейс на лазурия
[15:39:39] [Client thread/INFO] [CHAT] [Планетар] S ┃ CyFrodo [#2] » как же все застрянут емае
[15:39:44] [Client thread/INFO] [CHAT] [Туманник] heim_123 [#111] » во что лучше играть в казино?
[15:39:44] [Client thread/INFO] [CHAT] [Пульсар] HE ┃ NicknameTaken [#28] » кристаликами
[15:39:56] [Client thread/INFO] [CHAT] [Звездочет] LS ┃ TatoshaMun [#145] » бог скок мешков на рб надо купить
[15:39:59] [Client thread/INFO] [CHAT] [Звездочет] LS ┃ TatoshaMun [#145] » больших
[15:40:01] [Client thread/INFO] [CHAT] [Звездолов] LS ┃ papo4ka_v_dubae [#1] » 20
[15:40:09] [Client thread/INFO] [CHAT] [Планетар] S ┃ CyFrodo [#2] » мне надо мешков 20 с нуля
[15:40:14] [Client thread/INFO] [CHAT] [Планетар] S ┃ CyFrodo [#2] » ну 1к на рб нормально
[15:40:17] [Client thread/INFO] [CHAT] [Планетар] S ┃ CyFrodo [#2] » кто делает
[15:40:22] [Client thread/INFO] [CHAT] [Звездолов] LS ┃ papo4ka_v_dubae [#1] » демастер
[15:40:45] [Client thread/INFO] [CHAT] [Звездолов] LS ┃ papo4ka_v_dubae [#1] » скоро конц розыгрыша на сао я 100% выиграл
[15:40:56] [Client thread/INFO] [CHAT] [Звездочет] LS ┃ TatoshaMun [#145] » скок билетов у тебя
[15:41:00] [Client thread/INFO] [CHAT] [Звездолов] LS ┃ papo4ka_v_dubae [#1] » 1
[15:41:13] [Client thread/INFO] [CHAT] [Союз] HE ┃ NicknameTaken [#28] » 100% выиграл
[15:41:18] [Client thread/INFO] [CHAT] [Звездочет] LS ┃ TatoshaMun [#145] » видюху
[15:41:28] [Client thread/INFO] [CHAT] [Звездолов] LS ┃ papo4ka_v_dubae [#1] » видюху да надо
[15:41:37] [Client thread/INFO] [CHAT] [Звездолов] LS ┃ papo4ka_v_dubae [#1] » на новый пк
[15:41:41] [Client thread/INFO] [CHAT] [Странник] Makoron05 [#343] » я как понимаю на корабле только казино есть?
[15:41:57] [Client thread/INFO] [CHAT] [Звездочет] LS ┃ TatoshaMun [#146] » забери видюху кристалликами и попроси на татошу выдать
[15:42:03] [Client thread/INFO] [CHAT] [Звездолов] LS ┃ papo4ka_v_dubae [#1] » там еще есть ежедневное колесо, кейс от аур и утки
[15:42:11] [Client thread/INFO] [CHAT] [Странник] Makoron05 [#336] » понял
[15:42:32] [Client thread/INFO] [CHAT]  Каждая уточка дает +1 к крутости. Факт. 
[15:42:40] [Client thread/INFO] [CHAT] [Звездолов] LS ┃ papo4ka_v_dubae [#1] » кстати
[15:42:53] [Client thread/INFO] [CHAT] [Звездолов] LS ┃ papo4ka_v_dubae [#1] » а зачем делают "сапер" и тестят его
[15:43:06] [Client thread/INFO] [STDOUT]: a.a.d.a.c.a.f.a.i@6044ed3a
[15:43:11] [Client thread/INFO] [CHAT] [Звездочет] LS ┃ TatoshaMun [#146] » он по моему в тестах и останется
[15:43:19] [Client thread/ERROR] Error on handle event #BXBFw in Mod{name='SpaceTycoon', version='1.0.0+bc67650', persistent=false, delegate=a.a.d.a.a, modState=LOADED}
java.lang.AbstractMethodError: Receiver class a.a.d.a.e.g.c does not define or inherit an implementation of the resolved method 'abstract java.lang.Object invoke(java.lang.Object)' of interface kotlin.jvm.functions.Function1.
	at SpaceTycoon-v1.0.0+bc67650//a.a.d.a.e.g.b.a(SourceFile:46)
	at SpaceTycoon-v1.0.0+bc67650//a.a.d.a.e.g.b.injectedLambda$a$3(SourceFile)
	at java.base/java.util.HashMap$Values.forEach(Unknown Source)
	at SpaceTycoon-v1.0.0+bc67650//a.a.d.a.e.g.b.b(SourceFile:46)
	at SpaceTycoon-v1.0.0+bc67650//a.a.d.a.e.g.b.b(SourceFile:34)
	at SpaceTycoon-v1.0.0+bc67650//a.a.d.a.e.g.b.injectedLambda$b$1(SourceFile)
	at SpaceTycoon-v1.0.0+bc67650//a.a.a.m.a.b(SourceFile:58)
	at SpaceTycoon-v1.0.0+bc67650//a.a.a.m.a.injectedLambda$b$0(SourceFile)
	at #RaGIl.saYo(SourceFile:83)
	at #hvoSL.bBM(Unknown Source)
	at #hvoSL.accept(Unknown Source)
	at #ykMcj.slwQ(SourceFile:105)
	at #BrtKi.laL(Unknown Source)
	at #BrtKi.accept(Unknown Source)
	at #SmDYl.shof(SourceFile:59)
	at #vxdAh.blq(SourceFile)
	at #DRZva.smvZ(SourceFile:89)
	at #WblDI.sciG(SourceFile:100)
	at #DDMvh.hcz(SourceFile)
	at #GXpIT.slFh(SourceFile:75)
	at #acUkE.drn(SourceFile:650)
	at #qKRzt.skLS(Unknown Source:2396)
	at #hyWbW.satX(SourceFile:1837)
	at #RofNI.dB(SourceFile:43)
	at #GLnhB.run(SourceFile:32)
	at #GILEo.saUt(Unknown Source:40)
	at #sJuki.sfWB(SourceFile:11)
	at java.base/java.util.concurrent.FutureTask.run(Unknown Source)
	at #bfAok.sjvn(SourceFile:45)
	at #ptzkp.gXZ(SourceFile:52)
	at #gZdVe.sbpI(SourceFile:1466)
	at #UDDPE.sdDd(Unknown Source:1632)
	at #GMfdJ.sask(SourceFile:487)
	at net.minecraft.client.main.GameMain.iwR(SourceFile:220)
	at net.minecraft.client.main.GameMain.jtH(SourceFile:156)
	at #ZpHYL.i(Unknown Source)
	at #ZpHYL.run(Unknown Source)
	at java.base/java.lang.Thread.run(Unknown Source)
[15:43:19] [Client thread/ERROR] Error on handle event #BXBFw in Mod{name='SpaceTycoon', version='1.0.0+bc67650', persistent=false, delegate=a.a.d.a.a, modState=LOADED}
java.lang.AbstractMethodError: Receiver class a.a.d.a.e.g.c does not define or inherit an implementation of the resolved method 'abstract java.lang.Object invoke(java.lang.Object)' of interface kotlin.jvm.functions.Function1.
	at SpaceTycoon-v1.0.0+bc67650//a.a.d.a.e.g.b.a(SourceFile:46)
	at SpaceTycoon-v1.0.0+bc67650//a.a.d.a.e.g.b.injectedLambda$a$3(SourceFile)
	at java.base/java.util.HashMap$Values.forEach(Unknown Source)
	at SpaceTycoon-v1.0.0+bc67650//a.a.d.a.e.g.b.b(SourceFile:46)
	at SpaceTycoon-v1.0.0+bc67650//a.a.d.a.e.g.b.a(SourceFile:21)
	at SpaceTycoon-v1.0.0+bc67650//a.a.d.a.e.g.b.injectedLambda$a$0(SourceFile)
	at SpaceTycoon-v1.0.0+bc67650//a.a.a.m.a.b(SourceFile:58)
	at SpaceTycoon-v1.0.0+bc67650//a.a.a.m.a.injectedLambda$b$0(SourceFile)
	at #RaGIl.saYo(SourceFile:83)
	at #hvoSL.bBM(Unknown Source)
	at #hvoSL.accept(Unknown Source)
	at #ykMcj.slwQ(SourceFile:105)
	at #BrtKi.laL(Unknown Source)
	at #BrtKi.accept(Unknown Source)
	at #SmDYl.shof(SourceFile:59)
	at #vxdAh.blq(SourceFile)
	at #DRZva.smvZ(SourceFile:89)
	at #WblDI.sciG(SourceFile:100)
	at #DDMvh.hcz(SourceFile)
	at #GXpIT.slFh(SourceFile:75)
	at #acUkE.drn(SourceFile:650)
	at #qKRzt.skLS(Unknown Source:2396)
	at #hyWbW.satX(SourceFile:1837)
	at #RofNI.dB(SourceFile:43)
	at #GLnhB.run(SourceFile:32)
	at #GILEo.saUt(Unknown Source:40)
	at #sJuki.sfWB(SourceFile:11)
	at java.base/java.util.concurrent.FutureTask.run(Unknown Source)
	at #bfAok.sjvn(SourceFile:45)
	at #ptzkp.gXZ(SourceFile:52)
	at #gZdVe.sbpI(SourceFile:1466)
	at #UDDPE.sdDd(Unknown Source:1632)
	at #GMfdJ.sask(SourceFile:487)
	at net.minecraft.client.main.GameMain.iwR(SourceFile:220)
	at net.minecraft.client.main.GameMain.jtH(SourceFile:156)
	at #ZpHYL.i(Unknown Source)
	at #ZpHYL.run(Unknown Source)
	at java.base/java.lang.Thread.run(Unknown Source)
[15:43:21] [Client thread/INFO] [CHAT] [Звездолов] LS ┃ papo4ka_v_dubae [#1] » он то пропадает то появляется
[15:43:22] [Client thread/INFO] [CHAT] [Планетар] S ┃ CyFrodo [#2] » не хочу копать
[15:43:26] [Client thread/INFO] [CHAT] [Туманник] D ┃ PotomPridumayu [#101] » хочешь
[15:43:26] [Client thread/INFO] [CHAT] [Планетар] S ┃ CyFrodo [#2] » мне надо по делам бежать блин
[15:43:26] [Client thread/INFO] [CHAT] [Звездочет] LS ┃ TatoshaMun [#146] » придется
[15:43:33] [Client thread/INFO] [CHAT] [Планетар] S ┃ CyFrodo [#2] » посылочку отнести там
[15:43:38] [Client thread/INFO] [CHAT] [Планетар] S ┃ CyFrodo [#2] » уборочку начать
[15:43:39] [Client thread/INFO] [CHAT] [Звездочет] LS ┃ TatoshaMun [#146] » после битв
[15:43:44] [Client thread/INFO] [CHAT] [Планетар] S ┃ CyFrodo [#2] » мне утром завтра выселяться :(
[15:43:45] [Client thread/INFO] [CHAT] [Звездолов] LS ┃ papo4ka_v_dubae [#1] » посылочку соли?
[15:43:46] [Client thread/INFO] [CHAT] [Союз] HE ┃ NicknameTaken [#24] » битвы важнее
[15:43:50] [Client thread/INFO] [CHAT] [Планетар] S ┃ CyFrodo [#2] » буш сидеть на мне завтра татоша
[15:44:03] [Client thread/INFO] [CHAT] [Туманник] D ┃ PotomPridumayu [#101] » але фродо иди на сб
[15:44:11] [Client thread/INFO] [CHAT] [Планетар] S ┃ CyFrodo [#2] » я не играл на сб никогда
[15:44:13] [Client thread/INFO] [CHAT] [Звездочет] LS ┃ TatoshaMun [#146] » он не играет сб
[15:44:21] [Client thread/INFO] [CHAT] [Галакторик] P ┃ _ЛюбитеКотиков_ [#11] » ого
[15:44:26] [Client thread/INFO] [CHAT] [Планетар] S ┃ CyFrodo [#2] » я случайно дроппер купил мде
[15:44:32] [Client thread/INFO] [CHAT] [Союз] HE ┃ NicknameTaken [#24] » а ты хорош
[15:44:42] [Client thread/INFO] [CHAT] [Планетар] S ┃ CyFrodo [#2] » ну лан деньга капает
[15:44:45] [Client thread/INFO] [CHAT] [Звездолов] LS ┃ papo4ka_v_dubae [#1] » за случайно бьют отчайно
[15:44:45] [Client thread/INFO] [CHAT] [Галакторик] P ┃ _ЛюбитеКотиков_ [#11] » дропперы круто ты че
[15:44:53] [Client thread/INFO] [CHAT] [Планетар] S ┃ CyFrodo [#2] » подарите лег ауру на скидку
[15:44:54] [Client thread/INFO] [CHAT] [Туманник] MVP ┃ Humzzzter [#116] » Что шпион даёт?
[15:45:06] [Client thread/INFO] [CHAT] [Звездочет] LS ┃ TatoshaMun [#146] » лег на скидки это нью мета
[15:45:09] [Client thread/INFO] [CHAT] [Планетар] S ┃ CyFrodo [#2] » я так смотрю она реально имба
[15:45:14] [Client thread/INFO] [CHAT] [Звездолов] LS ┃ papo4ka_v_dubae [#1] » Какая
[15:45:15] [Client thread/INFO] [CHAT] [Планетар] S ┃ CyFrodo [#2] » татоша закинь на ауры
[15:45:16] [Client thread/INFO] [STDOUT]: a.a.d.a.c.a.f.a.i@c7cee2c
[15:45:17] [Client thread/INFO] [STDOUT]: a.a.d.a.c.a.f.a.i@60d7752a
[15:45:20] [Client thread/INFO] [CHAT] [Звездочет] LS ┃ TatoshaMun [#146] » ну не
[15:45:27] [Client thread/INFO] [CHAT] [Космонавт] MVP ┃ Opefor69 [#463] » парни а как на корабле летать?
[15:45:35] [Client thread/ERROR] Error on handle event #BXBFw in Mod{name='SpaceTycoon', version='1.0.0+bc67650', persistent=false, delegate=a.a.d.a.a, modState=LOADED}
java.lang.AbstractMethodError: Receiver class a.a.d.a.e.g.c does not define or inherit an implementation of the resolved method 'abstract java.lang.Object invoke(java.lang.Object)' of interface kotlin.jvm.functions.Function1.
	at SpaceTycoon-v1.0.0+bc67650//a.a.d.a.e.g.b.a(SourceFile:46)
	at SpaceTycoon-v1.0.0+bc67650//a.a.d.a.e.g.b.injectedLambda$a$3(SourceFile)
	at java.base/java.util.HashMap$Values.forEach(Unknown Source)
	at SpaceTycoon-v1.0.0+bc67650//a.a.d.a.e.g.b.b(SourceFile:46)
	at SpaceTycoon-v1.0.0+bc67650//a.a.d.a.e.g.b.b(SourceFile:34)
	at SpaceTycoon-v1.0.0+bc67650//a.a.d.a.e.g.b.injectedLambda$b$1(SourceFile)
	at SpaceTycoon-v1.0.0+bc67650//a.a.a.m.a.b(SourceFile:58)
	at SpaceTycoon-v1.0.0+bc67650//a.a.a.m.a.injectedLambda$b$0(SourceFile)
	at #RaGIl.saYo(SourceFile:83)
	at #hvoSL.bBM(Unknown Source)
	at #hvoSL.accept(Unknown Source)
	at #ykMcj.slwQ(SourceFile:105)
	at #BrtKi.laL(Unknown Source)
	at #BrtKi.accept(Unknown Source)
	at #SmDYl.shof(SourceFile:59)
	at #vxdAh.blq(SourceFile)
	at #DRZva.smvZ(SourceFile:89)
	at #WblDI.sciG(SourceFile:100)
	at #DDMvh.hcz(SourceFile)
	at #GXpIT.slFh(SourceFile:75)
	at #acUkE.drn(SourceFile:650)
	at #qKRzt.skLS(Unknown Source:2396)
	at #hyWbW.satX(SourceFile:1837)
	at #RofNI.dB(SourceFile:43)
	at #GLnhB.run(SourceFile:32)
	at #GILEo.saUt(Unknown Source:40)
	at #sJuki.sfWB(SourceFile:11)
	at java.base/java.util.concurrent.FutureTask.run(Unknown Source)
	at #bfAok.sjvn(SourceFile:45)
	at #ptzkp.gXZ(SourceFile:52)
	at #gZdVe.sbpI(SourceFile:1466)
	at #UDDPE.sdDd(Unknown Source:1632)
	at #GMfdJ.sask(SourceFile:487)
	at net.minecraft.client.main.GameMain.iwR(SourceFile:220)
	at net.minecraft.client.main.GameMain.jtH(SourceFile:156)
	at #ZpHYL.i(Unknown Source)
	at #ZpHYL.run(Unknown Source)
	at java.base/java.lang.Thread.run(Unknown Source)
[15:45:35] [Client thread/ERROR] Error on handle event #BXBFw in Mod{name='SpaceTycoon', version='1.0.0+bc67650', persistent=false, delegate=a.a.d.a.a, modState=LOADED}
java.lang.AbstractMethodError: Receiver class a.a.d.a.e.g.c does not define or inherit an implementation of the resolved method 'abstract java.lang.Object invoke(java.lang.Object)' of interface kotlin.jvm.functions.Function1.
	at SpaceTycoon-v1.0.0+bc67650//a.a.d.a.e.g.b.a(SourceFile:46)
	at SpaceTycoon-v1.0.0+bc67650//a.a.d.a.e.g.b.injectedLambda$a$3(SourceFile)
	at java.base/java.util.HashMap$Values.forEach(Unknown Source)
	at SpaceTycoon-v1.0.0+bc67650//a.a.d.a.e.g.b.b(SourceFile:46)
	at SpaceTycoon-v1.0.0+bc67650//a.a.d.a.e.g.b.a(SourceFile:21)
	at SpaceTycoon-v1.0.0+bc67650//a.a.d.a.e.g.b.injectedLambda$a$0(SourceFile)
	at SpaceTycoon-v1.0.0+bc67650//a.a.a.m.a.b(SourceFile:58)
	at SpaceTycoon-v1.0.0+bc67650//a.a.a.m.a.injectedLambda$b$0(SourceFile)
	at #RaGIl.saYo(SourceFile:83)
	at #hvoSL.bBM(Unknown Source)
	at #hvoSL.accept(Unknown Source)
	at #ykMcj.slwQ(SourceFile:105)
	at #BrtKi.laL(Unknown Source)
	at #BrtKi.accept(Unknown Source)
	at #SmDYl.shof(SourceFile:59)
	at #vxdAh.blq(SourceFile)
	at #DRZva.smvZ(SourceFile:89)
	at #WblDI.sciG(SourceFile:100)
	at #DDMvh.hcz(SourceFile)
	at #GXpIT.slFh(SourceFile:75)
	at #acUkE.drn(SourceFile:650)
	at #qKRzt.skLS(Unknown Source:2396)
	at #hyWbW.satX(SourceFile:1837)
	at #RofNI.dB(SourceFile:43)
	at #GLnhB.run(SourceFile:32)
	at #GILEo.saUt(Unknown Source:40)
	at #sJuki.sfWB(SourceFile:11)
	at java.base/java.util.concurrent.FutureTask.run(Unknown Source)
	at #bfAok.sjvn(SourceFile:45)
	at #ptzkp.gXZ(SourceFile:52)
	at #gZdVe.sbpI(SourceFile:1466)
	at #UDDPE.sdDd(Unknown Source:1632)
	at #GMfdJ.sask(SourceFile:487)
	at net.minecraft.client.main.GameMain.iwR(SourceFile:220)
	at net.minecraft.client.main.GameMain.jtH(SourceFile:156)
	at #ZpHYL.i(Unknown Source)
	at #ZpHYL.run(Unknown Source)
	at java.base/java.lang.Thread.run(Unknown Source)
[15:45:39] [Client thread/INFO] [CHAT] [Звездолов] LS ┃ papo4ka_v_dubae [#1] » ну надо быть хоулмендером
[15:45:49] [Client thread/INFO] [CHAT] [Космонавт] MVP ┃ Opefor69 [#463] » пасиба
[15:45:51] [Client thread/INFO] [CHAT] [Астероид] S ┃ Rusu_123 [#95] » Хоулмендер
[15:46:46] [Client thread/INFO] [CHAT] [Звездолов] LS ┃ papo4ka_v_dubae [#1] » Эх жаль что колесо раз в день крутится
[15:46:48] [Client thread/INFO] [CHAT] [Союз] HE ┃ NicknameTaken [#24] » о лол прикольно за рб пета дадут
[15:46:49] [Client thread/INFO] [CHAT] [Галакторик] P ┃ _ЛюбитеКотиков_ [#11] » крч я все слил
[15:46:52] [Client thread/INFO] [CHAT] [Звездолов] LS ┃ papo4ka_v_dubae [#1] » я думал то что он раз в час
[15:47:16] [Client thread/INFO] [CHAT] \n  MEDIA ┃ Lera_1337  запустил стрим!\n  Платформа: Twitch\n  Напишите /media для проcмотра активных трансляций\n 
[15:47:31] [Client thread/INFO] [CHAT] [Галакторик] P ┃ _ЛюбитеКотиков_ [#11] » через 2 ч я думаю что мне выподят фишки
[15:47:36] [Client thread/INFO] [CHAT] [Галакторик] P ┃ _ЛюбитеКотиков_ [#11] » а я хочу мешочек
[15:47:40] [Client thread/INFO] [CHAT] [Звездочет] LS ┃ TatoshaMun [#146] » нет
[15:47:42] [Client thread/INFO] [CHAT] [Звездолов] LS ┃ papo4ka_v_dubae [#1] » я не хочу мешок
[15:47:48] [Client thread/INFO] [CHAT] [Звездочет] LS ┃ TatoshaMun [#146] » ауру хочешь да
[15:47:50] [Client thread/INFO] [CHAT] [Звездолов] LS ┃ papo4ka_v_dubae [#1] » да
[15:47:51] [Client thread/INFO] [CHAT] [Галакторик] P ┃ _ЛюбитеКотиков_ [#11] » а я хочу мешочек
[15:47:56] [Client thread/ERROR] Error on handle event #BXBFw in Mod{name='SpaceTycoon', version='1.0.0+bc67650', persistent=false, delegate=a.a.d.a.a, modState=LOADED}
java.lang.IndexOutOfBoundsException: index: 70, length: 1 (expected: range(0, 70))
	at io.netty.buffer.AbstractByteBuf.checkRangeBounds(AbstractByteBuf.java:1390)
	at io.netty.buffer.AbstractByteBuf.checkIndex0(AbstractByteBuf.java:1397)
	at io.netty.buffer.AbstractUnpooledSlicedByteBuf.getBytes(AbstractUnpooledSlicedByteBuf.java:242)
	at io.netty.buffer.ReadOnlyByteBuf.getBytes(ReadOnlyByteBuf.java:270)
	at io.netty.buffer.ByteBufUtil.decodeString(ByteBufUtil.java:1151)
	at io.netty.buffer.AbstractByteBuf.toString(AbstractByteBuf.java:1246)
	at dev.xdark.feder.NetUtil.readString0(NetUtil.java:833)
	at dev.xdark.feder.NetUtil.readUtf8(NetUtil.java:188)
	at SpaceTycoon-v1.0.0+bc67650//a.a.a.m.a.f(SourceFile:176)
	at SpaceTycoon-v1.0.0+bc67650//a.a.d.a.e.h.b.d(SourceFile:60)
	at SpaceTycoon-v1.0.0+bc67650//a.a.d.a.e.h.b.injectedLambda$d$3(SourceFile)
	at SpaceTycoon-v1.0.0+bc67650//a.a.a.m.a.b(SourceFile:58)
	at SpaceTycoon-v1.0.0+bc67650//a.a.a.m.a.injectedLambda$b$0(SourceFile)
	at #RaGIl.saYo(SourceFile:83)
	at #hvoSL.bBM(Unknown Source)
	at #hvoSL.accept(Unknown Source)
	at #ykMcj.slwQ(SourceFile:105)
	at #BrtKi.laL(Unknown Source)
	at #BrtKi.accept(Unknown Source)
	at #SmDYl.shof(SourceFile:59)
	at #vxdAh.blq(SourceFile)
	at #DRZva.smvZ(SourceFile:89)
	at #WblDI.sciG(SourceFile:100)
	at #DDMvh.hcz(SourceFile)
	at #GXpIT.slFh(SourceFile:75)
	at #acUkE.drn(SourceFile:650)
	at #qKRzt.skLS(Unknown Source:2396)
	at #hyWbW.satX(SourceFile:1837)
	at #RofNI.dB(SourceFile:43)
	at #GLnhB.run(SourceFile:32)
	at #GILEo.saUt(Unknown Source:40)
	at #sJuki.sfWB(SourceFile:11)
	at java.base/java.util.concurrent.FutureTask.run(Unknown Source)
	at #bfAok.sjvn(SourceFile:45)
	at #ptzkp.gXZ(SourceFile:52)
	at #gZdVe.sbpI(SourceFile:1466)
	at #UDDPE.sdDd(Unknown Source:1632)
	at #GMfdJ.sask(SourceFile:487)
	at net.minecraft.client.main.GameMain.iwR(SourceFile:220)
	at net.minecraft.client.main.GameMain.jtH(SourceFile:156)
	at #ZpHYL.i(Unknown Source)
	at #ZpHYL.run(Unknown Source)
	at java.base/java.lang.Thread.run(Unknown Source)
[15:48:09] [Client thread/INFO] [CHAT] [Туманник] D ┃ PotomPridumayu [#101] » а че за ауры на скидку
[15:48:10] [Client thread/INFO] [CHAT] [Галакторик] P ┃ _ЛюбитеКотиков_ [#11] » либо бустер конвейеров
[15:48:13] [Client thread/INFO] [CHAT] [Звездолов] LS ┃ papo4ka_v_dubae [#1] » если мне аура упадет а дадут какой то бустер или что то другое я тенсу начну личку убивать своим спамом
[15:48:15] [Client thread/INFO] [CHAT] [Галакторик] P ┃ _ЛюбитеКотиков_ [#11] » 1 из 2
[15:48:18] [Client thread/INFO] [CHAT] [Галакторик] P ┃ _ЛюбитеКотиков_ [#11] » надо мне
[15:48:25] [Client thread/INFO] [CHAT] [Галакторик] P ┃ _ЛюбитеКотиков_ [#11] » все остальное говно
[15:48:36] [Client thread/INFO] [CHAT] [Туманник] D ┃ PotomPridumayu [#101] » 0_0
[15:48:49] [Client thread/INFO] [CHAT] [Туманник] D ┃ PotomPridumayu [#101] » че бустики делаю да
[15:48:57] [Client thread/INFO] [CHAT] [Звездолов] LS ┃ papo4ka_v_dubae [#1] » нет
[15:49:00] [Client thread/INFO] [CHAT] [Туманник] D ┃ PotomPridumayu [#101] » ладна
[15:49:04] [Client thread/INFO] [CHAT] [Союз] HE ┃ NicknameTaken [#24] » да не нафиг они нужны и без них хорошо
[15:49:04] [Client thread/INFO] [CHAT] [Галакторик] P ┃ _ЛюбитеКотиков_ [#11] » да
[15:49:06] [Client thread/INFO] [CHAT] [Звездолов] LS ┃ papo4ka_v_dubae [#1] » сейчас же битва будет
[15:49:10] [Client thread/INFO] [CHAT] [Галакторик] P ┃ _ЛюбитеКотиков_ [#11] » включай
[15:49:11] [Client thread/INFO] [CHAT] [Союз] HE ┃ Unick55 [#20] » а чо нет то го
[15:49:19] [Client thread/INFO] [CHAT] [Звездочет] LS ┃ TatoshaMun [#146] » не
[15:49:20] [Client thread/INFO] [CHAT] [Туманник] D ┃ PotomPridumayu [#101] » ну топ 1 сказал ненада
[15:49:20] [Client thread/INFO] [CHAT] [Галакторик] P ┃ _ЛюбитеКотиков_ [#11] » я все равно буду в афк
[15:49:27] [Client thread/INFO] [CHAT] [Туманник] D ┃ PotomPridumayu [#101] » кто я такой чтобы спорить
[15:49:28] [Client thread/INFO] [CHAT] [Звездочет] LS ┃ TatoshaMun [#146] » копать надо
[15:49:34] [Client thread/INFO] [CHAT] [Галакторик] P ┃ _ЛюбитеКотиков_ [#11] » согл
[15:49:38] [Client thread/INFO] [CHAT] [Галакторик] P ┃ _ЛюбитеКотиков_ [#11] » включай
[15:49:38] [Client thread/INFO] [CHAT] [Союз] HE ┃ Unick55 [#20] » после битвы запнуть можешь
[15:49:52] [Client thread/ERROR] Error on handle event #BXBFw in Mod{name='SpaceTycoon', version='1.0.0+bc67650', persistent=false, delegate=a.a.d.a.a, modState=LOADED}
java.lang.AbstractMethodError: Receiver class a.a.d.a.e.g.c does not define or inherit an implementation of the resolved method 'abstract java.lang.Object invoke(java.lang.Object)' of interface kotlin.jvm.functions.Function1.
	at SpaceTycoon-v1.0.0+bc67650//a.a.d.a.e.g.b.a(SourceFile:46)
	at SpaceTycoon-v1.0.0+bc67650//a.a.d.a.e.g.b.injectedLambda$a$3(SourceFile)
	at java.base/java.util.HashMap$Values.forEach(Unknown Source)
	at SpaceTycoon-v1.0.0+bc67650//a.a.d.a.e.g.b.b(SourceFile:46)
	at SpaceTycoon-v1.0.0+bc67650//a.a.d.a.e.g.b.b(SourceFile:34)
	at SpaceTycoon-v1.0.0+bc67650//a.a.d.a.e.g.b.injectedLambda$b$1(SourceFile)
	at SpaceTycoon-v1.0.0+bc67650//a.a.a.m.a.b(SourceFile:58)
	at SpaceTycoon-v1.0.0+bc67650//a.a.a.m.a.injectedLambda$b$0(SourceFile)
	at #RaGIl.saYo(SourceFile:83)
	at #hvoSL.bBM(Unknown Source)
	at #hvoSL.accept(Unknown Source)
	at #ykMcj.slwQ(SourceFile:105)
	at #BrtKi.laL(Unknown Source)
	at #BrtKi.accept(Unknown Source)
	at #SmDYl.shof(SourceFile:59)
	at #vxdAh.blq(SourceFile)
	at #DRZva.smvZ(SourceFile:89)
	at #WblDI.sciG(SourceFile:100)
	at #DDMvh.hcz(SourceFile)
	at #GXpIT.slFh(SourceFile:75)
	at #acUkE.drn(SourceFile:650)
	at #qKRzt.skLS(Unknown Source:2396)
	at #hyWbW.satX(SourceFile:1837)
	at #RofNI.dB(SourceFile:43)
	at #GLnhB.run(SourceFile:32)
	at #GILEo.saUt(Unknown Source:40)
	at #sJuki.sfWB(SourceFile:11)
	at java.base/java.util.concurrent.FutureTask.run(Unknown Source)
	at #bfAok.sjvn(SourceFile:45)
	at #ptzkp.gXZ(SourceFile:52)
	at #gZdVe.sbpI(SourceFile:1466)
	at #UDDPE.sdDd(Unknown Source:1632)
	at #GMfdJ.sask(SourceFile:487)
	at net.minecraft.client.main.GameMain.iwR(SourceFile:220)
	at net.minecraft.client.main.GameMain.jtH(SourceFile:156)
	at #ZpHYL.i(Unknown Source)
	at #ZpHYL.run(Unknown Source)
	at java.base/java.lang.Thread.run(Unknown Source)
[15:49:52] [Client thread/ERROR] Error on handle event #BXBFw in Mod{name='SpaceTycoon', version='1.0.0+bc67650', persistent=false, delegate=a.a.d.a.a, modState=LOADED}
java.lang.AbstractMethodError: Receiver class a.a.d.a.e.g.c does not define or inherit an implementation of the resolved method 'abstract java.lang.Object invoke(java.lang.Object)' of interface kotlin.jvm.functions.Function1.
	at SpaceTycoon-v1.0.0+bc67650//a.a.d.a.e.g.b.a(SourceFile:46)
	at SpaceTycoon-v1.0.0+bc67650//a.a.d.a.e.g.b.injectedLambda$a$3(SourceFile)
	at java.base/java.util.HashMap$Values.forEach(Unknown Source)
	at SpaceTycoon-v1.0.0+bc67650//a.a.d.a.e.g.b.b(SourceFile:46)
	at SpaceTycoon-v1.0.0+bc67650//a.a.d.a.e.g.b.a(SourceFile:21)
	at SpaceTycoon-v1.0.0+bc67650//a.a.d.a.e.g.b.injectedLambda$a$0(SourceFile)
	at SpaceTycoon-v1.0.0+bc67650//a.a.a.m.a.b(SourceFile:58)
	at SpaceTycoon-v1.0.0+bc67650//a.a.a.m.a.injectedLambda$b$0(SourceFile)
	at #RaGIl.saYo(SourceFile:83)
	at #hvoSL.bBM(Unknown Source)
	at #hvoSL.accept(Unknown Source)
	at #ykMcj.slwQ(SourceFile:105)
	at #BrtKi.laL(Unknown Source)
	at #BrtKi.accept(Unknown Source)
	at #SmDYl.shof(SourceFile:59)
	at #vxdAh.blq(SourceFile)
	at #DRZva.smvZ(SourceFile:89)
	at #WblDI.sciG(SourceFile:100)
	at #DDMvh.hcz(SourceFile)
	at #GXpIT.slFh(SourceFile:75)
	at #acUkE.drn(SourceFile:650)
	at #qKRzt.skLS(Unknown Source:2396)
	at #hyWbW.satX(SourceFile:1837)
	at #RofNI.dB(SourceFile:43)
	at #GLnhB.run(SourceFile:32)
	at #GILEo.saUt(Unknown Source:40)
	at #sJuki.sfWB(SourceFile:11)
	at java.base/java.util.concurrent.FutureTask.run(Unknown Source)
	at #bfAok.sjvn(SourceFile:45)
	at #ptzkp.gXZ(SourceFile:52)
	at #gZdVe.sbpI(SourceFile:1466)
	at #UDDPE.sdDd(Unknown Source:1632)
	at #GMfdJ.sask(SourceFile:487)
	at net.minecraft.client.main.GameMain.iwR(SourceFile:220)
	at net.minecraft.client.main.GameMain.jtH(SourceFile:156)
	at #ZpHYL.i(Unknown Source)
	at #ZpHYL.run(Unknown Source)
	at java.base/java.lang.Thread.run(Unknown Source)
[15:49:59] [Client thread/INFO] [CHAT] [Туманник] D ┃ PotomPridumayu [#101] » а когда битва
[15:50:03] [Client thread/INFO] [CHAT] [Галакторик] P ┃ _ЛюбитеКотиков_ [#11] » через 10 мин
[15:50:04] [Client thread/INFO] [CHAT] [Союз] HE ┃ Unick55 [#20] » 10мин
[15:50:09] [Client thread/INFO] [CHAT] [Звездолов] LS ┃ papo4ka_v_dubae [#1] » да
[15:50:13] [Client thread/INFO] [CHAT] [Туманник] D ┃ PotomPridumayu [#101] » у нее определнный тайминг?
[15:50:16] [Client thread/INFO] [CHAT] [Звездолов] LS ┃ papo4ka_v_dubae [#1] » Битва происходит в четные часы по мск с **:00 до **:30 Чтобы зарегестрироваться надо подойти к дзиха
[15:50:19] [Client thread/INFO] [CHAT] [Галакторик] P ┃ _ЛюбитеКотиков_ [#11] » Спасибо, хорошо.
[15:50:20] [Client thread/INFO] [CHAT] [Туманник] D ┃ PotomPridumayu [#101] » или типа раз в ол часа там
[15:50:28] [Network thread/INFO] Protocol upgrade mask: 157
[15:50:28] [Network thread/INFO] Upgrading protocol
[15:50:28] [Client thread/INFO] Invalidating server data
[15:50:28] [Client thread/INFO] Unloading mod SpaceTycoon/4a4460e2-cd7e-ac17-25f5-e6a67caddd32
[15:50:28] [Client thread/INFO] Unloading mod Nebula/e38e6691-9566-cf94-2fe2-a3db8b17b11d
[15:50:28] [Client thread/INFO] [STDOUT]: [Enginex v5.16.3 - Wada] [Wada/debug] reload requested: ServerSwitch
[15:50:28] [Client thread/INFO] [STDOUT]: [Enginex v5.16.3 - Wada] [Wada/debug] cleanAndReload begin: sessionId=9, awaitingHandshake=true
[15:50:28] [Client thread/INFO] [STDOUT]: [Enginex v5.16.3 - Wada] VAO support: true
[15:50:28] [Client thread/INFO] [STDOUT]: [Enginex v5.16.3 - Wada] Initialization with mod Wada
[15:50:28] [Client thread/INFO] [STDOUT]: [Enginex v5.16.3 - Wada] Successfully initialized
[15:50:28] [Client thread/INFO] Joining server Хаб #1
[15:50:28] [Client thread/INFO] Reloading ResourceManager: assets-addon.jar, Default
[15:50:28] [Client thread/WARN] Missing sound for event: minecraft:entity.turtle.ambient
[15:50:28] [Client thread/WARN] Missing sound for event: minecraft:entity.turtle.baby_hurt
[15:50:28] [Client thread/WARN] Missing sound for event: minecraft:entity.turtle.hurt
[15:50:28] [Client thread/WARN] Missing sound for event: minecraft:entity.turtle.baby_death
[15:50:28] [Client thread/WARN] Missing sound for event: minecraft:entity.turtle.death
[15:50:28] [Client thread/WARN] Missing sound for event: minecraft:entity.turtle.baby_step
[15:50:28] [Client thread/WARN] Missing sound for event: minecraft:entity.turtle.step
[15:50:28] [Client thread/WARN] Missing sound for event: minecraft:entity.turtle.swim
[15:50:28] [Client thread/WARN] Missing sound for event: minecraft:block.turtle_egg.crack
[15:50:28] [Client thread/WARN] Missing sound for event: minecraft:block.turtle_egg.egg_break
[15:50:28] [Client thread/WARN] Missing sound for event: minecraft:block.turtle_egg.fall
[15:50:28] [Client thread/WARN] Missing sound for event: minecraft:block.turtle_egg.hatch
[15:50:28] [Client thread/INFO] SoundSystem shutting down...
[15:50:28] [Client thread/WARN] Author: Paul Lamb, www.paulscode.com
[15:50:28] [Client thread/INFO] Starting up SoundSystem...
[15:50:28] [Thread-44/INFO] Initializing LWJGL OpenAL
[15:50:28] [Thread-44/INFO] (The LWJGL binding of OpenAL.  For more information, see http://www.lwjgl.org)
[15:50:28] [Thread-44/INFO] OpenAL audio device: OpenAL Soft on Динамики (MCHOSE V9 PRO)
[15:50:28] [Thread-44/INFO] OpenAL initialized.
[15:50:28] [Client thread/INFO] Sound engine reloaded
[15:50:28] [ForkJoinPool.commonPool-worker-5/WARN] Unable to load variant: axis=x from minecraft:lodestone#axis=x
[15:50:28] [ForkJoinPool.commonPool-worker-5/WARN] Unable to load variant: axis=y from minecraft:lodestone#axis=y
[15:50:28] [ForkJoinPool.commonPool-worker-5/WARN] Unable to load variant: axis=z from minecraft:lodestone#axis=z
[15:50:28] [Client thread/INFO] Loaded mod HubMod/263fe96d-e6d3-61de-86d8-a30829bc1aba v1.4.5 in 13 ms
[15:50:28] [ForkJoinPool.commonPool-worker-5/ERROR] Unable to load item model: 'minecraft:mcpatcher/cit/others/megumin_hat#inventory' for item: 'minecraft:mcpatcher/cit/others/megumin_hat'
[15:50:28] [ForkJoinPool.commonPool-worker-5/WARN] Unable to resolve texture due to upward reference: #cross in minecraft:models/block/chain.json
[15:50:29] [ForkJoinPool.commonPool-worker-5/WARN] Unable to resolve texture due to upward reference: #cross in minecraft:models/block/chain.json
[15:50:29] [ForkJoinPool.commonPool-worker-5/INFO] [OptiFine] Mipmap levels: 4
[15:50:29] [ForkJoinPool.commonPool-worker-5/INFO] [OptiFine] Multi-texturing: false
[15:50:29] [ForkJoinPool.commonPool-worker-5/INFO] [OptiFine] Multipass connected textures: false
[15:50:29] [ForkJoinPool.commonPool-worker-5/INFO] [OptiFine] BetterGrass: Parsing default configuration optifine/bettergrass.properties
[15:50:29] [ForkJoinPool.commonPool-worker-5/FATAL] [OptiFine] Scaled too small texture: minecraft:particles/glow_2, 8 -> 16
[15:50:29] [ForkJoinPool.commonPool-worker-5/FATAL] [OptiFine] Scaled too small texture: minecraft:particles/glow_1, 8 -> 16
[15:50:29] [ForkJoinPool.commonPool-worker-5/FATAL] [OptiFine] Scaled too small texture: minecraft:particles/glow_0, 8 -> 16
[15:50:29] [ForkJoinPool.commonPool-worker-5/FATAL] [OptiFine] Scaled too small texture: minecraft:particles/glow_6, 8 -> 16
[15:50:29] [ForkJoinPool.commonPool-worker-5/FATAL] [OptiFine] Scaled too small texture: minecraft:particles/glow_5, 8 -> 16
[15:50:29] [ForkJoinPool.commonPool-worker-5/FATAL] [OptiFine] Scaled too small texture: minecraft:particles/glow_4, 8 -> 16
[15:50:29] [ForkJoinPool.commonPool-worker-5/FATAL] [OptiFine] Scaled too small texture: minecraft:particles/glow_3, 8 -> 16
[15:50:29] [ForkJoinPool.commonPool-worker-5/FATAL] [OptiFine] Scaled too small texture: minecraft:particles/glow_9, 8 -> 16
[15:50:29] [ForkJoinPool.commonPool-worker-5/FATAL] [OptiFine] Scaled too small texture: minecraft:particles/glow_8, 8 -> 16
[15:50:29] [ForkJoinPool.commonPool-worker-5/FATAL] [OptiFine] Scaled too small texture: minecraft:particles/glow_7, 8 -> 16
[15:50:29] [ForkJoinPool.commonPool-worker-5/FATAL] [OptiFine] Scaled too small texture: minecraft:particles/glow_11, 8 -> 16
[15:50:29] [ForkJoinPool.commonPool-worker-5/FATAL] [OptiFine] Scaled too small texture: minecraft:particles/glow_10, 8 -> 16
[15:50:29] [ForkJoinPool.commonPool-worker-5/FATAL] [OptiFine] Scaled too small texture: minecraft:particles/glow_13, 8 -> 16
[15:50:29] [ForkJoinPool.commonPool-worker-5/FATAL] [OptiFine] Scaled too small texture: minecraft:particles/glow_12, 8 -> 16
[15:50:29] [ForkJoinPool.commonPool-worker-5/FATAL] [OptiFine] Scaled too small texture: minecraft:particles/glow_15, 8 -> 16
[15:50:29] [ForkJoinPool.commonPool-worker-5/FATAL] [OptiFine] Scaled too small texture: minecraft:particles/glow_14, 8 -> 16
[15:50:29] [ForkJoinPool.commonPool-worker-5/INFO] load sprites for 51ms
[15:50:29] [ForkJoinPool.commonPool-worker-5/INFO] Created: 1024x1024 textures-atlas in 86ms
[15:50:29] [ForkJoinPool.commonPool-worker-5/INFO] [DEBUG] Atlas assembly for 4.980ms
[15:50:29] [Client thread/INFO] [DEBUG] upload atlas for 2.063ms
[15:50:29] [Client thread/INFO] [DEBUG] Generate mipmaps for 0.004ms
[15:50:29] [Client thread/INFO] [OptiFine] Animated sprites: 0
[15:50:29] [Client thread/INFO] [OptiFine] CustomColors: Loading mcpatcher/color.properties
[15:50:29] [Client thread/INFO] Textures loaded for 861.775ms
[15:50:29] [Client thread/INFO] Loaded mod Visual Driver/2ecdd2b5-8e37-2961-2267-c03148a73e9b v3.8.31+9da32142 in 4 ms
[15:50:32] [Client thread/INFO] [STDOUT]: [Enginex v5.16.3 - Wada] [Wada/debug] handshake complete (w4:load), awaitingHandshake=false, sessionId=9
[15:50:37] [Network thread/INFO] Protocol upgrade mask: 157
[15:50:37] [Network thread/INFO] Upgrading protocol
[15:50:37] [Client thread/INFO] Invalidating server data
[15:50:37] [Client thread/INFO] Unloading mod Visual Driver/2ecdd2b5-8e37-2961-2267-c03148a73e9b
[15:50:37] [Client thread/INFO] Unloading mod HubMod/263fe96d-e6d3-61de-86d8-a30829bc1aba
[15:50:37] [Client thread/INFO] [STDOUT]: [Enginex v5.16.3 - Wada] [Wada/debug] reload requested: ServerSwitch
[15:50:37] [Client thread/INFO] [STDOUT]: [Enginex v5.16.3 - Wada] [Wada/debug] cleanAndReload begin: sessionId=10, awaitingHandshake=true
[15:50:37] [Client thread/INFO] [STDOUT]: [Enginex v5.16.3 - Wada] VAO support: true
[15:50:37] [Client thread/INFO] [STDOUT]: [Enginex v5.16.3 - Wada] Initialization with mod Wada
[15:50:37] [Client thread/INFO] [STDOUT]: [Enginex v5.16.3 - Wada] Successfully initialized
[15:50:37] [Client thread/INFO] [STDOUT]: [Enginex v5.16.3 - Wada] [Wada/debug] handshake complete (w4:load), awaitingHandshake=false, sessionId=10
[15:50:37] [Client thread/INFO] Found file C:\Users\tveiv\.cristalix\updates\Minigames\server-resource-packs\40bb4597c7ce6b5b4690666d2a8804747a202ba3 matching requested hash 2a33a213ea168e73eaf34aeab631978eb6603e7b
[15:50:37] [Client thread/INFO] Cache hit
[15:50:37] [Client thread/INFO] Joining server VoidGame #2
[15:50:37] [Client thread/INFO] Reloading ResourceManager: assets-addon.jar, Default, 40bb4597c7ce6b5b4690666d2a8804747a202ba3
[15:50:37] [Client thread/WARN] Missing sound for event: minecraft:entity.turtle.ambient
[15:50:37] [Client thread/WARN] Missing sound for event: minecraft:entity.turtle.baby_hurt
[15:50:37] [Client thread/WARN] Missing sound for event: minecraft:entity.turtle.hurt
[15:50:37] [Client thread/WARN] Missing sound for event: minecraft:entity.turtle.baby_death
[15:50:37] [Client thread/WARN] Missing sound for event: minecraft:entity.turtle.death
[15:50:37] [Client thread/WARN] Missing sound for event: minecraft:entity.turtle.baby_step
[15:50:37] [Client thread/WARN] Missing sound for event: minecraft:entity.turtle.step
[15:50:37] [Client thread/WARN] Missing sound for event: minecraft:entity.turtle.swim
[15:50:37] [Client thread/WARN] Missing sound for event: minecraft:block.turtle_egg.crack
[15:50:37] [Client thread/WARN] Missing sound for event: minecraft:block.turtle_egg.egg_break
[15:50:37] [Client thread/WARN] Missing sound for event: minecraft:block.turtle_egg.fall
[15:50:37] [Client thread/WARN] Missing sound for event: minecraft:block.turtle_egg.hatch
[15:50:37] [Client thread/INFO] SoundSystem shutting down...
[15:50:38] [Client thread/WARN] Author: Paul Lamb, www.paulscode.com
[15:50:38] [Client thread/INFO] Starting up SoundSystem...
[15:50:38] [Thread-48/INFO] Initializing LWJGL OpenAL
[15:50:38] [Thread-48/INFO] (The LWJGL binding of OpenAL.  For more information, see http://www.lwjgl.org)
[15:50:38] [Thread-48/INFO] OpenAL audio device: OpenAL Soft on Динамики (MCHOSE V9 PRO)
[15:50:38] [Thread-48/INFO] OpenAL initialized.
[15:50:38] [Client thread/INFO] Sound engine reloaded
[15:50:38] [ForkJoinPool.commonPool-worker-5/WARN] Unable to load variant: axis=x from minecraft:lodestone#axis=x
[15:50:38] [ForkJoinPool.commonPool-worker-5/WARN] Unable to load variant: axis=y from minecraft:lodestone#axis=y
[15:50:38] [ForkJoinPool.commonPool-worker-5/WARN] Unable to load variant: axis=z from minecraft:lodestone#axis=z
[15:50:38] [ForkJoinPool.commonPool-worker-5/ERROR] Unable to load item model: 'minecraft:mcpatcher/cit/others/megumin_hat#inventory' for item: 'minecraft:mcpatcher/cit/others/megumin_hat'
[15:50:38] [ForkJoinPool.commonPool-worker-5/INFO] [OptiFine] Mipmap levels: 4
[15:50:38] [ForkJoinPool.commonPool-worker-5/INFO] [OptiFine] Multi-texturing: false
[15:50:38] [ForkJoinPool.commonPool-worker-5/INFO] [OptiFine] Multipass connected textures: false
[15:50:38] [ForkJoinPool.commonPool-worker-5/INFO] [OptiFine] BetterGrass: Parsing default configuration optifine/bettergrass.properties
[15:50:38] [ForkJoinPool.commonPool-worker-5/FATAL] [OptiFine] Scaled too small texture: minecraft:particles/glow_2, 8 -> 16
[15:50:38] [ForkJoinPool.commonPool-worker-5/FATAL] [OptiFine] Scaled too small texture: minecraft:particles/glow_1, 8 -> 16
[15:50:38] [ForkJoinPool.commonPool-worker-5/FATAL] [OptiFine] Scaled too small texture: minecraft:particles/glow_0, 8 -> 16
[15:50:38] [ForkJoinPool.commonPool-worker-5/FATAL] [OptiFine] Scaled too small texture: minecraft:particles/glow_6, 8 -> 16
[15:50:38] [ForkJoinPool.commonPool-worker-5/FATAL] [OptiFine] Scaled too small texture: minecraft:particles/glow_5, 8 -> 16
[15:50:38] [ForkJoinPool.commonPool-worker-5/FATAL] [OptiFine] Scaled too small texture: minecraft:particles/glow_4, 8 -> 16
[15:50:38] [ForkJoinPool.commonPool-worker-5/FATAL] [OptiFine] Scaled too small texture: minecraft:particles/glow_3, 8 -> 16
[15:50:38] [ForkJoinPool.commonPool-worker-5/FATAL] [OptiFine] Scaled too small texture: minecraft:particles/glow_9, 8 -> 16
[15:50:38] [ForkJoinPool.commonPool-worker-5/FATAL] [OptiFine] Scaled too small texture: minecraft:particles/glow_8, 8 -> 16
[15:50:38] [ForkJoinPool.commonPool-worker-5/FATAL] [OptiFine] Scaled too small texture: minecraft:particles/glow_7, 8 -> 16
[15:50:38] [ForkJoinPool.commonPool-worker-5/ERROR] Using missing texture, unable to load minecraft:textures/items/wooden_sword.png
[15:50:38] [ForkJoinPool.commonPool-worker-5/FATAL] [OptiFine] Scaled too small texture: minecraft:particles/glow_11, 8 -> 16
[15:50:38] [ForkJoinPool.commonPool-worker-5/FATAL] [OptiFine] Scaled too small texture: minecraft:particles/glow_10, 8 -> 16
[15:50:38] [ForkJoinPool.commonPool-worker-5/FATAL] [OptiFine] Scaled too small texture: minecraft:particles/glow_13, 8 -> 16
[15:50:38] [ForkJoinPool.commonPool-worker-5/FATAL] [OptiFine] Scaled too small texture: minecraft:particles/glow_12, 8 -> 16
[15:50:38] [ForkJoinPool.commonPool-worker-5/FATAL] [OptiFine] Scaled too small texture: minecraft:particles/glow_15, 8 -> 16
[15:50:38] [ForkJoinPool.commonPool-worker-5/FATAL] [OptiFine] Scaled too small texture: minecraft:particles/glow_14, 8 -> 16
[15:50:38] [ForkJoinPool.commonPool-worker-5/INFO] load sprites for 5ms
[15:50:38] [ForkJoinPool.commonPool-worker-5/INFO] Created: 1024x1024 textures-atlas in 19ms
[15:50:38] [ForkJoinPool.commonPool-worker-5/INFO] [DEBUG] Atlas assembly for 25.235ms
[15:50:38] [Client thread/INFO] [DEBUG] upload atlas for 1.971ms
[15:50:38] [Client thread/INFO] [DEBUG] Generate mipmaps for 0.004ms
[15:50:38] [Client thread/INFO] [OptiFine] Animated sprites: 0
[15:50:38] [Client thread/INFO] [OptiFine] CustomColors: Loading mcpatcher/color.properties
[15:50:38] [Client thread/INFO] Textures loaded for 396.919ms
[15:50:39] [Client thread/INFO] Start loading of mod VoidMod
[15:50:39] [Client thread/INFO] Loading mod VoidMod v1.0+089d877 by ZeksterP
[15:50:39] [Client thread/INFO] [STDOUT]: [Enginex v5.13.11-TEST-2 - VoidMod] VAO support: true
[15:50:39] [Client thread/INFO] [STDOUT]: [Enginex v5.13.11-TEST-2 - VoidMod] Initialization with mod VoidMod
[15:50:39] [Client thread/INFO] [STDOUT]: [Enginex v5.13.11-TEST-2 - VoidMod] Successfully initialized
[15:50:39] [Client thread/INFO] Loaded mod VoidMod v1.0+089d877 in 658 ms
[15:50:43] [Network thread/INFO] Protocol upgrade mask: 157
[15:50:43] [Network thread/INFO] Upgrading protocol
[15:50:43] [Client thread/INFO] Invalidating server data
[15:50:43] [Client thread/INFO] Unloading mod VoidMod/6f6302b9-a0ff-57a5-aad5-930ad5f0e093
[15:50:43] [Client thread/INFO] [STDOUT]: [Enginex v5.16.3 - Wada] [Wada/debug] reload requested: ServerSwitch
[15:50:43] [Client thread/INFO] [STDOUT]: [Enginex v5.16.3 - Wada] [Wada/debug] cleanAndReload begin: sessionId=11, awaitingHandshake=true
[15:50:43] [Client thread/INFO] [STDOUT]: [Enginex v5.16.3 - Wada] VAO support: true
[15:50:43] [Client thread/INFO] [STDOUT]: [Enginex v5.16.3 - Wada] Initialization with mod Wada
[15:50:43] [Client thread/INFO] [STDOUT]: [Enginex v5.16.3 - Wada] Successfully initialized
[15:50:43] [Client thread/INFO] Joining server Хаб #1
[15:50:43] [Client thread/INFO] Reloading ResourceManager: assets-addon.jar, Default
[15:50:43] [Client thread/WARN] Missing sound for event: minecraft:entity.turtle.ambient
[15:50:43] [Client thread/WARN] Missing sound for event: minecraft:entity.turtle.baby_hurt
[15:50:43] [Client thread/WARN] Missing sound for event: minecraft:entity.turtle.hurt
[15:50:43] [Client thread/WARN] Missing sound for event: minecraft:entity.turtle.baby_death
[15:50:43] [Client thread/WARN] Missing sound for event: minecraft:entity.turtle.death
[15:50:43] [Client thread/WARN] Missing sound for event: minecraft:entity.turtle.baby_step
[15:50:43] [Client thread/WARN] Missing sound for event: minecraft:entity.turtle.step
[15:50:43] [Client thread/WARN] Missing sound for event: minecraft:entity.turtle.swim
[15:50:43] [Client thread/WARN] Missing sound for event: minecraft:block.turtle_egg.crack
[15:50:43] [Client thread/WARN] Missing sound for event: minecraft:block.turtle_egg.egg_break
[15:50:43] [Client thread/WARN] Missing sound for event: minecraft:block.turtle_egg.fall
[15:50:43] [Client thread/WARN] Missing sound for event: minecraft:block.turtle_egg.hatch
[15:50:43] [Client thread/INFO] SoundSystem shutting down...
[15:50:43] [Client thread/WARN] Author: Paul Lamb, www.paulscode.com
[15:50:43] [Client thread/INFO] Starting up SoundSystem...
[15:50:43] [Thread-51/INFO] Initializing LWJGL OpenAL
[15:50:43] [Thread-51/INFO] (The LWJGL binding of OpenAL.  For more information, see http://www.lwjgl.org)
[15:50:43] [Thread-51/INFO] OpenAL audio device: OpenAL Soft on Динамики (MCHOSE V9 PRO)
[15:50:43] [Thread-51/INFO] OpenAL initialized.
[15:50:43] [Client thread/INFO] Sound engine reloaded
[15:50:43] [ForkJoinPool.commonPool-worker-3/WARN] Unable to load variant: axis=x from minecraft:lodestone#axis=x
[15:50:43] [ForkJoinPool.commonPool-worker-3/WARN] Unable to load variant: axis=y from minecraft:lodestone#axis=y
[15:50:43] [ForkJoinPool.commonPool-worker-3/WARN] Unable to load variant: axis=z from minecraft:lodestone#axis=z
[15:50:43] [ForkJoinPool.commonPool-worker-3/ERROR] Unable to load item model: 'minecraft:mcpatcher/cit/others/megumin_hat#inventory' for item: 'minecraft:mcpatcher/cit/others/megumin_hat'
[15:50:43] [ForkJoinPool.commonPool-worker-3/INFO] [OptiFine] Mipmap levels: 4
[15:50:43] [ForkJoinPool.commonPool-worker-3/INFO] [OptiFine] Multi-texturing: false
[15:50:43] [ForkJoinPool.commonPool-worker-3/INFO] [OptiFine] Multipass connected textures: false
[15:50:43] [ForkJoinPool.commonPool-worker-3/INFO] [OptiFine] BetterGrass: Parsing default configuration optifine/bettergrass.properties
[15:50:43] [ForkJoinPool.commonPool-worker-3/FATAL] [OptiFine] Scaled too small texture: minecraft:particles/glow_2, 8 -> 16
[15:50:43] [ForkJoinPool.commonPool-worker-3/FATAL] [OptiFine] Scaled too small texture: minecraft:particles/glow_1, 8 -> 16
[15:50:43] [ForkJoinPool.commonPool-worker-3/FATAL] [OptiFine] Scaled too small texture: minecraft:particles/glow_0, 8 -> 16
[15:50:43] [ForkJoinPool.commonPool-worker-3/FATAL] [OptiFine] Scaled too small texture: minecraft:particles/glow_6, 8 -> 16
[15:50:43] [ForkJoinPool.commonPool-worker-3/FATAL] [OptiFine] Scaled too small texture: minecraft:particles/glow_5, 8 -> 16
[15:50:43] [ForkJoinPool.commonPool-worker-3/FATAL] [OptiFine] Scaled too small texture: minecraft:particles/glow_4, 8 -> 16
[15:50:43] [ForkJoinPool.commonPool-worker-3/FATAL] [OptiFine] Scaled too small texture: minecraft:particles/glow_3, 8 -> 16
[15:50:43] [ForkJoinPool.commonPool-worker-3/FATAL] [OptiFine] Scaled too small texture: minecraft:particles/glow_9, 8 -> 16
[15:50:43] [ForkJoinPool.commonPool-worker-3/FATAL] [OptiFine] Scaled too small texture: minecraft:particles/glow_8, 8 -> 16
[15:50:43] [ForkJoinPool.commonPool-worker-3/FATAL] [OptiFine] Scaled too small texture: minecraft:particles/glow_7, 8 -> 16
[15:50:43] [ForkJoinPool.commonPool-worker-3/FATAL] [OptiFine] Scaled too small texture: minecraft:particles/glow_11, 8 -> 16
[15:50:43] [ForkJoinPool.commonPool-worker-3/FATAL] [OptiFine] Scaled too small texture: minecraft:particles/glow_10, 8 -> 16
[15:50:43] [ForkJoinPool.commonPool-worker-3/FATAL] [OptiFine] Scaled too small texture: minecraft:particles/glow_13, 8 -> 16
[15:50:43] [ForkJoinPool.commonPool-worker-3/FATAL] [OptiFine] Scaled too small texture: minecraft:particles/glow_12, 8 -> 16
[15:50:43] [ForkJoinPool.commonPool-worker-3/FATAL] [OptiFine] Scaled too small texture: minecraft:particles/glow_15, 8 -> 16
[15:50:43] [ForkJoinPool.commonPool-worker-3/FATAL] [OptiFine] Scaled too small texture: minecraft:particles/glow_14, 8 -> 16
[15:50:43] [ForkJoinPool.commonPool-worker-3/INFO] load sprites for 4ms
[15:50:43] [ForkJoinPool.commonPool-worker-3/INFO] Created: 1024x1024 textures-atlas in 14ms
[15:50:43] [ForkJoinPool.commonPool-worker-3/INFO] [DEBUG] Atlas assembly for 2.135ms
[15:50:43] [Client thread/INFO] [DEBUG] upload atlas for 1.214ms
[15:50:43] [Client thread/INFO] [DEBUG] Generate mipmaps for 0.004ms
[15:50:43] [Client thread/INFO] [OptiFine] Animated sprites: 0
[15:50:43] [Client thread/INFO] [OptiFine] CustomColors: Loading mcpatcher/color.properties
[15:50:43] [Client thread/INFO] Textures loaded for 318.667ms
[15:50:45] [Client thread/INFO] Loaded mod Visual Driver/2ecdd2b5-8e37-2961-2267-c03148a73e9b v3.8.31+9da32142 in 4 ms
[15:50:45] [Client thread/INFO] Loaded mod HubMod/263fe96d-e6d3-61de-86d8-a30829bc1aba v1.4.5 in 10 ms
[15:50:45] [Client thread/INFO] [STDOUT]: [Enginex v5.16.3 - Wada] [Wada/debug] handshake complete (w4:load), awaitingHandshake=false, sessionId=11
[15:50:51] [Client thread/INFO] [CHAT] Olgasasha Хаб #3 » BITR12321
[15:50:56] [Network thread/INFO] Protocol upgrade mask: 157
[15:50:56] [Network thread/INFO] Upgrading protocol
[15:50:56] [Client thread/INFO] Invalidating server data
[15:50:56] [Client thread/INFO] Unloading mod Visual Driver/2ecdd2b5-8e37-2961-2267-c03148a73e9b
[15:50:56] [Client thread/INFO] Unloading mod HubMod/263fe96d-e6d3-61de-86d8-a30829bc1aba
[15:50:56] [Client thread/INFO] [STDOUT]: [Enginex v5.16.3 - Wada] [Wada/debug] reload requested: ServerSwitch
[15:50:56] [Client thread/INFO] [STDOUT]: [Enginex v5.16.3 - Wada] [Wada/debug] cleanAndReload begin: sessionId=12, awaitingHandshake=true
[15:50:56] [Client thread/INFO] [STDOUT]: [Enginex v5.16.3 - Wada] VAO support: true
[15:50:56] [Client thread/INFO] [STDOUT]: [Enginex v5.16.3 - Wada] Initialization with mod Wada
[15:50:56] [Client thread/INFO] [STDOUT]: [Enginex v5.16.3 - Wada] Successfully initialized
[15:50:56] [Client thread/INFO] [STDOUT]: [Enginex v5.16.3 - Wada] [Wada/debug] queued (handshake gate): w4:i14r:hide
[15:50:56] [Client thread/INFO] [CHAT] \n Свежие новости и не только!\n Подписывайся на Telegram Аркад\n t.me/double_schizo\n
[15:50:56] [Client thread/INFO] Found file C:\Users\tveiv\.cristalix\updates\Minigames\server-resource-packs\c5eec2c68b366bac6adc6e80461b2c767edeb760 matching requested hash 66f21cb788763dfc8fb023aa4f535b2c064325b3
[15:50:56] [Client thread/INFO] Allocated new cache for server resource pack
[15:50:56] [Client thread/INFO] Joining server Лобби Аркад #1
[15:50:56] [voice-openal-speaker/ERROR] Voicechat sound manager ALC error: #JFuFV.smmQ[68] Invalid device
[15:50:56] [Client thread/INFO] Reloading ResourceManager: assets-addon.jar, Default, c5eec2c68b366bac6adc6e80461b2c767edeb760
[15:50:56] [vc-microphone/INFO] Use OpenAL Soft on Микрофон (MCHOSE V9 PRO) as microphone
[15:50:56] [vc-microphone/INFO] Microphone closed
[15:50:56] [Client thread/WARN] Missing sound for event: minecraft:entity.turtle.ambient
[15:50:56] [Client thread/WARN] Missing sound for event: minecraft:entity.turtle.baby_hurt
[15:50:56] [Client thread/WARN] Missing sound for event: minecraft:entity.turtle.hurt
[15:50:56] [Client thread/WARN] Missing sound for event: minecraft:entity.turtle.baby_death
[15:50:56] [Client thread/WARN] Missing sound for event: minecraft:entity.turtle.death
[15:50:56] [Client thread/WARN] Missing sound for event: minecraft:entity.turtle.baby_step
[15:50:56] [Client thread/WARN] Missing sound for event: minecraft:entity.turtle.step
[15:50:56] [Client thread/WARN] Missing sound for event: minecraft:entity.turtle.swim
[15:50:56] [Client thread/WARN] Missing sound for event: minecraft:block.turtle_egg.crack
[15:50:56] [Client thread/WARN] Missing sound for event: minecraft:block.turtle_egg.egg_break
[15:50:56] [Client thread/WARN] Missing sound for event: minecraft:block.turtle_egg.fall
[15:50:56] [Client thread/WARN] Missing sound for event: minecraft:block.turtle_egg.hatch
[15:50:56] [Client thread/INFO] SoundSystem shutting down...
[15:50:56] [Client thread/WARN] Author: Paul Lamb, www.paulscode.com
[15:50:56] [Client thread/INFO] Starting up SoundSystem...
[15:50:56] [Thread-55/INFO] Initializing LWJGL OpenAL
[15:50:56] [Thread-55/INFO] (The LWJGL binding of OpenAL.  For more information, see http://www.lwjgl.org)
[15:50:56] [Thread-55/INFO] OpenAL audio device: OpenAL Soft on Динамики (MCHOSE V9 PRO)
[15:50:56] [Thread-55/INFO] OpenAL initialized.
[15:50:56] [Client thread/INFO] Sound engine reloaded
[15:50:56] [ForkJoinPool.commonPool-worker-3/WARN] Unable to load variant: axis=x from minecraft:lodestone#axis=x
[15:50:56] [ForkJoinPool.commonPool-worker-3/WARN] Unable to load variant: axis=y from minecraft:lodestone#axis=y
[15:50:56] [ForkJoinPool.commonPool-worker-3/WARN] Unable to load variant: axis=z from minecraft:lodestone#axis=z
[15:50:56] [ForkJoinPool.commonPool-worker-3/ERROR] Unable to load item model: 'minecraft:mcpatcher/cit/_cosmetics/hat/update/vs_mining_hat_e#inventory' for item: 'minecraft:mcpatcher/cit/_cosmetics/hat/update/vs_mining_hat_e'
[15:50:56] [ForkJoinPool.commonPool-worker-3/ERROR] Unable to load item model: 'minecraft:mcpatcher/cit/others/megumin_hat#inventory' for item: 'minecraft:mcpatcher/cit/others/megumin_hat'
[15:50:56] [ForkJoinPool.commonPool-worker-3/ERROR] Unable to load item model: 'minecraft:mcpatcher/cit/_gamemodes/murder/bank#inventory' for item: 'minecraft:mcpatcher/cit/_gamemodes/murder/bank'
[15:50:56] [ForkJoinPool.commonPool-worker-3/ERROR] Unable to load item model: 'minecraft:mcpatcher/cit/_cosmetics/hat/update/vs_headset_e#inventory' for item: 'minecraft:mcpatcher/cit/_cosmetics/hat/update/vs_headset_e'
[15:50:56] [Client thread/INFO] Start loading of mod Arcadia
[15:50:56] [Client thread/INFO] Loading classes of Arcadia
[15:50:56] [ForkJoinPool.commonPool-worker-2/INFO] Arcadia-v5.7.2+0d697b5: class verification completed in 11ms
[15:50:56] [ForkJoinPool.commonPool-worker-2/INFO] Arcadia-v5.7.2+0d697b5: defineClasses completed in 0ms
[15:50:56] [ForkJoinPool.commonPool-worker-2/INFO] Loaded classes in mod Arcadia in 14 ms
[15:50:56] [Client thread/INFO] Loading mod Arcadia v5.7.2+0d697b5 by Zenkaliks, iLisov
[15:50:56] [Client thread/INFO] [STDOUT]: [Enginex v5.16.2 - Arcadia] VAO support: true
[15:50:56] [ForkJoinPool.commonPool-worker-3/WARN] Unable to resolve texture due to upward reference: #torch in minecraft:models/block/torch.json
[15:50:56] [ForkJoinPool.commonPool-worker-3/INFO] [OptiFine] Mipmap levels: 4
[15:50:56] [ForkJoinPool.commonPool-worker-3/INFO] [OptiFine] Multi-texturing: false
[15:50:56] [ForkJoinPool.commonPool-worker-3/INFO] [OptiFine] Multipass connected textures: false
[15:50:56] [ForkJoinPool.commonPool-worker-3/INFO] [OptiFine] BetterGrass: Parsing default configuration optifine/bettergrass.properties
[15:50:56] [ForkJoinPool.commonPool-worker-3/ERROR] Using missing texture, unable to load minecraft:mcpatcher/cit/_weapons/bows/pickaxe.png
[15:50:56] [ForkJoinPool.commonPool-worker-3/FATAL] [OptiFine] Scaled too small texture: minecraft:particles/glow_2, 8 -> 16
[15:50:56] [ForkJoinPool.commonPool-worker-3/FATAL] [OptiFine] Scaled too small texture: minecraft:particles/glow_1, 8 -> 16
[15:50:56] [ForkJoinPool.commonPool-worker-3/FATAL] [OptiFine] Scaled too small texture: minecraft:particles/glow_0, 8 -> 16
[15:50:56] [ForkJoinPool.commonPool-worker-3/FATAL] [OptiFine] Scaled too small texture: minecraft:particles/glow_6, 8 -> 16
[15:50:56] [ForkJoinPool.commonPool-worker-3/FATAL] [OptiFine] Scaled too small texture: minecraft:particles/glow_5, 8 -> 16
[15:50:56] [ForkJoinPool.commonPool-worker-3/FATAL] [OptiFine] Scaled too small texture: minecraft:particles/glow_4, 8 -> 16
[15:50:56] [ForkJoinPool.commonPool-worker-3/FATAL] [OptiFine] Scaled too small texture: minecraft:particles/glow_3, 8 -> 16
[15:50:56] [ForkJoinPool.commonPool-worker-3/FATAL] [OptiFine] Scaled too small texture: minecraft:particles/glow_9, 8 -> 16
[15:50:56] [ForkJoinPool.commonPool-worker-3/FATAL] [OptiFine] Scaled too small texture: minecraft:particles/glow_8, 8 -> 16
[15:50:56] [ForkJoinPool.commonPool-worker-3/FATAL] [OptiFine] Scaled too small texture: minecraft:particles/glow_7, 8 -> 16
[15:50:56] [ForkJoinPool.commonPool-worker-3/ERROR] Using missing texture, unable to load minecraft:mcpatcher/cit/_misc/model/items/vnutri.png
[15:50:56] [ForkJoinPool.commonPool-worker-3/ERROR] Using missing texture, unable to load minecraft:mcpatcher/cit/_weapons/bows/infirmity bow/$rawimag.png
[15:50:56] [ForkJoinPool.commonPool-worker-3/FATAL] [OptiFine] Scaled non power of 2: minecraft:mcpatcher/cit/_weapons/bows/steampunk/eff_02_silver, 41 -> 48
[15:50:56] [ForkJoinPool.commonPool-worker-3/FATAL] [OptiFine] Scaled non power of 2: minecraft:mcpatcher/cit/_weapons/bows/steampunk/eff_01, 50 -> 64
[15:50:56] [ForkJoinPool.commonPool-worker-3/FATAL] [OptiFine] Scaled non power of 2: minecraft:mcpatcher/cit/_weapons/bows/steampunk/eff_02, 41 -> 48
[15:50:56] [ForkJoinPool.commonPool-worker-3/FATAL] [OptiFine] Scaled too small texture: minecraft:particles/glow_11, 8 -> 16
[15:50:56] [ForkJoinPool.commonPool-worker-3/FATAL] [OptiFine] Scaled too small texture: minecraft:particles/glow_10, 8 -> 16
[15:50:56] [ForkJoinPool.commonPool-worker-3/FATAL] [OptiFine] Scaled too small texture: minecraft:particles/glow_13, 8 -> 16
[15:50:56] [ForkJoinPool.commonPool-worker-3/FATAL] [OptiFine] Scaled too small texture: minecraft:particles/glow_12, 8 -> 16
[15:50:56] [ForkJoinPool.commonPool-worker-3/FATAL] [OptiFine] Scaled too small texture: minecraft:particles/glow_15, 8 -> 16
[15:50:56] [ForkJoinPool.commonPool-worker-3/FATAL] [OptiFine] Scaled too small texture: minecraft:particles/glow_14, 8 -> 16
[15:50:56] [ForkJoinPool.commonPool-worker-3/ERROR] Using missing texture, unable to load minecraft:mcpatcher/cit/_weapons/bows/saphire bow/$rawimag.png
[15:50:56] [ForkJoinPool.commonPool-worker-3/FATAL] [OptiFine] Scaled non power of 2: minecraft:mcpatcher/cit/_weapons/bows/steampunk_v2/eff_4_pickaxe, 103 -> 112
[15:50:56] [ForkJoinPool.commonPool-worker-3/WARN] Texture minecraft:mcpatcher/cit/_events/easter_event/quest.png compressed from 512x512 to 256x256
[15:50:56] [ForkJoinPool.commonPool-worker-3/ERROR] Using missing texture, unable to load minecraft:mcpatcher/cit/_weapons/bows/bone bow/$rawimag.png
[15:50:56] [ForkJoinPool.commonPool-worker-3/ERROR] Using missing texture, unable to load minecraft:mcpatcher/cit/_misc/model/items/for_dulo.png
[15:50:56] [ForkJoinPool.commonPool-worker-3/FATAL] [OptiFine] Scaled non power of 2: minecraft:mcpatcher/cit/_weapons/bows/steampunk_v2/eff_2, 41 -> 48
[15:50:56] [ForkJoinPool.commonPool-worker-3/FATAL] [OptiFine] Scaled non power of 2: minecraft:mcpatcher/cit/_weapons/bows/steampunk_v2/002, 103 -> 112
[15:50:56] [ForkJoinPool.commonPool-worker-3/FATAL] [OptiFine] Scaled non power of 2: minecraft:mcpatcher/cit/_weapons/bows/steampunk_v2/eff_1, 50 -> 64
[15:50:56] [ForkJoinPool.commonPool-worker-3/ERROR] Using missing texture, unable to load minecraft:mcpatcher/cit/_misc/model/items/ogonik.png
[15:50:56] [ForkJoinPool.commonPool-worker-3/ERROR] Using missing texture, unable to load minecraft:mcpatcher/cit/_cosmetics/hat/galaxy_hat_texure.png
[15:50:56] [ForkJoinPool.commonPool-worker-3/FATAL] [OptiFine] Scaled non power of 2: minecraft:mcpatcher/cit/_weapons/bows/cosmo/lighting_small, 40 -> 48
[15:50:56] [ForkJoinPool.commonPool-worker-3/ERROR] Using missing texture, unable to load minecraft:mcpatcher/cit/_weapons/swords/shraube/frozen.png
[15:50:56] [ForkJoinPool.commonPool-worker-3/INFO] load sprites for 106ms
[15:50:56] [Client thread/INFO] [STDOUT]: [Enginex v5.16.2 - Arcadia] Initialization with mod Arcadia
[15:50:56] [Client thread/INFO] Loaded mod Arcadia v5.7.2+0d697b5 in 179 ms
[15:50:56] [ForkJoinPool.commonPool-worker-3/INFO] Created: 4096x4096 textures-atlas in 133ms
[15:50:56] [ForkJoinPool.commonPool-worker-3/INFO] [DEBUG] Atlas assembly for 41.768ms
[15:50:56] [Client thread/INFO] [DEBUG] upload atlas for 16.111ms
[15:50:56] [Client thread/INFO] [DEBUG] Generate mipmaps for 0.005ms
[15:50:56] [Client thread/INFO] [OptiFine] Animated sprites: 0
[15:50:56] [Client thread/INFO] [OptiFine] CustomColors: Loading mcpatcher/color.properties
[15:50:56] [Client thread/INFO] Textures loaded for 643.692ms
[15:50:57] [Client thread/INFO] Start loading of mod Arcadia-Lobby
[15:50:57] [Client thread/INFO] Loading classes of Arcadia-Lobby
[15:50:57] [ForkJoinPool.commonPool-worker-3/INFO] Arcadia-Lobby-v2.1.2+ef3923d: class verification completed in 13ms
[15:50:57] [ForkJoinPool.commonPool-worker-3/INFO] Arcadia-Lobby-v2.1.2+ef3923d: defineClasses completed in 1ms
[15:50:57] [ForkJoinPool.commonPool-worker-3/INFO] Loaded classes in mod Arcadia-Lobby in 16 ms
[15:50:57] [Client thread/INFO] Loading mod Arcadia-Lobby v2.1.2+ef3923d by Zenkaliks, iLisov
[15:50:57] [Client thread/INFO] [STDOUT]: [Enginex v5.16.2 - Arcadia-Lobby] VAO support: true
[15:50:57] [Client thread/INFO] [STDOUT]: [Enginex v5.16.2 - Arcadia-Lobby] Initialization with mod Arcadia-Lobby
[15:50:57] [Client thread/INFO] Loaded mod Arcadia-Lobby v2.1.2+ef3923d in 171 ms
[15:50:57] [Thread-58/INFO] [STDOUT]: [Enginex v5.16.2 - Arcadia-Lobby] Successfully initialized
[15:50:57] [Client thread/INFO] [STDOUT]: [Enginex v5.16.3 - Wada] [Wada/debug] handshake complete (w4:load), awaitingHandshake=false, sessionId=12
[15:50:57] [Client thread/INFO] [STDOUT]: [Enginex v5.16.3 - Wada] [Wada/debug] flush pending: 1 message(s)
[15:50:57] [Thread-57/INFO] [STDOUT]: [Enginex v5.16.2 - Arcadia] Successfully initialized
[15:50:59] [Network thread/INFO] Protocol upgrade mask: 157
[15:50:59] [Network thread/INFO] Upgrading protocol
[15:50:59] [Client thread/INFO] Invalidating server data
[15:50:59] [Client thread/INFO] Unloading mod Arcadia-Lobby/d67954a5-ec50-f428-040d-04a5618574f3
[15:50:59] [Client thread/INFO] Unloading mod Arcadia/9ec5bcc1-5f7c-a65a-f1c8-7bc7574b5468
[15:50:59] [Client thread/INFO] [STDOUT]: Settings successfully saved to arcade-settings.json.
[15:50:59] [Client thread/INFO] [STDOUT]: [Enginex v5.16.3 - Wada] [Wada/debug] reload requested: ServerSwitch
[15:50:59] [Client thread/INFO] [STDOUT]: [Enginex v5.16.3 - Wada] [Wada/debug] cleanAndReload begin: sessionId=13, awaitingHandshake=true
[15:50:59] [Client thread/INFO] [STDOUT]: [Enginex v5.16.3 - Wada] VAO support: true
[15:50:59] [Client thread/INFO] [STDOUT]: [Enginex v5.16.3 - Wada] Initialization with mod Wada
[15:50:59] [Client thread/INFO] [STDOUT]: [Enginex v5.16.3 - Wada] Successfully initialized
[15:50:59] [Client thread/INFO] [STDOUT]: [Enginex v5.16.3 - Wada] [Wada/debug] handshake complete (w4:load), awaitingHandshake=false, sessionId=13
[15:50:59] [Client thread/INFO] Found file C:\Users\tveiv\.cristalix\updates\Minigames\server-resource-packs\c5eec2c68b366bac6adc6e80461b2c767edeb760 matching requested hash 66f21cb788763dfc8fb023aa4f535b2c064325b3
[15:50:59] [Client thread/INFO] Joining server Аркады
[15:50:59] [voice-openal-speaker/ERROR] Voicechat sound manager ALC error: #JFuFV.smmQ[68] Invalid device
[15:50:59] [vc-microphone/INFO] Use OpenAL Soft on Микрофон (MCHOSE V9 PRO) as microphone
[15:50:59] [vc-microphone/INFO] Microphone closed
[15:51:00] [Client thread/INFO] [STDOUT]: [Enginex v5.16.2 - Arcadia] VAO support: true
[15:51:00] [Client thread/INFO] [STDOUT]: [Enginex v5.16.2 - Arcadia] Initialization with mod Arcadia
[15:51:00] [Client thread/INFO] Loaded mod Arcadia/9ec5bcc1-5f7c-a65a-f1c8-7bc7574b5468 v5.7.2+0d697b5 in 3 ms
[15:51:00] [Thread-59/INFO] [STDOUT]: [Enginex v5.16.2 - Arcadia] Successfully initialized
[15:53:39] [Client thread/INFO] [CHAT] \n\nПобедила команда: Красные\nИгрок: P ┃ Tveiv\n\nТоп убийств\n1. Tveiv (3 убийства)\n2. MalikaMistick (2 убийства)\n\n
[15:53:39] [Client thread/INFO] [CHAT] \nХочешь начать новую игру?\n[НОВАЯ ИГРА] [ПОКИНУТЬ ИГРУ]\n 
[15:53:41] [Client thread/INFO] [CHAT] С MalikaMistick » пп
[15:53:42] [Client thread/INFO] [CHAT] i Перемещаем Вас в лобби!
[15:53:42] [Network thread/INFO] Protocol upgrade mask: 157
[15:53:42] [Network thread/INFO] Upgrading protocol
[15:53:42] [Client thread/INFO] Invalidating server data
[15:53:42] [Client thread/INFO] Unloading mod Arcadia/9ec5bcc1-5f7c-a65a-f1c8-7bc7574b5468
[15:53:42] [Client thread/INFO] [STDOUT]: Settings successfully saved to arcade-settings.json.
[15:53:42] [Client thread/INFO] [STDOUT]: [Enginex v5.16.3 - Wada] [Wada/debug] reload requested: ServerSwitch
[15:53:42] [Client thread/INFO] [STDOUT]: [Enginex v5.16.3 - Wada] [Wada/debug] cleanAndReload begin: sessionId=14, awaitingHandshake=true
[15:53:42] [Client thread/INFO] [STDOUT]: [Enginex v5.16.3 - Wada] VAO support: true
[15:53:42] [Client thread/INFO] [STDOUT]: [Enginex v5.16.3 - Wada] Initialization with mod Wada
[15:53:42] [Client thread/INFO] [STDOUT]: [Enginex v5.16.3 - Wada] Successfully initialized
[15:53:42] [Client thread/INFO] [STDOUT]: [Enginex v5.16.3 - Wada] [Wada/debug] handshake complete (w4:load), awaitingHandshake=false, sessionId=14
[15:53:42] [Client thread/INFO] [CHAT] \n Свежие новости и не только!\n Подписывайся на Telegram Аркад\n t.me/double_schizo\n
[15:53:42] [Client thread/INFO] Found file C:\Users\tveiv\.cristalix\updates\Minigames\server-resource-packs\c5eec2c68b366bac6adc6e80461b2c767edeb760 matching requested hash 66f21cb788763dfc8fb023aa4f535b2c064325b3
[15:53:42] [Client thread/INFO] Joining server Лобби Аркад #5
[15:53:42] [voice-openal-speaker/ERROR] Voicechat sound manager ALC error: #JFuFV.smmQ[68] Invalid device
[15:53:42] [vc-microphone/INFO] Use OpenAL Soft on Микрофон (MCHOSE V9 PRO) as microphone
[15:53:42] [vc-microphone/INFO] Microphone closed
[15:53:43] [Client thread/INFO] [STDOUT]: [Enginex v5.16.2 - Arcadia] VAO support: true
[15:53:43] [Client thread/INFO] [STDOUT]: [Enginex v5.16.2 - Arcadia] Initialization with mod Arcadia
[15:53:43] [Client thread/INFO] Loaded mod Arcadia/9ec5bcc1-5f7c-a65a-f1c8-7bc7574b5468 v5.7.2+0d697b5 in 2 ms
[15:53:43] [Thread-60/INFO] [STDOUT]: [Enginex v5.16.2 - Arcadia] Successfully initialized
[15:53:44] [Client thread/INFO] [STDOUT]: [Enginex v5.16.2 - Arcadia-Lobby] VAO support: true
[15:53:44] [Client thread/INFO] [STDOUT]: [Enginex v5.16.2 - Arcadia-Lobby] Initialization with mod Arcadia-Lobby
[15:53:44] [Client thread/INFO] Loaded mod Arcadia-Lobby/d67954a5-ec50-f428-040d-04a5618574f3 v2.1.2+ef3923d in 2 ms
[15:53:44] [Thread-61/INFO] [STDOUT]: [Enginex v5.16.2 - Arcadia-Lobby] Successfully initialized
[15:53:53] [Network thread/INFO] Protocol upgrade mask: 157
[15:53:53] [Network thread/INFO] Upgrading protocol
[15:53:53] [Client thread/INFO] Invalidating server data
[15:53:53] [Client thread/INFO] Unloading mod Arcadia-Lobby/d67954a5-ec50-f428-040d-04a5618574f3
[15:53:53] [Client thread/INFO] Unloading mod Arcadia/9ec5bcc1-5f7c-a65a-f1c8-7bc7574b5468
[15:53:53] [Client thread/INFO] [STDOUT]: Settings successfully saved to arcade-settings.json.
[15:53:53] [Client thread/INFO] [STDOUT]: [Enginex v5.16.3 - Wada] [Wada/debug] reload requested: ServerSwitch
[15:53:53] [Client thread/INFO] [STDOUT]: [Enginex v5.16.3 - Wada] [Wada/debug] cleanAndReload begin: sessionId=15, awaitingHandshake=true
[15:53:53] [Client thread/INFO] [STDOUT]: [Enginex v5.16.3 - Wada] VAO support: true
[15:53:53] [Client thread/INFO] [STDOUT]: [Enginex v5.16.3 - Wada] Initialization with mod Wada
[15:53:53] [Client thread/INFO] [STDOUT]: [Enginex v5.16.3 - Wada] Successfully initialized
[15:53:53] [Client thread/INFO] Joining server Хаб #1
[15:53:53] [Client thread/INFO] Reloading ResourceManager: assets-addon.jar, Default
[15:53:53] [Client thread/WARN] Missing sound for event: minecraft:entity.turtle.ambient
[15:53:53] [Client thread/WARN] Missing sound for event: minecraft:entity.turtle.baby_hurt
[15:53:53] [Client thread/WARN] Missing sound for event: minecraft:entity.turtle.hurt
[15:53:53] [Client thread/WARN] Missing sound for event: minecraft:entity.turtle.baby_death
[15:53:53] [Client thread/WARN] Missing sound for event: minecraft:entity.turtle.death
[15:53:53] [Client thread/WARN] Missing sound for event: minecraft:entity.turtle.baby_step
[15:53:53] [Client thread/WARN] Missing sound for event: minecraft:entity.turtle.step
[15:53:53] [Client thread/WARN] Missing sound for event: minecraft:entity.turtle.swim
[15:53:53] [Client thread/WARN] Missing sound for event: minecraft:block.turtle_egg.crack
[15:53:53] [Client thread/WARN] Missing sound for event: minecraft:block.turtle_egg.egg_break
[15:53:53] [Client thread/WARN] Missing sound for event: minecraft:block.turtle_egg.fall
[15:53:53] [Client thread/WARN] Missing sound for event: minecraft:block.turtle_egg.hatch
[15:53:53] [Client thread/INFO] SoundSystem shutting down...
[15:53:53] [Client thread/WARN] Author: Paul Lamb, www.paulscode.com
[15:53:53] [Client thread/INFO] Starting up SoundSystem...
[15:53:53] [Thread-62/INFO] Initializing LWJGL OpenAL
[15:53:53] [Thread-62/INFO] (The LWJGL binding of OpenAL.  For more information, see http://www.lwjgl.org)
[15:53:53] [Thread-62/INFO] OpenAL audio device: OpenAL Soft on Динамики (MCHOSE V9 PRO)
[15:53:53] [Thread-62/INFO] OpenAL initialized.
[15:53:53] [Client thread/INFO] Sound engine reloaded
[15:53:53] [ForkJoinPool.commonPool-worker-5/WARN] Unable to load variant: axis=x from minecraft:lodestone#axis=x
[15:53:53] [ForkJoinPool.commonPool-worker-5/WARN] Unable to load variant: axis=y from minecraft:lodestone#axis=y
[15:53:53] [ForkJoinPool.commonPool-worker-5/WARN] Unable to load variant: axis=z from minecraft:lodestone#axis=z
[15:53:53] [ForkJoinPool.commonPool-worker-5/ERROR] Unable to load item model: 'minecraft:mcpatcher/cit/others/megumin_hat#inventory' for item: 'minecraft:mcpatcher/cit/others/megumin_hat'
[15:53:53] [ForkJoinPool.commonPool-worker-5/INFO] [OptiFine] Mipmap levels: 4
[15:53:53] [ForkJoinPool.commonPool-worker-5/INFO] [OptiFine] Multi-texturing: false
[15:53:53] [ForkJoinPool.commonPool-worker-5/INFO] [OptiFine] Multipass connected textures: false
[15:53:53] [ForkJoinPool.commonPool-worker-5/INFO] [OptiFine] BetterGrass: Parsing default configuration optifine/bettergrass.properties
[15:53:53] [ForkJoinPool.commonPool-worker-5/FATAL] [OptiFine] Scaled too small texture: minecraft:particles/glow_2, 8 -> 16
[15:53:53] [ForkJoinPool.commonPool-worker-5/FATAL] [OptiFine] Scaled too small texture: minecraft:particles/glow_1, 8 -> 16
[15:53:53] [ForkJoinPool.commonPool-worker-5/FATAL] [OptiFine] Scaled too small texture: minecraft:particles/glow_0, 8 -> 16
[15:53:53] [ForkJoinPool.commonPool-worker-5/FATAL] [OptiFine] Scaled too small texture: minecraft:particles/glow_6, 8 -> 16
[15:53:53] [ForkJoinPool.commonPool-worker-5/FATAL] [OptiFine] Scaled too small texture: minecraft:particles/glow_5, 8 -> 16
[15:53:53] [ForkJoinPool.commonPool-worker-5/FATAL] [OptiFine] Scaled too small texture: minecraft:particles/glow_4, 8 -> 16
[15:53:53] [ForkJoinPool.commonPool-worker-5/FATAL] [OptiFine] Scaled too small texture: minecraft:particles/glow_3, 8 -> 16
[15:53:53] [ForkJoinPool.commonPool-worker-5/FATAL] [OptiFine] Scaled too small texture: minecraft:particles/glow_9, 8 -> 16
[15:53:53] [ForkJoinPool.commonPool-worker-5/FATAL] [OptiFine] Scaled too small texture: minecraft:particles/glow_8, 8 -> 16
[15:53:53] [ForkJoinPool.commonPool-worker-5/FATAL] [OptiFine] Scaled too small texture: minecraft:particles/glow_7, 8 -> 16
[15:53:53] [ForkJoinPool.commonPool-worker-5/FATAL] [OptiFine] Scaled too small texture: minecraft:particles/glow_11, 8 -> 16
[15:53:53] [ForkJoinPool.commonPool-worker-5/FATAL] [OptiFine] Scaled too small texture: minecraft:particles/glow_10, 8 -> 16
[15:53:53] [ForkJoinPool.commonPool-worker-5/FATAL] [OptiFine] Scaled too small texture: minecraft:particles/glow_13, 8 -> 16
[15:53:53] [ForkJoinPool.commonPool-worker-5/FATAL] [OptiFine] Scaled too small texture: minecraft:particles/glow_12, 8 -> 16
[15:53:53] [ForkJoinPool.commonPool-worker-5/FATAL] [OptiFine] Scaled too small texture: minecraft:particles/glow_15, 8 -> 16
[15:53:53] [ForkJoinPool.commonPool-worker-5/FATAL] [OptiFine] Scaled too small texture: minecraft:particles/glow_14, 8 -> 16
[15:53:53] [ForkJoinPool.commonPool-worker-5/INFO] load sprites for 3ms
[15:53:53] [ForkJoinPool.commonPool-worker-5/INFO] Created: 1024x1024 textures-atlas in 13ms
[15:53:53] [ForkJoinPool.commonPool-worker-5/INFO] [DEBUG] Atlas assembly for 1.610ms
[15:53:53] [Client thread/INFO] [DEBUG] upload atlas for 1.134ms
[15:53:53] [Client thread/INFO] [DEBUG] Generate mipmaps for 0.004ms
[15:53:53] [Client thread/INFO] [OptiFine] Animated sprites: 0
[15:53:53] [Client thread/INFO] [OptiFine] CustomColors: Loading mcpatcher/color.properties
[15:53:53] [Client thread/INFO] Textures loaded for 287.203ms
[15:53:53] [Client thread/INFO] Loaded mod HubMod/263fe96d-e6d3-61de-86d8-a30829bc1aba v1.4.5 in 8 ms
[15:53:54] [Client thread/INFO] Loaded mod Visual Driver/2ecdd2b5-8e37-2961-2267-c03148a73e9b v3.8.31+9da32142 in 5 ms
[15:53:56] [Client thread/INFO] [STDOUT]: [Enginex v5.16.3 - Wada] [Wada/debug] handshake complete (w4:load), awaitingHandshake=false, sessionId=15
[15:54:35] [Network thread/INFO] Protocol upgrade mask: 157
[15:54:35] [Network thread/INFO] Upgrading protocol
[15:54:35] [Client thread/INFO] Invalidating server data
[15:54:35] [Client thread/INFO] Unloading mod Visual Driver/2ecdd2b5-8e37-2961-2267-c03148a73e9b
[15:54:35] [Client thread/INFO] Unloading mod HubMod/263fe96d-e6d3-61de-86d8-a30829bc1aba
[15:54:35] [Client thread/INFO] [STDOUT]: [Enginex v5.16.3 - Wada] [Wada/debug] reload requested: ServerSwitch
[15:54:35] [Client thread/INFO] [STDOUT]: [Enginex v5.16.3 - Wada] [Wada/debug] cleanAndReload begin: sessionId=16, awaitingHandshake=true
[15:54:35] [Client thread/INFO] [STDOUT]: [Enginex v5.16.3 - Wada] VAO support: true
[15:54:35] [Client thread/INFO] [STDOUT]: [Enginex v5.16.3 - Wada] Initialization with mod Wada
[15:54:35] [Client thread/INFO] [STDOUT]: [Enginex v5.16.3 - Wada] Successfully initialized
[15:54:35] [Client thread/INFO] Found file C:\Users\tveiv\.cristalix\updates\Minigames\server-resource-packs\40bb4597c7ce6b5b4690666d2a8804747a202ba3 matching requested hash 2a33a213ea168e73eaf34aeab631978eb6603e7b
[15:54:35] [Client thread/INFO] Cache hit
[15:54:35] [Client thread/INFO] Joining server VoidGame #1
[15:54:35] [Client thread/INFO] Reloading ResourceManager: assets-addon.jar, Default, 40bb4597c7ce6b5b4690666d2a8804747a202ba3
[15:54:35] [Client thread/WARN] Missing sound for event: minecraft:entity.turtle.ambient
[15:54:35] [Client thread/WARN] Missing sound for event: minecraft:entity.turtle.baby_hurt
[15:54:35] [Client thread/WARN] Missing sound for event: minecraft:entity.turtle.hurt
[15:54:35] [Client thread/WARN] Missing sound for event: minecraft:entity.turtle.baby_death
[15:54:35] [Client thread/WARN] Missing sound for event: minecraft:entity.turtle.death
[15:54:35] [Client thread/WARN] Missing sound for event: minecraft:entity.turtle.baby_step
[15:54:35] [Client thread/WARN] Missing sound for event: minecraft:entity.turtle.step
[15:54:35] [Client thread/WARN] Missing sound for event: minecraft:entity.turtle.swim
[15:54:35] [Client thread/WARN] Missing sound for event: minecraft:block.turtle_egg.crack
[15:54:35] [Client thread/WARN] Missing sound for event: minecraft:block.turtle_egg.egg_break
[15:54:35] [Client thread/WARN] Missing sound for event: minecraft:block.turtle_egg.fall
[15:54:35] [Client thread/WARN] Missing sound for event: minecraft:block.turtle_egg.hatch
[15:54:35] [Client thread/INFO] SoundSystem shutting down...
[15:54:35] [Client thread/WARN] Author: Paul Lamb, www.paulscode.com
[15:54:35] [Client thread/INFO] Starting up SoundSystem...
[15:54:35] [Thread-66/INFO] Initializing LWJGL OpenAL
[15:54:35] [Thread-66/INFO] (The LWJGL binding of OpenAL.  For more information, see http://www.lwjgl.org)
[15:54:35] [Thread-66/INFO] OpenAL audio device: OpenAL Soft on Динамики (MCHOSE V9 PRO)
[15:54:35] [Thread-66/INFO] OpenAL initialized.
[15:54:35] [Client thread/INFO] Sound engine reloaded
[15:54:36] [ForkJoinPool.commonPool-worker-3/WARN] Unable to load variant: axis=x from minecraft:lodestone#axis=x
[15:54:36] [ForkJoinPool.commonPool-worker-3/WARN] Unable to load variant: axis=y from minecraft:lodestone#axis=y
[15:54:36] [ForkJoinPool.commonPool-worker-3/WARN] Unable to load variant: axis=z from minecraft:lodestone#axis=z
[15:54:36] [ForkJoinPool.commonPool-worker-3/ERROR] Unable to load item model: 'minecraft:mcpatcher/cit/others/megumin_hat#inventory' for item: 'minecraft:mcpatcher/cit/others/megumin_hat'
[15:54:36] [ForkJoinPool.commonPool-worker-3/INFO] [OptiFine] Mipmap levels: 4
[15:54:36] [ForkJoinPool.commonPool-worker-3/INFO] [OptiFine] Multi-texturing: false
[15:54:36] [ForkJoinPool.commonPool-worker-3/INFO] [OptiFine] Multipass connected textures: false
[15:54:36] [ForkJoinPool.commonPool-worker-3/INFO] [OptiFine] BetterGrass: Parsing default configuration optifine/bettergrass.properties
[15:54:36] [ForkJoinPool.commonPool-worker-3/FATAL] [OptiFine] Scaled too small texture: minecraft:particles/glow_2, 8 -> 16
[15:54:36] [ForkJoinPool.commonPool-worker-3/FATAL] [OptiFine] Scaled too small texture: minecraft:particles/glow_1, 8 -> 16
[15:54:36] [ForkJoinPool.commonPool-worker-3/FATAL] [OptiFine] Scaled too small texture: minecraft:particles/glow_0, 8 -> 16
[15:54:36] [ForkJoinPool.commonPool-worker-3/FATAL] [OptiFine] Scaled too small texture: minecraft:particles/glow_6, 8 -> 16
[15:54:36] [ForkJoinPool.commonPool-worker-3/FATAL] [OptiFine] Scaled too small texture: minecraft:particles/glow_5, 8 -> 16
[15:54:36] [ForkJoinPool.commonPool-worker-3/FATAL] [OptiFine] Scaled too small texture: minecraft:particles/glow_4, 8 -> 16
[15:54:36] [ForkJoinPool.commonPool-worker-3/FATAL] [OptiFine] Scaled too small texture: minecraft:particles/glow_3, 8 -> 16
[15:54:36] [ForkJoinPool.commonPool-worker-3/FATAL] [OptiFine] Scaled too small texture: minecraft:particles/glow_9, 8 -> 16
[15:54:36] [ForkJoinPool.commonPool-worker-3/FATAL] [OptiFine] Scaled too small texture: minecraft:particles/glow_8, 8 -> 16
[15:54:36] [ForkJoinPool.commonPool-worker-3/FATAL] [OptiFine] Scaled too small texture: minecraft:particles/glow_7, 8 -> 16
[15:54:36] [ForkJoinPool.commonPool-worker-3/ERROR] Using missing texture, unable to load minecraft:textures/items/wooden_sword.png
[15:54:36] [ForkJoinPool.commonPool-worker-3/FATAL] [OptiFine] Scaled too small texture: minecraft:particles/glow_11, 8 -> 16
[15:54:36] [ForkJoinPool.commonPool-worker-3/FATAL] [OptiFine] Scaled too small texture: minecraft:particles/glow_10, 8 -> 16
[15:54:36] [ForkJoinPool.commonPool-worker-3/FATAL] [OptiFine] Scaled too small texture: minecraft:particles/glow_13, 8 -> 16
[15:54:36] [ForkJoinPool.commonPool-worker-3/FATAL] [OptiFine] Scaled too small texture: minecraft:particles/glow_12, 8 -> 16
[15:54:36] [ForkJoinPool.commonPool-worker-3/FATAL] [OptiFine] Scaled too small texture: minecraft:particles/glow_15, 8 -> 16
[15:54:36] [ForkJoinPool.commonPool-worker-3/FATAL] [OptiFine] Scaled too small texture: minecraft:particles/glow_14, 8 -> 16
[15:54:36] [ForkJoinPool.commonPool-worker-3/INFO] load sprites for 5ms
[15:54:36] [ForkJoinPool.commonPool-worker-3/INFO] Created: 1024x1024 textures-atlas in 16ms
[15:54:36] [ForkJoinPool.commonPool-worker-3/INFO] [DEBUG] Atlas assembly for 1.814ms
[15:54:36] [Client thread/INFO] [DEBUG] upload atlas for 1.337ms
[15:54:36] [Client thread/INFO] [DEBUG] Generate mipmaps for 0.003ms
[15:54:36] [Client thread/INFO] [OptiFine] Animated sprites: 0
[15:54:36] [Client thread/INFO] [OptiFine] CustomColors: Loading mcpatcher/color.properties
[15:54:36] [Client thread/INFO] Textures loaded for 298.832ms
[15:54:36] [Client thread/INFO] Start loading of mod VoidMod
[15:54:36] [Client thread/INFO] Loading mod VoidMod v1.0+089d877 by ZeksterP
[15:54:36] [Client thread/INFO] [STDOUT]: [Enginex v5.13.11-TEST-2 - VoidMod] VAO support: true
[15:54:36] [Client thread/INFO] [STDOUT]: [Enginex v5.13.11-TEST-2 - VoidMod] Initialization with mod VoidMod
[15:54:37] [Client thread/INFO] [STDOUT]: [Enginex v5.13.11-TEST-2 - VoidMod] Successfully initialized
[15:54:37] [Client thread/INFO] Loaded mod VoidMod v1.0+089d877 in 744 ms
[15:54:37] [Client thread/INFO] [STDOUT]: [Enginex v5.16.3 - Wada] [Wada/debug] handshake complete (w4:load), awaitingHandshake=false, sessionId=16
[15:54:46] [Network thread/INFO] Protocol upgrade mask: 157
[15:54:46] [Network thread/INFO] Upgrading protocol
[15:54:46] [Client thread/INFO] Invalidating server data
[15:54:46] [Client thread/INFO] Unloading mod VoidMod/c1ec94cc-1004-abcb-f032-99bd3890f374
[15:54:46] [Client thread/INFO] [STDOUT]: [Enginex v5.16.3 - Wada] [Wada/debug] reload requested: ServerSwitch
[15:54:46] [Client thread/INFO] [STDOUT]: [Enginex v5.16.3 - Wada] [Wada/debug] cleanAndReload begin: sessionId=17, awaitingHandshake=true
[15:54:46] [Client thread/INFO] [STDOUT]: [Enginex v5.16.3 - Wada] VAO support: true
[15:54:46] [Client thread/INFO] [STDOUT]: [Enginex v5.16.3 - Wada] Initialization with mod Wada
[15:54:46] [Client thread/INFO] [STDOUT]: [Enginex v5.16.3 - Wada] Successfully initialized
[15:54:47] [Client thread/INFO] Joining server Хаб #3
[15:54:47] [Client thread/INFO] Reloading ResourceManager: assets-addon.jar, Default
[15:54:47] [Client thread/WARN] Missing sound for event: minecraft:entity.turtle.ambient
[15:54:47] [Client thread/WARN] Missing sound for event: minecraft:entity.turtle.baby_hurt
[15:54:47] [Client thread/WARN] Missing sound for event: minecraft:entity.turtle.hurt
[15:54:47] [Client thread/WARN] Missing sound for event: minecraft:entity.turtle.baby_death
[15:54:47] [Client thread/WARN] Missing sound for event: minecraft:entity.turtle.death
[15:54:47] [Client thread/WARN] Missing sound for event: minecraft:entity.turtle.baby_step
[15:54:47] [Client thread/WARN] Missing sound for event: minecraft:entity.turtle.step
[15:54:47] [Client thread/WARN] Missing sound for event: minecraft:entity.turtle.swim
[15:54:47] [Client thread/WARN] Missing sound for event: minecraft:block.turtle_egg.crack
[15:54:47] [Client thread/WARN] Missing sound for event: minecraft:block.turtle_egg.egg_break
[15:54:47] [Client thread/WARN] Missing sound for event: minecraft:block.turtle_egg.fall
[15:54:47] [Client thread/WARN] Missing sound for event: minecraft:block.turtle_egg.hatch
[15:54:47] [Client thread/INFO] SoundSystem shutting down...
[15:54:47] [Client thread/WARN] Author: Paul Lamb, www.paulscode.com
[15:54:47] [Client thread/INFO] Starting up SoundSystem...
[15:54:47] [Thread-69/INFO] Initializing LWJGL OpenAL
[15:54:47] [Thread-69/INFO] (The LWJGL binding of OpenAL.  For more information, see http://www.lwjgl.org)
[15:54:47] [Thread-69/INFO] OpenAL audio device: OpenAL Soft on Динамики (MCHOSE V9 PRO)
[15:54:47] [Thread-69/INFO] OpenAL initialized.
[15:54:47] [Client thread/INFO] Sound engine reloaded
[15:54:47] [Client thread/INFO] Loaded mod HubMod/263fe96d-e6d3-61de-86d8-a30829bc1aba v1.4.5 in 9 ms
[15:54:47] [Client thread/ERROR] Error on handle event #Oodio in Mod{name='HubMod', version='1.4.5', persistent=true, delegate=gg.cristalix.HubMod, modState=LOADED}
java.util.ConcurrentModificationException
	at java.base/java.util.ArrayList$Itr.checkForComodification(Unknown Source)
	at java.base/java.util.ArrayList$Itr.next(Unknown Source)
	at HubMod-v1.4.5//ru.cristalix.uiengine.element.RectangleElement.updateInteractiveState(SourceFile:71)
	at HubMod-v1.4.5//ru.cristalix.uiengine.element.Context.transformAndRender(SourceFile:29)
	at HubMod-v1.4.5//ru.cristalix.uiengine.UIEngine.renderOverlay(SourceFile:408)
	at HubMod-v1.4.5//ru.cristalix.uiengine.UIEngine.initialize$lambda$0(SourceFile:110)
	at HubMod-v1.4.5//ru.cristalix.uiengine.UIEngine.injectedLambda$initialize$lambda$0$0(SourceFile)
	at HubMod-v1.4.5//ru.cristalix.uiengine.UIEngineKt$sam$i$java_util_function_Consumer$0.accept(SourceFile)
	at #BpbuI.sfko(SourceFile:56)
	at #vvkfI.mvG(Unknown Source)
	at #vvkfI.accept(Unknown Source)
	at #ykMcj.slwQ(SourceFile:105)
	at #BrtKi.laL(Unknown Source)
	at #BrtKi.accept(Unknown Source)
	at #SmDYl.shof(SourceFile:59)
	at #vxdAh.blq(SourceFile)
	at #DRZva.smvZ(SourceFile:89)
	at #WblDI.sciG(SourceFile:100)
	at #DDMvh.hcz(SourceFile)
	at #KwssZ.sakA(SourceFile:50)
	at #faKBl.scAd(SourceFile:1473)
	at #XIHRa.slgH(SourceFile:383)
	at #sQujC.seKa(SourceFile:1204)
	at #MtapD.smVx(SourceFile:1076)
	at #pdLpc.sgQh(SourceFile:3489)
	at #uYbVs.shtC(SourceFile:1509)
	at #UDDPE.sdDd(Unknown Source:1640)
	at #GMfdJ.sask(SourceFile:487)
	at net.minecraft.client.main.GameMain.iwR(SourceFile:220)
	at net.minecraft.client.main.GameMain.jtH(SourceFile:156)
	at #ZpHYL.i(Unknown Source)
	at #ZpHYL.run(Unknown Source)
	at java.base/java.lang.Thread.run(Unknown Source)
[15:54:47] [ForkJoinPool.commonPool-worker-2/WARN] Unable to load variant: axis=x from minecraft:lodestone#axis=x
[15:54:47] [ForkJoinPool.commonPool-worker-2/WARN] Unable to load variant: axis=y from minecraft:lodestone#axis=y
[15:54:47] [ForkJoinPool.commonPool-worker-2/WARN] Unable to load variant: axis=z from minecraft:lodestone#axis=z
[15:54:47] [ForkJoinPool.commonPool-worker-2/ERROR] Unable to load item model: 'minecraft:mcpatcher/cit/others/megumin_hat#inventory' for item: 'minecraft:mcpatcher/cit/others/megumin_hat'
[15:54:47] [ForkJoinPool.commonPool-worker-2/INFO] [OptiFine] Mipmap levels: 4
[15:54:47] [ForkJoinPool.commonPool-worker-2/INFO] [OptiFine] Multi-texturing: false
[15:54:47] [ForkJoinPool.commonPool-worker-2/INFO] [OptiFine] Multipass connected textures: false
[15:54:47] [ForkJoinPool.commonPool-worker-2/INFO] [OptiFine] BetterGrass: Parsing default configuration optifine/bettergrass.properties
[15:54:47] [ForkJoinPool.commonPool-worker-2/FATAL] [OptiFine] Scaled too small texture: minecraft:particles/glow_2, 8 -> 16
[15:54:47] [ForkJoinPool.commonPool-worker-2/FATAL] [OptiFine] Scaled too small texture: minecraft:particles/glow_1, 8 -> 16
[15:54:47] [ForkJoinPool.commonPool-worker-2/FATAL] [OptiFine] Scaled too small texture: minecraft:particles/glow_0, 8 -> 16
[15:54:47] [ForkJoinPool.commonPool-worker-2/FATAL] [OptiFine] Scaled too small texture: minecraft:particles/glow_6, 8 -> 16
[15:54:47] [ForkJoinPool.commonPool-worker-2/FATAL] [OptiFine] Scaled too small texture: minecraft:particles/glow_5, 8 -> 16
[15:54:47] [ForkJoinPool.commonPool-worker-2/FATAL] [OptiFine] Scaled too small texture: minecraft:particles/glow_4, 8 -> 16
[15:54:47] [ForkJoinPool.commonPool-worker-2/FATAL] [OptiFine] Scaled too small texture: minecraft:particles/glow_3, 8 -> 16
[15:54:47] [ForkJoinPool.commonPool-worker-2/FATAL] [OptiFine] Scaled too small texture: minecraft:particles/glow_9, 8 -> 16
[15:54:47] [ForkJoinPool.commonPool-worker-2/FATAL] [OptiFine] Scaled too small texture: minecraft:particles/glow_8, 8 -> 16
[15:54:47] [ForkJoinPool.commonPool-worker-2/FATAL] [OptiFine] Scaled too small texture: minecraft:particles/glow_7, 8 -> 16
[15:54:47] [ForkJoinPool.commonPool-worker-2/FATAL] [OptiFine] Scaled too small texture: minecraft:particles/glow_11, 8 -> 16
[15:54:47] [ForkJoinPool.commonPool-worker-2/FATAL] [OptiFine] Scaled too small texture: minecraft:particles/glow_10, 8 -> 16
[15:54:47] [ForkJoinPool.commonPool-worker-2/FATAL] [OptiFine] Scaled too small texture: minecraft:particles/glow_13, 8 -> 16
[15:54:47] [ForkJoinPool.commonPool-worker-2/FATAL] [OptiFine] Scaled too small texture: minecraft:particles/glow_12, 8 -> 16
[15:54:47] [ForkJoinPool.commonPool-worker-2/FATAL] [OptiFine] Scaled too small texture: minecraft:particles/glow_15, 8 -> 16
[15:54:47] [ForkJoinPool.commonPool-worker-2/FATAL] [OptiFine] Scaled too small texture: minecraft:particles/glow_14, 8 -> 16
[15:54:47] [ForkJoinPool.commonPool-worker-2/INFO] load sprites for 2ms
[15:54:47] [ForkJoinPool.commonPool-worker-2/INFO] Created: 1024x1024 textures-atlas in 10ms
[15:54:47] [ForkJoinPool.commonPool-worker-2/INFO] [DEBUG] Atlas assembly for 2.075ms
[15:54:47] [Client thread/INFO] [DEBUG] upload atlas for 1.285ms
[15:54:47] [Client thread/INFO] [DEBUG] Generate mipmaps for 0.003ms
[15:54:47] [Client thread/INFO] [OptiFine] Animated sprites: 0
[15:54:47] [Client thread/INFO] [OptiFine] CustomColors: Loading mcpatcher/color.properties
[15:54:47] [Client thread/INFO] Textures loaded for 286.494ms
[15:54:47] [Client thread/INFO] Loaded mod Visual Driver/2ecdd2b5-8e37-2961-2267-c03148a73e9b v3.8.31+9da32142 in 3 ms
[15:54:48] [Client thread/INFO] [STDOUT]: [Enginex v5.16.3 - Wada] [Wada/debug] handshake complete (w4:load), awaitingHandshake=false, sessionId=17
[15:55:04] [Network thread/INFO] Protocol upgrade mask: 157
[15:55:04] [Network thread/INFO] Upgrading protocol
[15:55:04] [Client thread/INFO] Invalidating server data
[15:55:04] [Client thread/INFO] Unloading mod Visual Driver/2ecdd2b5-8e37-2961-2267-c03148a73e9b
[15:55:04] [Client thread/INFO] Unloading mod HubMod/263fe96d-e6d3-61de-86d8-a30829bc1aba
[15:55:04] [Client thread/INFO] [STDOUT]: [Enginex v5.16.3 - Wada] [Wada/debug] reload requested: ServerSwitch
[15:55:04] [Client thread/INFO] [STDOUT]: [Enginex v5.16.3 - Wada] [Wada/debug] cleanAndReload begin: sessionId=18, awaitingHandshake=true
[15:55:04] [Client thread/INFO] [STDOUT]: [Enginex v5.16.3 - Wada] VAO support: true
[15:55:04] [Client thread/INFO] [STDOUT]: [Enginex v5.16.3 - Wada] Initialization with mod Wada
[15:55:04] [Client thread/INFO] [STDOUT]: [Enginex v5.16.3 - Wada] Successfully initialized
[15:55:04] [Client thread/INFO] Start loading of mod DoubleJump
[15:55:04] [Client thread/INFO] Loading mod DoubleJump v1.0 by NeitExx
[15:55:04] [Client thread/INFO] Loaded mod DoubleJump v1.0 in 2 ms
[15:55:04] [Client thread/INFO] Start loading of mod Visual Driver
[15:55:04] [Client thread/INFO] Loading classes of Visual Driver
[15:55:04] [Client thread/INFO] Joining server Cristalix
[15:55:04] [ForkJoinPool.commonPool-worker-7/INFO] Visual Driver-v3.8.26+4b93fe4: class verification completed in 10ms
[15:55:04] [ForkJoinPool.commonPool-worker-7/INFO] Visual Driver-v3.8.26+4b93fe4: defineClasses completed in 0ms
[15:55:04] [ForkJoinPool.commonPool-worker-7/INFO] Loaded classes in mod Visual Driver in 13 ms
[15:55:04] [voice-openal-speaker/ERROR] Voicechat sound manager ALC error: #JFuFV.smmQ[68] Invalid device
[15:55:04] [vc-microphone/INFO] Use OpenAL Soft on Микрофон (MCHOSE V9 PRO) as microphone
[15:55:04] [Client thread/INFO] Loading mod Visual Driver v3.8.26+4b93fe4 by Cristalix Team
[15:55:04] [vc-microphone/INFO] Microphone closed
[15:55:04] [Client thread/INFO] Loaded mod Visual Driver v3.8.26+4b93fe4 in 49 ms
[15:55:04] [Client thread/INFO] Start loading of mod GTM_UI
[15:55:04] [Client thread/INFO] Loading classes of GTM_UI
[15:55:04] [ForkJoinPool.commonPool-worker-7/INFO] GTM_UI-vunspecified+9429049: class verification completed in 3ms
[15:55:04] [ForkJoinPool.commonPool-worker-7/INFO] GTM_UI-vunspecified+9429049: defineClasses completed in 0ms
[15:55:04] [ForkJoinPool.commonPool-worker-7/INFO] Loaded classes in mod GTM_UI in 3 ms
[15:55:04] [Client thread/INFO] Loading mod GTM_UI vunspecified+9429049 by PartyIsLife
[15:55:04] [Client thread/INFO] Loaded mod GTM_UI vunspecified+9429049 in 54 ms
[15:55:04] [Client thread/INFO] Start loading of mod Wada Addons
[15:55:04] [Client thread/INFO] Loading classes of Wada Addons
[15:55:04] [Client thread/INFO] Start loading of mod JediCraftMod
[15:55:04] [Client thread/INFO] Loading classes of JediCraftMod
[15:55:04] [Client thread/INFO] [STDOUT]: [Enginex v5.16.3 - Wada] [Wada/debug] handshake complete (w4:load), awaitingHandshake=false, sessionId=18
[15:55:04] [Client thread/INFO] [STDOUT]: [Enginex v5.16.3 - Wada] [Wada/debug] handshake complete (w2:load), awaitingHandshake=false, sessionId=18
[15:55:05] [Client thread/INFO] [STDOUT]: Experimental module loaded successfully!
[15:55:05] [Client thread/INFO] [CHAT] Вы получили квест Пробуждение
[15:55:05] [ForkJoinPool.commonPool-worker-4/INFO] Wada Addons-v0.0.51+4330e4e: class verification completed in 8ms
[15:55:05] [ForkJoinPool.commonPool-worker-4/INFO] Wada Addons-v0.0.51+4330e4e: defineClasses completed in 0ms
[15:55:05] [ForkJoinPool.commonPool-worker-4/INFO] Loaded classes in mod Wada Addons in 9 ms
[15:55:05] [Client thread/INFO] Loading mod Wada Addons v0.0.51+4330e4e by matswuuu
[15:55:05] [ForkJoinPool.commonPool-worker-5/INFO] JediCraftMod-v1.0+83b38b9: class verification completed in 5ms
[15:55:05] [ForkJoinPool.commonPool-worker-5/INFO] JediCraftMod-v1.0+83b38b9: defineClasses completed in 0ms
[15:55:05] [ForkJoinPool.commonPool-worker-5/INFO] Loaded classes in mod JediCraftMod in 8 ms
[15:55:05] [Client thread/INFO] [STDOUT]: [Enginex v5.13.0-TEST-47 - Wada Addons] VAO support: true
[15:55:06] [Client thread/INFO] [STDOUT]: [Enginex v5.13.0-TEST-47 - Wada Addons] Initialization with mod Wada Addons
[15:55:06] [Client thread/INFO] Loaded mod Wada Addons v0.0.51+4330e4e in 170 ms
[15:55:06] [Client thread/INFO] Loading mod JediCraftMod v1.0+83b38b9 by PartyIsLife
[15:55:06] [Client thread/INFO] [STDOUT]: [Enginex v5.10.5 - JediCraftMod] VAO support: true
[15:55:06] [Client thread/INFO] [STDOUT]: [Enginex v5.10.5 - JediCraftMod] Initialization with mod JediCraftMod
[15:55:06] [Client thread/INFO] Loaded mod JediCraftMod v1.0+83b38b9 in 175 ms
[15:55:06] [Thread-75/INFO] [STDOUT]: [Enginex v5.13.0-TEST-47 - Wada Addons] Successfully initialized
[15:55:06] [Thread-76/INFO] [STDOUT]: [Enginex v5.10.5 - JediCraftMod] Successfully initialized
[15:55:09] [Client thread/INFO] Playing audio: https://webdata.c7x.dev/kasdo/JediCraft/music/zvezdnye-voyny-vstuplenie.mp3
[15:55:09] [Audio Play Thread/ERROR] Error opening bitstream
java.io.FileNotFoundException
	at #gZdVe.sdJx(SourceFile:150)
	at #gZdVe.sdJx(SourceFile:160)
	at #tDess.sdGT(Unknown Source:125)
	at #WnoDJ.sihG(SourceFile:71)
	at #OdvPj.siFD(Unknown Source:36)
	at #mVnlc.run(SourceFile)
	at java.base/java.lang.Thread.run(Unknown Source)
[15:55:09] [Audio Play Thread/INFO] Playing audio: https://webdata.c7x.dev/kasdo/JediCraft/music/zvezdnye-voyny-vstuplenie.mp3 is failed
[15:55:15] [Client thread/INFO] [CHAT] Вы нашли броню.
[15:55:22] [ForkJoinPool.commonPool-worker-2/INFO] Found file C:\Users\tveiv\.cristalix\updates\Minigames\server-resource-packs\84d1ef6e21944ce88f14c5faca8ce34fb968b90a matching requested hash cd9db15ed8102e46a170677763624eb02f2ef77d
[15:55:22] [ForkJoinPool.commonPool-worker-2/INFO] Allocated new cache for server resource pack
[15:55:22] [Client thread/INFO] Reloading ResourceManager: assets-addon.jar, Default, 84d1ef6e21944ce88f14c5faca8ce34fb968b90a
[15:55:22] [Client thread/WARN] Missing sound for event: minecraft:entity.turtle.ambient
[15:55:22] [Client thread/WARN] Missing sound for event: minecraft:entity.turtle.baby_hurt
[15:55:22] [Client thread/WARN] Missing sound for event: minecraft:entity.turtle.hurt
[15:55:22] [Client thread/WARN] Missing sound for event: minecraft:entity.turtle.baby_death
[15:55:22] [Client thread/WARN] Missing sound for event: minecraft:entity.turtle.death
[15:55:22] [Client thread/WARN] Missing sound for event: minecraft:entity.turtle.baby_step
[15:55:22] [Client thread/WARN] Missing sound for event: minecraft:entity.turtle.step
[15:55:22] [Client thread/WARN] Missing sound for event: minecraft:entity.turtle.swim
[15:55:22] [Client thread/WARN] Missing sound for event: minecraft:block.turtle_egg.crack
[15:55:22] [Client thread/WARN] Missing sound for event: minecraft:block.turtle_egg.egg_break
[15:55:22] [Client thread/WARN] Missing sound for event: minecraft:block.turtle_egg.fall
[15:55:22] [Client thread/WARN] Missing sound for event: minecraft:block.turtle_egg.hatch
[15:55:22] [Client thread/INFO] SoundSystem shutting down...
[15:55:22] [Client thread/WARN] Author: Paul Lamb, www.paulscode.com
[15:55:22] [Client thread/INFO] Starting up SoundSystem...
[15:55:22] [Thread-77/INFO] Initializing LWJGL OpenAL
[15:55:22] [Thread-77/INFO] (The LWJGL binding of OpenAL.  For more information, see http://www.lwjgl.org)
[15:55:22] [Thread-77/INFO] OpenAL audio device: OpenAL Soft on Динамики (MCHOSE V9 PRO)
[15:55:22] [Thread-77/INFO] OpenAL initialized.
[15:55:22] [Client thread/INFO] Sound engine reloaded
[15:55:22] [ForkJoinPool.commonPool-worker-6/WARN] Unable to load variant: axis=x from minecraft:lodestone#axis=x
[15:55:22] [ForkJoinPool.commonPool-worker-6/WARN] Unable to load variant: axis=y from minecraft:lodestone#axis=y
[15:55:22] [ForkJoinPool.commonPool-worker-6/WARN] Unable to load variant: axis=z from minecraft:lodestone#axis=z
[15:55:22] [ForkJoinPool.commonPool-worker-6/WARN] [OptiFine] No items defined: mcpatcher/emissive.properties (emissive)
[15:55:22] [ForkJoinPool.commonPool-worker-6/WARN] [OptiFine] No items defined: mcpatcher/mob/zombie/zombie.properties (zombie)
[15:55:22] [ForkJoinPool.commonPool-worker-6/ERROR] Unable to load item model: 'minecraft:mcpatcher/cit/others/megumin_hat#inventory' for item: 'minecraft:mcpatcher/cit/others/megumin_hat'
[15:55:22] [ForkJoinPool.commonPool-worker-6/INFO] [OptiFine] Mipmap levels: 4
[15:55:22] [ForkJoinPool.commonPool-worker-6/INFO] [OptiFine] Multi-texturing: false
[15:55:22] [ForkJoinPool.commonPool-worker-6/INFO] [OptiFine] Multipass connected textures: false
[15:55:22] [ForkJoinPool.commonPool-worker-6/INFO] [OptiFine] BetterGrass: Parsing default configuration optifine/bettergrass.properties
[15:55:22] [ForkJoinPool.commonPool-worker-6/FATAL] [OptiFine] Scaled too small texture: minecraft:particles/glow_2, 8 -> 16
[15:55:22] [ForkJoinPool.commonPool-worker-6/FATAL] [OptiFine] Scaled too small texture: minecraft:particles/glow_1, 8 -> 16
[15:55:22] [ForkJoinPool.commonPool-worker-6/FATAL] [OptiFine] Scaled too small texture: minecraft:particles/glow_0, 8 -> 16
[15:55:22] [ForkJoinPool.commonPool-worker-6/FATAL] [OptiFine] Scaled too small texture: minecraft:particles/glow_6, 8 -> 16
[15:55:22] [ForkJoinPool.commonPool-worker-6/FATAL] [OptiFine] Scaled too small texture: minecraft:particles/glow_5, 8 -> 16
[15:55:22] [ForkJoinPool.commonPool-worker-6/FATAL] [OptiFine] Scaled too small texture: minecraft:particles/glow_4, 8 -> 16
[15:55:22] [ForkJoinPool.commonPool-worker-6/FATAL] [OptiFine] Scaled too small texture: minecraft:particles/glow_3, 8 -> 16
[15:55:22] [ForkJoinPool.commonPool-worker-6/FATAL] [OptiFine] Scaled too small texture: minecraft:particles/glow_9, 8 -> 16
[15:55:22] [ForkJoinPool.commonPool-worker-6/FATAL] [OptiFine] Scaled too small texture: minecraft:particles/glow_8, 8 -> 16
[15:55:22] [ForkJoinPool.commonPool-worker-6/FATAL] [OptiFine] Scaled too small texture: minecraft:particles/glow_7, 8 -> 16
[15:55:22] [ForkJoinPool.commonPool-worker-6/WARN] Texture minecraft:textures/sith/st2.png compressed from 512x512 to 256x256
[15:55:22] [ForkJoinPool.commonPool-worker-6/WARN] Texture minecraft:textures/sith/st1.png compressed from 512x512 to 256x256
[15:55:22] [ForkJoinPool.commonPool-worker-6/WARN] Texture minecraft:textures/vehicles/land_speeder/korkus.png compressed from 1024x1024 to 256x256
[15:55:22] [ForkJoinPool.commonPool-worker-6/ERROR] Error with minecraft:textures/blocks/animation_3_texture.png
java.lang.RuntimeException: broken aspect ratio and not an animation
	at #kOyVX.snaN(SourceFile:355)
	at #rwMAC.skyr(SourceFile:220)
	at #jbWsw.shok(SourceFile:616)
	at #pUFjH.siZB(SourceFile:150)
	at #BrjMY.slAk(SourceFile:992)
	at #TfJft.sglB(SourceFile:133)
	at #xWFjz.saEf(SourceFile:71)
	at #fLygu.bqe(Unknown Source)
	at #fLygu.run(Unknown Source)
	at java.base/java.util.concurrent.ForkJoinTask$RunnableExecuteAction.compute(Unknown Source)
	at java.base/java.util.concurrent.ForkJoinTask$InterruptibleTask.exec(Unknown Source)
	at java.base/java.util.concurrent.ForkJoinTask.doExec(Unknown Source)
	at java.base/java.util.concurrent.ForkJoinPool$WorkQueue.topLevelExec(Unknown Source)
	at java.base/java.util.concurrent.ForkJoinPool.runWorker(Unknown Source)
	at java.base/java.util.concurrent.ForkJoinWorkerThread.run(Unknown Source)
[15:55:22] [ForkJoinPool.commonPool-worker-6/WARN] Texture minecraft:mcpatcher/cit/case/chest.png compressed from 288x288 to 256x256
[15:55:22] [ForkJoinPool.commonPool-worker-6/FATAL] [OptiFine] Scaled non power of 2: minecraft:weapons/another-black, 92 -> 96
[15:55:22] [ForkJoinPool.commonPool-worker-6/WARN] Texture minecraft:textures/skywalker/swt1.png compressed from 2048x2048 to 256x256
[15:55:22] [ForkJoinPool.commonPool-worker-6/WARN] Texture minecraft:textures/vehicles/tie_fighter/korkus.png compressed from 512x512 to 256x256
[15:55:22] [ForkJoinPool.commonPool-worker-6/FATAL] [OptiFine] Scaled non power of 2: minecraft:blocks/scifi_decoration/caution_animation, 6 -> 16
[15:55:22] [ForkJoinPool.commonPool-worker-6/WARN] Texture minecraft:mcpatcher/cit/swords/dtljedi/dtl3.png compressed from 1024x1024 to 256x256
[15:55:22] [ForkJoinPool.commonPool-worker-6/WARN] Texture minecraft:mcpatcher/cit/swords/dtljedi/dtl2.png compressed from 512x512 to 256x256
[15:55:22] [ForkJoinPool.commonPool-worker-6/ERROR] Using missing texture, unable to load minecraft:textures/dtlsith/dtl1.png
[15:55:22] [ForkJoinPool.commonPool-worker-6/WARN] Texture minecraft:textures/vehicles/x_wing/korkus.png compressed from 1024x1024 to 256x256
[15:55:22] [ForkJoinPool.commonPool-worker-6/FATAL] [OptiFine] Scaled too small texture: minecraft:particles/glow_11, 8 -> 16
[15:55:22] [ForkJoinPool.commonPool-worker-6/FATAL] [OptiFine] Scaled too small texture: minecraft:particles/glow_10, 8 -> 16
[15:55:22] [ForkJoinPool.commonPool-worker-6/FATAL] [OptiFine] Scaled too small texture: minecraft:particles/glow_13, 8 -> 16
[15:55:22] [ForkJoinPool.commonPool-worker-6/FATAL] [OptiFine] Scaled too small texture: minecraft:particles/glow_12, 8 -> 16
[15:55:22] [ForkJoinPool.commonPool-worker-6/FATAL] [OptiFine] Scaled too small texture: minecraft:particles/glow_15, 8 -> 16
[15:55:22] [ForkJoinPool.commonPool-worker-6/FATAL] [OptiFine] Scaled too small texture: minecraft:particles/glow_14, 8 -> 16
[15:55:22] [ForkJoinPool.commonPool-worker-6/WARN] Texture minecraft:textures/leg_sith/lst1.png compressed from 1024x1024 to 256x256
[15:55:22] [ForkJoinPool.commonPool-worker-6/WARN] Texture minecraft:textures/leg_sith/lst2.png compressed from 1024x1024 to 256x256
[15:55:22] [ForkJoinPool.commonPool-worker-6/ERROR] Using missing texture, unable to load minecraft:textures/weaponss/anvil.png
[15:55:22] [ForkJoinPool.commonPool-worker-6/WARN] Texture minecraft:textures/vehicles/speeder_bike/korkus.png compressed from 512x512 to 256x256
[15:55:22] [ForkJoinPool.commonPool-worker-6/ERROR] Using missing texture, unable to load minecraft:textures/block/texture.png
[15:55:22] [ForkJoinPool.commonPool-worker-6/WARN] Texture minecraft:textures/otrek/ot2.png compressed from 512x512 to 256x256
[15:55:22] [ForkJoinPool.commonPool-worker-6/WARN] Texture minecraft:textures/mace/mt1.png compressed from 512x512 to 256x256
[15:55:22] [ForkJoinPool.commonPool-worker-6/INFO] load sprites for 124ms
[15:55:22] [ForkJoinPool.commonPool-worker-6/INFO] Created: 4096x2048 textures-atlas in 138ms
[15:55:22] [ForkJoinPool.commonPool-worker-6/INFO] [DEBUG] Atlas assembly for 7.467ms
[15:55:22] [Client thread/INFO] [DEBUG] upload atlas for 10.758ms
[15:55:22] [Client thread/INFO] [DEBUG] Generate mipmaps for 0.007ms
[15:55:22] [Client thread/INFO] [OptiFine] Animated sprites: 0
[15:55:22] [Client thread/INFO] [OptiFine] CustomColors: Loading mcpatcher/color.properties
[15:55:22] [Client thread/INFO] Textures loaded for 575.321ms
[15:55:24] [Client thread/INFO] [CHAT] Не удалось отправить Вам моды, попробуйте перезайти на режим
[15:55:25] [Client thread/INFO] [CHAT] Вы нашли посох.
[15:55:28] [Client thread/INFO] [CHAT] Вы нашли хлеб.
[15:56:30] [Client thread/INFO] Playing audio: https://webdata.c7x.dev/kasdo/JediCraft/music/zvezdnye-voyny-prikaz-66.mp3
[15:56:30] [Audio Play Thread/ERROR] Error opening bitstream
java.io.FileNotFoundException
	at #gZdVe.sdJx(SourceFile:150)
	at #gZdVe.sdJx(SourceFile:160)
	at #tDess.sdGT(Unknown Source:125)
	at #WnoDJ.sihG(SourceFile:71)
	at #OdvPj.siFD(Unknown Source:36)
	at #mVnlc.run(SourceFile)
	at java.base/java.lang.Thread.run(Unknown Source)
[15:56:30] [Audio Play Thread/INFO] Playing audio: https://webdata.c7x.dev/kasdo/JediCraft/music/zvezdnye-voyny-prikaz-66.mp3 is failed
[15:56:52] [Client thread/INFO] [CHAT] [!] Вы успешно открыли новый уровень! Получено: 2 мидихлориана.
[15:56:53] [Client thread/INFO] [CHAT] [!] Вы успешно открыли новый уровень! Получено: 2 мидихлориана.
[15:56:55] [Client thread/INFO] [CHAT] [!] Вы успешно открыли новый уровень! Получено: 2 мидихлориана.
[15:57:27] [Client thread/INFO] [CHAT] *=*=*=*=*=*=*=*=*=*=*=*=*=*=*=*=*=*=*=*=*=*=*=*=*=*=*=*=*\nВНИМАНИЕ! Босс Порабащённый Альфа Паразитом был повержен!\n\n          Наведите курсор на этот текст, чтобы           \n               получить больше информации.               \n*=*=*=*=*=*=*=*=*=*=*=*=*=*=*=*=*=*=*=*=*=*=*=*=*=*=*=*=*
[15:58:11] [Network thread/INFO] Protocol upgrade mask: 157
[15:58:11] [Network thread/INFO] Upgrading protocol
[15:58:11] [Client thread/INFO] Invalidating server data
[15:58:11] [Client thread/INFO] Unloading mod DoubleJump/e23c10cb-69cd-68d8-7141-20690fabb66a
[15:58:11] [Client thread/INFO] Unloading mod Wada Addons/d0bdf2e0-6655-964d-5af2-7de2a69dfa7b
[15:58:11] [Client thread/INFO] Unloading mod GTM_UI/c3eea1b0-1b52-f7d2-7f40-b9880faad8db
[15:58:11] [Client thread/INFO] Unloading mod JediCraftMod/7ff7fe34-60cd-24b3-84ce-bfb777fabbd1
[15:58:11] [Client thread/INFO] Unloading mod Visual Driver/b88f3ffa-a73a-cafd-9384-5db67c04d5c8
[15:58:11] [Client thread/INFO] [STDOUT]: [Enginex v5.16.3 - Wada] [Wada/debug] reload requested: ServerSwitch
[15:58:11] [Client thread/INFO] [STDOUT]: [Enginex v5.16.3 - Wada] [Wada/debug] cleanAndReload begin: sessionId=19, awaitingHandshake=true
[15:58:11] [Client thread/INFO] [STDOUT]: [Enginex v5.16.3 - Wada] VAO support: true
[15:58:11] [Client thread/INFO] [STDOUT]: [Enginex v5.16.3 - Wada] Initialization with mod Wada
[15:58:11] [Client thread/INFO] [STDOUT]: [Enginex v5.16.3 - Wada] Successfully initialized
[15:58:11] [Client thread/INFO] Joining server Хаб #3
[15:58:11] [Client thread/INFO] Reloading ResourceManager: assets-addon.jar, Default
[15:58:11] [Client thread/WARN] Missing sound for event: minecraft:entity.turtle.ambient
[15:58:11] [Client thread/WARN] Missing sound for event: minecraft:entity.turtle.baby_hurt
[15:58:11] [Client thread/WARN] Missing sound for event: minecraft:entity.turtle.hurt
[15:58:11] [Client thread/WARN] Missing sound for event: minecraft:entity.turtle.baby_death
[15:58:11] [Client thread/WARN] Missing sound for event: minecraft:entity.turtle.death
[15:58:11] [Client thread/WARN] Missing sound for event: minecraft:entity.turtle.baby_step
[15:58:11] [Client thread/WARN] Missing sound for event: minecraft:entity.turtle.step
[15:58:11] [Client thread/WARN] Missing sound for event: minecraft:entity.turtle.swim
[15:58:11] [Client thread/WARN] Missing sound for event: minecraft:block.turtle_egg.crack
[15:58:11] [Client thread/WARN] Missing sound for event: minecraft:block.turtle_egg.egg_break
[15:58:11] [Client thread/WARN] Missing sound for event: minecraft:block.turtle_egg.fall
[15:58:11] [Client thread/WARN] Missing sound for event: minecraft:block.turtle_egg.hatch
[15:58:11] [Client thread/INFO] SoundSystem shutting down...
[15:58:11] [Client thread/WARN] Author: Paul Lamb, www.paulscode.com
[15:58:11] [Client thread/INFO] Starting up SoundSystem...
[15:58:11] [Thread-79/INFO] Initializing LWJGL OpenAL
[15:58:11] [Thread-79/INFO] (The LWJGL binding of OpenAL.  For more information, see http://www.lwjgl.org)
[15:58:11] [Thread-79/INFO] OpenAL audio device: OpenAL Soft on Динамики (MCHOSE V9 PRO)
[15:58:11] [Thread-79/INFO] OpenAL initialized.
[15:58:11] [Client thread/INFO] Sound engine reloaded
[15:58:12] [ForkJoinPool.commonPool-worker-7/WARN] Unable to load variant: axis=x from minecraft:lodestone#axis=x
[15:58:12] [ForkJoinPool.commonPool-worker-7/WARN] Unable to load variant: axis=y from minecraft:lodestone#axis=y
[15:58:12] [ForkJoinPool.commonPool-worker-7/WARN] Unable to load variant: axis=z from minecraft:lodestone#axis=z
[15:58:12] [ForkJoinPool.commonPool-worker-7/ERROR] Unable to load item model: 'minecraft:mcpatcher/cit/others/megumin_hat#inventory' for item: 'minecraft:mcpatcher/cit/others/megumin_hat'
[15:58:12] [ForkJoinPool.commonPool-worker-7/INFO] [OptiFine] Mipmap levels: 4
[15:58:12] [ForkJoinPool.commonPool-worker-7/INFO] [OptiFine] Multi-texturing: false
[15:58:12] [ForkJoinPool.commonPool-worker-7/INFO] [OptiFine] Multipass connected textures: false
[15:58:12] [ForkJoinPool.commonPool-worker-7/INFO] [OptiFine] BetterGrass: Parsing default configuration optifine/bettergrass.properties
[15:58:12] [ForkJoinPool.commonPool-worker-7/FATAL] [OptiFine] Scaled too small texture: minecraft:particles/glow_2, 8 -> 16
[15:58:12] [ForkJoinPool.commonPool-worker-7/FATAL] [OptiFine] Scaled too small texture: minecraft:particles/glow_1, 8 -> 16
[15:58:12] [ForkJoinPool.commonPool-worker-7/FATAL] [OptiFine] Scaled too small texture: minecraft:particles/glow_0, 8 -> 16
[15:58:12] [ForkJoinPool.commonPool-worker-7/FATAL] [OptiFine] Scaled too small texture: minecraft:particles/glow_6, 8 -> 16
[15:58:12] [ForkJoinPool.commonPool-worker-7/FATAL] [OptiFine] Scaled too small texture: minecraft:particles/glow_5, 8 -> 16
[15:58:12] [ForkJoinPool.commonPool-worker-7/FATAL] [OptiFine] Scaled too small texture: minecraft:particles/glow_4, 8 -> 16
[15:58:12] [ForkJoinPool.commonPool-worker-7/FATAL] [OptiFine] Scaled too small texture: minecraft:particles/glow_3, 8 -> 16
[15:58:12] [ForkJoinPool.commonPool-worker-7/FATAL] [OptiFine] Scaled too small texture: minecraft:particles/glow_9, 8 -> 16
[15:58:12] [ForkJoinPool.commonPool-worker-7/FATAL] [OptiFine] Scaled too small texture: minecraft:particles/glow_8, 8 -> 16
[15:58:12] [ForkJoinPool.commonPool-worker-7/FATAL] [OptiFine] Scaled too small texture: minecraft:particles/glow_7, 8 -> 16
[15:58:12] [ForkJoinPool.commonPool-worker-7/FATAL] [OptiFine] Scaled too small texture: minecraft:particles/glow_11, 8 -> 16
[15:58:12] [ForkJoinPool.commonPool-worker-7/FATAL] [OptiFine] Scaled too small texture: minecraft:particles/glow_10, 8 -> 16
[15:58:12] [ForkJoinPool.commonPool-worker-7/FATAL] [OptiFine] Scaled too small texture: minecraft:particles/glow_13, 8 -> 16
[15:58:12] [ForkJoinPool.commonPool-worker-7/FATAL] [OptiFine] Scaled too small texture: minecraft:particles/glow_12, 8 -> 16
[15:58:12] [ForkJoinPool.commonPool-worker-7/FATAL] [OptiFine] Scaled too small texture: minecraft:particles/glow_15, 8 -> 16
[15:58:12] [ForkJoinPool.commonPool-worker-7/FATAL] [OptiFine] Scaled too small texture: minecraft:particles/glow_14, 8 -> 16
[15:58:12] [ForkJoinPool.commonPool-worker-7/INFO] load sprites for 3ms
[15:58:12] [ForkJoinPool.commonPool-worker-7/INFO] Created: 1024x1024 textures-atlas in 13ms
[15:58:12] [ForkJoinPool.commonPool-worker-7/INFO] [DEBUG] Atlas assembly for 2.086ms
[15:58:12] [Client thread/INFO] [DEBUG] upload atlas for 1.281ms
[15:58:12] [Client thread/INFO] [DEBUG] Generate mipmaps for 0.003ms
[15:58:12] [Client thread/INFO] [OptiFine] Animated sprites: 0
[15:58:12] [Client thread/INFO] [OptiFine] CustomColors: Loading mcpatcher/color.properties
[15:58:12] [Client thread/INFO] Textures loaded for 295.757ms
[15:58:12] [Client thread/INFO] Loaded mod HubMod/263fe96d-e6d3-61de-86d8-a30829bc1aba v1.4.5 in 8 ms
[15:58:12] [Client thread/INFO] Loaded mod Visual Driver/2ecdd2b5-8e37-2961-2267-c03148a73e9b v3.8.31+9da32142 in 2 ms
[15:58:14] [Client thread/INFO] [STDOUT]: [Enginex v5.16.3 - Wada] [Wada/debug] handshake complete (w4:load), awaitingHandshake=false, sessionId=19
[16:03:05] [Network thread/INFO] Protocol upgrade mask: 157
[16:03:05] [Network thread/INFO] Upgrading protocol
[16:03:05] [Client thread/INFO] Unloading mod Visual Driver/2ecdd2b5-8e37-2961-2267-c03148a73e9b
[16:03:05] [Client thread/INFO] Unloading mod HubMod/263fe96d-e6d3-61de-86d8-a30829bc1aba
[16:03:05] [Client thread/INFO] Invalidating server data
[16:03:05] [Client thread/INFO] [STDOUT]: [Enginex v5.16.3 - Wada] [Wada/debug] reload requested: ServerSwitch
[16:03:05] [Client thread/INFO] [STDOUT]: [Enginex v5.16.3 - Wada] [Wada/debug] cleanAndReload begin: sessionId=20, awaitingHandshake=true
[16:03:05] [Client thread/INFO] [STDOUT]: [Enginex v5.16.3 - Wada] VAO support: true
[16:03:05] [Client thread/INFO] [STDOUT]: [Enginex v5.16.3 - Wada] Initialization with mod Wada
[16:03:05] [Client thread/INFO] [STDOUT]: [Enginex v5.16.3 - Wada] Successfully initialized
[16:03:05] [Client thread/INFO] Found file C:\Users\tveiv\.cristalix\updates\Minigames\server-resource-packs\037269f2bcf39cb2c670faab95c18bf332248165 matching requested hash f13c7c5a8f3084d1d8a5b7a39b47c3c36b8744d7
[16:03:05] [Client thread/INFO] Allocated new cache for server resource pack
[16:03:05] [Client thread/INFO] Joining server Dungeons Lobby
[16:03:05] [Client thread/INFO] Reloading ResourceManager: assets-addon.jar, Default, 037269f2bcf39cb2c670faab95c18bf332248165
[16:03:05] [Client thread/WARN] Missing sound for event: minecraft:entity.turtle.ambient
[16:03:05] [Client thread/WARN] Missing sound for event: minecraft:entity.turtle.baby_hurt
[16:03:05] [Client thread/WARN] Missing sound for event: minecraft:entity.turtle.hurt
[16:03:05] [Client thread/WARN] Missing sound for event: minecraft:entity.turtle.baby_death
[16:03:05] [Client thread/WARN] Missing sound for event: minecraft:entity.turtle.death
[16:03:05] [Client thread/WARN] Missing sound for event: minecraft:entity.turtle.baby_step
[16:03:05] [Client thread/WARN] Missing sound for event: minecraft:entity.turtle.step
[16:03:05] [Client thread/WARN] Missing sound for event: minecraft:entity.turtle.swim
[16:03:05] [Client thread/WARN] Missing sound for event: minecraft:block.turtle_egg.crack
[16:03:05] [Client thread/WARN] Missing sound for event: minecraft:block.turtle_egg.egg_break
[16:03:05] [Client thread/WARN] Missing sound for event: minecraft:block.turtle_egg.fall
[16:03:05] [Client thread/WARN] Missing sound for event: minecraft:block.turtle_egg.hatch
[16:03:05] [Client thread/INFO] SoundSystem shutting down...
[16:03:05] [Client thread/WARN] Author: Paul Lamb, www.paulscode.com
[16:03:05] [Client thread/INFO] Starting up SoundSystem...
[16:03:05] [Thread-83/INFO] Initializing LWJGL OpenAL
[16:03:05] [Thread-83/INFO] (The LWJGL binding of OpenAL.  For more information, see http://www.lwjgl.org)
[16:03:05] [Thread-83/INFO] OpenAL audio device: OpenAL Soft on Динамики (MCHOSE V9 PRO)
[16:03:05] [Thread-83/INFO] OpenAL initialized.
[16:03:05] [Client thread/INFO] Sound engine reloaded
[16:03:05] [Client thread/INFO] [STDOUT]: [Enginex v5.16.3 - Wada] [Wada/debug] handshake complete (w4:load), awaitingHandshake=false, sessionId=20
[16:03:05] [ForkJoinPool.commonPool-worker-6/WARN] Unable to load variant: axis=x from minecraft:lodestone#axis=x
[16:03:05] [ForkJoinPool.commonPool-worker-6/WARN] Unable to load variant: axis=y from minecraft:lodestone#axis=y
[16:03:05] [ForkJoinPool.commonPool-worker-6/WARN] Unable to load variant: axis=z from minecraft:lodestone#axis=z
[16:03:05] [ForkJoinPool.commonPool-worker-6/ERROR] Unable to load item model: 'minecraft:mcpatcher/cit/others/megumin_hat#inventory' for item: 'minecraft:mcpatcher/cit/others/megumin_hat'
[16:03:05] [ForkJoinPool.commonPool-worker-6/INFO] [OptiFine] Mipmap levels: 4
[16:03:05] [ForkJoinPool.commonPool-worker-6/INFO] [OptiFine] Multi-texturing: false
[16:03:05] [ForkJoinPool.commonPool-worker-6/INFO] [OptiFine] Multipass connected textures: false
[16:03:05] [ForkJoinPool.commonPool-worker-6/INFO] [OptiFine] BetterGrass: Parsing default configuration optifine/bettergrass.properties
[16:03:05] [ForkJoinPool.commonPool-worker-6/FATAL] [OptiFine] Scaled too small texture: minecraft:particles/glow_2, 8 -> 16
[16:03:05] [ForkJoinPool.commonPool-worker-6/FATAL] [OptiFine] Scaled too small texture: minecraft:particles/glow_1, 8 -> 16
[16:03:05] [ForkJoinPool.commonPool-worker-6/FATAL] [OptiFine] Scaled too small texture: minecraft:particles/glow_0, 8 -> 16
[16:03:05] [ForkJoinPool.commonPool-worker-6/FATAL] [OptiFine] Scaled too small texture: minecraft:particles/glow_6, 8 -> 16
[16:03:05] [ForkJoinPool.commonPool-worker-6/FATAL] [OptiFine] Scaled too small texture: minecraft:particles/glow_5, 8 -> 16
[16:03:05] [ForkJoinPool.commonPool-worker-6/FATAL] [OptiFine] Scaled too small texture: minecraft:particles/glow_4, 8 -> 16
[16:03:05] [ForkJoinPool.commonPool-worker-6/FATAL] [OptiFine] Scaled too small texture: minecraft:particles/glow_3, 8 -> 16
[16:03:05] [ForkJoinPool.commonPool-worker-6/FATAL] [OptiFine] Scaled too small texture: minecraft:particles/glow_9, 8 -> 16
[16:03:05] [ForkJoinPool.commonPool-worker-6/FATAL] [OptiFine] Scaled too small texture: minecraft:particles/glow_8, 8 -> 16
[16:03:05] [ForkJoinPool.commonPool-worker-6/FATAL] [OptiFine] Scaled too small texture: minecraft:particles/glow_7, 8 -> 16
[16:03:05] [ForkJoinPool.commonPool-worker-6/FATAL] [OptiFine] Scaled too small texture: minecraft:mcpatcher/cit/items/other/dropped_coin, 8 -> 16
[16:03:05] [ForkJoinPool.commonPool-worker-6/WARN] Texture minecraft:mcpatcher/cit/items/other/amethyst_cluster.png compressed from 512x512 to 256x256
[16:03:05] [ForkJoinPool.commonPool-worker-6/FATAL] [OptiFine] Scaled too small texture: minecraft:particles/glow_11, 8 -> 16
[16:03:05] [ForkJoinPool.commonPool-worker-6/FATAL] [OptiFine] Scaled too small texture: minecraft:particles/glow_10, 8 -> 16
[16:03:05] [ForkJoinPool.commonPool-worker-6/FATAL] [OptiFine] Scaled too small texture: minecraft:particles/glow_13, 8 -> 16
[16:03:05] [ForkJoinPool.commonPool-worker-6/FATAL] [OptiFine] Scaled too small texture: minecraft:particles/glow_12, 8 -> 16
[16:03:05] [ForkJoinPool.commonPool-worker-6/FATAL] [OptiFine] Scaled too small texture: minecraft:particles/glow_15, 8 -> 16
[16:03:05] [ForkJoinPool.commonPool-worker-6/FATAL] [OptiFine] Scaled too small texture: minecraft:particles/glow_14, 8 -> 16
[16:03:05] [ForkJoinPool.commonPool-worker-6/ERROR] Using missing texture, unable to load minecraft:mcpatcher/cit/items/founding_of_black_dragon.png
[16:03:05] [ForkJoinPool.commonPool-worker-6/INFO] load sprites for 9ms
[16:03:05] [ForkJoinPool.commonPool-worker-6/INFO] Created: 1024x1024 textures-atlas in 26ms
[16:03:05] [ForkJoinPool.commonPool-worker-6/INFO] [DEBUG] Atlas assembly for 2.132ms
[16:03:05] [Client thread/INFO] [DEBUG] upload atlas for 1.273ms
[16:03:05] [Client thread/INFO] [DEBUG] Generate mipmaps for 0.003ms
[16:03:05] [Client thread/INFO] [OptiFine] Animated sprites: 0
[16:03:05] [Client thread/INFO] [OptiFine] CustomColors: Loading mcpatcher/color.properties
[16:03:05] [Client thread/INFO] Textures loaded for 320.792ms
[16:03:05] [Client thread/INFO] Start loading of mod DungeonMod
[16:03:05] [Client thread/INFO] Loading classes of DungeonMod
[16:03:05] [ForkJoinPool.commonPool-worker-6/INFO] DungeonMod-v2.0.5+57b58c2: class verification completed in 88ms
[16:03:06] [ForkJoinPool.commonPool-worker-6/INFO] DungeonMod-v2.0.5+57b58c2: defineClasses completed in 1ms
[16:03:06] [ForkJoinPool.commonPool-worker-6/INFO] Loaded classes in mod DungeonMod in 92 ms
[16:03:06] [Client thread/INFO] Loading mod DungeonMod v2.0.5+57b58c2 by Falmer & Minjalidze
[16:03:06] [Client thread/INFO] [STDOUT]: [Enginex v5.13.12 - DungeonMod] VAO support: true
[16:03:06] [Client thread/INFO] [STDOUT]: [Enginex v5.13.12 - DungeonMod] Initialization with mod DungeonMod
[16:03:06] [Client thread/INFO] Loaded mod DungeonMod v2.0.5+57b58c2 in 545 ms
[16:03:07] [Thread-85/INFO] [STDOUT]: [Enginex v5.13.12 - DungeonMod] Successfully initialized
[16:03:07] [Client thread/INFO] [STDOUT]: [Enginex v5.13.12 - DungeonMod] [SELECT]: SetTexture: dng:textures/dungeons/1/image
[16:03:07] [Client thread/INFO] [STDOUT]: [Enginex v5.13.12 - DungeonMod] [SELECT]: SetTexture: dng:textures/dungeons/2/image
[16:03:07] [Client thread/INFO] [STDOUT]: [Enginex v5.13.12 - DungeonMod] [SELECT]: SetTexture: dng:textures/dungeons/3/image
[16:03:07] [Client thread/INFO] [STDOUT]: [Enginex v5.13.12 - DungeonMod] [SELECT]: SetTexture: dng:textures/dungeons/4/image
[16:03:07] [Client thread/INFO] [STDOUT]: [Enginex v5.13.12 - DungeonMod] [SELECT]: SetTexture: dng:textures/dungeons/5/image
[16:03:07] [Client thread/INFO] [STDOUT]: [Enginex v5.13.12 - DungeonMod] [SELECT]: SetTexture: dng:textures/dungeons/6/image
[16:03:07] [Client thread/INFO] [STDOUT]: [Enginex v5.13.12 - DungeonMod] [SELECT]: SetTexture: dng:textures/dungeons/7/image
[16:03:07] [Client thread/INFO] [STDOUT]: [Enginex v5.13.12 - DungeonMod] [SELECT]: SetTexture: dng:textures/dungeons/8/image
[16:03:07] [Client thread/INFO] [STDOUT]: [Enginex v5.13.12 - DungeonMod] [SELECT]: SetTexture: dng:textures/dungeons/9/image
[16:03:07] [Client thread/INFO] [STDOUT]: [Enginex v5.13.12 - DungeonMod] [SELECT]: SetTexture: dng:textures/dungeons/10/image
[16:03:07] [Client thread/INFO] [STDOUT]: [Enginex v5.13.12 - DungeonMod] [SELECT]: SetTexture: dng:textures/dungeons/11/image
[16:03:07] [Client thread/INFO] [STDOUT]: [Enginex v5.13.12 - DungeonMod] [SELECT]: SetTexture: dng:textures/dungeons/12/image
[16:03:15] [Client thread/INFO] [CHAT]  P ┃ Tveiv [2] »  пасаны режим обновляют вообще?
[16:05:17] [Client thread/INFO] [CHAT] \n Следите за новостями проекта в соц. сетях:\n    Dungeons Telegram\n    Dungeons Discord\n\n    Cristalix Telegram\n    Cristalix VK\n
[16:05:45] [Client thread/INFO] Stopping!
[16:05:45] [Client thread/INFO] Unloading mod DungeonMod/db1a21e9-ae04-8384-b91e-1c7961652e14
[16:05:45] [Client thread/INFO] Unloading mod Wada/01a9e7fc-6a59-66d4-2b2d-30e291e65a7c
[16:05:45] [Client thread/INFO] Unloading mod Socials/7ba1e621-4755-8f7f-b66d-793fa8eaf882
[16:05:45] [Client thread/INFO] Unloading mod Gama/d6df3b71-8813-b8ed-f3eb-37ca4f7b5f7b
