[15:38:24] [ForkJoinPool.commonPool-worker-5/INFO] IntegerCache population took 56ms
[15:38:25] [Client thread/INFO] Setting user: Tveiv
[15:38:25] [Client thread/INFO] Client Commit: 2be59f554
[15:38:25] [Client thread/INFO] LWJGL Version: 3.4.2-snapshot
[15:38:25] [ForkJoinPool.commonPool-worker-7/INFO] Bootstrapping took 1356ms
[15:38:25] [Client thread/INFO] [STDOUT]: [LWJGL] Setting up window
[15:38:26] [Client thread/INFO] [STDOUT]: [LWJGL] Creating window
[15:38:26] [Client thread/INFO] [STDOUT]: [LWJGL] Done creating window
[15:38:26] [Client thread/INFO] Number of textures in a framebuffer: 2
[15:38:26] [Client thread/WARN] Skipping bad option: lastServer:
[15:38:26] [Client thread/INFO] Model view matrix stack size: 64
[15:38:26] [Client thread/INFO] Projection matrix stack size: 8
[15:38:26] [Client thread/INFO] Texture matrix stack size: 20
[15:38:26] [Client thread/INFO] [OptiFine] OS: Windows 10 (amd64) version 10.0
[15:38:26] [Client thread/INFO] [OptiFine] VM: OpenJDK 64-Bit Server VM (mixed mode), Oracle Corporation / 1.8.0_442-b06
[15:38:28] [Client thread/ERROR] {"id":"a9c62d56-be02-44f9-8023-324c1e6309a2","apiGiveable":false,"categoryId":"aura","contributor":"Dionis","name":"Демонический маскарад","rarity":"AWARD","createdTime":1782507600000,"source":"url","sourceFormat":"bedrock","availableInGui":false,"isLimited":true,"type":"FULL","price":249,"locationRotation":0.065,"supportOptions":{},"conflictGroups":["aura"],"hash256":"69ea7acd58f0508936f856ca9d16689aa84d4e68bce267d635b5df936458613e","sourcePath":"https://webdata.c7x.dev/client/p13n/69ea7acd58f0508936f856ca9d16689aa84d4e68bce267d635b5df936458613e.model"}
#bEDgt: java.lang.IllegalStateException: Expected BEGIN_OBJECT but was NUMBER at path $.locationRotation
	at #wlIYw.sa(SourceFile:395)
	at #zyZee.a(SourceFile)
	at #SiLri.sa(Unknown Source:212)
	at #NZHLF.a(SourceFile)
	at #EKmoA.sa(SourceFile:431)
	at #aUukC.a(SourceFile)
	at #wlIYw.sa(SourceFile:391)
	at #zyZee.a(SourceFile)
	at #hlvdO.sa(SourceFile:1214)
	at #Iwixj.sa(Unknown Source:1319)
	at #dXYkJ.sa(Unknown Source:1261)
	at #pbbDQ.sa(SourceFile:107)
	at #TYNkf.sa(Unknown Source:44)
	at #REyfp.sa(SourceFile:27)
	at #THsUv.sa(SourceFile:76)
	at #UKLzM.sa(SourceFile:19)
	at #UvvxZ.sa(Unknown Source:182)
	at !#iUQJu.sa(SourceFile:82)
	at #WmDrd.sa(SourceFile:48)
	at #vrRoR.sb(SourceFile:35)
	at #vXcAs.sa(SourceFile:58)
	at #KMGSE.b(SourceFile)
	at #pvrmz.<init>(SourceFile:184)
	at #fiqpk.<init>(SourceFile:164)
	at #cegXK.<init>(SourceFile:28)
	at #zAVBO.sf(SourceFile:5745)
	at #CdcMy.sD(SourceFile:557)
	at #cYnba.sk(SourceFile:476)
	at net.minecraft.client.main.GameMain.a(SourceFile:220)
	at net.minecraft.client.main.GameMain.a(SourceFile:156)
	at #kBJWf.a(Unknown Source)
	at #kBJWf.run(Unknown Source)
	at java.base/java.lang.Thread.run(Unknown Source)
Caused by: java.lang.IllegalStateException: Expected BEGIN_OBJECT but was NUMBER at path $.locationRotation
	at #NxHQP.a(SourceFile:165)
	at #bTsHv.sb(Unknown Source:89)
	at #NxHQP.a(SourceFile)
	at #wlIYw.sa(SourceFile:384)
	... 32 more
[15:38:28] [Client thread/INFO] Reloading ResourceManager: assets-addon.jar, Default
[15:38:28] [Client thread/WARN] Unknown language en_us
[15:38:28] [Client thread/WARN] Unknown language ru_ru
[15:38:28] [Client thread/INFO] Current language: ru_ru
[15:38:29] [Client thread/INFO] Refreshing resources for the first time
[15:38:29] [Client thread/INFO] Starting up SoundSystem...
[15:38:29] [Thread-18/INFO] Initializing LWJGL OpenAL
[15:38:29] [Thread-18/INFO] (The LWJGL binding of OpenAL.  For more information, see http://www.lwjgl.org)
[15:38:29] [Thread-18/INFO] OpenAL audio device: OpenAL Soft on Динамики (MCHOSE V9 PRO)
[15:38:29] [Thread-18/INFO] OpenAL initialized.
[15:38:29] [Client thread/INFO] Sound engine started
[15:38:29] [Client thread/INFO] SoundSystem loading took 60ms
[15:38:29] [Client thread/INFO] Items registration took 5ms
[15:38:29] [Client thread/INFO] Total 29242 blocks.
[15:38:29] [Client thread/INFO] Custom blocks registration took 153ms
[15:38:29] [Client thread/INFO] Search tree population took 123ms
[15:38:29] [Client thread/INFO] Using standard Java compressor.
[15:38:29] [Client thread/INFO] Using standard Java cipher.
[15:38:29] [Client thread/INFO] [Shaders] Load shaders configuration.
[15:38:29] [Client thread/INFO] [Shaders] Save shaders configuration.
[15:38:29] [Client thread/INFO] [Shaders] No shaderpack loaded.
[15:38:30] [Client thread/INFO] Reloading ResourceManager: assets-addon.jar, Default
[15:38:30] [Client thread/WARN] Missing sound for event: minecraft:entity.turtle.ambient
[15:38:30] [Client thread/WARN] Missing sound for event: minecraft:entity.turtle.baby_hurt
[15:38:30] [Client thread/WARN] Missing sound for event: minecraft:entity.turtle.hurt
[15:38:30] [Client thread/WARN] Missing sound for event: minecraft:entity.turtle.baby_death
[15:38:30] [Client thread/WARN] Missing sound for event: minecraft:entity.turtle.death
[15:38:30] [Client thread/WARN] Missing sound for event: minecraft:entity.turtle.baby_step
[15:38:30] [Client thread/WARN] Missing sound for event: minecraft:entity.turtle.step
[15:38:30] [Client thread/WARN] Missing sound for event: minecraft:entity.turtle.swim
[15:38:30] [Client thread/WARN] Missing sound for event: minecraft:block.turtle_egg.crack
[15:38:30] [Client thread/WARN] Missing sound for event: minecraft:block.turtle_egg.egg_break
[15:38:30] [Client thread/WARN] Missing sound for event: minecraft:block.turtle_egg.fall
[15:38:30] [Client thread/WARN] Missing sound for event: minecraft:block.turtle_egg.hatch
[15:38:30] [Client thread/INFO] SoundSystem shutting down...
[15:38:30] [Client thread/WARN] Author: Paul Lamb, www.paulscode.com
[15:38:30] [Client thread/INFO] Starting up SoundSystem...
[15:38:30] [Thread-20/INFO] Initializing LWJGL OpenAL
[15:38:30] [Thread-20/INFO] (The LWJGL binding of OpenAL.  For more information, see http://www.lwjgl.org)
[15:38:30] [Thread-20/INFO] OpenAL audio device: OpenAL Soft on Динамики (MCHOSE V9 PRO)
[15:38:30] [Thread-20/INFO] OpenAL initialized.
[15:38:30] [Client thread/INFO] Sound engine reloaded
[15:38:30] [Client thread/INFO] Starting Watchdog monitor, timeout is: 90000ms/90s
[15:38:30] [Client thread/INFO] Watchdog init took 1ms
[15:38:30] [Client thread/INFO] Start loading of mod Wada
[15:38:30] [Client thread/INFO] Loading classes of Wada
[15:38:30] [Client thread/INFO] Start loading of mod Socials
[15:38:30] [Client thread/INFO] Loading classes of Socials
[15:38:30] [Client thread/INFO] Start loading of mod Gama
[15:38:30] [Client thread/INFO] Loading classes of Gama
[15:38:30] [Client Scheduler/INFO] Found preferred client: ANY
[15:38:30] [Client thread/INFO] Has Unsafe: true
[15:38:30] [Client thread/INFO] Direct buffers preferred: false
[15:38:30] [Client thread/INFO] Byte order: LITTLE_ENDIAN
[15:38:30] [Client thread/INFO] Timer resolution: 1000000000
[15:38:30] [Client thread/INFO] Client loaded for (5.970s/6.769s)
[15:38:30] [ForkJoinPool.commonPool-worker-8/INFO] Gama-v1.5.2+5cb5bab: class verification completed in 217ms
[15:38:30] [ForkJoinPool.commonPool-worker-8/INFO] Gama-v1.5.2+5cb5bab: defineClasses completed in 1ms
[15:38:30] [ForkJoinPool.commonPool-worker-8/INFO] Loaded classes in mod Gama in 222 ms
[15:38:30] [ForkJoinPool.commonPool-worker-1/INFO] Socials-v2.2.2+04923ea: class verification completed in 253ms
[15:38:30] [ForkJoinPool.commonPool-worker-1/INFO] Socials-v2.2.2+04923ea: defineClasses completed in 0ms
[15:38:30] [ForkJoinPool.commonPool-worker-1/INFO] Loaded classes in mod Socials in 255 ms
[15:38:30] [ForkJoinPool.commonPool-worker-4/WARN] Unable to load variant: axis=x from minecraft:lodestone#axis=x
[15:38:30] [ForkJoinPool.commonPool-worker-4/WARN] Unable to load variant: axis=y from minecraft:lodestone#axis=y
[15:38:30] [ForkJoinPool.commonPool-worker-4/WARN] Unable to load variant: axis=z from minecraft:lodestone#axis=z
[15:38:30] [ForkJoinPool.commonPool-worker-3/INFO] Wada-v4.12.2+151850d3: class verification completed in 423ms
[15:38:30] [ForkJoinPool.commonPool-worker-3/INFO] Wada-v4.12.2+151850d3: defineClasses completed in 0ms
[15:38:30] [ForkJoinPool.commonPool-worker-3/INFO] Loaded classes in mod Wada in 429 ms
[15:38:30] [Client thread/INFO] Loading mod Gama v1.5.2+5cb5bab by Cristalix Team
[15:38:31] [Client thread/INFO] [STDOUT]: [Enginex v5.16.1 - Gama] VAO support: true
[15:38:31] [ForkJoinPool.commonPool-worker-4/ERROR] Unable to load item model: 'minecraft:mcpatcher/cit/others/megumin_hat#inventory' for item: 'minecraft:mcpatcher/cit/others/megumin_hat'
[15:38:31] [Client thread/INFO] [STDOUT]: [Enginex v5.16.1 - Gama] Initialization with mod Gama
[15:38:31] [ForkJoinPool.commonPool-worker-4/WARN] Unable to resolve texture due to upward reference: #cross in minecraft:models/block/chain.json
[15:38:31] [ForkJoinPool.commonPool-worker-4/WARN] Unable to resolve texture due to upward reference: #cross in minecraft:models/block/chain.json
[15:38:31] [ForkJoinPool.commonPool-worker-4/INFO] [OptiFine] Mipmap levels: 4
[15:38:31] [ForkJoinPool.commonPool-worker-4/INFO] [OptiFine] Multi-texturing: false
[15:38:31] [ForkJoinPool.commonPool-worker-4/INFO] [OptiFine] Multipass connected textures: false
[15:38:31] [ForkJoinPool.commonPool-worker-4/INFO] [OptiFine] BetterGrass: Parsing default configuration optifine/bettergrass.properties
[15:38:31] [ForkJoinPool.commonPool-worker-4/FATAL] [OptiFine] Scaled too small texture: minecraft:mcpatcher/ctm/default/empty, 1 -> 16
[15:38:31] [ForkJoinPool.commonPool-worker-4/FATAL] [OptiFine] Scaled too small texture: minecraft:particles/glow_2, 8 -> 16
[15:38:31] [ForkJoinPool.commonPool-worker-4/FATAL] [OptiFine] Scaled too small texture: minecraft:particles/glow_1, 8 -> 16
[15:38:31] [ForkJoinPool.commonPool-worker-4/FATAL] [OptiFine] Scaled too small texture: minecraft:particles/glow_0, 8 -> 16
[15:38:31] [ForkJoinPool.commonPool-worker-4/FATAL] [OptiFine] Scaled too small texture: minecraft:particles/glow_6, 8 -> 16
[15:38:31] [ForkJoinPool.commonPool-worker-4/FATAL] [OptiFine] Scaled too small texture: minecraft:particles/glow_5, 8 -> 16
[15:38:31] [ForkJoinPool.commonPool-worker-4/FATAL] [OptiFine] Scaled too small texture: minecraft:particles/glow_4, 8 -> 16
[15:38:31] [ForkJoinPool.commonPool-worker-4/FATAL] [OptiFine] Scaled too small texture: minecraft:particles/glow_3, 8 -> 16
[15:38:31] [ForkJoinPool.commonPool-worker-4/FATAL] [OptiFine] Scaled too small texture: minecraft:particles/glow_9, 8 -> 16
[15:38:31] [ForkJoinPool.commonPool-worker-4/FATAL] [OptiFine] Scaled too small texture: minecraft:particles/glow_8, 8 -> 16
[15:38:31] [ForkJoinPool.commonPool-worker-4/FATAL] [OptiFine] Scaled too small texture: minecraft:particles/glow_7, 8 -> 16
[15:38:31] [ForkJoinPool.commonPool-worker-4/FATAL] [OptiFine] Scaled too small texture: minecraft:particles/glow_11, 8 -> 16
[15:38:31] [ForkJoinPool.commonPool-worker-4/FATAL] [OptiFine] Scaled too small texture: minecraft:particles/glow_10, 8 -> 16
[15:38:31] [ForkJoinPool.commonPool-worker-4/FATAL] [OptiFine] Scaled too small texture: minecraft:particles/glow_13, 8 -> 16
[15:38:31] [ForkJoinPool.commonPool-worker-4/FATAL] [OptiFine] Scaled too small texture: minecraft:particles/glow_12, 8 -> 16
[15:38:31] [ForkJoinPool.commonPool-worker-4/FATAL] [OptiFine] Scaled too small texture: minecraft:particles/glow_15, 8 -> 16
[15:38:31] [ForkJoinPool.commonPool-worker-4/FATAL] [OptiFine] Scaled too small texture: minecraft:particles/glow_14, 8 -> 16
[15:38:31] [ForkJoinPool.commonPool-worker-4/INFO] load sprites for 62ms
[15:38:31] [ForkJoinPool.commonPool-worker-4/INFO] Created: 1024x1024 textures-atlas in 136ms
[15:38:31] [Client thread/INFO] Loaded mod Gama v1.5.2+5cb5bab in 972 ms
[15:38:31] [Client thread/INFO] Loading mod Socials v2.2.2+04923ea by Cristalix Team
[15:38:32] [Client thread/INFO] Loaded mod Socials v2.2.2+04923ea in 95 ms
[15:38:32] [Client thread/INFO] Loading mod Wada v4.12.2+151850d3 by Cristalix Team
[15:38:32] [Client thread/INFO] [STDOUT]: [Enginex v5.16.1 - Wada] VAO support: true
[15:38:32] [Thread-25/INFO] [STDOUT]: Settings successfully saved to social-settings.json.
[15:38:32] [Client thread/INFO] [STDOUT]: [Enginex v5.16.1 - Wada] Initialization with mod Wada
[15:38:32] [Client thread/INFO] Loaded mod Wada v4.12.2+151850d3 in 230 ms
[15:38:32] [Thread-24/INFO] [STDOUT]: [Enginex v5.16.1 - Gama] Successfully initialized
[15:38:32] [ForkJoinPool.commonPool-worker-4/INFO] [DEBUG] Atlas assembly for 24.090ms
[15:38:32] [Client thread/INFO] [DEBUG] upload atlas for 1.624ms
[15:38:32] [Client thread/INFO] [DEBUG] Generate mipmaps for 0.035ms
[15:38:32] [Client thread/INFO] [OptiFine] Animated sprites: 0
[15:38:32] [Client thread/INFO] [OptiFine] CustomColors: Loading mcpatcher/color.properties
[15:38:32] [Client thread/INFO] Textures loaded for 1644.676ms
[15:38:33] [Thread-26/INFO] [STDOUT]: [Enginex v5.16.1 - Wada] Successfully initialized
[15:38:55] [Network thread/INFO] Protocol upgrade mask: 157
[15:38:55] [Network thread/INFO] Upgrading protocol
[15:38:55] [Client thread/INFO] [STDOUT]: [Enginex v5.16.1 - Wada] [Wada/debug] reload requested: ServerConnect
[15:38:55] [Client thread/INFO] [STDOUT]: [Enginex v5.16.1 - Wada] [Wada/debug] cleanAndReload begin: sessionId=1, awaitingHandshake=true
[15:38:55] [Client thread/INFO] [STDOUT]: [Enginex v5.16.1 - Wada] VAO support: true
[15:38:55] [Client thread/INFO] [STDOUT]: [Enginex v5.16.1 - Wada] Initialization with mod Wada
[15:38:55] [Client thread/INFO] [STDOUT]: [Enginex v5.16.1 - Wada] Successfully initialized
[15:38:55] [Client thread/INFO] Joining server Хаб #92
[15:38:57] [Client thread/INFO] Start loading of mod HubMod
[15:38:57] [Client thread/INFO] Loading classes of HubMod
[15:38:57] [Client thread/INFO] Start loading of mod Visual Driver
[15:38:57] [Client thread/INFO] Loading classes of Visual Driver
[15:38:57] [ForkJoinPool.commonPool-worker-2/INFO] HubMod-v1.4.5: class verification completed in 2ms
[15:38:57] [ForkJoinPool.commonPool-worker-2/INFO] HubMod-v1.4.5: defineClasses completed in 0ms
[15:38:57] [ForkJoinPool.commonPool-worker-2/INFO] Loaded classes in mod HubMod in 4 ms
[15:38:57] [ForkJoinPool.commonPool-worker-5/INFO] Visual Driver-v3.8.31+9da32142: class verification completed in 14ms
[15:38:57] [ForkJoinPool.commonPool-worker-5/INFO] Visual Driver-v3.8.31+9da32142: defineClasses completed in 0ms
[15:38:57] [ForkJoinPool.commonPool-worker-5/INFO] Loaded classes in mod Visual Driver in 16 ms
[15:38:57] [Client thread/INFO] Loading mod HubMod v1.4.5 by Cristalix Team
[15:38:57] [Client thread/INFO] Loaded mod HubMod v1.4.5 in 63 ms
[15:38:57] [Client thread/INFO] Loading mod Visual Driver v3.8.31+9da32142 by Cristalix Team
[15:38:57] [Client thread/INFO] Loaded mod Visual Driver v3.8.31+9da32142 in 58 ms
[15:38:58] [Client thread/INFO] [STDOUT]: [Enginex v5.16.1 - Wada] [Wada/debug] handshake complete (w4:load), awaitingHandshake=false, sessionId=1
[15:39:04] [Network thread/INFO] Protocol upgrade mask: 157
[15:39:04] [Network thread/INFO] Upgrading protocol
[15:39:04] [Client thread/INFO] Invalidating server data
[15:39:04] [Client thread/INFO] Unloading mod Visual Driver/df8dc410-e3d0-aa4c-e733-94181cb096bb
[15:39:04] [Client thread/INFO] Unloading mod HubMod/99e383b2-de28-d26d-2da9-8c7c77bc11a4
[15:39:04] [Client thread/INFO] [STDOUT]: [Enginex v5.16.1 - Wada] [Wada/debug] reload requested: ServerSwitch
[15:39:04] [Client thread/INFO] [STDOUT]: [Enginex v5.16.1 - Wada] [Wada/debug] cleanAndReload begin: sessionId=2, awaitingHandshake=true
[15:39:04] [Client thread/INFO] [STDOUT]: [Enginex v5.16.1 - Wada] VAO support: true
[15:39:04] [Client thread/INFO] [STDOUT]: [Enginex v5.16.1 - Wada] Initialization with mod Wada
[15:39:04] [Client thread/INFO] [STDOUT]: [Enginex v5.16.1 - Wada] Successfully initialized
[15:39:04] [Client thread/INFO] Found file C:\Users\tveiv\.cristalix\updates\Minigames\server-resource-packs\40bb4597c7ce6b5b4690666d2a8804747a202ba3 matching requested hash 2a33a213ea168e73eaf34aeab631978eb6603e7b
[15:39:04] [Client thread/INFO] Allocated new cache for server resource pack
[15:39:04] [Client thread/INFO] Joining server VoidGame #2
[15:39:04] [Client thread/INFO] Reloading ResourceManager: assets-addon.jar, Default, 40bb4597c7ce6b5b4690666d2a8804747a202ba3
[15:39:04] [Client thread/WARN] Missing sound for event: minecraft:entity.turtle.ambient
[15:39:04] [Client thread/WARN] Missing sound for event: minecraft:entity.turtle.baby_hurt
[15:39:04] [Client thread/WARN] Missing sound for event: minecraft:entity.turtle.hurt
[15:39:04] [Client thread/WARN] Missing sound for event: minecraft:entity.turtle.baby_death
[15:39:04] [Client thread/WARN] Missing sound for event: minecraft:entity.turtle.death
[15:39:04] [Client thread/WARN] Missing sound for event: minecraft:entity.turtle.baby_step
[15:39:04] [Client thread/WARN] Missing sound for event: minecraft:entity.turtle.step
[15:39:04] [Client thread/WARN] Missing sound for event: minecraft:entity.turtle.swim
[15:39:04] [Client thread/WARN] Missing sound for event: minecraft:block.turtle_egg.crack
[15:39:04] [Client thread/WARN] Missing sound for event: minecraft:block.turtle_egg.egg_break
[15:39:04] [Client thread/WARN] Missing sound for event: minecraft:block.turtle_egg.fall
[15:39:04] [Client thread/WARN] Missing sound for event: minecraft:block.turtle_egg.hatch
[15:39:04] [Client thread/INFO] SoundSystem shutting down...
[15:39:04] [Client thread/WARN] Author: Paul Lamb, www.paulscode.com
[15:39:04] [Client thread/INFO] Starting up SoundSystem...
[15:39:04] [Thread-30/INFO] Initializing LWJGL OpenAL
[15:39:04] [Thread-30/INFO] (The LWJGL binding of OpenAL.  For more information, see http://www.lwjgl.org)
[15:39:04] [Thread-30/INFO] OpenAL audio device: OpenAL Soft on Динамики (MCHOSE V9 PRO)
[15:39:04] [Thread-30/INFO] OpenAL initialized.
[15:39:04] [Client thread/INFO] Sound engine reloaded
[15:39:04] [Client thread/INFO] Start loading of mod VoidMod
[15:39:04] [Client thread/INFO] Loading mod VoidMod v1.0+089d877 by ZeksterP
[15:39:04] [Client thread/INFO] [STDOUT]: [Enginex v5.13.11-TEST-2 - VoidMod] VAO support: true
[15:39:04] [Client thread/INFO] [STDOUT]: [Enginex v5.13.11-TEST-2 - VoidMod] Initialization with mod VoidMod
[15:39:04] [ForkJoinPool.commonPool-worker-8/WARN] Unable to load variant: axis=x from minecraft:lodestone#axis=x
[15:39:04] [ForkJoinPool.commonPool-worker-8/WARN] Unable to load variant: axis=y from minecraft:lodestone#axis=y
[15:39:04] [ForkJoinPool.commonPool-worker-8/WARN] Unable to load variant: axis=z from minecraft:lodestone#axis=z
[15:39:05] [ForkJoinPool.commonPool-worker-8/ERROR] Unable to load item model: 'minecraft:mcpatcher/cit/others/megumin_hat#inventory' for item: 'minecraft:mcpatcher/cit/others/megumin_hat'
[15:39:05] [ForkJoinPool.commonPool-worker-8/INFO] [OptiFine] Mipmap levels: 4
[15:39:05] [ForkJoinPool.commonPool-worker-8/INFO] [OptiFine] Multi-texturing: false
[15:39:05] [ForkJoinPool.commonPool-worker-8/INFO] [OptiFine] Multipass connected textures: false
[15:39:05] [ForkJoinPool.commonPool-worker-8/INFO] [OptiFine] BetterGrass: Parsing default configuration optifine/bettergrass.properties
[15:39:05] [ForkJoinPool.commonPool-worker-8/FATAL] [OptiFine] Scaled too small texture: minecraft:particles/glow_2, 8 -> 16
[15:39:05] [ForkJoinPool.commonPool-worker-8/FATAL] [OptiFine] Scaled too small texture: minecraft:particles/glow_1, 8 -> 16
[15:39:05] [ForkJoinPool.commonPool-worker-8/FATAL] [OptiFine] Scaled too small texture: minecraft:particles/glow_0, 8 -> 16
[15:39:05] [ForkJoinPool.commonPool-worker-8/FATAL] [OptiFine] Scaled too small texture: minecraft:particles/glow_6, 8 -> 16
[15:39:05] [ForkJoinPool.commonPool-worker-8/FATAL] [OptiFine] Scaled too small texture: minecraft:particles/glow_5, 8 -> 16
[15:39:05] [ForkJoinPool.commonPool-worker-8/FATAL] [OptiFine] Scaled too small texture: minecraft:particles/glow_4, 8 -> 16
[15:39:05] [ForkJoinPool.commonPool-worker-8/FATAL] [OptiFine] Scaled too small texture: minecraft:particles/glow_3, 8 -> 16
[15:39:05] [ForkJoinPool.commonPool-worker-8/FATAL] [OptiFine] Scaled too small texture: minecraft:particles/glow_9, 8 -> 16
[15:39:05] [ForkJoinPool.commonPool-worker-8/FATAL] [OptiFine] Scaled too small texture: minecraft:particles/glow_8, 8 -> 16
[15:39:05] [ForkJoinPool.commonPool-worker-8/FATAL] [OptiFine] Scaled too small texture: minecraft:particles/glow_7, 8 -> 16
[15:39:05] [ForkJoinPool.commonPool-worker-8/ERROR] Using missing texture, unable to load minecraft:textures/items/wooden_sword.png
[15:39:05] [ForkJoinPool.commonPool-worker-8/FATAL] [OptiFine] Scaled too small texture: minecraft:particles/glow_11, 8 -> 16
[15:39:05] [ForkJoinPool.commonPool-worker-8/FATAL] [OptiFine] Scaled too small texture: minecraft:particles/glow_10, 8 -> 16
[15:39:05] [ForkJoinPool.commonPool-worker-8/FATAL] [OptiFine] Scaled too small texture: minecraft:particles/glow_13, 8 -> 16
[15:39:05] [ForkJoinPool.commonPool-worker-8/FATAL] [OptiFine] Scaled too small texture: minecraft:particles/glow_12, 8 -> 16
[15:39:05] [ForkJoinPool.commonPool-worker-8/FATAL] [OptiFine] Scaled too small texture: minecraft:particles/glow_15, 8 -> 16
[15:39:05] [ForkJoinPool.commonPool-worker-8/FATAL] [OptiFine] Scaled too small texture: minecraft:particles/glow_14, 8 -> 16
[15:39:05] [ForkJoinPool.commonPool-worker-8/FATAL] [OptiFine] Scaled non power of 2: minecraft:mcpatcher/cit/items/bad_omen, 18 -> 32
[15:39:05] [ForkJoinPool.commonPool-worker-8/FATAL] [OptiFine] Scaled non power of 2: minecraft:mcpatcher/cit/items/trial_omen, 18 -> 32
[15:39:05] [ForkJoinPool.commonPool-worker-8/INFO] load sprites for 13ms
[15:39:05] [ForkJoinPool.commonPool-worker-8/INFO] Created: 1024x1024 textures-atlas in 36ms
[15:39:05] [Client thread/INFO] [STDOUT]: [Enginex v5.13.11-TEST-2 - VoidMod] Successfully initialized
[15:39:05] [Client thread/INFO] Loaded mod VoidMod v1.0+089d877 in 812 ms
[15:39:05] [Client thread/INFO] [STDOUT]: [Enginex v5.16.1 - Wada] [Wada/debug] handshake complete (w4:load), awaitingHandshake=false, sessionId=2
[15:39:05] [ForkJoinPool.commonPool-worker-6/INFO] [DEBUG] Atlas assembly for 34.628ms
[15:39:05] [Client thread/INFO] [DEBUG] upload atlas for 2.323ms
[15:39:05] [Client thread/INFO] [DEBUG] Generate mipmaps for 0.003ms
[15:39:05] [Client thread/INFO] [OptiFine] Animated sprites: 0
[15:39:05] [Client thread/INFO] [OptiFine] CustomColors: Loading mcpatcher/color.properties
[15:39:05] [Client thread/INFO] Textures loaded for 782.344ms
[15:39:08] [Client thread/ERROR] Error on png decode
java.io.EOFException
	at #bsYhB.sa(Unknown Source:79)
	at #GkgAM.sb(SourceFile:93)
	at #VDFNo.sa(SourceFile:75)
	at #dQqXO.a(SourceFile)
	at #nAplK.sa(SourceFile:63)
	at #HqmiC.a(SourceFile)
	at #nnQRc.sa(SourceFile:243)
	at #aNAXT.sa(SourceFile:121)
	at #vwpHV.a(SourceFile:271)
	at #vwpHV.a(SourceFile)
	at #DbYtd.sa(SourceFile:169)
	at #xuJay.a(SourceFile)
	at #ulhmT.sb(SourceFile:116)
	at #vYIsP.a(SourceFile)
	at #wzsmg.sa(SourceFile:51)
	at #zKIMx.a(SourceFile)
	at #oQhBa.sa(SourceFile:204)
	at #srNDu.sa(SourceFile:123)
	at #srNDu.sa(SourceFile:136)
	at #wmMBP.sa(SourceFile:268)
	at #JrUAU.sb(SourceFile:376)
	at #Czpok.sa(SourceFile:1204)
	at #ZRpYP.sb(SourceFile:1076)
	at #DazZV.sa(SourceFile:3489)
	at #vyeSD.sa(SourceFile:1509)
	at #lVFyp.st(SourceFile:1640)
	at #cYnba.sk(SourceFile:487)
	at net.minecraft.client.main.GameMain.a(SourceFile:220)
	at net.minecraft.client.main.GameMain.a(SourceFile:156)
	at #kBJWf.a(Unknown Source)
	at #kBJWf.run(Unknown Source)
	at java.base/java.lang.Thread.run(Unknown Source)
[15:39:22] [Client thread/INFO] [CHAT] Tveiv получил Собиратель мусора
[15:39:27] [Client thread/INFO] [CHAT] Вы уклонились на 34%
[15:39:27] [Client thread/INFO] [CHAT] Авто-кликер включен
[15:39:35] [Client thread/INFO] [CHAT] Вы уклонились на 41%
[15:39:35] [Client thread/INFO] [CHAT] Получено 46 звезд
[15:39:35] [Client thread/INFO] [CHAT] Урон игрока Tveiv: 6466
[15:39:37] [Client thread/INFO] [CHAT] Tveiv получил Кровопролитие
[15:39:40] [Client thread/INFO] [CHAT] Вы уклонились на 38%
[15:40:00] [Client thread/INFO] [CHAT] Вы уклонились на 48%
[15:40:08] [Client thread/INFO] [CHAT] Получено 38 звезд
[15:40:08] [Client thread/INFO] [CHAT] Урон игрока Tveiv: 12455
[15:40:09] [Client thread/INFO] [CHAT] Tveiv получил Чаша Победителей
[15:40:15] [Client thread/INFO] [CHAT] Потеряно 51 звезд
[15:40:15] [Client thread/INFO] [CHAT] Tveiv получил Возвышение на Юпитер
[15:40:21] [Client thread/INFO] [CHAT] Вы уклонились на 57%
[15:40:26] [Client thread/INFO] [CHAT] [30] D ┃ AndreWiking » я угараю
[15:40:32] [Client thread/INFO] [CHAT] [30] Treefrei66 » чо там у вас
[15:40:32] [Client thread/INFO] [CHAT] Вы уклонились на 36%
[15:40:34] [Client thread/INFO] [CHAT] [30] D ┃ AndreWiking » с +5 на +3
[15:40:37] [Client thread/INFO] [CHAT] [30] D ┃ AndreWiking » да бред
[15:40:40] [Client thread/INFO] [CHAT] [30] I ┃ JonY_00 » [Посмертная маска]
[15:40:41] [Client thread/INFO] [CHAT] Получено 41 звезд
[15:40:41] [Client thread/INFO] [CHAT] Урон игрока Tveiv: 9918
[15:40:42] [Client thread/INFO] [CHAT] Tveiv получил Бонус здоровья
[15:40:43] [Client thread/INFO] [CHAT] [30] I ┃ JonY_00 » [Капюшон последователя Бедствия ♨ +1]
[15:40:44] [Client thread/INFO] [CHAT] [30] Treefrei66 » [Боевой топор ярости ♨ +9]
[15:40:44] [Client thread/INFO] [CHAT] Последователь Этоля появляется в комнате.
[15:40:46] [Client thread/INFO] [CHAT] Астролог: Странник Тьмы, я рад видеть тебя. Позволь мне помочь в твоих странствиях, давай свою экипировку.
[15:40:46] [Client thread/INFO] [CHAT] Оружие получает +2 к уровню зачарования, а остальные предметы - +4
[15:40:48] [Client thread/INFO] [CHAT] [30] D ┃ AndreWiking » приговор тоже сегодня с +6 за 8 заточек до +4
[15:40:49] [Client thread/INFO] [CHAT] [30] I ┃ JonY_00 » Что лучше?
[15:41:00] [Client thread/INFO] [CHAT] Получено 46 звезд
[15:41:00] [Client thread/INFO] [CHAT] Урон игрока Tveiv: 9465
[15:41:02] [Client thread/INFO] [CHAT] Tveiv получил Сетка для ловли звёзд
[15:41:03] [Client thread/INFO] [CHAT] [30] V ┃ Paranoiid » [Лунный камень ☬ +6] хотя бы это выбил
[15:41:03] [Client thread/INFO] [CHAT] Tveiv получил Паранойя Победителя
[15:41:05] [Client thread/INFO] [CHAT] Потеряно 52 звезд
[15:41:05] [Client thread/INFO] [CHAT] Tveiv получил Дух предстоящей победы
[15:41:08] [Client thread/INFO] [CHAT] Потеряно 52 звезд
[15:41:08] [Client thread/INFO] [CHAT] Tveiv получил Ничего
[15:41:11] [Client thread/INFO] [CHAT] Жми SHIFT, чтобы получить эффект левитации и поймать летучих мышей!
[15:41:12] [Client thread/INFO] [CHAT] [30] D ┃ AndreWiking » [Лунный камень ☬ +1]
[15:41:13] [Client thread/INFO] [CHAT] [30] Treefrei66 » [Боевой топор ярости ♨ +9] не астролог если что
[15:41:22] [Client thread/INFO] [CHAT] Tveiv получил Мышь на Венере
[15:41:26] [Client thread/INFO] [CHAT] Вы уклонились на 29%
[15:41:28] [Client thread/INFO] [CHAT] Tveiv получил Бонус здоровья
[15:41:32] [Client thread/INFO] [CHAT] [30] D ┃ AndreWiking » [Темный кинжал ♆ +3]
[15:41:34] [Client thread/INFO] [CHAT] [30] D ┃ AndreWiking » норм штука?
[15:41:37] [Client thread/INFO] [CHAT] [30] Treefrei66 » нет
[15:41:44] [Client thread/INFO] [CHAT] Вы уклонились на 33%
[15:41:48] [Client thread/INFO] [CHAT] [30] V ┃ Paranoiid » [Арбалет последователя Бедствия ☠ +10] тоже не Астролог)
[15:41:50] [Client thread/INFO] [CHAT] [30] I ┃ JonY_00 » Ребята
[15:41:50] [Client thread/INFO] [CHAT] Вы уклонились на 41%
[15:41:51] [Client thread/INFO] [CHAT] Получено 53 звезд
[15:41:51] [Client thread/INFO] [CHAT] Урон игрока Tveiv: 13155
[15:41:54] [Client thread/INFO] [CHAT] Tveiv получил Грохот научного триумфа
[15:41:58] [Client thread/INFO] [CHAT] [30] I ┃ JonY_00 » Чо лучше черепок или шлем с 25?
[15:42:06] [Client thread/INFO] [CHAT] [30] Treefrei66 » [Боевой топор ярости ♨ +11] вот это уже астролог
[15:42:10] [Client thread/INFO] [CHAT] Tveiv получил Бонус урона x2
[15:42:11] [Client thread/INFO] [CHAT] [30] D ┃ AndreWiking » черепок для урона, шлем для живучести
[15:42:19] [Client thread/INFO] [CHAT] [30] D ┃ AndreWiking » [Посмертная маска +9]
[15:42:20] [Client thread/INFO] [CHAT] [30] D ┃ AndreWiking » [Идеальный шлем ♡ +8]
[15:42:22] [Client thread/INFO] [CHAT] [30] D ┃ AndreWiking » я так бегаю
[15:42:29] [Client thread/INFO] [CHAT] [30] D ┃ AndreWiking » но урона много по мне
[15:42:35] [Client thread/INFO] [CHAT] [30] V ┃ Paranoiid » Кто то в пати хотел?
[15:42:37] [Client thread/INFO] [CHAT] [30] Treefrei66 » я
[15:42:42] [Client thread/INFO] [CHAT] [30] RPG_HouS » ! [Карта созвездий] у меня и такая карта есть
[15:42:43] [Client thread/INFO] [CHAT] [30] I ┃ JonY_00 » Хм, ну окей
[15:42:48] [Client thread/INFO] [CHAT] Получено 44 звезд
[15:42:48] [Client thread/INFO] [CHAT] Урон игрока Tveiv: 39007
[15:42:48] [Client thread/INFO] [CHAT] [30] V ┃ Paranoiid » приглоси его хоус
[15:42:48] [Client thread/INFO] [CHAT] [30] Luckyrou » Изза башни я теперь больше чем босс голем
[15:42:49] [Client thread/INFO] [CHAT] Tveiv получил Ключ к Победе
[15:42:58] [Client thread/INFO] [CHAT] [30] Luckyrou » интересно насколько большим можна статьэ
[15:42:59] [Client thread/INFO] [CHAT] [30] I ┃ JonY_00 » Я тоже пока с черепом бегаю, но хз, думаю мб на шлем поменять
[15:43:00] [Client thread/INFO] [CHAT] [30] Treefrei66 » [Боевой топор ярости ♨ +11] проблема этой штуки что маны много надо и в сете с иделкой и маской не побегаешь
[15:43:06] [Client thread/INFO] [CHAT] [30] S ┃ Zaraza91 » я тута
[15:43:13] [Client thread/INFO] [CHAT] Вы уклонились на 57%
[15:43:32] [Client thread/INFO] [CHAT] Tveiv получил Собиратель мусора
[15:43:33] [Client thread/INFO] [CHAT] [30] V ┃ Paranoiid » [Карта созвездий] че скажете ребят)
[15:43:37] [Client thread/INFO] [CHAT] [30] V ┃ Paranoiid » пойдем?
[15:43:47] [Client thread/INFO] [CHAT] Tveiv получил Бонус здоровья
[15:43:48] [Client thread/INFO] [CHAT] Вы уклонились на 34%
[15:43:48] [Client thread/INFO] [CHAT] [30] RPG_HouS » ! [Карта созвездий] у меня и такая карта есть
[15:43:49] [Client thread/INFO] [CHAT] Получено 44 звезд
[15:43:49] [Client thread/INFO] [CHAT] Урон игрока Tveiv: 7206
[15:43:49] [Client thread/INFO] [CHAT] [30] Treefrei66 » не там преисподня
[15:43:50] [Client thread/INFO] [CHAT] Tveiv получил Башня яркой Луны
[15:43:55] [Client thread/INFO] [CHAT] [30] Treefrei66 » вот у рпг норм
[15:43:57] [Client thread/INFO] [CHAT] \nXXall проводит приватную игру: Бинго Двойной 7x7!\nРежим: Фул хаус\nПриз победителю: 210\nНажми, чтобы переместиться!\n 
[15:44:02] [Client thread/INFO] [CHAT] Вы уклонились на 50%
[15:44:06] [Client thread/INFO] [CHAT] [30] Treefrei66 » го у рпг
[15:44:06] [Client thread/INFO] [CHAT] [30] V ┃ Paranoiid » окей запай
[15:44:07] [Client thread/INFO] [CHAT] [30] S ┃ Zaraza91 » [Карта созвездий]
[15:44:14] [Client thread/INFO] [CHAT] [30] D ┃ AndreWiking » [Карта созвездий]
[15:44:15] [Client thread/INFO] [CHAT] Получено 42 звезд
[15:44:15] [Client thread/INFO] [CHAT] Урон игрока Tveiv: 12189
[15:44:16] [Client thread/INFO] [CHAT] Tveiv получил Ничего
[15:44:16] [Client thread/INFO] [CHAT] [30] D ┃ AndreWiking » такую хотите?
[15:44:20] [Client thread/INFO] [CHAT] [30] Treefrei66 » даа
[15:44:27] [Client thread/INFO] [CHAT] [30] V ┃ Paranoiid » йоу
[15:44:28] [Client thread/INFO] [CHAT] Вы уклонились на 53%
[15:44:29] [Client thread/INFO] [CHAT] [30] RPG_HouS » ! го
[15:44:31] [Client thread/INFO] [CHAT] Получено 45 звезд
[15:44:31] [Client thread/INFO] [CHAT] Урон игрока Tveiv: 7381
[15:44:32] [Client thread/INFO] [CHAT] [30] Treefrei66 » ток там бессердеч(
[15:44:32] [Client thread/INFO] [CHAT] [30] V ┃ Paranoiid » го
[15:44:32] [Client thread/INFO] [CHAT] Tveiv получил Кольцо света
[15:44:35] [Client thread/INFO] [CHAT] [12] zxc_venerttts » где небытие
[15:44:36] [Client thread/INFO] [CHAT] [30] D ┃ AndreWiking » кстати, что за боты желания или что то такое
[15:44:39] [Client thread/INFO] [CHAT] [30] V ┃ Paranoiid » а че он дает?
[15:44:41] [Client thread/INFO] [CHAT] [30] D ┃ AndreWiking » откуда они
[15:44:42] [Client thread/INFO] [CHAT] Вы уклонились на 52%
[15:44:43] [Client thread/INFO] [CHAT] Получено 46 звезд
[15:44:43] [Client thread/INFO] [CHAT] Урон игрока Tveiv: 8868
[15:44:45] [Client thread/INFO] [CHAT] Tveiv получил Кровопролитие
[15:44:46] [Client thread/INFO] [CHAT] [30] Treefrei66 » andei wiking
[15:44:48] [Client thread/INFO] [CHAT] Tveiv получил Смотри на меня
[15:44:52] [Client thread/INFO] [CHAT] [30] D ┃ AndreWiking » -1 воскрешение
[15:44:53] [Client thread/INFO] [CHAT] Вы уклонились на 27%
[15:45:05] [Client thread/INFO] [CHAT] [30] V ┃ Paranoiid » это бессердечен
[15:45:06] [Client thread/INFO] [CHAT] [30] Treefrei66 » ты про испорлнитель желаний?
[15:45:06] [Client thread/INFO] [CHAT] Tveiv получил Дух предстоящей победы
[15:45:09] [Client thread/INFO] [CHAT] [30] D ┃ AndreWiking » да
[15:45:13] [Client thread/INFO] [CHAT] [30] Treefrei66 » это грудак
[15:45:22] [Client thread/INFO] [CHAT] Получено 38 звезд
[15:45:22] [Client thread/INFO] [CHAT] Урон игрока Tveiv: 14323
[15:45:23] [Client thread/INFO] [CHAT] [30] V ┃ Paranoiid » Лан запните как готовы будете
[15:45:25] [Client thread/INFO] [CHAT] Tveiv получил Игла ярости
[15:45:26] [Client thread/INFO] [CHAT] Солнечная армия вторглась в Ваш мир!
[15:45:27] [Client thread/INFO] [CHAT] [30] D ┃ AndreWiking » а откуда он
[15:45:28] [Client thread/INFO] [CHAT] [30] Treefrei66 » он с оч маленьким шансом падает вроде из всех мобов на 27
[15:45:30] [Client thread/INFO] [CHAT] Вы уклонились на 50%
[15:45:37] [Client thread/INFO] [CHAT] [30] RPG_HouS » andrewiking запни
[15:45:38] [Client thread/INFO] [CHAT] Tveiv получил Бонус здоровья
[15:45:38] [Client thread/INFO] [CHAT] Tveiv получил Бонус урона
[15:45:38] [Client thread/INFO] [CHAT] [30] Treefrei66 » мокаши уже выбил
[15:45:48] [Client thread/INFO] [CHAT] Вы уклонились на 35%
[15:45:50] [Client thread/INFO] [CHAT] Вы уклонились на 28%
[15:45:54] [Client thread/INFO] [CHAT] [30] D ┃ AndreWiking » его там не показывают
[15:46:00] [Client thread/INFO] [CHAT] [30] D ┃ AndreWiking » типо скрытая вещь?
[15:46:02] [Client thread/INFO] [CHAT] [30] Treefrei66 » +
[15:46:04] [Client thread/INFO] [CHAT] [30] Treefrei66 » запай
[15:46:06] [Client thread/INFO] [CHAT] [30] V ┃ Paranoiid » Да там много что не показывают
[15:46:18] [Client thread/INFO] [CHAT] Получено 34 звезд
[15:46:18] [Client thread/INFO] [CHAT] Урон игрока Tveiv: 39420
[15:46:19] [Client thread/INFO] [CHAT] Tveiv получил Ножницы пространства
[15:46:20] [Client thread/INFO] [CHAT] [30] V ┃ Paranoiid » У кого карта запай
[15:46:28] [Client thread/INFO] [CHAT] Потеряно 53 звезд
[15:46:28] [Client thread/INFO] [CHAT] Tveiv получил Идол глупцов
[15:46:38] [Client thread/INFO] [CHAT] Tveiv получил Бонус маны
[15:46:50] [Client thread/INFO] [CHAT] Получено 43 звезд
[15:46:50] [Client thread/INFO] [CHAT] Урон игрока Tveiv: 15386
[15:46:52] [Client thread/INFO] [CHAT] Tveiv получил Стеклянная кукла
[15:47:00] [Client thread/INFO] [CHAT] Потеряно 214 звезд
[15:47:00] [Client thread/INFO] [CHAT] Tveiv получил Фатальная бессонница
[15:47:01] [Client thread/INFO] [CHAT] Механическое создание ужасающе анализирует Вас. Может, Вам стоит сбежать?
[15:47:02] [Client thread/INFO] [CHAT] Механический помощник Валотайла: Дай руку.
[15:47:04] [Client thread/INFO] [CHAT] Создание осматривает вашу руку и..
[15:47:05] [Client thread/INFO] [CHAT] Капает на неё маслом. Ваш страх постепенно исчезает.
[15:47:05] [Client thread/INFO] [CHAT] Механический помощник Валотайла: Это тебе.
[15:47:05] [Client thread/INFO] [CHAT] Tveiv получил Бонус здоровья x2
[15:47:14] [Client thread/INFO] [CHAT] Получено 46 звезд
[15:47:14] [Client thread/INFO] [CHAT] Урон игрока Tveiv: 9984
[15:47:16] [Client thread/INFO] [CHAT] Tveiv получил Губка
[15:47:16] [Client thread/INFO] [CHAT] Объект появляется в комнате. Это конец величественных звёзд.
[15:47:20] [Client thread/INFO] [CHAT] Tveiv получил Дверь во тьму
[15:47:23] [Client thread/INFO] [CHAT] Вы уклонились на 49%
[15:47:29] [Client thread/INFO] [CHAT] Вы уклонились на 43%
[15:47:34] [Client thread/INFO] [CHAT] Получено 45 звезд
[15:47:34] [Client thread/INFO] [CHAT] Урон игрока Tveiv: 19202
[15:47:36] [Client thread/INFO] [CHAT] Tveiv получил Мое последнее перерождение в мире звезд, подаренное Исцелением
[15:47:38] [Client thread/INFO] [CHAT] Губка поглотила Проклятие! 1/5
[15:47:38] [Client thread/INFO] [CHAT] Tveiv получил Расшифровщик Валотайла
[15:47:51] [Client thread/INFO] [CHAT] Свет, исполняющий Желание: Чего ты желаешь? Я исполню все, что ты хочешь.
[15:47:59] [Client thread/INFO] [CHAT] Свет, исполняющий Желание: Ты желаешь дверь во тьму? Будет исполнено.
[15:47:59] [Client thread/INFO] [CHAT] [30] Luckyrou » я так понимаю секреты это по типу зайти в чёрную дыру?
[15:48:02] [Client thread/INFO] [CHAT] Свет, исполняющий Желание: Ваше желание исполнено.
[15:48:02] [Client thread/INFO] [CHAT] Tveiv получил Дверь во тьму
[15:48:10] [Client thread/INFO] [CHAT] Tveiv получил Бонус здоровья
[15:48:11] [Client thread/INFO] [CHAT] Получено 46 звезд
[15:48:11] [Client thread/INFO] [CHAT] Урон игрока Tveiv: 23979
[15:48:13] [Client thread/INFO] [CHAT] Tveiv получил Сетка для ловли звёзд
[15:48:23] [Client thread/INFO] [CHAT] Свет, исполняющий Желание: Чего ты желаешь? Я исполню все, что ты хочешь.
[15:48:29] [Client thread/INFO] [CHAT] Свет, исполняющий Желание: Ты желаешь дверь во тьму? Будет исполнено.
[15:48:32] [Client thread/INFO] [CHAT] Свет, исполняющий Желание: Ваше желание исполнено.
[15:48:32] [Client thread/INFO] [CHAT] Tveiv получил Дверь во тьму
[15:48:43] [Client thread/INFO] [CHAT] Получено 64 звезд
[15:48:43] [Client thread/INFO] [CHAT] Урон игрока Tveiv: 12291
[15:48:46] [Client thread/INFO] [CHAT] Tveiv получил Спокойствие разума
[15:48:59] [Client thread/INFO] [CHAT] Получено 64 звезд
[15:48:59] [Client thread/INFO] [CHAT] Урон игрока Tveiv: 30998
[15:49:01] [Client thread/INFO] [CHAT] Tveiv получил Разрушитель звёзд
[15:49:04] [Client thread/INFO] [CHAT] Последователи Бедствия появляются в комнате.
[15:49:05] [Client thread/INFO] [CHAT] Наследница Бедствия: Странник Тьмы, ты же направляешься к Расиме?
[15:49:07] [Client thread/INFO] [CHAT] Наследница Бедствия: Мы можем помочь друг-другу.
[15:49:08] [Client thread/INFO] [CHAT] Наследница Бедствия: В битве с Расимой, мы будем на твоей стороне. Согласен?
[15:49:09] [Client thread/INFO] [CHAT] Наследница Бедствия: Прекрасно, скоро мы встретимся.
[15:49:09] [Client thread/INFO] [CHAT] Губка поглотила Проклятие! 2/5
[15:49:09] [Client thread/INFO] [CHAT] Губка поглотила Проклятие! 3/5
[15:49:09] [Client thread/INFO] [CHAT] Губка поглотила Проклятие! 4/5
[15:49:09] [Client thread/INFO] [CHAT] Tveiv получил Взгляд Расимы
[15:49:09] [Client thread/INFO] [CHAT] Tveiv получил Последователи Бедствия
[15:49:22] [Client thread/INFO] [CHAT] Получено 63 звезд
[15:49:22] [Client thread/INFO] [CHAT] Получено 57 звезд
[15:49:22] [Client thread/INFO] [CHAT] Урон игрока Tveiv: 12273
[15:49:27] [Client thread/INFO] [CHAT] Вампиризм сброшен!
[15:49:29] [Client thread/INFO] [CHAT] Вампиризм сброшен!
[15:49:31] [Client thread/INFO] [CHAT] Получено 67 звезд
[15:49:31] [Client thread/INFO] [CHAT] Получено 57 звезд
[15:49:31] [Client thread/INFO] [CHAT] Урон игрока Tveiv: 12680
[15:49:33] [Client thread/INFO] [CHAT] Tveiv получил Прострел с Юпитера
[15:49:33] [Client thread/INFO] [CHAT] Tveiv получил Кровопролитие
[15:49:33] [Client thread/INFO] [CHAT] Tveiv получил Возвышение на Юпитер
[15:49:33] [Client thread/INFO] [CHAT] Tveiv получил Прогноз погоды
[15:49:39] [Client thread/INFO] [CHAT] Потеряно 57 звезд
[15:49:39] [Client thread/INFO] [CHAT] Tveiv получил Кровопролитие
[15:49:41] [Client thread/INFO] [CHAT] Потеряно 57 звезд
[15:49:41] [Client thread/INFO] [CHAT] Tveiv получил Ничего
[15:49:44] [Client thread/INFO] [CHAT] Потеряно 57 звезд
[15:49:44] [Client thread/INFO] [CHAT] Tveiv получил Неукротимое бесстрашие
[15:49:54] [Client thread/INFO] [CHAT] [30] V ┃ Paranoiid » э
[15:49:57] [Client thread/INFO] [CHAT] Потеряно 228 звезд
[15:49:57] [Client thread/INFO] [CHAT] Tveiv получил Мое последнее перерождение в мире звезд, подаренное Исцелением
[15:49:58] [Client thread/INFO] [CHAT] Таинственная дверь появляется в комнате.
[15:49:59] [Client thread/INFO] [CHAT] [30] Treefrei66 » ты чо
[15:50:01] [Client thread/INFO] [CHAT] Tveiv получил Дверь во тьму
[15:50:02] [Client thread/INFO] [CHAT] [30] D ┃ AndreWiking » не иди один
[15:50:03] [Client thread/INFO] [CHAT] Вампиризм сброшен!
[15:50:05] [Client thread/INFO] [CHAT] [30] V ┃ Paranoiid » Хватит жизни тратить
[15:50:08] [Client thread/INFO] [CHAT] [30] V ┃ Paranoiid » )
[15:50:11] [Client thread/INFO] [CHAT] Получено 64 звезд
[15:50:11] [Client thread/INFO] [CHAT] Получено 57 звезд
[15:50:11] [Client thread/INFO] [CHAT] Урон игрока Tveiv: 19300
[15:50:17] [Client thread/INFO] [CHAT] Потеряно 230 звезд
[15:50:17] [Client thread/INFO] [CHAT] Tveiv получил Черная карта
[15:50:18] [Client thread/INFO] [CHAT] Загадочное зеркало материализовалось в комнате.
[15:50:18] [Client thread/INFO] [CHAT] ЛКМ - Разбить зеркало
[15:50:18] [Client thread/INFO] [CHAT] ПКМ - Заглянуть в зеркало
[15:50:19] [Client thread/FATAL] Error executing task
java.util.concurrent.ExecutionException: java.lang.IllegalArgumentException: URI is not absolute
	at java.base/java.util.concurrent.FutureTask.report(Unknown Source)
	at java.base/java.util.concurrent.FutureTask.get(Unknown Source)
	at #wFFZg.sa(SourceFile:46)
	at #mPGeI.b(SourceFile:52)
	at #QQxhM.sk(SourceFile:1466)
	at #lVFyp.st(SourceFile:1632)
	at #cYnba.sk(SourceFile:487)
	at net.minecraft.client.main.GameMain.a(SourceFile:220)
	at net.minecraft.client.main.GameMain.a(SourceFile:156)
	at #kBJWf.a(Unknown Source)
	at #kBJWf.run(Unknown Source)
	at java.base/java.lang.Thread.run(Unknown Source)
Caused by: java.lang.IllegalArgumentException: URI is not absolute
	at java.base/java.net.URL.of(Unknown Source)
	at #QKiRG.sa(SourceFile:250)
	at #gIFKC.sa(SourceFile:204)
	at !#CoIEI.sa(SourceFile:508)
	at #TBzUk.a(Unknown Source)
	at #TBzUk.run(Unknown Source)
	at java.base/java.util.concurrent.Executors$RunnableAdapter.call(Unknown Source)
	at java.base/java.util.concurrent.FutureTask.run(Unknown Source)
	at #wFFZg.sa(SourceFile:45)
	... 9 more
[15:50:20] [Client thread/INFO] [CHAT] Зеркало разбилось на сотню маленьких звезд.
[15:50:20] [Client thread/INFO] [CHAT] Получено 144 звезд
[15:50:23] [Client thread/INFO] [CHAT] [30] D ┃ AndreWiking » мб он афк?
[15:50:28] [Client thread/INFO] [CHAT] На Вас наложен Яростный взор, Вы получаете урон, когда смотрите на существ
[15:50:43] [Client thread/INFO] [CHAT] [12] zxc_venerttts » у нас хп не хватило слишком много урона
[15:50:46] [Client thread/INFO] [CHAT] [12] zxc_venerttts » у них
[15:50:47] [Client thread/INFO] [CHAT] Получено 54 звезд
[15:50:47] [Client thread/INFO] [CHAT] Получено 57 звезд
[15:50:47] [Client thread/INFO] [CHAT] Урон игрока Tveiv: 44290
[15:50:51] [Client thread/INFO] [CHAT] [30] D ┃ AndreWiking » pc нету проков
[15:50:54] [Client thread/INFO] [CHAT] [30] D ┃ AndreWiking » :)
[15:50:55] [Client thread/INFO] [CHAT] Губка поглотила Проклятие! 5/5
[15:50:55] [Client thread/INFO] [CHAT] Tveiv потерял Разрушитель звёзд
[15:51:03] [Client thread/INFO] [CHAT] Вы уклонились на 31%
[15:51:03] [Client thread/INFO] [CHAT] На Вас наложен Яростный взор, Вы получаете урон, когда смотрите на существ
[15:51:08] [Client thread/INFO] [CHAT] На Вас наложен Яростный взор, Вы получаете урон, когда смотрите на существ
[15:51:09] [Client thread/INFO] [CHAT] Получено 64 звезд
[15:51:09] [Client thread/INFO] [CHAT] Урон игрока Tveiv: 30937
[15:51:12] [Client thread/INFO] [CHAT] Tveiv получил Сплетение теней x2
[15:51:12] [Client thread/INFO] [CHAT] Tveiv получил Бонус скорости x2
[15:51:12] [Client thread/INFO] [CHAT] Tveiv получил Ничего x2
[15:51:12] [Client thread/INFO] [CHAT] Tveiv получил Фатальная бессонница x2
[15:51:12] [Client thread/INFO] [CHAT] Tveiv получил Бумажный меч x2
[15:51:19] [Client thread/INFO] [CHAT] [10] I ┃ Bushido_Zhoo » [Скипетр кровавых ран ⚝ +1]
[15:51:21] [Client thread/INFO] [CHAT] Потеряно 58 звезд
[15:51:21] [Client thread/INFO] [CHAT] Tveiv получил Квазар
[15:51:22] [Client thread/INFO] [CHAT] Потеряно 58 звезд
[15:51:22] [Client thread/INFO] [CHAT] Tveiv получил Теневой
[15:51:24] [Client thread/INFO] [CHAT] Потеряно 58 звезд
[15:51:24] [Client thread/INFO] [CHAT] Tveiv получил Бонус скорости
[15:51:25] [Client thread/INFO] [CHAT] Потеряно 58 звезд
[15:51:25] [Client thread/INFO] [CHAT] Tveiv получил Охотник за головами
[15:51:26] [Client thread/INFO] [CHAT] Потеряно 58 звезд
[15:51:26] [Client thread/INFO] [CHAT] Tveiv получил Острый клинок
[15:51:44] [Client thread/INFO] [CHAT] [12] zxc_venerttts » [Зачарованный медный жезл ♨ +3]
[15:51:46] [Client thread/INFO] [CHAT] Вампиризм сброшен!
[15:51:54] [Client thread/INFO] [CHAT] Вы уклонились на 57%
[15:51:56] [Client thread/INFO] [CHAT] Вампиризм сброшен!
[15:52:04] [Client thread/INFO] [CHAT] Получено 50 звезд
[15:52:04] [Client thread/INFO] [CHAT] Урон игрока Tveiv: 54613
[15:52:08] [Client thread/INFO] [CHAT] Tveiv получил Атомный комар x2
[15:52:08] [Client thread/INFO] [CHAT] Tveiv получил Свинцовый слоник x2
[15:52:08] [Client thread/INFO] [CHAT] Tveiv получил Сетка для ловли звёзд x2
[15:52:08] [Client thread/INFO] [CHAT] Tveiv получил Маноед x2
[15:52:08] [Client thread/INFO] [CHAT] Tveiv получил Грохот научного триумфа x2
[15:52:16] [Client thread/INFO] [CHAT] Потеряно 59 звезд
[15:52:16] [Client thread/INFO] [CHAT] Tveiv получил Идол глупцов
[15:52:17] [Client thread/INFO] [CHAT] Объект появляется в комнате. Это конец величественных звёзд.
[15:52:21] [Client thread/INFO] [CHAT] Tveiv получил Дверь во тьму
[15:52:28] [Client thread/INFO] [CHAT] Tveiv получил Бонус брони
[15:52:41] [Client thread/INFO] [CHAT] Получено 91 звезд
[15:52:41] [Client thread/INFO] [CHAT] Урон игрока Tveiv: 35023
[15:52:45] [Client thread/INFO] [CHAT] Tveiv получил Лалофобия x2
[15:52:45] [Client thread/INFO] [CHAT] Tveiv получил Бонус уклонения x2
[15:52:45] [Client thread/INFO] [CHAT] Tveiv получил Бонус уклонения x2
[15:52:45] [Client thread/INFO] [CHAT] Tveiv получил Бонус скорости x2
[15:52:45] [Client thread/INFO] [CHAT] Tveiv получил Свинцовый слоник x2
[15:52:45] [Client thread/INFO] [CHAT] Tveiv получил Острый клинок x2
[15:52:46] [Client thread/INFO] [CHAT] [12] zxc_venerttts » [Меч стража горизонта событий ☬ +6]
[15:52:47] [Client thread/INFO] [CHAT] Tveiv получил Проклятие мультивыбора x2
[15:52:47] [Client thread/INFO] [CHAT] Tveiv получил Долг судьбы x2
[15:52:47] [Client thread/INFO] [CHAT] Tveiv получил Возвышение на Юпитер x2
[15:52:47] [Client thread/INFO] [CHAT] Tveiv получил Висп в бутылке x2
[15:52:47] [Client thread/INFO] [CHAT] Tveiv получил Маноед x2
[15:52:47] [Client thread/INFO] [CHAT] Tveiv получил Дурак x2
[15:52:56] [Client thread/INFO] [CHAT] Tveiv получил Проклятие
[15:52:56] [Client thread/INFO] [CHAT] Tveiv потерял Бумажный меч
[15:52:57] [Client thread/INFO] [CHAT] Tveiv получил Проклятие
[15:52:57] [Client thread/INFO] [CHAT] Tveiv потерял Бумажный меч
[15:53:02] [Client thread/INFO] [CHAT] [10] I ┃ Bushido_Zhoo » [Меч убийцы из черной дыры ♆ +5]
[15:53:03] [Client thread/INFO] [CHAT] Потеряно 59 звезд
[15:53:03] [Client thread/INFO] [CHAT] Tveiv получил Ключ к Победе
[15:53:06] [Client thread/INFO] [CHAT] Потеряно 59 звезд
[15:53:06] [Client thread/INFO] [CHAT] Tveiv получил Гвардиан
[15:53:08] [Client thread/INFO] [CHAT] Жми SHIFT, чтобы получить эффект левитации и поймать летучих мышей!
[15:53:10] [Client thread/INFO] [CHAT] Tveiv получил Мышь на Венере
[15:53:12] [Client thread/INFO] [CHAT] Вы уклонились на 29%
[15:53:17] [Client thread/INFO] [CHAT] Вы уклонились на 36%
[15:53:20] [Client thread/INFO] [CHAT] Вы уклонились на 46%
[15:53:22] [Client thread/INFO] [CHAT] Луч презрения задел Вас! Ваше исцеление снижено на 25% в течении 17 секунд
[15:53:34] [Client thread/INFO] [CHAT] [12] S ┃ VanoGame_ » [Скипетр кровавых ран ☠ +5]
[15:53:40] [Client thread/INFO] [CHAT] Вы уклонились на 39%
[15:53:43] [Client thread/INFO] [CHAT] Луч презрения задел Вас! Ваше исцеление снижено на 25% в течении 17 секунд
[15:53:44] [Client thread/INFO] [CHAT] Расима снижает уровень зачарования Посмертная маска +3
[15:53:46] [Client thread/INFO] [CHAT] Расима: Сколько ещё Вы будете пытаться убить меня?
[15:53:48] [Client thread/INFO] [CHAT] Расима: Сгораете в собственной ярости..
[15:53:50] [Client thread/INFO] [CHAT] Расима: Ваши тела будут исцелены досмерти!
[15:54:05] [Client thread/INFO] [CHAT] Вы уклонились на 40%
[15:54:05] [Client thread/INFO] [CHAT] Расима отнимает Ваше здоровье! Убивайте цветки жизни, чтобы его вернуть.
[15:54:06] [Client thread/INFO] [CHAT] Расима: Пусть мир будет поглощен Черной дырой!
[15:54:06] [Client thread/INFO] [CHAT] Расима отнимает Ваше здоровье! Убивайте цветки жизни, чтобы его вернуть.
[15:54:08] [Client thread/INFO] [CHAT] Вы уклонились на 31%
[15:54:10] [Client thread/INFO] [CHAT] Прошла минута с начала волны! Урон противников увеличен на 25%
[15:54:11] [Client thread/INFO] [CHAT] Расима сбросила Ваш вампиризм!
[15:54:13] [Client thread/INFO] [CHAT] Вы уклонились на 55%
[15:54:14] [Client thread/INFO] [CHAT] Расима: Пусть мир будет поглощен Черной дырой!
[15:54:15] [Client thread/INFO] [CHAT] Вы уклонились на 51%
[15:54:15] [Client thread/INFO] [CHAT] Расима сбросила Ваш вампиризм!
[15:54:18] [Client thread/INFO] [CHAT] Вы уклонились на 43%
[15:54:19] [Client thread/INFO] [CHAT] Вы уклонились на 38%
[15:54:51] [Client thread/INFO] [CHAT] [5] sss_samurai_sss » а как пригласить человека в тиму
[15:55:14] [Client thread/INFO] [CHAT] [5] sss_samurai_sss » к
[15:55:17] [Client thread/INFO] [CHAT] [12] zxc_venerttts » Небытие нужно
[15:55:20] [Client thread/INFO] [CHAT] [12] zxc_venerttts » мне
[15:55:29] [Client thread/INFO] [CHAT] [12] zxc_venerttts » нету тут
[15:56:10] [Client thread/INFO] [CHAT] [14] _Demon_Rasta_ » кто поможет пройти уровень за 10лвл
[15:56:25] [Client thread/INFO] [CHAT] [12] zxc_venerttts » Дверь во тьму
[15:56:41] [Client thread/INFO] [CHAT] [10] I ┃ Bushido_Zhoo » стойте
[15:56:44] [Client thread/INFO] [CHAT] [12] zxc_venerttts » ?
[15:57:08] [Client thread/INFO] [CHAT] [12] zxc_venerttts » Ура
[15:57:26] [Client thread/INFO] [CHAT] [12] zxc_venerttts » чё желать
[15:57:28] [Client thread/INFO] [CHAT] [30] D ┃ AndreWiking » -
[15:58:03] [Client thread/INFO] [CHAT] [10] I ┃ Bushido_Zhoo » пхах, сдохнуть умудрился
[15:58:16] [Client thread/INFO] [CHAT] [10] I ┃ Bushido_Zhoo » самое то
[15:59:10] [Client thread/INFO] [CHAT] [12] zxc_venerttts » бля чуть чуть не хватает на ничего
[15:59:36] [Client thread/INFO] [CHAT] [16] I ┃ K0PTER » ребята, скок можно секретных очивок получить на начальной локации
[15:59:37] [Client thread/INFO] [CHAT] [16] I ┃ K0PTER » ?
[15:59:56] [Client thread/INFO] [CHAT] [10] I ┃ Bushido_Zhoo » урааа лудка
[16:00:00] [Client thread/INFO] [CHAT] [12] zxc_venerttts » ага
[16:00:18] [Client thread/INFO] [CHAT] [5] sss_samurai_sss » ns ult
[16:00:43] [Client thread/INFO] [CHAT] [10] I ┃ Bushido_Zhoo » ой
[16:00:47] [Client thread/INFO] [CHAT] [12] zxc_venerttts » Будем?
[16:01:02] [Client thread/INFO] [CHAT] Tveiv получил Собиратель мусора
[16:01:08] [Client thread/INFO] [CHAT] [5] P+ ┃ XxX_TorTik_XxX » дим
[16:01:09] [Client thread/INFO] [CHAT] Вы уклонились на 45%
[16:01:14] [Client thread/INFO] [CHAT] Получено 46 звезд
[16:01:14] [Client thread/INFO] [CHAT] Урон игрока Tveiv: 6589
[16:01:16] [Client thread/INFO] [CHAT] Tveiv получил Замок без ключа
[16:01:19] [Client thread/INFO] [CHAT] Владелец Колеса Удачных Побед: Подходи, дружище. Новому клиенту мы всегда рады, даже сделаем тебе небольшой подарок. Первая крутка - бесплатно!
[16:01:24] [Client thread/INFO] [CHAT] Tveiv получил Контроль
[16:01:32] [Client thread/INFO] [CHAT] [5] P+ ┃ XxX_TorTik_XxX » а это какой лвл
[16:01:37] [Client thread/INFO] [CHAT] [12] zxc_venerttts » бля 5 нехватает
[16:01:39] [Client thread/INFO] [CHAT] Вы уклонились на 27%
[16:01:42] [Client thread/INFO] [CHAT] [5] P+ ┃ XxX_TorTik_XxX » а это какой лвл
[16:01:43] [Client thread/INFO] [CHAT] Вы уклонились на 47%
[16:01:52] [Client thread/INFO] [CHAT] Вы уклонились на 41%
[16:01:54] [Client thread/INFO] [CHAT] [16] I ┃ K0PTER » ребята, скок можно секретных очивок получить на начальной локации
[16:01:55] [Client thread/INFO] [CHAT] [5] P+ ┃ XxX_TorTik_XxX » а это какой лвл
[16:01:56] [Client thread/INFO] [CHAT] [5] P+ ┃ XxX_TorTik_XxX » а это какой лвл
[16:01:58] [Client thread/INFO] [CHAT] [5] P+ ┃ XxX_TorTik_XxX » а это какой лвл
[16:01:58] [Client thread/INFO] [CHAT] Получено 37 звезд
[16:01:58] [Client thread/INFO] [CHAT] Урон игрока Tveiv: 10861
[16:01:59] [Client thread/INFO] [CHAT] [5] P+ ┃ XxX_TorTik_XxX » а это какой лвл
[16:02:00] [Client thread/INFO] [CHAT] Tveiv получил Охотник за головами
[16:02:04] [Client thread/INFO] [CHAT] [30] D ┃ AndreWiking » не спамь
[16:02:04] [Client thread/INFO] [CHAT] Потеряно 51 звезд
[16:02:04] [Client thread/INFO] [CHAT] Tveiv получил Чаша Победителей
[16:02:26] [Client thread/INFO] [CHAT] Получено 43 звезд
[16:02:26] [Client thread/INFO] [CHAT] Урон игрока Tveiv: 8331
[16:02:27] [Client thread/INFO] [CHAT] Tveiv получил Атомные часы
[16:02:42] [Client thread/INFO] [CHAT] Tveiv получил Бонус маны
[16:02:43] [Client thread/INFO] [CHAT] Получено 46 звезд
[16:02:43] [Client thread/INFO] [CHAT] Урон игрока Tveiv: 10014
[16:02:44] [Client thread/INFO] [CHAT] Tveiv получил Грохот научного триумфа
[16:02:47] [Client thread/INFO] [CHAT] Tveiv получил Никтофобия
[16:02:48] [Client thread/INFO] [CHAT] Последователь Этоля появляется в комнате.
[16:02:49] [Client thread/INFO] [CHAT] Астролог: Странник Тьмы, я рад видеть тебя. Позволь мне помочь в твоих странствиях, давай свою экипировку.
[16:02:49] [Client thread/INFO] [CHAT] Оружие получает +2 к уровню зачарования, а остальные предметы - +4
[16:02:59] [Client thread/INFO] [CHAT] Вы уклонились на 36%
[16:03:03] [Client thread/INFO] [CHAT] Вы уклонились на 36%
[16:03:06] [Client thread/INFO] [CHAT] Вы уклонились на 27%
[16:03:22] [Client thread/INFO] [CHAT] Получено 39 звезд
[16:03:22] [Client thread/INFO] [CHAT] Урон игрока Tveiv: 12626
[16:03:23] [Client thread/INFO] [CHAT] Tveiv получил Сетка для ловли звёзд
[16:03:27] [Client thread/INFO] [CHAT] Вы уклонились на 58%
[16:03:30] [Client thread/INFO] [CHAT] Вы уклонились на 41%
[16:03:35] [Client thread/INFO] [CHAT] Tveiv получил Спокойствие разума x2
[16:03:36] [Client thread/INFO] [CHAT] Tveiv получил Бонус урона
[16:03:45] [Client thread/INFO] [CHAT] Вы уклонились на 53%
[16:04:01] [Client thread/INFO] [CHAT] Вы уклонились на 46%
[16:04:03] [Client thread/INFO] [CHAT] [12] S ┃ VanoGame_ » cyrene
[16:04:06] [Client thread/INFO] [CHAT] [12] S ┃ VanoGame_ » хихих
[16:04:08] [Client thread/INFO] [CHAT] Получено 46 звезд
[16:04:08] [Client thread/INFO] [CHAT] Урон игрока Tveiv: 40849
[16:04:09] [Client thread/INFO] [CHAT] [12] zxc_venerttts » [Кровавая жертва]
[16:04:11] [Client thread/INFO] [CHAT] Tveiv получил Пожиратель энергии
[16:04:14] [Client thread/INFO] [CHAT] [12] zxc_venerttts » [Медный арбалет ♡ +1]
[16:04:21] [Client thread/INFO] [CHAT] Вы находите лестницу отчаяния. Каждый, кто рискнёт ступить на неё, обречён на невероятные мучения. Но кто знает, что хранит вершина?
[16:04:24] [Client thread/INFO] [CHAT] [10] I ┃ Bushido_Zhoo » [Медный арбалет ♡]
[16:04:35] [Client thread/INFO] [CHAT] Tveiv получил Разрез души
[16:04:46] [Client thread/INFO] [CHAT] Tveiv получил Бонус скорости x2
[16:04:48] [Client thread/INFO] [CHAT] Получено 63 звезд
[16:04:48] [Client thread/INFO] [CHAT] Урон игрока Tveiv: 15919
[16:04:49] [Client thread/INFO] [CHAT] Tveiv получил Стеклянная кукла
[16:04:52] [Client thread/INFO] [CHAT] [12] zxc_venerttts » я тебе свой подорил
[16:04:55] [Client thread/INFO] [CHAT] Потеряно 53 звезд
[16:04:55] [Client thread/INFO] [CHAT] Tveiv получил Прострел с Юпитера
[16:04:56] [Client thread/INFO] [CHAT] Потеряно 53 звезд
[16:04:56] [Client thread/INFO] [CHAT] Tveiv получил Губка
[16:04:58] [Client thread/INFO] [CHAT] Потеряно 53 звезд
[16:04:58] [Client thread/INFO] [CHAT] Tveiv получил Бонус урона
[16:04:59] [Client thread/INFO] [CHAT] Потеряно 53 звезд
[16:04:59] [Client thread/INFO] [CHAT] Tveiv получил Немногословен
[16:05:00] [Client thread/INFO] [CHAT] Потеряно 53 звезд
[16:05:00] [Client thread/INFO] [CHAT] Tveiv получил Дверь во тьму
[16:05:12] [Client thread/INFO] [CHAT] Вы уклонились на 51%
[16:05:19] [Client thread/INFO] [CHAT] Получено 60 звезд
[16:05:19] [Client thread/INFO] [CHAT] Урон игрока Tveiv: 10246
[16:05:21] [Client thread/INFO] [CHAT] Tveiv получил Ножницы пространства
[16:05:33] [Client thread/INFO] [CHAT] Вы уклонились на 53%
[16:05:34] [Client thread/INFO] [CHAT] Губка поглотила Проклятие! 1/5
[16:05:34] [Client thread/INFO] [CHAT] Tveiv потерял Немногословен
[16:05:37] [Client thread/INFO] [CHAT] У Вас есть 20 секунд, прежде, чем кот сбежит!
[16:05:45] [Client thread/INFO] [CHAT] Tveiv получил Идол глупцов
[16:05:50] [Client thread/INFO] [CHAT] Вы уклонились на 29%
[16:05:52] [Client thread/INFO] [CHAT] Вы уклонились на 37%
[16:06:06] [Client thread/INFO] [CHAT] Получено 59 звезд
[16:06:06] [Client thread/INFO] [CHAT] Урон игрока Tveiv: 20039
[16:06:09] [Client thread/INFO] [CHAT] Tveiv получил Приманка
[16:06:09] [Client thread/INFO] [CHAT] Tveiv получил Дьяволица
[16:06:14] [Client thread/INFO] [CHAT] Tveiv получил Смотри на меня
[16:06:14] [Client thread/INFO] [CHAT] Tveiv получил Бонус брони
[16:06:21] [Client thread/INFO] [CHAT] Tveiv получил Бонус здоровья
[16:06:28] [Client thread/INFO] [CHAT] Tveiv получил Бонус брони x2
[16:06:32] [Client thread/INFO] [CHAT] [5] P ┃ kykuhuj777 » Чужой среди своих
[16:06:33] [Client thread/INFO] [CHAT] Получено 60 звезд
[16:06:33] [Client thread/INFO] [CHAT] Урон игрока Tveiv: 32092
[16:06:36] [Client thread/INFO] [CHAT] Tveiv получил Карта выбора
[16:06:47] [Client thread/INFO] [CHAT] [30] V ┃ Paranoiid » ...
[16:06:51] [Client thread/INFO] [CHAT] Tveiv получил Бонус брони
[16:06:55] [Client thread/INFO] [CHAT] Tveiv получил Бонус урона
[16:07:01] [Client thread/INFO] [CHAT] Получено 60 звезд
[16:07:01] [Client thread/INFO] [CHAT] Урон игрока Tveiv: 18225
[16:07:02] [Client thread/INFO] [CHAT] Tveiv получил Фатальная бессонница
[16:07:08] [Client thread/INFO] [CHAT] Tveiv получил Бонус скорости
[16:07:15] [Client thread/INFO] [CHAT] Вы уклонились на 43%
[16:07:18] [Client thread/INFO] [CHAT] Получено 63 звезд
[16:07:18] [Client thread/INFO] [CHAT] Урон игрока Tveiv: 31052
[16:07:20] [Client thread/INFO] [CHAT] Tveiv получил Маноед
[16:07:25] [Client thread/INFO] [CHAT] Потеряно 274 звезд
[16:07:25] [Client thread/INFO] [CHAT] Tveiv получил Дверь во тьму
[16:07:26] [Client thread/INFO] [CHAT] Последователи Бедствия появляются в комнате.
[16:07:27] [Client thread/INFO] [CHAT] Наследница Бедствия: Странник Тьмы, ты же направляешься к Расиме?
[16:07:28] [Client thread/INFO] [CHAT] Наследница Бедствия: Мы можем помочь друг-другу.
[16:07:30] [Client thread/INFO] [CHAT] Наследница Бедствия: В битве с Расимой, мы будем на твоей стороне. Согласен?
[16:07:31] [Client thread/INFO] [CHAT] Наследница Бедствия: Прекрасно, скоро мы встретимся.
[16:07:31] [Client thread/INFO] [CHAT] Губка поглотила Проклятие! 2/5
[16:07:31] [Client thread/INFO] [CHAT] Губка поглотила Проклятие! 3/5
[16:07:31] [Client thread/INFO] [CHAT] Губка поглотила Проклятие! 4/5
[16:07:31] [Client thread/INFO] [CHAT] Tveiv получил Взгляд Расимы
[16:07:31] [Client thread/INFO] [CHAT] Tveiv получил Последователи Бедствия
[16:07:34] [Client thread/INFO] [CHAT] Вы уклонились на 48%
[16:07:41] [Client thread/INFO] [CHAT] Вы уклонились на 42%
[16:07:45] [Client thread/INFO] [CHAT] Получено 63 звезд
[16:07:45] [Client thread/INFO] [CHAT] Урон игрока Tveiv: 20037
[16:07:46] [Client thread/INFO] [CHAT] Tveiv получил Башня яркой Луны
[16:07:48] [Client thread/INFO] [CHAT] Маленькие проклинатели залетают в комнату, Вам следует быть осторожными с ними.
[16:07:49] [Client thread/INFO] [CHAT] Маленький проклинатель: Сладкий, вкусный Странник Тьмы, просим тебя, прими наши небольшие подарки.
[16:07:52] [Client thread/INFO] [CHAT] Tveiv получил Гений звёзд
[16:07:52] [Client thread/INFO] [CHAT] Губка поглотила Проклятие! 5/5
[16:08:00] [Client thread/INFO] [CHAT] Tveiv получил Бонус урона x2
[16:08:03] [Client thread/INFO] [CHAT] Получено 66 звезд
[16:08:03] [Client thread/INFO] [CHAT] Урон игрока Tveiv: 24200
[16:08:05] [Client thread/INFO] [CHAT] Tveiv получил Бонус урона
[16:08:07] [Client thread/INFO] [CHAT] Tveiv получил Спарагмос
[16:08:07] [Client thread/INFO] [CHAT] Tveiv получил Чаша Победителей
[16:08:07] [Client thread/INFO] [CHAT] Tveiv получил Бонус маны
[16:08:11] [Client thread/INFO] [CHAT] Потеряно 57 звезд
[16:08:11] [Client thread/INFO] [CHAT] Tveiv получил Возвышение на Юпитер
[16:08:14] [Client thread/INFO] [CHAT] Потеряно 57 звезд
[16:08:14] [Client thread/INFO] [CHAT] Tveiv получил Компас заклинателя
[16:08:22] [Client thread/INFO] [CHAT] Вы уклонились на 32%
[16:08:29] [Client thread/INFO] [CHAT] Вампиризм сброшен!
[16:08:30] [Client thread/INFO] [CHAT] Вы уклонились на 57%
[16:08:36] [Client thread/INFO] [CHAT] Вы уклонились на 41%
[16:08:37] [Client thread/INFO] [CHAT] Tveiv получил Бонус скорости x2
[16:08:38] [Client thread/INFO] [CHAT] Вы уклонились на 56%
[16:08:38] [Client thread/INFO] [CHAT] Tveiv получил Бонус урона
[16:08:38] [Client thread/INFO] [CHAT] Tveiv получил Бонус маны
[16:08:41] [Client thread/INFO] [CHAT] Получено 57 звезд
[16:08:41] [Client thread/INFO] [CHAT] Урон игрока Tveiv: 46874
[16:08:42] [Client thread/INFO] [CHAT] Tveiv получил Черная карта
[16:08:54] [Client thread/INFO] [CHAT] На Вас наложен Яростный взор, Вы получаете урон, когда смотрите на существ
[16:08:56] [Client thread/INFO] [CHAT] Вампиризм сброшен!
[16:09:02] [Client thread/INFO] [CHAT] Вампиризм сброшен!
[16:09:04] [Client thread/INFO] [CHAT] Вы уклонились на 52%
[16:09:09] [Client thread/INFO] [CHAT] Получено 59 звезд
[16:09:09] [Client thread/INFO] [CHAT] Урон игрока Tveiv: 57359
[16:09:18] [Client thread/INFO] [CHAT] Tveiv получил Проклятие
[16:09:18] [Client thread/INFO] [CHAT] Tveiv получил Никтофобия
[16:09:18] [Client thread/INFO] [CHAT] Tveiv получил Лалофобия
[16:09:18] [Client thread/INFO] [CHAT] Tveiv получил Децидофобия
[16:09:18] [Client thread/INFO] [CHAT] Tveiv получил Пениафобия
[16:09:18] [Client thread/INFO] [CHAT] Tveiv получил Проклятие
[16:09:18] [Client thread/INFO] [CHAT] Tveiv получил Никтофобия
[16:09:18] [Client thread/INFO] [CHAT] Tveiv получил Лалофобия
[16:09:18] [Client thread/INFO] [CHAT] Tveiv получил Децидофобия
[16:09:18] [Client thread/INFO] [CHAT] Tveiv получил Пениафобия
[16:09:18] [Client thread/INFO] [CHAT] Tveiv получил Панофобия x2
[16:09:18] [Client thread/INFO] [CHAT] Tveiv получил Бонус маны x2
[16:09:18] [Client thread/INFO] [CHAT] Tveiv получил Кукла вуду x2
[16:09:28] [Client thread/INFO] [CHAT] Tveiv получил Ничего x2
[16:09:28] [Client thread/INFO] [CHAT] На Вас наложен Яростный взор, Вы получаете урон, когда смотрите на существ
[16:09:37] [Client thread/INFO] [CHAT] Tveiv получил Дьяволица x2
[16:09:37] [Client thread/INFO] [CHAT] На Вас наложен Яростный взор, Вы получаете урон, когда смотрите на существ
[16:09:37] [Client thread/ERROR] Error on handle event #liPuq in Mod{name='VoidMod', version='1.0+089d877', persistent=false, delegate=dev.a.a.a, modState=LOADED}
java.lang.NullPointerException: Cannot invoke "!#RHFkw.r()" because "<parameter1>" is null
	at VoidMod-v1.0+089d877//dev.a.a.g.g.a(SourceFile:13)
	at VoidMod-v1.0+089d877//dev.a.a.h.a.a.a.h(SourceFile)
	at VoidMod-v1.0+089d877//dev.a.a.h.a.b.a(SourceFile:49)
	at VoidMod-v1.0+089d877//dev.a.a.h.a.b.injectedLambda$a$13(SourceFile)
	at java.base/java.util.Collection.removeIf(Unknown Source)
	at VoidMod-v1.0+089d877//dev.a.a.h.a.b.a(SourceFile:46)
	at VoidMod-v1.0+089d877//dev.a.a.h.a.b.injectedLambda$a$9(SourceFile)
	at #glmBE.sa(SourceFile:56)
	at #VmcMg.a(Unknown Source)
	at #VmcMg.accept(Unknown Source)
	at #Hvwvu.sa(SourceFile:105)
	at #durGt.a(Unknown Source)
	at #durGt.accept(Unknown Source)
	at #IsJOi.sa(SourceFile:59)
	at #Tuhja.a(SourceFile)
	at #YLOEq.sa(SourceFile:89)
	at #qbDVS.sa(SourceFile:100)
	at #uvNju.unsafeHandle(SourceFile)
	at #weeOO.sa(SourceFile:50)
	at #neVQx.sF(SourceFile:3590)
	at #eiNMA.sv(SourceFile:1999)
	at #zSGbB.sa(SourceFile:1482)
	at #lVFyp.st(SourceFile:1634)
	at #cYnba.sk(SourceFile:487)
	at net.minecraft.client.main.GameMain.a(SourceFile:220)
	at net.minecraft.client.main.GameMain.a(SourceFile:156)
	at #kBJWf.a(Unknown Source)
	at #kBJWf.run(Unknown Source)
	at java.base/java.lang.Thread.run(Unknown Source)
[16:10:19] [Client thread/INFO] [CHAT] Tveiv получил Собиратель мусора
[16:10:31] [Client thread/INFO] [CHAT] Получено 46 звезд
[16:10:31] [Client thread/INFO] [CHAT] Урон игрока Tveiv: 6935
[16:10:33] [Client thread/INFO] [CHAT] Tveiv получил Сетка для ловли звёзд
[16:10:53] [Client thread/INFO] [CHAT] Вы уклонились на 37%
[16:10:55] [Client thread/INFO] [CHAT] [12] zxc_venerttts » О урона +67% любого урона
[16:10:56] [Client thread/INFO] [CHAT] Получено 57 звезд
[16:10:56] [Client thread/INFO] [CHAT] Урон игрока Tveiv: 12232
[16:10:58] [Client thread/INFO] [CHAT] Tveiv получил Острый клинок
[16:11:04] [Client thread/INFO] [CHAT] Потеряно 51 звезд
[16:11:04] [Client thread/INFO] [CHAT] Tveiv получил Приманка
[16:11:05] [Client thread/INFO] [CHAT] Потеряно 51 звезд
[16:11:05] [Client thread/INFO] [CHAT] Tveiv получил Охотник за головами
[16:11:07] [Client thread/INFO] [CHAT] Жми SHIFT, чтобы получить эффект левитации и поймать летучих мышей!
[16:11:24] [Client thread/INFO] [CHAT] Tveiv получил Мышь на Венере
[16:11:33] [Client thread/INFO] [CHAT] Вы уклонились на 42%
[16:11:37] [Client thread/INFO] [CHAT] [15] _Demon_Rasta_ » кто возьмет в команду?
[16:11:39] [Client thread/INFO] [CHAT] [30] V ┃ Paranoiid » [Лунный камень ♨ +8] найс вернул
[16:11:51] [Client thread/INFO] [CHAT] [3] V ┃ xrealiztz » #hamd
[16:11:53] [Client thread/INFO] [CHAT] Вы уклонились на 33%
[16:11:53] [Client thread/INFO] [CHAT] Получено 53 звезд
[16:11:53] [Client thread/INFO] [CHAT] Урон игрока Tveiv: 16262
[16:11:55] [Client thread/INFO] [CHAT] [3] V ┃ xrealiztz » [Посох убийцы из черной дыры ☬ +3]
[16:11:58] [Client thread/INFO] [CHAT] Tveiv получил Долг судьбы
[16:12:02] [Client thread/INFO] [CHAT] Потеряно 51 звезд
[16:12:02] [Client thread/INFO] [CHAT] Tveiv получил Бумажный меч
[16:12:03] [Client thread/INFO] [CHAT] Свет, исполняющий Желание: Чего ты желаешь? Я исполню все, что ты хочешь.
[16:12:09] [Client thread/INFO] [CHAT] Свет, исполняющий Желание: Ты желаешь дверь во тьму? Будет исполнено.
[16:12:12] [Client thread/INFO] [CHAT] Свет, исполняющий Желание: Ваше желание исполнено.
[16:12:12] [Client thread/INFO] [CHAT] Tveiv получил Дверь во тьму
[16:12:21] [Client thread/INFO] [CHAT] [30] RPG_HouS » [Череп бессмертного ☬ +3] норм штука?
[16:12:24] [Client thread/INFO] [CHAT] Получено 64 звезд
[16:12:24] [Client thread/INFO] [CHAT] Урон игрока Tveiv: 11020
[16:12:26] [Client thread/INFO] [CHAT] Tveiv получил Фатальная бессонница
[16:12:33] [Client thread/INFO] [CHAT] [30] V ┃ Paranoiid » хз
[16:12:34] [Client thread/INFO] [CHAT] Tveiv получил Прострел с Юпитера
[16:12:34] [Client thread/INFO] [CHAT] Tveiv получил Куб неуязвимости
[16:12:40] [Client thread/INFO] [CHAT] Потеряно 52 звезд
[16:12:40] [Client thread/INFO] [CHAT] Tveiv получил Теневой
[16:12:42] [Client thread/INFO] [CHAT] [30] V ┃ Paranoiid » [Лунный камень ♨ +8] я эти пользуюсь
[16:12:58] [Client thread/INFO] [CHAT] [30] D ┃ AndreWiking » а зачем +8?
[16:13:01] [Client thread/INFO] [CHAT] [30] D ┃ AndreWiking » [Лунный камень ☬ +1]
[16:13:04] [Client thread/INFO] [CHAT] Вы уклонились на 50%
[16:13:06] [Client thread/INFO] [CHAT] [30] V ┃ Paranoiid » кд
[16:13:08] [Client thread/INFO] [CHAT] [30] D ┃ AndreWiking » аа
[16:13:08] [Client thread/INFO] [CHAT] Получено 56 звезд
[16:13:08] [Client thread/INFO] [CHAT] Урон игрока Tveiv: 12124
[16:13:09] [Client thread/INFO] [CHAT] [30] D ┃ AndreWiking » оно меньше
[16:13:13] [Client thread/INFO] [CHAT] Tveiv получил Ножницы пространства
[16:13:16] [Client thread/INFO] [CHAT] [10] I ┃ Bushido_Zhoo » это наши
[16:13:18] [Client thread/INFO] [CHAT] [30] D ┃ AndreWiking » я путаю кд
[16:13:25] [Client thread/INFO] [CHAT] [30] V ┃ Paranoiid » мб на +10 будет +4 заряда))
[16:13:26] [Client thread/INFO] [CHAT] Tveiv получил Бонус маны
[16:13:30] [Client thread/INFO] [CHAT] [30] V ┃ Paranoiid » Но это врядли
[16:13:34] [Client thread/INFO] [CHAT] [30] D ┃ AndreWiking » по факту -кд должно быть меньше, а оно больше
[16:13:48] [Client thread/INFO] [CHAT] Вы уклонились на 48%
[16:13:50] [Client thread/INFO] [CHAT] Вы уклонились на 51%
[16:13:56] [Client thread/INFO] [CHAT] Получено 48 звезд
[16:13:56] [Client thread/INFO] [CHAT] Урон игрока Tveiv: 44516
[16:13:58] [Client thread/INFO] [CHAT] Tveiv получил Зеркало Катастрофы
[16:14:06] [Client thread/INFO] [CHAT] [30] V ┃ Paranoiid » Ну тут затуп да некий
[16:14:15] [Client thread/INFO] [CHAT] [30] V ┃ Paranoiid » В знаках
[16:14:19] [Client thread/INFO] [CHAT] [30] Treefrei66 » [Приговор ☠ +8] по идее ща рар арбик с 25будет лучше
[16:14:20] [Client thread/INFO] [CHAT] [30] D ┃ AndreWiking » у гамби же идеальный шлем надет?
[16:14:25] [Client thread/INFO] [CHAT] Tveiv получил Бонус брони
[16:14:26] [Client thread/INFO] [CHAT] [30] Treefrei66 » там сплеш идёт
[16:14:27] [Client thread/INFO] [CHAT] Получено 63 звезд
[16:14:27] [Client thread/INFO] [CHAT] Урон игрока Tveiv: 17318
[16:14:28] [Client thread/INFO] [CHAT] Tveiv получил Внутренняя сила x2
[16:14:33] [Client thread/INFO] [CHAT] [30] V ┃ Paranoiid » [Приговор ☠ +9] этот лучше
[16:14:34] [Client thread/INFO] [CHAT] Потеряно 53 звезд
[16:14:34] [Client thread/INFO] [CHAT] Tveiv получил Черная карта
[16:14:36] [Client thread/INFO] [CHAT] Исцеление появляется в комнате.
[16:14:38] [Client thread/INFO] [CHAT] [30] V ┃ Paranoiid » )
[16:14:39] [Client thread/INFO] [CHAT] Tveiv получил Взгляд Расимы
[16:14:39] [Client thread/INFO] [CHAT] Расима: Я не могу помочь тебе, но буду наблюдать.
[16:14:44] [Client thread/INFO] [CHAT] [30] Treefrei66 » параноид тегни свой рар арбик +10
[16:14:47] [Client thread/INFO] [CHAT] [30] D ┃ AndreWiking » [Приговор ♆ +5]
[16:14:48] [Client thread/INFO] [CHAT] Tveiv получил Спокойствие разума
[16:14:48] [Client thread/INFO] [CHAT] Tveiv получил Бонус маны
[16:14:49] [Client thread/INFO] [CHAT] [30] V ┃ Paranoiid » [Арбалет последователя Бедствия ☠ +10]
[16:14:52] [Client thread/INFO] [CHAT] Получено 63 звезд
[16:14:52] [Client thread/INFO] [CHAT] Урон игрока Tveiv: 16602
[16:14:53] [Client thread/INFO] [CHAT] Tveiv получил Катастрофизация x3
[16:14:53] [Client thread/INFO] [CHAT] Tveiv получил Замок без ключа x3
[16:14:55] [Client thread/INFO] [CHAT] [30] Treefrei66 » во
[16:14:55] [Client thread/INFO] [CHAT] [30] D ┃ AndreWiking » посмотри на колво заточек
[16:14:58] [Client thread/INFO] [CHAT] Потеряно 54 звезд
[16:14:58] [Client thread/INFO] [CHAT] Tveiv получил Расшифровщик Валотайла
[16:14:58] [Client thread/INFO] [CHAT] [30] RPG_HouS » [Арбалет последователя Бедствия ☬ +9]
[16:14:59] [Client thread/INFO] [CHAT] На Вас наложено Проклятие Крови, Вы получаете урон за каждую нанесенную атаку
[16:15:00] [Client thread/INFO] [CHAT] Потеряно 54 звезд
[16:15:00] [Client thread/INFO] [CHAT] Tveiv получил Проклятие
[16:15:00] [Client thread/INFO] [CHAT] Tveiv получил Никтофобия
[16:15:00] [Client thread/INFO] [CHAT] Tveiv получил Лалофобия
[16:15:00] [Client thread/INFO] [CHAT] Tveiv получил Децидофобия
[16:15:00] [Client thread/INFO] [CHAT] Tveiv получил Пениафобия
[16:15:00] [Client thread/INFO] [CHAT] Tveiv получил Панофобия
[16:15:01] [Client thread/INFO] [CHAT] Потеряно 54 звезд
[16:15:01] [Client thread/INFO] [CHAT] Tveiv получил Бумажный меч
[16:15:10] [Client thread/INFO] [CHAT] [30] D ┃ AndreWiking » [Богохульство ☠ +6]
[16:15:12] [Client thread/INFO] [CHAT] На Вас наложено Проклятие Крови, Вы получаете урон за каждую нанесенную атаку
[16:15:12] [Client thread/INFO] [CHAT] На Вас наложено Проклятие Крови, Вы получаете урон за каждую нанесенную атаку
[16:15:18] [Client thread/INFO] [CHAT] [30] V ┃ Paranoiid » [Темный кинжал ☬ +1] норм тема?
[16:15:21] [Client thread/INFO] [CHAT] [30] V ┃ Paranoiid » только что выбил
[16:15:22] [Client thread/INFO] [CHAT] [30] D ┃ AndreWiking » это такая срань
[16:15:25] [Client thread/INFO] [CHAT] На Вас наложено Проклятие Страха, Ваш вампиризм заблокирован
[16:15:35] [Client thread/INFO] [CHAT] [30] D ┃ AndreWiking » [Темный кинжал ♆ +4]
[16:15:38] [Client thread/INFO] [CHAT] На Вас наложено Проклятие Страха, Ваш вампиризм заблокирован
[16:15:40] [Client thread/INFO] [CHAT] [30] Treefrei66 » [Боевой топор ярости ♨ +9] чекните скок благ там просто сколько благ ради +8
[16:15:41] [Client thread/INFO] [CHAT] [30] V ┃ Paranoiid » Ема
[16:15:42] [Client thread/INFO] [CHAT] Получено 48 звезд
[16:15:42] [Client thread/INFO] [CHAT] Урон игрока Tveiv: 27665
[16:15:43] [Client thread/INFO] [CHAT] [30] D ┃ AndreWiking » вроде норм, но хз
[16:15:43] [Client thread/INFO] [CHAT] Tveiv получил Черная магия x3
[16:15:44] [Client thread/INFO] [CHAT] Tveiv получил Паранойя Победителя x3
[16:15:44] [Client thread/INFO] [CHAT] Tveiv получил Гений звёзд x3
[16:15:50] [Client thread/INFO] [CHAT] [30] RPG_HouS » [Пламекос ☠ +6] норм тему?
[16:15:51] [Client thread/INFO] [CHAT] На Вас наложено Проклятие Страха, Ваш вампиризм заблокирован
[16:15:51] [Client thread/INFO] [CHAT] На Вас наложено Проклятие Страха, Ваш вампиризм заблокирован
[16:15:51] [Client thread/INFO] [CHAT] На Вас наложено Проклятие Страха, Ваш вампиризм заблокирован
[16:15:51] [Client thread/INFO] [CHAT] Потеряно 54 звезд
[16:15:51] [Client thread/INFO] [CHAT] Tveiv получил Идол глупцов
[16:15:52] [Client thread/INFO] [CHAT] [30] V ┃ Paranoiid » Мана сжигание 20))
[16:15:56] [Client thread/INFO] [CHAT] Вы уклонились на 43%
[16:16:01] [Client thread/INFO] [CHAT] Tveiv получил Бонус скорости
[16:16:01] [Client thread/INFO] [CHAT] Tveiv получил Ничего
[16:16:03] [Client thread/INFO] [CHAT] [30] D ┃ AndreWiking » так у него способка ресает
[16:16:04] [Client thread/INFO] [CHAT] На Вас наложено Проклятие Крови, Вы получаете урон за каждую нанесенную атаку
[16:16:06] [Client thread/INFO] [CHAT] [13] zxc_venerttts » !как юзать это [Кровавая жертва]
[16:16:17] [Client thread/INFO] [CHAT] На Вас наложено Проклятие Крови, Вы получаете урон за каждую нанесенную атаку
[16:16:17] [Client thread/INFO] [CHAT] На Вас наложено Проклятие Крови, Вы получаете урон за каждую нанесенную атаку
[16:16:18] [Client thread/INFO] [CHAT] [13] zxc_venerttts » [Нагрудник убийцы из черной дыры ☠ +3]
[16:16:20] [Client thread/INFO] [CHAT] [30] D ┃ AndreWiking » каждый задетый 20 маны
[16:16:21] [Client thread/INFO] [CHAT] Tveiv получил Бонус здоровья
[16:16:22] [Client thread/INFO] [CHAT] Tveiv получил Бонус урона
[16:16:27] [Client thread/INFO] [CHAT] Tveiv получил Бонус здоровья
[16:16:27] [Client thread/INFO] [CHAT] Получено 51 звезд
[16:16:27] [Client thread/INFO] [CHAT] Урон игрока Tveiv: 40753
[16:16:27] [Client thread/INFO] [CHAT] Tveiv получил Бонус здоровья x3
[16:16:28] [Client thread/INFO] [CHAT] [13] zxc_venerttts » !как юзать это [Кровавая жертва]
[16:16:29] [Client thread/INFO] [CHAT] [30] V ┃ Paranoiid » Хз мне только топор нравится
[16:16:30] [Client thread/INFO] [CHAT] На Вас наложено Проклятие Страха, Ваш вампиризм заблокирован
[16:16:33] [Client thread/INFO] [CHAT] Tveiv получил Ничего
[16:16:36] [Client thread/INFO] [CHAT] Tveiv получил Спокойствие разума
[16:16:41] [Client thread/INFO] [CHAT] [13] zxc_venerttts » !как юзать это [Кровавая жертва]
[16:16:43] [Client thread/INFO] [CHAT] Tveiv получил Бонус маны
[16:16:43] [Client thread/INFO] [CHAT] На Вас наложено Проклятие Страха, Ваш вампиризм заблокирован
[16:16:43] [Client thread/INFO] [CHAT] На Вас наложено Проклятие Крови, Вы получаете урон за каждую нанесенную атаку
[16:16:52] [Client thread/INFO] [CHAT] Вы уклонились на 39%
[16:16:53] [Client thread/INFO] [CHAT] [30] RPG_HouS » [Роба последователя Бедствия ☬ +8] 32 благ
[16:16:55] [Client thread/INFO] [CHAT] Вы уклонились на 46%
[16:16:56] [Client thread/INFO] [CHAT] На Вас наложено Проклятие Крови, Вы получаете урон за каждую нанесенную атаку
[16:16:57] [Client thread/INFO] [CHAT] Вы уклонились на 37%
[16:16:57] [Client thread/INFO] [CHAT] Авто-кликер выключен
[16:16:58] [Client thread/INFO] [CHAT] Авто-кликер включен
[16:16:59] [Client thread/INFO] [CHAT] Вы уклонились на 42%
[16:17:04] [Client thread/INFO] [CHAT] [30] D ┃ AndreWiking » уф
[16:17:09] [Client thread/INFO] [CHAT] На Вас наложено Проклятие Страха, Ваш вампиризм заблокирован
[16:17:18] [Client thread/INFO] [CHAT] Получено 43 звезд
[16:17:18] [Client thread/INFO] [CHAT] Урон игрока Tveiv: 24202
[16:17:18] [Client thread/INFO] [CHAT] Tveiv получил Непобеждаемая слот-машина x3
[16:17:18] [Client thread/INFO] [CHAT] Tveiv получил Росток алмазного дерева x3
[16:17:22] [Client thread/INFO] [CHAT] [30] V ┃ Paranoiid » [Карта созвездий] либо это
[16:17:22] [Client thread/INFO] [CHAT] На Вас наложено Проклятие Крови, Вы получаете урон за каждую нанесенную атаку
[16:17:22] [Client thread/INFO] [CHAT] На Вас наложено Проклятие Страха, Ваш вампиризм заблокирован
[16:17:24] [Client thread/INFO] [CHAT] [30] Treefrei66 » [Шаровары последователя Бедствия ☬ +6] +6 и уже 23благи
[16:17:27] [Client thread/INFO] [CHAT] [30] Treefrei66 » эпик
[16:17:27] [Client thread/INFO] [CHAT] Tveiv получил Проклятие
[16:17:27] [Client thread/INFO] [CHAT] Tveiv потерял Бумажный меч
[16:17:27] [Client thread/INFO] [CHAT] [30] Treefrei66 » эпик
[16:17:31] [Client thread/INFO] [CHAT] Tveiv получил Проклятие
[16:17:31] [Client thread/INFO] [CHAT] Tveiv потерял Бумажный меч
[16:17:32] [Client thread/INFO] [CHAT] [12] S ┃ VanoGame_ » обички можно передавать?
[16:17:33] [Client thread/INFO] [CHAT] [30] RPG_HouS » [Карта созвездий]
[16:17:35] [Client thread/INFO] [CHAT] На Вас наложено Проклятие Страха, Ваш вампиризм заблокирован
[16:17:36] [Client thread/INFO] [CHAT] Последователь и его группа ожидают от Вас ответа.
[16:17:37] [Client thread/INFO] [CHAT] [30] D ┃ AndreWiking » [Шаровары последователя Бедствия ♡ +9]
[16:17:38] [Client thread/INFO] [CHAT] [30] D ┃ AndreWiking » хы
[16:17:39] [Client thread/INFO] [CHAT] [30] Treefrei66 » да эири
[16:17:40] [Client thread/INFO] [CHAT] [30] V ┃ Paranoiid » запай свой
[16:17:40] [Client thread/INFO] [CHAT] Последователь Этоля: Превосходный ответ, мы ожидаем от тебя свершений.
[16:17:40] [Client thread/INFO] [CHAT] Tveiv получил Спокойствие разума
[16:17:49] [Client thread/INFO] [CHAT] [30] D ┃ AndreWiking » 6 обычек на +9
[16:17:52] [Client thread/INFO] [CHAT] Вы уклонились на 39%
[16:17:53] [Client thread/INFO] [CHAT] Tveiv получил Ничего
[16:18:01] [Client thread/INFO] [CHAT] На Вас наложено Проклятие Страха, Ваш вампиризм заблокирован
[16:18:01] [Client thread/INFO] [CHAT] На Вас наложено Проклятие Крови, Вы получаете урон за каждую нанесенную атаку
[16:18:04] [Client thread/INFO] [CHAT] [30] V ┃ Paranoiid » [Арбалет последователя Бедствия ☠ +10] 7 обычек на +10 xDD
[16:18:05] [Client thread/INFO] [CHAT] Получено 57 звезд
[16:18:05] [Client thread/INFO] [CHAT] Урон игрока Tveiv: 35825
[16:18:06] [Client thread/INFO] [CHAT] Tveiv получил Сплетение теней x3
[16:18:06] [Client thread/INFO] [CHAT] Tveiv получил Бумажный меч x3
[16:18:08] [Client thread/INFO] [CHAT] [30] RPG_HouS » [Уничтожение ♆ +5] норм тему?
[16:18:14] [Client thread/INFO] [CHAT] На Вас наложено Проклятие Страха, Ваш вампиризм заблокирован
[16:18:14] [Client thread/INFO] [CHAT] На Вас наложено Проклятие Крови, Вы получаете урон за каждую нанесенную атаку
[16:18:14] [Client thread/INFO] [CHAT] На Вас наложено Проклятие Страха, Ваш вампиризм заблокирован
[16:18:18] [Client thread/INFO] [CHAT] [30] Treefrei66 » нет
[16:18:18] [Client thread/INFO] [CHAT] [30] D ┃ AndreWiking » нифига ты лакер
[16:18:19] [Client thread/INFO] [CHAT] Tveiv получил Проклятие
[16:18:19] [Client thread/INFO] [CHAT] Tveiv потерял Гений звёзд
[16:18:24] [Client thread/INFO] [CHAT] Tveiv получил Проклятие
[16:18:24] [Client thread/INFO] [CHAT] Tveiv потерял Черная магия
[16:18:27] [Client thread/INFO] [CHAT] На Вас наложено Проклятие Страха, Ваш вампиризм заблокирован
[16:18:27] [Client thread/INFO] [CHAT] На Вас наложено Проклятие Страха, Ваш вампиризм заблокирован
[16:18:29] [Client thread/INFO] [CHAT] Tveiv получил Проклятие
[16:18:29] [Client thread/INFO] [CHAT] Tveiv потерял Росток алмазного дерева
[16:18:31] [Client thread/INFO] [CHAT] [30] I ┃ TheFoolLotm » [Уничтожение ♡ +8]
[16:18:32] [Client thread/INFO] [CHAT] [30] Treefrei66 » хотя физ бафает
[16:18:35] [Client thread/INFO] [CHAT] [30] I ┃ TheFoolLotm » норм тема?)
[16:18:36] [Client thread/INFO] [CHAT] Tveiv получил Проклятие
[16:18:36] [Client thread/INFO] [CHAT] Tveiv потерял Замок без ключа
[16:18:39] [Client thread/INFO] [CHAT] [30] V ┃ Paranoiid » [Сапоги из кошмара ☬ +10] еще вот это по приколу сделал
[16:18:43] [Client thread/INFO] [CHAT] Последователи Бедствия появляются в комнате.
[16:18:44] [Client thread/INFO] [CHAT] Наследница Бедствия: Странник Тьмы, ты же направляешься к Расиме?
[16:18:45] [Client thread/INFO] [CHAT] Наследница Бедствия: Мы можем помочь друг-другу.
[16:18:46] [Client thread/INFO] [CHAT] [30] I ┃ TheFoolLotm » qq
[16:18:47] [Client thread/INFO] [CHAT] Наследница Бедствия: В битве с Расимой, мы будем на твоей стороне. Согласен?
[16:18:47] [Client thread/INFO] [CHAT] Наследница Бедствия: Ты ещё пожалеешь об этом.
[16:18:50] [Client thread/INFO] [CHAT] [30] V ┃ Paranoiid » ку
[16:18:52] [Client thread/INFO] [CHAT] [30] Treefrei66 » q
[16:18:52] [Client thread/INFO] [CHAT] На Вас наложено Проклятие Страха, Ваш вампиризм заблокирован
[16:18:53] [Client thread/INFO] [CHAT] На Вас наложено Проклятие Крови, Вы получаете урон за каждую нанесенную атаку
[16:18:53] [Client thread/INFO] [CHAT] На Вас наложено Проклятие Страха, Ваш вампиризм заблокирован
[16:18:56] [Client thread/INFO] [CHAT] [30] D ┃ AndreWiking » ку
[16:18:59] [Client thread/INFO] [CHAT] [13] zxc_venerttts » [Меч стража горизонта событий ☬ +8]
[16:18:59] [Client thread/INFO] [CHAT] [30] V ┃ Paranoiid » все зап?
[16:19:00] [Client thread/INFO] [CHAT] [30] I ┃ TheFoolLotm » смотрю вы кошмарите 27 уровень
[16:19:00] [Client thread/INFO] [CHAT] Tveiv получил Бонус урона
[16:19:04] [Client thread/INFO] [CHAT] [30] V ┃ Paranoiid » кнш
[16:19:04] [Client thread/INFO] [CHAT] Получено 60 звезд
[16:19:04] [Client thread/INFO] [CHAT] Урон игрока Tveiv: 21187
[16:19:05] [Client thread/INFO] [CHAT] Tveiv получил Двигайся, как камень x3
[16:19:05] [Client thread/INFO] [CHAT] Tveiv получил Прогноз погоды x3
[16:19:06] [Client thread/INFO] [CHAT] На Вас наложено Проклятие Страха, Ваш вампиризм заблокирован
[16:19:06] [Client thread/INFO] [CHAT] На Вас наложено Проклятие Крови, Вы получаете урон за каждую нанесенную атаку
[16:19:06] [Client thread/INFO] [CHAT] [30] RPG_HouS » ! bb через час приду
[16:19:07] [Client thread/INFO] [CHAT] [30] D ┃ AndreWiking » фул
[16:19:09] [Client thread/INFO] [CHAT] [30] Treefrei66 » у нас фул(
[16:19:10] [Client thread/INFO] [CHAT] [30] D ┃ AndreWiking » аа
[16:19:12] [Client thread/INFO] [CHAT] Потеряно 56 звезд
[16:19:12] [Client thread/INFO] [CHAT] Получено 72 звезд
[16:19:12] [Client thread/INFO] [CHAT] Tveiv получил Стеклянная кукла
[16:19:13] [Client thread/INFO] [CHAT] [13] zxc_venerttts » [Меч стража горизонта событий ☬ +8]
[16:19:13] [Client thread/INFO] [CHAT] [30] D ┃ AndreWiking » уже не фул
[16:19:14] [Client thread/INFO] [CHAT] Потеряно 56 звезд
[16:19:14] [Client thread/INFO] [CHAT] Получено 72 звезд
[16:19:14] [Client thread/INFO] [CHAT] Tveiv получил Губка
[16:19:15] [Client thread/INFO] [CHAT] Потеряно 56 звезд
[16:19:15] [Client thread/INFO] [CHAT] Получено 72 звезд
[16:19:15] [Client thread/INFO] [CHAT] Tveiv получил Зеркальный
[16:19:15] [Client thread/INFO] [CHAT] [30] Treefrei66 » уже не фул
[16:19:16] [Client thread/INFO] [CHAT] Потеряно 56 звезд
[16:19:16] [Client thread/INFO] [CHAT] Получено 72 звезд
[16:19:16] [Client thread/INFO] [CHAT] Tveiv получил Бонус здоровья
[16:19:17] [Client thread/INFO] [CHAT] Потеряно 56 звезд
[16:19:17] [Client thread/INFO] [CHAT] Получено 72 звезд
[16:19:17] [Client thread/INFO] [CHAT] Tveiv получил Катастрофизация
[16:19:18] [Client thread/INFO] [CHAT] Потеряно 56 звезд
[16:19:18] [Client thread/INFO] [CHAT] Получено 72 звезд
[16:19:18] [Client thread/INFO] [CHAT] Tveiv получил Зеркало Катастрофы
[16:19:19] [Client thread/INFO] [CHAT] На Вас наложено Проклятие Крови, Вы получаете урон за каждую нанесенную атаку
[16:19:19] [Client thread/INFO] [CHAT] На Вас наложено Проклятие Страха, Ваш вампиризм заблокирован
[16:19:22] [Client thread/INFO] [CHAT] Потеряно 56 звезд
[16:19:22] [Client thread/INFO] [CHAT] Получено 72 звезд
[16:19:22] [Client thread/INFO] [CHAT] Tveiv получил Росток алмазного дерева
[16:19:22] [Client thread/INFO] [CHAT] [30] I ┃ TheFoolLotm » хд
[16:19:22] [Client thread/INFO] [CHAT] [30] D ┃ AndreWiking » rpg_hous
[16:19:27] [Client thread/INFO] [CHAT] [30] RPG_HouS » ! я приду скоро
[16:19:28] [Client thread/INFO] [CHAT] Tveiv получил Бонус маны
[16:19:28] [Client thread/INFO] [CHAT] [30] D ┃ AndreWiking » rpg_hous
[16:19:29] [Client thread/INFO] [CHAT] [30] I ┃ TheFoolLotm » лан удачи там я афк
[16:19:30] [Client thread/INFO] [CHAT] Tveiv получил Бонус брони
[16:19:30] [Client thread/INFO] [CHAT] [30] Treefrei66 » а у него к арта(
[16:19:31] [Client thread/INFO] [CHAT] На Вас наложено Проклятие Крови, Вы получаете урон за каждую нанесенную атаку
[16:19:32] [Client thread/INFO] [CHAT] На Вас наложено Проклятие Крови, Вы получаете урон за каждую нанесенную атаку
[16:19:32] [Client thread/INFO] [CHAT] [30] D ┃ AndreWiking » лидерку передай
[16:19:37] [Client thread/INFO] [CHAT] Tveiv получил Бонус урона
[16:19:37] [Client thread/INFO] [CHAT] Tveiv получил Бонус маны
[16:19:39] [Client thread/INFO] [CHAT] [30] V ┃ Paranoiid » мою юзнем
[16:19:41] [Client thread/INFO] [CHAT] На Вас наложено Проклятие Страха, Ваш вампиризм заблокирован
[16:19:41] [Client thread/INFO] [CHAT] На Вас наложено Проклятие Крови, Вы получаете урон за каждую нанесенную атаку
[16:19:45] [Client thread/INFO] [CHAT] На Вас наложено Проклятие Страха, Ваш вампиризм заблокирован
[16:19:46] [Client thread/INFO] [CHAT] Получено 59 звезд
[16:19:46] [Client thread/INFO] [CHAT] Урон игрока Tveiv: 34438
[16:19:47] [Client thread/INFO] [CHAT] Tveiv получил Эхо Волшебства x4
[16:19:47] [Client thread/INFO] [CHAT] Tveiv получил Взгляд Расимы x4
[16:19:47] [Client thread/INFO] [CHAT] Tveiv получил Мирный сон Бедствия x4
[16:19:47] [Client thread/INFO] [CHAT] Tveiv получил Висп в бутылке x4
[16:19:48] [Client thread/INFO] [CHAT] [30] Treefrei66 » у тя дно преисподнии
[16:19:52] [Client thread/INFO] [CHAT] Потеряно 57 звезд
[16:19:52] [Client thread/INFO] [CHAT] Получено 71 звезд
[16:19:52] [Client thread/INFO] [CHAT] Tveiv получил Бонус маны
[16:19:53] [Client thread/INFO] [CHAT] Потеряно 57 звезд
[16:19:53] [Client thread/INFO] [CHAT] Получено 71 звезд
[16:19:53] [Client thread/INFO] [CHAT] Tveiv получил Теневой
[16:19:53] [Client thread/INFO] [CHAT] [30] V ┃ Paranoiid » да пох
[16:19:55] [Client thread/INFO] [CHAT] [30] RPG_HouS » ! я приду и вместе поиграем
[16:19:55] [Client thread/INFO] [CHAT] Потеряно 57 звезд
[16:19:55] [Client thread/INFO] [CHAT] Получено 71 звезд
[16:19:55] [Client thread/INFO] [CHAT] Tveiv получил Воронка проклятий
[16:19:55] [Client thread/INFO] [CHAT] [30] V ┃ Paranoiid » не?
[16:19:56] [Client thread/INFO] [CHAT] Потеряно 57 звезд
[16:19:56] [Client thread/INFO] [CHAT] Получено 71 звезд
[16:19:56] [Client thread/INFO] [CHAT] Tveiv получил Неукротимое бесстрашие
[16:19:56] [Client thread/INFO] [CHAT] [30] Treefrei66 » не попишель даже
[16:19:57] [Client thread/INFO] [CHAT] Потеряно 57 звезд
[16:19:57] [Client thread/INFO] [CHAT] Получено 71 звезд
[16:19:57] [Client thread/INFO] [CHAT] Tveiv получил Собиратель мусора
[16:19:58] [Client thread/INFO] [CHAT] На Вас наложено Проклятие Страха, Ваш вампиризм заблокирован
[16:19:58] [Client thread/INFO] [CHAT] На Вас наложено Проклятие Страха, Ваш вампиризм заблокирован
[16:19:58] [Client thread/INFO] [CHAT] Потеряно 57 звезд
[16:19:58] [Client thread/INFO] [CHAT] Получено 71 звезд
[16:19:58] [Client thread/INFO] [CHAT] Tveiv получил Черная карта
[16:19:59] [Client thread/INFO] [CHAT] [30] Treefrei66 » воще не не
[16:19:59] [Client thread/INFO] [CHAT] Потеряно 57 звезд
[16:19:59] [Client thread/INFO] [CHAT] Получено 71 звезд
[16:19:59] [Client thread/INFO] [CHAT] Tveiv получил Спокойствие разума
[16:20:01] [Client thread/INFO] [CHAT] [30] Treefrei66 » он ещё и x2
[16:20:13] [Client thread/INFO] [CHAT] Вампиризм сброшен!
[16:20:13] [Client thread/INFO] [CHAT] Вампиризм сброшен!
[16:20:15] [Client thread/INFO] [CHAT] [30] V ┃ Paranoiid » Ну го сингулярность 2 раза пройдем?
[16:20:17] [Client thread/INFO] [CHAT] Tveiv получил Ничего
[16:20:19] [Client thread/INFO] [CHAT] [30] Treefrei66 » на 25гу
[16:20:20] [Client thread/INFO] [CHAT] [30] V ┃ Paranoiid » или 25
[16:20:23] [Client thread/INFO] [CHAT] [30] Treefrei66 » 25
[16:20:24] [Client thread/INFO] [CHAT] Вы уклонились на 46%
[16:20:24] [Client thread/INFO] [CHAT] На Вас наложено Проклятие Страха, Ваш вампиризм заблокирован
[16:20:30] [Client thread/INFO] [CHAT] [30] V ┃ Paranoiid » !/p w
[16:20:30] [Client thread/INFO] [CHAT] [30] Treefrei66 » я се арб хочу рарный выбить
[16:20:31] [Client thread/INFO] [CHAT] Получено 51 звезд
[16:20:31] [Client thread/INFO] [CHAT] Урон игрока Tveiv: 35662
[16:20:32] [Client thread/INFO] [CHAT] Tveiv получил Спокойствие разума x5
[16:20:34] [Client thread/INFO] [CHAT] Звезды падают с небес!
[16:20:37] [Client thread/INFO] [CHAT] [30] D ┃ AndreWiking » зач?
[16:20:40] [Client thread/INFO] [CHAT] Tveiv получил Бонус здоровья
[16:20:40] [Client thread/INFO] [CHAT] Tveiv получил Бонус уклонения
[16:20:42] [Client thread/INFO] [CHAT] [30] V ┃ Paranoiid » [Арбалет последователя Бедствия ☠ +10] этот?
[16:20:45] [Client thread/INFO] [CHAT] [30] Treefrei66 » да
[16:20:47] [Client thread/INFO] [CHAT] Вы уклонились на 45%
[16:20:49] [Client thread/INFO] [CHAT] [30] D ┃ AndreWiking » зачем
[16:20:50] [Client thread/INFO] [CHAT] На Вас наложено Проклятие Страха, Ваш вампиризм заблокирован
[16:20:50] [Client thread/INFO] [CHAT] На Вас наложен Яростный взор, Вы получаете урон, когда смотрите на существ
[16:20:50] [Client thread/INFO] [CHAT] [30] V ┃ Paranoiid » ну он кайфовы да
[16:20:53] [Client thread/INFO] [CHAT] [30] Treefrei66 » у него прознащ стрелы
[16:20:53] [Client thread/INFO] [CHAT] Вампиризм сброшен!
[16:20:53] [Client thread/ERROR] Error on handle event #liPuq in Mod{name='VoidMod', version='1.0+089d877', persistent=false, delegate=dev.a.a.a, modState=LOADED}
java.lang.NullPointerException
[16:20:53] [Client thread/ERROR] Error on handle event #liPuq in Mod{name='VoidMod', version='1.0+089d877', persistent=false, delegate=dev.a.a.a, modState=LOADED}
java.lang.NullPointerException
[16:20:56] [Client thread/INFO] [CHAT] [30] V ┃ Paranoiid » +
[16:20:58] [Client thread/INFO] [CHAT] [30] D ┃ AndreWiking » как по мне он ток на одинарных норм
[16:20:59] [Client thread/INFO] [CHAT] [30] Treefrei66 » способка*?
[16:21:01] [Client thread/INFO] [CHAT] [30] D ┃ AndreWiking » хотя
[16:21:18] [Client thread/INFO] [CHAT] [30] V ┃ Paranoiid » а че трое
[16:21:24] [Client thread/INFO] [CHAT] [30] D ┃ AndreWiking » без услажнения?
[16:21:24] [Client thread/INFO] [CHAT] [30] V ┃ Paranoiid » позови в пати
[16:21:26] [Client thread/INFO] [CHAT] [30] Treefrei66 » фооллотм афк
[16:21:29] [Client thread/INFO] [CHAT] [30] V ┃ Paranoiid » а
[16:21:37] [Client thread/INFO] [CHAT] [30] Treefrei66 » запай уже
[16:21:40] [Client thread/INFO] [CHAT] [30] V ┃ Paranoiid » А смысл в усложнении?
[16:21:44] [Client thread/INFO] [CHAT] Tveiv получил Собиратель мусора
[16:21:47] [Client thread/INFO] [CHAT] [30] V ┃ Paranoiid » Карта 100% дропается
[16:21:50] [Client thread/INFO] [CHAT] [30] D ┃ AndreWiking » 2 карты выпать не могут?
[16:21:55] [Client thread/INFO] [CHAT] [30] Treefrei66 » -
[16:21:56] [Client thread/INFO] [CHAT] [30] V ┃ Paranoiid » -
[16:21:56] [Client thread/INFO] [CHAT] [30] D ┃ AndreWiking » аа
[16:21:57] [Client thread/INFO] [CHAT] Получено 46 звезд
[16:21:57] [Client thread/INFO] [CHAT] Урон игрока Tveiv: 6578
[16:21:59] [Client thread/INFO] [CHAT] [30] D ┃ AndreWiking » ща погодите минутку
[16:22:00] [Client thread/INFO] [CHAT] Tveiv получил Висп в бутылке
[16:22:04] [Client thread/INFO] [CHAT] [30] D ┃ AndreWiking » ща погодите минутку
[16:22:06] [Client thread/INFO] [CHAT] [30] V ┃ Paranoiid » рк
[16:22:07] [Client thread/INFO] [CHAT] [13] zxc_venerttts » сзади
[16:22:16] [Client thread/INFO] [CHAT] Получено 44 звезд
[16:22:16] [Client thread/INFO] [CHAT] Урон игрока Tveiv: 11595
[16:22:17] [Client thread/INFO] [CHAT] Tveiv получил Небытие
[16:22:21] [Client thread/INFO] [CHAT] [30] V ┃ Paranoiid » запнешь сам
[16:22:22] [Client thread/INFO] [CHAT] [13] zxc_venerttts » а чё их 2
[16:22:25] [Client thread/INFO] [CHAT] Вы уклонились на 41%
[16:22:29] [Client thread/INFO] [CHAT] Получено 46 звезд
[16:22:29] [Client thread/INFO] [CHAT] Урон игрока Tveiv: 7092
[16:22:31] [Client thread/INFO] [CHAT] Tveiv получил Зеркало Катастрофы
[16:22:33] [Client thread/INFO] [CHAT] Звезды падают с небес!
[16:22:39] [Client thread/INFO] [CHAT] Tveiv получил Бонус здоровья
[16:22:39] [Client thread/INFO] [CHAT] Tveiv получил Бонус уклонения
[16:22:46] [Client thread/INFO] [CHAT] Вы уклонились на 56%
[16:22:50] [Client thread/INFO] [CHAT] Получено 46 звезд
[16:22:50] [Client thread/INFO] [CHAT] Урон игрока Tveiv: 8700
[16:22:52] [Client thread/INFO] [CHAT] Tveiv получил Атомные часы x2
[16:22:53] [Client thread/INFO] [CHAT] Tveiv получил Прострел с Юпитера x2
[16:22:58] [Client thread/INFO] [CHAT] Потеряно 52 звезд
[16:22:58] [Client thread/INFO] [CHAT] Tveiv получил Паранойя Победителя
[16:22:59] [Client thread/INFO] [CHAT] Потеряно 52 звезд
[16:22:59] [Client thread/INFO] [CHAT] Tveiv получил Шестерёнки страха
[16:23:01] [Client thread/INFO] [CHAT] Потеряно 52 звезд
[16:23:01] [Client thread/INFO] [CHAT] Tveiv получил Кровопролитие
[16:23:13] [Client thread/INFO] [CHAT] [15] _Demon_Rasta_ » кто возьмет в команду?
[16:23:15] [Client thread/INFO] [CHAT] Вы уклонились на 28%
[16:23:18] [Client thread/INFO] [CHAT] Вы уклонились на 28%
[16:23:28] [Client thread/INFO] [CHAT] Получено 40 звезд
[16:23:28] [Client thread/INFO] [CHAT] Урон игрока Tveiv: 11702
[16:23:29] [Client thread/INFO] [CHAT] Tveiv получил Бонус брони x2
[16:23:30] [Client thread/INFO] [CHAT] Последователь и его группа ожидают от Вас ответа.
[16:23:30] [Client thread/INFO] [CHAT] [30] Ripperch » Что надо для активации магазина?
[16:23:34] [Client thread/INFO] [CHAT] Последователь Этоля: Превосходный ответ, мы ожидаем от тебя свершений.
[16:23:34] [Client thread/INFO] [CHAT] Tveiv получил Собиратель мусора
[16:23:41] [Client thread/INFO] [CHAT] [30] I ┃ JonY_00 » Кнопку нажать
[16:23:43] [Client thread/INFO] [CHAT] Вы уклонились на 56%
[16:23:55] [Client thread/INFO] [CHAT] [30] Ripperch » спс
[16:24:03] [Client thread/INFO] [CHAT] Вы уклонились на 37%
[16:24:09] [Client thread/INFO] [CHAT] Вы уклонились на 32%
[16:24:10] [Client thread/INFO] [CHAT] Вы уклонились на 41%
[16:24:10] [Client thread/INFO] [CHAT] Вы уклонились на 55%
[16:24:18] [Client thread/INFO] [CHAT] Получено 32 звезд
[16:24:18] [Client thread/INFO] [CHAT] Урон игрока Tveiv: 38060
[16:24:19] [Client thread/INFO] [CHAT] Tveiv получил Осквернённое перо x3
[16:24:28] [Client thread/INFO] [CHAT] [30] V ┃ Paranoiid » Стоп
[16:24:31] [Client thread/INFO] [CHAT] Tveiv получил Бонус маны
[16:24:32] [Client thread/INFO] [CHAT] [30] V ┃ Paranoiid » Че за фигня
[16:24:36] [Client thread/INFO] [CHAT] [30] D ┃ AndreWiking » ?
[16:24:37] [Client thread/INFO] [CHAT] [30] Treefrei66 » а
[16:24:38] [Client thread/INFO] [CHAT] Получено 43 звезд
[16:24:38] [Client thread/INFO] [CHAT] Урон игрока Tveiv: 15413
[16:24:39] [Client thread/INFO] [CHAT] Tveiv получил Свинцовый слоник x2
[16:24:41] [Client thread/INFO] [CHAT] [30] V ┃ Paranoiid » [Секрет алхимиков ⚝ +5]
[16:24:42] [Client thread/INFO] [CHAT] [30] V ┃ Paranoiid » [Секрет алхимиков ⚝ +5]
[16:24:44] [Client thread/INFO] [CHAT] Вы уклонились на 48%
[16:24:47] [Client thread/INFO] [CHAT] [30] V ┃ Paranoiid » Одинаковые
[16:24:47] [Client thread/INFO] [CHAT] Вы уклонились на 47%
[16:24:48] [Client thread/INFO] [CHAT] Вы уклонились на 39%
[16:24:49] [Client thread/INFO] [CHAT] Вы уклонились на 32%
[16:24:51] [Client thread/INFO] [CHAT] [13] zxc_venerttts » чё желать
[16:24:52] [Client thread/INFO] [CHAT] Вы уклонились на 54%
[16:24:53] [Client thread/INFO] [CHAT] [30] Treefrei66 » проценты
[16:24:53] [Client thread/INFO] [CHAT] Вы уклонились на 43%
[16:24:56] [Client thread/INFO] [CHAT] [30] D ┃ AndreWiking » не, сила разная
[16:24:56] [Client thread/INFO] [CHAT] Получено 43 звезд
[16:24:56] [Client thread/INFO] [CHAT] Урон игрока Tveiv: 9932
[16:24:57] [Client thread/INFO] [CHAT] Tveiv получил Фатальная бессонница x2
[16:24:59] [Client thread/INFO] [CHAT] [30] Treefrei66 » проценты разные
[16:24:59] [Client thread/INFO] [CHAT] [30] V ┃ Paranoiid » Но ласт стат меньше у 1
[16:25:03] [Client thread/INFO] [CHAT] [30] Treefrei66 » проценты разные ты чо
[16:25:06] [Client thread/INFO] [CHAT] Потеряно 54 звезд
[16:25:06] [Client thread/INFO] [CHAT] Tveiv получил Самосознающие стрелы
[16:25:07] [Client thread/INFO] [CHAT] Потеряно 54 звезд
[16:25:07] [Client thread/INFO] [CHAT] Tveiv получил Двигайся, как камень
[16:25:08] [Client thread/INFO] [CHAT] Потеряно 54 звезд
[16:25:08] [Client thread/INFO] [CHAT] Tveiv получил Долг боли
[16:25:09] [Client thread/INFO] [CHAT] Последователь Этоля появляется в комнате.
[16:25:11] [Client thread/INFO] [CHAT] Астролог: Странник Тьмы, я рад видеть тебя. Позволь мне помочь в твоих странствиях, давай свою экипировку.
[16:25:11] [Client thread/INFO] [CHAT] Оружие получает +2 к уровню зачарования, а остальные предметы - +4
[16:25:14] [Client thread/INFO] [CHAT] [30] V ┃ Paranoiid » ааа
[16:25:18] [Client thread/INFO] [CHAT] [30] V ┃ Paranoiid » боже я тупой
[16:25:32] [Client thread/INFO] [CHAT] Вы уклонились на 52%
[16:25:35] [Client thread/INFO] [CHAT] Получено 43 звезд
[16:25:35] [Client thread/INFO] [CHAT] Урон игрока Tveiv: 18176
[16:25:36] [Client thread/INFO] [CHAT] [30] Treefrei66 » [Арбалет последователя Бедствия ♆ +1] я в хралищище нашёл его ема статы норм
[16:25:36] [Client thread/INFO] [CHAT] Tveiv получил Бумажный меч x2
[16:25:37] [Client thread/INFO] [CHAT] Tveiv получил Расимафикация x3
[16:25:41] [Client thread/INFO] [CHAT] [30] D ┃ AndreWiking » параноид, что у тебя по стакам бонусов?
[16:25:46] [Client thread/INFO] [CHAT] [30] Treefrei66 » я прр криты
[16:25:51] [Client thread/INFO] [CHAT] [30] V ┃ Paranoiid » статы кайф но метка не та
[16:25:59] [Client thread/INFO] [CHAT] Вы уклонились на 43%
[16:26:01] [Client thread/INFO] [CHAT] Tveiv получил Бонус маны
[16:26:08] [Client thread/INFO] [CHAT] [30] Treefrei66 » да зверь для луков впринципее лучше убийцы
[16:26:11] [Client thread/INFO] [CHAT] Tveiv получил Бумажный меч
[16:26:13] [Client thread/INFO] [CHAT] Получено 38 звезд
[16:26:13] [Client thread/INFO] [CHAT] Урон игрока Tveiv: 24284
[16:26:14] [Client thread/INFO] [CHAT] Tveiv получил Острый клинок x2
[16:26:16] [Client thread/INFO] [CHAT] [30] V ┃ Paranoiid » Исцеление Волшебник
[16:26:21] [Client thread/INFO] [CHAT] [30] D ┃ AndreWiking » без победки?
[16:26:25] [Client thread/INFO] [CHAT] [30] D ┃ AndreWiking » и всё по 4?
[16:26:25] [Client thread/INFO] [CHAT] [30] V ┃ Paranoiid » да
[16:26:29] [Client thread/INFO] [CHAT] [30] V ┃ Paranoiid » да
[16:26:30] [Client thread/INFO] [CHAT] Вы уклонились на 42%
[16:26:34] [Client thread/INFO] [CHAT] Вы уклонились на 38%
[16:26:37] [Client thread/INFO] [CHAT] Tveiv получил Бонус скорости x2
[16:26:39] [Client thread/INFO] [CHAT] [13] zxc_venerttts » сзади тень
[16:26:41] [Client thread/INFO] [CHAT] Получено 43 звезд
[16:26:41] [Client thread/INFO] [CHAT] Урон игрока Tveiv: 11798
[16:26:42] [Client thread/INFO] [CHAT] Tveiv получил Смотри на меня x3
[16:26:51] [Client thread/INFO] [CHAT] Потеряно 55 звезд
[16:26:51] [Client thread/INFO] [CHAT] Tveiv получил Рассеянный мозг
[16:26:52] [Client thread/INFO] [CHAT] Потеряно 55 звезд
[16:26:52] [Client thread/INFO] [CHAT] Tveiv получил Дьяволица
[16:27:00] [Client thread/INFO] [CHAT] Вы уклонились на 36%
[16:27:01] [Client thread/INFO] [CHAT] [30] I ┃ TheFoolLotm » у вас нет 4 исцел и 4 побед метки
[16:27:03] [Client thread/INFO] [CHAT] [30] I ┃ TheFoolLotm » ?
[16:27:04] [Client thread/INFO] [CHAT] Вы уклонились на 57%
[16:27:10] [Client thread/INFO] [CHAT] [30] D ┃ AndreWiking » у меня есть
[16:27:11] [Client thread/INFO] [CHAT] [30] Treefrei66 » фооллотм пойдёшь пати?
[16:27:18] [Client thread/INFO] [CHAT] [13] zxc_venerttts » бля я бомж
[16:27:22] [Client thread/INFO] [CHAT] VoidGame » Мана кончилась и ясность мысли покидает Вас!
[16:27:23] [Client thread/INFO] [CHAT] VoidGame » Мана кончилась и ясность мысли покидает Вас!
[16:27:23] [Client thread/INFO] [CHAT] Вы уклонились на 41%
[16:27:24] [Client thread/INFO] [CHAT] [30] Treefrei66 » у мя есть 4исцелки 5победилок не знаю зачем 5
[16:27:24] [Client thread/INFO] [CHAT] VoidGame » Мана кончилась и ясность мысли покидает Вас!
[16:27:25] [Client thread/INFO] [CHAT] VoidGame » Мана кончилась и ясность мысли покидает Вас!
[16:27:26] [Client thread/INFO] [CHAT] VoidGame » Мана кончилась и ясность мысли покидает Вас!
[16:27:27] [Client thread/INFO] [CHAT] VoidGame » Мана кончилась и ясность мысли покидает Вас!
[16:27:28] [Client thread/INFO] [CHAT] Вы уклонились на 31%
[16:27:28] [Client thread/INFO] [CHAT] VoidGame » Мана кончилась и ясность мысли покидает Вас!
[16:27:29] [Client thread/INFO] [CHAT] Получено 36 звезд
[16:27:29] [Client thread/INFO] [CHAT] Урон игрока Tveiv: 28688
[16:27:29] [Client thread/INFO] [CHAT] [30] D ┃ AndreWiking » xD
[16:27:30] [Client thread/INFO] [CHAT] Tveiv получил Бонус урона x2
[16:27:34] [Client thread/INFO] [CHAT] Последователи Бедствия появляются в комнате.
[16:27:34] [Client thread/INFO] [CHAT] Наследница Бедствия: Странник Тьмы, ты же направляешься к Расиме?
[16:27:35] [Client thread/INFO] [CHAT] Наследница Бедствия: Мы можем помочь друг-другу.
[16:27:37] [Client thread/INFO] [CHAT] Наследница Бедствия: В битве с Расимой, мы будем на твоей стороне. Согласен?
[16:27:37] [Client thread/INFO] [CHAT] [30] I ┃ TheFoolLotm » xd
[16:27:38] [Client thread/INFO] [CHAT] Наследница Бедствия: Ты ещё пожалеешь об этом.
[16:27:41] [Client thread/INFO] [CHAT] [30] D ┃ AndreWiking » фол с нами пойдёшь?
[16:27:52] [Client thread/INFO] [CHAT] Вы уклонились на 30%
[16:27:53] [Client thread/INFO] [CHAT] [30] Treefrei66 » фол п ойдём с нами мы фул зачищаем +карты
[16:27:53] [Client thread/INFO] [CHAT] Вы уклонились на 58%
[16:27:54] [Client thread/INFO] [CHAT] Вы уклонились на 39%
[16:27:54] [Client thread/INFO] [CHAT] Вы уклонились на 29%
[16:27:57] [Client thread/INFO] [CHAT] Получено 43 звезд
[16:27:57] [Client thread/INFO] [CHAT] Урон игрока Tveiv: 12787
[16:27:58] [Client thread/INFO] [CHAT] Tveiv получил Кольцо света x2
[16:27:59] [Client thread/INFO] [CHAT] Звезды падают с небес!
[16:28:05] [Client thread/INFO] [CHAT] Tveiv получил Бонус здоровья
[16:28:05] [Client thread/INFO] [CHAT] Tveiv получил Бонус уклонения
[16:28:08] [Client thread/INFO] [CHAT] Вампиризм сброшен!
[16:28:10] [Client thread/INFO] [CHAT] Вы уклонились на 54%
[16:28:14] [Client thread/INFO] [CHAT] [30] Treefrei66 » всё фол ушёл
[16:28:17] [Client thread/INFO] [CHAT] [30] D ┃ AndreWiking » аа
[16:28:18] [Client thread/INFO] [CHAT] Вампиризм сброшен!
[16:28:19] [Client thread/INFO] [CHAT] Вы уклонились на 45%
[16:28:19] [Client thread/INFO] [CHAT] [30] D ┃ AndreWiking » крч запаю
[16:28:20] [Client thread/INFO] [CHAT] [30] Treefrei66 » лан запай
[16:28:21] [Client thread/INFO] [CHAT] Получено 44 звезд
[16:28:21] [Client thread/INFO] [CHAT] Урон игрока Tveiv: 12478
[16:28:21] [Client thread/INFO] [CHAT] Вампиризм сброшен!
[16:28:21] [Client thread/INFO] [CHAT] [30] V ┃ Paranoiid » ща секу
[16:28:22] [Client thread/INFO] [CHAT] Tveiv получил Викторина Монксельда x2
[16:28:23] [Client thread/INFO] [CHAT] Tveiv получил Эхо Волшебства x3
[16:28:24] [Client thread/INFO] [CHAT] [30] D ┃ AndreWiking » -_-
[16:28:30] [Client thread/INFO] [CHAT] Потеряно 57 звезд
[16:28:30] [Client thread/INFO] [CHAT] Tveiv получил Взгляд Убийцы
[16:28:31] [Client thread/INFO] [CHAT] Потеряно 57 звезд
[16:28:31] [Client thread/INFO] [CHAT] Tveiv получил Спокойствие разума
[16:28:33] [Client thread/INFO] [CHAT] Последователь и его группа ожидают от Вас ответа.
[16:28:38] [Client thread/INFO] [CHAT] Последователь Этоля: Превосходный ответ, мы ожидаем от тебя свершений.
[16:28:38] [Client thread/INFO] [CHAT] Tveiv получил Бонус здоровья x4
[16:28:41] [Client thread/INFO] [CHAT] Вы уклонились на 28%
[16:28:44] [Client thread/INFO] [CHAT] Вы уклонились на 32%
[16:28:44] [Client thread/INFO] [CHAT] Вампиризм сброшен!
[16:28:48] [Client thread/INFO] [CHAT] [30] D ┃ AndreWiking » жалко можно ток 3 оружия
[16:28:49] [Client thread/INFO] [CHAT] Вампиризм сброшен!
[16:28:52] [Client thread/INFO] [CHAT] Вампиризм сброшен!
[16:28:55] [Client thread/INFO] [CHAT] Вы уклонились на 48%
[16:28:57] [Client thread/INFO] [CHAT] [30] leonardo_leo_ » жалко
[16:28:58] [Client thread/INFO] [CHAT] Вы уклонились на 30%
[16:28:58] [Client thread/INFO] [CHAT] [30] V ┃ Paranoiid » я тут
[16:29:00] [Client thread/INFO] [CHAT] Вы уклонились на 39%
[16:29:00] [Client thread/INFO] [CHAT] Вы уклонились на 49%
[16:29:00] [Client thread/INFO] [CHAT] Вы уклонились на 40%
[16:29:00] [Client thread/INFO] [CHAT] Вы уклонились на 39%
[16:29:00] [Client thread/INFO] [CHAT] Вы уклонились на 30%
[16:29:00] [Client thread/INFO] [CHAT] Вы уклонились на 30%
[16:29:01] [Client thread/INFO] [CHAT] [30] Treefrei66 » был бы доп слот там гдеет в награде
[16:29:02] [Client thread/INFO] [CHAT] [30] D ┃ AndreWiking » копьё некуда
[16:29:04] [Client thread/INFO] [CHAT] Вы уклонились на 48%
[16:29:07] [Client thread/INFO] [CHAT] Tveiv получил Висп в бутылке
[16:29:08] [Client thread/INFO] [CHAT] Получено 38 звезд
[16:29:08] [Client thread/INFO] [CHAT] Урон игрока Tveiv: 20739
[16:29:08] [Client thread/INFO] [CHAT] [24] P+ ┃ CFIl » как называется способность на иммунитет к безмолвию?
[16:29:08] [Client thread/INFO] [CHAT] Tveiv получил Спарагмос x3
[16:29:11] [Client thread/INFO] [CHAT] Последователь и его группа ожидают от Вас ответа.
[16:29:14] [Client thread/INFO] [CHAT] Последователь Этоля: Превосходный ответ, мы ожидаем от тебя свершений.
[16:29:14] [Client thread/INFO] [CHAT] Tveiv получил Бонус урона x4
[16:29:17] [Client thread/INFO] [CHAT] Вы уклонились на 36%
[16:29:20] [Client thread/INFO] [CHAT] Вампиризм сброшен!
[16:29:21] [Client thread/INFO] [CHAT] [5] P+ ┃ XxX_TorTik_XxX » стой
[16:29:42] [Client thread/INFO] [CHAT] [15] _Demon_Rasta_ » парни помогите пж что будет если скелета ударить с мечем на 19 урона
[16:29:48] [Client thread/INFO] [CHAT] [24] P+ ┃ CFIl » как называется способность на иммунитет к безмолвию? оч надо
[16:29:50] [Client thread/INFO] [CHAT] [30] D ┃ AndreWiking » да что за хрень
[16:29:53] [Client thread/INFO] [CHAT] [30] D ┃ AndreWiking » голова не апнулась
[16:29:55] [Client thread/INFO] [CHAT] [5] P+ ┃ XxX_TorTik_XxX » стой
[16:29:57] [Client thread/INFO] [CHAT] [5] P+ ┃ XxX_TorTik_XxX » стой
[16:29:57] [Client thread/INFO] [CHAT] [5] P+ ┃ XxX_TorTik_XxX » стой
[16:29:58] [Client thread/INFO] [CHAT] [5] P+ ┃ XxX_TorTik_XxX » стой
[16:29:58] [Client thread/INFO] [CHAT] [30] D ┃ AndreWiking » с +9 на +9
[16:29:58] [Client thread/INFO] [CHAT] [5] P+ ┃ XxX_TorTik_XxX » стой
[16:29:59] [Client thread/INFO] [CHAT] Tveiv получил Собиратель мусора
[16:29:59] [Client thread/INFO] [CHAT] [5] P+ ┃ XxX_TorTik_XxX » стой
[16:30:00] [Client thread/INFO] [CHAT] [5] P+ ┃ XxX_TorTik_XxX » стой
[16:30:03] [Client thread/INFO] [CHAT] [30] V ┃ Paranoiid » база
[16:30:07] [Client thread/INFO] [CHAT] [30] D ┃ AndreWiking » а
[16:30:11] [Client thread/INFO] [CHAT] [5] P+ ┃ XxX_TorTik_XxX » стой
[16:30:11] [Client thread/INFO] [CHAT] Получено 46 звезд
[16:30:11] [Client thread/INFO] [CHAT] Урон игрока Tveiv: 6638
[16:30:12] [Client thread/INFO] [CHAT] Tveiv получил Мое последнее перерождение в мире звезд, подаренное Исцелением
[16:30:14] [Client thread/INFO] [CHAT] [30] V ┃ Paranoiid » я бы бронь вообще не давал
[16:30:24] [Client thread/INFO] [CHAT] [24] P+ ┃ CFIl » как называется способность на иммунитет к безмолвию? оч надо
[16:30:35] [Client thread/INFO] [CHAT] Получено 42 звезд
[16:30:35] [Client thread/INFO] [CHAT] Урон игрока Tveiv: 11781
[16:30:37] [Client thread/INFO] [CHAT] Tveiv получил Дурак
[16:30:39] [Client thread/INFO] [CHAT] [30] V ┃ Paranoiid » Компас заклинателя
[16:30:44] [Client thread/INFO] [CHAT] Вы уклонились на 55%
[16:30:45] [Client thread/INFO] [CHAT] [24] P+ ┃ CFIl » благодарю
[16:30:49] [Client thread/INFO] [CHAT] Вы уклонились на 52%
[16:30:54] [Client thread/INFO] [CHAT] Получено 44 звезд
[16:30:54] [Client thread/INFO] [CHAT] Урон игрока Tveiv: 7297
[16:30:55] [Client thread/INFO] [CHAT] Tveiv получил Бонус брони
[16:31:05] [Client thread/INFO] [CHAT] Вы уклонились на 45%
[16:31:09] [Client thread/INFO] [CHAT] Tveiv получил Бонус маны
[16:31:09] [Client thread/INFO] [CHAT] Получено 45 звезд
[16:31:09] [Client thread/INFO] [CHAT] Урон игрока Tveiv: 10174
[16:31:11] [Client thread/INFO] [CHAT] Tveiv получил Бонус брони
[16:31:13] [Client thread/INFO] [CHAT] Tveiv получил Нож на перестрелке
[16:31:14] [Client thread/INFO] [CHAT] Звезды падают с небес!
[16:31:20] [Client thread/INFO] [CHAT] Tveiv получил Бонус здоровья
[16:31:20] [Client thread/INFO] [CHAT] Tveiv получил Бонус уклонения
[16:31:32] [Client thread/INFO] [CHAT] Вы уклонились на 30%
[16:31:32] [Client thread/INFO] [CHAT] Вы уклонились на 38%
[16:31:33] [Client thread/INFO] [CHAT] Вы уклонились на 48%
[16:31:37] [Client thread/INFO] [CHAT] Вы уклонились на 57%
[16:31:37] [Client thread/INFO] [CHAT] Вы уклонились на 29%
[16:31:39] [Client thread/INFO] [CHAT] Вы уклонились на 43%
[16:31:55] [Client thread/INFO] [CHAT] Вы уклонились на 40%
[16:32:06] [Client thread/INFO] [CHAT] Получено 31 звезд
[16:32:06] [Client thread/INFO] [CHAT] Урон игрока Tveiv: 12743
[16:32:08] [Client thread/INFO] [CHAT] Tveiv получил Стеклянная кукла
[16:32:22] [Client thread/INFO] [CHAT] Вы уклонились на 58%
[16:32:22] [Client thread/INFO] [CHAT] Вы уклонились на 49%
[16:32:34] [Client thread/INFO] [CHAT] Вы уклонились на 57%
[16:32:34] [Client thread/INFO] [CHAT] Вы уклонились на 51%
[16:32:43] [Client thread/INFO] [CHAT] Вы уклонились на 30%
[16:32:44] [Client thread/INFO] [CHAT] Вы уклонились на 41%
[16:32:53] [Client thread/INFO] [CHAT] Вы уклонились на 53%
[16:32:54] [Client thread/INFO] [CHAT] Вы уклонились на 53%
[16:32:58] [Client thread/INFO] [CHAT] Вы уклонились на 54%
[16:33:00] [Client thread/INFO] [CHAT] Получено 31 звезд
[16:33:00] [Client thread/INFO] [CHAT] Урон игрока Tveiv: 39851
[16:33:02] [Client thread/INFO] [CHAT] Tveiv получил Прогноз погоды
[16:33:12] [Client thread/INFO] [CHAT] Потеряно 212 звезд
[16:33:12] [Client thread/INFO] [CHAT] Tveiv получил Башня яркой Луны
[16:33:13] [Client thread/INFO] [CHAT] Зверь появляется в комнате.
[16:33:15] [Client thread/INFO] [CHAT] Tveiv получил Дурак
[16:33:15] [Client thread/INFO] [CHAT] Tveiv получил Унижение
[16:33:15] [Client thread/INFO] [CHAT] Tveiv получил Паранойя Победителя
[16:33:16] [Client thread/INFO] [CHAT] [28] MVP ┃ Petro1234 » С кем можно в данж 27?
[16:33:17] [Client thread/INFO] [CHAT] Цель уклонилась от атаки на 31%
[16:33:18] [Client thread/INFO] [CHAT] Цель уклонилась от атаки на 37%
[16:33:19] [Client thread/INFO] [CHAT] Цель уклонилась от атаки на 48%
[16:33:19] [Client thread/INFO] [CHAT] Tveiv получил Бонус маны
[16:33:24] [Client thread/INFO] [CHAT] Цель уклонилась от атаки на 43%
[16:33:25] [Client thread/INFO] [CHAT] Вы уклонились на 55%
[16:33:27] [Client thread/INFO] [CHAT] Tveiv получил Бонус здоровья
[16:33:27] [Client thread/INFO] [CHAT] Получено 45 звезд
[16:33:27] [Client thread/INFO] [CHAT] Урон игрока Tveiv: 16827
[16:33:29] [Client thread/INFO] [CHAT] Tveiv получил Свинцовый слоник
[16:33:32] [Client thread/INFO] [CHAT] Жми SHIFT, чтобы получить эффект левитации и поймать летучих мышей!
[16:33:34] [Client thread/INFO] [CHAT] Tveiv получил Мышь на Венере
[16:33:38] [Client thread/INFO] [CHAT] Цель уклонилась от атаки на 33%
[16:33:39] [Client thread/INFO] [CHAT] Цель уклонилась от атаки на 39%
[16:33:39] [Client thread/INFO] [CHAT] Вы уклонились на 58%
[16:33:44] [Client thread/INFO] [CHAT] Получено 46 звезд
[16:33:44] [Client thread/INFO] [CHAT] Урон игрока Tveiv: 9964
[16:33:45] [Client thread/INFO] [CHAT] Tveiv получил Фатальная бессонница
[16:33:49] [Client thread/INFO] [CHAT] Вы уклонились на 27%
[16:33:51] [Client thread/INFO] [CHAT] Вы уклонились на 29%
[16:33:52] [Client thread/INFO] [CHAT] Цель уклонилась от атаки на 47%
[16:33:52] [Client thread/INFO] [CHAT] Цель уклонилась от атаки на 34%
[16:33:53] [Client thread/INFO] [CHAT] [5] P+ ┃ XxX_TorTik_XxX » го
[16:33:54] [Client thread/INFO] [CHAT] [30] D ┃ AndreWiking » крит урон 400%)
[16:34:00] [Client thread/INFO] [CHAT] Вы уклонились на 44%
[16:34:01] [Client thread/INFO] [CHAT] Получено 45 звезд
[16:34:01] [Client thread/INFO] [CHAT] Урон игрока Tveiv: 19749
[16:34:02] [Client thread/INFO] [CHAT] Tveiv получил Бонус брони
[16:34:05] [Client thread/INFO] [CHAT] Tveiv получил Катастрофизация
[16:34:07] [Client thread/INFO] [CHAT] [30] leonardo_leo_ » мало
[16:34:11] [Client thread/INFO] [CHAT] Вы уклонились на 37%
[16:34:19] [Client thread/INFO] [CHAT] Вы уклонились на 47%
[16:34:19] [Client thread/INFO] [CHAT] Tveiv получил Бонус здоровья
[16:34:27] [Client thread/INFO] [CHAT] Tveiv получил Спокойствие разума
[16:34:27] [Client thread/INFO] [CHAT] Получено 43 звезд
[16:34:27] [Client thread/INFO] [CHAT] Урон игрока Tveiv: 23115
[16:34:29] [Client thread/INFO] [CHAT] Tveiv получил Взгляд Расимы
[16:34:44] [Client thread/INFO] [CHAT] Получено 46 звезд
[16:34:44] [Client thread/INFO] [CHAT] Урон игрока Tveiv: 11015
[16:34:45] [Client thread/INFO] [CHAT] Tveiv получил Чаша Победителей
[16:34:51] [Client thread/INFO] [CHAT] Механическое создание ужасающе анализирует Вас. Может, Вам стоит сбежать?
[16:34:52] [Client thread/INFO] [CHAT] Механический помощник Валотайла: Дай руку.
[16:34:53] [Client thread/INFO] [CHAT] Создание осматривает вашу руку и..
[16:34:54] [Client thread/INFO] [CHAT] Резко её отрывает! Оторванная рука сильно кровоточит!
[16:34:54] [Client thread/INFO] [CHAT] Механический помощник Валотайла: Спасибо.
[16:34:55] [Client thread/INFO] [CHAT] На Вас наложено Проклятие Крови, Вы получаете урон за каждую нанесенную атаку
[16:35:00] [Client thread/INFO] [CHAT] [13] zxc_venerttts » класс Бонус уровня
[16:35:01] [Client thread/INFO] [CHAT] Вы уклонились на 41%
[16:35:01] [Client thread/INFO] [CHAT] Цель уклонилась от атаки на 35%
[16:35:03] [Client thread/INFO] [CHAT] Цель уклонилась от атаки на 50%
[16:35:04] [Client thread/INFO] [CHAT] Цель уклонилась от атаки на 35%
[16:35:05] [Client thread/INFO] [CHAT] Цель уклонилась от атаки на 37%
[16:35:06] [Client thread/INFO] [CHAT] Вы уклонились на 30%
[16:35:06] [Client thread/INFO] [CHAT] [13] zxc_venerttts » нам пиздец
[16:35:07] [Client thread/INFO] [CHAT] Вы уклонились на 27%
[16:35:10] [Client thread/INFO] [CHAT] Цель уклонилась от атаки на 29%
[16:35:20] [Client thread/INFO] [CHAT] Цель уклонилась от атаки на 42%
[16:35:21] [Client thread/INFO] [CHAT] Цель уклонилась от атаки на 39%
[16:35:24] [Client thread/INFO] [CHAT] Цель уклонилась от атаки на 28%
[16:35:27] [Client thread/INFO] [CHAT] Цель уклонилась от атаки на 37%
[16:35:28] [Client thread/INFO] [CHAT] Получено 36 звезд
[16:35:28] [Client thread/INFO] [CHAT] Урон игрока Tveiv: 29948
[16:35:29] [Client thread/INFO] [CHAT] Tveiv получил Черная магия
[16:35:30] [Client thread/INFO] [CHAT] Последователи Бедствия появляются в комнате.
[16:35:31] [Client thread/INFO] [CHAT] Наследница Бедствия: Странник Тьмы, ты же направляешься к Расиме?
[16:35:32] [Client thread/INFO] [CHAT] Наследница Бедствия: Мы можем помочь друг-другу.
[16:35:34] [Client thread/INFO] [CHAT] Наследница Бедствия: В битве с Расимой, мы будем на твоей стороне. Согласен?
[16:35:34] [Client thread/INFO] [CHAT] На Вас наложено Проклятие Крови, Вы получаете урон за каждую нанесенную атаку
[16:35:34] [Client thread/INFO] [CHAT] Наследница Бедствия: Ты ещё пожалеешь об этом.
[16:35:40] [Client thread/INFO] [CHAT] Цель уклонилась от атаки на 46%
[16:35:41] [Client thread/INFO] [CHAT] Цель уклонилась от атаки на 46%
[16:35:42] [Client thread/INFO] [CHAT] Цель уклонилась от атаки на 25%
[16:35:42] [Client thread/INFO] [CHAT] Вы уклонились на 46%
[16:35:42] [Client thread/INFO] [CHAT] Цель уклонилась от атаки на 41%
[16:35:46] [Client thread/INFO] [CHAT] Вы уклонились на 33%
[16:35:48] [Client thread/INFO] [CHAT] Цель уклонилась от атаки на 27%
[16:35:49] [Client thread/INFO] [CHAT] [13] zxc_venerttts » я хз
[16:35:51] [Client thread/INFO] [CHAT] Цель уклонилась от атаки на 44%
[16:35:53] [Client thread/INFO] [CHAT] Получено 43 звезд
[16:35:53] [Client thread/INFO] [CHAT] Урон игрока Tveiv: 11633
[16:35:54] [Client thread/INFO] [CHAT] Tveiv получил Небытие
[16:36:00] [Client thread/INFO] [CHAT] На Вас наложено Проклятие Крови, Вы получаете урон за каждую нанесенную атаку
[16:36:01] [Client thread/INFO] [CHAT] Потеряно 226 звезд
[16:36:01] [Client thread/INFO] [CHAT] Tveiv получил Черная карта
[16:36:04] [Client thread/INFO] [CHAT] Цель уклонилась от атаки на 43%
[16:36:05] [Client thread/INFO] [CHAT] Цель уклонилась от атаки на 27%
[16:36:10] [Client thread/INFO] [CHAT] Вампиризм сброшен!
[16:36:14] [Client thread/INFO] [CHAT] Цель уклонилась от атаки на 33%
[16:36:16] [Client thread/INFO] [CHAT] Tveiv получил Бонус урона
[16:36:16] [Client thread/INFO] [CHAT] Tveiv получил Бонус уклонения
[16:36:16] [Client thread/INFO] [CHAT] Tveiv получил Бонус урона
[16:36:16] [Client thread/INFO] [CHAT] Tveiv получил Бонус уклонения
[16:36:16] [Client thread/INFO] [CHAT] Tveiv получил Ничего x2
[16:36:16] [Client thread/INFO] [CHAT] Вы уклонились на 34%
[16:36:16] [Client thread/INFO] [CHAT] Вы уклонились на 40%
[16:36:16] [Client thread/INFO] [CHAT] Вы уклонились на 40%
[16:36:20] [Client thread/INFO] [CHAT] Tveiv получил Разрушитель звёзд
[16:36:20] [Client thread/INFO] [CHAT] Получено 43 звезд
[16:36:20] [Client thread/INFO] [CHAT] Получено 41 звезд
[16:36:20] [Client thread/INFO] [CHAT] Урон игрока Tveiv: 18899
[16:36:22] [Client thread/INFO] [CHAT] Tveiv получил Прострел с Юпитера x2
[16:36:26] [Client thread/INFO] [CHAT] На Вас наложено Проклятие Крови, Вы получаете урон за каждую нанесенную атаку
[16:36:32] [Client thread/INFO] [CHAT] Tveiv получил Проклятие
[16:36:32] [Client thread/INFO] [CHAT] Tveiv потерял Разрушитель звёзд
[16:36:38] [Client thread/INFO] [CHAT] Вы уклонились на 53%
[16:36:38] [Client thread/INFO] [CHAT] [30] V ┃ Paranoiid » )
[16:36:39] [Client thread/INFO] [CHAT] Цель уклонилась от атаки на 27%
[16:36:39] [Client thread/INFO] [CHAT] На Вас наложено Проклятие Страха, Ваш вампиризм заблокирован
[16:36:39] [Client thread/INFO] [CHAT] Цель уклонилась от атаки на 34%
[16:36:40] [Client thread/INFO] [CHAT] Вы уклонились на 33%
[16:36:41] [Client thread/INFO] [CHAT] Цель уклонилась от атаки на 48%
[16:36:44] [Client thread/INFO] [CHAT] [13] zxc_venerttts » мне нужна фатальная бесоница
[16:36:44] [Client thread/INFO] [CHAT] Вампиризм сброшен!
[16:36:44] [Client thread/INFO] [CHAT] Вы уклонились на 49%
[16:36:47] [Client thread/INFO] [CHAT] Вы уклонились на 49%
[16:36:50] [Client thread/INFO] [CHAT] [5] P+ ┃ XxX_TorTik_XxX » ахаха
[16:36:50] [Client thread/INFO] [CHAT] Вы уклонились на 54%
[16:36:50] [Client thread/INFO] [CHAT] Вы уклонились на 40%
[16:36:50] [Client thread/INFO] [CHAT] Вы уклонились на 30%
[16:36:50] [Client thread/INFO] [CHAT] Вы уклонились на 46%
[16:36:51] [Client thread/INFO] [CHAT] Вы уклонились на 45%
[16:36:55] [Client thread/INFO] [CHAT] Вы уклонились на 47%
[16:36:57] [Client thread/INFO] [CHAT] Вы уклонились на 31%
[16:37:00] [Client thread/INFO] [CHAT] [13] zxc_venerttts » э куда
[16:37:00] [Client thread/INFO] [CHAT] Получено 39 звезд
[16:37:00] [Client thread/INFO] [CHAT] Урон игрока Tveiv: 19934
[16:37:01] [Client thread/INFO] [CHAT] Tveiv получил Ножницы пространства x2
[16:37:05] [Client thread/INFO] [CHAT] На Вас наложено Проклятие Крови, Вы получаете урон за каждую нанесенную атаку
[16:37:07] [Client thread/INFO] [CHAT] Цель уклонилась от атаки на 35%
[16:37:07] [Client thread/INFO] [CHAT] Цель уклонилась от атаки на 27%
[16:37:08] [Client thread/INFO] [CHAT] Цель уклонилась от атаки на 39%
[16:37:14] [Client thread/INFO] [CHAT] Цель уклонилась от атаки на 35%
[16:37:17] [Client thread/INFO] [CHAT] Цель уклонилась от атаки на 26%
[16:37:17] [Client thread/INFO] [CHAT] Вы уклонились на 48%
[16:37:18] [Client thread/INFO] [CHAT] На Вас наложено Проклятие Крови, Вы получаете урон за каждую нанесенную атаку
[16:37:18] [Client thread/INFO] [CHAT] На Вас наложен Яростный взор, Вы получаете урон, когда смотрите на существ
[16:37:22] [Client thread/INFO] [CHAT] Цель уклонилась от атаки на 33%
[16:37:23] [Client thread/INFO] [CHAT] Цель уклонилась от атаки на 28%
[16:37:24] [Client thread/INFO] [CHAT] Вы уклонились на 55%
[16:37:25] [Client thread/INFO] [CHAT] [30] V ┃ Paranoiid » давай
[16:37:26] [Client thread/INFO] [CHAT] Вы уклонились на 27%
[16:37:27] [Client thread/INFO] [CHAT] Цель уклонилась от атаки на 40%
[16:37:27] [Client thread/INFO] [CHAT] Цель уклонилась от атаки на 42%
[16:37:32] [Client thread/INFO] [CHAT] Вы уклонились на 56%
[16:37:34] [Client thread/INFO] [CHAT] Цель уклонилась от атаки на 25%
[16:37:36] [Client thread/INFO] [CHAT] Цель уклонилась от атаки на 46%
[16:37:36] [Client thread/INFO] [CHAT] Цель уклонилась от атаки на 29%
[16:37:38] [Client thread/INFO] [CHAT] Вы уклонились на 31%
[16:37:40] [Client thread/INFO] [CHAT] Получено 35 звезд
[16:37:40] [Client thread/INFO] [CHAT] Урон игрока Tveiv: 48923
[16:37:41] [Client thread/INFO] [CHAT] Tveiv получил Охотник за головами
[16:37:42] [Client thread/INFO] [CHAT] [14] P ┃ BykaII » ! по чему на оружия метки не рабоатаюТ:
[16:37:44] [Client thread/INFO] [CHAT] Цель уклонилась от атаки на 45%
[16:37:45] [Client thread/INFO] [CHAT] Вы уклонились на 54%
[16:37:45] [Client thread/INFO] [CHAT] Цель уклонилась от атаки на 49%
[16:37:45] [Client thread/INFO] [CHAT] На Вас наложен Яростный взор, Вы получаете урон, когда смотрите на существ
[16:37:46] [Client thread/INFO] [CHAT] Вы уклонились на 57%
[16:37:48] [Client thread/INFO] [CHAT] На Вас наложен Яростный взор, Вы получаете урон, когда смотрите на существ
[16:38:10] [Client thread/INFO] [CHAT] [5] P+ ┃ XxX_TorTik_XxX » идиот
[16:38:12] [Client thread/INFO] [CHAT] [5] P+ ┃ XxX_TorTik_XxX » стой
[16:38:14] [Client thread/INFO] [CHAT] [30] D ┃ AndreWiking » 518 крита )
[16:38:29] [Client thread/INFO] [CHAT] Tveiv получил Собиратель мусора
[16:38:40] [Client thread/INFO] [CHAT] Получено 46 звезд
[16:38:40] [Client thread/INFO] [CHAT] Урон игрока Tveiv: 6345
[16:38:42] [Client thread/INFO] [CHAT] Tveiv получил Кровопролитие
[16:38:49] [Client thread/INFO] [CHAT] [30] V ┃ Paranoiid » 75
[16:39:01] [Client thread/INFO] [CHAT] Вы уклонились на 46%
[16:39:10] [Client thread/INFO] [CHAT] Вы уклонились на 58%
[16:39:12] [Client thread/INFO] [CHAT] Вы уклонились на 30%
[16:39:19] [Client thread/INFO] [CHAT] Вы уклонились на 43%
[16:39:23] [Client thread/INFO] [CHAT] Получено 38 звезд
[16:39:23] [Client thread/INFO] [CHAT] Урон игрока Tveiv: 12217
[16:39:25] [Client thread/INFO] [CHAT] Tveiv получил Игла ярости
[16:39:38] [Client thread/INFO] [CHAT] Получено 46 звезд
[16:39:38] [Client thread/INFO] [CHAT] Урон игрока Tveiv: 7072
[16:39:39] [Client thread/INFO] [CHAT] [5] P+ ┃ XxX_TorTik_XxX » ты конченый?
[16:39:40] [Client thread/INFO] [CHAT] Tveiv получил Черная магия
[16:39:47] [Client thread/INFO] [CHAT] [11] I ┃ Bushido_Zhoo » ужас
[16:39:50] [Client thread/INFO] [CHAT] Получено 46 звезд
[16:39:50] [Client thread/INFO] [CHAT] Урон игрока Tveiv: 9306
[16:39:53] [Client thread/INFO] [CHAT] [30] V ┃ Paranoiid » ема
[16:39:53] [Client thread/INFO] [CHAT] Tveiv получил Нож на перестрелке
[16:39:54] [Client thread/INFO] [CHAT] Tveiv получил Паранойя Победителя
[16:40:26] [Client thread/INFO] [CHAT] Вы уклонились на 38%
[16:40:26] [Client thread/INFO] [CHAT] Вы уклонились на 52%
[16:40:33] [Client thread/INFO] [CHAT] Получено 38 звезд
[16:40:34] [Client thread/INFO] [CHAT] Урон игрока Tveiv: 12403
[16:40:34] [Client thread/INFO] [CHAT] [13] zxc_venerttts » у меня -100 процкетов урона возле вас
[16:40:35] [Client thread/INFO] [CHAT] Tveiv получил Мое последнее перерождение в мире звезд, подаренное Исцелением
[16:40:44] [Client thread/INFO] [CHAT] Потеряно 210 звезд
[16:40:44] [Client thread/INFO] [CHAT] Tveiv получил Охотник за головами
[16:40:56] [Client thread/INFO] [CHAT] Tveiv получил Бонус здоровья
[16:41:02] [Client thread/INFO] [CHAT] Вы уклонились на 40%
[16:41:05] [Client thread/INFO] [CHAT] [5] P+ ┃ XxX_TorTik_XxX » стойй
[16:41:12] [Client thread/INFO] [CHAT] [11] I ┃ Bushido_Zhoo » пхах
[16:41:27] [Client thread/INFO] [CHAT] Вы уклонились на 37%
[16:41:30] [Client thread/INFO] [CHAT] Получено 32 звезд
[16:41:30] [Client thread/INFO] [CHAT] Урон игрока Tveiv: 42322
[16:41:32] [Client thread/INFO] [CHAT] Tveiv получил Ключ к Победе
[16:41:46] [Client thread/INFO] [CHAT] Получено 46 звезд
[16:41:46] [Client thread/INFO] [CHAT] Урон игрока Tveiv: 13455
[16:41:49] [Client thread/INFO] [CHAT] Tveiv получил Пениафобия
[16:41:53] [Client thread/INFO] [CHAT] Потеряно 53 звезд
[16:41:53] [Client thread/INFO] [CHAT] Tveiv получил Стеклянная кукла
[16:42:07] [Client thread/INFO] [CHAT] Получено 46 звезд
[16:42:07] [Client thread/INFO] [CHAT] Урон игрока Tveiv: 10481
[16:42:09] [Client thread/INFO] [CHAT] Tveiv получил Черная карта
[16:42:12] [Client thread/INFO] [CHAT] На горизонте маячат гигантские, черные прямоугольники.
[16:42:12] [Client thread/INFO] [CHAT] Вы не можете понять, это чьи-то дома, или же пред вами немыслимые, космические создания.
[16:42:13] [Client thread/FATAL] Error executing task
java.util.concurrent.ExecutionException: java.lang.IllegalArgumentException: URI is not absolute
	at java.base/java.util.concurrent.FutureTask.report(Unknown Source)
	at java.base/java.util.concurrent.FutureTask.get(Unknown Source)
	at #wFFZg.sa(SourceFile:46)
	at #mPGeI.b(SourceFile:52)
	at #QQxhM.sk(SourceFile:1466)
	at #lVFyp.st(SourceFile:1632)
	at #cYnba.sk(SourceFile:487)
	at net.minecraft.client.main.GameMain.a(SourceFile:220)
	at net.minecraft.client.main.GameMain.a(SourceFile:156)
	at #kBJWf.a(Unknown Source)
	at #kBJWf.run(Unknown Source)
	at java.base/java.lang.Thread.run(Unknown Source)
Caused by: java.lang.IllegalArgumentException: URI is not absolute
	at java.base/java.net.URL.of(Unknown Source)
	at #QKiRG.sa(SourceFile:250)
	at #gIFKC.sa(SourceFile:204)
	at !#CoIEI.sa(SourceFile:508)
	at #TBzUk.a(Unknown Source)
	at #TBzUk.run(Unknown Source)
	at java.base/java.util.concurrent.Executors$RunnableAdapter.call(Unknown Source)
	at java.base/java.util.concurrent.FutureTask.run(Unknown Source)
	at #wFFZg.sa(SourceFile:45)
	... 9 more
[16:42:13] [Client thread/FATAL] Error executing task
java.util.concurrent.ExecutionException: java.lang.IllegalArgumentException: URI is not absolute
	at java.base/java.util.concurrent.FutureTask.report(Unknown Source)
	at java.base/java.util.concurrent.FutureTask.get(Unknown Source)
	at #wFFZg.sa(SourceFile:46)
	at #mPGeI.b(SourceFile:52)
	at #QQxhM.sk(SourceFile:1466)
	at #lVFyp.st(SourceFile:1632)
	at #cYnba.sk(SourceFile:487)
	at net.minecraft.client.main.GameMain.a(SourceFile:220)
	at net.minecraft.client.main.GameMain.a(SourceFile:156)
	at #kBJWf.a(Unknown Source)
	at #kBJWf.run(Unknown Source)
	at java.base/java.lang.Thread.run(Unknown Source)
Caused by: java.lang.IllegalArgumentException: URI is not absolute
	at java.base/java.net.URL.of(Unknown Source)
	at #QKiRG.sa(SourceFile:250)
	at #gIFKC.sa(SourceFile:204)
	at !#CoIEI.sa(SourceFile:508)
	at #TBzUk.a(Unknown Source)
	at #TBzUk.run(Unknown Source)
	at java.base/java.util.concurrent.Executors$RunnableAdapter.call(Unknown Source)
	at java.base/java.util.concurrent.FutureTask.run(Unknown Source)
	at #wFFZg.sa(SourceFile:45)
	... 9 more
[16:42:13] [Client thread/FATAL] Error executing task
java.util.concurrent.ExecutionException: java.lang.IllegalArgumentException: URI is not absolute
	at java.base/java.util.concurrent.FutureTask.report(Unknown Source)
	at java.base/java.util.concurrent.FutureTask.get(Unknown Source)
	at #wFFZg.sa(SourceFile:46)
	at #mPGeI.b(SourceFile:52)
	at #QQxhM.sk(SourceFile:1466)
	at #lVFyp.st(SourceFile:1632)
	at #cYnba.sk(SourceFile:487)
	at net.minecraft.client.main.GameMain.a(SourceFile:220)
	at net.minecraft.client.main.GameMain.a(SourceFile:156)
	at #kBJWf.a(Unknown Source)
	at #kBJWf.run(Unknown Source)
	at java.base/java.lang.Thread.run(Unknown Source)
Caused by: java.lang.IllegalArgumentException: URI is not absolute
	at java.base/java.net.URL.of(Unknown Source)
	at #QKiRG.sa(SourceFile:250)
	at #gIFKC.sa(SourceFile:204)
	at !#CoIEI.sa(SourceFile:508)
	at #TBzUk.a(Unknown Source)
	at #TBzUk.run(Unknown Source)
	at java.base/java.util.concurrent.Executors$RunnableAdapter.call(Unknown Source)
	at java.base/java.util.concurrent.FutureTask.run(Unknown Source)
	at #wFFZg.sa(SourceFile:45)
	... 9 more
[16:42:13] [Client thread/INFO] [CHAT] Прямоугольник: чожЛщпхюЖзсЯьпУ
[16:42:13] [Client thread/INFO] [CHAT] [13] S ┃ VanoGame_ » [Карта созвездий]
[16:42:15] [Client thread/INFO] [CHAT] Прямоугольник: ДюЗВжбоФыЦыя
[16:42:18] [Client thread/INFO] [CHAT] Прямоугольник: бдЬЦФАвнТМУвФьЕчЙ
[16:42:18] [Client thread/INFO] [CHAT] Tveiv получил Черные прямоугольники
[16:42:19] [Client thread/INFO] [CHAT] [13] zxc_venerttts » это норм [Разрушитель звёзд ☬ +3]
[16:42:21] [Client thread/INFO] [CHAT] [14] P ┃ BykaII » Ребят а на 1 локе меч фиол с 12 волный как быстро выбить Брать одни проклятия ???
[16:42:25] [Client thread/INFO] [CHAT] [13] zxc_venerttts » это норм #рука?
[16:42:27] [Client thread/INFO] [CHAT] [13] zxc_venerttts » это норм [Сапоги похитителя звёзд ♨ +1] ?
[16:42:30] [Client thread/INFO] [CHAT] Вы уклонились на 57%
[16:42:34] [Client thread/INFO] [CHAT] [30] D ┃ AndreWiking » нафига мне 5 клинков расимы :D
[16:42:37] [Client thread/INFO] [CHAT] Получено 43 звезд
[16:42:37] [Client thread/INFO] [CHAT] Урон игрока Tveiv: 18966
[16:42:38] [Client thread/INFO] [CHAT] Tveiv получил Фатальная бессонница x2
[16:42:40] [Client thread/INFO] [CHAT] Tveiv получил Унижение x2
[16:42:45] [Client thread/INFO] [CHAT] Цель уклонилась от атаки на 45%
[16:42:47] [Client thread/INFO] [CHAT] Цель уклонилась от атаки на 45%
[16:42:47] [Client thread/INFO] [CHAT] Tveiv получил Спокойствие разума
[16:42:47] [Client thread/INFO] [CHAT] Tveiv получил Бонус урона
[16:42:48] [Client thread/INFO] [CHAT] [30] I ┃ TheFoolLotm » мне отдай
[16:42:48] [Client thread/INFO] [CHAT] Tveiv получил Ничего
[16:42:59] [Client thread/INFO] [CHAT] Tveiv получил Бонус урона
[16:43:02] [Client thread/INFO] [CHAT] Получено 42 звезд
[16:43:02] [Client thread/INFO] [CHAT] Урон игрока Tveiv: 25049
[16:43:04] [Client thread/INFO] [CHAT] [30] D ┃ AndreWiking » [Меч последователя бедствия ♡ +2]
[16:43:05] [Client thread/INFO] [CHAT] Tveiv получил Чаша Победителей
[16:43:05] [Client thread/INFO] [CHAT] [30] D ┃ AndreWiking » [Арбалет последователя Бедствия ♆ +2]
[16:43:06] [Client thread/INFO] [CHAT] [30] D ┃ AndreWiking » [Посох последователя Бедствия ⚝ +2]
[16:43:07] [Client thread/INFO] [CHAT] [30] D ┃ AndreWiking » [Амулет последователя Бедствия ♆ +1]
[16:43:07] [Client thread/INFO] [CHAT] [30] D ┃ AndreWiking » [Карта созвездий]
[16:43:08] [Client thread/INFO] [CHAT] [30] D ┃ AndreWiking » [Меч Катастрофы, бич целителей ☬ +1]
[16:43:08] [Client thread/INFO] [CHAT] [30] D ┃ AndreWiking » [Сапоги последователя Бедствия ☠]
[16:43:10] [Client thread/INFO] [CHAT] [30] D ┃ AndreWiking » [Раздражающий клинок Расимы ♨ +2]
[16:43:10] [Client thread/INFO] [CHAT] [30] D ┃ AndreWiking » [Высасывающий клинок Расимы ♡]
[16:43:10] [Client thread/INFO] [CHAT] Цель уклонилась от атаки на 46%
[16:43:11] [Client thread/INFO] [CHAT] Цель уклонилась от атаки на 29%
[16:43:13] [Client thread/INFO] [CHAT] Tveiv получил Спокойствие разума
[16:43:15] [Client thread/INFO] [CHAT] Вы уклонились на 35%
[16:43:15] [Client thread/INFO] [CHAT] Цель уклонилась от атаки на 38%
[16:43:19] [Client thread/INFO] [CHAT] Цель уклонилась от атаки на 30%
[16:43:19] [Client thread/INFO] [CHAT] Цель уклонилась от атаки на 36%
[16:43:21] [Client thread/INFO] [CHAT] Цель уклонилась от атаки на 39%
[16:43:22] [Client thread/INFO] [CHAT] Цель уклонилась от атаки на 37%
[16:43:23] [Client thread/INFO] [CHAT] Цель уклонилась от атаки на 47%
[16:43:23] [Client thread/INFO] [CHAT] Цель уклонилась от атаки на 27%
[16:43:24] [Client thread/INFO] [CHAT] Цель уклонилась от атаки на 47%
[16:43:24] [Client thread/INFO] [CHAT] Получено 44 звезд
[16:43:24] [Client thread/INFO] [CHAT] Урон игрока Tveiv: 13102
[16:43:26] [Client thread/INFO] [CHAT] Tveiv получил Губка x2
[16:43:31] [Client thread/INFO] [CHAT] Последователь и его группа ожидают от Вас ответа.
[16:43:33] [Client thread/INFO] [CHAT] [13] zxc_venerttts » блять
[16:43:37] [Client thread/INFO] [CHAT] Последователь Этоля: Превосходный ответ, мы ожидаем от тебя свершений.
[16:43:37] [Client thread/INFO] [CHAT] Tveiv получил Бонус урона
[16:43:39] [Client thread/INFO] [CHAT] Цель уклонилась от атаки на 46%
[16:43:40] [Client thread/INFO] [CHAT] Цель уклонилась от атаки на 38%
[16:43:41] [Client thread/INFO] [CHAT] Цель уклонилась от атаки на 28%
[16:43:42] [Client thread/INFO] [CHAT] Цель уклонилась от атаки на 27%
[16:43:42] [Client thread/INFO] [CHAT] Цель уклонилась от атаки на 45%
[16:43:42] [Client thread/INFO] [CHAT] Цель уклонилась от атаки на 42%
[16:43:43] [Client thread/INFO] [CHAT] Цель уклонилась от атаки на 25%
[16:43:44] [Client thread/INFO] [CHAT] [13] zxc_venerttts » я проебал боты с шансом 85%
[16:43:44] [Client thread/INFO] [CHAT] Цель уклонилась от атаки на 38%
[16:43:45] [Client thread/INFO] [CHAT] Вы уклонились на 50%
[16:43:46] [Client thread/INFO] [CHAT] Tveiv получил Ничего x2
[16:43:47] [Client thread/INFO] [CHAT] Цель уклонилась от атаки на 47%
[16:43:47] [Client thread/INFO] [CHAT] Цель уклонилась от атаки на 48%
[16:43:47] [Client thread/INFO] [CHAT] Цель уклонилась от атаки на 26%
[16:43:49] [Client thread/INFO] [CHAT] Цель уклонилась от атаки на 27%
[16:43:49] [Client thread/INFO] [CHAT] Получено 46 звезд
[16:43:49] [Client thread/INFO] [CHAT] Урон игрока Tveiv: 29329
[16:43:52] [Client thread/INFO] [CHAT] Tveiv получил Росток алмазного дерева x2
[16:43:53] [Client thread/INFO] [CHAT] Последователи Бедствия появляются в комнате.
[16:43:54] [Client thread/INFO] [CHAT] Наследница Бедствия: Странник Тьмы, ты же направляешься к Расиме?
[16:43:55] [Client thread/INFO] [CHAT] Наследница Бедствия: Мы можем помочь друг-другу.
[16:43:57] [Client thread/INFO] [CHAT] Наследница Бедствия: В битве с Расимой, мы будем на твоей стороне. Согласен?
[16:43:58] [Client thread/INFO] [CHAT] Наследница Бедствия: Прекрасно, скоро мы встретимся.
[16:43:58] [Client thread/INFO] [CHAT] Губка поглотила Проклятие! 1/10
[16:43:58] [Client thread/INFO] [CHAT] Губка поглотила Проклятие! 2/10
[16:43:58] [Client thread/INFO] [CHAT] Губка поглотила Проклятие! 3/10
[16:43:58] [Client thread/INFO] [CHAT] Tveiv получил Взгляд Расимы
[16:43:58] [Client thread/INFO] [CHAT] Tveiv получил Последователи Бедствия
[16:44:09] [Client thread/INFO] [CHAT] [13] zxc_venerttts » это норм [Сабля похитителя звёзд ♆ +1] ?
[16:44:11] [Client thread/INFO] [CHAT] Цель уклонилась от атаки на 43%
[16:44:12] [Client thread/INFO] [CHAT] Цель уклонилась от атаки на 40%
[16:44:13] [Client thread/INFO] [CHAT] Цель уклонилась от атаки на 30%
[16:44:14] [Client thread/INFO] [CHAT] Цель уклонилась от атаки на 34%
[16:44:15] [Client thread/INFO] [CHAT] Tveiv получил Бонус урона
[16:44:15] [Client thread/INFO] [CHAT] Получено 43 звезд
[16:44:15] [Client thread/INFO] [CHAT] Урон игрока Tveiv: 13704
[16:44:17] [Client thread/INFO] [CHAT] Tveiv получил Грохот научного триумфа x2
[16:44:17] [Client thread/INFO] [CHAT] [13] zxc_venerttts » VanoGame
[16:44:27] [Client thread/INFO] [CHAT] Ведьмы появляются в комнате и медленно окружают Вас.
[16:44:28] [Client thread/INFO] [CHAT] Ведьма: Уважаемый Странник Тьмы, поделитесь с нами вашей силой.
[16:44:31] [Client thread/INFO] [CHAT] Tveiv получил Башня яркой Луны
[16:44:35] [Client thread/INFO] [CHAT] Цель уклонилась от атаки на 30%
[16:44:35] [Client thread/INFO] [CHAT] Цель уклонилась от атаки на 33%
[16:44:36] [Client thread/INFO] [CHAT] Цель уклонилась от атаки на 48%
[16:44:36] [Client thread/INFO] [CHAT] Tveiv получил Бонус урона
[16:44:42] [Client thread/INFO] [CHAT] Вампиризм сброшен!
[16:44:43] [Client thread/INFO] [CHAT] Цель уклонилась от атаки на 41%
[16:44:43] [Client thread/INFO] [CHAT] Цель уклонилась от атаки на 33%
[16:44:43] [Client thread/INFO] [CHAT] Цель уклонилась от атаки на 29%
[16:44:43] [Client thread/INFO] [CHAT] Получено 46 звезд
[16:44:43] [Client thread/INFO] [CHAT] Урон игрока Tveiv: 14415
[16:44:45] [Client thread/INFO] [CHAT] Tveiv получил Зеркало Катастрофы
[16:44:46] [Client thread/INFO] [CHAT] Tveiv получил Двигайся, как камень x2
[16:44:48] [Client thread/INFO] [CHAT] Исцеление появляется в комнате.
[16:44:50] [Client thread/INFO] [CHAT] Tveiv потерял Проклятие x0
[16:44:50] [Client thread/INFO] [CHAT] Расима: Кто наложил на тебя это? Позволь мне помочь.
[16:44:54] [Client thread/INFO] [CHAT] Цель уклонилась от атаки на 32%
[16:44:55] [Client thread/INFO] [CHAT] Цель уклонилась от атаки на 28%
[16:44:55] [Client thread/INFO] [CHAT] Цель уклонилась от атаки на 32%
[16:44:56] [Client thread/INFO] [CHAT] [13] S ┃ VanoGame_ » [Длинный лук похитителя звёзд ☠ +5]
[16:44:58] [Client thread/INFO] [CHAT] Вампиризм сброшен!
[16:44:59] [Client thread/INFO] [CHAT] Tveiv получил Бонус скорости
[16:44:59] [Client thread/INFO] [CHAT] Цель уклонилась от атаки на 47%
[16:45:06] [Client thread/INFO] [CHAT] Tveiv получил Бонус скорости x2
[16:45:07] [Client thread/INFO] [CHAT] Получено 43 звезд
[16:45:07] [Client thread/INFO] [CHAT] Урон игрока Tveiv: 22334
[16:45:08] [Client thread/INFO] [CHAT] Tveiv получил Сетка для ловли звёзд x2
[16:45:13] [Client thread/INFO] [CHAT] [30] Treefrei66 » paranoid тегни ка ещё раз
[16:45:18] [Client thread/INFO] [CHAT] [30] V ┃ Paranoiid » [Арбалет последователя Бедствия ☠ +10]
[16:45:28] [Client thread/INFO] [CHAT] Потеряно 57 звезд
[16:45:28] [Client thread/INFO] [CHAT] Tveiv получил Ножницы пространства
[16:45:28] [Client thread/INFO] [CHAT] [13] S ┃ VanoGame_ » [Длинный лук похитителя звёзд ☠ +8]
[16:45:29] [Client thread/INFO] [CHAT] Потеряно 57 звезд
[16:45:29] [Client thread/INFO] [CHAT] Tveiv получил Бонус здоровья
[16:45:30] [Client thread/INFO] [CHAT] Потеряно 57 звезд
[16:45:30] [Client thread/INFO] [CHAT] Tveiv получил Децидофобия
[16:45:31] [Client thread/INFO] [CHAT] Потеряно 57 звезд
[16:45:31] [Client thread/INFO] [CHAT] Tveiv получил Бонус скорости
[16:45:33] [Client thread/INFO] [CHAT] Потеряно 57 звезд
[16:45:33] [Client thread/INFO] [CHAT] Tveiv получил Воронка проклятий
[16:45:34] [Client thread/INFO] [CHAT] Потеряно 57 звезд
[16:45:34] [Client thread/INFO] [CHAT] Tveiv получил Острый клинок
[16:45:36] [Client thread/INFO] [CHAT] [30] Treefrei66 » ща пороляю ещё статы
[16:45:37] [Client thread/INFO] [CHAT] [7] P ┃ kykuhuj777 » 15
[16:45:38] [Client thread/INFO] [CHAT] [13] zxc_venerttts » кому нужно [Скипетр похитителя звёзд ♆ +1]
[16:45:39] [Client thread/INFO] [CHAT] Вампиризм сброшен!
[16:45:40] [Client thread/INFO] [CHAT] Цель уклонилась от атаки на 31%
[16:45:42] [Client thread/INFO] [CHAT] Цель уклонилась от атаки на 26%
[16:45:45] [Client thread/INFO] [CHAT] Цель уклонилась от атаки на 50%
[16:45:45] [Client thread/INFO] [CHAT] Цель уклонилась от атаки на 49%
[16:45:45] [Client thread/INFO] [CHAT] Вампиризм сброшен!
[16:45:46] [Client thread/INFO] [CHAT] [30] D ┃ AndreWiking » [Раздражающий клинок Расимы ♨ +7]
[16:45:46] [Client thread/INFO] [CHAT] Цель уклонилась от атаки на 41%
[16:45:47] [Client thread/INFO] [CHAT] [30] D ┃ AndreWiking » [Высасывающий клинок Расимы ♆ +3]
[16:45:47] [Client thread/INFO] [CHAT] Вы уклонились на 58%
[16:45:48] [Client thread/INFO] [CHAT] Цель уклонилась от атаки на 25%
[16:45:48] [Client thread/INFO] [CHAT] Цель уклонилась от атаки на 27%
[16:45:48] [Client thread/INFO] [CHAT] Цель уклонилась от атаки на 48%
[16:45:49] [Client thread/INFO] [CHAT] Цель уклонилась от атаки на 41%
[16:45:50] [Client thread/INFO] [CHAT] Цель уклонилась от атаки на 30%
[16:45:50] [Client thread/INFO] [CHAT] На Вас наложен Яростный взор, Вы получаете урон, когда смотрите на существ
[16:45:50] [Client thread/INFO] [CHAT] [30] D ┃ AndreWiking » в итоге такое :(
[16:45:51] [Client thread/INFO] [CHAT] Цель уклонилась от атаки на 50%
[16:46:00] [Client thread/INFO] [CHAT] Цель уклонилась от атаки на 41%
[16:46:01] [Client thread/INFO] [CHAT] [15] MG_fertik » а что делать с картой созвездий ?
[16:46:02] [Client thread/INFO] [CHAT] Цель уклонилась от атаки на 36%
[16:46:03] [Client thread/INFO] [CHAT] Цель уклонилась от атаки на 34%
[16:46:04] [Client thread/INFO] [CHAT] Цель уклонилась от атаки на 27%
[16:46:04] [Client thread/INFO] [CHAT] Получено 69 звезд
[16:46:04] [Client thread/INFO] [CHAT] Урон игрока Tveiv: 50026
[16:46:05] [Client thread/INFO] [CHAT] [13] zxc_venerttts » и это #рук
[16:46:05] [Client thread/INFO] [CHAT] Tveiv получил Бонус уровня x3
[16:46:06] [Client thread/INFO] [CHAT] [13] zxc_venerttts » и это [Кровавая жертва]
[16:46:11] [Client thread/INFO] [CHAT] [5] P+ ┃ XxX_TorTik_XxX » идиотттт
[16:46:13] [Client thread/INFO] [CHAT] [13] zxc_venerttts » кому нужно [Кровавая жертва]
[16:46:14] [Client thread/INFO] [CHAT] Цель уклонилась от атаки на 42%
[16:46:15] [Client thread/INFO] [CHAT] [5] P+ ┃ XxX_TorTik_XxX » конченыыййй
[16:46:15] [Client thread/INFO] [CHAT] Цель уклонилась от атаки на 30%
[16:46:15] [Client thread/INFO] [CHAT] [13] zxc_venerttts » и это [Кровавая жертва]
[16:46:15] [Client thread/INFO] [CHAT] На Вас наложен Яростный взор, Вы получаете урон, когда смотрите на существ
[16:46:17] [Client thread/INFO] [CHAT] Цель уклонилась от атаки на 30%
[16:46:22] [Client thread/INFO] [CHAT] Цель уклонилась от атаки на 38%
[16:46:22] [Client thread/INFO] [CHAT] На Вас наложен Яростный взор, Вы получаете урон, когда смотрите на существ
[16:46:22] [Client thread/INFO] [CHAT] Tveiv получил Бонус скорости x2
[16:46:23] [Client thread/INFO] [CHAT] [30] V ┃ Paranoiid » [Арбалет последователя Бедствия ☠ +10]
[16:46:24] [Client thread/INFO] [CHAT] Tveiv получил Бонус скорости x2
[16:46:26] [Client thread/INFO] [CHAT] Цель уклонилась от атаки на 43%
[16:46:26] [Client thread/INFO] [CHAT] Получено 80 звезд
[16:46:26] [Client thread/INFO] [CHAT] Урон игрока Tveiv: 57716
[16:46:27] [Client thread/INFO] [CHAT] Tveiv получил Лалофобия x3
[16:46:34] [Client thread/INFO] [CHAT] Потеряно 58 звезд
[16:46:34] [Client thread/INFO] [CHAT] Tveiv получил Губка
[16:46:36] [Client thread/INFO] [CHAT] Потеряно 58 звезд
[16:46:36] [Client thread/INFO] [CHAT] Tveiv получил Компас заклинателя
[16:46:37] [Client thread/INFO] [CHAT] Потеряно 58 звезд
[16:46:37] [Client thread/INFO] [CHAT] Tveiv получил Охотник за головами
[16:46:37] [Client thread/INFO] [CHAT] [13] zxc_venerttts » !vanogame можно я с тобой
[16:46:41] [Client thread/INFO] [CHAT] Цель уклонилась от атаки на 28%
[16:46:42] [Client thread/INFO] [CHAT] Цель уклонилась от атаки на 48%
[16:46:42] [Client thread/INFO] [CHAT] Вампиризм сброшен!
[16:46:44] [Client thread/INFO] [CHAT] Цель уклонилась от атаки на 36%
[16:46:48] [Client thread/INFO] [CHAT] Цель уклонилась от атаки на 43%
[16:46:49] [Client thread/INFO] [CHAT] [30] Treefrei66 » [Арбалет последователя Бедствия ☠ +6] чекайте скок ролялок и чо выпало самое лучшее(
[16:46:49] [Client thread/INFO] [CHAT] Вы уклонились на 32%
[16:46:50] [Client thread/INFO] [CHAT] Цель уклонилась от атаки на 49%
[16:46:51] [Client thread/INFO] [CHAT] Вы уклонились на 42%
[16:46:52] [Client thread/INFO] [CHAT] Цель уклонилась от атаки на 45%
[16:47:02] [Client thread/INFO] [CHAT] [13] zxc_venerttts » !vanogame можно я с тобой
[16:47:03] [Client thread/INFO] [CHAT] [30] Treefrei66 » дальше депаю?
[16:47:07] [Client thread/INFO] [CHAT] [30] V ┃ Paranoiid » самый главный стат плохой)
[16:47:07] [Client thread/INFO] [CHAT] Вы уклонились на 49%
[16:47:12] [Client thread/INFO] [CHAT] [30] V ┃ Paranoiid » крит урон
[16:47:21] [Client thread/INFO] [CHAT] [5] P+ ┃ XxX_TorTik_XxX » Замедление
[16:47:25] [Client thread/INFO] [CHAT] [30] V ┃ Paranoiid » Ну пробуй
[16:47:36] [Client thread/INFO] [CHAT] [30] D ┃ AndreWiking » [Богохульство ☠ +5] роляю на кш?
[16:47:46] [Client thread/INFO] [CHAT] [30] V ┃ Paranoiid » хз-
[16:47:46] [Client thread/INFO] [CHAT] [30] leonardo_leo_ » да
[16:47:47] [Client thread/INFO] [CHAT] [5] P+ ┃ XxX_TorTik_XxX » дебиллл
[16:47:52] [Client thread/INFO] [CHAT] [30] D ┃ AndreWiking » о лео, ку
[16:48:02] [Client thread/INFO] [CHAT] [30] leonardo_leo_ » ку
[16:48:08] [Client thread/INFO] [CHAT] [30] D ┃ AndreWiking » а можно как-то не меняя метку?
[16:48:31] [Client thread/INFO] [CHAT] [30] Treefrei66 » [Арбалет последователя Бедствия ☠ +6] всё я успокоюсь уже 3к изюмов депнул
[16:48:36] [Client thread/INFO] [CHAT] [13] zxc_venerttts » !vanogame можно я с тобой
[16:48:43] [Client thread/INFO] [CHAT] [13] S ┃ VanoGame_ » щас я доиграю и скажу
[16:48:44] [Client thread/INFO] [CHAT] [30] V ┃ Paranoiid » ема
[16:48:47] [Client thread/INFO] [CHAT] [30] D ┃ AndreWiking » а не меняя метку можно поменять статы?
[16:48:47] [Client thread/INFO] [CHAT] [13] zxc_venerttts » ок
[16:48:51] [Client thread/INFO] [CHAT] [30] V ┃ Paranoiid » 56 переидетификаций
[16:49:01] [Client thread/INFO] [CHAT] [30] V ┃ Paranoiid » Скок стоит у тебя щас?
[16:49:09] [Client thread/INFO] [CHAT] [30] V ┃ Paranoiid » под касарь где то?
[16:49:09] [Client thread/INFO] [CHAT] [30] Treefrei66 » 44
[16:49:13] [Client thread/INFO] [CHAT] [30] Treefrei66 » изюма 44
[16:49:24] [Client thread/INFO] [CHAT] [30] Treefrei66 » индефикации не бафают стоимость
[16:49:24] [Client thread/INFO] [CHAT] [30] V ┃ Paranoiid » переидетифицировать скок стоит
[16:49:34] [Client thread/INFO] [CHAT] [30] Treefrei66 » 105
[16:49:36] [Client thread/INFO] [CHAT] [30] V ┃ Paranoiid » а после обновы видимо)
[16:49:47] [Client thread/INFO] [CHAT] Tveiv получил Собиратель мусора
[16:49:48] [Client thread/INFO] [CHAT] [30] D ┃ AndreWiking » treefrei66
[16:49:53] [Client thread/INFO] [CHAT] [30] Treefrei66 » а
[16:49:53] [Client thread/INFO] [CHAT] [30] D ┃ AndreWiking » ты с меткой менял?
[16:49:55] [Client thread/INFO] [CHAT] [30] V ┃ Paranoiid » ибо я на 10-20 переидентификации в прошлом патче по 500 давай
[16:49:56] [Client thread/INFO] [CHAT] [30] Treefrei66 » да
[16:49:57] [Client thread/INFO] [CHAT] [14] P ┃ BykaII » Ребят а на 1 локе меч фиол с 12 волный как быстро выбить Брать одни проклятия ???
[16:49:58] [Client thread/INFO] [CHAT] Получено 47 звезд
[16:49:58] [Client thread/INFO] [CHAT] Урон игрока Tveiv: 6706
[16:49:59] [Client thread/INFO] [CHAT] Tveiv получил Замок без ключа
[16:50:01] [Client thread/INFO] [CHAT] Владелец Колеса Удачных Побед: Подходи, дружище. Новому клиенту мы всегда рады, даже сделаем тебе небольшой подарок. Первая крутка - бесплатно!
[16:50:03] [Client thread/INFO] [CHAT] [30] V ┃ Paranoiid » давал*
[16:50:14] [Client thread/INFO] [CHAT] [30] Treefrei66 » запай викинг
[16:50:29] [Client thread/INFO] [CHAT] Получено 41 звезд
[16:50:29] [Client thread/INFO] [CHAT] Урон игрока Tveiv: 12181
[16:50:31] [Client thread/INFO] [CHAT] Tveiv получил Ножницы пространства
[16:50:46] [Client thread/INFO] [CHAT] Получено 45 звезд
[16:50:46] [Client thread/INFO] [CHAT] Урон игрока Tveiv: 7118
[16:50:48] [Client thread/INFO] [CHAT] Tveiv получил Острый клинок
[16:51:00] [Client thread/INFO] [CHAT] Tveiv получил Бонус урона
[16:51:01] [Client thread/INFO] [CHAT] Получено 46 звезд
[16:51:01] [Client thread/INFO] [CHAT] Урон игрока Tveiv: 9634
[16:51:02] [Client thread/INFO] [CHAT] Tveiv получил Сетка для ловли звёзд
[16:51:08] [Client thread/INFO] [CHAT] Tveiv получил Сфера Повелительницы Болезней
[16:51:27] [Client thread/INFO] [CHAT] Вы уклонились на 29%
[16:51:31] [Client thread/INFO] [CHAT] Получено 57 звезд
[16:51:31] [Client thread/INFO] [CHAT] Урон игрока Tveiv: 12118
[16:51:32] [Client thread/INFO] [CHAT] Tveiv получил Прогноз погоды
[16:51:37] [Client thread/INFO] [CHAT] Потеряно 52 звезд
[16:51:37] [Client thread/INFO] [CHAT] Tveiv получил Башня яркой Луны
[16:51:38] [Client thread/INFO] [CHAT] Потеряно 52 звезд
[16:51:38] [Client thread/INFO] [CHAT] Tveiv получил Небытие
[16:51:39] [Client thread/INFO] [CHAT] Потеряно 52 звезд
[16:51:39] [Client thread/INFO] [CHAT] Tveiv получил Контроль
[16:51:40] [Client thread/INFO] [CHAT] Потеряно 52 звезд
[16:51:40] [Client thread/INFO] [CHAT] Tveiv получил Бонус урона
[16:51:42] [Client thread/INFO] [CHAT] Зверь появляется в комнате.
[16:51:45] [Client thread/INFO] [CHAT] Tveiv получил Дурак
[16:51:45] [Client thread/INFO] [CHAT] Tveiv получил Унижение
[16:51:45] [Client thread/INFO] [CHAT] Tveiv получил Паранойя Победителя
[16:51:50] [Client thread/INFO] [CHAT] Цель уклонилась от атаки на 30%
[16:51:52] [Client thread/INFO] [CHAT] [28] MVP ┃ Petro1234 » 0
[16:51:52] [Client thread/INFO] [CHAT] Вы уклонились на 51%
[16:51:52] [Client thread/INFO] [CHAT] Цель уклонилась от атаки на 26%
[16:51:56] [Client thread/INFO] [CHAT] Tveiv получил Спокойствие разума
[16:51:56] [Client thread/INFO] [CHAT] Цель уклонилась от атаки на 44%
[16:51:57] [Client thread/INFO] [CHAT] Цель уклонилась от атаки на 50%
[16:51:59] [Client thread/INFO] [CHAT] Цель уклонилась от атаки на 35%
[16:52:01] [Client thread/INFO] [CHAT] Цель уклонилась от атаки на 27%
[16:52:05] [Client thread/INFO] [CHAT] Цель уклонилась от атаки на 42%
[16:52:06] [Client thread/INFO] [CHAT] Цель уклонилась от атаки на 34%
[16:52:06] [Client thread/INFO] [CHAT] Цель уклонилась от атаки на 38%
[16:52:09] [Client thread/INFO] [CHAT] Цель уклонилась от атаки на 26%
[16:52:11] [Client thread/INFO] [CHAT] Цель уклонилась от атаки на 27%
[16:52:15] [Client thread/INFO] [CHAT] Получено 53 звезд
[16:52:15] [Client thread/INFO] [CHAT] Урон игрока Tveiv: 41444
[16:52:17] [Client thread/INFO] [CHAT] Tveiv получил Фатальная бессонница
[16:52:22] [Client thread/INFO] [CHAT] Объект появляется в комнате. Это конец величественных звёзд.
[16:52:25] [Client thread/INFO] [CHAT] Tveiv получил Дверь во тьму
[16:52:27] [Client thread/INFO] [CHAT] Цель уклонилась от атаки на 31%
[16:52:31] [Client thread/INFO] [CHAT] Tveiv получил Бонус брони
[16:52:34] [Client thread/INFO] [CHAT] Цель уклонилась от атаки на 33%
[16:52:34] [Client thread/INFO] [CHAT] Цель уклонилась от атаки на 34%
[16:52:35] [Client thread/INFO] [CHAT] Цель уклонилась от атаки на 30%
[16:52:36] [Client thread/INFO] [CHAT] Получено 64 звезд
[16:52:36] [Client thread/INFO] [CHAT] Урон игрока Tveiv: 16556
[16:52:37] [Client thread/INFO] [CHAT] Tveiv получил Игла ярости
[16:52:54] [Client thread/INFO] [CHAT] Получено 66 звезд
[16:52:54] [Client thread/INFO] [CHAT] Урон игрока Tveiv: 9396
[16:52:55] [Client thread/INFO] [CHAT] Tveiv получил Черная карта
[16:52:57] [Client thread/INFO] [CHAT] Жми SHIFT, чтобы получить эффект левитации и поймать летучих мышей!
[16:52:58] [Client thread/INFO] [CHAT] Tveiv получил Мышь на Венере
[16:53:05] [Client thread/INFO] [CHAT] [13] _Kayto_ » !Сколько летучих мышей в событии появляется?
[16:53:07] [Client thread/INFO] [CHAT] Цель уклонилась от атаки на 46%
[16:53:08] [Client thread/INFO] [CHAT] [30] V ┃ Paranoiid » 10
[16:53:09] [Client thread/INFO] [CHAT] [30] D ┃ AndreWiking » 10
[16:53:10] [Client thread/INFO] [CHAT] Цель уклонилась от атаки на 38%
[16:53:10] [Client thread/INFO] [CHAT] [14] P ┃ BykaII » 10
[16:53:10] [Client thread/INFO] [CHAT] Цель уклонилась от атаки на 47%
[16:53:11] [Client thread/INFO] [CHAT] Получено 63 звезд
[16:53:11] [Client thread/INFO] [CHAT] Урон игрока Tveiv: 19551
[16:53:13] [Client thread/INFO] [CHAT] Tveiv получил Губка x2
[16:53:16] [Client thread/INFO] [CHAT] Tveiv получил Спарагмос x2
[16:53:16] [Client thread/INFO] [CHAT] Tveiv получил Викторина Монксельда x2
[16:53:23] [Client thread/INFO] [CHAT] Последователь и его группа ожидают от Вас ответа.
[16:53:25] [Client thread/INFO] [CHAT] [6] P+ ┃ XxX_TorTik_XxX » чо
[16:53:28] [Client thread/INFO] [CHAT] Последователь Этоля: Превосходный ответ, мы ожидаем от тебя свершений.
[16:53:28] [Client thread/INFO] [CHAT] Tveiv получил Спокойствие разума x4
[16:53:30] [Client thread/INFO] [CHAT] Цель уклонилась от атаки на 42%
[16:53:36] [Client thread/INFO] [CHAT] Цель уклонилась от атаки на 32%
[16:53:38] [Client thread/INFO] [CHAT] [6] Hanzo_76 » свинцовый слоник
[16:53:40] [Client thread/INFO] [CHAT] Цель уклонилась от атаки на 34%
[16:53:43] [Client thread/INFO] [CHAT] Получено 61 звезд
[16:53:43] [Client thread/INFO] [CHAT] Урон игрока Tveiv: 22326
[16:53:44] [Client thread/INFO] [CHAT] Tveiv получил Возвышение на Юпитер
[16:53:48] [Client thread/INFO] [CHAT] Потеряно 55 звезд
[16:53:48] [Client thread/INFO] [CHAT] Tveiv получил Фатальная бессонница
[16:53:50] [Client thread/INFO] [CHAT] Потеряно 55 звезд
[16:53:50] [Client thread/INFO] [CHAT] Tveiv получил Кольцо света
[16:53:51] [Client thread/INFO] [CHAT] Потеряно 55 звезд
[16:53:51] [Client thread/INFO] [CHAT] Tveiv получил Бонус скорости
[16:53:52] [Client thread/INFO] [CHAT] Потеряно 55 звезд
[16:53:52] [Client thread/INFO] [CHAT] Tveiv получил Дверь во тьму
[16:53:53] [Client thread/INFO] [CHAT] [6] P+ ┃ XxX_TorTik_XxX » е
[16:53:55] [Client thread/INFO] [CHAT] Потеряно 55 звезд
[16:53:55] [Client thread/INFO] [CHAT] Tveiv получил Разрушитель звёзд
[16:53:56] [Client thread/INFO] [CHAT] Потеряно 55 звезд
[16:53:56] [Client thread/INFO] [CHAT] Tveiv получил Охотник за головами
[16:53:58] [Client thread/INFO] [CHAT] Последователь и его группа ожидают от Вас ответа.
[16:54:02] [Client thread/INFO] [CHAT] Последователь Этоля: Превосходный ответ, мы ожидаем от тебя свершений.
[16:54:02] [Client thread/INFO] [CHAT] Tveiv получил Расшифровщик Валотайла x4
[16:54:04] [Client thread/INFO] [CHAT] Цель уклонилась от атаки на 25%
[16:54:08] [Client thread/INFO] [CHAT] Цель уклонилась от атаки на 27%
[16:54:10] [Client thread/INFO] [CHAT] Цель уклонилась от атаки на 38%
[16:54:11] [Client thread/INFO] [CHAT] Цель уклонилась от атаки на 29%
[16:54:13] [Client thread/INFO] [CHAT] Цель уклонилась от атаки на 44%
[16:54:13] [Client thread/INFO] [CHAT] Получено 64 звезд
[16:54:13] [Client thread/INFO] [CHAT] Получено 57 звезд
[16:54:13] [Client thread/INFO] [CHAT] Урон игрока Tveiv: 11803
[16:54:18] [Client thread/INFO] [CHAT] [6] P+ ┃ XxX_TorTik_XxX » идиотт
[16:54:21] [Client thread/INFO] [CHAT] Потеряно 55 звезд
[16:54:21] [Client thread/INFO] [CHAT] Tveiv получил Нож на перестрелке
[16:54:22] [Client thread/INFO] [CHAT] Потеряно 55 звезд
[16:54:22] [Client thread/INFO] [CHAT] Tveiv получил Теневой
[16:54:24] [Client thread/INFO] [CHAT] Последователь и его группа ожидают от Вас ответа.
[16:54:28] [Client thread/INFO] [CHAT] Последователь Этоля: Превосходный ответ, мы ожидаем от тебя свершений.
[16:54:28] [Client thread/INFO] [CHAT] Tveiv получил Свинцовый слоник x4
[16:54:30] [Client thread/INFO] [CHAT] Цель уклонилась от атаки на 25%
[16:54:31] [Client thread/INFO] [CHAT] Цель уклонилась от атаки на 49%
[16:54:33] [Client thread/INFO] [CHAT] Цель уклонилась от атаки на 26%
[16:54:34] [Client thread/INFO] [CHAT] Цель уклонилась от атаки на 28%
[16:54:35] [Client thread/INFO] [CHAT] [6] P+ ┃ XxX_TorTik_XxX » стой
[16:54:36] [Client thread/INFO] [CHAT] Цель уклонилась от атаки на 25%
[16:54:36] [Client thread/INFO] [CHAT] Вы уклонились на 30%
[16:54:37] [Client thread/INFO] [CHAT] Цель уклонилась от атаки на 33%
[16:54:38] [Client thread/INFO] [CHAT] Цель уклонилась от атаки на 35%
[16:54:39] [Client thread/INFO] [CHAT] [6] P+ ┃ XxX_TorTik_XxX » урод
[16:54:39] [Client thread/INFO] [CHAT] Цель уклонилась от атаки на 33%
[16:54:41] [Client thread/INFO] [CHAT] Цель уклонилась от атаки на 50%
[16:54:41] [Client thread/INFO] [CHAT] Цель уклонилась от атаки на 35%
[16:54:41] [Client thread/INFO] [CHAT] Цель уклонилась от атаки на 35%
[16:54:44] [Client thread/INFO] [CHAT] Получено 61 звезд
[16:54:44] [Client thread/INFO] [CHAT] Получено 57 звезд
[16:54:44] [Client thread/INFO] [CHAT] Урон игрока Tveiv: 31536
[16:54:44] [Client thread/INFO] [CHAT] Цель уклонилась от атаки на 26%
[16:54:46] [Client thread/INFO] [CHAT] Последователи Бедствия появляются в комнате.
[16:54:47] [Client thread/INFO] [CHAT] Наследница Бедствия: Странник Тьмы, ты же направляешься к Расиме?
[16:54:48] [Client thread/INFO] [CHAT] Наследница Бедствия: Мы можем помочь друг-другу.
[16:54:50] [Client thread/INFO] [CHAT] Наследница Бедствия: В битве с Расимой, мы будем на твоей стороне. Согласен?
[16:54:53] [Client thread/INFO] [CHAT] Наследница Бедствия: Прекрасно, скоро мы встретимся.
[16:54:53] [Client thread/INFO] [CHAT] Губка поглотила Проклятие! 1/10
[16:54:53] [Client thread/INFO] [CHAT] Губка поглотила Проклятие! 2/10
[16:54:53] [Client thread/INFO] [CHAT] Губка поглотила Проклятие! 3/10
[16:54:53] [Client thread/INFO] [CHAT] Tveiv получил Взгляд Расимы
[16:54:53] [Client thread/INFO] [CHAT] Tveiv получил Последователи Бедствия
[16:54:53] [Client thread/INFO] [CHAT] [15] _Demon_Rasta_ » кто возьмет в команду?
[16:54:57] [Client thread/INFO] [CHAT] Tveiv получил Бонус скорости
[16:55:03] [Client thread/INFO] [CHAT] Вы уклонились на 46%
[16:55:04] [Client thread/INFO] [CHAT] Получено 64 звезд
[16:55:04] [Client thread/INFO] [CHAT] Получено 57 звезд
[16:55:04] [Client thread/INFO] [CHAT] Урон игрока Tveiv: 14132
[16:55:06] [Client thread/INFO] [CHAT] Последователь и его группа ожидают от Вас ответа.
[16:55:08] [Client thread/INFO] [CHAT] Последователь Этоля: Превосходный ответ, мы ожидаем от тебя свершений.
[16:55:08] [Client thread/INFO] [CHAT] Tveiv получил Расшифровщик Валотайла x4
[16:55:11] [Client thread/INFO] [CHAT] Цель уклонилась от атаки на 32%
[16:55:11] [Client thread/INFO] [CHAT] Вампиризм сброшен!
[16:55:14] [Client thread/INFO] [CHAT] Цель уклонилась от атаки на 42%
[16:55:15] [Client thread/INFO] [CHAT] Цель уклонилась от атаки на 48%
[16:55:16] [Client thread/INFO] [CHAT] Цель уклонилась от атаки на 34%
[16:55:16] [Client thread/INFO] [CHAT] Цель уклонилась от атаки на 27%
[16:55:17] [Client thread/INFO] [CHAT] Вампиризм сброшен!
[16:55:17] [Client thread/INFO] [CHAT] Получено 66 звезд
[16:55:17] [Client thread/INFO] [CHAT] Получено 57 звезд
[16:55:17] [Client thread/INFO] [CHAT] Урон игрока Tveiv: 13760
[16:55:20] [Client thread/INFO] [CHAT] Tveiv получил Шестерёнки страха x2
[16:55:20] [Client thread/INFO] [CHAT] Tveiv получил Бонус здоровья x2
[16:55:20] [Client thread/INFO] [CHAT] Tveiv получил Карта выбора x2
[16:55:21] [Client thread/INFO] [CHAT] [5] sss_samurai_sss » z yyt nsrfk
[16:55:28] [Client thread/INFO] [CHAT] Цель уклонилась от атаки на 28%
[16:55:29] [Client thread/INFO] [CHAT] Цель уклонилась от атаки на 48%
[16:55:30] [Client thread/INFO] [CHAT] Вампиризм сброшен!
[16:55:30] [Client thread/INFO] [CHAT] Цель уклонилась от атаки на 40%
[16:55:31] [Client thread/INFO] [CHAT] Цель уклонилась от атаки на 46%
[16:55:35] [Client thread/INFO] [CHAT] Цель уклонилась от атаки на 33%
[16:55:38] [Client thread/INFO] [CHAT] [30] V ┃ Paranoiid » Стоп
[16:55:41] [Client thread/INFO] [CHAT] Получено 61 звезд
[16:55:41] [Client thread/INFO] [CHAT] Получено 57 звезд
[16:55:41] [Client thread/INFO] [CHAT] Урон игрока Tveiv: 18800
[16:55:43] [Client thread/INFO] [CHAT] [30] V ┃ Paranoiid » Прикол хотите?
[16:55:49] [Client thread/INFO] [CHAT] [30] D ┃ AndreWiking » ?
[16:55:52] [Client thread/INFO] [CHAT] Потеряно 70 звезд
[16:55:52] [Client thread/INFO] [CHAT] Tveiv получил Бонус урона
[16:55:52] [Client thread/INFO] [CHAT] Tveiv получил Бонус уклонения
[16:55:52] [Client thread/INFO] [CHAT] Tveiv получил Ничего
[16:55:55] [Client thread/INFO] [CHAT] Цель уклонилась от атаки на 41%
[16:55:55] [Client thread/INFO] [CHAT] Цель уклонилась от атаки на 27%
[16:55:55] [Client thread/INFO] [CHAT] Цель уклонилась от атаки на 49%
[16:55:56] [Client thread/INFO] [CHAT] Цель уклонилась от атаки на 36%
[16:55:56] [Client thread/INFO] [CHAT] Цель уклонилась от атаки на 36%
[16:55:57] [Client thread/INFO] [CHAT] Цель уклонилась от атаки на 38%
[16:55:58] [Client thread/INFO] [CHAT] На Вас наложен Яростный взор, Вы получаете урон, когда смотрите на существ
[16:55:58] [Client thread/INFO] [CHAT] Цель уклонилась от атаки на 37%
[16:55:59] [Client thread/INFO] [CHAT] Цель уклонилась от атаки на 45%
[16:56:00] [Client thread/INFO] [CHAT] [30] V ┃ Paranoiid » Отойдите все я соло попробую волну
[16:56:00] [Client thread/INFO] [CHAT] Вампиризм сброшен!
[16:56:02] [Client thread/INFO] [CHAT] Вы уклонились на 38%
[16:56:02] [Client thread/INFO] [CHAT] Цель уклонилась от атаки на 37%
[16:56:04] [Client thread/INFO] [CHAT] Вампиризм сброшен!
[16:56:05] [Client thread/INFO] [CHAT] Цель уклонилась от атаки на 47%
[16:56:31] [Client thread/INFO] [CHAT] [13] S ┃ VanoGame_ » [Карта созвездий]
[16:56:37] [Client thread/INFO] [CHAT] [13] S ┃ VanoGame_ » как запустить это
[16:56:49] [Client thread/INFO] [CHAT] [28] MVP ┃ Petro1234 » RR
[16:56:50] [Client thread/INFO] [CHAT] [8] P ┃ kykuhuj777 » НУ ПОЧТИ
[16:57:39] [Client thread/INFO] [CHAT] [5] sss_samurai_sss » xnj ghjbpjqltn ghb dphsdt ujhzotuj
[16:58:16] [Client thread/INFO] [CHAT] [30] I ┃ JonY_00 » [Жертва ритуалу ☠ +8]
[16:58:34] [Client thread/INFO] [CHAT] \n  MEDIA ┃ fujihiro запустил стрим!\n  Платформа: Twitch\n  Напишите /media для проcмотра активных трансляций\n 
[16:58:58] [Client thread/INFO] [CHAT] [13] zxc_venerttts » VanoGame_
[16:59:02] [Client thread/INFO] [CHAT] [13] zxc_venerttts » VanoGame_ го пати
[16:59:03] [Client thread/INFO] [CHAT] [13] S ┃ VanoGame_ » кидай пати
[16:59:33] [Client thread/INFO] [CHAT] [13] zxc_venerttts » запускай
[17:00:06] [Client thread/INFO] [CHAT] [30] D ┃ AndreWiking » класс, юезмолвие накинули
[17:00:07] [Client thread/INFO] [CHAT] [13] S ┃ VanoGame_ » убей
[17:00:57] [Client thread/INFO] [CHAT] [15] _Demon_Rasta_ » кто возьмет в команду?
[17:00:57] [Client thread/INFO] [CHAT] [15] _Demon_Rasta_ » кто возьмет в команду?
[17:01:03] [Client thread/INFO] [CHAT] [13] S ┃ VanoGame_ » [Длинный лук похитителя звёзд ☠ +10]
[17:01:11] [Client thread/INFO] [CHAT] [13] zxc_venerttts » имба
[17:01:18] [Client thread/INFO] [CHAT] [13] zxc_venerttts » [Меч стража горизонта событий ☬ +6]
[17:01:41] [Client thread/INFO] [CHAT] [30] V ┃ funny2280 » кто 27 локу?
[17:03:41] [Client thread/INFO] [CHAT] [30] I ┃ JonY_00 » сек
[17:03:44] [Client thread/INFO] [CHAT] [30] I ┃ JonY_00 » да тут
[17:03:47] [Client thread/INFO] [CHAT] [30] RPG_HouS » ! я тут
[17:03:56] [Client thread/INFO] [CHAT] [30] D ┃ AndreWiking » у нас фул
[17:04:02] [Client thread/INFO] [CHAT] [30] RPG_HouS » ! блин
[17:04:32] [Client thread/INFO] [CHAT] [30] D ┃ AndreWiking » [Богохульство ☠ +4]
[17:04:33] [Client thread/INFO] [CHAT] [30] D ┃ AndreWiking » АА
[17:04:42] [Client thread/INFO] [CHAT] [30] D ┃ AndreWiking » было +6 или +7
[17:05:32] [Client thread/INFO] [CHAT] [6] P+ ┃ XxX_TorTik_XxX » ща
[17:05:41] [Client thread/INFO] [CHAT] [30] V ┃ funny2280 » кто 23локу?
[17:05:54] [Client thread/INFO] [CHAT] [30] V ┃ Paranoiid » Гидра мб
[17:05:59] [Client thread/INFO] [CHAT] [30] V ┃ Paranoiid » +40%
[17:06:00] [Client thread/INFO] [CHAT] [30] V ┃ funny2280 » кто 25 локу? 27 лвл
[17:06:13] [Client thread/INFO] [CHAT] [30] D ┃ AndreWiking » так тут нету её
[17:06:20] [Client thread/INFO] [CHAT] [30] V ┃ Paranoiid » Так написать то можно
[17:06:20] [Client thread/INFO] [CHAT] [6] UYNik_77 » 1
[17:07:13] [Client thread/INFO] [CHAT] [14] zxc_venerttts » убей
[17:07:17] [Client thread/INFO] [CHAT] [14] S ┃ VanoGame_ » сними сет
[17:10:02] [Client thread/INFO] [CHAT] [11] Erti77 » 1
[17:10:22] [Client thread/INFO] [CHAT] [14] S ┃ VanoGame_ » сними элитры
[17:12:27] [Client thread/INFO] [CHAT] [30] V ┃ Paranoiid » [Карта созвездий]
[17:12:33] [Client thread/INFO] [CHAT] [30] Treefrei66 » [Карта созвездий]
[17:12:43] [Client thread/INFO] [CHAT] [30] D ┃ AndreWiking » [Богохульство ☠ +4]
[17:12:46] [Client thread/INFO] [CHAT] [30] D ┃ AndreWiking » вроде норм выпало
[17:12:47] [Client thread/INFO] [CHAT] [6] P+ ┃ XxX_TorTik_XxX » ждии
[17:12:55] [Client thread/INFO] [CHAT] [6] P+ ┃ XxX_TorTik_XxX » ждии
[17:12:55] [Client thread/INFO] [CHAT] [30] V ┃ Paranoiid » норм
[17:12:56] [Client thread/INFO] [CHAT] [6] P+ ┃ XxX_TorTik_XxX » ждии
[17:13:12] [Client thread/INFO] [CHAT] [30] V ┃ Paranoiid » Андре какая карта получилась?
[17:13:16] [Client thread/INFO] [CHAT] [30] D ┃ AndreWiking » [Карта созвездий]
[17:13:27] [Client thread/INFO] [CHAT] [3] Sigmaswaga » ! где можно зачярить оружие звездой?
[17:13:31] [Client thread/INFO] [CHAT] [30] V ┃ Paranoiid » Все го 27?
[17:13:41] [Client thread/INFO] [CHAT] [30] D ┃ AndreWiking » чья карта?
[17:13:59] [Client thread/INFO] [CHAT] [30] Luckyrou » [Тирания ☬]
[17:14:14] [Client thread/INFO] [CHAT] [14] zxc_venerttts » Сколько крит шанса даёт Связь душой?
[17:14:18] [Client thread/INFO] [CHAT] [30] V ┃ Paranoiid » 15
[17:14:43] [Client thread/INFO] [CHAT] [3] Sigmaswaga » как использовать звезду?
[17:15:19] [Client thread/INFO] [CHAT] [3] Sigmaswaga » как использовать звезду?
[17:15:20] [Client thread/INFO] [CHAT] [30] Luckyrou » У меня вопрос что делать с сраным рабом души? наследница кастунула эту фигню и я тупо не мог двигаться и умер
[17:15:38] [Client thread/INFO] [CHAT] [30] V ┃ Paranoiid » Ну быстрее йоу
[17:15:51] [Client thread/INFO] [CHAT] [3] Sigmaswaga » как использовать звезду?
[17:15:56] [Client thread/INFO] [CHAT] [30] V ┃ Paranoiid » че думаете это же 15
[17:16:51] [Client thread/INFO] [CHAT] [14] S ┃ VanoGame_ » [Карта созвездий] как это проходить
[17:16:59] [Client thread/INFO] [CHAT] [14] zxc_venerttts » [Солнечная вспышка ⚝ +4]
[17:17:06] [Client thread/INFO] [CHAT] [30] V ┃ Paranoiid » Вано я мечтаю о твоей карте
[17:17:12] [Client thread/INFO] [CHAT] [14] zxc_venerttts » а говно всеровно проебал ток ресы
[17:17:24] [Client thread/INFO] [CHAT] [30] V ┃ Paranoiid » У меня слюнки текут от нее
[17:17:24] [Client thread/INFO] [CHAT] [30] D ┃ AndreWiking » вано, поделись картой
[17:17:36] [Client thread/INFO] [CHAT] [6] P+ ┃ XxX_TorTik_XxX » тварььц
[17:17:39] [Client thread/INFO] [CHAT] [14] S ┃ VanoGame_ » как запустить ее
[17:17:52] [Client thread/INFO] [CHAT] [14] zxc_venerttts » что запустить?
[17:18:02] [Client thread/INFO] [CHAT] [30] D ┃ AndreWiking » рарка
[17:18:07] [Client thread/INFO] [CHAT] [30] V ┃ Paranoiid » обычка
[17:18:52] [Client thread/INFO] [CHAT] [30] D ┃ AndreWiking » ааа
[17:18:55] [Client thread/INFO] [CHAT] [30] V ┃ Paranoiid » )
[17:18:57] [Client thread/INFO] [CHAT] [30] D ┃ AndreWiking » )
[17:18:59] [Client thread/INFO] [CHAT] [30] V ┃ Paranoiid » го еще?
[17:19:10] [Client thread/INFO] [CHAT] [30] D ┃ AndreWiking » -_-
[17:19:59] [Client thread/INFO] [CHAT] [30] V ┃ Paranoiid » ок
[17:20:35] [Client thread/INFO] [CHAT] \n  MEDIA ┃ quxaniii запустил стрим!\n  Платформа: Twitch\n  Напишите /media для проcмотра активных трансляций\n 
[17:21:16] [Client thread/INFO] [CHAT] [30] RPG_HouS » ! кто может пройти созвездие [Карта созвездий]
[17:21:45] [Client thread/INFO] [CHAT] [5] sss_samurai_sss » t
[17:22:47] [Client thread/INFO] [CHAT] [6] P+ ┃ XxX_TorTik_XxX » идиот
[17:23:52] [Client thread/INFO] [CHAT] \n   Сейчас трансляции ведут:\n   MEDIA ┃ fujihiro, MEDIA ┃ quxaniii\n   Напишите /media для проcмотра активных трансляций\n 
[17:27:51] [Client thread/INFO] [CHAT] Tveiv получил Собиратель мусора
[17:27:51] [Client thread/INFO] [CHAT] Получено 300 звезд
[17:28:00] [Client thread/INFO] [CHAT] Потеряно 200 звезд
[17:28:00] [Client thread/INFO] [CHAT] Tveiv получил Башня яркой Луны
[17:28:04] [Client thread/INFO] [CHAT] Получено 5 звезд
[17:28:04] [Client thread/INFO] [CHAT] Вам выпал Изумруд x1
[17:28:09] [Client thread/INFO] [CHAT] Получено 5 звезд
[17:28:12] [Client thread/INFO] [CHAT] Получено 5 звезд
[17:28:17] [Client thread/INFO] [CHAT] Получено 5 звезд
[17:29:58] [Client thread/INFO] [CHAT] Получено 5 звезд
[17:30:00] [Client thread/INFO] [CHAT] Получено 5 звезд
[17:30:00] [Client thread/INFO] [CHAT] Вам выпал Изумруд x1
[17:30:00] [Client thread/INFO] [CHAT] Получено 6 звезд
[17:30:00] [Client thread/INFO] [CHAT] Получено 15 звезд
[17:30:03] [Client thread/INFO] [CHAT] Tveiv получил Проклятие
[17:30:22] [Client thread/INFO] [CHAT] Получено 5 звезд
[17:30:22] [Client thread/INFO] [CHAT] На Вас наложен Яростный взор, Вы получаете урон, когда смотрите на существ
[17:30:24] [Client thread/INFO] [CHAT] Получено 5 звезд
[17:30:24] [Client thread/INFO] [CHAT] Получено 5 звезд
[17:30:24] [Client thread/INFO] [CHAT] Вам выпал Обугленный череп x1
[17:30:28] [Client thread/INFO] [CHAT] Получено 5 звезд
[17:30:33] [Client thread/INFO] [CHAT] Получено 6 звезд
[17:30:33] [Client thread/INFO] [CHAT] Вам выпал Обугленный череп x1
[17:30:55] [Client thread/INFO] [CHAT] На Вас наложено Проклятие Крови, Вы получаете урон за каждую нанесенную атаку
[17:30:56] [Client thread/INFO] [CHAT] Tveiv погиб! Осталось 2 возрождения
[17:30:56] [Client thread/ERROR] Error on handle event #liPuq in Mod{name='VoidMod', version='1.0+089d877', persistent=false, delegate=dev.a.a.a, modState=LOADED}
java.lang.NullPointerException
[17:30:56] [Client thread/ERROR] Error on handle event #liPuq in Mod{name='VoidMod', version='1.0+089d877', persistent=false, delegate=dev.a.a.a, modState=LOADED}
java.lang.NullPointerException
[17:30:57] [Client thread/ERROR] Error on handle event #liPuq in Mod{name='VoidMod', version='1.0+089d877', persistent=false, delegate=dev.a.a.a, modState=LOADED}
java.lang.NullPointerException
[17:30:57] [Client thread/ERROR] Error on handle event #liPuq in Mod{name='VoidMod', version='1.0+089d877', persistent=false, delegate=dev.a.a.a, modState=LOADED}
java.lang.NullPointerException
[17:30:57] [Client thread/ERROR] Error on handle event #liPuq in Mod{name='VoidMod', version='1.0+089d877', persistent=false, delegate=dev.a.a.a, modState=LOADED}
java.lang.NullPointerException
[17:31:01] [Client thread/INFO] [CHAT] Получено 5 звезд
[17:31:02] [Client thread/INFO] [CHAT] Получено 5 звезд
[17:31:04] [Client thread/INFO] [CHAT] Получено 5 звезд
[17:31:04] [Client thread/INFO] [CHAT] Получено 6 звезд
[17:31:08] [Client thread/INFO] [CHAT] Получено 5 звезд
[17:31:09] [Client thread/INFO] [CHAT] Вампиризм сброшен!
[17:31:12] [Client thread/INFO] [CHAT] Вампиризм сброшен!
[17:31:12] [Client thread/INFO] [CHAT] Получено 5 звезд
[17:31:12] [Client thread/INFO] [CHAT] Получено 10 звезд
[17:31:15] [Client thread/INFO] [CHAT] Tveiv получил Паранойя Победителя
[17:31:31] [Client thread/INFO] [CHAT] Вампиризм сброшен!
[17:31:33] [Client thread/INFO] [CHAT] Получено 5 звезд
[17:31:33] [Client thread/INFO] [CHAT] Вам выпал Изумруд x2
[17:31:33] [Client thread/INFO] [CHAT] Получено 5 звезд
[17:31:33] [Client thread/INFO] [CHAT] Вам выпал Изумруд x1
[17:31:33] [Client thread/INFO] [CHAT] Вампиризм сброшен!
[17:31:35] [Client thread/INFO] [CHAT] Получено 5 звезд
[17:31:35] [Client thread/INFO] [CHAT] Вам выпал Обугленный череп x1
[17:31:35] [Client thread/INFO] [CHAT] Получено 5 звезд
[17:31:35] [Client thread/INFO] [CHAT] Вам выпал Изумруд x2
[17:31:36] [Client thread/INFO] [CHAT] Получено 5 звезд
[17:31:37] [Client thread/INFO] [CHAT] Получено 5 звезд
[17:31:37] [Client thread/INFO] [CHAT] Вам выпал Осколок Луны x1
[17:31:37] [Client thread/INFO] [CHAT] Получено 12 звезд
[17:31:40] [Client thread/INFO] [CHAT] Tveiv получил Сфера Повелительницы Болезней
[17:31:47] [Client thread/INFO] [CHAT] Получено 5 звезд
[17:31:47] [Client thread/INFO] [CHAT] Получено 5 звезд
[17:31:54] [Client thread/INFO] [CHAT] Получено 5 звезд
[17:31:54] [Client thread/INFO] [CHAT] Вам выпал Обугленный череп x1
[17:32:00] [Client thread/INFO] [CHAT] Получено 5 звезд
[17:32:04] [Client thread/INFO] [CHAT] Получено 5 звезд
[17:32:04] [Client thread/INFO] [CHAT] Вам выпал Изумруд x2
[17:32:09] [Client thread/INFO] [CHAT] Получено 5 звезд
[17:32:09] [Client thread/INFO] [CHAT] Вам выпал Изумруд x1
[17:32:14] [Client thread/INFO] [CHAT] Получено 5 звезд
[17:32:18] [Client thread/INFO] [CHAT] Получено 5 звезд
[17:32:18] [Client thread/INFO] [CHAT] Вам выпал Изумруд x1
[17:32:18] [Client thread/INFO] [CHAT] Вам выпал Обугленный череп x1
[17:32:20] [Client thread/INFO] [CHAT] Получено 5 звезд
[17:32:27] [Client thread/INFO] [CHAT] Получено 5 звезд
[17:32:28] [Client thread/INFO] [CHAT] Получено 5 звезд
[17:32:28] [Client thread/INFO] [CHAT] Вам выпал Изумруд x1
[17:32:32] [Client thread/INFO] [CHAT] Получено 5 звезд
[17:32:41] [Client thread/INFO] [CHAT] Получено 5 звезд
[17:32:41] [Client thread/INFO] [CHAT] Вам выпал Обугленный череп x1
[17:32:41] [Client thread/INFO] [CHAT] Получено 5 звезд
[17:32:42] [Client thread/INFO] [CHAT] Получено 5 звезд
[17:32:42] [Client thread/INFO] [CHAT] Получено 5 звезд
[17:32:42] [Client thread/INFO] [CHAT] Вам выпал Изумруд x2
[17:32:45] [Client thread/INFO] [CHAT] Вы стали стеклянным! Вы умрете, если получите урон 10 раз
[17:33:10] [Client thread/INFO] [CHAT] На Вас наложено Проклятие Страха, Ваш вампиризм заблокирован
[17:33:34] [Client thread/INFO] [CHAT] Получено 5 звезд
[17:33:34] [Client thread/INFO] [CHAT] Вам выпал Изумруд x19
[17:33:34] [Client thread/INFO] [CHAT] Вам выпал Обугленный череп x6
[17:33:34] [Client thread/INFO] [CHAT] Вам выпал Серебряная звезда зачарования x1
[17:33:34] [Client thread/INFO] [CHAT] Вам выпал Благословенная серебряная звезда зачарования x1
[17:33:34] [Client thread/INFO] [CHAT] Вам выпал Осколок фантазии Этоля x1
[17:33:34] [Client thread/INFO] [CHAT] Получено 5 звезд
[17:34:30] [Client thread/INFO] [CHAT] Вампиризм сброшен!
[17:34:32] [Client thread/INFO] [CHAT] Вампиризм сброшен!
[17:34:34] [Client thread/INFO] [CHAT] Получено 5 звезд
[17:34:34] [Client thread/INFO] [CHAT] Вам выпал Осколок фантазии Этоля x1
[17:34:34] [Client thread/INFO] [CHAT] Получено 6 звезд
[17:34:37] [Client thread/INFO] [CHAT] Получено 5 звезд
[17:34:37] [Client thread/INFO] [CHAT] Получено 5 звезд
[17:34:40] [Client thread/INFO] [CHAT] Получено 5 звезд
[17:34:41] [Client thread/INFO] [CHAT] Получено 5 звезд
[17:34:41] [Client thread/INFO] [CHAT] Получено 15 звезд
[17:34:43] [Client thread/INFO] [CHAT] Tveiv получил Приманка
[17:34:49] [Client thread/INFO] [CHAT] [8] V ┃ Romchik6655 » !тут же есть кооп?
[17:35:08] [Client thread/INFO] [CHAT] [8] V ┃ Romchik6655 » !тут же есть кооп?
[17:35:10] [Client thread/INFO] [CHAT] Получено 5 звезд
[17:35:10] [Client thread/INFO] [CHAT] Вам выпал Изумруд x1
[17:35:13] [Client thread/INFO] [CHAT] Получено 5 звезд
[17:35:19] [Client thread/INFO] [CHAT] Получено 5 звезд
[17:35:19] [Client thread/INFO] [CHAT] Получено 6 звезд
[17:35:20] [Client thread/INFO] [CHAT] Вампиризм сброшен!
[17:35:23] [Client thread/INFO] [CHAT] Получено 5 звезд
[17:35:24] [Client thread/INFO] [CHAT] Получено 5 звезд
[17:35:24] [Client thread/INFO] [CHAT] Вам выпал Изумруд x2
[17:35:25] [Client thread/INFO] [CHAT] Получено 6 звезд
[17:35:32] [Client thread/INFO] [CHAT] Вампиризм сброшен!
[17:35:33] [Client thread/INFO] [CHAT] Вампиризм сброшен!
[17:35:34] [Client thread/INFO] [CHAT] Получено 7 звезд
[17:35:34] [Client thread/INFO] [CHAT] Вам выпал Изумруд x1
[17:35:34] [Client thread/INFO] [CHAT] Вампиризм сброшен!
[17:35:35] [Client thread/INFO] [CHAT] Вампиризм сброшен!
[17:35:35] [Client thread/INFO] [CHAT] Вампиризм сброшен!
[17:35:36] [Client thread/INFO] [CHAT] Получено 5 звезд
[17:35:36] [Client thread/INFO] [CHAT] Получено 5 звезд
[17:35:36] [Client thread/INFO] [CHAT] Вам выпал Изумруд x2
[17:35:39] [Client thread/INFO] [CHAT] Вампиризм сброшен!
[17:35:40] [Client thread/INFO] [CHAT] Получено 5 звезд
[17:35:41] [Client thread/INFO] [CHAT] Вампиризм сброшен!
[17:35:41] [Client thread/INFO] [CHAT] Получено 5 звезд
[17:35:42] [Client thread/INFO] [CHAT] Вампиризм сброшен!
[17:35:44] [Client thread/INFO] [CHAT] Получено 5 звезд
[17:35:44] [Client thread/INFO] [CHAT] Вам выпал Серебряная звезда зачарования x1
[17:35:44] [Client thread/INFO] [CHAT] Вам выпал Благословенная серебряная звезда зачарования x1
[17:35:44] [Client thread/INFO] [CHAT] Получено 5 звезд
[17:35:44] [Client thread/INFO] [CHAT] Вам выпал Изумруд x2
[17:35:44] [Client thread/INFO] [CHAT] Получено 5 звезд
[17:35:46] [Client thread/INFO] [CHAT] Вампиризм сброшен!
[17:35:47] [Client thread/INFO] [CHAT] Получено 5 звезд
[17:35:47] [Client thread/INFO] [CHAT] Получено 12 звезд
[17:35:48] [Client thread/INFO] [CHAT] Вампиризм сброшен!
[17:35:50] [Client thread/INFO] [CHAT] Tveiv получил Прострел с Юпитера
[17:35:50] [Client thread/INFO] [CHAT] Получено 5 звезд
[17:35:50] [Client thread/INFO] [CHAT] Вам выпал Обугленный череп x1
[17:35:50] [Client thread/INFO] [CHAT] Получено 5 звезд
[17:35:50] [Client thread/INFO] [CHAT] Вам выпал Обугленный череп x1
[17:35:52] [Client thread/INFO] [CHAT] Получено 5 звезд
[17:35:55] [Client thread/INFO] [CHAT] Получено 5 звезд
[17:35:58] [Client thread/INFO] [CHAT] Получено 5 звезд
[17:36:06] [Client thread/INFO] [CHAT] Получено 5 звезд
[17:36:09] [Client thread/INFO] [CHAT] Получено 5 звезд
[17:36:11] [Client thread/INFO] [CHAT] Получено 5 звезд
[17:36:13] [Client thread/INFO] [CHAT] Получено 5 звезд
[17:36:14] [Client thread/INFO] [CHAT] Получено 5 звезд
[17:36:15] [Client thread/INFO] [CHAT] [12] P ┃ Pangu » !с кем можнов месте проходит
[17:36:20] [Client thread/INFO] [CHAT] [19] V ┃ s1lent2 » пшл
[17:36:21] [Client thread/INFO] [CHAT] Вампиризм сброшен!
[17:36:23] [Client thread/INFO] [CHAT] Получено 5 звезд
[17:36:24] [Client thread/INFO] [CHAT] Вампиризм сброшен!
[17:36:27] [Client thread/INFO] [CHAT] Вампиризм сброшен!
[17:36:27] [Client thread/INFO] [CHAT] Получено 8 звезд
[17:36:27] [Client thread/INFO] [CHAT] Получено 5 звезд
[17:36:31] [Client thread/INFO] [CHAT] [12] P ┃ Pangu » пригласи
[17:36:33] [Client thread/INFO] [CHAT] Получено 5 звезд
[17:36:33] [Client thread/INFO] [CHAT] Получено 5 звезд
[17:36:37] [Client thread/INFO] [CHAT] [18] I ┃ K0PTER » скелет исушитель когда стреляет, его стрела исушает ?? помогите
[17:36:39] [Client thread/INFO] [CHAT] [18] I ┃ K0PTER » хехе
[17:36:42] [Client thread/INFO] [CHAT] [30] RPG_HouS » ! горонеи
[17:36:43] [Client thread/INFO] [CHAT] Вампиризм сброшен!
[17:36:44] [Client thread/INFO] [CHAT] Получено 5 звезд
[17:36:44] [Client thread/INFO] [CHAT] Вам выпал Изумруд x2
[17:36:49] [Client thread/INFO] [CHAT] Вампиризм сброшен!
[17:36:50] [Client thread/INFO] [CHAT] [19] V ┃ s1lent2 » ща пройду
[17:36:52] [Client thread/INFO] [CHAT] Получено 5 звезд
[17:36:52] [Client thread/INFO] [CHAT] Вам выпал Изумруд x2
[17:36:52] [Client thread/INFO] [CHAT] Получено 5 звезд
[17:36:52] [Client thread/INFO] [CHAT] Вам выпал Обугленный череп x1
[17:36:54] [Client thread/INFO] [CHAT] Получено 5 звезд
[17:36:54] [Client thread/INFO] [CHAT] Вам выпал Изумруд x1
[17:36:54] [Client thread/INFO] [CHAT] Получено 5 звезд
[17:36:54] [Client thread/INFO] [CHAT] Вам выпал Изумруд x1
[17:36:55] [Client thread/INFO] [CHAT] Получено 5 звезд
[17:36:55] [Client thread/INFO] [CHAT] [30] D ┃ AndreWiking » ХАХА
[17:36:59] [Client thread/INFO] [CHAT] Получено 5 звезд
[17:37:01] [Client thread/INFO] [CHAT] Получено 5 звезд
[17:37:02] [Client thread/INFO] [CHAT] Получено 5 звезд
[17:37:02] [Client thread/INFO] [CHAT] Вам выпал Изумруд x2
[17:37:02] [Client thread/INFO] [CHAT] Получено 8 звезд
[17:37:03] [Client thread/INFO] [CHAT] Вампиризм сброшен!
[17:37:05] [Client thread/INFO] [CHAT] Tveiv получил Мирный сон Бедствия
[17:37:05] [Client thread/INFO] [CHAT] Получено 5 звезд
[17:37:05] [Client thread/INFO] [CHAT] Вам выпал Изумруд x2
[17:37:08] [Client thread/INFO] [CHAT] Получено 5 звезд
[17:37:08] [Client thread/INFO] [CHAT] Получено 5 звезд
[17:37:08] [Client thread/INFO] [CHAT] Вам выпал Изумруд x2
[17:37:22] [Client thread/INFO] [CHAT] На Вас наложено Проклятие Страха, Ваш вампиризм заблокирован
[17:37:22] [Client thread/INFO] [CHAT] На Вас наложено Проклятие Крови, Вы получаете урон за каждую нанесенную атаку
[17:37:23] [Client thread/INFO] [CHAT] Вампиризм сброшен!
[17:37:26] [Client thread/INFO] [CHAT] На Вас наложено Проклятие Страха, Ваш вампиризм заблокирован
[17:37:26] [Client thread/INFO] [CHAT] Вампиризм сброшен!
[17:37:28] [Client thread/INFO] [CHAT] На Вас наложено Проклятие Крови, Вы получаете урон за каждую нанесенную атаку
[17:37:29] [Client thread/INFO] [CHAT] Вампиризм сброшен!
[17:37:31] [Client thread/INFO] [CHAT] Tveiv погиб! Осталось 1 возрождение
[17:37:31] [Client thread/ERROR] Error on handle event #liPuq in Mod{name='VoidMod', version='1.0+089d877', persistent=false, delegate=dev.a.a.a, modState=LOADED}
java.lang.NullPointerException
[17:37:31] [Client thread/ERROR] Error on handle event #liPuq in Mod{name='VoidMod', version='1.0+089d877', persistent=false, delegate=dev.a.a.a, modState=LOADED}
java.lang.NullPointerException
[17:37:32] [Client thread/ERROR] Error on handle event #liPuq in Mod{name='VoidMod', version='1.0+089d877', persistent=false, delegate=dev.a.a.a, modState=LOADED}
java.lang.NullPointerException
[17:37:32] [Client thread/ERROR] Error on handle event #liPuq in Mod{name='VoidMod', version='1.0+089d877', persistent=false, delegate=dev.a.a.a, modState=LOADED}
java.lang.NullPointerException
[17:37:33] [Client thread/ERROR] Error on handle event #liPuq in Mod{name='VoidMod', version='1.0+089d877', persistent=false, delegate=dev.a.a.a, modState=LOADED}
java.lang.NullPointerException
[17:37:33] [Client thread/ERROR] Error on handle event #liPuq in Mod{name='VoidMod', version='1.0+089d877', persistent=false, delegate=dev.a.a.a, modState=LOADED}
java.lang.NullPointerException
[17:37:33] [Client thread/ERROR] Error on handle event #liPuq in Mod{name='VoidMod', version='1.0+089d877', persistent=false, delegate=dev.a.a.a, modState=LOADED}
java.lang.NullPointerException
[17:37:33] [Client thread/ERROR] Error on handle event #liPuq in Mod{name='VoidMod', version='1.0+089d877', persistent=false, delegate=dev.a.a.a, modState=LOADED}
java.lang.NullPointerException
[17:37:34] [Client thread/ERROR] Error on handle event #liPuq in Mod{name='VoidMod', version='1.0+089d877', persistent=false, delegate=dev.a.a.a, modState=LOADED}
java.lang.NullPointerException
[17:37:34] [Client thread/ERROR] Error on handle event #liPuq in Mod{name='VoidMod', version='1.0+089d877', persistent=false, delegate=dev.a.a.a, modState=LOADED}
java.lang.NullPointerException
[17:37:34] [Client thread/ERROR] Error on handle event #liPuq in Mod{name='VoidMod', version='1.0+089d877', persistent=false, delegate=dev.a.a.a, modState=LOADED}
java.lang.NullPointerException
[17:37:34] [Client thread/ERROR] Error on handle event #liPuq in Mod{name='VoidMod', version='1.0+089d877', persistent=false, delegate=dev.a.a.a, modState=LOADED}
java.lang.NullPointerException
[17:37:35] [Client thread/ERROR] Error on handle event #liPuq in Mod{name='VoidMod', version='1.0+089d877', persistent=false, delegate=dev.a.a.a, modState=LOADED}
java.lang.NullPointerException
[17:37:35] [Client thread/ERROR] Error on handle event #liPuq in Mod{name='VoidMod', version='1.0+089d877', persistent=false, delegate=dev.a.a.a, modState=LOADED}
java.lang.NullPointerException
[17:37:35] [Client thread/ERROR] Error on handle event #liPuq in Mod{name='VoidMod', version='1.0+089d877', persistent=false, delegate=dev.a.a.a, modState=LOADED}
java.lang.NullPointerException
[17:37:35] [Client thread/ERROR] Error on handle event #liPuq in Mod{name='VoidMod', version='1.0+089d877', persistent=false, delegate=dev.a.a.a, modState=LOADED}
java.lang.NullPointerException
[17:37:35] [Client thread/ERROR] Error on handle event #liPuq in Mod{name='VoidMod', version='1.0+089d877', persistent=false, delegate=dev.a.a.a, modState=LOADED}
java.lang.NullPointerException
[17:37:36] [Client thread/ERROR] Error on handle event #liPuq in Mod{name='VoidMod', version='1.0+089d877', persistent=false, delegate=dev.a.a.a, modState=LOADED}
java.lang.NullPointerException
[17:37:36] [Client thread/ERROR] Error on handle event #liPuq in Mod{name='VoidMod', version='1.0+089d877', persistent=false, delegate=dev.a.a.a, modState=LOADED}
java.lang.NullPointerException
[17:37:38] [Client thread/INFO] [CHAT] Потеряно 200 звезд
[17:37:38] [Client thread/INFO] [CHAT] Tveiv получил Куб неуязвимости
[17:37:39] [Client thread/INFO] [CHAT] Потеряно 200 звезд
[17:37:39] [Client thread/INFO] [CHAT] Tveiv получил Бонус здоровья
[17:37:40] [Client thread/INFO] [CHAT] Потеряно 200 звезд
[17:37:40] [Client thread/INFO] [CHAT] Tveiv получил Бонус маны
[17:37:42] [Client thread/INFO] [CHAT] [19] V ┃ s1lent2 » напиши мне в лс
[17:37:59] [Client thread/INFO] [CHAT] Получено 5 звезд
[17:37:59] [Client thread/INFO] [CHAT] Получено 5 звезд
[17:37:59] [Client thread/INFO] [CHAT] Вам выпал Обугленный череп x1
[17:38:01] [Client thread/INFO] [CHAT] Получено 5 звезд
[17:38:02] [Client thread/INFO] [CHAT] Получено 5 звезд
[17:38:02] [Client thread/INFO] [CHAT] Получено 7 звезд
[17:38:04] [Client thread/INFO] [CHAT] Получено 6 звезд
[17:38:04] [Client thread/INFO] [CHAT] Вам выпал Обугленный череп x1
[17:38:05] [Client thread/INFO] [CHAT] Получено 5 звезд
[17:38:05] [Client thread/INFO] [CHAT] Получено 14 звезд
[17:38:07] [Client thread/INFO] [CHAT] Tveiv получил Спарагмос
[17:38:12] [Client thread/INFO] [CHAT] Получено 5 звезд
[17:38:12] [Client thread/INFO] [CHAT] Вам выпал Изумруд x1
[17:38:13] [Client thread/INFO] [CHAT] Получено 5 звезд
[17:38:18] [Client thread/INFO] [CHAT] Получено 5 звезд
[17:38:18] [Client thread/INFO] [CHAT] Вам выпал Изумруд x1
[17:38:25] [Client thread/INFO] [CHAT] Получено 5 звезд
[17:38:25] [Client thread/INFO] [CHAT] Вам выпал Обугленный череп x1
[17:38:29] [Client thread/INFO] [CHAT] Получено 6 звезд
[17:38:35] [Client thread/INFO] [CHAT] Получено 5 звезд
[17:38:35] [Client thread/INFO] [CHAT] Вам выпал Изумруд x2
[17:38:42] [Client thread/INFO] [CHAT] Получено 5 звезд
[17:38:45] [Client thread/INFO] [CHAT] Получено 5 звезд
[17:38:49] [Client thread/INFO] [CHAT] Получено 5 звезд
[17:38:54] [Client thread/INFO] [CHAT] Получено 5 звезд
[17:38:59] [Client thread/INFO] [CHAT] Получено 6 звезд
[17:39:03] [Client thread/INFO] [CHAT] Получено 5 звезд
[17:39:06] [Client thread/INFO] [CHAT] Получено 5 звезд
[17:39:09] [Client thread/INFO] [CHAT] Получено 5 звезд
[17:39:09] [Client thread/INFO] [CHAT] Вам выпал Обугленный череп x1
[17:39:14] [Client thread/INFO] [CHAT] Получено 5 звезд
[17:39:17] [Client thread/INFO] [CHAT] Получено 5 звезд
[17:39:21] [Client thread/INFO] [CHAT] Получено 5 звезд
[17:39:21] [Client thread/INFO] [CHAT] Вам выпал Изумруд x2
[17:39:21] [Client thread/INFO] [CHAT] Вам выпал Серебряная звезда зачарования x1
[17:39:28] [Client thread/INFO] [CHAT] Получено 7 звезд
[17:39:31] [Client thread/INFO] [CHAT] Получено 5 звезд
[17:39:36] [Client thread/INFO] [CHAT] Получено 5 звезд
[17:39:41] [Client thread/INFO] [CHAT] Получено 7 звезд
[17:39:41] [Client thread/INFO] [CHAT] Вам выпал Благословенная серебряная звезда зачарования x1
[17:39:41] [Client thread/INFO] [CHAT] Вам выпал Осколок фантазии Этоля x1
[17:39:45] [Client thread/INFO] [CHAT] Получено 5 звезд
[17:39:58] [Client thread/INFO] [CHAT] [30] RPG_HouS » я не могу веши передавать
[17:40:15] [Client thread/INFO] [CHAT] Получено 5 звезд
[17:40:15] [Client thread/INFO] [CHAT] Вам выпал Изумруд x1
[17:40:16] [Client thread/INFO] [CHAT] [15] MG_fertik » а как ты стал таким сильным
[17:40:19] [Client thread/INFO] [CHAT] Получено 5 звезд
[17:40:22] [Client thread/INFO] [CHAT] [30] RPG_HouS » просто играл
[17:40:25] [Client thread/INFO] [CHAT] Получено 5 звезд
[17:40:25] [Client thread/INFO] [CHAT] Вам выпал Изумруд x2
[17:40:25] [Client thread/INFO] [CHAT] Что-то произошло. 1/4
[17:40:27] [Client thread/INFO] [CHAT] [15] MG_fertik » понял
[17:40:30] [Client thread/INFO] [CHAT] Вы стали стеклянным! Вы умрете, если получите урон 10 раз
[17:40:38] [Client thread/INFO] [CHAT] Дверь в комнату управления открыта.
[17:40:42] [Client thread/INFO] [CHAT] Получено 5 звезд
[17:40:46] [Client thread/INFO] [CHAT] Получено 5 звезд
[17:40:46] [Client thread/INFO] [CHAT] Вам выпал Изумруд x2
[17:40:46] [Client thread/INFO] [CHAT] Вам выпал Осколок фантазии Этоля x1
[17:40:48] [Client thread/INFO] [CHAT] Получено 5 звезд
[17:40:50] [Client thread/INFO] [CHAT] [30] RPG_HouS » найди типоф которие первую подземку могут проходить и сними играй там
[17:40:53] [Client thread/INFO] [CHAT] Получено 5 звезд
[17:40:53] [Client thread/INFO] [CHAT] Вам выпал Осколок фантазии Этоля x1
[17:40:57] [Client thread/INFO] [CHAT] Получено 6 звезд
[17:40:58] [Client thread/INFO] [CHAT] [30] RPG_HouS » потом покупаеш фантазии
[17:41:01] [Client thread/INFO] [CHAT] Получено 5 звезд
[17:41:01] [Client thread/INFO] [CHAT] Вам выпал Изумруд x2
[17:41:02] [Client thread/INFO] [CHAT] [15] MG_fertik » ну я с братом прохожу
[17:41:05] [Client thread/INFO] [CHAT] Получено 5 звезд
[17:41:07] [Client thread/INFO] [CHAT] [30] RPG_HouS » аа
[17:41:08] [Client thread/INFO] [CHAT] Получено 5 звезд
[17:41:11] [Client thread/INFO] [CHAT] \n  MEDIA ┃ fujihiro запустил стрим!\n  Платформа: Twitch\n  Напишите /media для проcмотра активных трансляций\n 
[17:41:13] [Client thread/INFO] [CHAT] Получено 5 звезд
[17:41:13] [Client thread/INFO] [CHAT] Вам выпал Изумруд x2
[17:41:14] [Client thread/INFO] [CHAT] Получено 5 звезд
[17:41:18] [Client thread/INFO] [CHAT] Получено 5 звезд
[17:41:20] [Client thread/INFO] [CHAT] [30] RPG_HouS » еслибы я могу передовать я был вам бонус
[17:41:29] [Client thread/INFO] [CHAT] Получено 5 звезд
[17:41:29] [Client thread/INFO] [CHAT] Вам выпал Изумруд x1
[17:41:29] [Client thread/INFO] [CHAT] Получено 5 звезд
[17:41:36] [Client thread/INFO] [CHAT] Получено 6 звезд
[17:41:36] [Client thread/INFO] [CHAT] Вам выпал Обугленный череп x1
[17:41:43] [Client thread/INFO] [CHAT] Получено 5 звезд
[17:41:43] [Client thread/INFO] [CHAT] Вам выпал Изумруд x2
[17:41:43] [Client thread/INFO] [CHAT] Вам выпал Серебряная звезда зачарования x1
[17:41:43] [Client thread/INFO] [CHAT] Получено 5 звезд
[17:41:43] [Client thread/INFO] [CHAT] Вам выпал Обугленный череп x1
[17:41:48] [Client thread/INFO] [CHAT] Получено 5 звезд
[17:41:48] [Client thread/INFO] [CHAT] Вам выпал Обугленный череп x1
[17:41:52] [Client thread/INFO] [CHAT] Получено 5 звезд
[17:41:52] [Client thread/INFO] [CHAT] Вам выпал Изумруд x1
[17:42:05] [Client thread/INFO] [CHAT] Получено 5 звезд
[17:42:05] [Client thread/INFO] [CHAT] Вам выпал Серебряная звезда зачарования x1
[17:42:05] [Client thread/INFO] [CHAT] Получено 5 звезд
[17:42:07] [Client thread/INFO] [CHAT] Получено 5 звезд
[17:42:13] [Client thread/INFO] [CHAT] Получено 5 звезд
[17:42:23] [Client thread/INFO] [CHAT] Получено 5 звезд
[17:42:23] [Client thread/INFO] [CHAT] Вам выпал Изумруд x1
[17:42:23] [Client thread/INFO] [CHAT] Получено 5 звезд
[17:42:23] [Client thread/INFO] [CHAT] Вам выпал Обугленный череп x1
[17:42:39] [Client thread/INFO] [CHAT] [30] V ┃ Paranoiid » tvf
[17:42:41] [Client thread/INFO] [CHAT] [30] V ┃ Paranoiid » ема
[17:42:59] [Client thread/INFO] [CHAT] Получено 5 звезд
[17:43:14] [Client thread/INFO] [CHAT] Проход в крепость закрыт. Теперь Вы в безопасности.
[17:43:25] [Client thread/INFO] [CHAT] Потеряно 200 звезд
[17:43:25] [Client thread/INFO] [CHAT] Tveiv получил Воронка проклятий
[17:43:32] [Client thread/INFO] [CHAT] Получено 5 звезд
[17:43:41] [Client thread/INFO] [CHAT] Получено 5 звезд
[17:43:41] [Client thread/INFO] [CHAT] Получено 5 звезд
[17:44:05] [Client thread/INFO] [CHAT] Наследница Бедствия: Вы явились в самый разгар событий. Перед нашей битвой, давайте хотя бы представимся. Я - Мальфиса Флеу, единственная достойная Наследница Бедствия.
[17:44:13] [Client thread/INFO] [CHAT] Наследница Бедствия: Разрушение.
[17:44:21] [Client thread/INFO] [CHAT] Наследница Бедствия: Кажется, дышать становится все тяжелее..
[17:44:33] [Client thread/INFO] [CHAT] Наследница Бедствия: Разрушение.
[17:44:41] [Client thread/INFO] [CHAT] Наследница Бедствия: Кажется, дышать становится все тяжелее..
[17:44:51] [Client thread/INFO] [CHAT] Tveiv погиб! Осталось 0 возрождений
[17:45:03] [Client thread/INFO] [CHAT] Наследница Бедствия: Кажется, дышать становится все тяжелее..
[17:45:04] [Client thread/INFO] [CHAT] Меч Катастрофы задел Расиму. Это конец.
[17:45:37] [Client thread/INFO] [CHAT] [30] Treefrei66 » падаю
[17:48:21] [Client thread/INFO] [CHAT] Tveiv получил Собиратель мусора
[17:48:32] [Client thread/INFO] [CHAT] Получено 46 звезд
[17:48:32] [Client thread/INFO] [CHAT] Урон игрока Tveiv: 6462
[17:48:34] [Client thread/INFO] [CHAT] Tveiv получил Пожиратель энергии
[17:48:35] [Client thread/INFO] [CHAT] Вы находите лестницу отчаяния. Каждый, кто рискнёт ступить на неё, обречён на невероятные мучения. Но кто знает, что хранит вершина?
[17:48:38] [Client thread/INFO] [CHAT] Вы убегаете прочь от лестницы со всех ног, Ваша жизнь того не стоит. Её тайна теперь закрыта навсегда.
[17:48:57] [Client thread/INFO] [CHAT] [1] The_Mimik » ее
[17:49:05] [Client thread/INFO] [CHAT] Получено 38 звезд
[17:49:05] [Client thread/INFO] [CHAT] Урон игрока Tveiv: 11929
[17:49:07] [Client thread/INFO] [CHAT] Tveiv получил Стеклянная кукла
[17:49:11] [Client thread/INFO] [CHAT] Потеряно 51 звезд
[17:49:11] [Client thread/INFO] [CHAT] Tveiv получил Воронка проклятий
[17:49:25] [Client thread/INFO] [CHAT] [30] Treefrei66 » [Осколок Луны]
[17:49:28] [Client thread/INFO] [CHAT] Получено 44 звезд
[17:49:28] [Client thread/INFO] [CHAT] Урон игрока Tveiv: 7282
[17:49:29] [Client thread/INFO] [CHAT] Tveiv получил Дурак
[17:49:31] [Client thread/INFO] [CHAT] [30] D ┃ AndreWiking » [Лук из волчьих костей ⚝ +2]
[17:49:31] [Client thread/INFO] [CHAT] Солнечная армия вторглась в Ваш мир!
[17:49:34] [Client thread/INFO] [CHAT] [30] D ┃ AndreWiking » имба?
[17:49:36] [Client thread/INFO] [CHAT] [30] Treefrei66 » о емаа
[17:49:41] [Client thread/INFO] [CHAT] [16] _Demon_Rasta_ » кто возьмет в команду?
[17:49:43] [Client thread/INFO] [CHAT] Tveiv получил Бонус здоровья
[17:49:43] [Client thread/INFO] [CHAT] Tveiv получил Бонус урона
[17:49:51] [Client thread/INFO] [CHAT] Получено 47 звезд
[17:49:51] [Client thread/INFO] [CHAT] Урон игрока Tveiv: 8050
[17:49:52] [Client thread/INFO] [CHAT] Tveiv получил Губка
[17:49:52] [Client thread/INFO] [CHAT] [19] V ┃ s1lent2 » погна
[17:49:53] [Client thread/INFO] [CHAT] Tveiv получил Непобеждаемая слот-машина
[17:49:55] [Client thread/INFO] [CHAT] [12] seny645490 » парни а кто из больших уровней может дать че нибудь не нужное
[17:49:58] [Client thread/INFO] [CHAT] [30] D ┃ AndreWiking » лук норм?
[17:50:04] [Client thread/INFO] [CHAT] [30] V ┃ Paranoiid » хз
[17:50:07] [Client thread/INFO] [CHAT] [12] seny645490 » парни а кто из больших уровней может дать че нибудь не нужное /gift seny645490
[17:50:12] [Client thread/INFO] [CHAT] Получено 42 звезд
[17:50:12] [Client thread/INFO] [CHAT] Урон игрока Tveiv: 12926
[17:50:14] [Client thread/INFO] [CHAT] Tveiv получил Башня яркой Луны
[17:50:19] [Client thread/INFO] [CHAT] [30] V ┃ Paranoiid » Так не робит друг)
[17:50:27] [Client thread/INFO] [CHAT] [19] V ┃ s1lent2 » пздц а сами нет?
[17:50:29] [Client thread/INFO] [CHAT] [12] seny645490 » jalka
[17:50:42] [Client thread/INFO] [CHAT] [30] D ┃ AndreWiking » [Богохульство ☠ +6]
[17:50:48] [Client thread/INFO] [CHAT] [1] The_Mimik » ы
[17:50:51] [Client thread/INFO] [CHAT] [30] D ┃ AndreWiking » когда нибудь он будет +8
[17:50:58] [Client thread/INFO] [CHAT] Получено 37 звезд
[17:50:58] [Client thread/INFO] [CHAT] Урон игрока Tveiv: 39028
[17:50:59] [Client thread/INFO] [CHAT] Tveiv получил Взгляд Расимы
[17:51:03] [Client thread/INFO] [CHAT] [19] V ┃ s1lent2 » rnj bltn
[17:51:06] [Client thread/INFO] [CHAT] [19] V ┃ s1lent2 » кто со мной?
[17:51:23] [Client thread/INFO] [CHAT] [16] _Demon_Rasta_ » кто возьмет в команду?
[17:51:33] [Client thread/INFO] [CHAT] Получено 47 звезд
[17:51:33] [Client thread/INFO] [CHAT] Урон игрока Tveiv: 14279
[17:51:34] [Client thread/INFO] [CHAT] Tveiv получил Небытие
[17:51:37] [Client thread/INFO] [CHAT] [19] V ┃ s1lent2 » пошли
[17:51:45] [Client thread/INFO] [CHAT] [30] V ┃ Paranoiid » Давайте быстро проходить это
[17:51:46] [Client thread/INFO] [CHAT] Получено 45 звезд
[17:51:46] [Client thread/INFO] [CHAT] Урон игрока Tveiv: 9933
[17:51:47] [Client thread/INFO] [CHAT] Tveiv получил Сетка для ловли звёзд
[17:52:09] [Client thread/INFO] [CHAT] Получено 61 звезд
[17:52:09] [Client thread/INFO] [CHAT] Урон игрока Tveiv: 18236
[17:52:11] [Client thread/INFO] [CHAT] Tveiv получил Игла ярости
[17:52:13] [Client thread/INFO] [CHAT] Tveiv получил Унижение
[17:52:19] [Client thread/INFO] [CHAT] Потеряно 54 звезд
[17:52:19] [Client thread/INFO] [CHAT] Получено 22 звезд
[17:52:19] [Client thread/INFO] [CHAT] Tveiv получил Компас заклинателя
[17:52:21] [Client thread/INFO] [CHAT] Потеряно 54 звезд
[17:52:21] [Client thread/INFO] [CHAT] Получено 22 звезд
[17:52:21] [Client thread/INFO] [CHAT] Tveiv получил Зеркальный
[17:52:22] [Client thread/INFO] [CHAT] Потеряно 54 звезд
[17:52:22] [Client thread/INFO] [CHAT] Получено 22 звезд
[17:52:22] [Client thread/INFO] [CHAT] Tveiv получил Рыба, убивающая Победителей
[17:52:23] [Client thread/INFO] [CHAT] Потеряно 54 звезд
[17:52:23] [Client thread/INFO] [CHAT] Получено 22 звезд
[17:52:23] [Client thread/INFO] [CHAT] Tveiv получил Расшифровщик Валотайла
[17:52:24] [Client thread/INFO] [CHAT] Потеряно 54 звезд
[17:52:24] [Client thread/INFO] [CHAT] Получено 22 звезд
[17:52:24] [Client thread/INFO] [CHAT] Tveiv получил Возвышение на Юпитер
[17:52:25] [Client thread/INFO] [CHAT] Потеряно 54 звезд
[17:52:25] [Client thread/INFO] [CHAT] Получено 22 звезд
[17:52:25] [Client thread/INFO] [CHAT] Tveiv получил Ключ к Победе
[17:52:27] [Client thread/INFO] [CHAT] Потеряно 54 звезд
[17:52:27] [Client thread/INFO] [CHAT] Получено 22 звезд
[17:52:27] [Client thread/INFO] [CHAT] Tveiv получил Сетка для ловли звёзд
[17:52:29] [Client thread/INFO] [CHAT] Солнечная армия вторглась в Ваш мир!
[17:52:32] [Client thread/INFO] [CHAT] Цель уклонилась от атаки на 41%
[17:52:34] [Client thread/INFO] [CHAT] Цель уклонилась от атаки на 29%
[17:52:39] [Client thread/INFO] [CHAT] Tveiv получил Бонус здоровья
[17:52:39] [Client thread/INFO] [CHAT] Tveiv получил Бонус урона
[17:52:42] [Client thread/INFO] [CHAT] Цель уклонилась от атаки на 39%
[17:52:43] [Client thread/INFO] [CHAT] Цель уклонилась от атаки на 44%
[17:52:44] [Client thread/INFO] [CHAT] Цель уклонилась от атаки на 36%
[17:52:48] [Client thread/INFO] [CHAT] Получено 82 звезд
[17:52:48] [Client thread/INFO] [CHAT] Урон игрока Tveiv: 21041
[17:52:50] [Client thread/INFO] [CHAT] Tveiv получил Паранойя Победителя
[17:52:51] [Client thread/INFO] [CHAT] Ведьмы появляются в комнате и медленно окружают Вас.
[17:52:52] [Client thread/INFO] [CHAT] Ведьма: Уважаемый Странник Тьмы, поделитесь с нами вашей силой.
[17:52:56] [Client thread/INFO] [CHAT] [28] MVP ┃ Petro1234 » [Карта созвездий]
[17:53:05] [Client thread/INFO] [CHAT] Цель уклонилась от атаки на 40%
[17:53:06] [Client thread/INFO] [CHAT] Получено 81 звезд
[17:53:06] [Client thread/INFO] [CHAT] Урон игрока Tveiv: 11631
[17:53:08] [Client thread/INFO] [CHAT] Tveiv получил Бонус маны
[17:53:19] [Client thread/INFO] [CHAT] Потеряно 55 звезд
[17:53:19] [Client thread/INFO] [CHAT] Получено 28 звезд
[17:53:19] [Client thread/INFO] [CHAT] Tveiv получил Двигайся, как камень
[17:53:20] [Client thread/INFO] [CHAT] [30] V ┃ Paranoiid » [Карта созвездий]
[17:53:20] [Client thread/INFO] [CHAT] Потеряно 55 звезд
[17:53:20] [Client thread/INFO] [CHAT] Получено 28 звезд
[17:53:20] [Client thread/INFO] [CHAT] Tveiv получил Дверь во тьму
[17:53:21] [Client thread/INFO] [CHAT] [30] V ┃ Paranoiid » [Карта созвездий]
[17:53:26] [Client thread/INFO] [CHAT] Цель уклонилась от атаки на 29%
[17:53:30] [Client thread/INFO] [CHAT] Цель уклонилась от атаки на 42%
[17:53:38] [Client thread/INFO] [CHAT] Цель уклонилась от атаки на 40%
[17:53:45] [Client thread/INFO] [CHAT] Цель уклонилась от атаки на 40%
[17:53:48] [Client thread/INFO] [CHAT] Цель уклонилась от атаки на 37%
[17:53:49] [Client thread/INFO] [CHAT] Цель уклонилась от атаки на 42%
[17:53:49] [Client thread/INFO] [CHAT] Получено 68 звезд
[17:53:50] [Client thread/INFO] [CHAT] Урон игрока Tveiv: 30373
[17:53:51] [Client thread/INFO] [CHAT] Tveiv получил Черная карта
[17:54:08] [Client thread/INFO] [CHAT] Потеряно 64 звезд
[17:54:08] [Client thread/INFO] [CHAT] Потеряно 6 звезд
[17:54:08] [Client thread/INFO] [CHAT] Tveiv получил Бонус урона
[17:54:08] [Client thread/INFO] [CHAT] Tveiv получил Бонус уклонения
[17:54:08] [Client thread/INFO] [CHAT] Tveiv получил Ничего
[17:54:13] [Client thread/INFO] [CHAT] Потеряно 56 звезд
[17:54:13] [Client thread/INFO] [CHAT] Получено 28 звезд
[17:54:13] [Client thread/INFO] [CHAT] Tveiv получил Зеркальный
[17:54:14] [Client thread/INFO] [CHAT] Потеряно 56 звезд
[17:54:14] [Client thread/INFO] [CHAT] Получено 28 звезд
[17:54:14] [Client thread/INFO] [CHAT] Tveiv получил Маноед
[17:54:15] [Client thread/INFO] [CHAT] Потеряно 56 звезд
[17:54:15] [Client thread/INFO] [CHAT] Получено 28 звезд
[17:54:15] [Client thread/INFO] [CHAT] Tveiv получил Дверь во тьму
[17:54:18] [Client thread/INFO] [CHAT] Потеряно 56 звезд
[17:54:18] [Client thread/INFO] [CHAT] Получено 28 звезд
[17:54:18] [Client thread/INFO] [CHAT] Tveiv получил Расшифровщик Валотайла
[17:54:18] [Client thread/INFO] [CHAT] Потеряно 56 звезд
[17:54:18] [Client thread/INFO] [CHAT] Получено 28 звезд
[17:54:18] [Client thread/INFO] [CHAT] Tveiv получил Переработанные часы
[17:54:20] [Client thread/INFO] [CHAT] Потеряно 56 звезд
[17:54:20] [Client thread/INFO] [CHAT] Получено 32 звезд
[17:54:20] [Client thread/INFO] [CHAT] Tveiv получил Кровопролитие
[17:54:21] [Client thread/INFO] [CHAT] Потеряно 56 звезд
[17:54:21] [Client thread/INFO] [CHAT] Получено 32 звезд
[17:54:21] [Client thread/INFO] [CHAT] Tveiv получил Возвышение на Юпитер
[17:54:23] [Client thread/INFO] [CHAT] Последователи Бедствия появляются в комнате.
[17:54:24] [Client thread/INFO] [CHAT] Наследница Бедствия: Странник Тьмы, ты же направляешься к Расиме?
[17:54:25] [Client thread/INFO] [CHAT] Наследница Бедствия: Мы можем помочь друг-другу.
[17:54:25] [Client thread/INFO] [CHAT] [19] V ┃ s1lent2 » стой
[17:54:27] [Client thread/INFO] [CHAT] Наследница Бедствия: В битве с Расимой, мы будем на твоей стороне. Согласен?
[17:54:28] [Client thread/INFO] [CHAT] Наследница Бедствия: Ты ещё пожалеешь об этом.
[17:54:31] [Client thread/INFO] [CHAT] Цель уклонилась от атаки на 41%
[17:54:37] [Client thread/INFO] [CHAT] [30] V+ ┃ CherryBomBom » а в чем обнова состояла
[17:54:38] [Client thread/INFO] [CHAT] Вы уклонились на 30%
[17:54:38] [Client thread/INFO] [CHAT] Цель уклонилась от атаки на 42%
[17:54:38] [Client thread/INFO] [CHAT] Получено 90 звезд
[17:54:38] [Client thread/INFO] [CHAT] Урон игрока Tveiv: 12029
[17:54:43] [Client thread/INFO] [CHAT] Tveiv получил Непоколебимость Победителя x2
[17:54:52] [Client thread/INFO] [CHAT] Потеряно 66 звезд
[17:54:52] [Client thread/INFO] [CHAT] Потеряно 6 звезд
[17:54:52] [Client thread/INFO] [CHAT] Tveiv получил Бонус урона
[17:54:52] [Client thread/INFO] [CHAT] Tveiv получил Бонус уклонения
[17:54:52] [Client thread/INFO] [CHAT] Tveiv получил Ничего
[17:54:53] [Client thread/INFO] [CHAT] [19] V ┃ s1lent2 » как передать
[17:54:54] [Client thread/INFO] [CHAT] Цель уклонилась от атаки на 36%
[17:54:55] [Client thread/INFO] [CHAT] Цель уклонилась от атаки на 40%
[17:54:59] [Client thread/INFO] [CHAT] Tveiv получил Бонус урона x2
[17:55:01] [Client thread/INFO] [CHAT] Вампиризм сброшен!
[17:55:03] [Client thread/INFO] [CHAT] [19] V ┃ s1lent2 » лан потом
[17:55:03] [Client thread/INFO] [CHAT] Цель уклонилась от атаки на 42%
[17:55:04] [Client thread/INFO] [CHAT] Получено 90 звезд
[17:55:04] [Client thread/INFO] [CHAT] Урон игрока Tveiv: 14767
[17:55:07] [Client thread/INFO] [CHAT] Tveiv получил Атомный комар x2
[17:55:07] [Client thread/INFO] [CHAT] Tveiv получил Бонус скорости x4
[17:55:07] [Client thread/INFO] [CHAT] Tveiv получил Воронка проклятий x2
[17:55:09] [Client thread/INFO] [CHAT] [16] _Demon_Rasta_ » вроде командой /give
[17:55:10] [Client thread/INFO] [CHAT] Tveiv получил Эхо Волшебства x2
[17:55:10] [Client thread/INFO] [CHAT] Tveiv получил Кровопролитие x2
[17:55:10] [Client thread/INFO] [CHAT] Tveiv получил Компас заклинателя x2
[17:55:15] [Client thread/INFO] [CHAT] [30] D ┃ AndreWiking » ой
[17:55:23] [Client thread/INFO] [CHAT] Вы уклонились на 50%
[17:55:23] [Client thread/INFO] [CHAT] Вы уклонились на 30%
[17:55:23] [Client thread/INFO] [CHAT] Вы уклонились на 43%
[17:55:25] [Client thread/INFO] [CHAT] Вы уклонились на 50%
[17:55:26] [Client thread/INFO] [CHAT] Цель уклонилась от атаки на 29%
[17:55:29] [Client thread/INFO] [CHAT] Вы уклонились на 40%
[17:55:31] [Client thread/INFO] [CHAT] Вы уклонились на 50%
[17:55:33] [Client thread/INFO] [CHAT] Вы уклонились на 33%
[17:55:35] [Client thread/INFO] [CHAT] [30] RPG_HouS » ! у меня тут бро проходит в соло
[17:55:36] [Client thread/INFO] [CHAT] Получено 84 звезд
[17:55:36] [Client thread/INFO] [CHAT] Урон игрока Tveiv: 19352
[17:55:37] [Client thread/INFO] [CHAT] Tveiv получил Куб неуязвимости
[17:55:41] [Client thread/INFO] [CHAT] Потеряно 70 звезд
[17:55:41] [Client thread/INFO] [CHAT] Потеряно 7 звезд
[17:55:41] [Client thread/INFO] [CHAT] Tveiv получил Бонус урона
[17:55:41] [Client thread/INFO] [CHAT] Tveiv получил Бонус уклонения
[17:55:41] [Client thread/INFO] [CHAT] Tveiv получил Ничего
[17:55:41] [Client thread/INFO] [CHAT] [30] V+ ┃ CherryBomBom » Кто в жужжащую херню пойдет?
[17:55:46] [Client thread/INFO] [CHAT] Потеряно 57 звезд
[17:55:46] [Client thread/INFO] [CHAT] Получено 34 звезд
[17:55:46] [Client thread/INFO] [CHAT] Tveiv получил Воронка проклятий
[17:55:47] [Client thread/INFO] [CHAT] Потеряно 57 звезд
[17:55:47] [Client thread/INFO] [CHAT] Получено 34 звезд
[17:55:47] [Client thread/INFO] [CHAT] Tveiv получил Бонус маны x2
[17:55:47] [Client thread/INFO] [CHAT] [16] _Demon_Rasta_ » что просить?
[17:55:48] [Client thread/INFO] [CHAT] Потеряно 57 звезд
[17:55:48] [Client thread/INFO] [CHAT] Получено 34 звезд
[17:55:48] [Client thread/INFO] [CHAT] Tveiv получил Двигайся, как камень
[17:55:49] [Client thread/INFO] [CHAT] Потеряно 57 звезд
[17:55:49] [Client thread/INFO] [CHAT] Получено 34 звезд
[17:55:49] [Client thread/INFO] [CHAT] Tveiv получил Дверь во тьму
[17:55:52] [Client thread/INFO] [CHAT] На горизонте маячат гигантские, черные прямоугольники.
[17:55:52] [Client thread/INFO] [CHAT] Вы не можете понять, это чьи-то дома, или же пред вами немыслимые, космические создания.
[17:55:52] [Client thread/FATAL] Error executing task
java.util.concurrent.ExecutionException: java.lang.IllegalArgumentException: URI is not absolute
	at java.base/java.util.concurrent.FutureTask.report(Unknown Source)
	at java.base/java.util.concurrent.FutureTask.get(Unknown Source)
	at #wFFZg.sa(SourceFile:46)
	at #mPGeI.b(SourceFile:52)
	at #QQxhM.sk(SourceFile:1466)
	at #lVFyp.st(SourceFile:1632)
	at #cYnba.sk(SourceFile:487)
	at net.minecraft.client.main.GameMain.a(SourceFile:220)
	at net.minecraft.client.main.GameMain.a(SourceFile:156)
	at #kBJWf.a(Unknown Source)
	at #kBJWf.run(Unknown Source)
	at java.base/java.lang.Thread.run(Unknown Source)
Caused by: java.lang.IllegalArgumentException: URI is not absolute
	at java.base/java.net.URL.of(Unknown Source)
	at #QKiRG.sa(SourceFile:250)
	at #gIFKC.sa(SourceFile:204)
	at !#CoIEI.sa(SourceFile:508)
	at #TBzUk.a(Unknown Source)
	at #TBzUk.run(Unknown Source)
	at java.base/java.util.concurrent.Executors$RunnableAdapter.call(Unknown Source)
	at java.base/java.util.concurrent.FutureTask.run(Unknown Source)
	at #wFFZg.sa(SourceFile:45)
	... 9 more
[17:55:52] [Client thread/INFO] [CHAT] [16] _Demon_Rasta_ » теневой?
[17:55:52] [Client thread/FATAL] Error executing task
java.util.concurrent.ExecutionException: java.lang.IllegalArgumentException: URI is not absolute
	at java.base/java.util.concurrent.FutureTask.report(Unknown Source)
	at java.base/java.util.concurrent.FutureTask.get(Unknown Source)
	at #wFFZg.sa(SourceFile:46)
	at #mPGeI.b(SourceFile:52)
	at #QQxhM.sk(SourceFile:1466)
	at #lVFyp.st(SourceFile:1632)
	at #cYnba.sk(SourceFile:487)
	at net.minecraft.client.main.GameMain.a(SourceFile:220)
	at net.minecraft.client.main.GameMain.a(SourceFile:156)
	at #kBJWf.a(Unknown Source)
	at #kBJWf.run(Unknown Source)
	at java.base/java.lang.Thread.run(Unknown Source)
Caused by: java.lang.IllegalArgumentException: URI is not absolute
	at java.base/java.net.URL.of(Unknown Source)
	at #QKiRG.sa(SourceFile:250)
	at #gIFKC.sa(SourceFile:204)
	at !#CoIEI.sa(SourceFile:508)
	at #TBzUk.a(Unknown Source)
	at #TBzUk.run(Unknown Source)
	at java.base/java.util.concurrent.Executors$RunnableAdapter.call(Unknown Source)
	at java.base/java.util.concurrent.FutureTask.run(Unknown Source)
	at #wFFZg.sa(SourceFile:45)
	... 9 more
[17:55:52] [Client thread/FATAL] Error executing task
java.util.concurrent.ExecutionException: java.lang.IllegalArgumentException: URI is not absolute
	at java.base/java.util.concurrent.FutureTask.report(Unknown Source)
	at java.base/java.util.concurrent.FutureTask.get(Unknown Source)
	at #wFFZg.sa(SourceFile:46)
	at #mPGeI.b(SourceFile:52)
	at #QQxhM.sk(SourceFile:1466)
	at #lVFyp.st(SourceFile:1632)
	at #cYnba.sk(SourceFile:487)
	at net.minecraft.client.main.GameMain.a(SourceFile:220)
	at net.minecraft.client.main.GameMain.a(SourceFile:156)
	at #kBJWf.a(Unknown Source)
	at #kBJWf.run(Unknown Source)
	at java.base/java.lang.Thread.run(Unknown Source)
Caused by: java.lang.IllegalArgumentException: URI is not absolute
	at java.base/java.net.URL.of(Unknown Source)
	at #QKiRG.sa(SourceFile:250)
	at #gIFKC.sa(SourceFile:204)
	at !#CoIEI.sa(SourceFile:508)
	at #TBzUk.a(Unknown Source)
	at #TBzUk.run(Unknown Source)
	at java.base/java.util.concurrent.Executors$RunnableAdapter.call(Unknown Source)
	at java.base/java.util.concurrent.FutureTask.run(Unknown Source)
	at #wFFZg.sa(SourceFile:45)
	... 9 more
[17:55:53] [Client thread/INFO] [CHAT] Прямоугольник: УРнуэЗыЬЛТаеЦюЗ
[17:55:55] [Client thread/INFO] [CHAT] Прямоугольник: иВащгнвсмцАЖ
[17:55:55] [Client thread/INFO] [CHAT] Прямоугольник: ЁХда?юнмбидпе
[17:55:55] [Client thread/INFO] [CHAT] Tveiv потерял Рыба, убивающая Победителей
[17:55:55] [Client thread/INFO] [CHAT] Tveiv потерял Атомный комар x2
[17:55:55] [Client thread/INFO] [CHAT] Tveiv потерял Унижение
[17:55:55] [Client thread/INFO] [CHAT] Tveiv потерял Эхо Волшебства x2
[17:55:55] [Client thread/INFO] [CHAT] Tveiv потерял Непобеждаемая слот-машина
[17:55:55] [Client thread/INFO] [CHAT] Tveiv потерял Паранойя Победителя
[17:55:55] [Client thread/INFO] [CHAT] Tveiv потерял Двигайся, как камень x2
[17:55:56] [Client thread/INFO] [CHAT] [19] V ┃ s1lent2 » раб души
[17:55:58] [Client thread/INFO] [CHAT] Вы уклонились на 27%
[17:55:59] [Client thread/INFO] [CHAT] Цель уклонилась от атаки на 47%
[17:56:00] [Client thread/INFO] [CHAT] Цель уклонилась от атаки на 29%
[17:56:00] [Client thread/INFO] [CHAT] [30] RPG_HouS » ! небытие
[17:56:01] [Client thread/INFO] [CHAT] Цель уклонилась от атаки на 40%
[17:56:01] [Client thread/INFO] [CHAT] Вампиризм сброшен!
[17:56:02] [Client thread/INFO] [CHAT] На Вас наложен Яростный взор, Вы получаете урон, когда смотрите на существ
[17:56:02] [Client thread/INFO] [CHAT] Вы уклонились на 26%
[17:56:03] [Client thread/INFO] [CHAT] Вампиризм сброшен!
[17:56:07] [Client thread/INFO] [CHAT] Цель уклонилась от атаки на 38%
[17:56:22] [Client thread/INFO] [CHAT] Вы уклонились на 37%
[17:56:24] [Client thread/INFO] [CHAT] Получено 76 звезд
[17:56:24] [Client thread/INFO] [CHAT] Урон игрока Tveiv: 46442
[17:56:26] [Client thread/INFO] [CHAT] Tveiv получил Расимафикация x2
[17:56:26] [Client thread/INFO] [CHAT] Tveiv получил Ключ к Победе x2
[17:56:26] [Client thread/INFO] [CHAT] Tveiv получил Острый клинок x2
[17:56:26] [Client thread/INFO] [CHAT] Tveiv получил Черная карта x2
[17:56:31] [Client thread/INFO] [CHAT] [19] V ┃ s1lent2 » забыл
[17:56:36] [Client thread/INFO] [CHAT] [16] _Demon_Rasta_ » тоже
[17:56:36] [Client thread/INFO] [CHAT] Потеряно 58 звезд
[17:56:36] [Client thread/INFO] [CHAT] Получено 34 звезд
[17:56:36] [Client thread/INFO] [CHAT] Tveiv получил Сфера Повелительницы Болезней
[17:56:38] [Client thread/INFO] [CHAT] Потеряно 58 звезд
[17:56:38] [Client thread/INFO] [CHAT] Получено 34 звезд
[17:56:38] [Client thread/INFO] [CHAT] Tveiv получил Спарагмос
[17:56:39] [Client thread/INFO] [CHAT] Потеряно 58 звезд
[17:56:39] [Client thread/INFO] [CHAT] Получено 34 звезд
[17:56:39] [Client thread/INFO] [CHAT] Tveiv получил Аккреционный диск
[17:56:40] [Client thread/INFO] [CHAT] Потеряно 58 звезд
[17:56:40] [Client thread/INFO] [CHAT] Получено 34 звезд
[17:56:40] [Client thread/INFO] [CHAT] Tveiv получил Пениафобия
[17:56:42] [Client thread/INFO] [CHAT] Последователь и его группа ожидают от Вас ответа.
[17:56:45] [Client thread/INFO] [CHAT] Последователь Этоля: Превосходный ответ, мы ожидаем от тебя свершений.
[17:56:45] [Client thread/INFO] [CHAT] Tveiv получил Свинцовый слоник
[17:56:47] [Client thread/INFO] [CHAT] Вы уклонились на 36%
[17:56:48] [Client thread/INFO] [CHAT] Вы уклонились на 28%
[17:56:50] [Client thread/INFO] [CHAT] Цель уклонилась от атаки на 38%
[17:56:50] [Client thread/INFO] [CHAT] На Вас наложен Яростный взор, Вы получаете урон, когда смотрите на существ
[17:56:52] [Client thread/INFO] [CHAT] Цель уклонилась от атаки на 29%
[17:56:53] [Client thread/INFO] [CHAT] Цель уклонилась от атаки на 44%
[17:56:53] [Client thread/INFO] [CHAT] Цель уклонилась от атаки на 32%
[17:56:54] [Client thread/INFO] [CHAT] Вы уклонились на 48%
[17:56:54] [Client thread/INFO] [CHAT] Получено 92 звезд
[17:56:54] [Client thread/INFO] [CHAT] Урон игрока Tveiv: 28039
[17:56:55] [Client thread/INFO] [CHAT] [28] MVP ┃ Petro1234 » [Карта созвездий]
[17:56:56] [Client thread/INFO] [CHAT] Tveiv получил Сплетение теней x4
[17:56:56] [Client thread/INFO] [CHAT] Tveiv получил Бонус урона x8
[17:56:56] [Client thread/INFO] [CHAT] Tveiv получил Ключ к Победе x4
[17:56:56] [Client thread/INFO] [CHAT] Tveiv получил Гений звёзд x4
[17:57:07] [Client thread/INFO] [CHAT] Цель уклонилась от атаки на 38%
[17:57:08] [Client thread/INFO] [CHAT] Вы уклонились на 37%
[17:57:08] [Client thread/INFO] [CHAT] Вы уклонились на 35%
[17:57:12] [Client thread/INFO] [CHAT] Вы уклонились на 26%
[17:57:13] [Client thread/INFO] [CHAT] Вы уклонились на 28%
[17:57:13] [Client thread/INFO] [CHAT] Вампиризм сброшен!
[17:57:14] [Client thread/INFO] [CHAT] Цель уклонилась от атаки на 29%
[17:57:15] [Client thread/INFO] [CHAT] Цель уклонилась от атаки на 29%
[17:57:15] [Client thread/INFO] [CHAT] Цель уклонилась от атаки на 37%
[17:57:21] [Client thread/INFO] [CHAT] Вы уклонились на 44%
[17:57:21] [Client thread/INFO] [CHAT] Получено 84 звезд
[17:57:21] [Client thread/INFO] [CHAT] Урон игрока Tveiv: 55408
[17:57:23] [Client thread/INFO] [CHAT] Tveiv получил Бонус скорости x8
[17:57:31] [Client thread/INFO] [CHAT] Потеряно 76 звезд
[17:57:31] [Client thread/INFO] [CHAT] Потеряно 7 звезд
[17:57:31] [Client thread/INFO] [CHAT] Tveiv получил Бонус урона
[17:57:31] [Client thread/INFO] [CHAT] Tveiv получил Бонус уклонения
[17:57:31] [Client thread/INFO] [CHAT] Tveiv получил Ничего
[17:57:34] [Client thread/INFO] [CHAT] Владелец Колеса Удачных Побед: Подходи, дружище. Новому клиенту мы всегда рады, даже сделаем тебе небольшой подарок. Первая крутка - бесплатно!
[17:57:37] [Client thread/INFO] [CHAT] Цель уклонилась от атаки на 25%
[17:57:40] [Client thread/INFO] [CHAT] Вы уклонились на 46%
[17:57:43] [Client thread/INFO] [CHAT] Цель уклонилась от атаки на 32%
[17:57:43] [Client thread/INFO] [CHAT] Tveiv получил Бонус урона x2
[17:57:43] [Client thread/INFO] [CHAT] Получено 92 звезд
[17:57:43] [Client thread/INFO] [CHAT] Урон игрока Tveiv: 38294
[17:57:45] [Client thread/INFO] [CHAT] Tveiv получил Росток алмазного дерева x4
[17:57:47] [Client thread/INFO] [CHAT] Tveiv получил Мирный сон Бедствия x4
[17:57:47] [Client thread/INFO] [CHAT] Tveiv получил Бонус маны x4
[17:57:47] [Client thread/INFO] [CHAT] Tveiv получил Кольцо света x4
[17:57:47] [Client thread/INFO] [CHAT] Tveiv получил Черная карта x4
[17:57:55] [Client thread/INFO] [CHAT] Потеряно 78 звезд
[17:57:55] [Client thread/INFO] [CHAT] Потеряно 7 звезд
[17:57:55] [Client thread/INFO] [CHAT] Tveiv получил Спокойствие разума x2
[17:57:57] [Client thread/INFO] [CHAT] Потеряно 78 звезд
[17:57:57] [Client thread/INFO] [CHAT] Потеряно 7 звезд
[17:57:57] [Client thread/INFO] [CHAT] Tveiv получил Бонус маны x2
[17:58:03] [Client thread/INFO] [CHAT] [19] V ┃ s1lent2 » пздц
[17:58:04] [Client thread/INFO] [CHAT] Вы уклонились на 22%
[17:58:06] [Client thread/INFO] [CHAT] [16] _Demon_Rasta_ » мб нету?
[17:58:10] [Client thread/INFO] [CHAT] Вы уклонились на 30%
[17:58:15] [Client thread/INFO] [CHAT] Вы уклонились на 27%
[17:58:17] [Client thread/INFO] [CHAT] [19] V ┃ s1lent2 » пздц
[17:58:19] [Client thread/INFO] [CHAT] Вы уклонились на 21%
[17:58:20] [Client thread/INFO] [CHAT] Вы уклонились на 41%
[17:58:20] [Client thread/INFO] [CHAT] Луч презрения задел Вас! Ваше исцеление снижено на 25% в течении 17 секунд
[17:58:20] [Client thread/INFO] [CHAT] Луч презрения задел Вас! Ваше исцеление снижено на 25% в течении 17 секунд
[17:58:20] [Client thread/INFO] [CHAT] Луч презрения задел Вас! Ваше исцеление снижено на 25% в течении 17 секунд
[17:58:22] [Client thread/INFO] [CHAT] Вы уклонились на 42%
[17:58:22] [Client thread/INFO] [CHAT] Вы уклонились на 33%
[17:58:23] [Client thread/INFO] [CHAT] Вы уклонились на 27%
[17:58:24] [Client thread/INFO] [CHAT] VoidGame » Мана кончилась и ясность мысли покидает Вас!
[17:58:25] [Client thread/INFO] [CHAT] Вы уклонились на 32%
[17:58:25] [Client thread/INFO] [CHAT] VoidGame » Мана кончилась и ясность мысли покидает Вас!
[17:58:25] [Client thread/INFO] [CHAT] Цель уклонилась от атаки на 48%
[17:58:26] [Client thread/INFO] [CHAT] VoidGame » Мана кончилась и ясность мысли покидает Вас!
[17:58:26] [Client thread/INFO] [CHAT] Вы уклонились на 35%
[17:58:27] [Client thread/INFO] [CHAT] VoidGame » Мана кончилась и ясность мысли покидает Вас!
[17:58:28] [Client thread/INFO] [CHAT] VoidGame » Мана кончилась и ясность мысли покидает Вас!
[17:58:29] [Client thread/INFO] [CHAT] VoidGame » Мана кончилась и ясность мысли покидает Вас!
[17:58:29] [Client thread/INFO] [CHAT] [30] V+ ┃ CherryBomBom » Какого хера метка теперь 80 маны тратит у меня всео 200
[17:58:30] [Client thread/INFO] [CHAT] VoidGame » Мана кончилась и ясность мысли покидает Вас!
[17:58:34] [Client thread/INFO] [CHAT] Расима снижает уровень зачарования Посмертная маска +3
[17:58:37] [Client thread/INFO] [CHAT] Вы уклонились на 28%
[17:58:39] [Client thread/INFO] [CHAT] Расима: Сколько ещё Вы будете пытаться убить меня?
[17:58:39] [Client thread/INFO] [CHAT] [30] SADITOR » ее изменили
[17:58:40] [Client thread/INFO] [CHAT] Расима: Сгораете в собственной ярости..
[17:58:42] [Client thread/INFO] [CHAT] Расима: Ваши тела будут исцелены досмерти!
[17:58:52] [Client thread/INFO] [CHAT] [30] V+ ┃ CherryBomBom » а че так жеско
[17:58:56] [Client thread/INFO] [CHAT] [19] V ┃ s1lent2 » юзай раб
[17:58:56] [Client thread/INFO] [CHAT] Цель уклонилась от атаки на 35%
[17:58:57] [Client thread/INFO] [CHAT] Расима отнимает Ваше здоровье! Убивайте цветки жизни, чтобы его вернуть.
[17:58:57] [Client thread/INFO] [CHAT] Цель уклонилась от атаки на 36%
[17:58:58] [Client thread/INFO] [CHAT] Расима сбросила Ваш вампиризм!
[17:58:58] [Client thread/INFO] [CHAT] Цель уклонилась от атаки на 49%
[17:59:00] [Client thread/INFO] [CHAT] Расима: Пусть мир будет поглощен Черной дырой!
[17:59:01] [Client thread/INFO] [CHAT] Цель уклонилась от атаки на 35%
[17:59:01] [Client thread/INFO] [CHAT] Расима отнимает Ваше здоровье! Убивайте цветки жизни, чтобы его вернуть.
[17:59:02] [Client thread/INFO] [CHAT] Прошла минута с начала волны! Урон противников увеличен на 25%
[17:59:02] [Client thread/INFO] [CHAT] Вы уклонились на 21%
[17:59:03] [Client thread/INFO] [CHAT] Вы уклонились на 29%
[17:59:04] [Client thread/INFO] [CHAT] [19] V ┃ s1lent2 » юзай раба души
[17:59:05] [Client thread/INFO] [CHAT] Луч презрения задел Вас! Ваше исцеление снижено на 25% в течении 17 секунд
[17:59:05] [Client thread/INFO] [CHAT] Луч презрения задел Вас! Ваше исцеление снижено на 25% в течении 17 секунд
[17:59:07] [Client thread/INFO] [CHAT] Расима: Пусть мир будет поглощен Черной дырой!
[17:59:07] [Client thread/INFO] [CHAT] Вы уклонились на 35%
[17:59:08] [Client thread/INFO] [CHAT] Цель уклонилась от атаки на 26%
[17:59:08] [Client thread/INFO] [CHAT] VoidGame » Мана кончилась и ясность мысли покидает Вас!
[17:59:08] [Client thread/INFO] [CHAT] Расима сбросила Ваш вампиризм!
[17:59:08] [Client thread/INFO] [CHAT] Цель уклонилась от атаки на 32%
[17:59:09] [Client thread/INFO] [CHAT] VoidGame » Мана кончилась и ясность мысли покидает Вас!
[17:59:36] [Client thread/INFO] [CHAT] [15] KaKaKaKTyc » скелета с маск здоровьем бьют мечом на 19 урона что произойдет?
[17:59:41] [Client thread/INFO] [CHAT] [19] V ┃ s1lent2 » я ебал выбор
[17:59:42] [Client thread/INFO] [CHAT] [30] D ┃ AndreWiking » умер
[17:59:52] [Client thread/INFO] [CHAT] [15] KaKaKaKTyc » спс
[18:00:01] [Client thread/INFO] [CHAT] [19] V ┃ s1lent2 » л
[18:00:05] [Client thread/INFO] [CHAT] [30] I ┃ TheFoolLotm » d
[18:01:48] [Client thread/INFO] [CHAT] [19] V ┃ s1lent2 » вы чо нахуй
[18:01:51] [Client thread/INFO] [CHAT] [16] _Demon_Rasta_ » хахах
[18:01:59] [Client thread/INFO] [CHAT] Tveiv получил Шипованные ботинки
[18:01:59] [Client thread/INFO] [CHAT] Tveiv получил Иллюзия рая
[18:01:59] [Client thread/INFO] [CHAT] Tveiv получил Собиратель мусора
[18:01:59] [Client thread/INFO] [CHAT] Получено 300 звезд
[18:02:06] [Client thread/INFO] [CHAT] Потеряно 200 звезд
[18:02:06] [Client thread/INFO] [CHAT] Tveiv получил Грохот научного триумфа
[18:02:13] [Client thread/INFO] [CHAT] Получено 5 звезд
[18:02:13] [Client thread/INFO] [CHAT] Вам выпал Изумруд x1
[18:02:17] [Client thread/INFO] [CHAT] Получено 5 звезд
[18:03:30] [Client thread/INFO] [CHAT] [30] V ┃ Paranoiid » ой
[18:03:53] [Client thread/INFO] [CHAT] [30] I ┃ TheFoolLotm » paranoiid q
[18:03:58] [Client thread/INFO] [CHAT] [30] I ┃ TheFoolLotm » место есть?
[18:04:01] [Client thread/INFO] [CHAT] [30] Treefrei66 » фооллотм q
[18:04:05] [Client thread/INFO] [CHAT] [30] I ┃ TheFoolLotm » q treefrei66
[18:04:06] [Client thread/INFO] [CHAT] [30] D ┃ AndreWiking » ласт играем
[18:04:08] [Client thread/INFO] [CHAT] [30] V ┃ Paranoiid » ку
[18:04:11] [Client thread/INFO] [CHAT] [30] I ┃ TheFoolLotm » pon
[18:05:16] [Client thread/INFO] [CHAT] Вампиризм сброшен!
[18:05:17] [Client thread/INFO] [CHAT] Получено 5 звезд
[18:05:19] [Client thread/INFO] [CHAT] Вам выпал Изумруд x1
[18:05:24] [Client thread/INFO] [CHAT] Получено 6 звезд
[18:05:24] [Client thread/INFO] [CHAT] Получено 5 звезд
[18:05:30] [Client thread/INFO] [CHAT] Получено 5 звезд
[18:05:30] [Client thread/INFO] [CHAT] Вам выпал Обугленный череп x1
[18:05:37] [Client thread/INFO] [CHAT] Получено 5 звезд
[18:05:37] [Client thread/INFO] [CHAT] Вам выпал Серебряная звезда зачарования x1
[18:05:41] [Client thread/INFO] [CHAT] Получено 5 звезд
[18:05:41] [Client thread/INFO] [CHAT] Вам выпал Изумруд x2
[18:05:41] [Client thread/INFO] [CHAT] Вам выпал Обугленный череп x1
[18:05:43] [Client thread/INFO] [CHAT] Получено 5 звезд
[18:05:52] [Client thread/INFO] [CHAT] Получено 5 звезд
[18:05:52] [Client thread/INFO] [CHAT] Вам выпал Обугленный череп x1
[18:05:54] [Client thread/INFO] [CHAT] Получено 5 звезд
[18:06:00] [Client thread/INFO] [CHAT] На Вас наложен Яростный взор, Вы получаете урон, когда смотрите на существ
[18:06:06] [Client thread/INFO] [CHAT] Получено 5 звезд
[18:06:06] [Client thread/INFO] [CHAT] Получено 5 звезд
[18:06:06] [Client thread/INFO] [CHAT] Вам выпал Обугленный череп x1
[18:06:07] [Client thread/INFO] [CHAT] Получено 5 звезд
[18:06:12] [Client thread/INFO] [CHAT] Получено 5 звезд
[18:06:12] [Client thread/INFO] [CHAT] Вам выпал Обугленный череп x1
[18:06:16] [Client thread/INFO] [CHAT] Получено 5 звезд
[18:06:16] [Client thread/INFO] [CHAT] Вам выпал Изумруд x2
[18:06:16] [Client thread/INFO] [CHAT] Вам выпал Обугленный череп x1
[18:06:16] [Client thread/INFO] [CHAT] Вам выпал Серебряная звезда зачарования x1
[18:06:28] [Client thread/INFO] [CHAT] Вампиризм сброшен!
[18:06:30] [Client thread/INFO] [CHAT] Вампиризм сброшен!
[18:06:31] [Client thread/INFO] [CHAT] Получено 6 звезд
[18:06:33] [Client thread/INFO] [CHAT] Вампиризм сброшен!
[18:06:33] [Client thread/INFO] [CHAT] Получено 5 звезд
[18:06:33] [Client thread/INFO] [CHAT] Вам выпал Изумруд x1
[18:06:36] [Client thread/INFO] [CHAT] Вампиризм сброшен!
[18:06:37] [Client thread/INFO] [CHAT] Получено 5 звезд
[18:06:38] [Client thread/INFO] [CHAT] Получено 5 звезд
[18:06:38] [Client thread/INFO] [CHAT] Вам выпал Изумруд x2
[18:06:38] [Client thread/INFO] [CHAT] Получено 5 звезд
[18:06:38] [Client thread/INFO] [CHAT] Вам выпал Изумруд x2
[18:06:40] [Client thread/INFO] [CHAT] Вампиризм сброшен!
[18:06:42] [Client thread/INFO] [CHAT] Получено 5 звезд
[18:06:42] [Client thread/INFO] [CHAT] Вам выпал Изумруд x1
[18:06:42] [Client thread/INFO] [CHAT] Получено 15 звезд
[18:06:45] [Client thread/INFO] [CHAT] Tveiv получил Децидофобия
[18:06:54] [Client thread/INFO] [CHAT] Вампиризм сброшен!
[18:06:57] [Client thread/INFO] [CHAT] Получено 7 звезд
[18:06:57] [Client thread/INFO] [CHAT] Вам выпал Изумруд x2
[18:06:57] [Client thread/INFO] [CHAT] Вампиризм сброшен!
[18:07:00] [Client thread/INFO] [CHAT] Получено 6 звезд
[18:07:02] [Client thread/INFO] [CHAT] Получено 5 звезд
[18:07:02] [Client thread/INFO] [CHAT] Вам выпал Изумруд x2
[18:07:05] [Client thread/INFO] [CHAT] Получено 5 звезд
[18:07:05] [Client thread/INFO] [CHAT] Вам выпал Благословенная серебряная звезда зачарования x1
[18:07:11] [Client thread/INFO] [CHAT] Получено 5 звезд
[18:07:17] [Client thread/INFO] [CHAT] Получено 5 звезд
[18:07:20] [Client thread/INFO] [CHAT] Получено 5 звезд
[18:07:20] [Client thread/INFO] [CHAT] Вам выпал Обугленный череп x1
[18:07:20] [Client thread/INFO] [CHAT] Получено 14 звезд
[18:07:24] [Client thread/INFO] [CHAT] Tveiv получил Рыба, убивающая Победителей
[18:07:30] [Client thread/INFO] [CHAT] На Вас наложен Яростный взор, Вы получаете урон, когда смотрите на существ
[18:07:31] [Client thread/INFO] [CHAT] Получено 5 звезд
[18:07:31] [Client thread/INFO] [CHAT] Получено 5 звезд
[18:07:31] [Client thread/INFO] [CHAT] Вам выпал Обугленный череп x1
[18:07:39] [Client thread/INFO] [CHAT] Получено 5 звезд
[18:07:40] [Client thread/INFO] [CHAT] [30] V ┃ Paranoiid » пинг
[18:07:46] [Client thread/INFO] [CHAT] Получено 5 звезд
[18:07:52] [Client thread/INFO] [CHAT] Получено 5 звезд
[18:07:58] [Client thread/INFO] [CHAT] Получено 5 звезд
[18:07:58] [Client thread/INFO] [CHAT] Вам выпал Обугленный череп x1
[18:08:04] [Client thread/INFO] [CHAT] Получено 5 звезд
[18:08:04] [Client thread/INFO] [CHAT] Вам выпал Серебряная звезда зачарования x1
[18:08:11] [Client thread/INFO] [CHAT] Получено 5 звезд
[18:08:14] [Client thread/INFO] [CHAT] Получено 5 звезд
[18:08:14] [Client thread/INFO] [CHAT] Вам выпал Осколок фантазии Этоля x1
[18:08:19] [Client thread/INFO] [CHAT] Получено 5 звезд
[18:08:21] [Client thread/INFO] [CHAT] Получено 5 звезд
[18:08:28] [Client thread/INFO] [CHAT] Получено 5 звезд
[18:08:28] [Client thread/INFO] [CHAT] Вам выпал Обугленный череп x1
[18:08:33] [Client thread/INFO] [CHAT] Получено 5 звезд
[18:08:33] [Client thread/INFO] [CHAT] Вам выпал Изумруд x2
[18:08:39] [Client thread/INFO] [CHAT] На Вас наложено Проклятие Страха, Ваш вампиризм заблокирован
[18:08:39] [Client thread/INFO] [CHAT] На Вас наложено Проклятие Страха, Ваш вампиризм заблокирован
[18:08:42] [Client thread/INFO] [CHAT] Получено 5 звезд
[18:08:43] [Client thread/INFO] [CHAT] Получено 5 звезд
[18:08:45] [Client thread/INFO] [CHAT] Получено 6 звезд
[18:08:45] [Client thread/INFO] [CHAT] Вам выпал Обугленный череп x1
[18:08:49] [Client thread/INFO] [CHAT] Вы стали стеклянным! Вы умрете, если получите урон 10 раз
[18:09:32] [Client thread/INFO] [CHAT] На Вас наложено Проклятие Страха, Ваш вампиризм заблокирован
[18:09:38] [Client thread/INFO] [CHAT] Получено 5 звезд
[18:09:38] [Client thread/INFO] [CHAT] Вам выпал Изумруд x61
[18:09:38] [Client thread/INFO] [CHAT] Вам выпал Обугленный череп x7
[18:09:38] [Client thread/INFO] [CHAT] Вам выпал Серебряная звезда зачарования x1
[18:09:38] [Client thread/INFO] [CHAT] Вам выпал Благословенная серебряная звезда зачарования x1
[18:09:38] [Client thread/INFO] [CHAT] Вам выпал Осколок фантазии Этоля x1
[18:09:38] [Client thread/INFO] [CHAT] Вам выпал Звёздная шкатулка Этоля x1
[18:09:38] [Client thread/INFO] [CHAT] Получено 5 звезд
[18:09:38] [Client thread/INFO] [CHAT] Вам выпал Благословенная серебряная звезда зачарования x1
[18:10:19] [Client thread/INFO] [CHAT] Потеряно 200 звезд
[18:10:19] [Client thread/INFO] [CHAT] Tveiv получил Острый клинок
[18:10:36] [Client thread/INFO] [CHAT] Вампиризм сброшен!
[18:10:39] [Client thread/INFO] [CHAT] Получено 6 звезд
[18:10:39] [Client thread/INFO] [CHAT] Вам выпал Изумруд x2
[18:10:42] [Client thread/INFO] [CHAT] Получено 5 звезд
[18:10:42] [Client thread/INFO] [CHAT] Вам выпал Изумруд x2
[18:10:44] [Client thread/INFO] [CHAT] Вампиризм сброшен!
[18:10:46] [Client thread/INFO] [CHAT] Вампиризм сброшен!
[18:10:46] [Client thread/INFO] [CHAT] Получено 5 звезд
[18:10:46] [Client thread/INFO] [CHAT] Вам выпал Обугленный череп x1
[18:10:53] [Client thread/INFO] [CHAT] Получено 5 звезд
[18:10:53] [Client thread/INFO] [CHAT] Вам выпал Изумруд x1
[18:10:58] [Client thread/INFO] [CHAT] Получено 5 звезд
[18:10:58] [Client thread/INFO] [CHAT] Получено 5 звезд
[18:11:01] [Client thread/INFO] [CHAT] Получено 5 звезд
[18:11:02] [Client thread/INFO] [CHAT] Получено 6 звезд
[18:11:07] [Client thread/INFO] [CHAT] Получено 5 звезд
[18:11:07] [Client thread/INFO] [CHAT] Получено 12 звезд
[18:11:10] [Client thread/INFO] [CHAT] Tveiv получил Прострел с Юпитера
[18:11:17] [Client thread/INFO] [CHAT] Получено 5 звезд
[18:11:19] [Client thread/INFO] [CHAT] Получено 5 звезд
[18:11:22] [Client thread/INFO] [CHAT] Получено 5 звезд
[18:11:22] [Client thread/INFO] [CHAT] Вам выпал Изумруд x2
[18:11:29] [Client thread/INFO] [CHAT] Вампиризм сброшен!
[18:11:30] [Client thread/INFO] [CHAT] Получено 5 звезд
[18:11:30] [Client thread/INFO] [CHAT] Вам выпал Изумруд x2
[18:11:30] [Client thread/INFO] [CHAT] Вам выпал Серебряная звезда зачарования x1
[18:11:31] [Client thread/INFO] [CHAT] Вампиризм сброшен!
[18:11:32] [Client thread/INFO] [CHAT] Получено 5 звезд
[18:11:32] [Client thread/INFO] [CHAT] Вам выпал Изумруд x2
[18:11:32] [Client thread/INFO] [CHAT] Вампиризм сброшен!
[18:11:32] [Client thread/INFO] [CHAT] Получено 5 звезд
[18:11:32] [Client thread/INFO] [CHAT] Вам выпал Осколок фантазии Этоля x1
[18:11:34] [Client thread/INFO] [CHAT] Получено 5 звезд
[18:11:43] [Client thread/INFO] [CHAT] Получено 5 звезд
[18:11:47] [Client thread/INFO] [CHAT] Получено 5 звезд
[18:11:47] [Client thread/INFO] [CHAT] Вам выпал Изумруд x2
[18:11:52] [Client thread/INFO] [CHAT] Получено 5 звезд
[18:12:00] [Client thread/INFO] [CHAT] Получено 5 звезд
[18:12:06] [Client thread/INFO] [CHAT] Получено 5 звезд
[18:12:14] [Client thread/INFO] [CHAT] Получено 5 звезд
[18:12:19] [Client thread/INFO] [CHAT] Получено 5 звезд
[18:12:24] [Client thread/INFO] [CHAT] Получено 5 звезд
[18:12:30] [Client thread/INFO] [CHAT] Получено 5 звезд
[18:12:30] [Client thread/INFO] [CHAT] Вам выпал Изумруд x2
[18:12:30] [Client thread/INFO] [CHAT] Вам выпал Обугленный череп x1
[18:12:37] [Client thread/INFO] [CHAT] Получено 5 звезд
[18:12:37] [Client thread/INFO] [CHAT] Вам выпал Обугленный череп x1
[18:12:41] [Client thread/INFO] [CHAT] Получено 5 звезд
[18:12:41] [Client thread/INFO] [CHAT] Вам выпал Обугленный череп x1
[18:12:45] [Client thread/INFO] [CHAT] Получено 5 звезд
[18:12:48] [Client thread/INFO] [CHAT] Получено 5 звезд
[18:12:48] [Client thread/INFO] [CHAT] Вам выпал Обугленный череп x1
[18:12:54] [Client thread/INFO] [CHAT] Получено 5 звезд
[18:12:54] [Client thread/INFO] [CHAT] Вам выпал Изумруд x1
[18:12:59] [Client thread/INFO] [CHAT] Получено 5 звезд
[18:12:59] [Client thread/INFO] [CHAT] Вам выпал Изумруд x1
[18:13:02] [Client thread/INFO] [CHAT] Получено 5 звезд
[18:13:02] [Client thread/INFO] [CHAT] Вам выпал Изумруд x2
[18:13:06] [Client thread/INFO] [CHAT] Получено 5 звезд
[18:13:06] [Client thread/INFO] [CHAT] Вам выпал Изумруд x2
[18:13:09] [Client thread/INFO] [CHAT] Получено 5 звезд
[18:13:17] [Client thread/INFO] [CHAT] Получено 5 звезд
[18:13:17] [Client thread/INFO] [CHAT] Вам выпал Изумруд x1
[18:13:21] [Client thread/INFO] [CHAT] Получено 5 звезд
[18:13:24] [Client thread/INFO] [CHAT] Получено 5 звезд
[18:13:29] [Client thread/INFO] [CHAT] Получено 5 звезд
[18:13:41] [Client thread/INFO] [CHAT] [30] V ┃ Paranoiid » jq
[18:13:42] [Client thread/INFO] [CHAT] [30] V ┃ Paranoiid » ой
[18:13:52] [Client thread/INFO] [CHAT] Получено 5 звезд
[18:13:52] [Client thread/INFO] [CHAT] Вам выпал Изумруд x1
[18:13:52] [Client thread/INFO] [CHAT] Вам выпал Обугленный череп x1
[18:13:58] [Client thread/INFO] [CHAT] Получено 5 звезд
[18:14:03] [Client thread/INFO] [CHAT] Получено 5 звезд
[18:14:03] [Client thread/INFO] [CHAT] Вам выпал Изумруд x1
[18:14:06] [Client thread/INFO] [CHAT] [16] S ┃ VanoGame_ » [Длинный лук похитителя звёзд ☠ +9]
[18:14:13] [Client thread/INFO] [CHAT] Получено 5 звезд
[18:14:13] [Client thread/INFO] [CHAT] Вам выпал Изумруд x2
[18:14:13] [Client thread/INFO] [CHAT] Вам выпал Обугленный череп x1
[18:14:19] [Client thread/INFO] [CHAT] Получено 5 звезд
[18:14:20] [Client thread/INFO] [CHAT] Получено 5 звезд
[18:14:20] [Client thread/INFO] [CHAT] Вам выпал Изумруд x1
[18:14:21] [Client thread/INFO] [CHAT] Получено 5 звезд
[18:14:21] [Client thread/INFO] [CHAT] Вам выпал Изумруд x1
[18:14:21] [Client thread/INFO] [CHAT] Вам выпал Обугленный череп x1
[18:14:21] [Client thread/INFO] [CHAT] Вампиризм сброшен!
[18:14:25] [Client thread/INFO] [CHAT] Получено 5 звезд
[18:14:25] [Client thread/INFO] [CHAT] Вам выпал Изумруд x2
[18:14:25] [Client thread/INFO] [CHAT] Вам выпал Обугленный череп x1
[18:14:28] [Client thread/INFO] [CHAT] Получено 5 звезд
[18:14:28] [Client thread/INFO] [CHAT] Вам выпал Изумруд x1
[18:14:28] [Client thread/INFO] [CHAT] Вам выпал Обугленный череп x1
[18:14:29] [Client thread/INFO] [CHAT] Получено 5 звезд
[18:14:37] [Client thread/INFO] [CHAT] Получено 5 звезд
[18:14:37] [Client thread/INFO] [CHAT] Получено 5 звезд
[18:14:37] [Client thread/INFO] [CHAT] Вам выпал Обугленный череп x1
[18:14:37] [Client thread/INFO] [CHAT] Получено 8 звезд
[18:14:39] [Client thread/INFO] [CHAT] [30] V ┃ Paranoiid » монолит
[18:14:39] [Client thread/INFO] [CHAT] Tveiv получил Никтофобия
[18:14:45] [Client thread/INFO] [CHAT] [16] S ┃ VanoGame_ » [Длинный лук похитителя звёзд ☠ +10]
[18:14:50] [Client thread/INFO] [CHAT] Вы стали стеклянным! Вы умрете, если получите урон 10 раз
[18:14:51] [Client thread/INFO] [CHAT] [30] V ┃ Paranoiid » петро
[18:15:02] [Client thread/INFO] [CHAT] Дверь в комнату управления открыта.
[18:15:06] [Client thread/INFO] [CHAT] Получено 5 звезд
[18:15:06] [Client thread/INFO] [CHAT] Вам выпал Изумруд x2
[18:15:08] [Client thread/INFO] [CHAT] Получено 5 звезд
[18:15:08] [Client thread/INFO] [CHAT] Вам выпал Изумруд x1
[18:15:11] [Client thread/INFO] [CHAT] Получено 5 звезд
[18:15:11] [Client thread/INFO] [CHAT] Вам выпал Обугленный череп x1
[18:15:17] [Client thread/INFO] [CHAT] [16] S ┃ VanoGame_ » [Шлем из кошмара ♨ +9]
[18:15:17] [Client thread/INFO] [CHAT] Получено 5 звезд
[18:15:17] [Client thread/INFO] [CHAT] Вам выпал Изумруд x2
[18:15:20] [Client thread/INFO] [CHAT] Получено 5 звезд
[18:15:27] [Client thread/INFO] [CHAT] Получено 6 звезд
[18:15:32] [Client thread/INFO] [CHAT] Получено 5 звезд
[18:15:32] [Client thread/INFO] [CHAT] Вам выпал Серебряная звезда зачарования x1
[18:15:34] [Client thread/INFO] [CHAT] Получено 5 звезд
[18:15:52] [Client thread/INFO] [CHAT] Получено 6 звезд
[18:15:54] [Client thread/INFO] [CHAT] Получено 5 звезд
[18:15:54] [Client thread/INFO] [CHAT] Вам выпал Изумруд x2
[18:15:59] [Client thread/INFO] [CHAT] Получено 5 звезд
[18:15:59] [Client thread/INFO] [CHAT] Вам выпал Изумруд x2
[18:15:59] [Client thread/INFO] [CHAT] Вам выпал Серебряная звезда зачарования x1
[18:16:00] [Client thread/INFO] [CHAT] [16] S ┃ VanoGame_ » [Длинный лук похитителя звёзд ☠ +10]
[18:16:08] [Client thread/INFO] [CHAT] Получено 5 звезд
[18:16:08] [Client thread/INFO] [CHAT] Вам выпал Обугленный череп x1
[18:16:08] [Client thread/INFO] [CHAT] Вам выпал Осколок фантазии Этоля x1
[18:16:08] [Client thread/INFO] [CHAT] Получено 5 звезд
[18:16:08] [Client thread/INFO] [CHAT] Вам выпал Обугленный череп x1
[18:16:17] [Client thread/INFO] [CHAT] Получено 5 звезд
[18:16:29] [Client thread/INFO] [CHAT] Получено 5 звезд
[18:16:29] [Client thread/INFO] [CHAT] Получено 5 звезд
[18:16:32] [Client thread/INFO] [CHAT] Получено 5 звезд
[18:16:32] [Client thread/INFO] [CHAT] Вам выпал Изумруд x1
[18:16:32] [Client thread/INFO] [CHAT] Вам выпал Обугленный череп x1
[18:16:42] [Client thread/INFO] [CHAT] Получено 5 звезд
[18:16:42] [Client thread/INFO] [CHAT] Вам выпал Обугленный череп x1
[18:16:42] [Client thread/INFO] [CHAT] Получено 5 звезд
[18:16:42] [Client thread/INFO] [CHAT] Вам выпал Обугленный череп x1
[18:16:48] [Client thread/INFO] [CHAT] Получено 5 звезд
[18:16:48] [Client thread/INFO] [CHAT] Вам выпал Изумруд x2
[18:16:48] [Client thread/INFO] [CHAT] Вам выпал Осколок фантазии Этоля x1
[18:16:56] [Client thread/INFO] [CHAT] Получено 5 звезд
[18:17:03] [Client thread/INFO] [CHAT] Получено 5 звезд
[18:17:03] [Client thread/INFO] [CHAT] Получено 5 звезд
[18:17:10] [Client thread/INFO] [CHAT] Получено 5 звезд
[18:17:10] [Client thread/INFO] [CHAT] Вам выпал Обугленный череп x1
[18:17:16] [Client thread/INFO] [CHAT] Проход в крепость закрыт. Теперь Вы в безопасности.
[18:17:23] [Client thread/INFO] [CHAT] Потеряно 200 звезд
[18:17:23] [Client thread/INFO] [CHAT] Tveiv получил Башня яркой Луны
[18:17:25] [Client thread/INFO] [CHAT] Потеряно 200 звезд
[18:17:25] [Client thread/INFO] [CHAT] Tveiv получил Бонус маны
[18:17:50] [Client thread/INFO] [CHAT] Получено 5 звезд
[18:17:50] [Client thread/INFO] [CHAT] Вам выпал Серебряная звезда зачарования x1
[18:17:50] [Client thread/INFO] [CHAT] Вам выпал Осколок фантазии Этоля x1
[18:18:15] [Client thread/INFO] [CHAT] Наследница Бедствия: Вы явились в самый разгар событий. Перед нашей битвой, давайте хотя бы представимся. Я - Мальфиса Флеу, единственная достойная Наследница Бедствия.
[18:18:22] [Client thread/INFO] [CHAT] Наследница Бедствия: Разрушение.
[18:18:30] [Client thread/INFO] [CHAT] Наследница Бедствия: Кажется, дышать становится все тяжелее..
[18:18:42] [Client thread/INFO] [CHAT] Наследница Бедствия: Давайте на чистоту: я рада, что вы сами пришли ко мне, ловить вас было бы слишком расточительно по времени.
[18:18:42] [Client thread/INFO] [CHAT] Наследница Бедствия: Разрушение.
[18:18:50] [Client thread/INFO] [CHAT] Наследница Бедствия: Кажется, дышать становится все тяжелее..
[18:18:51] [Client thread/INFO] [CHAT] [30] D ┃ AndreWiking » да
[18:18:52] [Client thread/INFO] [CHAT] Меч Катастрофы задел Расиму. Это конец.
[18:19:40] [Client thread/INFO] [CHAT] [30] V+ ┃ CherryBomBom » бумажная луна же самая говяная лега?
[18:19:40] [Client thread/INFO] [CHAT] [30] D ┃ AndreWiking » [Богохульство ☠ +8]
[18:19:42] [Client thread/INFO] [CHAT] [30] D ┃ AndreWiking » УРАА
[18:19:48] [Client thread/INFO] [CHAT] [28] baga03 » да
[18:19:49] [Client thread/INFO] [CHAT] [30] V ┃ Paranoiid » Не самая
[18:19:53] [Client thread/INFO] [CHAT] [30] V+ ┃ CherryBomBom » самая
[18:19:58] [Client thread/INFO] [CHAT] [30] V+ ┃ CherryBomBom » она всю ману может сожрать
[18:20:02] [Client thread/INFO] [CHAT] [30] Treefrei66 » заморозка как по мне самая
[18:20:05] [Client thread/INFO] [CHAT] [28] baga03 » а как свою оружку в чат отправить?
[18:20:07] [Client thread/INFO] [CHAT] [28] baga03 » вот вот
[18:20:08] [Client thread/INFO] [CHAT] [28] Sr.T ┃ Няшечка » [Богохульство ☠ +8]
[18:20:08] [Client thread/INFO] [CHAT] [28] baga03 » самая
[18:20:11] [Client thread/INFO] [CHAT] [30] V ┃ Paranoiid » Ну так твои проблемы что юзать не умеешь xDD
[18:20:12] [Client thread/INFO] [CHAT] [28] baga03 » я столько раз из-за нее
[18:20:12] [Client thread/INFO] [CHAT] [30] V+ ┃ CherryBomBom » .#hand
[18:20:13] [Client thread/INFO] [CHAT] [28] baga03 » сдыхал
[18:20:38] [Client thread/INFO] [CHAT] RPG_HouS » #hand
[18:20:41] [Client thread/INFO] [CHAT] [30] RPG_HouS » [Меч Катастрофы, бич целителей ♡ +8]
[18:20:46] [Client thread/INFO] [CHAT] [28] baga03 » кто на 27 уровень?
[18:21:36] [Client thread/INFO] [CHAT] [21] IIVVY » скелет тссушить есои стрельнет
[18:21:43] [Client thread/INFO] [CHAT] [28] baga03 » горение
[18:21:47] [Client thread/INFO] [CHAT] [21] IIVVY » спс
[18:21:50] [Client thread/INFO] [CHAT] [28] baga03 » <3
[18:22:11] [Network thread/INFO] Protocol upgrade mask: 157
[18:22:11] [Network thread/INFO] Upgrading protocol
[18:22:11] [Client thread/INFO] Invalidating server data
[18:22:11] [Client thread/INFO] Unloading mod VoidMod/3117abf3-5cbd-6751-d4e0-b6f4d9b73866
[18:22:11] [Client thread/INFO] [STDOUT]: [Enginex v5.16.1 - Wada] [Wada/debug] reload requested: ServerSwitch
[18:22:11] [Client thread/INFO] [STDOUT]: [Enginex v5.16.1 - Wada] [Wada/debug] cleanAndReload begin: sessionId=3, awaitingHandshake=true
[18:22:11] [Client thread/INFO] [STDOUT]: [Enginex v5.16.1 - Wada] VAO support: true
[18:22:11] [Client thread/INFO] [STDOUT]: [Enginex v5.16.1 - Wada] Initialization with mod Wada
[18:22:11] [Client thread/INFO] [STDOUT]: [Enginex v5.16.1 - Wada] Successfully initialized
[18:22:12] [Client thread/INFO] Joining server Хаб #91
[18:22:12] [Client thread/INFO] Reloading ResourceManager: assets-addon.jar, Default
[18:22:12] [Client thread/WARN] Missing sound for event: minecraft:entity.turtle.ambient
[18:22:12] [Client thread/WARN] Missing sound for event: minecraft:entity.turtle.baby_hurt
[18:22:12] [Client thread/WARN] Missing sound for event: minecraft:entity.turtle.hurt
[18:22:12] [Client thread/WARN] Missing sound for event: minecraft:entity.turtle.baby_death
[18:22:12] [Client thread/WARN] Missing sound for event: minecraft:entity.turtle.death
[18:22:12] [Client thread/WARN] Missing sound for event: minecraft:entity.turtle.baby_step
[18:22:12] [Client thread/WARN] Missing sound for event: minecraft:entity.turtle.step
[18:22:12] [Client thread/WARN] Missing sound for event: minecraft:entity.turtle.swim
[18:22:12] [Client thread/WARN] Missing sound for event: minecraft:block.turtle_egg.crack
[18:22:12] [Client thread/WARN] Missing sound for event: minecraft:block.turtle_egg.egg_break
[18:22:12] [Client thread/WARN] Missing sound for event: minecraft:block.turtle_egg.fall
[18:22:12] [Client thread/WARN] Missing sound for event: minecraft:block.turtle_egg.hatch
[18:22:12] [Client thread/INFO] SoundSystem shutting down...
[18:22:12] [Client thread/WARN] Author: Paul Lamb, www.paulscode.com
[18:22:12] [Client thread/INFO] Starting up SoundSystem...
[18:22:12] [Thread-33/INFO] Initializing LWJGL OpenAL
[18:22:12] [Thread-33/INFO] (The LWJGL binding of OpenAL.  For more information, see http://www.lwjgl.org)
[18:22:12] [Thread-33/INFO] OpenAL audio device: OpenAL Soft on Динамики (MCHOSE V9 PRO)
[18:22:12] [Thread-33/INFO] OpenAL initialized.
[18:22:12] [Client thread/INFO] Sound engine reloaded
[18:22:12] [Client thread/INFO] Loaded mod HubMod/99e383b2-de28-d26d-2da9-8c7c77bc11a4 v1.4.5 in 10 ms
[18:22:12] [Client thread/INFO] Loaded mod Visual Driver/df8dc410-e3d0-aa4c-e733-94181cb096bb v3.8.31+9da32142 in 4 ms
[18:22:12] [ForkJoinPool.commonPool-worker-5/WARN] Unable to load variant: axis=x from minecraft:lodestone#axis=x
[18:22:12] [ForkJoinPool.commonPool-worker-5/WARN] Unable to load variant: axis=y from minecraft:lodestone#axis=y
[18:22:12] [ForkJoinPool.commonPool-worker-5/WARN] Unable to load variant: axis=z from minecraft:lodestone#axis=z
[18:22:12] [ForkJoinPool.commonPool-worker-5/ERROR] Unable to load item model: 'minecraft:mcpatcher/cit/others/megumin_hat#inventory' for item: 'minecraft:mcpatcher/cit/others/megumin_hat'
[18:22:12] [Client thread/INFO] [STDOUT]: [Enginex v5.16.1 - Wada] [Wada/debug] handshake complete (w4:load), awaitingHandshake=false, sessionId=3
[18:22:12] [ForkJoinPool.commonPool-worker-5/WARN] Unable to resolve texture due to upward reference: #cross in minecraft:models/block/chain.json
[18:22:12] [ForkJoinPool.commonPool-worker-5/WARN] Unable to resolve texture due to upward reference: #cross in minecraft:models/block/chain.json
[18:22:12] [ForkJoinPool.commonPool-worker-5/INFO] [OptiFine] Mipmap levels: 4
[18:22:12] [ForkJoinPool.commonPool-worker-5/INFO] [OptiFine] Multi-texturing: false
[18:22:12] [ForkJoinPool.commonPool-worker-5/INFO] [OptiFine] Multipass connected textures: false
[18:22:12] [ForkJoinPool.commonPool-worker-5/INFO] [OptiFine] BetterGrass: Parsing default configuration optifine/bettergrass.properties
[18:22:12] [ForkJoinPool.commonPool-worker-5/FATAL] [OptiFine] Scaled too small texture: minecraft:particles/glow_2, 8 -> 16
[18:22:12] [ForkJoinPool.commonPool-worker-5/FATAL] [OptiFine] Scaled too small texture: minecraft:particles/glow_1, 8 -> 16
[18:22:12] [ForkJoinPool.commonPool-worker-5/FATAL] [OptiFine] Scaled too small texture: minecraft:particles/glow_0, 8 -> 16
[18:22:12] [ForkJoinPool.commonPool-worker-5/FATAL] [OptiFine] Scaled too small texture: minecraft:particles/glow_6, 8 -> 16
[18:22:12] [ForkJoinPool.commonPool-worker-5/FATAL] [OptiFine] Scaled too small texture: minecraft:particles/glow_5, 8 -> 16
[18:22:12] [ForkJoinPool.commonPool-worker-5/FATAL] [OptiFine] Scaled too small texture: minecraft:particles/glow_4, 8 -> 16
[18:22:12] [ForkJoinPool.commonPool-worker-5/FATAL] [OptiFine] Scaled too small texture: minecraft:particles/glow_3, 8 -> 16
[18:22:12] [ForkJoinPool.commonPool-worker-5/FATAL] [OptiFine] Scaled too small texture: minecraft:particles/glow_9, 8 -> 16
[18:22:12] [ForkJoinPool.commonPool-worker-5/FATAL] [OptiFine] Scaled too small texture: minecraft:particles/glow_8, 8 -> 16
[18:22:12] [ForkJoinPool.commonPool-worker-5/FATAL] [OptiFine] Scaled too small texture: minecraft:particles/glow_7, 8 -> 16
[18:22:12] [ForkJoinPool.commonPool-worker-5/FATAL] [OptiFine] Scaled too small texture: minecraft:particles/glow_11, 8 -> 16
[18:22:12] [ForkJoinPool.commonPool-worker-5/FATAL] [OptiFine] Scaled too small texture: minecraft:particles/glow_10, 8 -> 16
[18:22:12] [ForkJoinPool.commonPool-worker-5/FATAL] [OptiFine] Scaled too small texture: minecraft:particles/glow_13, 8 -> 16
[18:22:12] [ForkJoinPool.commonPool-worker-5/FATAL] [OptiFine] Scaled too small texture: minecraft:particles/glow_12, 8 -> 16
[18:22:12] [ForkJoinPool.commonPool-worker-5/FATAL] [OptiFine] Scaled too small texture: minecraft:particles/glow_15, 8 -> 16
[18:22:12] [ForkJoinPool.commonPool-worker-5/FATAL] [OptiFine] Scaled too small texture: minecraft:particles/glow_14, 8 -> 16
[18:22:12] [ForkJoinPool.commonPool-worker-5/INFO] load sprites for 52ms
[18:22:12] [ForkJoinPool.commonPool-worker-5/INFO] Created: 1024x1024 textures-atlas in 92ms
[18:22:13] [ForkJoinPool.commonPool-worker-8/INFO] [DEBUG] Atlas assembly for 4.450ms
[18:22:13] [Client thread/INFO] [DEBUG] upload atlas for 2.259ms
[18:22:13] [Client thread/INFO] [DEBUG] Generate mipmaps for 0.004ms
[18:22:13] [Client thread/INFO] [OptiFine] Animated sprites: 0
[18:22:13] [Client thread/INFO] [OptiFine] CustomColors: Loading mcpatcher/color.properties
[18:22:13] [Client thread/INFO] Textures loaded for 1101.371ms
[18:22:54] [Client thread/INFO] [CHAT] \nMEDIA ┃ fujihiro проводит ивент: AntWars!\nТип игры: Двойной\nНажми, чтобы переместиться!\n 
[18:23:03] [Client thread/INFO] [CHAT] Chelovek90988 Хаб #92 » можно как то 600 кристаликов заработать или ток донат
[18:23:11] [Client thread/INFO] [CHAT] I ┃ maksa223YT Хаб #91 » на ивентах
[18:23:27] [Client thread/INFO] [CHAT] Chelovek90988 Хаб #92 »  а там сложно?
[18:23:35] [Client thread/INFO] [CHAT] I ┃ maksa223YT Хаб #91 » ну там конкуренция большая очень
[18:23:49] [Client thread/INFO] [CHAT] I ┃ maksa223YT Хаб #91 » обычно под 100 человек на ивент, и много профи
[18:23:49] [Client thread/INFO] [CHAT] Chelovek90988 Хаб #92 » а там ток 1 победитель?
[18:23:52] [Client thread/INFO] [CHAT] \n   Сейчас трансляции ведут:\n   MEDIA ┃ fujihiro, MEDIA ┃ quxaniii\n   Напишите /media для проcмотра активных трансляций\n 
[18:23:57] [Client thread/INFO] [CHAT] I ┃ maksa223YT Хаб #91 » вроде только 1
[18:24:07] [Client thread/INFO] [CHAT] Chelovek90988 Хаб #92 » мда
[18:24:14] [Client thread/WARN] Unknown bedrock format: void_fist.png.mcmeta
[18:24:22] [Client thread/INFO] [CHAT] I ┃ maksa223YT Хаб #91 » ну вот так вот, мне самому не очень это нрав :(
[18:24:41] [Client thread/INFO] [CHAT] Misha1121 Хаб #91 » ищу девушку
[18:24:45] [Client thread/INFO] [CHAT] I ┃ maksa223YT Хаб #91 » ищи
[18:24:54] [Client thread/INFO] [CHAT] FeizY75 Хаб #92 »  ищу парня
[18:24:55] [Client thread/INFO] [CHAT] Misha1121 Хаб #91 » мне 17 лет
[18:24:56] [Client thread/INFO] [CHAT] Chelovek90988 Хаб #92 » зачем девушку лучше парня
[18:25:02] [Client thread/INFO] [CHAT] I ┃ maksa223YT Хаб #91 » согласен парни лучше
[18:25:02] [Client thread/INFO] [CHAT] Misha1121 Хаб #91 » я крутой
[18:25:02] [Client thread/INFO] [CHAT] FeizY75 Хаб #92 »  ищу парня вес 50кг
[18:25:09] [Client thread/INFO] [CHAT] Chelovek90988 Хаб #92 » 500
[18:25:13] [Client thread/INFO] [CHAT] I ┃ maksa223YT Хаб #91 » ищу парня вес 900
[18:25:13] [Client thread/INFO] [CHAT] FeizY75 Хаб #92 »  ищу парня вес 50кг в идеале 40
[18:25:29] [Client thread/INFO] [CHAT] FeizY75 Хаб #92 »  от 12 лет
[18:25:31] [Client thread/INFO] [CHAT] Misha1121 Хаб #91 » я коля и я 200
[18:25:37] [Client thread/INFO] [CHAT] I ┃ maksa223YT Хаб #91 » хорош колян
[18:25:37] [Client thread/INFO] [CHAT] Chelovek90988 Хаб #92 » груз?
[18:25:42] [Client thread/INFO] [CHAT] I ┃ maksa223YT Хаб #91 » двухсотый
[18:25:48] [Client thread/INFO] [CHAT] NightyLESTER Хаб #92 » а веть он прав
[18:25:55] [Client thread/INFO] [CHAT] Chelovek90988 Хаб #92 » плов
[18:27:27] [Client thread/INFO] [CHAT] FeizY75 Хаб #91 »  как голосовой чат включть
[18:28:11] [Client thread/INFO] [CHAT] FeizY75 Хаб #91 »  как голосовой чат включить
[18:28:31] [Client thread/INFO] [CHAT] Izumka2355 Хаб #92 » да как включить войсс
[18:29:06] [Client thread/INFO] [CHAT] Sr.M ┃ _95mark_kkk Хаб #91 » q femsis
[18:29:14] [Client thread/INFO] [CHAT] FeizY75 Хаб #91 »  ку
[18:29:22] [Client thread/INFO] [CHAT] FeizY75 Хаб #91 »  только ник не так пишеться
[18:29:34] [Client thread/INFO] [CHAT] FeizY75 Хаб #91 »  внимательно читай в следующий раз прежде чем писать
[18:33:11] [Network thread/INFO] Protocol upgrade mask: 157
[18:33:11] [Network thread/INFO] Upgrading protocol
[18:33:11] [Client thread/INFO] Invalidating server data
[18:33:11] [Client thread/INFO] Unloading mod Visual Driver/df8dc410-e3d0-aa4c-e733-94181cb096bb
[18:33:11] [Client thread/INFO] Unloading mod HubMod/99e383b2-de28-d26d-2da9-8c7c77bc11a4
[18:33:11] [Client thread/INFO] [STDOUT]: [Enginex v5.16.1 - Wada] [Wada/debug] reload requested: ServerSwitch
[18:33:11] [Client thread/INFO] [STDOUT]: [Enginex v5.16.1 - Wada] [Wada/debug] cleanAndReload begin: sessionId=4, awaitingHandshake=true
[18:33:11] [Client thread/INFO] [STDOUT]: [Enginex v5.16.1 - Wada] VAO support: true
[18:33:11] [Client thread/INFO] [STDOUT]: [Enginex v5.16.1 - Wada] Initialization with mod Wada
[18:33:11] [Client thread/INFO] [STDOUT]: [Enginex v5.16.1 - Wada] Successfully initialized
[18:33:11] [Client thread/INFO] Found file C:\Users\tveiv\.cristalix\updates\Minigames\server-resource-packs\40bb4597c7ce6b5b4690666d2a8804747a202ba3 matching requested hash 2a33a213ea168e73eaf34aeab631978eb6603e7b
[18:33:11] [Client thread/INFO] Cache hit
[18:33:11] [Client thread/INFO] Joining server VoidGame #3
[18:33:11] [Client thread/INFO] Reloading ResourceManager: assets-addon.jar, Default, 40bb4597c7ce6b5b4690666d2a8804747a202ba3
[18:33:11] [Client thread/WARN] Missing sound for event: minecraft:entity.turtle.ambient
[18:33:11] [Client thread/WARN] Missing sound for event: minecraft:entity.turtle.baby_hurt
[18:33:11] [Client thread/WARN] Missing sound for event: minecraft:entity.turtle.hurt
[18:33:11] [Client thread/WARN] Missing sound for event: minecraft:entity.turtle.baby_death
[18:33:11] [Client thread/WARN] Missing sound for event: minecraft:entity.turtle.death
[18:33:11] [Client thread/WARN] Missing sound for event: minecraft:entity.turtle.baby_step
[18:33:11] [Client thread/WARN] Missing sound for event: minecraft:entity.turtle.step
[18:33:11] [Client thread/WARN] Missing sound for event: minecraft:entity.turtle.swim
[18:33:11] [Client thread/WARN] Missing sound for event: minecraft:block.turtle_egg.crack
[18:33:11] [Client thread/WARN] Missing sound for event: minecraft:block.turtle_egg.egg_break
[18:33:11] [Client thread/WARN] Missing sound for event: minecraft:block.turtle_egg.fall
[18:33:11] [Client thread/WARN] Missing sound for event: minecraft:block.turtle_egg.hatch
[18:33:11] [Client thread/INFO] SoundSystem shutting down...
[18:33:11] [Client thread/WARN] Author: Paul Lamb, www.paulscode.com
[18:33:11] [Client thread/INFO] Starting up SoundSystem...
[18:33:11] [Thread-37/INFO] Initializing LWJGL OpenAL
[18:33:11] [Thread-37/INFO] (The LWJGL binding of OpenAL.  For more information, see http://www.lwjgl.org)
[18:33:11] [Thread-37/INFO] OpenAL audio device: OpenAL Soft on Динамики (MCHOSE V9 PRO)
[18:33:11] [Thread-37/INFO] OpenAL initialized.
[18:33:11] [Client thread/INFO] Sound engine reloaded
[18:33:11] [ForkJoinPool.commonPool-worker-8/WARN] Unable to load variant: axis=x from minecraft:lodestone#axis=x
[18:33:11] [ForkJoinPool.commonPool-worker-8/WARN] Unable to load variant: axis=y from minecraft:lodestone#axis=y
[18:33:11] [ForkJoinPool.commonPool-worker-8/WARN] Unable to load variant: axis=z from minecraft:lodestone#axis=z
[18:33:11] [ForkJoinPool.commonPool-worker-8/ERROR] Unable to load item model: 'minecraft:mcpatcher/cit/others/megumin_hat#inventory' for item: 'minecraft:mcpatcher/cit/others/megumin_hat'
[18:33:11] [ForkJoinPool.commonPool-worker-8/INFO] [OptiFine] Mipmap levels: 4
[18:33:11] [ForkJoinPool.commonPool-worker-8/INFO] [OptiFine] Multi-texturing: false
[18:33:11] [ForkJoinPool.commonPool-worker-8/INFO] [OptiFine] Multipass connected textures: false
[18:33:11] [ForkJoinPool.commonPool-worker-8/INFO] [OptiFine] BetterGrass: Parsing default configuration optifine/bettergrass.properties
[18:33:11] [ForkJoinPool.commonPool-worker-8/FATAL] [OptiFine] Scaled too small texture: minecraft:particles/glow_2, 8 -> 16
[18:33:11] [ForkJoinPool.commonPool-worker-8/FATAL] [OptiFine] Scaled too small texture: minecraft:particles/glow_1, 8 -> 16
[18:33:11] [ForkJoinPool.commonPool-worker-8/FATAL] [OptiFine] Scaled too small texture: minecraft:particles/glow_0, 8 -> 16
[18:33:11] [ForkJoinPool.commonPool-worker-8/FATAL] [OptiFine] Scaled too small texture: minecraft:particles/glow_6, 8 -> 16
[18:33:11] [ForkJoinPool.commonPool-worker-8/FATAL] [OptiFine] Scaled too small texture: minecraft:particles/glow_5, 8 -> 16
[18:33:11] [ForkJoinPool.commonPool-worker-8/FATAL] [OptiFine] Scaled too small texture: minecraft:particles/glow_4, 8 -> 16
[18:33:11] [ForkJoinPool.commonPool-worker-8/FATAL] [OptiFine] Scaled too small texture: minecraft:particles/glow_3, 8 -> 16
[18:33:11] [ForkJoinPool.commonPool-worker-8/FATAL] [OptiFine] Scaled too small texture: minecraft:particles/glow_9, 8 -> 16
[18:33:11] [ForkJoinPool.commonPool-worker-8/FATAL] [OptiFine] Scaled too small texture: minecraft:particles/glow_8, 8 -> 16
[18:33:11] [ForkJoinPool.commonPool-worker-8/FATAL] [OptiFine] Scaled too small texture: minecraft:particles/glow_7, 8 -> 16
[18:33:11] [ForkJoinPool.commonPool-worker-8/ERROR] Using missing texture, unable to load minecraft:textures/items/wooden_sword.png
[18:33:11] [ForkJoinPool.commonPool-worker-8/FATAL] [OptiFine] Scaled too small texture: minecraft:particles/glow_11, 8 -> 16
[18:33:11] [ForkJoinPool.commonPool-worker-8/FATAL] [OptiFine] Scaled too small texture: minecraft:particles/glow_10, 8 -> 16
[18:33:11] [ForkJoinPool.commonPool-worker-8/FATAL] [OptiFine] Scaled too small texture: minecraft:particles/glow_13, 8 -> 16
[18:33:11] [ForkJoinPool.commonPool-worker-8/FATAL] [OptiFine] Scaled too small texture: minecraft:particles/glow_12, 8 -> 16
[18:33:11] [ForkJoinPool.commonPool-worker-8/FATAL] [OptiFine] Scaled too small texture: minecraft:particles/glow_15, 8 -> 16
[18:33:11] [ForkJoinPool.commonPool-worker-8/FATAL] [OptiFine] Scaled too small texture: minecraft:particles/glow_14, 8 -> 16
[18:33:11] [ForkJoinPool.commonPool-worker-8/INFO] load sprites for 4ms
[18:33:11] [ForkJoinPool.commonPool-worker-8/INFO] Created: 1024x1024 textures-atlas in 14ms
[18:33:11] [ForkJoinPool.commonPool-worker-8/INFO] [DEBUG] Atlas assembly for 1.865ms
[18:33:11] [Client thread/INFO] [DEBUG] upload atlas for 1.398ms
[18:33:11] [Client thread/INFO] [DEBUG] Generate mipmaps for 0.003ms
[18:33:11] [Client thread/INFO] [OptiFine] Animated sprites: 0
[18:33:11] [Client thread/INFO] [OptiFine] CustomColors: Loading mcpatcher/color.properties
[18:33:11] [Client thread/INFO] Textures loaded for 353.296ms
[18:33:11] [Client thread/INFO] Start loading of mod VoidMod
[18:33:11] [Client thread/INFO] Loading mod VoidMod v1.0+089d877 by ZeksterP
[18:33:11] [Client thread/INFO] [STDOUT]: [Enginex v5.13.11-TEST-2 - VoidMod] VAO support: true
[18:33:11] [Client thread/INFO] [STDOUT]: [Enginex v5.13.11-TEST-2 - VoidMod] Initialization with mod VoidMod
[18:33:12] [Client thread/INFO] [STDOUT]: [Enginex v5.13.11-TEST-2 - VoidMod] Successfully initialized
[18:33:12] [Client thread/INFO] Loaded mod VoidMod v1.0+089d877 in 649 ms
[18:33:12] [Client thread/INFO] [STDOUT]: [Enginex v5.16.1 - Wada] [Wada/debug] handshake complete (w4:load), awaitingHandshake=false, sessionId=4
[18:33:12] [Client thread/INFO] [CHAT] [30] RPG_HouS » скоро перезгрузка
[18:33:49] [Client thread/INFO] [CHAT] [28] baga03 » кхм...
[18:33:53] [Client thread/INFO] [CHAT] [28] baga03 » просто в меня 4 взрыва
[18:34:00] [Client thread/INFO] [CHAT] [28] baga03 » -700 хп разом
[18:34:03] [Client thread/INFO] [CHAT] [1] MVP ┃ Patri4ck2 » !тут можно пати играть или нет?
[18:34:04] [Network thread/INFO] Protocol upgrade mask: 157
[18:34:04] [Network thread/INFO] Upgrading protocol
[18:34:04] [Client thread/INFO] Invalidating server data
[18:34:04] [Client thread/INFO] Unloading mod VoidMod/dea98894-e87c-cf12-d25e-54c6e4ce0517
[18:34:04] [Client thread/INFO] [STDOUT]: [Enginex v5.16.1 - Wada] [Wada/debug] reload requested: ServerSwitch
[18:34:04] [Client thread/INFO] [STDOUT]: [Enginex v5.16.1 - Wada] [Wada/debug] cleanAndReload begin: sessionId=5, awaitingHandshake=true
[18:34:04] [Client thread/INFO] [STDOUT]: [Enginex v5.16.1 - Wada] VAO support: true
[18:34:04] [Client thread/INFO] [STDOUT]: [Enginex v5.16.1 - Wada] Initialization with mod Wada
[18:34:04] [Client thread/INFO] [STDOUT]: [Enginex v5.16.1 - Wada] Successfully initialized
[18:34:04] [Client thread/INFO] Joining server Хаб #91
[18:34:04] [Client thread/INFO] Reloading ResourceManager: assets-addon.jar, Default
[18:34:04] [Client thread/WARN] Missing sound for event: minecraft:entity.turtle.ambient
[18:34:04] [Client thread/WARN] Missing sound for event: minecraft:entity.turtle.baby_hurt
[18:34:04] [Client thread/WARN] Missing sound for event: minecraft:entity.turtle.hurt
[18:34:04] [Client thread/WARN] Missing sound for event: minecraft:entity.turtle.baby_death
[18:34:04] [Client thread/WARN] Missing sound for event: minecraft:entity.turtle.death
[18:34:04] [Client thread/WARN] Missing sound for event: minecraft:entity.turtle.baby_step
[18:34:04] [Client thread/WARN] Missing sound for event: minecraft:entity.turtle.step
[18:34:04] [Client thread/WARN] Missing sound for event: minecraft:entity.turtle.swim
[18:34:04] [Client thread/WARN] Missing sound for event: minecraft:block.turtle_egg.crack
[18:34:04] [Client thread/WARN] Missing sound for event: minecraft:block.turtle_egg.egg_break
[18:34:04] [Client thread/WARN] Missing sound for event: minecraft:block.turtle_egg.fall
[18:34:04] [Client thread/WARN] Missing sound for event: minecraft:block.turtle_egg.hatch
[18:34:04] [Client thread/INFO] SoundSystem shutting down...
[18:34:04] [Client thread/WARN] Author: Paul Lamb, www.paulscode.com
[18:34:04] [Client thread/INFO] Starting up SoundSystem...
[18:34:04] [Thread-40/INFO] Initializing LWJGL OpenAL
[18:34:04] [Thread-40/INFO] (The LWJGL binding of OpenAL.  For more information, see http://www.lwjgl.org)
[18:34:04] [Thread-40/INFO] OpenAL audio device: OpenAL Soft on Динамики (MCHOSE V9 PRO)
[18:34:04] [Thread-40/INFO] OpenAL initialized.
[18:34:04] [Client thread/INFO] Sound engine reloaded
[18:34:04] [ForkJoinPool.commonPool-worker-7/WARN] Unable to load variant: axis=x from minecraft:lodestone#axis=x
[18:34:04] [ForkJoinPool.commonPool-worker-7/WARN] Unable to load variant: axis=y from minecraft:lodestone#axis=y
[18:34:04] [ForkJoinPool.commonPool-worker-7/WARN] Unable to load variant: axis=z from minecraft:lodestone#axis=z
[18:34:05] [ForkJoinPool.commonPool-worker-7/ERROR] Unable to load item model: 'minecraft:mcpatcher/cit/others/megumin_hat#inventory' for item: 'minecraft:mcpatcher/cit/others/megumin_hat'
[18:34:05] [ForkJoinPool.commonPool-worker-7/INFO] [OptiFine] Mipmap levels: 4
[18:34:05] [ForkJoinPool.commonPool-worker-7/INFO] [OptiFine] Multi-texturing: false
[18:34:05] [ForkJoinPool.commonPool-worker-7/INFO] [OptiFine] Multipass connected textures: false
[18:34:05] [ForkJoinPool.commonPool-worker-7/INFO] [OptiFine] BetterGrass: Parsing default configuration optifine/bettergrass.properties
[18:34:05] [ForkJoinPool.commonPool-worker-7/FATAL] [OptiFine] Scaled too small texture: minecraft:particles/glow_2, 8 -> 16
[18:34:05] [ForkJoinPool.commonPool-worker-7/FATAL] [OptiFine] Scaled too small texture: minecraft:particles/glow_1, 8 -> 16
[18:34:05] [ForkJoinPool.commonPool-worker-7/FATAL] [OptiFine] Scaled too small texture: minecraft:particles/glow_0, 8 -> 16
[18:34:05] [ForkJoinPool.commonPool-worker-7/FATAL] [OptiFine] Scaled too small texture: minecraft:particles/glow_6, 8 -> 16
[18:34:05] [ForkJoinPool.commonPool-worker-7/FATAL] [OptiFine] Scaled too small texture: minecraft:particles/glow_5, 8 -> 16
[18:34:05] [ForkJoinPool.commonPool-worker-7/FATAL] [OptiFine] Scaled too small texture: minecraft:particles/glow_4, 8 -> 16
[18:34:05] [ForkJoinPool.commonPool-worker-7/FATAL] [OptiFine] Scaled too small texture: minecraft:particles/glow_3, 8 -> 16
[18:34:05] [ForkJoinPool.commonPool-worker-7/FATAL] [OptiFine] Scaled too small texture: minecraft:particles/glow_9, 8 -> 16
[18:34:05] [ForkJoinPool.commonPool-worker-7/FATAL] [OptiFine] Scaled too small texture: minecraft:particles/glow_8, 8 -> 16
[18:34:05] [ForkJoinPool.commonPool-worker-7/FATAL] [OptiFine] Scaled too small texture: minecraft:particles/glow_7, 8 -> 16
[18:34:05] [ForkJoinPool.commonPool-worker-7/FATAL] [OptiFine] Scaled too small texture: minecraft:particles/glow_11, 8 -> 16
[18:34:05] [ForkJoinPool.commonPool-worker-7/FATAL] [OptiFine] Scaled too small texture: minecraft:particles/glow_10, 8 -> 16
[18:34:05] [ForkJoinPool.commonPool-worker-7/FATAL] [OptiFine] Scaled too small texture: minecraft:particles/glow_13, 8 -> 16
[18:34:05] [ForkJoinPool.commonPool-worker-7/FATAL] [OptiFine] Scaled too small texture: minecraft:particles/glow_12, 8 -> 16
[18:34:05] [ForkJoinPool.commonPool-worker-7/FATAL] [OptiFine] Scaled too small texture: minecraft:particles/glow_15, 8 -> 16
[18:34:05] [ForkJoinPool.commonPool-worker-7/FATAL] [OptiFine] Scaled too small texture: minecraft:particles/glow_14, 8 -> 16
[18:34:05] [ForkJoinPool.commonPool-worker-7/INFO] load sprites for 2ms
[18:34:05] [ForkJoinPool.commonPool-worker-7/INFO] Created: 1024x1024 textures-atlas in 13ms
[18:34:05] [ForkJoinPool.commonPool-worker-7/INFO] [DEBUG] Atlas assembly for 1.469ms
[18:34:05] [Client thread/INFO] [DEBUG] upload atlas for 1.296ms
[18:34:05] [Client thread/INFO] [DEBUG] Generate mipmaps for 0.004ms
[18:34:05] [Client thread/INFO] [OptiFine] Animated sprites: 0
[18:34:05] [Client thread/INFO] [OptiFine] CustomColors: Loading mcpatcher/color.properties
[18:34:05] [Client thread/INFO] Textures loaded for 320.796ms
[18:34:05] [Client thread/INFO] Loaded mod HubMod/99e383b2-de28-d26d-2da9-8c7c77bc11a4 v1.4.5 in 6 ms
[18:34:06] [Client thread/INFO] Loaded mod Visual Driver/df8dc410-e3d0-aa4c-e733-94181cb096bb v3.8.31+9da32142 in 3 ms
[18:34:07] [Client thread/INFO] [STDOUT]: [Enginex v5.16.1 - Wada] [Wada/debug] handshake complete (w4:load), awaitingHandshake=false, sessionId=5
[18:35:30] [Client thread/FATAL] Error executing task
java.util.concurrent.ExecutionException: java.lang.NullPointerException: Player with id fbe06063-880e-11ea-acca-1cb72caa35fd/4070 in tab not found!
	at java.base/java.util.concurrent.FutureTask.report(Unknown Source)
	at java.base/java.util.concurrent.FutureTask.get(Unknown Source)
	at #wFFZg.sa(SourceFile:46)
	at #mPGeI.b(SourceFile:52)
	at #QQxhM.sk(SourceFile:1466)
	at #lVFyp.st(SourceFile:1632)
	at #cYnba.sk(SourceFile:487)
	at net.minecraft.client.main.GameMain.a(SourceFile:220)
	at net.minecraft.client.main.GameMain.a(SourceFile:156)
	at #kBJWf.a(Unknown Source)
	at #kBJWf.run(Unknown Source)
	at java.base/java.lang.Thread.run(Unknown Source)
Caused by: java.lang.NullPointerException: Player with id fbe06063-880e-11ea-acca-1cb72caa35fd/4070 in tab not found!
	at #zRAIX.sa(SourceFile:482)
	at #BiMfX.sa(SourceFile:42)
	at #JOjUF.sa(SourceFile:11)
	at #PpmzS.run(SourceFile:32)
	at #aitDA.sa(SourceFile:40)
	at #ckOvf.sa(SourceFile:11)
	at java.base/java.util.concurrent.FutureTask.run(Unknown Source)
	at #wFFZg.sa(SourceFile:45)
	... 9 more
[18:36:33] [Client thread/INFO] [CHAT] H ┃ LF_Line Хаб #91 » почти 3.5к онлайна...
[18:36:37] [Client thread/INFO] [CHAT] H ┃ LF_Line Хаб #91 » офигеть
[18:37:19] [Client thread/INFO] [CHAT] HE ┃ Palksy Хаб #92 »  1000 онлайна на сб твинков
[18:38:00] [Client thread/INFO] [CHAT] MVP ┃ UserMinePlay Хаб #91 » салам
[18:38:03] [Client thread/INFO] [CHAT] P ┃ GaNr Хаб #91 » какие люди
[18:38:07] [Network thread/INFO] Protocol upgrade mask: 157
[18:38:07] [Network thread/INFO] Upgrading protocol
[18:38:07] [Client thread/INFO] Unloading mod Visual Driver/df8dc410-e3d0-aa4c-e733-94181cb096bb
[18:38:07] [Client thread/INFO] Unloading mod HubMod/99e383b2-de28-d26d-2da9-8c7c77bc11a4
[18:38:07] [Client thread/INFO] Invalidating server data
[18:38:07] [Client thread/INFO] [STDOUT]: [Enginex v5.16.1 - Wada] [Wada/debug] reload requested: ServerSwitch
[18:38:07] [Client thread/INFO] Found file C:\Users\tveiv\.cristalix\updates\Minigames\server-resource-packs\037269f2bcf39cb2c670faab95c18bf332248165 matching requested hash f13c7c5a8f3084d1d8a5b7a39b47c3c36b8744d7
[18:38:07] [Client thread/INFO] Allocated new cache for server resource pack
[18:38:07] [Client thread/INFO] Joining server Dungeons Lobby
[18:38:07] [Client thread/INFO] [STDOUT]: [Enginex v5.16.1 - Wada] [Wada/debug] cleanAndReload begin: sessionId=6, awaitingHandshake=true
[18:38:07] [Client thread/INFO] [STDOUT]: [Enginex v5.16.1 - Wada] VAO support: true
[18:38:07] [Client thread/INFO] [STDOUT]: [Enginex v5.16.1 - Wada] Initialization with mod Wada
[18:38:07] [Client thread/INFO] [STDOUT]: [Enginex v5.16.1 - Wada] Successfully initialized
[18:38:07] [Client thread/INFO] Reloading ResourceManager: assets-addon.jar, Default, 037269f2bcf39cb2c670faab95c18bf332248165
[18:38:07] [Client thread/WARN] Missing sound for event: minecraft:entity.turtle.ambient
[18:38:07] [Client thread/WARN] Missing sound for event: minecraft:entity.turtle.baby_hurt
[18:38:07] [Client thread/WARN] Missing sound for event: minecraft:entity.turtle.hurt
[18:38:07] [Client thread/WARN] Missing sound for event: minecraft:entity.turtle.baby_death
[18:38:07] [Client thread/WARN] Missing sound for event: minecraft:entity.turtle.death
[18:38:07] [Client thread/WARN] Missing sound for event: minecraft:entity.turtle.baby_step
[18:38:07] [Client thread/WARN] Missing sound for event: minecraft:entity.turtle.step
[18:38:07] [Client thread/WARN] Missing sound for event: minecraft:entity.turtle.swim
[18:38:07] [Client thread/WARN] Missing sound for event: minecraft:block.turtle_egg.crack
[18:38:07] [Client thread/WARN] Missing sound for event: minecraft:block.turtle_egg.egg_break
[18:38:07] [Client thread/WARN] Missing sound for event: minecraft:block.turtle_egg.fall
[18:38:07] [Client thread/WARN] Missing sound for event: minecraft:block.turtle_egg.hatch
[18:38:07] [Client thread/INFO] SoundSystem shutting down...
[18:38:07] [Client thread/WARN] Author: Paul Lamb, www.paulscode.com
[18:38:07] [Client thread/INFO] Starting up SoundSystem...
[18:38:07] [Thread-44/INFO] Initializing LWJGL OpenAL
[18:38:07] [Thread-44/INFO] (The LWJGL binding of OpenAL.  For more information, see http://www.lwjgl.org)
[18:38:07] [Thread-44/INFO] OpenAL audio device: OpenAL Soft on Динамики (MCHOSE V9 PRO)
[18:38:07] [Thread-44/INFO] OpenAL initialized.
[18:38:07] [Client thread/INFO] Sound engine reloaded
[18:38:08] [Client thread/INFO] [STDOUT]: [Enginex v5.16.1 - Wada] [Wada/debug] handshake complete (w4:load), awaitingHandshake=false, sessionId=6
[18:38:08] [ForkJoinPool.commonPool-worker-1/WARN] Unable to load variant: axis=x from minecraft:lodestone#axis=x
[18:38:08] [ForkJoinPool.commonPool-worker-1/WARN] Unable to load variant: axis=y from minecraft:lodestone#axis=y
[18:38:08] [ForkJoinPool.commonPool-worker-1/WARN] Unable to load variant: axis=z from minecraft:lodestone#axis=z
[18:38:08] [ForkJoinPool.commonPool-worker-1/ERROR] Unable to load item model: 'minecraft:mcpatcher/cit/others/megumin_hat#inventory' for item: 'minecraft:mcpatcher/cit/others/megumin_hat'
[18:38:08] [ForkJoinPool.commonPool-worker-1/INFO] [OptiFine] Mipmap levels: 4
[18:38:08] [ForkJoinPool.commonPool-worker-1/INFO] [OptiFine] Multi-texturing: false
[18:38:08] [ForkJoinPool.commonPool-worker-1/INFO] [OptiFine] Multipass connected textures: false
[18:38:08] [ForkJoinPool.commonPool-worker-1/INFO] [OptiFine] BetterGrass: Parsing default configuration optifine/bettergrass.properties
[18:38:08] [ForkJoinPool.commonPool-worker-1/FATAL] [OptiFine] Scaled too small texture: minecraft:particles/glow_2, 8 -> 16
[18:38:08] [ForkJoinPool.commonPool-worker-1/FATAL] [OptiFine] Scaled too small texture: minecraft:particles/glow_1, 8 -> 16
[18:38:08] [ForkJoinPool.commonPool-worker-1/FATAL] [OptiFine] Scaled too small texture: minecraft:particles/glow_0, 8 -> 16
[18:38:08] [ForkJoinPool.commonPool-worker-1/FATAL] [OptiFine] Scaled too small texture: minecraft:particles/glow_6, 8 -> 16
[18:38:08] [ForkJoinPool.commonPool-worker-1/FATAL] [OptiFine] Scaled too small texture: minecraft:particles/glow_5, 8 -> 16
[18:38:08] [ForkJoinPool.commonPool-worker-1/FATAL] [OptiFine] Scaled too small texture: minecraft:particles/glow_4, 8 -> 16
[18:38:08] [ForkJoinPool.commonPool-worker-1/FATAL] [OptiFine] Scaled too small texture: minecraft:particles/glow_3, 8 -> 16
[18:38:08] [ForkJoinPool.commonPool-worker-1/FATAL] [OptiFine] Scaled too small texture: minecraft:particles/glow_9, 8 -> 16
[18:38:08] [ForkJoinPool.commonPool-worker-1/FATAL] [OptiFine] Scaled too small texture: minecraft:particles/glow_8, 8 -> 16
[18:38:08] [ForkJoinPool.commonPool-worker-1/FATAL] [OptiFine] Scaled too small texture: minecraft:particles/glow_7, 8 -> 16
[18:38:08] [ForkJoinPool.commonPool-worker-1/FATAL] [OptiFine] Scaled too small texture: minecraft:mcpatcher/cit/items/other/dropped_coin, 8 -> 16
[18:38:08] [ForkJoinPool.commonPool-worker-1/WARN] Texture minecraft:mcpatcher/cit/items/other/amethyst_cluster.png compressed from 512x512 to 256x256
[18:38:08] [ForkJoinPool.commonPool-worker-1/FATAL] [OptiFine] Scaled too small texture: minecraft:particles/glow_11, 8 -> 16
[18:38:08] [ForkJoinPool.commonPool-worker-1/FATAL] [OptiFine] Scaled too small texture: minecraft:particles/glow_10, 8 -> 16
[18:38:08] [ForkJoinPool.commonPool-worker-1/FATAL] [OptiFine] Scaled too small texture: minecraft:particles/glow_13, 8 -> 16
[18:38:08] [ForkJoinPool.commonPool-worker-1/FATAL] [OptiFine] Scaled too small texture: minecraft:particles/glow_12, 8 -> 16
[18:38:08] [ForkJoinPool.commonPool-worker-1/FATAL] [OptiFine] Scaled too small texture: minecraft:particles/glow_15, 8 -> 16
[18:38:08] [ForkJoinPool.commonPool-worker-1/FATAL] [OptiFine] Scaled too small texture: minecraft:particles/glow_14, 8 -> 16
[18:38:08] [ForkJoinPool.commonPool-worker-1/ERROR] Using missing texture, unable to load minecraft:mcpatcher/cit/items/founding_of_black_dragon.png
[18:38:08] [ForkJoinPool.commonPool-worker-1/INFO] load sprites for 10ms
[18:38:08] [ForkJoinPool.commonPool-worker-1/INFO] Created: 1024x1024 textures-atlas in 27ms
[18:38:08] [ForkJoinPool.commonPool-worker-1/INFO] [DEBUG] Atlas assembly for 1.926ms
[18:38:08] [Client thread/INFO] [DEBUG] upload atlas for 1.734ms
[18:38:08] [Client thread/INFO] [DEBUG] Generate mipmaps for 0.004ms
[18:38:08] [Client thread/INFO] [OptiFine] Animated sprites: 0
[18:38:08] [Client thread/INFO] [OptiFine] CustomColors: Loading mcpatcher/color.properties
[18:38:08] [Client thread/INFO] Textures loaded for 347.582ms
[18:38:08] [Client thread/INFO] Start loading of mod DungeonMod
[18:38:08] [Client thread/INFO] Loading classes of DungeonMod
[18:38:08] [ForkJoinPool.commonPool-worker-1/INFO] DungeonMod-v2.0.5+57b58c2: class verification completed in 65ms
[18:38:08] [ForkJoinPool.commonPool-worker-1/INFO] DungeonMod-v2.0.5+57b58c2: defineClasses completed in 0ms
[18:38:08] [ForkJoinPool.commonPool-worker-1/INFO] Loaded classes in mod DungeonMod in 67 ms
[18:38:08] [Client thread/INFO] Loading mod DungeonMod v2.0.5+57b58c2 by Falmer & Minjalidze
[18:38:08] [Client thread/INFO] [STDOUT]: [Enginex v5.13.12 - DungeonMod] VAO support: true
[18:38:08] [Client thread/INFO] [STDOUT]: [Enginex v5.13.12 - DungeonMod] Initialization with mod DungeonMod
[18:38:08] [Client thread/INFO] Loaded mod DungeonMod v2.0.5+57b58c2 in 501 ms
[18:38:09] [Thread-46/INFO] [STDOUT]: [Enginex v5.13.12 - DungeonMod] Successfully initialized
[18:38:09] [Client thread/INFO] [STDOUT]: [Enginex v5.13.12 - DungeonMod] [SELECT]: SetTexture: dng:textures/dungeons/1/image
[18:38:09] [Client thread/INFO] [STDOUT]: [Enginex v5.13.12 - DungeonMod] [SELECT]: SetTexture: dng:textures/dungeons/2/image
[18:38:09] [Client thread/INFO] [STDOUT]: [Enginex v5.13.12 - DungeonMod] [SELECT]: SetTexture: dng:textures/dungeons/3/image
[18:38:09] [Client thread/INFO] [STDOUT]: [Enginex v5.13.12 - DungeonMod] [SELECT]: SetTexture: dng:textures/dungeons/4/image
[18:38:09] [Client thread/INFO] [STDOUT]: [Enginex v5.13.12 - DungeonMod] [SELECT]: SetTexture: dng:textures/dungeons/5/image
[18:38:09] [Client thread/INFO] [STDOUT]: [Enginex v5.13.12 - DungeonMod] [SELECT]: SetTexture: dng:textures/dungeons/6/image
[18:38:09] [Client thread/INFO] [STDOUT]: [Enginex v5.13.12 - DungeonMod] [SELECT]: SetTexture: dng:textures/dungeons/7/image
[18:38:09] [Client thread/INFO] [STDOUT]: [Enginex v5.13.12 - DungeonMod] [SELECT]: SetTexture: dng:textures/dungeons/8/image
[18:38:09] [Client thread/INFO] [STDOUT]: [Enginex v5.13.12 - DungeonMod] [SELECT]: SetTexture: dng:textures/dungeons/9/image
[18:38:09] [Client thread/INFO] [STDOUT]: [Enginex v5.13.12 - DungeonMod] [SELECT]: SetTexture: dng:textures/dungeons/10/image
[18:38:09] [Client thread/INFO] [STDOUT]: [Enginex v5.13.12 - DungeonMod] [SELECT]: SetTexture: dng:textures/dungeons/11/image
[18:38:09] [Client thread/INFO] [STDOUT]: [Enginex v5.13.12 - DungeonMod] [SELECT]: SetTexture: dng:textures/dungeons/12/image
[18:38:26] [Network thread/INFO] Protocol upgrade mask: 157
[18:38:26] [Network thread/INFO] Upgrading protocol
[18:38:26] [Client thread/INFO] Unloading mod DungeonMod/e8fad760-7741-62b2-f37f-254097feb2e6
[18:38:26] [Client thread/INFO] [STDOUT]: [Enginex v5.13.12 - DungeonMod] VAO support: true
[18:38:26] [Client thread/INFO] [STDOUT]: [Enginex v5.13.12 - DungeonMod] Initialization with mod DungeonMod
[18:38:26] [Client thread/INFO] Loaded mod DungeonMod/e8fad760-7741-62b2-f37f-254097feb2e6 v2.0.5+57b58c2 in 20 ms
[18:38:26] [Client thread/INFO] Invalidating server data
[18:38:26] [Client thread/INFO] [STDOUT]: [Enginex v5.16.1 - Wada] [Wada/debug] reload requested: ServerSwitch
[18:38:26] [Client thread/INFO] [STDOUT]: [Enginex v5.16.1 - Wada] [Wada/debug] cleanAndReload begin: sessionId=7, awaitingHandshake=true
[18:38:26] [Client thread/INFO] [STDOUT]: [Enginex v5.16.1 - Wada] VAO support: true
[18:38:26] [Client thread/INFO] [STDOUT]: [Enginex v5.16.1 - Wada] Initialization with mod Wada
[18:38:26] [Client thread/INFO] [STDOUT]: [Enginex v5.16.1 - Wada] Successfully initialized
[18:38:26] [Thread-47/INFO] [STDOUT]: [Enginex v5.13.12 - DungeonMod] Successfully initialized
[18:38:26] [Client thread/INFO] Found file C:\Users\tveiv\.cristalix\updates\Minigames\server-resource-packs\037269f2bcf39cb2c670faab95c18bf332248165 matching requested hash f13c7c5a8f3084d1d8a5b7a39b47c3c36b8744d7
[18:38:26] [Client thread/INFO] [CHAT]  Пригласите друзей в лобби, используя команду - /party warp!
[18:38:26] [Client thread/INFO] Joining server Dungeons Game
[18:38:26] [Client thread/INFO] [STDOUT]: [Enginex v5.16.1 - Wada] [Wada/debug] handshake complete (w4:load), awaitingHandshake=false, sessionId=7
[18:38:38] [ForkJoinPool.commonPool-worker-3/INFO] [STDERR]: java.lang.NullPointerException: Cannot invoke "paulscode.sound.ICodec.reverseByteOrder(boolean)" because "<local7>" is null
[18:38:38] [ForkJoinPool.commonPool-worker-3/INFO] [STDERR]: 	at #GNgbs.sa(SourceFile:542)
[18:38:38] [ForkJoinPool.commonPool-worker-3/INFO] [STDERR]: 	at #lqYiQ.a(Unknown Source)
[18:38:38] [ForkJoinPool.commonPool-worker-3/INFO] [STDERR]: 	at #lqYiQ.run(Unknown Source)
[18:38:38] [ForkJoinPool.commonPool-worker-3/INFO] [STDERR]: 	at java.base/java.util.concurrent.ForkJoinTask$RunnableExecuteAction.compute(Unknown Source)
[18:38:38] [ForkJoinPool.commonPool-worker-3/INFO] [STDERR]: 	at java.base/java.util.concurrent.ForkJoinTask$InterruptibleTask.exec(Unknown Source)
[18:38:38] [ForkJoinPool.commonPool-worker-3/INFO] [STDERR]: 	at java.base/java.util.concurrent.ForkJoinTask.doExec(Unknown Source)
[18:38:38] [ForkJoinPool.commonPool-worker-3/INFO] [STDERR]: 	at java.base/java.util.concurrent.ForkJoinPool$WorkQueue.topLevelExec(Unknown Source)
[18:38:38] [ForkJoinPool.commonPool-worker-3/INFO] [STDERR]: 	at java.base/java.util.concurrent.ForkJoinPool.runWorker(Unknown Source)
[18:38:38] [ForkJoinPool.commonPool-worker-3/INFO] [STDERR]: 	at java.base/java.util.concurrent.ForkJoinWorkerThread.run(Unknown Source)
[18:39:46] [Client thread/INFO] [CHAT] P ┃ Tveiv показал предмет Железная Кирка
[18:42:01] [Client thread/INFO] [STDOUT]: [Enginex v5.13.12 - DungeonMod] [COMPLETE]: SetTexture: dng:textures/dungeons/1/image
[18:42:10] [Network thread/INFO] Protocol upgrade mask: 157
[18:42:10] [Network thread/INFO] Upgrading protocol
[18:42:10] [Client thread/INFO] Unloading mod DungeonMod/e8fad760-7741-62b2-f37f-254097feb2e6
[18:42:10] [Client thread/INFO] [STDOUT]: [Enginex v5.13.12 - DungeonMod] VAO support: true
[18:42:10] [Client thread/INFO] [STDOUT]: [Enginex v5.13.12 - DungeonMod] Initialization with mod DungeonMod
[18:42:10] [Client thread/INFO] Loaded mod DungeonMod/e8fad760-7741-62b2-f37f-254097feb2e6 v2.0.5+57b58c2 in 14 ms
[18:42:10] [Client thread/INFO] Invalidating server data
[18:42:10] [Client thread/INFO] [STDOUT]: [Enginex v5.16.1 - Wada] [Wada/debug] reload requested: ServerSwitch
[18:42:11] [Client thread/INFO] [STDOUT]: [Enginex v5.16.1 - Wada] [Wada/debug] cleanAndReload begin: sessionId=8, awaitingHandshake=true
[18:42:11] [Client thread/INFO] [STDOUT]: [Enginex v5.16.1 - Wada] VAO support: true
[18:42:11] [Client thread/INFO] [STDOUT]: [Enginex v5.16.1 - Wada] Initialization with mod Wada
[18:42:11] [Client thread/INFO] [STDOUT]: [Enginex v5.16.1 - Wada] Successfully initialized
[18:42:11] [Thread-48/INFO] [STDOUT]: [Enginex v5.13.12 - DungeonMod] Successfully initialized
[18:42:11] [Client thread/INFO] [STDOUT]: [Enginex v5.16.1 - Wada] [Wada/debug] handshake complete (w4:load), awaitingHandshake=false, sessionId=8
[18:42:11] [Client thread/INFO] Found file C:\Users\tveiv\.cristalix\updates\Minigames\server-resource-packs\037269f2bcf39cb2c670faab95c18bf332248165 matching requested hash f13c7c5a8f3084d1d8a5b7a39b47c3c36b8744d7
[18:42:11] [Client thread/INFO] Joining server Dungeons Lobby
[18:42:11] [Client thread/INFO] [STDOUT]: [Enginex v5.13.12 - DungeonMod] [SELECT]: SetTexture: dng:textures/dungeons/1/image
[18:42:11] [Client thread/INFO] [STDOUT]: [Enginex v5.13.12 - DungeonMod] [SELECT]: SetTexture: dng:textures/dungeons/2/image
[18:42:11] [Client thread/INFO] [STDOUT]: [Enginex v5.13.12 - DungeonMod] [SELECT]: SetTexture: dng:textures/dungeons/3/image
[18:42:11] [Client thread/INFO] [STDOUT]: [Enginex v5.13.12 - DungeonMod] [SELECT]: SetTexture: dng:textures/dungeons/4/image
[18:42:11] [Client thread/INFO] [STDOUT]: [Enginex v5.13.12 - DungeonMod] [SELECT]: SetTexture: dng:textures/dungeons/5/image
[18:42:11] [Client thread/INFO] [STDOUT]: [Enginex v5.13.12 - DungeonMod] [SELECT]: SetTexture: dng:textures/dungeons/6/image
[18:42:11] [Client thread/INFO] [STDOUT]: [Enginex v5.13.12 - DungeonMod] [SELECT]: SetTexture: dng:textures/dungeons/7/image
[18:42:11] [Client thread/INFO] [STDOUT]: [Enginex v5.13.12 - DungeonMod] [SELECT]: SetTexture: dng:textures/dungeons/8/image
[18:42:11] [Client thread/INFO] [STDOUT]: [Enginex v5.13.12 - DungeonMod] [SELECT]: SetTexture: dng:textures/dungeons/9/image
[18:42:11] [Client thread/INFO] [STDOUT]: [Enginex v5.13.12 - DungeonMod] [SELECT]: SetTexture: dng:textures/dungeons/10/image
[18:42:11] [Client thread/INFO] [STDOUT]: [Enginex v5.13.12 - DungeonMod] [SELECT]: SetTexture: dng:textures/dungeons/11/image
[18:42:11] [Client thread/INFO] [STDOUT]: [Enginex v5.13.12 - DungeonMod] [SELECT]: SetTexture: dng:textures/dungeons/12/image
[18:43:23] [Client thread/INFO] [CHAT] \n Следите за новостями проекта в соц. сетях:\n    Dungeons Telegram\n    Dungeons Discord\n\n    Cristalix Telegram\n    Cristalix VK\n
[18:43:28] [Network thread/INFO] Protocol upgrade mask: 157
[18:43:28] [Network thread/INFO] Upgrading protocol
[18:43:28] [Client thread/INFO] Unloading mod DungeonMod/e8fad760-7741-62b2-f37f-254097feb2e6
[18:43:28] [Client thread/INFO] [STDOUT]: [Enginex v5.13.12 - DungeonMod] VAO support: true
[18:43:28] [Client thread/INFO] [STDOUT]: [Enginex v5.13.12 - DungeonMod] Initialization with mod DungeonMod
[18:43:28] [Client thread/INFO] Loaded mod DungeonMod/e8fad760-7741-62b2-f37f-254097feb2e6 v2.0.5+57b58c2 in 12 ms
[18:43:28] [Client thread/INFO] Invalidating server data
[18:43:28] [Client thread/INFO] [STDOUT]: [Enginex v5.16.1 - Wada] [Wada/debug] reload requested: ServerSwitch
[18:43:29] [Client thread/INFO] [STDOUT]: [Enginex v5.16.1 - Wada] [Wada/debug] cleanAndReload begin: sessionId=9, awaitingHandshake=true
[18:43:29] [Client thread/INFO] [STDOUT]: [Enginex v5.16.1 - Wada] VAO support: true
[18:43:29] [Client thread/INFO] [STDOUT]: [Enginex v5.16.1 - Wada] Initialization with mod Wada
[18:43:29] [Client thread/INFO] [STDOUT]: [Enginex v5.16.1 - Wada] Successfully initialized
[18:43:29] [Thread-49/INFO] [STDOUT]: [Enginex v5.13.12 - DungeonMod] Successfully initialized
[18:43:29] [Client thread/INFO] Found file C:\Users\tveiv\.cristalix\updates\Minigames\server-resource-packs\037269f2bcf39cb2c670faab95c18bf332248165 matching requested hash f13c7c5a8f3084d1d8a5b7a39b47c3c36b8744d7
[18:43:29] [Client thread/INFO] [CHAT]  Пригласите друзей в лобби, используя команду - /party warp!
[18:43:29] [Client thread/INFO] Joining server Dungeons Game
[18:43:29] [Client thread/INFO] [STDOUT]: [Enginex v5.16.1 - Wada] [Wada/debug] handshake complete (w4:load), awaitingHandshake=false, sessionId=9
[18:43:45] [ForkJoinPool.commonPool-worker-5/INFO] [STDERR]: java.lang.NullPointerException: Cannot invoke "paulscode.sound.ICodec.reverseByteOrder(boolean)" because "<local7>" is null
[18:43:45] [ForkJoinPool.commonPool-worker-5/INFO] [STDERR]: 	at #GNgbs.sa(SourceFile:542)
[18:43:45] [ForkJoinPool.commonPool-worker-5/INFO] [STDERR]: 	at #lqYiQ.a(Unknown Source)
[18:43:45] [ForkJoinPool.commonPool-worker-5/INFO] [STDERR]: 	at #lqYiQ.run(Unknown Source)
[18:43:45] [ForkJoinPool.commonPool-worker-5/INFO] [STDERR]: 	at java.base/java.util.concurrent.ForkJoinTask$RunnableExecuteAction.compute(Unknown Source)
[18:43:45] [ForkJoinPool.commonPool-worker-5/INFO] [STDERR]: 	at java.base/java.util.concurrent.ForkJoinTask$InterruptibleTask.exec(Unknown Source)
[18:43:45] [ForkJoinPool.commonPool-worker-5/INFO] [STDERR]: 	at java.base/java.util.concurrent.ForkJoinTask.doExec(Unknown Source)
[18:43:45] [ForkJoinPool.commonPool-worker-5/INFO] [STDERR]: 	at java.base/java.util.concurrent.ForkJoinPool$WorkQueue.topLevelExec(Unknown Source)
[18:43:45] [ForkJoinPool.commonPool-worker-5/INFO] [STDERR]: 	at java.base/java.util.concurrent.ForkJoinPool.runWorker(Unknown Source)
[18:43:45] [ForkJoinPool.commonPool-worker-5/INFO] [STDERR]: 	at java.base/java.util.concurrent.ForkJoinWorkerThread.run(Unknown Source)
[18:45:38] [Client thread/INFO] [STDOUT]: [Enginex v5.13.12 - DungeonMod] [COMPLETE]: SetTexture: dng:textures/dungeons/1/image
[18:45:41] [Network thread/INFO] Protocol upgrade mask: 157
[18:45:41] [Network thread/INFO] Upgrading protocol
[18:45:41] [Client thread/INFO] Unloading mod DungeonMod/e8fad760-7741-62b2-f37f-254097feb2e6
[18:45:41] [Client thread/INFO] [STDOUT]: [Enginex v5.13.12 - DungeonMod] VAO support: true
[18:45:41] [Client thread/INFO] [STDOUT]: [Enginex v5.13.12 - DungeonMod] Initialization with mod DungeonMod
[18:45:41] [Client thread/INFO] Loaded mod DungeonMod/e8fad760-7741-62b2-f37f-254097feb2e6 v2.0.5+57b58c2 in 15 ms
[18:45:41] [Client thread/INFO] Invalidating server data
[18:45:41] [Client thread/INFO] [STDOUT]: [Enginex v5.16.1 - Wada] [Wada/debug] reload requested: ServerSwitch
[18:45:42] [Client thread/INFO] [STDOUT]: [Enginex v5.16.1 - Wada] [Wada/debug] cleanAndReload begin: sessionId=10, awaitingHandshake=true
[18:45:42] [Client thread/INFO] [STDOUT]: [Enginex v5.16.1 - Wada] VAO support: true
[18:45:42] [Client thread/INFO] [STDOUT]: [Enginex v5.16.1 - Wada] Initialization with mod Wada
[18:45:42] [Client thread/INFO] [STDOUT]: [Enginex v5.16.1 - Wada] Successfully initialized
[18:45:42] [Thread-50/INFO] [STDOUT]: [Enginex v5.13.12 - DungeonMod] Successfully initialized
[18:45:42] [Client thread/INFO] Found file C:\Users\tveiv\.cristalix\updates\Minigames\server-resource-packs\037269f2bcf39cb2c670faab95c18bf332248165 matching requested hash f13c7c5a8f3084d1d8a5b7a39b47c3c36b8744d7
[18:45:42] [Client thread/INFO] Joining server Dungeons Lobby
[18:45:43] [Client thread/INFO] [STDOUT]: [Enginex v5.16.1 - Wada] [Wada/debug] handshake complete (w4:load), awaitingHandshake=false, sessionId=10
[18:45:43] [Client thread/INFO] [STDOUT]: [Enginex v5.13.12 - DungeonMod] [SELECT]: SetTexture: dng:textures/dungeons/1/image
[18:45:43] [Client thread/INFO] [STDOUT]: [Enginex v5.13.12 - DungeonMod] [SELECT]: SetTexture: dng:textures/dungeons/2/image
[18:45:43] [Client thread/INFO] [STDOUT]: [Enginex v5.13.12 - DungeonMod] [SELECT]: SetTexture: dng:textures/dungeons/3/image
[18:45:43] [Client thread/INFO] [STDOUT]: [Enginex v5.13.12 - DungeonMod] [SELECT]: SetTexture: dng:textures/dungeons/4/image
[18:45:43] [Client thread/INFO] [STDOUT]: [Enginex v5.13.12 - DungeonMod] [SELECT]: SetTexture: dng:textures/dungeons/5/image
[18:45:43] [Client thread/INFO] [STDOUT]: [Enginex v5.13.12 - DungeonMod] [SELECT]: SetTexture: dng:textures/dungeons/6/image
[18:45:43] [Client thread/INFO] [STDOUT]: [Enginex v5.13.12 - DungeonMod] [SELECT]: SetTexture: dng:textures/dungeons/7/image
[18:45:43] [Client thread/INFO] [STDOUT]: [Enginex v5.13.12 - DungeonMod] [SELECT]: SetTexture: dng:textures/dungeons/8/image
[18:45:43] [Client thread/INFO] [STDOUT]: [Enginex v5.13.12 - DungeonMod] [SELECT]: SetTexture: dng:textures/dungeons/9/image
[18:45:43] [Client thread/INFO] [STDOUT]: [Enginex v5.13.12 - DungeonMod] [SELECT]: SetTexture: dng:textures/dungeons/10/image
[18:45:43] [Client thread/INFO] [STDOUT]: [Enginex v5.13.12 - DungeonMod] [SELECT]: SetTexture: dng:textures/dungeons/11/image
[18:45:43] [Client thread/INFO] [STDOUT]: [Enginex v5.13.12 - DungeonMod] [SELECT]: SetTexture: dng:textures/dungeons/12/image
[18:46:37] [Client thread/INFO] [CHAT] Игроки показаны
[18:49:58] [Network thread/INFO] Protocol upgrade mask: 157
[18:49:58] [Network thread/INFO] Upgrading protocol
[18:49:58] [Client thread/INFO] Invalidating server data
[18:49:58] [Client thread/INFO] Unloading mod DungeonMod/e8fad760-7741-62b2-f37f-254097feb2e6
[18:49:58] [Client thread/INFO] [STDOUT]: [Enginex v5.16.1 - Wada] [Wada/debug] reload requested: ServerSwitch
[18:49:58] [Client thread/INFO] [STDOUT]: [Enginex v5.16.1 - Wada] [Wada/debug] cleanAndReload begin: sessionId=11, awaitingHandshake=true
[18:49:58] [Client thread/INFO] [STDOUT]: [Enginex v5.16.1 - Wada] VAO support: true
[18:49:58] [Client thread/INFO] [STDOUT]: [Enginex v5.16.1 - Wada] Initialization with mod Wada
[18:49:58] [Client thread/INFO] [STDOUT]: [Enginex v5.16.1 - Wada] Successfully initialized
[18:49:58] [Client thread/INFO] Reloading ResourceManager: assets-addon.jar, Default
[18:49:58] [Client thread/WARN] Missing sound for event: minecraft:entity.turtle.ambient
[18:49:58] [Client thread/WARN] Missing sound for event: minecraft:entity.turtle.baby_hurt
[18:49:58] [Client thread/WARN] Missing sound for event: minecraft:entity.turtle.hurt
[18:49:58] [Client thread/WARN] Missing sound for event: minecraft:entity.turtle.baby_death
[18:49:58] [Client thread/WARN] Missing sound for event: minecraft:entity.turtle.death
[18:49:58] [Client thread/WARN] Missing sound for event: minecraft:entity.turtle.baby_step
[18:49:58] [Client thread/WARN] Missing sound for event: minecraft:entity.turtle.step
[18:49:58] [Client thread/WARN] Missing sound for event: minecraft:entity.turtle.swim
[18:49:58] [Client thread/WARN] Missing sound for event: minecraft:block.turtle_egg.crack
[18:49:58] [Client thread/WARN] Missing sound for event: minecraft:block.turtle_egg.egg_break
[18:49:58] [Client thread/WARN] Missing sound for event: minecraft:block.turtle_egg.fall
[18:49:58] [Client thread/WARN] Missing sound for event: minecraft:block.turtle_egg.hatch
[18:49:58] [Client thread/INFO] SoundSystem shutting down...
[18:49:58] [Client thread/WARN] Author: Paul Lamb, www.paulscode.com
[18:49:58] [Client thread/INFO] Starting up SoundSystem...
[18:49:58] [Thread-51/INFO] Initializing LWJGL OpenAL
[18:49:58] [Thread-51/INFO] (The LWJGL binding of OpenAL.  For more information, see http://www.lwjgl.org)
[18:49:58] [Thread-51/INFO] OpenAL audio device: OpenAL Soft on Динамики (MCHOSE V9 PRO)
[18:49:58] [Thread-51/INFO] OpenAL initialized.
[18:49:58] [Client thread/INFO] Sound engine reloaded
[18:49:58] [Client thread/INFO] Joining server Хаб #92
[18:49:59] [ForkJoinPool.commonPool-worker-4/WARN] Unable to load variant: axis=x from minecraft:lodestone#axis=x
[18:49:59] [ForkJoinPool.commonPool-worker-4/WARN] Unable to load variant: axis=y from minecraft:lodestone#axis=y
[18:49:59] [ForkJoinPool.commonPool-worker-4/WARN] Unable to load variant: axis=z from minecraft:lodestone#axis=z
[18:49:59] [ForkJoinPool.commonPool-worker-4/ERROR] Unable to load item model: 'minecraft:mcpatcher/cit/others/megumin_hat#inventory' for item: 'minecraft:mcpatcher/cit/others/megumin_hat'
[18:49:59] [ForkJoinPool.commonPool-worker-4/INFO] [OptiFine] Mipmap levels: 4
[18:49:59] [ForkJoinPool.commonPool-worker-4/INFO] [OptiFine] Multi-texturing: false
[18:49:59] [ForkJoinPool.commonPool-worker-4/INFO] [OptiFine] Multipass connected textures: false
[18:49:59] [ForkJoinPool.commonPool-worker-4/INFO] [OptiFine] BetterGrass: Parsing default configuration optifine/bettergrass.properties
[18:49:59] [ForkJoinPool.commonPool-worker-4/FATAL] [OptiFine] Scaled too small texture: minecraft:particles/glow_2, 8 -> 16
[18:49:59] [ForkJoinPool.commonPool-worker-4/FATAL] [OptiFine] Scaled too small texture: minecraft:particles/glow_1, 8 -> 16
[18:49:59] [ForkJoinPool.commonPool-worker-4/FATAL] [OptiFine] Scaled too small texture: minecraft:particles/glow_0, 8 -> 16
[18:49:59] [ForkJoinPool.commonPool-worker-4/FATAL] [OptiFine] Scaled too small texture: minecraft:particles/glow_6, 8 -> 16
[18:49:59] [ForkJoinPool.commonPool-worker-4/FATAL] [OptiFine] Scaled too small texture: minecraft:particles/glow_5, 8 -> 16
[18:49:59] [ForkJoinPool.commonPool-worker-4/FATAL] [OptiFine] Scaled too small texture: minecraft:particles/glow_4, 8 -> 16
[18:49:59] [ForkJoinPool.commonPool-worker-4/FATAL] [OptiFine] Scaled too small texture: minecraft:particles/glow_3, 8 -> 16
[18:49:59] [ForkJoinPool.commonPool-worker-4/FATAL] [OptiFine] Scaled too small texture: minecraft:particles/glow_9, 8 -> 16
[18:49:59] [ForkJoinPool.commonPool-worker-4/FATAL] [OptiFine] Scaled too small texture: minecraft:particles/glow_8, 8 -> 16
[18:49:59] [ForkJoinPool.commonPool-worker-4/FATAL] [OptiFine] Scaled too small texture: minecraft:particles/glow_7, 8 -> 16
[18:49:59] [ForkJoinPool.commonPool-worker-4/FATAL] [OptiFine] Scaled too small texture: minecraft:particles/glow_11, 8 -> 16
[18:49:59] [ForkJoinPool.commonPool-worker-4/FATAL] [OptiFine] Scaled too small texture: minecraft:particles/glow_10, 8 -> 16
[18:49:59] [ForkJoinPool.commonPool-worker-4/FATAL] [OptiFine] Scaled too small texture: minecraft:particles/glow_13, 8 -> 16
[18:49:59] [ForkJoinPool.commonPool-worker-4/FATAL] [OptiFine] Scaled too small texture: minecraft:particles/glow_12, 8 -> 16
[18:49:59] [ForkJoinPool.commonPool-worker-4/FATAL] [OptiFine] Scaled too small texture: minecraft:particles/glow_15, 8 -> 16
[18:49:59] [ForkJoinPool.commonPool-worker-4/FATAL] [OptiFine] Scaled too small texture: minecraft:particles/glow_14, 8 -> 16
[18:49:59] [ForkJoinPool.commonPool-worker-4/INFO] load sprites for 4ms
[18:49:59] [ForkJoinPool.commonPool-worker-4/INFO] Created: 1024x1024 textures-atlas in 47ms
[18:49:59] [ForkJoinPool.commonPool-worker-4/INFO] [DEBUG] Atlas assembly for 1.654ms
[18:49:59] [Client thread/INFO] [DEBUG] upload atlas for 1.533ms
[18:49:59] [Client thread/INFO] [DEBUG] Generate mipmaps for 0.003ms
[18:49:59] [Client thread/INFO] [OptiFine] Animated sprites: 0
[18:49:59] [Client thread/INFO] [OptiFine] CustomColors: Loading mcpatcher/color.properties
[18:49:59] [Client thread/INFO] Textures loaded for 328.132ms
[18:50:01] [Client thread/INFO] Loaded mod HubMod/99e383b2-de28-d26d-2da9-8c7c77bc11a4 v1.4.5 in 7 ms
[18:50:01] [Client thread/INFO] Loaded mod Visual Driver/df8dc410-e3d0-aa4c-e733-94181cb096bb v3.8.31+9da32142 in 2 ms
[18:50:03] [Client thread/INFO] [STDOUT]: [Enginex v5.16.1 - Wada] [Wada/debug] handshake complete (w4:load), awaitingHandshake=false, sessionId=11
[18:50:52] [Client thread/INFO] [CHAT] P+ ┃ Xxx_BOSS_xxX Хаб #91 » чё то тут много в хабе
[18:51:31] [Client thread/INFO] [CHAT] i Вас не приглашали на эту вечеринку!
[18:51:36] [Client thread/INFO] [CHAT] You are not white-listed on this server
[18:51:38] [Client thread/INFO] [CHAT] Вход только для разработчиков!
[18:51:41] [Client thread/INFO] [CHAT] i Тебе сюда нельзя!
[18:51:47] [Network thread/INFO] Protocol upgrade mask: 157
[18:51:47] [Network thread/INFO] Upgrading protocol
[18:51:47] [Client thread/INFO] Invalidating server data
[18:51:47] [Client thread/INFO] Unloading mod Visual Driver/df8dc410-e3d0-aa4c-e733-94181cb096bb
[18:51:47] [Client thread/INFO] Unloading mod HubMod/99e383b2-de28-d26d-2da9-8c7c77bc11a4
[18:51:47] [Client thread/INFO] [STDOUT]: [Enginex v5.16.1 - Wada] [Wada/debug] reload requested: ServerSwitch
[18:51:47] [Client thread/INFO] [STDOUT]: [Enginex v5.16.1 - Wada] [Wada/debug] cleanAndReload begin: sessionId=12, awaitingHandshake=true
[18:51:47] [Client thread/INFO] [STDOUT]: [Enginex v5.16.1 - Wada] VAO support: true
[18:51:47] [Client thread/INFO] [STDOUT]: [Enginex v5.16.1 - Wada] Initialization with mod Wada
[18:51:47] [Client thread/INFO] [STDOUT]: [Enginex v5.16.1 - Wada] Successfully initialized
[18:51:47] [Client thread/INFO] Start loading of mod StoreMod
[18:51:47] [Client thread/INFO] Loading classes of StoreMod
[18:51:47] [ForkJoinPool.commonPool-worker-2/INFO] StoreMod-v2.1.1+442fff1: class verification completed in 3ms
[18:51:47] [ForkJoinPool.commonPool-worker-2/INFO] StoreMod-v2.1.1+442fff1: defineClasses completed in 0ms
[18:51:47] [ForkJoinPool.commonPool-worker-2/INFO] Loaded classes in mod StoreMod in 5 ms
[18:51:47] [Client thread/INFO] Loading mod StoreMod v2.1.1+442fff1 by Cristalix Team
[18:51:47] [Client thread/INFO] Loaded mod StoreMod v2.1.1+442fff1 in 50 ms
[18:51:47] [Client thread/INFO] Start loading of mod sims-mod
[18:51:47] [Client thread/INFO] Loading classes of sims-mod
[18:51:47] [ForkJoinPool.commonPool-worker-2/INFO] sims-mod-v1.0.0+d7a4a7a0: class verification completed in 8ms
[18:51:47] [ForkJoinPool.commonPool-worker-2/INFO] sims-mod-v1.0.0+d7a4a7a0: defineClasses completed in 0ms
[18:51:47] [ForkJoinPool.commonPool-worker-2/INFO] Loaded classes in mod sims-mod in 11 ms
[18:51:47] [Client thread/INFO] Loading mod sims-mod v1.0.0+d7a4a7a0 by Cristalix Team
[18:51:47] [Client thread/INFO] [STDOUT]: [Enginex v5.3.5 - sims-mod] VAO support: true
[18:51:47] [Client thread/INFO] [STDOUT]: [Enginex v5.3.5 - sims-mod] Initialization with mod sims-mod
[18:51:47] [Client thread/INFO] Loaded mod sims-mod v1.0.0+d7a4a7a0 in 222 ms
[18:51:47] [Client thread/INFO] Start loading of mod MiniMap
[18:51:47] [Client thread/INFO] Loading classes of MiniMap
[18:51:47] [Client thread/INFO] [CHAT] 
[18:51:47] [Client thread/INFO] [CHAT] Новости SIMS: t.me/cristalixsims
[18:51:47] [Client thread/INFO] [CHAT] 
[18:51:47] [Client thread/INFO] Joining server Sims #1587
[18:51:47] [ForkJoinPool.commonPool-worker-5/INFO] MiniMap-v1.0.0+3fda5b0: class verification completed in 15ms
[18:51:47] [ForkJoinPool.commonPool-worker-5/INFO] MiniMap-v1.0.0+3fda5b0: defineClasses completed in 0ms
[18:51:47] [ForkJoinPool.commonPool-worker-5/INFO] Loaded classes in mod MiniMap in 17 ms
[18:51:47] [Network thread/INFO] Protocol upgrade mask: 157
[18:51:47] [Network thread/INFO] Upgrading protocol
[18:51:47] [Client thread/INFO] [STDOUT]: [Enginex v5.16.1 - Wada] [Wada/debug] handshake complete (w4:load), awaitingHandshake=false, sessionId=12
[18:51:47] [Client thread/INFO] Loading mod MiniMap v1.0.0+3fda5b0 by Cristalix Team
[18:51:47] [vc-microphone/INFO] Use OpenAL Soft on Микрофон (MCHOSE V9 PRO) as microphone
[18:51:47] [Client thread/INFO] Mod MiniMap v1.0.0+3fda5b0 could not be loaded ru/cristalix/uiengine/utility/texture/TextureManager
[18:51:47] [Client thread/INFO] Unloading mod MiniMap/34b3a8e7-691a-5987-2ded-fb39c4d65477
[18:51:47] [Client thread/INFO] Start loading of mod Wada Addons
[18:51:47] [Client thread/INFO] Loading classes of Wada Addons
[18:51:47] [ForkJoinPool.commonPool-worker-2/INFO] Wada Addons-v0.0.31+186d9d1: class verification completed in 8ms
[18:51:47] [ForkJoinPool.commonPool-worker-2/INFO] Wada Addons-v0.0.31+186d9d1: defineClasses completed in 0ms
[18:51:47] [ForkJoinPool.commonPool-worker-2/INFO] Loaded classes in mod Wada Addons in 10 ms
[18:51:47] [Client thread/INFO] Invalidating server data
[18:51:47] [Client thread/INFO] Unloading mod sims-mod/9a7505f6-7d6d-00d9-7fff-bf3d03c25721
[18:51:47] [Client thread/INFO] Unloading mod StoreMod/a1212294-b352-2d5d-94af-a5c28073ccf9
[18:51:47] [Client thread/INFO] Mod MiniMap/34b3a8e7-691a-5987-2ded-fb39c4d65477 is already unloaded
[18:51:47] [Thread-56/INFO] [STDERR]: java.lang.NullPointerException: Cannot read field "clientApi" because "gg.cristalix.enginex.Enginex.instance" is null
[18:51:47] [Thread-56/INFO] [STDERR]: 	at sims-mod-v1.0.0+d7a4a7a0//gg.cristalix.enginex.Enginex.getMinecraft(SourceFile:178)
[18:51:47] [Thread-56/INFO] [STDERR]: 	at sims-mod-v1.0.0+d7a4a7a0//gg.cristalix.enginex.element.screen.AbstractGuiScreen.<init>(SourceFile:87)
[18:51:47] [Thread-56/INFO] [STDERR]: 	at sims-mod-v1.0.0+d7a4a7a0//gg.cristalix.enginex.element.screen.type.GuiScreenResize.<init>(SourceFile:46)
[18:51:47] [Thread-56/INFO] [STDERR]: 	at sims-mod-v1.0.0+d7a4a7a0//ru.cristalix.buildbond.ChangeInput.<init>(SourceFile:37)
[18:51:47] [Thread-56/INFO] [STDERR]: 	at sims-mod-v1.0.0+d7a4a7a0//ru.cristalix.buildbond.Mod.asyncOnLoad(SourceFile)
[18:51:47] [Thread-56/INFO] [STDERR]: 	at sims-mod-v1.0.0+d7a4a7a0//gg.cristalix.enginex.JavaMod.lambda$load$0(SourceFile:31)
[18:51:47] [Thread-56/INFO] [STDERR]: 	at sims-mod-v1.0.0+d7a4a7a0//gg.cristalix.enginex.JavaMod.injectedLambda$lambda$load$0$0(SourceFile)
[18:51:47] [Thread-56/INFO] [STDERR]: 	at java.base/java.lang.Thread.run(Unknown Source)
[18:51:47] [Client thread/INFO] [STDOUT]: [Enginex v5.16.1 - Wada] [Wada/debug] reload requested: ServerSwitch
[18:51:47] [Client thread/INFO] [STDOUT]: [Enginex v5.16.1 - Wada] [Wada/debug] cleanAndReload begin: sessionId=13, awaitingHandshake=true
[18:51:47] [Client thread/INFO] [STDOUT]: [Enginex v5.16.1 - Wada] VAO support: true
[18:51:47] [Client thread/INFO] [STDOUT]: [Enginex v5.16.1 - Wada] Initialization with mod Wada
[18:51:47] [Client thread/INFO] [STDOUT]: [Enginex v5.16.1 - Wada] Successfully initialized
[18:51:47] [Client thread/INFO] Loading mod Wada Addons v0.0.31+186d9d1 by matswuuu
[18:51:47] [Client thread/WARN] Unload mod Wada Addons/b0d2ffd9-e24e-af45-cc19-bc478a7b3aab because mod state is not init!
[18:51:47] [Client thread/INFO] Failed lode mod Wada Addons, because already unloaded
[18:51:47] [Client thread/INFO] Start loading of mod Visual Driver
[18:51:47] [Client thread/INFO] Loading classes of Visual Driver
[18:51:47] [ForkJoinPool.commonPool-worker-3/INFO] Visual Driver-v3.8.30+8a058c87: class verification completed in 10ms
[18:51:47] [ForkJoinPool.commonPool-worker-3/INFO] Visual Driver-v3.8.30+8a058c87: defineClasses completed in 0ms
[18:51:47] [ForkJoinPool.commonPool-worker-3/INFO] Loaded classes in mod Visual Driver in 11 ms
[18:51:47] [Client thread/INFO] Loading mod Visual Driver v3.8.30+8a058c87 by Cristalix Team
[18:51:47] [Client thread/INFO] Loaded mod Visual Driver v3.8.30+8a058c87 in 54 ms
[18:51:48] [Client thread/INFO] Start loading of mod cf-nginx
[18:51:48] [Client thread/INFO] Loading classes of cf-nginx
[18:51:48] [Client thread/INFO] Joining server TutorFight #75
[18:51:48] [ForkJoinPool.commonPool-worker-3/INFO] cf-nginx-v0.1+d1ad77fe: class verification completed in 12ms
[18:51:48] [ForkJoinPool.commonPool-worker-3/INFO] cf-nginx-v0.1+d1ad77fe: defineClasses completed in 0ms
[18:51:48] [ForkJoinPool.commonPool-worker-3/INFO] Loaded classes in mod cf-nginx in 13 ms
[18:51:48] [Client thread/INFO] Loading mod cf-nginx v0.1+d1ad77fe by PartyIsLife
[18:51:48] [Client thread/INFO] [STDOUT]: [Enginex v5.12.2 - cf-nginx] VAO support: true
[18:51:48] [Client thread/INFO] [STDOUT]: [Enginex v5.12.2 - cf-nginx] Initialization with mod cf-nginx
[18:51:48] [Client thread/INFO] Loaded mod cf-nginx v0.1+d1ad77fe in 337 ms
[18:51:48] [Client thread/INFO] [STDOUT]: [Enginex v5.16.1 - Wada] [Wada/debug] handshake complete (w4:load), awaitingHandshake=false, sessionId=13
[18:51:48] [Client thread/INFO] [STDOUT]: [Enginex v5.16.1 - Wada] [Wada/debug] handshake complete (w2:load), awaitingHandshake=false, sessionId=13
[18:51:48] [ForkJoinPool.commonPool-worker-6/INFO] Found file C:\Users\tveiv\.cristalix\updates\Minigames\server-resource-packs\78d5507d640e20574d6b876c0d412f880db544a8 matching requested hash 03300c2fee043d7d18b465cd893455dd32c65e34
[18:51:48] [ForkJoinPool.commonPool-worker-6/INFO] Allocated new cache for server resource pack
[18:51:48] [Client thread/INFO] [STDOUT]: Experimental module loaded successfully!
[18:51:48] [Client thread/INFO] Reloading ResourceManager: assets-addon.jar, Default, 78d5507d640e20574d6b876c0d412f880db544a8
[18:51:48] [Thread-58/INFO] [STDOUT]: [Enginex v5.12.2 - cf-nginx] Successfully initialized
[18:51:48] [Client thread/WARN] Missing sound for event: minecraft:entity.turtle.ambient
[18:51:48] [Client thread/WARN] Missing sound for event: minecraft:entity.turtle.baby_hurt
[18:51:48] [Client thread/WARN] Missing sound for event: minecraft:entity.turtle.hurt
[18:51:48] [Client thread/WARN] Missing sound for event: minecraft:entity.turtle.baby_death
[18:51:48] [Client thread/WARN] Missing sound for event: minecraft:entity.turtle.death
[18:51:48] [Client thread/WARN] Missing sound for event: minecraft:entity.turtle.baby_step
[18:51:48] [Client thread/WARN] Missing sound for event: minecraft:entity.turtle.step
[18:51:48] [Client thread/WARN] Missing sound for event: minecraft:entity.turtle.swim
[18:51:48] [Client thread/WARN] Missing sound for event: minecraft:block.turtle_egg.crack
[18:51:48] [Client thread/WARN] Missing sound for event: minecraft:block.turtle_egg.egg_break
[18:51:48] [Client thread/WARN] Missing sound for event: minecraft:block.turtle_egg.fall
[18:51:48] [Client thread/WARN] Missing sound for event: minecraft:block.turtle_egg.hatch
[18:51:48] [Client thread/INFO] SoundSystem shutting down...
[18:51:48] [Client thread/WARN] Author: Paul Lamb, www.paulscode.com
[18:51:48] [Client thread/INFO] Starting up SoundSystem...
[18:51:48] [Thread-59/INFO] Initializing LWJGL OpenAL
[18:51:48] [Thread-59/INFO] (The LWJGL binding of OpenAL.  For more information, see http://www.lwjgl.org)
[18:51:48] [Thread-59/INFO] OpenAL audio device: OpenAL Soft on Динамики (MCHOSE V9 PRO)
[18:51:48] [Thread-59/INFO] OpenAL initialized.
[18:51:48] [Client thread/INFO] Sound engine reloaded
[18:51:49] [ForkJoinPool.commonPool-worker-8/WARN] Unable to load variant: axis=x from minecraft:lodestone#axis=x
[18:51:49] [ForkJoinPool.commonPool-worker-8/WARN] Unable to load variant: axis=y from minecraft:lodestone#axis=y
[18:51:49] [ForkJoinPool.commonPool-worker-8/WARN] Unable to load variant: axis=z from minecraft:lodestone#axis=z
[18:51:49] [ForkJoinPool.commonPool-worker-8/WARN] Unable to load block model: 'minecraft:block/simple_block_6195' for variant: 'minecraft:simple_block_6195#facing=south': #JVZLS 
[18:51:49] [ForkJoinPool.commonPool-worker-8/WARN] Unable to load block model: 'minecraft:block/simple_block_6194' for variant: 'minecraft:simple_block_6194#facing=east': #JVZLS 
[18:51:49] [ForkJoinPool.commonPool-worker-8/WARN] Unable to load block model: 'minecraft:block/simple_block_6194' for variant: 'minecraft:simple_block_6194#facing=south': #JVZLS 
[18:51:49] [ForkJoinPool.commonPool-worker-8/WARN] Unable to load block model: 'minecraft:block/simple_block_6131' for variant: 'minecraft:simple_block_6131#facing=north': #JVZLS 
[18:51:49] [ForkJoinPool.commonPool-worker-8/WARN] Unable to load block model: 'minecraft:block/simple_block_6131' for variant: 'minecraft:simple_block_6131#facing=west': #JVZLS 
[18:51:49] [ForkJoinPool.commonPool-worker-8/WARN] Unable to load block model: 'minecraft:block/simple_block_6201' for variant: 'minecraft:simple_block_6201#facing=east': #JVZLS 
[18:51:49] [ForkJoinPool.commonPool-worker-8/WARN] Unable to load block model: 'minecraft:block/simple_block_6131' for variant: 'minecraft:simple_block_6131#facing=east': #JVZLS 
[18:51:49] [ForkJoinPool.commonPool-worker-8/WARN] Unable to load block model: 'minecraft:block/simple_block_6195' for variant: 'minecraft:simple_block_6195#facing=west': #JVZLS 
[18:51:49] [ForkJoinPool.commonPool-worker-8/WARN] Unable to load block model: 'minecraft:block/simple_block_6201' for variant: 'minecraft:simple_block_6201#facing=south': #JVZLS 
[18:51:49] [ForkJoinPool.commonPool-worker-8/WARN] Unable to load block model: 'minecraft:block/simple_block_6201' for variant: 'minecraft:simple_block_6201#facing=north': #JVZLS 
[18:51:49] [ForkJoinPool.commonPool-worker-8/WARN] Unable to load block model: 'minecraft:block/simple_block_6130' for variant: 'minecraft:simple_block_6130#facing=west': #JVZLS 
[18:51:49] [ForkJoinPool.commonPool-worker-8/WARN] Unable to load block model: 'minecraft:block/simple_block_6195' for variant: 'minecraft:simple_block_6195#facing=north': #JVZLS 
[18:51:49] [ForkJoinPool.commonPool-worker-8/WARN] Unable to load block model: 'minecraft:block/simple_block_6130' for variant: 'minecraft:simple_block_6130#facing=east': #JVZLS 
[18:51:49] [ForkJoinPool.commonPool-worker-8/WARN] Unable to load block model: 'minecraft:block/simple_block_6131' for variant: 'minecraft:simple_block_6131#facing=south': #JVZLS 
[18:51:49] [ForkJoinPool.commonPool-worker-8/WARN] Unable to load block model: 'minecraft:block/simple_block_6194' for variant: 'minecraft:simple_block_6194#facing=west': #JVZLS 
[18:51:49] [ForkJoinPool.commonPool-worker-8/WARN] Unable to load block model: 'minecraft:block/simple_block_6201' for variant: 'minecraft:simple_block_6201#facing=west': #JVZLS 
[18:51:49] [ForkJoinPool.commonPool-worker-8/WARN] Unable to load block model: 'minecraft:block/simple_block_6194' for variant: 'minecraft:simple_block_6194#facing=north': #JVZLS 
[18:51:49] [ForkJoinPool.commonPool-worker-8/WARN] Unable to load block model: 'minecraft:block/simple_block_6130' for variant: 'minecraft:simple_block_6130#facing=north': #JVZLS 
[18:51:49] [ForkJoinPool.commonPool-worker-8/WARN] Unable to load block model: 'minecraft:block/simple_block_6130' for variant: 'minecraft:simple_block_6130#facing=south': #JVZLS 
[18:51:49] [ForkJoinPool.commonPool-worker-8/WARN] Unable to load block model: 'minecraft:block/simple_block_6195' for variant: 'minecraft:simple_block_6195#facing=east': #JVZLS 
[18:51:49] [ForkJoinPool.commonPool-worker-8/ERROR] Unable to load item model: 'minecraft:mcpatcher/cit/eat/new/food_1#inventory' for item: 'minecraft:mcpatcher/cit/eat/new/food_1'
[18:51:49] [ForkJoinPool.commonPool-worker-8/ERROR] Unable to load item model: 'minecraft:mcpatcher/cit/icons/icon_gruz#inventory' for item: 'minecraft:mcpatcher/cit/icons/icon_gruz'
[18:51:49] [ForkJoinPool.commonPool-worker-8/ERROR] Unable to load item model: 'minecraft:mcpatcher/cit/icons/icon_zone#inventory' for item: 'minecraft:mcpatcher/cit/icons/icon_zone'
[18:51:49] [ForkJoinPool.commonPool-worker-8/ERROR] Unable to load item model: 'minecraft:mcpatcher/cit/cars/semitruck#inventory' for item: 'minecraft:mcpatcher/cit/cars/semitruck'
[18:51:49] [ForkJoinPool.commonPool-worker-8/ERROR] Unable to load item model: 'minecraft:mcpatcher/cit/eat/new/food_1#inventory' for item: 'minecraft:mcpatcher/cit/eat/new/food_1'
[18:51:49] [ForkJoinPool.commonPool-worker-8/ERROR] Unable to load item model: 'minecraft:mcpatcher/cit/others/megumin_hat#inventory' for item: 'minecraft:mcpatcher/cit/others/megumin_hat'
[18:51:49] [ForkJoinPool.commonPool-worker-8/ERROR] Unable to load item model: 'minecraft:mcpatcher/cit/icons/icon_dost#inventory' for item: 'minecraft:mcpatcher/cit/icons/icon_dost'
[18:51:49] [ForkJoinPool.commonPool-worker-8/ERROR] Unable to load item model: 'minecraft:mcpatcher/cit/icons/icon_macdack#inventory' for item: 'minecraft:mcpatcher/cit/icons/icon_macdack'
[18:51:49] [ForkJoinPool.commonPool-worker-8/ERROR] Unable to load item model: 'minecraft:mcpatcher/cit/eat/new/food_1#inventory' for item: 'minecraft:mcpatcher/cit/eat/new/food_1'
[18:51:49] [ForkJoinPool.commonPool-worker-8/ERROR] Unable to load item model: 'minecraft:mcpatcher/cit/eat/new/food_1#inventory' for item: 'minecraft:mcpatcher/cit/eat/new/food_1'
[18:51:49] [ForkJoinPool.commonPool-worker-8/WARN] Missing model for: minecraft:simple_block_6195#facing=south
[18:51:49] [ForkJoinPool.commonPool-worker-8/WARN] Missing model for: minecraft:simple_block_6194#facing=east
[18:51:49] [ForkJoinPool.commonPool-worker-8/WARN] Missing model for: minecraft:simple_block_6194#facing=south
[18:51:49] [ForkJoinPool.commonPool-worker-8/WARN] Missing model for: minecraft:simple_block_6131#facing=north
[18:51:49] [ForkJoinPool.commonPool-worker-8/WARN] Missing model for: minecraft:simple_block_6131#facing=west
[18:51:49] [ForkJoinPool.commonPool-worker-8/WARN] Missing model for: minecraft:simple_block_6201#facing=east
[18:51:49] [ForkJoinPool.commonPool-worker-8/WARN] Missing model for: minecraft:simple_block_6131#facing=east
[18:51:49] [ForkJoinPool.commonPool-worker-8/WARN] Missing model for: minecraft:simple_block_6195#facing=west
[18:51:49] [ForkJoinPool.commonPool-worker-8/WARN] Missing model for: minecraft:simple_block_6201#facing=south
[18:51:49] [ForkJoinPool.commonPool-worker-8/WARN] Missing model for: minecraft:simple_block_6201#facing=north
[18:51:49] [ForkJoinPool.commonPool-worker-8/WARN] Missing model for: minecraft:simple_block_6130#facing=west
[18:51:49] [ForkJoinPool.commonPool-worker-8/WARN] Missing model for: minecraft:simple_block_6195#facing=north
[18:51:49] [ForkJoinPool.commonPool-worker-8/WARN] Missing model for: minecraft:simple_block_6130#facing=east
[18:51:49] [ForkJoinPool.commonPool-worker-8/WARN] Missing model for: minecraft:simple_block_6131#facing=south
[18:51:49] [ForkJoinPool.commonPool-worker-8/WARN] Missing model for: minecraft:simple_block_6194#facing=west
[18:51:49] [ForkJoinPool.commonPool-worker-8/WARN] Missing model for: minecraft:simple_block_6201#facing=west
[18:51:49] [ForkJoinPool.commonPool-worker-8/WARN] Missing model for: minecraft:simple_block_6194#facing=north
[18:51:49] [ForkJoinPool.commonPool-worker-8/WARN] Missing model for: minecraft:simple_block_6130#facing=north
[18:51:49] [ForkJoinPool.commonPool-worker-8/WARN] Missing model for: minecraft:simple_block_6130#facing=south
[18:51:49] [ForkJoinPool.commonPool-worker-8/WARN] Missing model for: minecraft:simple_block_6195#facing=east
[18:51:49] [ForkJoinPool.commonPool-worker-8/INFO] [OptiFine] Mipmap levels: 4
[18:51:49] [ForkJoinPool.commonPool-worker-8/INFO] [OptiFine] Multi-texturing: false
[18:51:49] [ForkJoinPool.commonPool-worker-8/INFO] [OptiFine] Multipass connected textures: false
[18:51:49] [ForkJoinPool.commonPool-worker-8/INFO] [OptiFine] BetterGrass: Parsing default configuration optifine/bettergrass.properties
[18:51:49] [ForkJoinPool.commonPool-worker-8/WARN] Texture minecraft:textures/blocks/livingroom_table_1.png compressed from 512x512 to 256x256
[18:51:49] [ForkJoinPool.commonPool-worker-8/FATAL] [OptiFine] Scaled too small texture: minecraft:particles/glow_2, 8 -> 16
[18:51:49] [ForkJoinPool.commonPool-worker-8/FATAL] [OptiFine] Scaled too small texture: minecraft:particles/glow_1, 8 -> 16
[18:51:49] [ForkJoinPool.commonPool-worker-8/FATAL] [OptiFine] Scaled too small texture: minecraft:particles/glow_0, 8 -> 16
[18:51:49] [ForkJoinPool.commonPool-worker-8/FATAL] [OptiFine] Scaled too small texture: minecraft:particles/glow_6, 8 -> 16
[18:51:49] [ForkJoinPool.commonPool-worker-8/FATAL] [OptiFine] Scaled too small texture: minecraft:particles/glow_5, 8 -> 16
[18:51:49] [ForkJoinPool.commonPool-worker-8/FATAL] [OptiFine] Scaled too small texture: minecraft:particles/glow_4, 8 -> 16
[18:51:49] [ForkJoinPool.commonPool-worker-8/FATAL] [OptiFine] Scaled too small texture: minecraft:particles/glow_3, 8 -> 16
[18:51:49] [ForkJoinPool.commonPool-worker-8/FATAL] [OptiFine] Scaled too small texture: minecraft:particles/glow_9, 8 -> 16
[18:51:49] [ForkJoinPool.commonPool-worker-8/FATAL] [OptiFine] Scaled too small texture: minecraft:particles/glow_8, 8 -> 16
[18:51:49] [ForkJoinPool.commonPool-worker-8/FATAL] [OptiFine] Scaled too small texture: minecraft:particles/glow_7, 8 -> 16
[18:51:49] [ForkJoinPool.commonPool-worker-8/FATAL] [OptiFine] Scaled non power of 2: minecraft:blocks/spark_animation, 5 -> 16
[18:51:49] [ForkJoinPool.commonPool-worker-8/ERROR] Using missing texture, unable to load minecraft:mcpatcher/cit/eat/food_12.png
[18:51:49] [ForkJoinPool.commonPool-worker-8/ERROR] Using missing texture, unable to load minecraft:mcpatcher/cit/eat/food_11.png
[18:51:49] [ForkJoinPool.commonPool-worker-8/ERROR] Using missing texture, unable to load minecraft:mcpatcher/cit/eat/food_14.png
[18:51:49] [ForkJoinPool.commonPool-worker-8/ERROR] Using missing texture, unable to load minecraft:mcpatcher/cit/eat/food_13.png
[18:51:49] [ForkJoinPool.commonPool-worker-8/ERROR] Using missing texture, unable to load minecraft:mcpatcher/cit/eat/food_10.png
[18:51:49] [ForkJoinPool.commonPool-worker-8/ERROR] Using missing texture, unable to load minecraft:mcpatcher/cit/eat/food_16.png
[18:51:49] [ForkJoinPool.commonPool-worker-8/ERROR] Using missing texture, unable to load minecraft:mcpatcher/cit/eat/food_15.png
[18:51:49] [ForkJoinPool.commonPool-worker-8/ERROR] Using missing texture, unable to load minecraft:mcpatcher/cit/eat/food_18.png
[18:51:49] [ForkJoinPool.commonPool-worker-8/ERROR] Using missing texture, unable to load minecraft:mcpatcher/cit/eat/food_17.png
[18:51:49] [ForkJoinPool.commonPool-worker-8/WARN] Texture minecraft:textures/blocks/police_iron_shelf_2.png compressed from 512x512 to 256x256
[18:51:49] [ForkJoinPool.commonPool-worker-8/ERROR] Using missing texture, unable to load minecraft:mcpatcher/cit/other/kvadrober/skunk_mask_icon.png
[18:51:49] [ForkJoinPool.commonPool-worker-8/ERROR] Using missing texture, unable to load minecraft:textures/blocksbirdcage.png
[18:51:49] [ForkJoinPool.commonPool-worker-8/FATAL] [OptiFine] Scaled too small texture: minecraft:blocks/card_slot, 2 -> 16
[18:51:49] [ForkJoinPool.commonPool-worker-8/ERROR] Error with minecraft:textures/blocks/01_animation_2_texture.png
java.lang.RuntimeException: broken aspect ratio and not an animation
	at #LNSZq.sa(Unknown Source:355)
	at #mHYuE.sa(Unknown Source:220)
	at #NMBJY.sa(Unknown Source:616)
	at #PMmeg.sa(SourceFile:150)
	at #dhwnP.sa(SourceFile:992)
	at #lfeSc.sa(SourceFile:133)
	at #MZOhh.sa(Unknown Source:71)
	at #pDuWV.a(Unknown Source)
	at #pDuWV.run(Unknown Source)
	at java.base/java.util.concurrent.ForkJoinTask$RunnableExecuteAction.compute(Unknown Source)
	at java.base/java.util.concurrent.ForkJoinTask$InterruptibleTask.exec(Unknown Source)
	at java.base/java.util.concurrent.ForkJoinTask.doExec(Unknown Source)
	at java.base/java.util.concurrent.ForkJoinPool$WorkQueue.topLevelExec(Unknown Source)
	at java.base/java.util.concurrent.ForkJoinPool.runWorker(Unknown Source)
	at java.base/java.util.concurrent.ForkJoinWorkerThread.run(Unknown Source)
[18:51:49] [ForkJoinPool.commonPool-worker-8/FATAL] [OptiFine] Scaled non power of 2: minecraft:item/pufferfish, 86 -> 96
[18:51:49] [ForkJoinPool.commonPool-worker-8/WARN] Texture minecraft:textures/blocks/street_light_modern.png compressed from 512x512 to 256x256
[18:51:49] [ForkJoinPool.commonPool-worker-8/ERROR] Using missing texture, unable to load minecraft:textures/blocks/valentinechest.png
[18:51:49] [ForkJoinPool.commonPool-worker-8/FATAL] [OptiFine] Scaled non power of 2: minecraft:item/salmon_cooked, 86 -> 96
[18:51:49] [ForkJoinPool.commonPool-worker-8/ERROR] Using missing texture, unable to load minecraft:mcpatcher/cit/eat/food_5.png
[18:51:49] [ForkJoinPool.commonPool-worker-8/ERROR] Using missing texture, unable to load minecraft:mcpatcher/cit/eat/food_4.png
[18:51:49] [ForkJoinPool.commonPool-worker-8/ERROR] Using missing texture, unable to load minecraft:mcpatcher/cit/eat/food_6.png
[18:51:49] [ForkJoinPool.commonPool-worker-8/ERROR] Using missing texture, unable to load minecraft:mcpatcher/cit/eat/food_9.png
[18:51:49] [ForkJoinPool.commonPool-worker-8/ERROR] Using missing texture, unable to load minecraft:mcpatcher/cit/eat/food_8.png
[18:51:49] [ForkJoinPool.commonPool-worker-8/ERROR] Using missing texture, unable to load minecraft:mcpatcher/cit/eat/food_3.png
[18:51:49] [ForkJoinPool.commonPool-worker-8/ERROR] Using missing texture, unable to load minecraft:mcpatcher/cit/eat/food_2.png
[18:51:49] [ForkJoinPool.commonPool-worker-8/FATAL] [OptiFine] Scaled too small texture: minecraft:blocks/aquariumcabinetanimation02, 8 -> 16
[18:51:49] [ForkJoinPool.commonPool-worker-8/ERROR] Using missing texture, unable to load minecraft:textures/louisvuttonhat.png
[18:51:49] [ForkJoinPool.commonPool-worker-8/ERROR] Using missing texture, unable to load elitecreatures:textures/plants_furniture_v1/plants_2.png
[18:51:49] [ForkJoinPool.commonPool-worker-8/ERROR] Using missing texture, unable to load elitecreatures:textures/plants_furniture_v1/plants_1.png
[18:51:49] [ForkJoinPool.commonPool-worker-8/WARN] Texture minecraft:textures/blocks/casino_vending_machine.png compressed from 512x512 to 256x256
[18:51:49] [ForkJoinPool.commonPool-worker-8/ERROR] Using missing texture, unable to load minecraft:textures/police_lights_on.png
[18:51:49] [ForkJoinPool.commonPool-worker-8/FATAL] [OptiFine] Scaled too small texture: minecraft:particles/glow_11, 8 -> 16
[18:51:49] [ForkJoinPool.commonPool-worker-8/FATAL] [OptiFine] Scaled too small texture: minecraft:particles/glow_10, 8 -> 16
[18:51:49] [ForkJoinPool.commonPool-worker-8/FATAL] [OptiFine] Scaled too small texture: minecraft:particles/glow_13, 8 -> 16
[18:51:49] [ForkJoinPool.commonPool-worker-8/FATAL] [OptiFine] Scaled too small texture: minecraft:particles/glow_12, 8 -> 16
[18:51:49] [ForkJoinPool.commonPool-worker-8/FATAL] [OptiFine] Scaled too small texture: minecraft:particles/glow_15, 8 -> 16
[18:51:49] [ForkJoinPool.commonPool-worker-8/FATAL] [OptiFine] Scaled too small texture: minecraft:particles/glow_14, 8 -> 16
[18:51:49] [ForkJoinPool.commonPool-worker-8/ERROR] Using missing texture, unable to load minecraft:textures/brown_hat.png
[18:51:49] [ForkJoinPool.commonPool-worker-8/WARN] Texture minecraft:textures/blocks/fishbar1texture.png compressed from 512x512 to 256x256
[18:51:49] [ForkJoinPool.commonPool-worker-8/ERROR] Using missing texture, unable to load minecraft:textures/nikehat.png
[18:51:49] [ForkJoinPool.commonPool-worker-8/WARN] Texture minecraft:mcpatcher/cit/cars/semitruck.png compressed from 512x512 to 256x256
[18:51:49] [ForkJoinPool.commonPool-worker-8/ERROR] Using missing texture, unable to load minecraft:textures/tommyhilfigerhat.png
[18:51:49] [ForkJoinPool.commonPool-worker-8/WARN] Texture minecraft:textures/blocks/graffiti_11_20.png compressed from 512x512 to 256x256
[18:51:49] [ForkJoinPool.commonPool-worker-8/ERROR] Using missing texture, unable to load minecraft:textures/guccihat.png
[18:51:49] [ForkJoinPool.commonPool-worker-8/FATAL] [OptiFine] Scaled non power of 2: minecraft:item/salmon, 86 -> 96
[18:51:49] [ForkJoinPool.commonPool-worker-8/FATAL] [OptiFine] Scaled too small texture: minecraft:blocks/firecandle, 4 -> 16
[18:51:49] [ForkJoinPool.commonPool-worker-8/ERROR] Using missing texture, unable to load minecraft:textures/medicine.png
[18:51:49] [ForkJoinPool.commonPool-worker-8/FATAL] [OptiFine] Scaled non power of 2: minecraft:blocks/spark_animation_2, 9 -> 16
[18:51:49] [ForkJoinPool.commonPool-worker-8/ERROR] Using missing texture, unable to load minecraft:textures/blocks/love_animation.png
[18:51:49] [ForkJoinPool.commonPool-worker-8/FATAL] [OptiFine] Scaled non power of 2: minecraft:item/cod, 86 -> 96
[18:51:49] [ForkJoinPool.commonPool-worker-8/FATAL] [OptiFine] Scaled too small texture: minecraft:blocks/fishaquariumblock1animation01, 8 -> 16
[18:51:49] [ForkJoinPool.commonPool-worker-8/ERROR] Using missing texture, unable to load minecraft:textures/filahat.png
[18:51:49] [ForkJoinPool.commonPool-worker-8/WARN] Texture minecraft:textures/blocks/police_iron_shelf.png compressed from 512x512 to 256x256
[18:51:49] [ForkJoinPool.commonPool-worker-8/FATAL] [OptiFine] Scaled too small texture: minecraft:blocks/fishaquariumblock2animation01, 8 -> 16
[18:51:49] [ForkJoinPool.commonPool-worker-8/FATAL] [OptiFine] Scaled too small texture: minecraft:blocks/sakuralantern2animation01, 8 -> 16
[18:51:49] [ForkJoinPool.commonPool-worker-8/WARN] Texture minecraft:textures/blocks/graffiti_21_30.png compressed from 512x512 to 256x256
[18:51:49] [ForkJoinPool.commonPool-worker-8/FATAL] [OptiFine] Scaled non power of 2: minecraft:item/cod_cooked, 86 -> 96
[18:51:49] [ForkJoinPool.commonPool-worker-8/FATAL] [OptiFine] Scaled non power of 2: minecraft:mcpatcher/cit/armor/leggings/nike_new/nike_pants_icon, 250 -> 256
[18:51:49] [ForkJoinPool.commonPool-worker-8/ERROR] Using missing texture, unable to load minecraft:textures/models/item/egg2.png
[18:51:49] [ForkJoinPool.commonPool-worker-8/WARN] Texture minecraft:textures/blocks/fishbar2texture.png compressed from 512x512 to 256x256
[18:51:49] [ForkJoinPool.commonPool-worker-8/ERROR] Using missing texture, unable to load minecraft:textures/adidashat.png
[18:51:49] [ForkJoinPool.commonPool-worker-8/WARN] Texture minecraft:textures/blocks/livingroom_frame_2.png compressed from 512x512 to 256x256
[18:51:49] [ForkJoinPool.commonPool-worker-8/ERROR] Using missing texture, unable to load minecraft:mcpatcher/cit/fishing_rod/item/rod1.png
[18:51:49] [ForkJoinPool.commonPool-worker-8/ERROR] Using missing texture, unable to load minecraft:mcpatcher/cit/fishing_rod/item/rod2.png
[18:51:49] [ForkJoinPool.commonPool-worker-8/ERROR] Using missing texture, unable to load minecraft:mcpatcher/cit/fishing_rod/item/rod3.png
[18:51:49] [ForkJoinPool.commonPool-worker-8/ERROR] Using missing texture, unable to load minecraft:mcpatcher/cit/fishing_rod/item/rod4.png
[18:51:49] [ForkJoinPool.commonPool-worker-8/ERROR] Using missing texture, unable to load minecraft:textures/police_pigleton.png
[18:51:49] [ForkJoinPool.commonPool-worker-8/FATAL] [OptiFine] Scaled non power of 2: minecraft:mcpatcher/cit/armor/leggings/adidas_pants_icon, 250 -> 256
[18:51:49] [ForkJoinPool.commonPool-worker-8/ERROR] Using missing texture, unable to load minecraft:textures/metal.png
[18:51:49] [ForkJoinPool.commonPool-worker-8/ERROR] Unable to parse metadata from minecraft:textures/blocks/spark_animation.png
java.lang.RuntimeException: invalid frameindex 12
	at #spVvP.sa(SourceFile:412)
	at #jMOxX.sa(SourceFile:755)
	at #NMBJY.sa(Unknown Source:625)
	at #PMmeg.sa(SourceFile:150)
	at #dhwnP.sa(SourceFile:992)
	at #lfeSc.sa(SourceFile:133)
	at #MZOhh.sa(Unknown Source:71)
	at #pDuWV.a(Unknown Source)
	at #pDuWV.run(Unknown Source)
	at java.base/java.util.concurrent.ForkJoinTask$RunnableExecuteAction.compute(Unknown Source)
	at java.base/java.util.concurrent.ForkJoinTask$InterruptibleTask.exec(Unknown Source)
	at java.base/java.util.concurrent.ForkJoinTask.doExec(Unknown Source)
	at java.base/java.util.concurrent.ForkJoinPool$WorkQueue.topLevelExec(Unknown Source)
	at java.base/java.util.concurrent.ForkJoinPool.runWorker(Unknown Source)
	at java.base/java.util.concurrent.ForkJoinWorkerThread.run(Unknown Source)
[18:51:49] [ForkJoinPool.commonPool-worker-8/ERROR] Unable to parse metadata from minecraft:textures/blocks/wind_animation_2.png
java.lang.RuntimeException: invalid frameindex 18
	at #spVvP.sa(SourceFile:412)
	at #jMOxX.sa(SourceFile:755)
	at #NMBJY.sa(Unknown Source:625)
	at #PMmeg.sa(SourceFile:150)
	at #dhwnP.sa(SourceFile:992)
	at #lfeSc.sa(SourceFile:133)
	at #MZOhh.sa(Unknown Source:71)
	at #pDuWV.a(Unknown Source)
	at #pDuWV.run(Unknown Source)
	at java.base/java.util.concurrent.ForkJoinTask$RunnableExecuteAction.compute(Unknown Source)
	at java.base/java.util.concurrent.ForkJoinTask$InterruptibleTask.exec(Unknown Source)
	at java.base/java.util.concurrent.ForkJoinTask.doExec(Unknown Source)
	at java.base/java.util.concurrent.ForkJoinPool$WorkQueue.topLevelExec(Unknown Source)
	at java.base/java.util.concurrent.ForkJoinPool.runWorker(Unknown Source)
	at java.base/java.util.concurrent.ForkJoinWorkerThread.run(Unknown Source)
[18:51:49] [ForkJoinPool.commonPool-worker-8/ERROR] Unable to parse metadata from minecraft:textures/blocks/nature_animation.png
java.lang.RuntimeException: invalid frameindex 10
	at #spVvP.sa(SourceFile:412)
	at #jMOxX.sa(SourceFile:755)
	at #NMBJY.sa(Unknown Source:625)
	at #PMmeg.sa(SourceFile:150)
	at #dhwnP.sa(SourceFile:992)
	at #lfeSc.sa(SourceFile:133)
	at #MZOhh.sa(Unknown Source:71)
	at #pDuWV.a(Unknown Source)
	at #pDuWV.run(Unknown Source)
	at java.base/java.util.concurrent.ForkJoinTask$RunnableExecuteAction.compute(Unknown Source)
	at java.base/java.util.concurrent.ForkJoinTask$InterruptibleTask.exec(Unknown Source)
	at java.base/java.util.concurrent.ForkJoinTask.doExec(Unknown Source)
	at java.base/java.util.concurrent.ForkJoinPool$WorkQueue.topLevelExec(Unknown Source)
	at java.base/java.util.concurrent.ForkJoinPool.runWorker(Unknown Source)
	at java.base/java.util.concurrent.ForkJoinWorkerThread.run(Unknown Source)
[18:51:49] [ForkJoinPool.commonPool-worker-8/ERROR] Unable to parse metadata from minecraft:textures/blocks/magma_animation_2.png
java.lang.RuntimeException: invalid frameindex 4
	at #spVvP.sa(SourceFile:412)
	at #jMOxX.sa(SourceFile:755)
	at #NMBJY.sa(Unknown Source:625)
	at #PMmeg.sa(SourceFile:150)
	at #dhwnP.sa(SourceFile:992)
	at #lfeSc.sa(SourceFile:133)
	at #MZOhh.sa(Unknown Source:71)
	at #pDuWV.a(Unknown Source)
	at #pDuWV.run(Unknown Source)
	at java.base/java.util.concurrent.ForkJoinTask$RunnableExecuteAction.compute(Unknown Source)
	at java.base/java.util.concurrent.ForkJoinTask$InterruptibleTask.exec(Unknown Source)
	at java.base/java.util.concurrent.ForkJoinTask.doExec(Unknown Source)
	at java.base/java.util.concurrent.ForkJoinPool$WorkQueue.topLevelExec(Unknown Source)
	at java.base/java.util.concurrent.ForkJoinPool.runWorker(Unknown Source)
	at java.base/java.util.concurrent.ForkJoinWorkerThread.run(Unknown Source)
[18:51:49] [ForkJoinPool.commonPool-worker-8/ERROR] Unable to parse metadata from minecraft:textures/blocks/magma_animation.png
java.lang.RuntimeException: invalid frameindex 10
	at #spVvP.sa(SourceFile:412)
	at #jMOxX.sa(SourceFile:755)
	at #NMBJY.sa(Unknown Source:625)
	at #PMmeg.sa(SourceFile:150)
	at #dhwnP.sa(SourceFile:992)
	at #lfeSc.sa(SourceFile:133)
	at #MZOhh.sa(Unknown Source:71)
	at #pDuWV.a(Unknown Source)
	at #pDuWV.run(Unknown Source)
	at java.base/java.util.concurrent.ForkJoinTask$RunnableExecuteAction.compute(Unknown Source)
	at java.base/java.util.concurrent.ForkJoinTask$InterruptibleTask.exec(Unknown Source)
	at java.base/java.util.concurrent.ForkJoinTask.doExec(Unknown Source)
	at java.base/java.util.concurrent.ForkJoinPool$WorkQueue.topLevelExec(Unknown Source)
	at java.base/java.util.concurrent.ForkJoinPool.runWorker(Unknown Source)
	at java.base/java.util.concurrent.ForkJoinWorkerThread.run(Unknown Source)
[18:51:49] [ForkJoinPool.commonPool-worker-8/ERROR] Unable to parse metadata from minecraft:textures/blocks/spark_animation_2.png
java.lang.RuntimeException: invalid frameindex 10
	at #spVvP.sa(SourceFile:412)
	at #jMOxX.sa(SourceFile:755)
	at #NMBJY.sa(Unknown Source:625)
	at #PMmeg.sa(SourceFile:150)
	at #dhwnP.sa(SourceFile:992)
	at #lfeSc.sa(SourceFile:133)
	at #MZOhh.sa(Unknown Source:71)
	at #pDuWV.a(Unknown Source)
	at #pDuWV.run(Unknown Source)
	at java.base/java.util.concurrent.ForkJoinTask$RunnableExecuteAction.compute(Unknown Source)
	at java.base/java.util.concurrent.ForkJoinTask$InterruptibleTask.exec(Unknown Source)
	at java.base/java.util.concurrent.ForkJoinTask.doExec(Unknown Source)
	at java.base/java.util.concurrent.ForkJoinPool$WorkQueue.topLevelExec(Unknown Source)
	at java.base/java.util.concurrent.ForkJoinPool.runWorker(Unknown Source)
	at java.base/java.util.concurrent.ForkJoinWorkerThread.run(Unknown Source)
[18:51:49] [ForkJoinPool.commonPool-worker-8/ERROR] Unable to parse metadata from minecraft:textures/blocks/guardianaquariumanimation02.png
java.lang.RuntimeException: invalid frameindex 5
	at #spVvP.sa(SourceFile:412)
	at #jMOxX.sa(SourceFile:755)
	at #NMBJY.sa(Unknown Source:625)
	at #PMmeg.sa(SourceFile:150)
	at #dhwnP.sa(SourceFile:992)
	at #lfeSc.sa(SourceFile:133)
	at #MZOhh.sa(Unknown Source:71)
	at #pDuWV.a(Unknown Source)
	at #pDuWV.run(Unknown Source)
	at java.base/java.util.concurrent.ForkJoinTask$RunnableExecuteAction.compute(Unknown Source)
	at java.base/java.util.concurrent.ForkJoinTask$InterruptibleTask.exec(Unknown Source)
	at java.base/java.util.concurrent.ForkJoinTask.doExec(Unknown Source)
	at java.base/java.util.concurrent.ForkJoinPool$WorkQueue.topLevelExec(Unknown Source)
	at java.base/java.util.concurrent.ForkJoinPool.runWorker(Unknown Source)
	at java.base/java.util.concurrent.ForkJoinWorkerThread.run(Unknown Source)
[18:51:49] [ForkJoinPool.commonPool-worker-8/ERROR] Unable to parse metadata from minecraft:textures/blocks/wind_animation.png
java.lang.RuntimeException: invalid frameindex 13
	at #spVvP.sa(SourceFile:412)
	at #jMOxX.sa(SourceFile:755)
	at #NMBJY.sa(Unknown Source:625)
	at #PMmeg.sa(SourceFile:150)
	at #dhwnP.sa(SourceFile:992)
	at #lfeSc.sa(SourceFile:133)
	at #MZOhh.sa(Unknown Source:71)
	at #pDuWV.a(Unknown Source)
	at #pDuWV.run(Unknown Source)
	at java.base/java.util.concurrent.ForkJoinTask$RunnableExecuteAction.compute(Unknown Source)
	at java.base/java.util.concurrent.ForkJoinTask$InterruptibleTask.exec(Unknown Source)
	at java.base/java.util.concurrent.ForkJoinTask.doExec(Unknown Source)
	at java.base/java.util.concurrent.ForkJoinPool$WorkQueue.topLevelExec(Unknown Source)
	at java.base/java.util.concurrent.ForkJoinPool.runWorker(Unknown Source)
	at java.base/java.util.concurrent.ForkJoinWorkerThread.run(Unknown Source)
[18:51:49] [ForkJoinPool.commonPool-worker-8/INFO] load sprites for 143ms
[18:51:49] [ForkJoinPool.commonPool-worker-8/INFO] Created: 8192x4096 textures-atlas in 178ms
[18:51:49] [ForkJoinPool.commonPool-worker-3/WARN] Missing model for: minecraft:simple_block_6201#facing=south
[18:51:49] [ForkJoinPool.commonPool-worker-3/WARN] No weighted models for: minecraft:simple_block_6201#facing=south
[18:51:49] [ForkJoinPool.commonPool-worker-4/WARN] Missing model for: minecraft:simple_block_6194#facing=east
[18:51:49] [ForkJoinPool.commonPool-worker-4/WARN] No weighted models for: minecraft:simple_block_6194#facing=east
[18:51:49] [ForkJoinPool.commonPool-worker-7/WARN] Missing model for: minecraft:simple_block_6195#facing=south
[18:51:49] [ForkJoinPool.commonPool-worker-7/WARN] No weighted models for: minecraft:simple_block_6195#facing=south
[18:51:49] [ForkJoinPool.commonPool-worker-6/WARN] Missing model for: minecraft:simple_block_6131#facing=south
[18:51:49] [ForkJoinPool.commonPool-worker-6/WARN] No weighted models for: minecraft:simple_block_6131#facing=south
[18:51:49] [ForkJoinPool.commonPool-worker-1/WARN] Missing model for: minecraft:simple_block_6194#facing=south
[18:51:49] [ForkJoinPool.commonPool-worker-1/WARN] No weighted models for: minecraft:simple_block_6194#facing=south
[18:51:49] [ForkJoinPool.commonPool-worker-3/WARN] Missing model for: minecraft:simple_block_6195#facing=west
[18:51:49] [ForkJoinPool.commonPool-worker-3/WARN] No weighted models for: minecraft:simple_block_6195#facing=west
[18:51:49] [ForkJoinPool.commonPool-worker-6/WARN] Missing model for: minecraft:simple_block_6194#facing=west
[18:51:49] [ForkJoinPool.commonPool-worker-6/WARN] No weighted models for: minecraft:simple_block_6194#facing=west
[18:51:49] [ForkJoinPool.commonPool-worker-1/WARN] Missing model for: minecraft:simple_block_6131#facing=east
[18:51:49] [ForkJoinPool.commonPool-worker-1/WARN] No weighted models for: minecraft:simple_block_6131#facing=east
[18:51:49] [ForkJoinPool.commonPool-worker-7/WARN] Missing model for: minecraft:simple_block_6130#facing=north
[18:51:49] [ForkJoinPool.commonPool-worker-7/WARN] No weighted models for: minecraft:simple_block_6130#facing=north
[18:51:49] [ForkJoinPool.commonPool-worker-7/WARN] Missing model for: minecraft:simple_block_6194#facing=north
[18:51:49] [ForkJoinPool.commonPool-worker-7/WARN] No weighted models for: minecraft:simple_block_6194#facing=north
[18:51:49] [ForkJoinPool.commonPool-worker-5/WARN] Missing model for: minecraft:simple_block_6131#facing=west
[18:51:49] [ForkJoinPool.commonPool-worker-5/WARN] No weighted models for: minecraft:simple_block_6131#facing=west
[18:51:49] [ForkJoinPool.commonPool-worker-5/WARN] Missing model for: minecraft:simple_block_6201#facing=east
[18:51:49] [ForkJoinPool.commonPool-worker-5/WARN] No weighted models for: minecraft:simple_block_6201#facing=east
[18:51:49] [ForkJoinPool.commonPool-worker-4/WARN] Missing model for: minecraft:simple_block_6195#facing=east
[18:51:49] [ForkJoinPool.commonPool-worker-4/WARN] No weighted models for: minecraft:simple_block_6195#facing=east
[18:51:49] [ForkJoinPool.commonPool-worker-3/WARN] Missing model for: minecraft:simple_block_6195#facing=north
[18:51:49] [ForkJoinPool.commonPool-worker-3/WARN] No weighted models for: minecraft:simple_block_6195#facing=north
[18:51:49] [ForkJoinPool.commonPool-worker-5/WARN] Missing model for: minecraft:simple_block_6131#facing=north
[18:51:49] [ForkJoinPool.commonPool-worker-5/WARN] No weighted models for: minecraft:simple_block_6131#facing=north
[18:51:49] [ForkJoinPool.commonPool-worker-7/WARN] Missing model for: minecraft:simple_block_6201#facing=west
[18:51:49] [ForkJoinPool.commonPool-worker-7/WARN] No weighted models for: minecraft:simple_block_6201#facing=west
[18:51:49] [ForkJoinPool.commonPool-worker-3/WARN] Missing model for: minecraft:simple_block_6130#facing=east
[18:51:49] [ForkJoinPool.commonPool-worker-3/WARN] No weighted models for: minecraft:simple_block_6130#facing=east
[18:51:49] [ForkJoinPool.commonPool-worker-4/WARN] Missing model for: minecraft:simple_block_6130#facing=south
[18:51:49] [ForkJoinPool.commonPool-worker-4/WARN] No weighted models for: minecraft:simple_block_6130#facing=south
[18:51:49] [ForkJoinPool.commonPool-worker-5/WARN] Missing model for: minecraft:simple_block_6201#facing=north
[18:51:49] [ForkJoinPool.commonPool-worker-5/WARN] No weighted models for: minecraft:simple_block_6201#facing=north
[18:51:49] [ForkJoinPool.commonPool-worker-5/WARN] Missing model for: minecraft:simple_block_6130#facing=west
[18:51:49] [ForkJoinPool.commonPool-worker-5/WARN] No weighted models for: minecraft:simple_block_6130#facing=west
[18:51:50] [ForkJoinPool.commonPool-worker-8/INFO] [DEBUG] Atlas assembly for 63.390ms
[18:51:50] [Client thread/INFO] [DEBUG] upload atlas for 44.635ms
[18:51:50] [Client thread/INFO] [DEBUG] Generate mipmaps for 0.004ms
[18:51:50] [Client thread/INFO] [OptiFine] Animated sprites: 0
[18:51:50] [Client thread/INFO] [OptiFine] CustomColors: Loading mcpatcher/color.properties
[18:51:50] [Client thread/INFO] Textures loaded for 1283.230ms
[18:51:58] [Network thread/INFO] Protocol upgrade mask: 157
[18:51:58] [Network thread/INFO] Upgrading protocol
[18:51:58] [Client thread/INFO] Invalidating server data
[18:51:58] [Client thread/INFO] Unloading mod Visual Driver/d16df920-0031-e194-7068-0b41fe6f859c
[18:51:58] [Client thread/INFO] Unloading mod cf-nginx/de99e51c-b1d2-b87c-a26d-2e670d686466
[18:51:58] [Client thread/INFO] [STDOUT]: [Enginex v5.16.1 - Wada] [Wada/debug] reload requested: ServerSwitch
[18:51:58] [Client thread/INFO] [STDOUT]: [Enginex v5.16.1 - Wada] [Wada/debug] cleanAndReload begin: sessionId=14, awaitingHandshake=true
[18:51:58] [Client thread/INFO] [STDOUT]: [Enginex v5.16.1 - Wada] VAO support: true
[18:51:58] [Client thread/INFO] [STDOUT]: [Enginex v5.16.1 - Wada] Initialization with mod Wada
[18:51:58] [Client thread/INFO] [STDOUT]: [Enginex v5.16.1 - Wada] Successfully initialized
[18:51:58] [Client thread/INFO] Loaded mod Visual Driver/d16df920-0031-e194-7068-0b41fe6f859c v3.8.30+8a058c87 in 5 ms
[18:51:58] [Client thread/INFO] Start loading of mod StoreMod
[18:51:58] [Client thread/INFO] Loading classes of StoreMod
[18:51:58] [Client thread/INFO] Joining server CastleFight Lobby
[18:51:58] [ForkJoinPool.commonPool-worker-6/INFO] StoreMod-v2.2.8+d0d4fc4: class verification completed in 4ms
[18:51:58] [ForkJoinPool.commonPool-worker-6/INFO] StoreMod-v2.2.8+d0d4fc4: defineClasses completed in 0ms
[18:51:58] [ForkJoinPool.commonPool-worker-6/INFO] Loaded classes in mod StoreMod in 4 ms
[18:51:58] [Client thread/INFO] Loading mod StoreMod v2.2.8+d0d4fc4 by Cristalix Team
[18:51:58] [Client thread/INFO] Loaded mod StoreMod v2.2.8+d0d4fc4 in 66 ms
[18:51:58] [Client thread/INFO] Start loading of mod GuideMenu
[18:51:58] [Client thread/INFO] Loading classes of GuideMenu
[18:51:58] [ForkJoinPool.commonPool-worker-8/INFO] GuideMenu-v1.0.0+d1ad77fe: class verification completed in 6ms
[18:51:58] [ForkJoinPool.commonPool-worker-8/INFO] GuideMenu-v1.0.0+d1ad77fe: defineClasses completed in 0ms
[18:51:58] [ForkJoinPool.commonPool-worker-8/INFO] Loaded classes in mod GuideMenu in 7 ms
[18:51:58] [Client thread/INFO] Loading mod GuideMenu v1.0.0+d1ad77fe by Cristalix Team
[18:51:58] [Client thread/INFO] [STDOUT]: [Enginex v5.10.5 - GuideMenu] VAO support: true
[18:51:58] [Client thread/INFO] [STDOUT]: [Enginex v5.10.5 - GuideMenu] Initialization with mod GuideMenu
[18:51:58] [Client thread/INFO] Loaded mod GuideMenu v1.0.0+d1ad77fe in 130 ms
[18:51:58] [Client thread/INFO] [CHAT] 
[18:51:58] [Client thread/INFO] [CHAT] Новости CastleFight: t.me/kasdo_production
[18:51:58] [Client thread/INFO] [CHAT] 
[18:51:58] [Client thread/INFO] Found file C:\Users\tveiv\.cristalix\updates\Minigames\server-resource-packs\a06849c9d64b8e9bc1cd7c47aa6377a9f26a431b matching requested hash 651916549895cc9216dc59f748c06a11d21b7722
[18:51:58] [Client thread/INFO] Allocated new cache for server resource pack
[18:51:58] [Client thread/INFO] [STDOUT]: [Enginex v5.16.1 - Wada] [Wada/debug] handshake complete (w4:load), awaitingHandshake=false, sessionId=14
[18:51:58] [Client thread/INFO] [STDOUT]: [Enginex v5.16.1 - Wada] [Wada/debug] handshake complete (w2:load), awaitingHandshake=false, sessionId=14
[18:51:58] [Client thread/INFO] [STDOUT]: [Enginex v5.16.1 - Wada] [Wada/debug] handshake complete (w2:load), awaitingHandshake=false, sessionId=14
[18:51:58] [Client thread/INFO] Reloading ResourceManager: assets-addon.jar, Default, a06849c9d64b8e9bc1cd7c47aa6377a9f26a431b
[18:51:58] [Client thread/WARN] Missing sound for event: minecraft:entity.turtle.ambient
[18:51:58] [Client thread/WARN] Missing sound for event: minecraft:entity.turtle.baby_hurt
[18:51:58] [Client thread/WARN] Missing sound for event: minecraft:entity.turtle.hurt
[18:51:58] [Client thread/WARN] Missing sound for event: minecraft:entity.turtle.baby_death
[18:51:58] [Client thread/WARN] Missing sound for event: minecraft:entity.turtle.death
[18:51:58] [Client thread/WARN] Missing sound for event: minecraft:entity.turtle.baby_step
[18:51:58] [Client thread/WARN] Missing sound for event: minecraft:entity.turtle.step
[18:51:58] [Client thread/WARN] Missing sound for event: minecraft:entity.turtle.swim
[18:51:58] [Client thread/WARN] Missing sound for event: minecraft:block.turtle_egg.crack
[18:51:58] [Client thread/WARN] Missing sound for event: minecraft:block.turtle_egg.egg_break
[18:51:58] [Client thread/WARN] Missing sound for event: minecraft:block.turtle_egg.fall
[18:51:58] [Client thread/WARN] Missing sound for event: minecraft:block.turtle_egg.hatch
[18:51:58] [Client thread/INFO] SoundSystem shutting down...
[18:51:58] [Client thread/WARN] Author: Paul Lamb, www.paulscode.com
[18:51:58] [Client thread/INFO] Starting up SoundSystem...
[18:51:58] [Thread-64/INFO] Initializing LWJGL OpenAL
[18:51:58] [Thread-64/INFO] (The LWJGL binding of OpenAL.  For more information, see http://www.lwjgl.org)
[18:51:58] [Thread-64/INFO] OpenAL audio device: OpenAL Soft on Динамики (MCHOSE V9 PRO)
[18:51:58] [Thread-64/INFO] OpenAL initialized.
[18:51:58] [Client thread/INFO] Sound engine reloaded
[18:51:59] [ForkJoinPool.commonPool-worker-4/WARN] Unable to load variant: axis=x from minecraft:lodestone#axis=x
[18:51:59] [ForkJoinPool.commonPool-worker-4/WARN] Unable to load variant: axis=y from minecraft:lodestone#axis=y
[18:51:59] [ForkJoinPool.commonPool-worker-4/WARN] Unable to load variant: axis=z from minecraft:lodestone#axis=z
[18:51:59] [Thread-63/INFO] [STDOUT]: [Enginex v5.10.5 - GuideMenu] Successfully initialized
[18:51:59] [ForkJoinPool.commonPool-worker-4/WARN] [OptiFine] mcpatcher/cit/weapons/may2024/3d/cosmo_pack/battle_axe_stone.properties > Item not found: iron_battle_axe (iron_battle_axe)
[18:51:59] [ForkJoinPool.commonPool-worker-4/ERROR] Unable to load item model: 'minecraft:mcpatcher/cit/csc/blade11/sword_chain_ice#inventory' for item: 'minecraft:mcpatcher/cit/csc/blade11/sword_chain_ice'
[18:51:59] [ForkJoinPool.commonPool-worker-4/ERROR] Unable to load item model: 'minecraft:mcpatcher/cit/others/megumin_hat#inventory' for item: 'minecraft:mcpatcher/cit/others/megumin_hat'
[18:51:59] [ForkJoinPool.commonPool-worker-4/WARN] In parent chain: minecraft:mcpatcher/cit/weapons/may2025/3dsword/poison_fang_sword/stone#inventory -> minecraft:mcpatcher/cit/weapons/may2025/3dsword/poison_fang_sword/posion_fang_sword; unable to load model: 'minecraft:mcpatcher/cit/weapons/may2025/3dsword/poison_fang_sword/posion_fang_sword'
[18:51:59] [ForkJoinPool.commonPool-worker-4/WARN] In parent chain: minecraft:mcpatcher/cit/weapons/may2025/3dsword/poison_fang_sword/stone#inventory -> minecraft:mcpatcher/cit/weapons/may2025/3dsword/poison_fang_sword/posion_fang_sword; unable to load model: 'minecraft:mcpatcher/cit/weapons/may2025/3dsword/poison_fang_sword/posion_fang_sword'
[18:51:59] [ForkJoinPool.commonPool-worker-4/INFO] [OptiFine] Mipmap levels: 4
[18:51:59] [ForkJoinPool.commonPool-worker-4/INFO] [OptiFine] Multi-texturing: false
[18:51:59] [ForkJoinPool.commonPool-worker-4/INFO] [OptiFine] Multipass connected textures: false
[18:51:59] [ForkJoinPool.commonPool-worker-4/INFO] [OptiFine] BetterGrass: Parsing default configuration optifine/bettergrass.properties
[18:51:59] [ForkJoinPool.commonPool-worker-4/ERROR] Using missing texture, unable to load minecraft:mcpatcher/cit/weapons/csc/bp_tiger/iron_tiger.png
[18:51:59] [ForkJoinPool.commonPool-worker-4/FATAL] [OptiFine] Scaled too small texture: minecraft:particles/glow_2, 8 -> 16
[18:51:59] [ForkJoinPool.commonPool-worker-4/FATAL] [OptiFine] Scaled too small texture: minecraft:particles/glow_1, 8 -> 16
[18:51:59] [ForkJoinPool.commonPool-worker-4/FATAL] [OptiFine] Scaled too small texture: minecraft:particles/glow_0, 8 -> 16
[18:51:59] [ForkJoinPool.commonPool-worker-4/FATAL] [OptiFine] Scaled too small texture: minecraft:particles/glow_6, 8 -> 16
[18:51:59] [ForkJoinPool.commonPool-worker-4/FATAL] [OptiFine] Scaled too small texture: minecraft:particles/glow_5, 8 -> 16
[18:51:59] [ForkJoinPool.commonPool-worker-4/FATAL] [OptiFine] Scaled too small texture: minecraft:particles/glow_4, 8 -> 16
[18:51:59] [ForkJoinPool.commonPool-worker-4/FATAL] [OptiFine] Scaled too small texture: minecraft:particles/glow_3, 8 -> 16
[18:51:59] [ForkJoinPool.commonPool-worker-4/FATAL] [OptiFine] Scaled too small texture: minecraft:particles/glow_9, 8 -> 16
[18:51:59] [ForkJoinPool.commonPool-worker-4/FATAL] [OptiFine] Scaled too small texture: minecraft:particles/glow_8, 8 -> 16
[18:51:59] [ForkJoinPool.commonPool-worker-4/FATAL] [OptiFine] Scaled too small texture: minecraft:particles/glow_7, 8 -> 16
[18:51:59] [ForkJoinPool.commonPool-worker-4/FATAL] [OptiFine] Scaled non power of 2: minecraft:mcpatcher/cit/weapons/may2024/3d/cosmo_pack/textures/wooden/lighting_small, 40 -> 48
[18:51:59] [ForkJoinPool.commonPool-worker-4/ERROR] Using missing texture, unable to load minecraft:mcpatcher/cit/csc/blade11/sword_chain_ice.png
[18:51:59] [ForkJoinPool.commonPool-worker-4/ERROR] Using missing texture, unable to load minecraft:textures/sea_dagger.png
[18:51:59] [ForkJoinPool.commonPool-worker-4/ERROR] Using missing texture, unable to load minecraft:mcpatcher/cit/weapons/csc/broadsword/bronze_broadsword.png
[18:51:59] [ForkJoinPool.commonPool-worker-4/FATAL] [OptiFine] Scaled too small texture: minecraft:particles/glow_11, 8 -> 16
[18:51:59] [ForkJoinPool.commonPool-worker-4/FATAL] [OptiFine] Scaled too small texture: minecraft:particles/glow_10, 8 -> 16
[18:51:59] [ForkJoinPool.commonPool-worker-4/FATAL] [OptiFine] Scaled too small texture: minecraft:particles/glow_13, 8 -> 16
[18:51:59] [ForkJoinPool.commonPool-worker-4/FATAL] [OptiFine] Scaled too small texture: minecraft:particles/glow_12, 8 -> 16
[18:51:59] [ForkJoinPool.commonPool-worker-4/FATAL] [OptiFine] Scaled too small texture: minecraft:particles/glow_15, 8 -> 16
[18:51:59] [ForkJoinPool.commonPool-worker-4/FATAL] [OptiFine] Scaled too small texture: minecraft:particles/glow_14, 8 -> 16
[18:51:59] [ForkJoinPool.commonPool-worker-4/ERROR] Using missing texture, unable to load minecraft:mcpatcher/cit/weapons/csc/bp_tiger/wood_tiger.png
[18:51:59] [ForkJoinPool.commonPool-worker-4/ERROR] Using missing texture, unable to load minecraft:mcpatcher/cit/weapons/csc/bp_tiger/frost_tiger.png
[18:51:59] [ForkJoinPool.commonPool-worker-4/FATAL] [OptiFine] Scaled too small texture: minecraft:mcpatcher/cit/weapons/may2024/3d/archangel/hammer/archangel_particle, 8 -> 16
[18:51:59] [ForkJoinPool.commonPool-worker-4/FATAL] [OptiFine] Scaled too small texture: minecraft:mcpatcher/cit/weapons/may2024/3d/archangel/pickaxe/archangel_particle, 8 -> 16
[18:51:59] [ForkJoinPool.commonPool-worker-4/ERROR] Using missing texture, unable to load minecraft:mcpatcher/cit/weapons/csc/bp_tiger/gold_tiger.png
[18:51:59] [ForkJoinPool.commonPool-worker-4/FATAL] [OptiFine] Scaled non power of 2: minecraft:mcpatcher/cit/weapons/may2024/3d/cosmo_pack/textures/stone/lighting_small, 40 -> 48
[18:51:59] [ForkJoinPool.commonPool-worker-4/ERROR] Using missing texture, unable to load minecraft:mcpatcher/cit/weapons/csc/bp_tiger/stone_tiger.png
[18:51:59] [ForkJoinPool.commonPool-worker-4/ERROR] Using missing texture, unable to load minecraft:mcpatcher/cit/weapons/csc/bp_tiger/diamond_tiger.png
[18:51:59] [ForkJoinPool.commonPool-worker-4/ERROR] Using missing texture, unable to load minecraft:textures/.bp_sai/diamond_sai.png
[18:51:59] [ForkJoinPool.commonPool-worker-4/FATAL] [OptiFine] Scaled too small texture: minecraft:mcpatcher/cit/weapons/may2024/3d/archangel/spear/archangel_particle, 8 -> 16
[18:51:59] [ForkJoinPool.commonPool-worker-4/ERROR] Using missing texture, unable to load minecraft:mcpatcher/cit/weapons/csc/battleaxe/bronze_battleaxe.png
[18:51:59] [ForkJoinPool.commonPool-worker-4/FATAL] [OptiFine] Scaled too small texture: minecraft:mcpatcher/cit/weapons/may2024/3d/cleric_assortment/cleric_particles/cleric_particle, 8 -> 16
[18:51:59] [ForkJoinPool.commonPool-worker-4/INFO] load sprites for 46ms
[18:51:59] [ForkJoinPool.commonPool-worker-4/INFO] Created: 2048x2048 textures-atlas in 64ms
[18:51:59] [ForkJoinPool.commonPool-worker-4/INFO] [DEBUG] Atlas assembly for 3.685ms
[18:51:59] [Client thread/INFO] [DEBUG] upload atlas for 4.631ms
[18:51:59] [Client thread/INFO] [DEBUG] Generate mipmaps for 0.004ms
[18:51:59] [Client thread/INFO] [OptiFine] Animated sprites: 0
[18:51:59] [Client thread/INFO] [OptiFine] CustomColors: Loading mcpatcher/color.properties
[18:51:59] [Client thread/INFO] Textures loaded for 507.111ms
[18:52:02] [Network thread/INFO] Protocol upgrade mask: 157
[18:52:02] [Network thread/INFO] Upgrading protocol
[18:52:02] [Client thread/INFO] Invalidating server data
[18:52:02] [Client thread/INFO] Unloading mod StoreMod/e472655a-f595-d879-53b2-40d0363b0605
[18:52:02] [Client thread/INFO] Unloading mod GuideMenu/620d2c95-a481-dfc9-b61b-057930f0b142
[18:52:02] [Client thread/INFO] Unloading mod Visual Driver/d16df920-0031-e194-7068-0b41fe6f859c
[18:52:02] [Client thread/INFO] [STDOUT]: [Enginex v5.16.1 - Wada] [Wada/debug] reload requested: ServerSwitch
[18:52:02] [Client thread/INFO] [STDOUT]: [Enginex v5.16.1 - Wada] [Wada/debug] cleanAndReload begin: sessionId=15, awaitingHandshake=true
[18:52:02] [Client thread/INFO] [STDOUT]: [Enginex v5.16.1 - Wada] VAO support: true
[18:52:02] [Client thread/INFO] [STDOUT]: [Enginex v5.16.1 - Wada] Initialization with mod Wada
[18:52:02] [Client thread/INFO] [STDOUT]: [Enginex v5.16.1 - Wada] Successfully initialized
[18:52:02] [Client thread/INFO] Joining server Хаб #92
[18:52:02] [Client thread/INFO] Reloading ResourceManager: assets-addon.jar, Default
[18:52:02] [Client thread/WARN] Missing sound for event: minecraft:entity.turtle.ambient
[18:52:02] [Client thread/WARN] Missing sound for event: minecraft:entity.turtle.baby_hurt
[18:52:02] [Client thread/WARN] Missing sound for event: minecraft:entity.turtle.hurt
[18:52:02] [Client thread/WARN] Missing sound for event: minecraft:entity.turtle.baby_death
[18:52:02] [Client thread/WARN] Missing sound for event: minecraft:entity.turtle.death
[18:52:02] [Client thread/WARN] Missing sound for event: minecraft:entity.turtle.baby_step
[18:52:02] [Client thread/WARN] Missing sound for event: minecraft:entity.turtle.step
[18:52:02] [Client thread/WARN] Missing sound for event: minecraft:entity.turtle.swim
[18:52:02] [Client thread/WARN] Missing sound for event: minecraft:block.turtle_egg.crack
[18:52:02] [Client thread/WARN] Missing sound for event: minecraft:block.turtle_egg.egg_break
[18:52:02] [Client thread/WARN] Missing sound for event: minecraft:block.turtle_egg.fall
[18:52:02] [Client thread/WARN] Missing sound for event: minecraft:block.turtle_egg.hatch
[18:52:02] [Client thread/INFO] SoundSystem shutting down...
[18:52:02] [Client thread/WARN] Author: Paul Lamb, www.paulscode.com
[18:52:02] [Client thread/INFO] Starting up SoundSystem...
[18:52:02] [Thread-66/INFO] Initializing LWJGL OpenAL
[18:52:02] [Thread-66/INFO] (The LWJGL binding of OpenAL.  For more information, see http://www.lwjgl.org)
[18:52:02] [Thread-66/INFO] OpenAL audio device: OpenAL Soft on Динамики (MCHOSE V9 PRO)
[18:52:02] [Thread-66/INFO] OpenAL initialized.
[18:52:02] [Client thread/INFO] Sound engine reloaded
[18:52:02] [ForkJoinPool.commonPool-worker-4/WARN] Unable to load variant: axis=x from minecraft:lodestone#axis=x
[18:52:02] [ForkJoinPool.commonPool-worker-4/WARN] Unable to load variant: axis=y from minecraft:lodestone#axis=y
[18:52:02] [ForkJoinPool.commonPool-worker-4/WARN] Unable to load variant: axis=z from minecraft:lodestone#axis=z
[18:52:02] [Client thread/INFO] Loaded mod HubMod/99e383b2-de28-d26d-2da9-8c7c77bc11a4 v1.4.5 in 7 ms
[18:52:02] [ForkJoinPool.commonPool-worker-4/ERROR] Unable to load item model: 'minecraft:mcpatcher/cit/others/megumin_hat#inventory' for item: 'minecraft:mcpatcher/cit/others/megumin_hat'
[18:52:02] [ForkJoinPool.commonPool-worker-4/INFO] [OptiFine] Mipmap levels: 4
[18:52:02] [ForkJoinPool.commonPool-worker-4/INFO] [OptiFine] Multi-texturing: false
[18:52:02] [ForkJoinPool.commonPool-worker-4/INFO] [OptiFine] Multipass connected textures: false
[18:52:02] [ForkJoinPool.commonPool-worker-4/INFO] [OptiFine] BetterGrass: Parsing default configuration optifine/bettergrass.properties
[18:52:02] [ForkJoinPool.commonPool-worker-4/FATAL] [OptiFine] Scaled too small texture: minecraft:particles/glow_2, 8 -> 16
[18:52:02] [ForkJoinPool.commonPool-worker-4/FATAL] [OptiFine] Scaled too small texture: minecraft:particles/glow_1, 8 -> 16
[18:52:02] [ForkJoinPool.commonPool-worker-4/FATAL] [OptiFine] Scaled too small texture: minecraft:particles/glow_0, 8 -> 16
[18:52:02] [ForkJoinPool.commonPool-worker-4/FATAL] [OptiFine] Scaled too small texture: minecraft:particles/glow_6, 8 -> 16
[18:52:02] [ForkJoinPool.commonPool-worker-4/FATAL] [OptiFine] Scaled too small texture: minecraft:particles/glow_5, 8 -> 16
[18:52:02] [ForkJoinPool.commonPool-worker-4/FATAL] [OptiFine] Scaled too small texture: minecraft:particles/glow_4, 8 -> 16
[18:52:02] [ForkJoinPool.commonPool-worker-4/FATAL] [OptiFine] Scaled too small texture: minecraft:particles/glow_3, 8 -> 16
[18:52:02] [ForkJoinPool.commonPool-worker-4/FATAL] [OptiFine] Scaled too small texture: minecraft:particles/glow_9, 8 -> 16
[18:52:02] [ForkJoinPool.commonPool-worker-4/FATAL] [OptiFine] Scaled too small texture: minecraft:particles/glow_8, 8 -> 16
[18:52:02] [ForkJoinPool.commonPool-worker-4/FATAL] [OptiFine] Scaled too small texture: minecraft:particles/glow_7, 8 -> 16
[18:52:02] [ForkJoinPool.commonPool-worker-4/FATAL] [OptiFine] Scaled too small texture: minecraft:particles/glow_11, 8 -> 16
[18:52:02] [ForkJoinPool.commonPool-worker-4/FATAL] [OptiFine] Scaled too small texture: minecraft:particles/glow_10, 8 -> 16
[18:52:02] [ForkJoinPool.commonPool-worker-4/FATAL] [OptiFine] Scaled too small texture: minecraft:particles/glow_13, 8 -> 16
[18:52:02] [ForkJoinPool.commonPool-worker-4/FATAL] [OptiFine] Scaled too small texture: minecraft:particles/glow_12, 8 -> 16
[18:52:02] [ForkJoinPool.commonPool-worker-4/FATAL] [OptiFine] Scaled too small texture: minecraft:particles/glow_15, 8 -> 16
[18:52:02] [ForkJoinPool.commonPool-worker-4/FATAL] [OptiFine] Scaled too small texture: minecraft:particles/glow_14, 8 -> 16
[18:52:02] [ForkJoinPool.commonPool-worker-4/INFO] load sprites for 3ms
[18:52:02] [ForkJoinPool.commonPool-worker-4/INFO] Created: 1024x1024 textures-atlas in 14ms
[18:52:02] [ForkJoinPool.commonPool-worker-4/INFO] [DEBUG] Atlas assembly for 1.754ms
[18:52:02] [Client thread/INFO] [DEBUG] upload atlas for 1.178ms
[18:52:02] [Client thread/INFO] [DEBUG] Generate mipmaps for 0.003ms
[18:52:02] [Client thread/INFO] [OptiFine] Animated sprites: 0
[18:52:02] [Client thread/INFO] [OptiFine] CustomColors: Loading mcpatcher/color.properties
[18:52:02] [Client thread/INFO] Textures loaded for 377.312ms
[18:52:02] [Client thread/INFO] Loaded mod Visual Driver/df8dc410-e3d0-aa4c-e733-94181cb096bb v3.8.31+9da32142 in 5 ms
[18:52:04] [Client thread/INFO] [STDOUT]: [Enginex v5.16.1 - Wada] [Wada/debug] handshake complete (w4:load), awaitingHandshake=false, sessionId=15
[18:52:22] [Client thread/INFO] [CHAT] V ┃ FireSoul Хаб #92 » хз, хабов 2 осталось
[18:53:51] [Client thread/INFO] [CHAT] V ┃ RahymKazaK Хаб #91 » и че тут на этом хабе
[18:54:29] [Client thread/INFO] [CHAT] Flayn_le Хаб #92 » админы помогите я застряяял
[18:54:44] [Client thread/INFO] [CHAT] P ┃ Tveiv Хаб #92 » тебе никто не поможет сиди теперь там
[18:54:56] [Client thread/INFO] [CHAT] Flayn_le Хаб #92 » ((((
[18:55:00] [Client thread/INFO] [CHAT] lvvv01 Хаб #92 » wwwwwwwwwwwwwwwwwwwwwwwwwwwwwwwwwwwwwwwwwwwwwwwwwwwwwwwwwwwwwwwwwwwwwwwwwwwwwwwwwwwwwwwwwwwwwwwwwwwwwwwwwwwwwwwwwwwwwwwwwwwwwwwwwwwwwwwwwwwwwwwwwwwwwwwwwwwwwwwwwwwwwwwwwwwwwwwwwwwwwwwwwwwwwwwwwwwwwwwwwwwwwwwwwwwwwwwwwwwwwwwwwwwwwwwwwww
[18:55:52] [Client thread/INFO] [CHAT] P ┃ fanzeta Хаб #91 » о профисианал
[18:56:53] [Client thread/INFO] [CHAT] Sr.M ┃ _95mark_kkk Хаб #91 » exhangee не обгоняй меня
[18:57:41] [Client thread/INFO] [CHAT] D ┃ IwllDie Хаб #91 » q
[18:57:41] [Client thread/INFO] [CHAT] D ┃ KitKat137 Хаб #91 » чо сидите
[18:57:52] [Client thread/INFO] [CHAT] D ┃ IwllDie Хаб #91 » elb
[18:57:56] [Client thread/INFO] [CHAT] D ┃ IwllDie Хаб #91 » уди дай посмотрю
[18:58:08] [Client thread/INFO] [CHAT] P ┃ Tveiv Хаб #92 » а почему на сервере так много чорных
[18:58:20] [Client thread/INFO] [CHAT] Sr.M ┃ _95mark_kkk Хаб #91 » 2 хаба всего
[18:58:30] [Client thread/INFO] [CHAT] Sr.M ┃ _95mark_kkk Хаб #91 » профи где хабы
[18:58:52] [Client thread/INFO] [CHAT] G ┃ Sirboys Хаб #91 » Видимо обнова Хаба)
[18:58:58] [Client thread/INFO] [CHAT] Sr.M ┃ _95mark_kkk Хаб #91 » о ку sirboys
[18:59:02] [Client thread/INFO] [CHAT] G ┃ Sirboys Хаб #91 » Привет
[18:59:02] [Client thread/INFO] [CHAT] Sr.M ┃ _95mark_kkk Хаб #91 » кала опм ахха
[18:59:10] [Client thread/INFO] [CHAT] Sr.M ┃ _95mark_kkk Хаб #91 » када*
[18:59:24] [Client thread/INFO] [CHAT] G ┃ Sirboys Хаб #91 » Не знаю, я больше не консультирую их
[18:59:27] [Client thread/INFO] [CHAT] Sr.M ┃ _95mark_kkk Хаб #91 » жаль
[18:59:36] [Client thread/FATAL] Error executing task
java.util.concurrent.ExecutionException: java.lang.NullPointerException: Player with id 8be3184a-f696-11ec-bc0d-1cb72caa35fd/4273 in tab not found!
	at java.base/java.util.concurrent.FutureTask.report(Unknown Source)
	at java.base/java.util.concurrent.FutureTask.get(Unknown Source)
	at #wFFZg.sa(SourceFile:46)
	at #mPGeI.b(SourceFile:52)
	at #QQxhM.sk(SourceFile:1466)
	at #lVFyp.st(SourceFile:1632)
	at #cYnba.sk(SourceFile:487)
	at net.minecraft.client.main.GameMain.a(SourceFile:220)
	at net.minecraft.client.main.GameMain.a(SourceFile:156)
	at #kBJWf.a(Unknown Source)
	at #kBJWf.run(Unknown Source)
	at java.base/java.lang.Thread.run(Unknown Source)
Caused by: java.lang.NullPointerException: Player with id 8be3184a-f696-11ec-bc0d-1cb72caa35fd/4273 in tab not found!
	at #zRAIX.sa(SourceFile:482)
	at #BiMfX.sa(SourceFile:42)
	at #JOjUF.sa(SourceFile:11)
	at #PpmzS.run(SourceFile:32)
	at #aitDA.sa(SourceFile:40)
	at #ckOvf.sa(SourceFile:11)
	at java.base/java.util.concurrent.FutureTask.run(Unknown Source)
	at #wFFZg.sa(SourceFile:45)
	... 9 more
[19:01:24] [Client thread/FATAL] Error executing task
java.util.concurrent.ExecutionException: java.lang.NullPointerException: Player with id 8be3184a-f696-11ec-bc0d-1cb72caa35fd/4340 in tab not found!
	at java.base/java.util.concurrent.FutureTask.report(Unknown Source)
	at java.base/java.util.concurrent.FutureTask.get(Unknown Source)
	at #wFFZg.sa(SourceFile:46)
	at #mPGeI.b(SourceFile:52)
	at #QQxhM.sk(SourceFile:1466)
	at #lVFyp.st(SourceFile:1632)
	at #cYnba.sk(SourceFile:487)
	at net.minecraft.client.main.GameMain.a(SourceFile:220)
	at net.minecraft.client.main.GameMain.a(SourceFile:156)
	at #kBJWf.a(Unknown Source)
	at #kBJWf.run(Unknown Source)
	at java.base/java.lang.Thread.run(Unknown Source)
Caused by: java.lang.NullPointerException: Player with id 8be3184a-f696-11ec-bc0d-1cb72caa35fd/4340 in tab not found!
	at #zRAIX.sa(SourceFile:482)
	at #BiMfX.sa(SourceFile:42)
	at #JOjUF.sa(SourceFile:11)
	at #PpmzS.run(SourceFile:32)
	at #aitDA.sa(SourceFile:40)
	at #ckOvf.sa(SourceFile:11)
	at java.base/java.util.concurrent.FutureTask.run(Unknown Source)
	at #wFFZg.sa(SourceFile:45)
	... 9 more
[19:02:45] [Client thread/INFO] [CHAT] D ┃ IwllDie Хаб #91 » прости
[19:02:57] [Client thread/FATAL] Error executing task
java.util.concurrent.ExecutionException: java.lang.NullPointerException: Player with id 8be3184a-f696-11ec-bc0d-1cb72caa35fd/4376 in tab not found!
	at java.base/java.util.concurrent.FutureTask.report(Unknown Source)
	at java.base/java.util.concurrent.FutureTask.get(Unknown Source)
	at #wFFZg.sa(SourceFile:46)
	at #mPGeI.b(SourceFile:52)
	at #QQxhM.sk(SourceFile:1466)
	at #lVFyp.st(SourceFile:1632)
	at #cYnba.sk(SourceFile:487)
	at net.minecraft.client.main.GameMain.a(SourceFile:220)
	at net.minecraft.client.main.GameMain.a(SourceFile:156)
	at #kBJWf.a(Unknown Source)
	at #kBJWf.run(Unknown Source)
	at java.base/java.lang.Thread.run(Unknown Source)
Caused by: java.lang.NullPointerException: Player with id 8be3184a-f696-11ec-bc0d-1cb72caa35fd/4376 in tab not found!
	at #zRAIX.sa(SourceFile:482)
	at #BiMfX.sa(SourceFile:42)
	at #JOjUF.sa(SourceFile:11)
	at #PpmzS.run(SourceFile:32)
	at #aitDA.sa(SourceFile:40)
	at #ckOvf.sa(SourceFile:11)
	at java.base/java.util.concurrent.FutureTask.run(Unknown Source)
	at #wFFZg.sa(SourceFile:45)
	... 9 more
[19:03:08] [Client thread/INFO] [CHAT] D ┃ IwllDie Хаб #91 » поч ты не кидаешь др
[19:03:16] [Client thread/INFO] [CHAT] D ┃ IwllDie Хаб #91 » хаха
[19:03:23] [Client thread/INFO] [CHAT] D ┃ IwllDie Хаб #91 » кроссик
[19:03:27] [Client thread/INFO] [CHAT] HE ┃ helvuxx Хаб #91 » good
[19:03:46] [Client thread/INFO] [CHAT] HE ┃ helvuxx Хаб #91 » da
[19:04:21] [Client thread/FATAL] Error executing task
java.util.concurrent.ExecutionException: java.lang.NullPointerException: Player with id 8be3184a-f696-11ec-bc0d-1cb72caa35fd/4425 in tab not found!
	at java.base/java.util.concurrent.FutureTask.report(Unknown Source)
	at java.base/java.util.concurrent.FutureTask.get(Unknown Source)
	at #wFFZg.sa(SourceFile:46)
	at #mPGeI.b(SourceFile:52)
	at #QQxhM.sk(SourceFile:1466)
	at #lVFyp.st(SourceFile:1632)
	at #cYnba.sk(SourceFile:487)
	at net.minecraft.client.main.GameMain.a(SourceFile:220)
	at net.minecraft.client.main.GameMain.a(SourceFile:156)
	at #kBJWf.a(Unknown Source)
	at #kBJWf.run(Unknown Source)
	at java.base/java.lang.Thread.run(Unknown Source)
Caused by: java.lang.NullPointerException: Player with id 8be3184a-f696-11ec-bc0d-1cb72caa35fd/4425 in tab not found!
	at #zRAIX.sa(SourceFile:482)
	at #BiMfX.sa(SourceFile:42)
	at #JOjUF.sa(SourceFile:11)
	at #PpmzS.run(SourceFile:32)
	at #aitDA.sa(SourceFile:40)
	at #ckOvf.sa(SourceFile:11)
	at java.base/java.util.concurrent.FutureTask.run(Unknown Source)
	at #wFFZg.sa(SourceFile:45)
	... 9 more
[19:04:52] [Client thread/INFO] [CHAT] P ┃ LIJBETIC Хаб #91 » всем ку
[19:06:03] [Client thread/INFO] [CHAT] P ┃ LIJBETIC Хаб #91 » а что бедварсец не потраим?
[19:06:09] [Client thread/INFO] [CHAT] P ┃ LIJBETIC Хаб #91 » поиграем, вспомним как оно
[19:08:22] [Client thread/FATAL] Error executing task
java.util.concurrent.ExecutionException: java.lang.NullPointerException: Player with id 8be3184a-f696-11ec-bc0d-1cb72caa35fd/4523 in tab not found!
	at java.base/java.util.concurrent.FutureTask.report(Unknown Source)
	at java.base/java.util.concurrent.FutureTask.get(Unknown Source)
	at #wFFZg.sa(SourceFile:46)
	at #mPGeI.b(SourceFile:52)
	at #QQxhM.sk(SourceFile:1466)
	at #lVFyp.st(SourceFile:1632)
	at #cYnba.sk(SourceFile:487)
	at net.minecraft.client.main.GameMain.a(SourceFile:220)
	at net.minecraft.client.main.GameMain.a(SourceFile:156)
	at #kBJWf.a(Unknown Source)
	at #kBJWf.run(Unknown Source)
	at java.base/java.lang.Thread.run(Unknown Source)
Caused by: java.lang.NullPointerException: Player with id 8be3184a-f696-11ec-bc0d-1cb72caa35fd/4523 in tab not found!
	at #zRAIX.sa(SourceFile:482)
	at #BiMfX.sa(SourceFile:42)
	at #JOjUF.sa(SourceFile:11)
	at #PpmzS.run(SourceFile:32)
	at #aitDA.sa(SourceFile:40)
	at #ckOvf.sa(SourceFile:11)
	at java.base/java.util.concurrent.FutureTask.run(Unknown Source)
	at #wFFZg.sa(SourceFile:45)
	... 9 more
[19:08:26] [Client thread/INFO] [CHAT] V ┃ KoMo4eK_cocNcKa Хаб #92 » а где бедрок коробка???
[19:09:05] [Client thread/INFO] [CHAT] V ┃ KoMo4eK_cocNcKa Хаб #92 » а где бедрок коробка?????
[19:09:15] [Client thread/INFO] [CHAT] HE ┃ govnocontrol Хаб #90 » v
[19:09:42] [Client thread/INFO] [CHAT] \n  MEDIA ┃ repervladik запустил стрим!\n  Платформа: Twitch\n  Напишите /media для проcмотра активных трансляций\n 
[19:09:49] [Client thread/INFO] [CHAT] V ┃ KoMo4eK_cocNcKa Хаб #92 » а где бедрок коробка?
[19:10:08] [Client thread/INFO] [CHAT] Ahokeus Хаб #92 » попа
[19:10:41] [Client thread/INFO] [CHAT] V ┃ KoMo4eK_cocNcKa Хаб #92 » а где бедрок коробка???
[19:10:45] [Client thread/INFO] [CHAT] MVP ┃ shatteredbyme Хаб #90 » нету
[19:10:45] [Client thread/INFO] [CHAT] M ┃ almighty Хаб #91 » убрали
[19:10:52] [Client thread/INFO] [CHAT] M ┃ almighty Хаб #91 » в "скором времени" вернут на аркады
[19:10:56] [Client thread/INFO] [CHAT] 㚧 ┃ kkp_ 䁿 Хаб #92 » =)
[19:11:06] [Client thread/INFO] [CHAT] 㚧 ┃ kkp_ 䁿 Хаб #92 » в ближайшие месяцы-годы
[19:12:26] [Client thread/FATAL] Error executing task
java.util.concurrent.ExecutionException: java.lang.NullPointerException: Player with id 8be3184a-f696-11ec-bc0d-1cb72caa35fd/4629 in tab not found!
	at java.base/java.util.concurrent.FutureTask.report(Unknown Source)
	at java.base/java.util.concurrent.FutureTask.get(Unknown Source)
	at #wFFZg.sa(SourceFile:46)
	at #mPGeI.b(SourceFile:52)
	at #QQxhM.sk(SourceFile:1466)
	at #lVFyp.st(SourceFile:1632)
	at #cYnba.sk(SourceFile:487)
	at net.minecraft.client.main.GameMain.a(SourceFile:220)
	at net.minecraft.client.main.GameMain.a(SourceFile:156)
	at #kBJWf.a(Unknown Source)
	at #kBJWf.run(Unknown Source)
	at java.base/java.lang.Thread.run(Unknown Source)
Caused by: java.lang.NullPointerException: Player with id 8be3184a-f696-11ec-bc0d-1cb72caa35fd/4629 in tab not found!
	at #zRAIX.sa(SourceFile:482)
	at #BiMfX.sa(SourceFile:42)
	at #JOjUF.sa(SourceFile:11)
	at #PpmzS.run(SourceFile:32)
	at #aitDA.sa(SourceFile:40)
	at #ckOvf.sa(SourceFile:11)
	at java.base/java.util.concurrent.FutureTask.run(Unknown Source)
	at #wFFZg.sa(SourceFile:45)
	... 9 more
[19:13:40] [Network thread/INFO] Protocol upgrade mask: 157
[19:13:40] [Network thread/INFO] Upgrading protocol
[19:13:40] [Client thread/INFO] Invalidating server data
[19:13:40] [Client thread/INFO] Unloading mod Visual Driver/df8dc410-e3d0-aa4c-e733-94181cb096bb
[19:13:40] [Client thread/INFO] Unloading mod HubMod/99e383b2-de28-d26d-2da9-8c7c77bc11a4
[19:13:40] [Client thread/INFO] [STDOUT]: [Enginex v5.16.1 - Wada] [Wada/debug] reload requested: ServerSwitch
[19:13:40] [Client thread/INFO] [STDOUT]: [Enginex v5.16.1 - Wada] [Wada/debug] cleanAndReload begin: sessionId=16, awaitingHandshake=true
[19:13:40] [Client thread/INFO] [STDOUT]: [Enginex v5.16.1 - Wada] VAO support: true
[19:13:40] [Client thread/INFO] [STDOUT]: [Enginex v5.16.1 - Wada] Initialization with mod Wada
[19:13:40] [Client thread/INFO] [STDOUT]: [Enginex v5.16.1 - Wada] Successfully initialized
[19:13:40] [Client thread/INFO] Found file C:\Users\tveiv\.cristalix\updates\Minigames\server-resource-packs\40bb4597c7ce6b5b4690666d2a8804747a202ba3 matching requested hash 2a33a213ea168e73eaf34aeab631978eb6603e7b
[19:13:40] [Client thread/INFO] Cache hit
[19:13:40] [Client thread/INFO] Joining server VoidGame #2
[19:13:40] [Client thread/INFO] Reloading ResourceManager: assets-addon.jar, Default, 40bb4597c7ce6b5b4690666d2a8804747a202ba3
[19:13:40] [Client thread/WARN] Missing sound for event: minecraft:entity.turtle.ambient
[19:13:40] [Client thread/WARN] Missing sound for event: minecraft:entity.turtle.baby_hurt
[19:13:40] [Client thread/WARN] Missing sound for event: minecraft:entity.turtle.hurt
[19:13:40] [Client thread/WARN] Missing sound for event: minecraft:entity.turtle.baby_death
[19:13:40] [Client thread/WARN] Missing sound for event: minecraft:entity.turtle.death
[19:13:40] [Client thread/WARN] Missing sound for event: minecraft:entity.turtle.baby_step
[19:13:40] [Client thread/WARN] Missing sound for event: minecraft:entity.turtle.step
[19:13:40] [Client thread/WARN] Missing sound for event: minecraft:entity.turtle.swim
[19:13:40] [Client thread/WARN] Missing sound for event: minecraft:block.turtle_egg.crack
[19:13:40] [Client thread/WARN] Missing sound for event: minecraft:block.turtle_egg.egg_break
[19:13:40] [Client thread/WARN] Missing sound for event: minecraft:block.turtle_egg.fall
[19:13:40] [Client thread/WARN] Missing sound for event: minecraft:block.turtle_egg.hatch
[19:13:40] [Client thread/INFO] SoundSystem shutting down...
[19:13:40] [Client thread/WARN] Author: Paul Lamb, www.paulscode.com
[19:13:40] [Client thread/INFO] Starting up SoundSystem...
[19:13:40] [Thread-70/INFO] Initializing LWJGL OpenAL
[19:13:40] [Thread-70/INFO] (The LWJGL binding of OpenAL.  For more information, see http://www.lwjgl.org)
[19:13:40] [Thread-70/INFO] OpenAL audio device: OpenAL Soft on Динамики (MCHOSE V9 PRO)
[19:13:40] [Thread-70/INFO] OpenAL initialized.
[19:13:40] [Client thread/INFO] Sound engine reloaded
[19:13:41] [Client thread/INFO] [STDOUT]: [Enginex v5.16.1 - Wada] [Wada/debug] handshake complete (w4:load), awaitingHandshake=false, sessionId=16
[19:13:41] [ForkJoinPool.commonPool-worker-3/WARN] Unable to load variant: axis=x from minecraft:lodestone#axis=x
[19:13:41] [ForkJoinPool.commonPool-worker-3/WARN] Unable to load variant: axis=y from minecraft:lodestone#axis=y
[19:13:41] [ForkJoinPool.commonPool-worker-3/WARN] Unable to load variant: axis=z from minecraft:lodestone#axis=z
[19:13:41] [Client thread/INFO] Start loading of mod VoidMod
[19:13:41] [Client thread/INFO] Loading mod VoidMod v1.0+089d877 by ZeksterP
[19:13:41] [Client thread/INFO] [STDOUT]: [Enginex v5.13.11-TEST-2 - VoidMod] VAO support: true
[19:13:41] [ForkJoinPool.commonPool-worker-3/ERROR] Unable to load item model: 'minecraft:mcpatcher/cit/others/megumin_hat#inventory' for item: 'minecraft:mcpatcher/cit/others/megumin_hat'
[19:13:41] [ForkJoinPool.commonPool-worker-3/WARN] Unable to resolve texture due to upward reference: #cross in minecraft:models/block/chain.json
[19:13:41] [ForkJoinPool.commonPool-worker-3/WARN] Unable to resolve texture due to upward reference: #cross in minecraft:models/block/chain.json
[19:13:41] [ForkJoinPool.commonPool-worker-3/INFO] [OptiFine] Mipmap levels: 4
[19:13:41] [ForkJoinPool.commonPool-worker-3/INFO] [OptiFine] Multi-texturing: false
[19:13:41] [ForkJoinPool.commonPool-worker-3/INFO] [OptiFine] Multipass connected textures: false
[19:13:41] [ForkJoinPool.commonPool-worker-3/INFO] [OptiFine] BetterGrass: Parsing default configuration optifine/bettergrass.properties
[19:13:41] [ForkJoinPool.commonPool-worker-3/FATAL] [OptiFine] Scaled too small texture: minecraft:particles/glow_2, 8 -> 16
[19:13:41] [ForkJoinPool.commonPool-worker-3/FATAL] [OptiFine] Scaled too small texture: minecraft:particles/glow_1, 8 -> 16
[19:13:41] [ForkJoinPool.commonPool-worker-3/FATAL] [OptiFine] Scaled too small texture: minecraft:particles/glow_0, 8 -> 16
[19:13:41] [ForkJoinPool.commonPool-worker-3/FATAL] [OptiFine] Scaled too small texture: minecraft:particles/glow_6, 8 -> 16
[19:13:41] [ForkJoinPool.commonPool-worker-3/FATAL] [OptiFine] Scaled too small texture: minecraft:particles/glow_5, 8 -> 16
[19:13:41] [ForkJoinPool.commonPool-worker-3/FATAL] [OptiFine] Scaled too small texture: minecraft:particles/glow_4, 8 -> 16
[19:13:41] [ForkJoinPool.commonPool-worker-3/FATAL] [OptiFine] Scaled too small texture: minecraft:particles/glow_3, 8 -> 16
[19:13:41] [ForkJoinPool.commonPool-worker-3/FATAL] [OptiFine] Scaled too small texture: minecraft:particles/glow_9, 8 -> 16
[19:13:41] [ForkJoinPool.commonPool-worker-3/FATAL] [OptiFine] Scaled too small texture: minecraft:particles/glow_8, 8 -> 16
[19:13:41] [ForkJoinPool.commonPool-worker-3/FATAL] [OptiFine] Scaled too small texture: minecraft:particles/glow_7, 8 -> 16
[19:13:41] [ForkJoinPool.commonPool-worker-3/ERROR] Using missing texture, unable to load minecraft:textures/items/wooden_sword.png
[19:13:41] [ForkJoinPool.commonPool-worker-3/FATAL] [OptiFine] Scaled too small texture: minecraft:particles/glow_11, 8 -> 16
[19:13:41] [ForkJoinPool.commonPool-worker-3/FATAL] [OptiFine] Scaled too small texture: minecraft:particles/glow_10, 8 -> 16
[19:13:41] [ForkJoinPool.commonPool-worker-3/FATAL] [OptiFine] Scaled too small texture: minecraft:particles/glow_13, 8 -> 16
[19:13:41] [ForkJoinPool.commonPool-worker-3/FATAL] [OptiFine] Scaled too small texture: minecraft:particles/glow_12, 8 -> 16
[19:13:41] [ForkJoinPool.commonPool-worker-3/FATAL] [OptiFine] Scaled too small texture: minecraft:particles/glow_15, 8 -> 16
[19:13:41] [ForkJoinPool.commonPool-worker-3/FATAL] [OptiFine] Scaled too small texture: minecraft:particles/glow_14, 8 -> 16
[19:13:41] [ForkJoinPool.commonPool-worker-3/INFO] load sprites for 27ms
[19:13:41] [ForkJoinPool.commonPool-worker-3/INFO] Created: 1024x1024 textures-atlas in 38ms
[19:13:41] [Client thread/INFO] [STDOUT]: [Enginex v5.13.11-TEST-2 - VoidMod] Initialization with mod VoidMod
[19:13:41] [Client thread/INFO] [STDOUT]: [Enginex v5.13.11-TEST-2 - VoidMod] Successfully initialized
[19:13:41] [Client thread/INFO] Loaded mod VoidMod v1.0+089d877 in 673 ms
[19:13:41] [ForkJoinPool.commonPool-worker-5/INFO] [DEBUG] Atlas assembly for 1.685ms
[19:13:42] [Client thread/INFO] [DEBUG] upload atlas for 1.983ms
[19:13:42] [Client thread/INFO] [DEBUG] Generate mipmaps for 0.003ms
[19:13:42] [Client thread/INFO] [OptiFine] Animated sprites: 0
[19:13:42] [Client thread/INFO] [OptiFine] CustomColors: Loading mcpatcher/color.properties
[19:13:42] [Client thread/INFO] Textures loaded for 541.712ms
[19:13:49] [Client thread/INFO] [CHAT] Авто-кликер включен
[19:14:41] [Client thread/INFO] [CHAT] \n  MEDIA ┃ ALMA3uk7 запустил стрим!\n  Платформа: Twitch\n  Напишите /media для проcмотра активных трансляций\n 
[19:16:23] [Client thread/INFO] [CHAT] [30] V+ ┃ CherryBomBom » nen
[19:16:24] [Client thread/INFO] [CHAT] [30] V+ ┃ CherryBomBom » tyt
[19:16:30] [Client thread/INFO] [CHAT] [28] baga03 » газ
[19:17:10] [Client thread/INFO] [CHAT] [28] baga03 » имбап
[19:17:52] [Client thread/INFO] [CHAT] [28] baga03 » сек
[19:17:55] [Client thread/INFO] [CHAT] [28] baga03 » реснутся абилки
[19:18:00] [Client thread/INFO] [CHAT] [28] baga03 » че у тебя с хп?
[19:18:05] [Client thread/INFO] [CHAT] [30] V+ ┃ CherryBomBom » много
[19:18:14] [Client thread/INFO] [CHAT] [28] baga03 » имба
[19:18:22] [Client thread/INFO] [CHAT] [28] baga03 » газ
[19:19:21] [Client thread/INFO] [CHAT] [30] MVP ┃ Mmiks » !кто пати
[19:19:29] [Client thread/INFO] [CHAT] [4] G ┃ TRiuMFaToR » а че тут поменяли способность предметов на какую кнопку быстро активировать?
[19:19:31] [Client thread/INFO] [CHAT] [6] Chazeeee » Сколько всего зеленых бонусов в аккреционном диске?
[19:19:40] [Client thread/INFO] [CHAT] [30] chocolatechara » 4
[19:19:47] [Client thread/INFO] [CHAT] [6] Chazeeee » Спасибо
[19:19:50] [Client thread/INFO] [CHAT] [12] D ┃ kirill_rast2 » кто пати ?
[19:20:46] [Client thread/INFO] [CHAT] Tveiv получил Собиратель мусора
[19:21:00] [Client thread/INFO] [CHAT] Tveiv получил Бонус скорости x2
[19:21:00] [Client thread/INFO] [CHAT] Получено 44 звезд
[19:21:00] [Client thread/INFO] [CHAT] Урон игрока Tveiv: 7497
[19:21:02] [Client thread/INFO] [CHAT] Tveiv получил Маноед
[19:21:23] [Client thread/INFO] [CHAT] [16] P ┃ BykaII » ! а по чему 3 небытие в кристале желаний получить не смог ?
[19:21:24] [Client thread/INFO] [CHAT] Получено 41 звезд
[19:21:24] [Client thread/INFO] [CHAT] Урон игрока Tveiv: 12394
[19:21:26] [Client thread/INFO] [CHAT] Tveiv получил Фатальная бессонница
[19:21:26] [Client thread/INFO] [CHAT] [12] D ┃ kirill_rast2 » как пройти стража на 6-ой волне второй локи ?
[19:21:39] [Client thread/INFO] [CHAT] Получено 44 звезд
[19:21:39] [Client thread/INFO] [CHAT] Урон игрока Tveiv: 7329
[19:21:41] [Client thread/INFO] [CHAT] Tveiv получил Зеркало Катастрофы
[19:21:47] [Client thread/INFO] [CHAT] [28] baga03 » хорош
[19:21:51] [Client thread/INFO] [CHAT] [30] V+ ┃ CherryBomBom » спс
[19:21:52] [Client thread/INFO] [CHAT] [30] V+ ┃ CherryBomBom » ты тож
[19:21:55] [Client thread/INFO] [CHAT] Получено 44 звезд
[19:21:55] [Client thread/INFO] [CHAT] Урон игрока Tveiv: 9349
[19:21:55] [Client thread/INFO] [CHAT] [30] V+ ┃ CherryBomBom » мне поножи выпали
[19:21:56] [Client thread/INFO] [CHAT] [28] baga03 » взаимно
[19:21:56] [Client thread/INFO] [CHAT] Tveiv получил Карта выбора x2
[19:21:58] [Client thread/INFO] [CHAT] Tveiv получил Никтофобия x2
[19:22:02] [Client thread/INFO] [CHAT] [16] P ┃ BykaII » ! а по чему 3 небытие в кристале желаний получить не смог ?
[19:22:09] [Client thread/INFO] [CHAT] [28] baga03 » на 27 мб?
[19:22:13] [Client thread/INFO] [CHAT] [30] V+ ┃ CherryBomBom » ща поножи
[19:22:15] [Client thread/INFO] [CHAT] Tveiv получил Дьяволица x2
[19:22:28] [Client thread/INFO] [CHAT] [28] baga03 » арбалет говно?
[19:22:35] [Client thread/INFO] [CHAT] [28] baga03 » или как лук
[19:22:35] [Client thread/INFO] [CHAT] [30] V+ ┃ CherryBomBom » да
[19:22:35] [Client thread/INFO] [CHAT] Получено 36 звезд
[19:22:35] [Client thread/INFO] [CHAT] Урон игрока Tveiv: 17316
[19:22:36] [Client thread/INFO] [CHAT] Tveiv получил Катастрофизация x2
[19:22:48] [Client thread/INFO] [CHAT] [28] baga03 » лук получше?
[19:22:48] [Client thread/INFO] [CHAT] На Вас наложено Проклятие Крови, Вы получаете урон за каждую нанесенную атаку
[19:22:54] [Client thread/INFO] [CHAT] Tveiv получил Бонус скорости
[19:23:01] [Client thread/INFO] [CHAT] На Вас наложено Проклятие Страха, Ваш вампиризм заблокирован
[19:23:04] [Client thread/INFO] [CHAT] [30] V+ ┃ CherryBomBom » да
[19:23:07] [Client thread/INFO] [CHAT] [30] V+ ┃ CherryBomBom » Как передать?
[19:23:08] [Client thread/INFO] [CHAT] [30] V+ ┃ CherryBomBom » предметэ
[19:23:12] [Client thread/INFO] [CHAT] [28] baga03 » а веер?
[19:23:16] [Client thread/INFO] [CHAT] [30] V+ ┃ CherryBomBom » веер имба
[19:23:19] [Client thread/INFO] [CHAT] [28] baga03 » никак нельзя передовать
[19:23:27] [Client thread/INFO] [CHAT] На Вас наложено Проклятие Страха, Ваш вампиризм заблокирован
[19:23:27] [Client thread/INFO] [CHAT] На Вас наложено Проклятие Страха, Ваш вампиризм заблокирован
[19:23:31] [Client thread/INFO] [CHAT] [30] V+ ┃ CherryBomBom » го 27 локу
[19:23:33] [Client thread/INFO] [CHAT] Получено 28 звезд
[19:23:33] [Client thread/INFO] [CHAT] Урон игрока Tveiv: 41324
[19:23:34] [Client thread/INFO] [CHAT] Tveiv получил Прогноз погоды x2
[19:23:36] [Client thread/INFO] [CHAT] [28] baga03 » с ек
[19:23:40] [Client thread/INFO] [CHAT] На Вас наложено Проклятие Крови, Вы получаете урон за каждую нанесенную атаку
[19:23:40] [Client thread/INFO] [CHAT] На Вас наложено Проклятие Страха, Ваш вампиризм заблокирован
[19:23:45] [Client thread/INFO] [CHAT] [30] H ┃ ______________DA » ./gift но можно передать только тиму если с ним выбил
[19:23:46] [Client thread/INFO] [CHAT] Потеряно 53 звезд
[19:23:46] [Client thread/INFO] [CHAT] Tveiv получил Ключ к Победе
[19:23:50] [Client thread/INFO] [CHAT] Потеряно 53 звезд
[19:23:50] [Client thread/INFO] [CHAT] Tveiv получил Танатофобия
[19:23:52] [Client thread/INFO] [CHAT] \n   Сейчас трансляции ведут:\n   MEDIA ┃ ALMA3uk7, MEDIA ┃ repervladik\n   Напишите /media для проcмотра активных трансляций\n 
[19:23:52] [Client thread/INFO] [CHAT] Потеряно 53 звезд
[19:23:52] [Client thread/INFO] [CHAT] Tveiv получил Стеклянная кукла
[19:23:53] [Client thread/INFO] [CHAT] На Вас наложено Проклятие Страха, Ваш вампиризм заблокирован
[19:23:53] [Client thread/INFO] [CHAT] Потеряно 53 звезд
[19:23:53] [Client thread/INFO] [CHAT] Tveiv получил Грохот научного триумфа
[19:23:56] [Client thread/INFO] [CHAT] Маленькие проклинатели залетают в комнату, Вам следует быть осторожными с ними.
[19:23:57] [Client thread/INFO] [CHAT] Маленький проклинатель: Сладкий, вкусный Странник Тьмы, просим тебя, прими наши небольшие подарки.
[19:24:03] [Client thread/INFO] [CHAT] Tveiv получил Охотник за головами
[19:24:03] [Client thread/INFO] [CHAT] Tveiv получил Проклятие
[19:24:12] [Client thread/INFO] [CHAT] Tveiv получил Спокойствие разума
[19:24:13] [Client thread/INFO] [CHAT] Tveiv получил Бонус здоровья x2
[19:24:18] [Client thread/INFO] [CHAT] Получено 44 звезд
[19:24:18] [Client thread/INFO] [CHAT] Урон игрока Tveiv: 17584
[19:24:19] [Client thread/INFO] [CHAT] На Вас наложено Проклятие Страха, Ваш вампиризм заблокирован
[19:24:19] [Client thread/INFO] [CHAT] На Вас наложено Проклятие Страха, Ваш вампиризм заблокирован
[19:24:19] [Client thread/INFO] [CHAT] Tveiv получил Осквернённое перо x2
[19:24:24] [Client thread/INFO] [CHAT] Потеряно 53 звезд
[19:24:24] [Client thread/INFO] [CHAT] Tveiv получил Атомные часы
[19:24:26] [Client thread/INFO] [CHAT] Убийца появляется в комнате.
[19:24:27] [Client thread/INFO] [CHAT] Истребитель людей: Странник Тьмы, я пришел сыграть с тобой в одну игру. На моей родине, ещё детьми, мы часто в неё играли. Правила таковы: Находишь добычу и даешь ей время на побег. Я даю тебе 90 секунд, чтобы ты сбежал. Ежели ты не справишься, тебя ждёт смерть.
[19:24:28] [Client thread/INFO] [CHAT] Каждую волну, Вы получаете эффект добычи на 90 секунд. Как только длительность эффекта дойдет до 0, явится сама смерть.
[19:24:28] [Client thread/INFO] [CHAT] Прохождение волны сбрасывает эффект. Пройдите 4 волны, чтобы избавиться от эффекта.
[19:24:32] [Client thread/INFO] [CHAT] На Вас наложено Проклятие Крови, Вы получаете урон за каждую нанесенную атаку
[19:24:32] [Client thread/INFO] [CHAT] На Вас наложено Проклятие Крови, Вы получаете урон за каждую нанесенную атаку
[19:24:33] [Client thread/INFO] [CHAT] Вы уклонились на 47%
[19:24:33] [Client thread/INFO] [CHAT] Tveiv получил Спокойствие разума
[19:24:41] [Client thread/INFO] [CHAT] Получено 44 звезд
[19:24:41] [Client thread/INFO] [CHAT] Урон игрока Tveiv: 13153
[19:24:42] [Client thread/INFO] [CHAT] Tveiv получил Сфера Повелительницы Болезней x2
[19:24:47] [Client thread/INFO] [CHAT] Потеряно 54 звезд
[19:24:47] [Client thread/INFO] [CHAT] Tveiv получил Смотри на меня
[19:24:58] [Client thread/INFO] [CHAT] На Вас наложено Проклятие Крови, Вы получаете урон за каждую нанесенную атаку
[19:25:03] [Client thread/INFO] [CHAT] Получено 44 звезд
[19:25:03] [Client thread/INFO] [CHAT] Урон игрока Tveiv: 20701
[19:25:03] [Client thread/INFO] [CHAT] Tveiv получил Куб неуязвимости x2
[19:25:04] [Client thread/INFO] [CHAT] Tveiv получил Проклятие
[19:25:04] [Client thread/INFO] [CHAT] Tveiv получил Никтофобия
[19:25:04] [Client thread/INFO] [CHAT] Tveiv получил Лалофобия
[19:25:04] [Client thread/INFO] [CHAT] Tveiv получил Децидофобия
[19:25:04] [Client thread/INFO] [CHAT] Tveiv получил Пениафобия
[19:25:04] [Client thread/INFO] [CHAT] Tveiv получил Проклятие
[19:25:04] [Client thread/INFO] [CHAT] Tveiv получил Никтофобия
[19:25:04] [Client thread/INFO] [CHAT] Tveiv получил Лалофобия
[19:25:04] [Client thread/INFO] [CHAT] Tveiv получил Децидофобия
[19:25:04] [Client thread/INFO] [CHAT] Tveiv получил Пениафобия
[19:25:04] [Client thread/INFO] [CHAT] Tveiv получил Панофобия x2
[19:25:11] [Client thread/INFO] [CHAT] Tveiv получил Бонус урона
[19:25:11] [Client thread/INFO] [CHAT] На Вас наложено Проклятие Страха, Ваш вампиризм заблокирован
[19:25:12] [Client thread/INFO] [CHAT] Tveiv получил Бонус брони
[19:25:17] [Client thread/INFO] [CHAT] Tveiv получил Бонус брони
[19:25:20] [Client thread/INFO] [CHAT] Tveiv получил Ничего
[19:25:22] [Client thread/INFO] [CHAT] [12] D ┃ kirill_rast2 » как пройти стража гаризонта событий ?
[19:25:23] [Client thread/INFO] [CHAT] Tveiv получил Бонус урона
[19:25:24] [Client thread/INFO] [CHAT] На Вас наложено Проклятие Крови, Вы получаете урон за каждую нанесенную атаку
[19:25:37] [Client thread/INFO] [CHAT] Вы уклонились на 27%
[19:25:37] [Client thread/INFO] [CHAT] Вы уклонились на 35%
[19:25:42] [Client thread/INFO] [CHAT] Вы уклонились на 28%
[19:25:46] [Client thread/INFO] [CHAT] На Вас наложено Проклятие Страха, Ваш вампиризм заблокирован
[19:25:50] [Client thread/INFO] [CHAT] На Вас наложено Проклятие Крови, Вы получаете урон за каждую нанесенную атаку
[19:25:50] [Client thread/INFO] [CHAT] На Вас наложено Проклятие Страха, Ваш вампиризм заблокирован
[19:25:57] [Client thread/INFO] [CHAT] Получено 29 звезд
[19:25:57] [Client thread/INFO] [CHAT] Урон игрока Tveiv: 34335
[19:25:58] [Client thread/INFO] [CHAT] Tveiv получил Сплетение теней x2
[19:26:08] [Client thread/INFO] [CHAT] Tveiv получил Бонус маны
[19:26:10] [Client thread/INFO] [CHAT] Tveiv получил Бонус скорости
[19:26:16] [Client thread/INFO] [CHAT] На Вас наложено Проклятие Страха, Ваш вампиризм заблокирован
[19:26:16] [Client thread/INFO] [CHAT] На Вас наложено Проклятие Крови, Вы получаете урон за каждую нанесенную атаку
[19:26:17] [Client thread/INFO] [CHAT] Получено 44 звезд
[19:26:17] [Client thread/INFO] [CHAT] Tveiv получил Контроль
[19:26:17] [Client thread/INFO] [CHAT] Урон игрока Tveiv: 17347
[19:26:18] [Client thread/INFO] [CHAT] Tveiv получил Взгляд Расимы x2
[19:26:24] [Client thread/INFO] [CHAT] Потеряно 55 звезд
[19:26:24] [Client thread/INFO] [CHAT] Tveiv получил Дьяволица
[19:26:26] [Client thread/INFO] [CHAT] Потеряно 55 звезд
[19:26:26] [Client thread/INFO] [CHAT] Tveiv получил Зеркальный
[19:26:29] [Client thread/INFO] [CHAT] На Вас наложено Проклятие Крови, Вы получаете урон за каждую нанесенную атаку
[19:26:34] [Client thread/INFO] [CHAT] Tveiv получил Воронка проклятий
[19:26:36] [Client thread/INFO] [CHAT] Tveiv получил Собиратель мусора
[19:26:49] [Client thread/INFO] [CHAT] [28] baga03 » газ
[19:26:51] [Client thread/INFO] [CHAT] Получено 44 звезд
[19:26:51] [Client thread/INFO] [CHAT] Урон игрока Tveiv: 6358
[19:26:52] [Client thread/INFO] [CHAT] Tveiv получил Прогноз погоды
[19:26:54] [Client thread/INFO] [CHAT] [28] baga03 » че делает веер бро?
[19:27:13] [Client thread/INFO] [CHAT] [30] V+ ┃ CherryBomBom » shift
[19:27:17] [Client thread/INFO] [CHAT] [12] D ┃ kirill_rast2 » кто пати ?
[19:27:22] [Client thread/INFO] [CHAT] Получено 40 звезд
[19:27:22] [Client thread/INFO] [CHAT] Урон игрока Tveiv: 11784
[19:27:23] [Client thread/INFO] [CHAT] Tveiv получил Ключ к Победе
[19:27:27] [Client thread/INFO] [CHAT] Потеряно 51 звезд
[19:27:27] [Client thread/INFO] [CHAT] Tveiv получил Контроль
[19:27:40] [Client thread/INFO] [CHAT] Получено 45 звезд
[19:27:40] [Client thread/INFO] [CHAT] Урон игрока Tveiv: 7125
[19:27:41] [Client thread/INFO] [CHAT] Tveiv получил Викторина Монксельда
[19:27:52] [Client thread/INFO] [CHAT] Последователь и его группа ожидают от Вас ответа.
[19:27:53] [Client thread/INFO] [CHAT] [28] baga03 » газ
[19:27:57] [Client thread/INFO] [CHAT] Последователь Этоля: Превосходный ответ, мы ожидаем от тебя свершений.
[19:27:57] [Client thread/INFO] [CHAT] Tveiv получил Гений звёзд x2
[19:28:05] [Client thread/INFO] [CHAT] Tveiv получил Разрушитель звёзд
[19:28:10] [Client thread/INFO] [CHAT] Получено 44 звезд
[19:28:10] [Client thread/INFO] [CHAT] Получено 40 звезд
[19:28:10] [Client thread/INFO] [CHAT] Урон игрока Tveiv: 11018
[19:28:13] [Client thread/INFO] [CHAT] Tveiv получил Проклятие
[19:28:29] [Client thread/INFO] [CHAT] [28] baga03 » ну и кал
[19:28:29] [Client thread/INFO] [CHAT] \n  MEDIA ┃ fujihiro запустил стрим!\n  Платформа: Twitch\n  Напишите /media для проcмотра активных трансляций\n 
[19:28:35] [Client thread/INFO] [CHAT] [12] D ┃ kirill_rast2 » кто пати ?
[19:28:43] [Client thread/INFO] [CHAT] Получено 42 звезд
[19:28:43] [Client thread/INFO] [CHAT] Получено 40 звезд
[19:28:43] [Client thread/INFO] [CHAT] Урон игрока Tveiv: 12516
[19:29:03] [Client thread/INFO] [CHAT] [28] baga03 » эм?
[19:29:28] [Client thread/INFO] [CHAT] Получено 32 звезд
[19:29:28] [Client thread/INFO] [CHAT] Получено 40 звезд
[19:29:28] [Client thread/INFO] [CHAT] Урон игрока Tveiv: 35996
[19:29:29] [Client thread/INFO] [CHAT] Последователь и его группа ожидают от Вас ответа.
[19:29:34] [Client thread/INFO] [CHAT] [28] baga03 » ппц
[19:29:34] [Client thread/INFO] [CHAT] Последователь Этоля: Превосходный ответ, мы ожидаем от тебя свершений.
[19:29:34] [Client thread/INFO] [CHAT] Tveiv получил Бонус урона x2
[19:29:40] [Client thread/INFO] [CHAT] [28] baga03 » как веер использовать?
[19:29:43] [Client thread/INFO] [CHAT] Tveiv получил Бонус здоровья
[19:29:46] [Client thread/INFO] [CHAT] [30] V+ ┃ CherryBomBom » в инвентарь
[19:29:47] [Client thread/INFO] [CHAT] Получено 44 звезд
[19:29:47] [Client thread/INFO] [CHAT] Получено 40 звезд
[19:29:47] [Client thread/INFO] [CHAT] Урон игрока Tveiv: 15612
[19:29:48] [Client thread/INFO] [CHAT] Последователь и его группа ожидают от Вас ответа.
[19:29:50] [Client thread/INFO] [CHAT] [30] V+ ┃ CherryBomBom » и заклинания
[19:29:52] [Client thread/INFO] [CHAT] Последователь Этоля: Превосходный ответ, мы ожидаем от тебя свершений.
[19:29:52] [Client thread/INFO] [CHAT] Tveiv получил Острый клинок x2
[19:29:59] [Client thread/INFO] [CHAT] Tveiv получил Бонус брони
[19:30:03] [Client thread/INFO] [CHAT] Получено 45 звезд
[19:30:03] [Client thread/INFO] [CHAT] Получено 40 звезд
[19:30:03] [Client thread/INFO] [CHAT] Урон игрока Tveiv: 10761
[19:30:03] [Client thread/INFO] [CHAT] [28] baga03 » нет чет в заклинаниях
[19:30:07] [Client thread/INFO] [CHAT] Потеряно 54 звезд
[19:30:07] [Client thread/INFO] [CHAT] Tveiv получил Кольцо света
[19:30:08] [Client thread/INFO] [CHAT] Потеряно 54 звезд
[19:30:08] [Client thread/INFO] [CHAT] Tveiv получил Замок без ключа
[19:30:10] [Client thread/INFO] [CHAT] Потеряно 54 звезд
[19:30:10] [Client thread/INFO] [CHAT] Tveiv получил Расимафикация
[19:30:11] [Client thread/INFO] [CHAT] Потеряно 54 звезд
[19:30:11] [Client thread/INFO] [CHAT] Tveiv получил Ножницы пространства
[19:30:12] [Client thread/INFO] [CHAT] Потеряно 54 звезд
[19:30:12] [Client thread/INFO] [CHAT] Tveiv получил Самосознающие стрелы
[19:30:13] [Client thread/INFO] [CHAT] Потеряно 54 звезд
[19:30:13] [Client thread/INFO] [CHAT] Tveiv получил Чаша Победителей
[19:30:14] [Client thread/INFO] [CHAT] Потеряно 54 звезд
[19:30:14] [Client thread/INFO] [CHAT] Tveiv получил Ничего
[19:30:15] [Client thread/INFO] [CHAT] [30] V+ ┃ CherryBomBom » значит сама по себе работает
[19:30:18] [Client thread/INFO] [CHAT] [30] V+ ┃ CherryBomBom » со всеми биндами
[19:30:35] [Client thread/INFO] [CHAT] Получено 42 звезд
[19:30:35] [Client thread/INFO] [CHAT] Получено 40 звезд
[19:30:35] [Client thread/INFO] [CHAT] Урон игрока Tveiv: 19639
[19:30:36] [Client thread/INFO] [CHAT] Tveiv получил Нож на перестрелке
[19:30:37] [Client thread/INFO] [CHAT] Последователь и его группа ожидают от Вас ответа.
[19:30:42] [Client thread/INFO] [CHAT] Последователь Этоля: Превосходный ответ, мы ожидаем от тебя свершений.
[19:30:42] [Client thread/INFO] [CHAT] Tveiv получил Бонус урона x2
[19:30:49] [Client thread/INFO] [CHAT] Tveiv получил Бонус урона x2
[19:30:49] [Client thread/INFO] [CHAT] Tveiv получил Ничего
[19:30:53] [Client thread/INFO] [CHAT] Tveiv получил Бонус здоровья x2
[19:30:59] [Client thread/INFO] [CHAT] [30] V+ ┃ CherryBomBom » стой
[19:31:00] [Client thread/INFO] [CHAT] [30] V+ ┃ CherryBomBom » мана
[19:31:00] [Client thread/INFO] [CHAT] Tveiv получил Бонус здоровья x2
[19:31:00] [Client thread/INFO] [CHAT] Получено 42 звезд
[19:31:00] [Client thread/INFO] [CHAT] Получено 40 звезд
[19:31:00] [Client thread/INFO] [CHAT] Урон игрока Tveiv: 25480
[19:31:02] [Client thread/INFO] [CHAT] [28] baga03 » тг есть?
[19:31:02] [Client thread/INFO] [CHAT] Последователь и его группа ожидают от Вас ответа.
[19:31:04] [Client thread/INFO] [CHAT] Последователь Этоля: Превосходный ответ, мы ожидаем от тебя свершений.
[19:31:04] [Client thread/INFO] [CHAT] Tveiv получил Расшифровщик Валотайла x2
[19:31:06] [Client thread/INFO] [CHAT] [30] V+ ┃ CherryBomBom » не на пк
[19:31:15] [Client thread/INFO] [CHAT] [30] chocolatechara » ммммм
[19:31:17] [Client thread/INFO] [CHAT] Получено 45 звезд
[19:31:17] [Client thread/INFO] [CHAT] Получено 40 звезд
[19:31:17] [Client thread/INFO] [CHAT] Урон игрока Tveiv: 11998
[19:31:26] [Client thread/INFO] [CHAT] Последователь и его группа ожидают от Вас ответа.
[19:31:30] [Client thread/INFO] [CHAT] Последователь Этоля: Превосходный ответ, мы ожидаем от тебя свершений.
[19:31:30] [Client thread/INFO] [CHAT] Tveiv получил Возвышение на Юпитер x2
[19:31:31] [Client thread/INFO] [CHAT] [6] Chazeeee » сколько защиты дает свинцовый слоник
[19:31:34] [Client thread/INFO] [CHAT] [30] chocolatechara » у меня залагало и мне смерть -50% хп сделало спасибо
[19:31:35] [Client thread/INFO] [CHAT] [30] chocolatechara » 10
[19:31:46] [Client thread/INFO] [CHAT] [12] D ┃ kirill_rast2 » кто пати ?
[19:31:54] [Client thread/INFO] [CHAT] Получено 40 звезд
[19:31:54] [Client thread/INFO] [CHAT] Получено 40 звезд
[19:31:54] [Client thread/INFO] [CHAT] Урон игрока Tveiv: 29527
[19:32:01] [Client thread/INFO] [CHAT] Потеряно 224 звезд
[19:32:01] [Client thread/INFO] [CHAT] Tveiv получил Чаша Победителей
[19:32:07] [Client thread/INFO] [CHAT] Последователи Бедствия появляются в комнате.
[19:32:08] [Client thread/INFO] [CHAT] Наследница Бедствия: Странник Тьмы, ты же направляешься к Расиме?
[19:32:09] [Client thread/INFO] [CHAT] Наследница Бедствия: Мы можем помочь друг-другу.
[19:32:11] [Client thread/INFO] [CHAT] Наследница Бедствия: В битве с Расимой, мы будем на твоей стороне. Согласен?
[19:32:12] [Client thread/INFO] [CHAT] Наследница Бедствия: Ты ещё пожалеешь об этом.
[19:32:18] [Client thread/INFO] [CHAT] Tveiv получил Спокойствие разума x2
[19:32:20] [Client thread/INFO] [CHAT] Tveiv получил Бонус здоровья x2
[19:32:29] [Client thread/INFO] [CHAT] Tveiv получил Бонус маны x2
[19:32:29] [Client thread/INFO] [CHAT] Получено 42 звезд
[19:32:29] [Client thread/INFO] [CHAT] Получено 40 звезд
[19:32:29] [Client thread/INFO] [CHAT] Урон игрока Tveiv: 18663
[19:32:36] [Client thread/INFO] [CHAT] Потеряно 226 звезд
[19:32:36] [Client thread/INFO] [CHAT] Tveiv получил Охотник за головами
[19:32:38] [Client thread/INFO] [CHAT] [30] RPG_HouS » ! [Темный посох бессмертного ♆] норм тема?
[19:32:39] [Client thread/INFO] [CHAT] Вампиризм сброшен!
[19:32:45] [Client thread/INFO] [CHAT] Tveiv получил Бонус скорости x2
[19:32:46] [Client thread/INFO] [CHAT] Вампиризм сброшен!
[19:32:48] [Client thread/INFO] [CHAT] Tveiv получил Бонус урона x2
[19:32:53] [Client thread/INFO] [CHAT] Получено 43 звезд
[19:32:53] [Client thread/INFO] [CHAT] Получено 40 звезд
[19:32:53] [Client thread/INFO] [CHAT] Урон игрока Tveiv: 17613
[19:32:54] [Client thread/INFO] [CHAT] Tveiv получил Непобеждаемая слот-машина
[19:32:55] [Client thread/INFO] [CHAT] Последователь и его группа ожидают от Вас ответа.
[19:33:00] [Client thread/INFO] [CHAT] Последователь Этоля: Превосходный ответ, мы ожидаем от тебя свершений.
[19:33:00] [Client thread/INFO] [CHAT] Tveiv получил Спокойствие разума x2
[19:33:02] [Client thread/INFO] [CHAT] Вампиризм сброшен!
[19:33:11] [Client thread/INFO] [CHAT] Tveiv получил Спокойствие разума x2
[19:33:19] [Client thread/INFO] [CHAT] Tveiv получил Бонус урона x2
[19:33:22] [Client thread/INFO] [CHAT] Получено 40 звезд
[19:33:22] [Client thread/INFO] [CHAT] Получено 40 звезд
[19:33:22] [Client thread/INFO] [CHAT] Урон игрока Tveiv: 24725
[19:33:26] [Client thread/INFO] [CHAT] Последователь и его группа ожидают от Вас ответа.
[19:33:30] [Client thread/INFO] [CHAT] Последователь Этоля: Превосходный ответ, мы ожидаем от тебя свершений.
[19:33:30] [Client thread/INFO] [CHAT] Tveiv получил Расшифровщик Валотайла x2
[19:33:34] [Client thread/INFO] [CHAT] Вампиризм сброшен!
[19:33:35] [Client thread/INFO] [CHAT] Tveiv получил Бонус маны x2
[19:33:38] [Client thread/INFO] [CHAT] [30] V+ ┃ CherryBomBom » че\
[19:33:41] [Client thread/INFO] [CHAT] [30] V+ ┃ CherryBomBom » 0?
[19:33:43] [Client thread/INFO] [CHAT] На Вас наложен Яростный взор, Вы получаете урон, когда смотрите на существ
[19:33:55] [Client thread/INFO] [CHAT] Получено 39 звезд
[19:33:55] [Client thread/INFO] [CHAT] Получено 40 звезд
[19:33:55] [Client thread/INFO] [CHAT] Урон игрока Tveiv: 46432
[19:33:56] [Client thread/INFO] [CHAT] [28] baga03 » короче
[19:34:09] [Client thread/INFO] [CHAT] Tveiv получил Бонус урона x2
[19:34:10] [Client thread/INFO] [CHAT] На Вас наложен Яростный взор, Вы получаете урон, когда смотрите на существ
[19:34:12] [Client thread/INFO] [CHAT] На Вас наложен Яростный взор, Вы получаете урон, когда смотрите на существ
[19:34:13] [Client thread/INFO] [CHAT] Получено 43 звезд
[19:34:13] [Client thread/INFO] [CHAT] Получено 40 звезд
[19:34:13] [Client thread/INFO] [CHAT] Урон игрока Tveiv: 33387
[19:34:21] [Client thread/INFO] [CHAT] Потеряно 58 звезд
[19:34:21] [Client thread/INFO] [CHAT] Получено 17 звезд
[19:34:21] [Client thread/INFO] [CHAT] Tveiv получил Игла ярости
[19:34:22] [Client thread/INFO] [CHAT] [5] D ┃ legaret554 » кто поиграть вместе 16+ мой дс tort1190
[19:34:23] [Client thread/INFO] [CHAT] Потеряно 58 звезд
[19:34:23] [Client thread/INFO] [CHAT] Получено 17 звезд
[19:34:23] [Client thread/INFO] [CHAT] Tveiv получил Черные прямоугольники
[19:34:35] [Client thread/INFO] [CHAT] [12] D ┃ kirill_rast2 » кто пати войд до 21 уровня?
[19:34:44] [Client thread/INFO] [CHAT] На Вас наложено Проклятие Крови, Вы получаете урон за каждую нанесенную атаку
[19:34:44] [Client thread/INFO] [CHAT] Tveiv получил Бонус урона
[19:34:45] [Client thread/INFO] [CHAT] Вампиризм сброшен!
[19:34:45] [Client thread/INFO] [CHAT] Вампиризм сброшен!
[19:34:47] [Client thread/INFO] [CHAT] Вампиризм сброшен!
[19:34:47] [Client thread/INFO] [CHAT] Вампиризм сброшен!
[19:34:49] [Client thread/INFO] [CHAT] [5] D ┃ legaret554 » кто поиграть вместе 16+ мой дс tort1190
[19:35:20] [Client thread/INFO] [CHAT] [28] baga03 » да, можно
[19:35:39] [Client thread/INFO] [CHAT] [30] V+ ┃ CherryBomBom » есть карта
[19:35:41] [Client thread/INFO] [CHAT] [28] baga03 » да
[19:35:45] [Client thread/INFO] [CHAT] [30] V+ ┃ CherryBomBom » го
[19:35:52] [Client thread/INFO] [CHAT] [30] V+ ┃ CherryBomBom » а
[19:35:54] [Client thread/INFO] [CHAT] [30] V+ ┃ CherryBomBom » кд
[19:36:01] [Client thread/INFO] [CHAT] Tveiv получил На дне разверзшейся преисподни
[19:36:01] [Client thread/INFO] [CHAT] Tveiv получил На дне разверзшейся преисподни
[19:36:01] [Client thread/INFO] [CHAT] Tveiv получил Собиратель мусора
[19:36:01] [Client thread/INFO] [CHAT] Получено 300 звезд
[19:36:04] [Client thread/INFO] [CHAT] Потеряно 200 звезд
[19:36:04] [Client thread/INFO] [CHAT] Tveiv получил Бонус урона
[19:36:11] [Client thread/INFO] [CHAT] [28] baga03 » 11 мин
[19:36:11] [Client thread/INFO] [CHAT] Получено 5 звезд
[19:36:14] [Client thread/INFO] [CHAT] Получено 5 звезд
[19:36:15] [Client thread/INFO] [CHAT] [28] baga03 » пошли пока на другую
[19:36:20] [Client thread/INFO] [CHAT] [28] baga03 » пошли
[19:36:20] [Client thread/INFO] [CHAT] [6] Chazeeee » в событии с летучими мышами, сколько их появляется?
[19:36:28] [Client thread/INFO] [CHAT] [30] V+ ┃ CherryBomBom » го ща
[19:36:29] [Client thread/INFO] [CHAT] [28] baga03 » воспоминания с 2 усложнением
[19:36:32] [Client thread/INFO] [CHAT] [28] baga03 » расимы
[19:36:50] [Client thread/INFO] [CHAT] [30] H ┃ ______________DA » 10 мышей
[19:37:13] [Client thread/INFO] [CHAT] [28] baga03 » ребят, а валотайл вообще открывается? или тут только 2 ветки?
[19:37:34] [Client thread/INFO] [CHAT] [30] H ┃ ______________DA » 2 только
[19:37:45] [Client thread/INFO] [CHAT] Вампиризм сброшен!
[19:37:48] [Client thread/INFO] [CHAT] Получено 8 звезд
[19:37:50] [Client thread/INFO] [CHAT] [5] D ┃ legaret554 » !кто поиграть вместе по дс 14+ мой дс tort1190
[19:37:52] [Client thread/INFO] [CHAT] Получено 5 звезд
[19:37:55] [Client thread/INFO] [CHAT] Получено 5 звезд
[19:37:55] [Client thread/INFO] [CHAT] Вам выпал Изумруд x2
[19:37:55] [Client thread/INFO] [CHAT] Получено 21 звезд
[19:37:58] [Client thread/INFO] [CHAT] Tveiv получил Паранойя Победителя
[19:38:28] [Client thread/INFO] [CHAT] [30] V+ ┃ CherryBomBom » урон бещенный
[19:38:54] [Client thread/INFO] [CHAT] [28] baga03 » живи
[19:39:15] [Client thread/INFO] [CHAT] Получено 5 звезд
[19:39:16] [Client thread/INFO] [CHAT] [28] baga03 » НЕ ТРГАЙ
[19:39:18] [Client thread/INFO] [CHAT] Получено 5 звезд
[19:39:22] [Client thread/INFO] [CHAT] [12] D ┃ kirill_rast2 » кто пати войд до 21 уровня?
[19:39:28] [Client thread/INFO] [CHAT] Получено 6 звезд
[19:39:32] [Client thread/INFO] [CHAT] Получено 5 звезд
[19:39:35] [Client thread/INFO] [CHAT] Получено 5 звезд
[19:39:36] [Client thread/INFO] [CHAT] На Вас наложен Яростный взор, Вы получаете урон, когда смотрите на существ
[19:39:41] [Client thread/INFO] [CHAT] Получено 5 звезд
[19:39:41] [Client thread/INFO] [CHAT] Вам выпал Изумруд x1
[19:39:41] [Client thread/INFO] [CHAT] Получено 5 звезд
[19:39:41] [Client thread/INFO] [CHAT] Вам выпал Обугленный череп x1
[19:39:47] [Client thread/INFO] [CHAT] [28] baga03 » делай
[19:39:51] [Client thread/INFO] [CHAT] Получено 6 звезд
[19:39:51] [Client thread/INFO] [CHAT] Вам выпал Изумруд x1
[19:39:51] [Client thread/INFO] [CHAT] Вам выпал Обугленный череп x1
[19:39:51] [Client thread/INFO] [CHAT] Вам выпал Осколок фантазии Этоля x1
[19:39:54] [Client thread/INFO] [CHAT] Получено 5 звезд
[19:39:56] [Client thread/INFO] [CHAT] Вампиризм сброшен!
[19:39:56] [Client thread/INFO] [CHAT] Получено 5 звезд
[19:40:00] [Client thread/INFO] [CHAT] Получено 5 звезд
[19:40:04] [Client thread/INFO] [CHAT] Получено 5 звезд
[19:40:04] [Client thread/INFO] [CHAT] Вам выпал Изумруд x1
[19:40:05] [Client thread/INFO] [CHAT] Вампиризм сброшен!
[19:40:08] [Client thread/INFO] [CHAT] Вампиризм сброшен!
[19:40:08] [Client thread/INFO] [CHAT] [30] chocolatechara » че дает ключ к победе?
[19:40:08] [Client thread/INFO] [CHAT] Получено 5 звезд
[19:40:08] [Client thread/INFO] [CHAT] Вам выпал Изумруд x1
[19:40:13] [Client thread/INFO] [CHAT] Получено 5 звезд
[19:40:13] [Client thread/INFO] [CHAT] [28] baga03 » ээм?
[19:40:15] [Client thread/INFO] [CHAT] Получено 5 звезд
[19:40:18] [Client thread/INFO] [CHAT] Получено 5 звезд
[19:40:18] [Client thread/INFO] [CHAT] Получено 10 звезд
[19:40:21] [Client thread/INFO] [CHAT] Tveiv получил Проклятие
[19:40:23] [Client thread/INFO] [CHAT] [30] H ┃ ______________DA » +1 ко всем меткам
[19:40:32] [Client thread/INFO] [CHAT] Получено 5 звезд
[19:40:35] [Client thread/INFO] [CHAT] Получено 5 звезд
[19:40:35] [Client thread/INFO] [CHAT] Вам выпал Изумруд x2
[19:40:35] [Client thread/INFO] [CHAT] Вам выпал Око Победителя x1
[19:40:35] [Client thread/INFO] [CHAT] Получено 12 звезд
[19:40:38] [Client thread/INFO] [CHAT] Tveiv получил Осквернённое перо
[19:40:41] [Client thread/INFO] [CHAT] На Вас наложен Яростный взор, Вы получаете урон, когда смотрите на существ
[19:40:46] [Client thread/INFO] [CHAT] Получено 5 звезд
[19:40:46] [Client thread/INFO] [CHAT] Получено 5 звезд
[19:40:46] [Client thread/INFO] [CHAT] Вам выпал Обугленный череп x1
[19:40:51] [Client thread/INFO] [CHAT] Получено 5 звезд
[19:40:51] [Client thread/INFO] [CHAT] Вам выпал Изумруд x2
[19:40:57] [Client thread/INFO] [CHAT] Получено 5 звезд
[19:41:00] [Client thread/INFO] [CHAT] Получено 5 звезд
[19:41:06] [Client thread/INFO] [CHAT] Получено 5 звезд
[19:41:09] [Client thread/INFO] [CHAT] Получено 5 звезд
[19:41:14] [Client thread/INFO] [CHAT] Получено 6 звезд
[19:41:14] [Client thread/INFO] [CHAT] Вам выпал Изумруд x1
[19:41:15] [Client thread/INFO] [CHAT] [12] D ┃ kirill_rast2 » в грибную корову бьет молния что выйдет ?
[19:41:18] [Client thread/INFO] [CHAT] Получено 5 звезд
[19:41:18] [Client thread/INFO] [CHAT] Вам выпал Изумруд x1
[19:41:24] [Client thread/INFO] [CHAT] Получено 5 звезд
[19:41:24] [Client thread/INFO] [CHAT] Вам выпал Изумруд x2
[19:41:25] [Client thread/INFO] [CHAT] [28] baga03 » давай заного?
[19:41:25] [Client thread/INFO] [CHAT] Получено 5 звезд
[19:41:25] [Client thread/INFO] [CHAT] Вам выпал Изумруд x1
[19:41:32] [Client thread/INFO] [CHAT] Получено 5 звезд
[19:41:36] [Client thread/INFO] [CHAT] Получено 5 звезд
[19:41:41] [Client thread/INFO] [CHAT] [30] H ┃ ______________DA » поменяет тип грибов
[19:41:43] [Client thread/INFO] [CHAT] Получено 5 звезд
[19:41:43] [Client thread/INFO] [CHAT] Вам выпал Изумруд x1
[19:41:45] [Client thread/INFO] [CHAT] Получено 5 звезд
[19:41:45] [Client thread/INFO] [CHAT] Получено 5 звезд
[19:41:45] [Client thread/INFO] [CHAT] Вам выпал Изумруд x1
[19:41:47] [Client thread/INFO] [CHAT] На Вас наложено Проклятие Страха, Ваш вампиризм заблокирован
[19:41:57] [Client thread/INFO] [CHAT] Вы стали стеклянным! Вы умрете, если получите урон 10 раз
[19:42:11] [Client thread/INFO] [CHAT] [12] D ┃ kirill_rast2 » спс
[19:42:46] [Client thread/INFO] [CHAT] [12] D ┃ kirill_rast2 » скелет иссушитель стреляет из лука какой эффект у стрелы ?
[19:42:49] [Client thread/INFO] [CHAT] [28] baga03 » горение
[19:43:02] [Client thread/INFO] [CHAT] [12] D ┃ kirill_rast2 » спс
[19:43:20] [Client thread/INFO] [CHAT] [10] P+ ┃ EPIIIUK » !какой бонус просить в свете исполняющем желания?
[19:43:21] [Client thread/INFO] [CHAT] Получено 5 звезд
[19:43:21] [Client thread/INFO] [CHAT] Вам выпал Изумруд x23
[19:43:21] [Client thread/INFO] [CHAT] Вам выпал Обугленный череп x7
[19:43:21] [Client thread/INFO] [CHAT] Вам выпал Серебряная звезда зачарования x1
[19:43:21] [Client thread/INFO] [CHAT] Вам выпал Благословенная серебряная звезда зачарования x1
[19:43:21] [Client thread/INFO] [CHAT] Вам выпал Осколок фантазии Этоля x1
[19:43:21] [Client thread/INFO] [CHAT] Вам выпал Шкатулка наследницы x1
[19:43:21] [Client thread/INFO] [CHAT] Получено 5 звезд
[19:43:21] [Client thread/INFO] [CHAT] На Вас наложено Проклятие Страха, Ваш вампиризм заблокирован
[19:43:22] [Client thread/INFO] [CHAT] [9] pafus » Что лучше писать в свете исполняющего желания?
[19:43:28] [Client thread/INFO] [CHAT] \nHE ┃ AzureDvd5 проводит ивент: Беги Или Умри!\nПриз: 680\nНажми, чтобы переместиться!\n 
[19:43:35] [Client thread/INFO] [CHAT] [22] P+ ┃ mastakin » Теневой
[19:43:46] [Client thread/INFO] [CHAT] [28] baga03 » давай заного
[19:43:47] [Client thread/INFO] [CHAT] [10] P+ ┃ EPIIIUK » !скажи полное название
[19:43:50] [Client thread/INFO] [CHAT] [28] baga03 » не пройдем
[19:43:57] [Client thread/INFO] [CHAT] [10] I ┃ Lord15 » !чёрная карта
[19:43:58] [Client thread/INFO] [CHAT] Потеряно 200 звезд
[19:43:58] [Client thread/INFO] [CHAT] Tveiv получил Бонус скорости
[19:44:00] [Client thread/INFO] [CHAT] [10] I ┃ Lord15 » название
[19:44:04] [Client thread/INFO] [CHAT] [30] H ┃ ______________DA » почти любая лега норм
[19:44:07] [Client thread/INFO] [CHAT] Получено 5 звезд
[19:44:07] [Client thread/INFO] [CHAT] Вам выпал Изумруд x1
[19:44:10] [Client thread/INFO] [CHAT] Получено 5 звезд
[19:44:10] [Client thread/INFO] [CHAT] Вам выпал Обугленный череп x1
[19:44:14] [Client thread/INFO] [CHAT] [30] chocolatechara » квазар или контроль
[19:44:16] [Client thread/INFO] [CHAT] Получено 5 звезд
[19:44:16] [Client thread/INFO] [CHAT] Вам выпал Обугленный череп x1
[19:44:21] [Client thread/INFO] [CHAT] Получено 5 звезд
[19:44:22] [Client thread/INFO] [CHAT] [30] chocolatechara » а лучше и то и то
[19:44:22] [Client thread/INFO] [CHAT] Вампиризм сброшен!
[19:44:26] [Client thread/INFO] [CHAT] Получено 5 звезд
[19:44:27] [Client thread/INFO] [CHAT] Получено 5 звезд
[19:44:27] [Client thread/INFO] [CHAT] Вам выпал Изумруд x2
[19:44:28] [Client thread/INFO] [CHAT] Вампиризм сброшен!
[19:44:32] [Client thread/INFO] [CHAT] Получено 6 звезд
[19:44:32] [Client thread/INFO] [CHAT] Вам выпал Изумруд x2
[19:44:32] [Client thread/INFO] [CHAT] Вам выпал Обугленный череп x1
[19:44:46] [Client thread/INFO] [CHAT] Получено 5 звезд
[19:44:51] [Client thread/INFO] [CHAT] Получено 5 звезд
[19:44:51] [Client thread/INFO] [CHAT] Вам выпал Изумруд x1
[19:44:53] [Client thread/INFO] [CHAT] Получено 5 звезд
[19:44:56] [Client thread/INFO] [CHAT] Получено 5 звезд
[19:44:56] [Client thread/INFO] [CHAT] Вам выпал Изумруд x1
[19:44:59] [Client thread/INFO] [CHAT] [9] pafus » Аккреционный диск
[19:45:04] [Client thread/INFO] [CHAT] Получено 5 звезд
[19:45:04] [Client thread/INFO] [CHAT] Вам выпал Обугленный череп x1
[19:45:06] [Client thread/INFO] [CHAT] [28] baga03 » 120
[19:45:08] [Client thread/INFO] [CHAT] Вампиризм сброшен!
[19:45:09] [Client thread/INFO] [CHAT] Получено 5 звезд
[19:45:11] [Client thread/INFO] [CHAT] Получено 9 звезд
[19:45:14] [Client thread/INFO] [CHAT] Получено 5 звезд
[19:45:16] [Client thread/INFO] [CHAT] [10] P+ ┃ EPIIIUK » скажите названия лег бонусов для света желаний?
[19:45:18] [Client thread/INFO] [CHAT] Получено 5 звезд
[19:45:26] [Client thread/INFO] [CHAT] [28] baga03 » квазар берти
[19:45:27] [Client thread/INFO] [CHAT] Получено 6 звезд
[19:45:27] [Client thread/INFO] [CHAT] Вам выпал Изумруд x2
[19:45:31] [Client thread/INFO] [CHAT] [30] H ┃ ______________DA » ну это в справочнике смотреть надо
[19:45:50] [Client thread/INFO] [CHAT] Получено 5 звезд
[19:45:50] [Client thread/INFO] [CHAT] Вам выпал Обугленный череп x1
[19:45:54] [Client thread/INFO] [CHAT] Получено 5 звезд
[19:46:01] [Client thread/INFO] [CHAT] Получено 5 звезд
[19:46:07] [Client thread/INFO] [CHAT] Получено 8 звезд
[19:46:07] [Client thread/INFO] [CHAT] Вам выпал Обугленный череп x1
[19:46:18] [Client thread/INFO] [CHAT] Получено 6 звезд
[19:46:25] [Client thread/INFO] [CHAT] Получено 6 звезд
[19:46:25] [Client thread/INFO] [CHAT] Вам выпал Обугленный череп x1
[19:46:30] [Client thread/INFO] [CHAT] Получено 5 звезд
[19:46:34] [Client thread/INFO] [CHAT] Получено 5 звезд
[19:46:37] [Client thread/INFO] [CHAT] Получено 5 звезд
[19:46:41] [Client thread/INFO] [CHAT] Получено 5 звезд
[19:46:41] [Client thread/INFO] [CHAT] Вам выпал Изумруд x1
[19:46:46] [Client thread/INFO] [CHAT] Получено 5 звезд
[19:46:50] [Client thread/INFO] [CHAT] Получено 5 звезд
[19:46:52] [Client thread/INFO] [CHAT] Получено 5 звезд
[19:47:04] [Client thread/INFO] [CHAT] Получено 6 звезд
[19:47:04] [Client thread/INFO] [CHAT] Вам выпал Благословенная серебряная звезда зачарования x1
[19:47:09] [Client thread/INFO] [CHAT] Получено 5 звезд
[19:47:09] [Client thread/INFO] [CHAT] Вам выпал Изумруд x2
[19:47:20] [Client thread/INFO] [CHAT] Получено 8 звезд
[19:47:20] [Client thread/INFO] [CHAT] Вам выпал Изумруд x1
[19:47:25] [Client thread/INFO] [CHAT] Получено 5 звезд
[19:47:30] [Client thread/INFO] [CHAT] Получено 5 звезд
[19:47:35] [Client thread/INFO] [CHAT] Получено 5 звезд
[19:47:35] [Client thread/INFO] [CHAT] Вам выпал Изумруд x1
[19:47:52] [Client thread/INFO] [CHAT] [22] KBAC21 » кто пати
[19:47:55] [Client thread/INFO] [CHAT] Получено 5 звезд
[19:47:55] [Client thread/INFO] [CHAT] Вам выпал Изумруд x2
[19:47:55] [Client thread/INFO] [CHAT] Вам выпал Обугленный череп x1
[19:47:55] [Client thread/INFO] [CHAT] Вам выпал Осколок фантазии Этоля x1
[19:47:59] [Client thread/INFO] [CHAT] [28] baga03 » давай квас, погнали
[19:48:00] [Client thread/INFO] [CHAT] Получено 5 звезд
[19:48:00] [Client thread/INFO] [CHAT] Вам выпал Изумруд x1
[19:48:00] [Client thread/INFO] [CHAT] Вам выпал Серебряная звезда зачарования x1
[19:48:05] [Client thread/INFO] [CHAT] Получено 5 звезд
[19:48:05] [Client thread/INFO] [CHAT] Вам выпал Изумруд x2
[19:48:06] [Client thread/INFO] [CHAT] [22] KBAC21 » я кину
[19:48:11] [Client thread/INFO] [CHAT] Вы стали стеклянным! Вы умрете, если получите урон 10 раз
[19:48:21] [Client thread/INFO] [CHAT] Дверь в комнату управления открыта.
[19:48:26] [Client thread/INFO] [CHAT] Получено 5 звезд
[19:48:26] [Client thread/INFO] [CHAT] Вам выпал Обугленный череп x1
[19:48:28] [Client thread/INFO] [CHAT] [22] KBAC21 » ты уже в пати
[19:48:29] [Client thread/INFO] [CHAT] Получено 5 звезд
[19:48:29] [Client thread/INFO] [CHAT] Вам выпал Осколок фантазии Этоля x1
[19:48:32] [Client thread/INFO] [CHAT] Получено 5 звезд
[19:48:35] [Client thread/INFO] [CHAT] Получено 5 звезд
[19:48:35] [Client thread/INFO] [CHAT] Вам выпал Изумруд x1
[19:48:38] [Client thread/INFO] [CHAT] Получено 5 звезд
[19:48:39] [Client thread/INFO] [CHAT] [28] baga03 » как ливнуть?
[19:48:42] [Client thread/INFO] [CHAT] Получено 5 звезд
[19:48:42] [Client thread/INFO] [CHAT] Вам выпал Обугленный череп x1
[19:48:45] [Client thread/INFO] [CHAT] Получено 5 звезд
[19:48:48] [Client thread/INFO] [CHAT] Получено 5 звезд
[19:48:52] [Client thread/INFO] [CHAT] Получено 5 звезд
[19:48:55] [Client thread/INFO] [CHAT] Получено 5 звезд
[19:48:59] [Client thread/INFO] [CHAT] Получено 5 звезд
[19:48:59] [Client thread/INFO] [CHAT] Вам выпал Изумруд x2
[19:49:00] [Client thread/INFO] [CHAT] [30] H ┃ ______________DA » ./p leave
[19:49:07] [Client thread/INFO] [CHAT] Получено 5 звезд
[19:49:07] [Client thread/INFO] [CHAT] Получено 5 звезд
[19:49:07] [Client thread/INFO] [CHAT] Вам выпал Обугленный череп x1
[19:49:18] [Client thread/INFO] [CHAT] Получено 7 звезд
[19:49:24] [Client thread/INFO] [CHAT] [28] baga03 » кидай
[19:49:25] [Client thread/INFO] [CHAT] Получено 5 звезд
[19:49:25] [Client thread/INFO] [CHAT] Вам выпал Изумруд x2
[19:49:25] [Client thread/INFO] [CHAT] Получено 5 звезд
[19:49:25] [Client thread/INFO] [CHAT] Вам выпал Обугленный череп x1
[19:49:29] [Client thread/INFO] [CHAT] Получено 5 звезд
[19:49:29] [Client thread/INFO] [CHAT] Вам выпал Изумруд x2
[19:49:34] [Client thread/INFO] [CHAT] Получено 5 звезд
[19:49:34] [Client thread/INFO] [CHAT] Вам выпал Обугленный череп x1
[19:49:43] [Client thread/INFO] [CHAT] Получено 5 звезд
[19:49:43] [Client thread/INFO] [CHAT] Вам выпал Серебряная звезда зачарования x1
[19:49:43] [Client thread/INFO] [CHAT] Получено 5 звезд
[19:49:43] [Client thread/INFO] [CHAT] Вам выпал Обугленный череп x1
[19:49:43] [Client thread/INFO] [CHAT] Вам выпал Обугленный череп x1
[19:49:46] [Client thread/INFO] [CHAT] [22] KBAC21 » rbyek
[19:49:47] [Client thread/INFO] [CHAT] Получено 5 звезд
[19:49:47] [Client thread/INFO] [CHAT] Вам выпал Изумруд x2
[19:49:49] [Client thread/INFO] [CHAT] [22] KBAC21 » кинул
[19:49:53] [Client thread/INFO] [CHAT] Получено 5 звезд
[19:49:59] [Client thread/INFO] [CHAT] Получено 5 звезд
[19:49:59] [Client thread/INFO] [CHAT] Вам выпал Изумруд x2
[19:49:59] [Client thread/INFO] [CHAT] Вам выпал Обугленный череп x1
[19:49:59] [Client thread/INFO] [CHAT] Получено 5 звезд
[19:50:03] [Client thread/INFO] [CHAT] Получено 5 звезд
[19:50:03] [Client thread/INFO] [CHAT] Вам выпал Изумруд x1
[19:50:09] [Client thread/INFO] [CHAT] Получено 6 звезд
[19:50:09] [Client thread/INFO] [CHAT] Вам выпал Обугленный череп x1
[19:50:17] [Client thread/INFO] [CHAT] Получено 5 звезд
[19:50:17] [Client thread/INFO] [CHAT] Вам выпал Изумруд x1
[19:50:17] [Client thread/INFO] [CHAT] Получено 5 звезд
[19:50:17] [Client thread/INFO] [CHAT] Вам выпал Обугленный череп x1
[19:50:22] [Client thread/INFO] [CHAT] Проход в крепость закрыт. Теперь Вы в безопасности.
[19:50:29] [Client thread/INFO] [CHAT] Потеряно 200 звезд
[19:50:29] [Client thread/INFO] [CHAT] Tveiv получил Возвышение на Юпитер
[19:50:29] [Client thread/INFO] [CHAT] [22] KBAC21 » куда пойдем?
[19:50:30] [Client thread/INFO] [CHAT] Потеряно 200 звезд
[19:50:30] [Client thread/INFO] [CHAT] Tveiv получил Гений звёзд
[19:50:47] [Client thread/INFO] [CHAT] [5] D ┃ legaret554 » а как вдвоем запуститься
[19:50:56] [Client thread/INFO] [CHAT] Наследница Бедствия: Вы явились в самый разгар событий. Перед нашей битвой, давайте хотя бы представимся. Я - Мальфиса Флеу, единственная достойная Наследница Бедствия.
[19:51:04] [Client thread/INFO] [CHAT] Наследница Бедствия: Разрушение.
[19:51:12] [Client thread/INFO] [CHAT] Наследница Бедствия: Кажется, дышать становится все тяжелее..
[19:51:12] [Client thread/INFO] [CHAT] Наследница Бедствия: Давайте на чистоту: я рада, что вы сами пришли ко мне, ловить вас было бы слишком расточительно по времени.
[19:51:22] [Client thread/INFO] [CHAT] [5] D ┃ legaret554 » а как вдвоем запуститься
[19:51:24] [Client thread/INFO] [CHAT] Наследница Бедствия: Разрушение.
[19:51:28] [Client thread/INFO] [CHAT] [28] baga03 » ./p
[19:51:30] [Client thread/INFO] [CHAT] [14] I ┃ Bushido_Zhoo » через пати
[19:51:32] [Client thread/INFO] [CHAT] Наследница Бедствия: Кажется, дышать становится все тяжелее..
[19:51:44] [Client thread/INFO] [CHAT] Наследница Бедствия: Разрушение.
[19:51:52] [Client thread/INFO] [CHAT] Наследница Бедствия: Кажется, дышать становится все тяжелее..
[19:52:04] [Client thread/INFO] [CHAT] Наследница Бедствия: Разрушение.
[19:52:11] [Client thread/INFO] [CHAT] Наследница Бедствия: Вы потеряли оружие и доблесть. Исход этого боя уже предрешён.
[19:52:22] [Client thread/INFO] [CHAT] Наследница Бедствия: Меч света разорвет вас на части!
[19:52:23] [Client thread/INFO] [CHAT] Наследница Бедствия: Я очень долго собирала себе армию, неужели вы думали, что я буду сражаться одна?
[19:52:41] [Client thread/INFO] [CHAT] Наследница Бедствия: Меч света разорвет вас на части!
[19:52:57] [Client thread/INFO] [CHAT] Наследница Бедствия: Пора заканчивать..
[19:53:02] [Client thread/INFO] [CHAT] Наследница Бедствия: Раб души!
[19:53:04] [Client thread/INFO] [CHAT] Наследница Бедствия: Теперь, я лично вас обезглавлю.
[19:53:11] [Client thread/INFO] [CHAT] [28] baga03 » пошлт
[19:53:16] [Client thread/INFO] [CHAT] Наследница Бедствия: Меч света разорвет вас на части!
[19:53:18] [Client thread/INFO] [CHAT] Tveiv погиб! Осталось 2 возрождения
[19:53:18] [Client thread/ERROR] Error on handle event #liPuq in Mod{name='VoidMod', version='1.0+089d877', persistent=false, delegate=dev.a.a.a, modState=LOADED}
java.lang.NullPointerException: Cannot invoke "!#RHFkw.r()" because "<parameter1>" is null
	at VoidMod-v1.0+089d877//dev.a.a.g.g.a(SourceFile:13)
	at VoidMod-v1.0+089d877//dev.a.a.h.a.a.a.h(SourceFile)
	at VoidMod-v1.0+089d877//dev.a.a.h.a.b.a(SourceFile:49)
	at VoidMod-v1.0+089d877//dev.a.a.h.a.b.injectedLambda$a$13(SourceFile)
	at java.base/java.util.Collection.removeIf(Unknown Source)
	at VoidMod-v1.0+089d877//dev.a.a.h.a.b.a(SourceFile:46)
	at VoidMod-v1.0+089d877//dev.a.a.h.a.b.injectedLambda$a$9(SourceFile)
	at #glmBE.sa(SourceFile:56)
	at #VmcMg.a(Unknown Source)
	at #VmcMg.accept(Unknown Source)
	at #Hvwvu.sa(SourceFile:105)
	at #durGt.a(Unknown Source)
	at #durGt.accept(Unknown Source)
	at #IsJOi.sa(SourceFile:59)
	at #Tuhja.a(SourceFile)
	at #YLOEq.sa(SourceFile:89)
	at #qbDVS.sa(SourceFile:100)
	at #uvNju.unsafeHandle(SourceFile)
	at #weeOO.sa(SourceFile:50)
	at #neVQx.sF(SourceFile:3590)
	at #eiNMA.sv(SourceFile:1999)
	at #zSGbB.sa(SourceFile:1482)
	at #lVFyp.st(SourceFile:1634)
	at #cYnba.sk(SourceFile:487)
	at net.minecraft.client.main.GameMain.a(SourceFile:220)
	at net.minecraft.client.main.GameMain.a(SourceFile:156)
	at #kBJWf.a(Unknown Source)
	at #kBJWf.run(Unknown Source)
	at java.base/java.lang.Thread.run(Unknown Source)
[19:53:18] [Client thread/ERROR] Error on handle event #liPuq in Mod{name='VoidMod', version='1.0+089d877', persistent=false, delegate=dev.a.a.a, modState=LOADED}
java.lang.NullPointerException: Cannot invoke "!#RHFkw.r()" because "<parameter1>" is null
	at VoidMod-v1.0+089d877//dev.a.a.g.g.a(SourceFile:13)
	at VoidMod-v1.0+089d877//dev.a.a.h.a.a.a.h(SourceFile)
	at VoidMod-v1.0+089d877//dev.a.a.h.a.b.a(SourceFile:49)
	at VoidMod-v1.0+089d877//dev.a.a.h.a.b.injectedLambda$a$13(SourceFile)
	at java.base/java.util.Collection.removeIf(Unknown Source)
	at VoidMod-v1.0+089d877//dev.a.a.h.a.b.a(SourceFile:46)
	at VoidMod-v1.0+089d877//dev.a.a.h.a.b.injectedLambda$a$9(SourceFile)
	at #glmBE.sa(SourceFile:56)
	at #VmcMg.a(Unknown Source)
	at #VmcMg.accept(Unknown Source)
	at #Hvwvu.sa(SourceFile:105)
	at #durGt.a(Unknown Source)
	at #durGt.accept(Unknown Source)
	at #IsJOi.sa(SourceFile:59)
	at #Tuhja.a(SourceFile)
	at #YLOEq.sa(SourceFile:89)
	at #qbDVS.sa(SourceFile:100)
	at #uvNju.unsafeHandle(SourceFile)
	at #weeOO.sa(SourceFile:50)
	at #neVQx.sF(SourceFile:3590)
	at #eiNMA.sv(SourceFile:1999)
	at #zSGbB.sa(SourceFile:1482)
	at #lVFyp.st(SourceFile:1634)
	at #cYnba.sk(SourceFile:487)
	at net.minecraft.client.main.GameMain.a(SourceFile:220)
	at net.minecraft.client.main.GameMain.a(SourceFile:156)
	at #kBJWf.a(Unknown Source)
	at #kBJWf.run(Unknown Source)
	at java.base/java.lang.Thread.run(Unknown Source)
[19:53:19] [Client thread/ERROR] Error on handle event #liPuq in Mod{name='VoidMod', version='1.0+089d877', persistent=false, delegate=dev.a.a.a, modState=LOADED}
java.lang.NullPointerException: Cannot invoke "!#RHFkw.r()" because "<parameter1>" is null
	at VoidMod-v1.0+089d877//dev.a.a.g.g.a(SourceFile:13)
	at VoidMod-v1.0+089d877//dev.a.a.h.a.a.a.h(SourceFile)
	at VoidMod-v1.0+089d877//dev.a.a.h.a.b.a(SourceFile:49)
	at VoidMod-v1.0+089d877//dev.a.a.h.a.b.injectedLambda$a$13(SourceFile)
	at java.base/java.util.Collection.removeIf(Unknown Source)
	at VoidMod-v1.0+089d877//dev.a.a.h.a.b.a(SourceFile:46)
	at VoidMod-v1.0+089d877//dev.a.a.h.a.b.injectedLambda$a$9(SourceFile)
	at #glmBE.sa(SourceFile:56)
	at #VmcMg.a(Unknown Source)
	at #VmcMg.accept(Unknown Source)
	at #Hvwvu.sa(SourceFile:105)
	at #durGt.a(Unknown Source)
	at #durGt.accept(Unknown Source)
	at #IsJOi.sa(SourceFile:59)
	at #Tuhja.a(SourceFile)
	at #YLOEq.sa(SourceFile:89)
	at #qbDVS.sa(SourceFile:100)
	at #uvNju.unsafeHandle(SourceFile)
	at #weeOO.sa(SourceFile:50)
	at #neVQx.sF(SourceFile:3590)
	at #eiNMA.sv(SourceFile:1999)
	at #zSGbB.sa(SourceFile:1482)
	at #lVFyp.st(SourceFile:1634)
	at #cYnba.sk(SourceFile:487)
	at net.minecraft.client.main.GameMain.a(SourceFile:220)
	at net.minecraft.client.main.GameMain.a(SourceFile:156)
	at #kBJWf.a(Unknown Source)
	at #kBJWf.run(Unknown Source)
	at java.base/java.lang.Thread.run(Unknown Source)
[19:53:19] [Client thread/ERROR] Error on handle event #liPuq in Mod{name='VoidMod', version='1.0+089d877', persistent=false, delegate=dev.a.a.a, modState=LOADED}
java.lang.NullPointerException: Cannot invoke "!#RHFkw.r()" because "<parameter1>" is null
	at VoidMod-v1.0+089d877//dev.a.a.g.g.a(SourceFile:13)
	at VoidMod-v1.0+089d877//dev.a.a.h.a.a.a.h(SourceFile)
	at VoidMod-v1.0+089d877//dev.a.a.h.a.b.a(SourceFile:49)
	at VoidMod-v1.0+089d877//dev.a.a.h.a.b.injectedLambda$a$13(SourceFile)
	at java.base/java.util.Collection.removeIf(Unknown Source)
	at VoidMod-v1.0+089d877//dev.a.a.h.a.b.a(SourceFile:46)
	at VoidMod-v1.0+089d877//dev.a.a.h.a.b.injectedLambda$a$9(SourceFile)
	at #glmBE.sa(SourceFile:56)
	at #VmcMg.a(Unknown Source)
	at #VmcMg.accept(Unknown Source)
	at #Hvwvu.sa(SourceFile:105)
	at #durGt.a(Unknown Source)
	at #durGt.accept(Unknown Source)
	at #IsJOi.sa(SourceFile:59)
	at #Tuhja.a(SourceFile)
	at #YLOEq.sa(SourceFile:89)
	at #qbDVS.sa(SourceFile:100)
	at #uvNju.unsafeHandle(SourceFile)
	at #weeOO.sa(SourceFile:50)
	at #neVQx.sF(SourceFile:3590)
	at #eiNMA.sv(SourceFile:1999)
	at #zSGbB.sa(SourceFile:1482)
	at #lVFyp.st(SourceFile:1634)
	at #cYnba.sk(SourceFile:487)
	at net.minecraft.client.main.GameMain.a(SourceFile:220)
	at net.minecraft.client.main.GameMain.a(SourceFile:156)
	at #kBJWf.a(Unknown Source)
	at #kBJWf.run(Unknown Source)
	at java.base/java.lang.Thread.run(Unknown Source)
[19:53:20] [Client thread/ERROR] Error on handle event #liPuq in Mod{name='VoidMod', version='1.0+089d877', persistent=false, delegate=dev.a.a.a, modState=LOADED}
java.lang.NullPointerException: Cannot invoke "!#RHFkw.r()" because "<parameter1>" is null
	at VoidMod-v1.0+089d877//dev.a.a.g.g.a(SourceFile:13)
	at VoidMod-v1.0+089d877//dev.a.a.h.a.a.a.h(SourceFile)
	at VoidMod-v1.0+089d877//dev.a.a.h.a.b.a(SourceFile:49)
	at VoidMod-v1.0+089d877//dev.a.a.h.a.b.injectedLambda$a$13(SourceFile)
	at java.base/java.util.Collection.removeIf(Unknown Source)
	at VoidMod-v1.0+089d877//dev.a.a.h.a.b.a(SourceFile:46)
	at VoidMod-v1.0+089d877//dev.a.a.h.a.b.injectedLambda$a$9(SourceFile)
	at #glmBE.sa(SourceFile:56)
	at #VmcMg.a(Unknown Source)
	at #VmcMg.accept(Unknown Source)
	at #Hvwvu.sa(SourceFile:105)
	at #durGt.a(Unknown Source)
	at #durGt.accept(Unknown Source)
	at #IsJOi.sa(SourceFile:59)
	at #Tuhja.a(SourceFile)
	at #YLOEq.sa(SourceFile:89)
	at #qbDVS.sa(SourceFile:100)
	at #uvNju.unsafeHandle(SourceFile)
	at #weeOO.sa(SourceFile:50)
	at #neVQx.sF(SourceFile:3590)
	at #eiNMA.sv(SourceFile:1999)
	at #zSGbB.sa(SourceFile:1482)
	at #lVFyp.st(SourceFile:1634)
	at #cYnba.sk(SourceFile:487)
	at net.minecraft.client.main.GameMain.a(SourceFile:220)
	at net.minecraft.client.main.GameMain.a(SourceFile:156)
	at #kBJWf.a(Unknown Source)
	at #kBJWf.run(Unknown Source)
	at java.base/java.lang.Thread.run(Unknown Source)
[19:53:20] [Client thread/ERROR] Error on handle event #liPuq in Mod{name='VoidMod', version='1.0+089d877', persistent=false, delegate=dev.a.a.a, modState=LOADED}
java.lang.NullPointerException: Cannot invoke "!#RHFkw.r()" because "<parameter1>" is null
	at VoidMod-v1.0+089d877//dev.a.a.g.g.a(SourceFile:13)
	at VoidMod-v1.0+089d877//dev.a.a.h.a.a.a.h(SourceFile)
	at VoidMod-v1.0+089d877//dev.a.a.h.a.b.a(SourceFile:49)
	at VoidMod-v1.0+089d877//dev.a.a.h.a.b.injectedLambda$a$13(SourceFile)
	at java.base/java.util.Collection.removeIf(Unknown Source)
	at VoidMod-v1.0+089d877//dev.a.a.h.a.b.a(SourceFile:46)
	at VoidMod-v1.0+089d877//dev.a.a.h.a.b.injectedLambda$a$9(SourceFile)
	at #glmBE.sa(SourceFile:56)
	at #VmcMg.a(Unknown Source)
	at #VmcMg.accept(Unknown Source)
	at #Hvwvu.sa(SourceFile:105)
	at #durGt.a(Unknown Source)
	at #durGt.accept(Unknown Source)
	at #IsJOi.sa(SourceFile:59)
	at #Tuhja.a(SourceFile)
	at #YLOEq.sa(SourceFile:89)
	at #qbDVS.sa(SourceFile:100)
	at #uvNju.unsafeHandle(SourceFile)
	at #weeOO.sa(SourceFile:50)
	at #neVQx.sF(SourceFile:3590)
	at #eiNMA.sv(SourceFile:1999)
	at #zSGbB.sa(SourceFile:1482)
	at #lVFyp.st(SourceFile:1634)
	at #cYnba.sk(SourceFile:487)
	at net.minecraft.client.main.GameMain.a(SourceFile:220)
	at net.minecraft.client.main.GameMain.a(SourceFile:156)
	at #kBJWf.a(Unknown Source)
	at #kBJWf.run(Unknown Source)
	at java.base/java.lang.Thread.run(Unknown Source)
[19:53:29] [Client thread/INFO] [CHAT] Меч Катастрофы задел Расиму. Это конец.
[19:53:34] [Client thread/INFO] [CHAT] [28] baga03 » живи
[19:54:11] [Client thread/INFO] [CHAT] [28] baga03 » ты умео?
[19:54:52] [Client thread/INFO] [CHAT] [28] baga03 » хахах
[19:55:12] [Client thread/INFO] [CHAT] [28] baga03 » не попадайся
[19:55:16] [Client thread/INFO] [CHAT] [28] baga03 » под мои удары
[19:55:18] [Client thread/INFO] [CHAT] [30] chocolatechara » джимби как получить все секрет ачивки?
[19:55:18] [Client thread/INFO] [CHAT] [28] baga03 » тем более из лука
[19:55:20] [Client thread/INFO] [CHAT] [22] KBAC21 » ок
[19:55:38] [Client thread/INFO] [CHAT] [28] baga03 » иди сюда
[19:55:38] [Client thread/INFO] [CHAT] [30] chocolatechara » кто пойдет в подземку 27 лвла?
[19:55:40] [Client thread/INFO] [CHAT] [28] baga03 » к кролю
[19:55:46] [Client thread/INFO] [CHAT] Tveiv получил Собиратель мусора
[19:55:51] [Client thread/INFO] [CHAT] [22] KBAC21 » я возля кроля
[19:55:57] [Client thread/INFO] [CHAT] Получено 45 звезд
[19:55:57] [Client thread/INFO] [CHAT] Урон игрока Tveiv: 4625
[19:55:58] [Client thread/INFO] [CHAT] Tveiv получил Чаша Победителей
[19:56:01] [Client thread/INFO] [CHAT] На горизонте маячат гигантские, черные прямоугольники.
[19:56:01] [Client thread/INFO] [CHAT] Вы не можете понять, это чьи-то дома, или же пред вами немыслимые, космические создания.
[19:56:01] [Client thread/FATAL] Error executing task
java.util.concurrent.ExecutionException: java.lang.IllegalArgumentException: URI is not absolute
	at java.base/java.util.concurrent.FutureTask.report(Unknown Source)
	at java.base/java.util.concurrent.FutureTask.get(Unknown Source)
	at #wFFZg.sa(SourceFile:46)
	at #mPGeI.b(SourceFile:52)
	at #QQxhM.sk(SourceFile:1466)
	at #lVFyp.st(SourceFile:1632)
	at #cYnba.sk(SourceFile:487)
	at net.minecraft.client.main.GameMain.a(SourceFile:220)
	at net.minecraft.client.main.GameMain.a(SourceFile:156)
	at #kBJWf.a(Unknown Source)
	at #kBJWf.run(Unknown Source)
	at java.base/java.lang.Thread.run(Unknown Source)
Caused by: java.lang.IllegalArgumentException: URI is not absolute
	at java.base/java.net.URL.of(Unknown Source)
	at #QKiRG.sa(SourceFile:250)
	at #gIFKC.sa(SourceFile:204)
	at !#CoIEI.sa(SourceFile:508)
	at #TBzUk.a(Unknown Source)
	at #TBzUk.run(Unknown Source)
	at java.base/java.util.concurrent.Executors$RunnableAdapter.call(Unknown Source)
	at java.base/java.util.concurrent.FutureTask.run(Unknown Source)
	at #wFFZg.sa(SourceFile:45)
	... 9 more
[19:56:01] [Client thread/FATAL] Error executing task
java.util.concurrent.ExecutionException: java.lang.IllegalArgumentException: URI is not absolute
	at java.base/java.util.concurrent.FutureTask.report(Unknown Source)
	at java.base/java.util.concurrent.FutureTask.get(Unknown Source)
	at #wFFZg.sa(SourceFile:46)
	at #mPGeI.b(SourceFile:52)
	at #QQxhM.sk(SourceFile:1466)
	at #lVFyp.st(SourceFile:1632)
	at #cYnba.sk(SourceFile:487)
	at net.minecraft.client.main.GameMain.a(SourceFile:220)
	at net.minecraft.client.main.GameMain.a(SourceFile:156)
	at #kBJWf.a(Unknown Source)
	at #kBJWf.run(Unknown Source)
	at java.base/java.lang.Thread.run(Unknown Source)
Caused by: java.lang.IllegalArgumentException: URI is not absolute
	at java.base/java.net.URL.of(Unknown Source)
	at #QKiRG.sa(SourceFile:250)
	at #gIFKC.sa(SourceFile:204)
	at !#CoIEI.sa(SourceFile:508)
	at #TBzUk.a(Unknown Source)
	at #TBzUk.run(Unknown Source)
	at java.base/java.util.concurrent.Executors$RunnableAdapter.call(Unknown Source)
	at java.base/java.util.concurrent.FutureTask.run(Unknown Source)
	at #wFFZg.sa(SourceFile:45)
	... 9 more
[19:56:01] [Client thread/FATAL] Error executing task
java.util.concurrent.ExecutionException: java.lang.IllegalArgumentException: URI is not absolute
	at java.base/java.util.concurrent.FutureTask.report(Unknown Source)
	at java.base/java.util.concurrent.FutureTask.get(Unknown Source)
	at #wFFZg.sa(SourceFile:46)
	at #mPGeI.b(SourceFile:52)
	at #QQxhM.sk(SourceFile:1466)
	at #lVFyp.st(SourceFile:1632)
	at #cYnba.sk(SourceFile:487)
	at net.minecraft.client.main.GameMain.a(SourceFile:220)
	at net.minecraft.client.main.GameMain.a(SourceFile:156)
	at #kBJWf.a(Unknown Source)
	at #kBJWf.run(Unknown Source)
	at java.base/java.lang.Thread.run(Unknown Source)
Caused by: java.lang.IllegalArgumentException: URI is not absolute
	at java.base/java.net.URL.of(Unknown Source)
	at #QKiRG.sa(SourceFile:250)
	at #gIFKC.sa(SourceFile:204)
	at !#CoIEI.sa(SourceFile:508)
	at #TBzUk.a(Unknown Source)
	at #TBzUk.run(Unknown Source)
	at java.base/java.util.concurrent.Executors$RunnableAdapter.call(Unknown Source)
	at java.base/java.util.concurrent.FutureTask.run(Unknown Source)
	at #wFFZg.sa(SourceFile:45)
	... 9 more
[19:56:02] [Client thread/INFO] [CHAT] Прямоугольник: ХкЩдшоЯУыйифЁЧМ
[19:56:02] [Client thread/INFO] [CHAT] [28] baga03 » де
[19:56:04] [Client thread/INFO] [CHAT] Прямоугольник: ЛМхпЛДЖКхЪуд
[19:56:08] [Client thread/INFO] [CHAT] Прямоугольник: лЛКкнывк!ККОдДМыЛ
[19:56:08] [Client thread/INFO] [CHAT] Tveiv получил Черные прямоугольники
[19:56:25] [Client thread/INFO] [CHAT] [28] baga03 » короче живи
[19:56:25] [Client thread/INFO] [CHAT] Получено 42 звезд
[19:56:25] [Client thread/INFO] [CHAT] Урон игрока Tveiv: 7552
[19:56:26] [Client thread/INFO] [CHAT] Tveiv получил Ножницы пространства
[19:56:27] [Client thread/INFO] [CHAT] [30] chocolatechara » кто пойдет в подземку 27 лвла?
[19:56:28] [Client thread/INFO] [CHAT] [22] KBAC21 » ок
[19:56:28] [Client thread/INFO] [CHAT] Ведьмы появляются в комнате и медленно окружают Вас.
[19:56:29] [Client thread/INFO] [CHAT] Ведьма: Уважаемый Странник Тьмы, поделитесь с нами вашей силой.
[19:56:33] [Client thread/INFO] [CHAT] Tveiv получил Мышь на Венере
[19:56:45] [Client thread/INFO] [CHAT] [28] baga03 » беги
[19:56:50] [Client thread/INFO] [CHAT] Получено 44 звезд
[19:56:50] [Client thread/INFO] [CHAT] Урон игрока Tveiv: 5169
[19:56:51] [Client thread/INFO] [CHAT] [28] baga03 » не воюй
[19:56:52] [Client thread/INFO] [CHAT] Tveiv получил Взгляд Расимы
[19:57:00] [Client thread/INFO] [CHAT] Получено 46 звезд
[19:57:00] [Client thread/INFO] [CHAT] Урон игрока Tveiv: 5894
[19:57:02] [Client thread/INFO] [CHAT] Tveiv получил Кровопролитие
[19:57:04] [Client thread/INFO] [CHAT] Tveiv получил Прострел с Юпитера
[19:57:05] [Client thread/INFO] [CHAT] [22] KBAC21 » нет
[19:57:09] [Client thread/INFO] [CHAT] Потеряно 52 звезд
[19:57:09] [Client thread/INFO] [CHAT] Tveiv получил Губка
[19:57:10] [Client thread/INFO] [CHAT] Жми SHIFT, чтобы получить эффект левитации и поймать летучих мышей!
[19:57:21] [Client thread/INFO] [CHAT] Tveiv получил Мышь на Венере
[19:57:42] [Client thread/INFO] [CHAT] Получено 41 звезд
[19:57:42] [Client thread/INFO] [CHAT] Урон игрока Tveiv: 8052
[19:57:44] [Client thread/INFO] [CHAT] Tveiv получил Ничего
[19:57:46] [Client thread/INFO] [CHAT] [28] baga03 » сек
[19:57:48] [Client thread/INFO] [CHAT] [22] KBAC21 » угу
[19:57:50] [Client thread/INFO] [CHAT] Tveiv получил Бонус маны x2
[19:58:09] [Client thread/INFO] [CHAT] Получено 39 звезд
[19:58:09] [Client thread/INFO] [CHAT] Урон игрока Tveiv: 25839
[19:58:10] [Client thread/INFO] [CHAT] Tveiv получил Мое последнее перерождение в мире звезд, подаренное Исцелением
[19:58:20] [Client thread/INFO] [CHAT] Получено 46 звезд
[19:58:20] [Client thread/INFO] [CHAT] Урон игрока Tveiv: 10432
[19:58:21] [Client thread/INFO] [CHAT] Tveiv получил Бонус урона
[19:58:21] [Client thread/INFO] [CHAT] Tveiv получил Бонус уклонения
[19:58:21] [Client thread/INFO] [CHAT] Tveiv получил Небытие
[19:58:25] [Client thread/INFO] [CHAT] Вы уклонились на 41%
[19:58:27] [Client thread/INFO] [CHAT] Tveiv получил Спокойствие разума
[19:58:32] [Client thread/INFO] [CHAT] Получено 45 звезд
[19:58:32] [Client thread/INFO] [CHAT] Урон игрока Tveiv: 7874
[19:58:34] [Client thread/INFO] [CHAT] Tveiv получил Черная карта
[19:58:41] [Client thread/INFO] [CHAT] Потеряно 216 звезд
[19:58:41] [Client thread/INFO] [CHAT] Tveiv получил Фатальная бессонница
[19:58:46] [Client thread/INFO] [CHAT] Убийца появляется в комнате.
[19:58:47] [Client thread/INFO] [CHAT] Истребитель людей: Странник Тьмы, я пришел сыграть с тобой в одну игру. На моей родине, ещё детьми, мы часто в неё играли. Правила таковы: Находишь добычу и даешь ей время на побег. Я даю тебе 90 секунд, чтобы ты сбежал. Ежели ты не справишься, тебя ждёт смерть.
[19:58:48] [Client thread/INFO] [CHAT] Каждую волну, Вы получаете эффект добычи на 90 секунд. Как только длительность эффекта дойдет до 0, явится сама смерть.
[19:58:48] [Client thread/INFO] [CHAT] Прохождение волны сбрасывает эффект. Пройдите 4 волны, чтобы избавиться от эффекта.
[19:58:51] [Client thread/INFO] [CHAT] Вы уклонились на 50%
[19:58:52] [Client thread/INFO] [CHAT] Вы уклонились на 46%
[19:59:01] [Client thread/INFO] [CHAT] Получено 45 звезд
[19:59:01] [Client thread/INFO] [CHAT] Урон игрока Tveiv: 14417
[19:59:02] [Client thread/INFO] [CHAT] Tveiv получил Бонус маны x2
[19:59:03] [Client thread/INFO] [CHAT] Tveiv получил Децидофобия x2
[19:59:11] [Client thread/INFO] [CHAT] Вы уклонились на 49%
[19:59:17] [Client thread/INFO] [CHAT] Получено 45 звезд
[19:59:17] [Client thread/INFO] [CHAT] Урон игрока Tveiv: 15439
[19:59:19] [Client thread/INFO] [CHAT] Tveiv получил Расшифровщик Валотайла
[19:59:27] [Client thread/INFO] [CHAT] Tveiv получил Пожиратель энергии
[19:59:30] [Client thread/INFO] [CHAT] Tveiv получил Бонус здоровья x2
[19:59:31] [Client thread/INFO] [CHAT] Вы уклонились на 43%
[19:59:33] [Client thread/INFO] [CHAT] Получено 44 звезд
[19:59:33] [Client thread/INFO] [CHAT] Урон игрока Tveiv: 9443
[19:59:34] [Client thread/INFO] [CHAT] [28] baga03 » мне леги выпали боты, но 16 уровня ,-.
[19:59:35] [Client thread/INFO] [CHAT] Tveiv получил Замок без ключа x2
[19:59:38] [Client thread/INFO] [CHAT] Потеряно 62 звезд
[19:59:38] [Client thread/INFO] [CHAT] Tveiv получил Бонус урона
[19:59:38] [Client thread/INFO] [CHAT] Tveiv получил Бонус уклонения
[19:59:38] [Client thread/INFO] [CHAT] Tveiv получил Ничего
[19:59:40] [Client thread/INFO] [CHAT] [22] KBAC21 » кд 1 минута
[19:59:46] [Client thread/INFO] [CHAT] Вы уклонились на 26%
[19:59:48] [Client thread/INFO] [CHAT] Вы уклонились на 44%
[19:59:54] [Client thread/INFO] [CHAT] Вы уклонились на 46%
[19:59:55] [Client thread/INFO] [CHAT] Вы уклонились на 36%
[19:59:59] [Client thread/INFO] [CHAT] Вы уклонились на 46%
[20:00:03] [Client thread/INFO] [CHAT] Получено 39 звезд
[20:00:03] [Client thread/INFO] [CHAT] Tveiv получил Контроль
[20:00:03] [Client thread/INFO] [CHAT] Урон игрока Tveiv: 22888
[20:00:04] [Client thread/INFO] [CHAT] Tveiv получил Маноед x2
[20:00:11] [Client thread/INFO] [CHAT] Потеряно 64 звезд
[20:00:11] [Client thread/INFO] [CHAT] Tveiv получил Бонус урона
[20:00:11] [Client thread/INFO] [CHAT] Tveiv получил Бонус уклонения
[20:00:11] [Client thread/INFO] [CHAT] Tveiv получил Ничего
[20:00:15] [Client thread/INFO] [CHAT] Потеряно 56 звезд
[20:00:15] [Client thread/INFO] [CHAT] Tveiv получил Раб души
[20:00:16] [Client thread/INFO] [CHAT] Потеряно 56 звезд
[20:00:16] [Client thread/INFO] [CHAT] Tveiv получил Никтофобия
[20:00:18] [Client thread/INFO] [CHAT] Последователи Бедствия появляются в комнате.
[20:00:19] [Client thread/INFO] [CHAT] Наследница Бедствия: Странник Тьмы, ты же направляешься к Расиме?
[20:00:20] [Client thread/INFO] [CHAT] Наследница Бедствия: Мы можем помочь друг-другу.
[20:00:22] [Client thread/INFO] [CHAT] Наследница Бедствия: В битве с Расимой, мы будем на твоей стороне. Согласен?
[20:00:22] [Client thread/INFO] [CHAT] Наследница Бедствия: Прекрасно, скоро мы встретимся.
[20:00:22] [Client thread/INFO] [CHAT] Губка поглотила Проклятие! 1/5
[20:00:22] [Client thread/INFO] [CHAT] Губка поглотила Проклятие! 2/5
[20:00:22] [Client thread/INFO] [CHAT] Губка поглотила Проклятие! 3/5
[20:00:22] [Client thread/INFO] [CHAT] Tveiv получил Взгляд Расимы
[20:00:22] [Client thread/INFO] [CHAT] Tveiv получил Последователи Бедствия
[20:00:25] [Client thread/INFO] [CHAT] Вы уклонились на 46%
[20:00:27] [Client thread/INFO] [CHAT] Вы уклонились на 28%
[20:00:31] [Client thread/INFO] [CHAT] Получено 46 звезд
[20:00:31] [Client thread/INFO] [CHAT] Урон игрока Tveiv: 6739
[20:00:33] [Client thread/INFO] [CHAT] Tveiv получил Бонус здоровья x2
[20:00:35] [Client thread/INFO] [CHAT] Владелец Колеса Удачных Побед: Подходи, дружище. Новому клиенту мы всегда рады, даже сделаем тебе небольшой подарок. Первая крутка - бесплатно!
[20:00:37] [Client thread/INFO] [CHAT] [22] KBAC21 » а у тебя есть эпик или редкие карты?
[20:00:42] [Client thread/INFO] [CHAT] [28] baga03 » да
[20:00:43] [Client thread/INFO] [CHAT] Вампиризм сброшен!
[20:00:43] [Client thread/INFO] [CHAT] Вы уклонились на 44%
[20:00:44] [Client thread/INFO] [CHAT] Вы уклонились на 31%
[20:00:45] [Client thread/INFO] [CHAT] Вы уклонились на 41%
[20:00:45] [Client thread/INFO] [CHAT] Получено 47 звезд
[20:00:45] [Client thread/INFO] [CHAT] Урон игрока Tveiv: 6207
[20:00:46] [Client thread/INFO] [CHAT] Tveiv получил Викторина Монксельда x2
[20:00:47] [Client thread/INFO] [CHAT] Tveiv получил Паранойя Победителя x2
[20:00:50] [Client thread/INFO] [CHAT] Потеряно 57 звезд
[20:00:50] [Client thread/INFO] [CHAT] Tveiv получил Спокойствие разума
[20:00:54] [Client thread/INFO] [CHAT] [22] KBAC21 » стартуй ты тогда
[20:00:55] [Client thread/INFO] [CHAT] Последователь и его группа ожидают от Вас ответа.
[20:00:57] [Client thread/INFO] [CHAT] Последователь Этоля: Превосходный ответ, мы ожидаем от тебя свершений.
[20:00:57] [Client thread/INFO] [CHAT] Tveiv получил Бонус здоровья x4
[20:01:02] [Client thread/INFO] [CHAT] [22] KBAC21 » с эпик картой
[20:01:03] [Client thread/INFO] [CHAT] Вы уклонились на 46%
[20:01:05] [Client thread/INFO] [CHAT] Вампиризм сброшен!
[20:01:12] [Client thread/INFO] [CHAT] Получено 43 звезд
[20:01:12] [Client thread/INFO] [CHAT] Урон игрока Tveiv: 9631
[20:01:13] [Client thread/INFO] [CHAT] [28] baga03 » ну не эпик, а улучшенная обычная есть
[20:01:13] [Client thread/INFO] [CHAT] Tveiv получил Охотник за головами x2
[20:01:16] [Client thread/INFO] [CHAT] Последователь и его группа ожидают от Вас ответа.
[20:01:19] [Client thread/INFO] [CHAT] [22] KBAC21 » а
[20:01:19] [Client thread/INFO] [CHAT] Последователь Этоля: Превосходный ответ, мы ожидаем от тебя свершений.
[20:01:19] [Client thread/INFO] [CHAT] Tveiv получил Бонус здоровья x4
[20:01:21] [Client thread/INFO] [CHAT] Вы уклонились на 37%
[20:01:23] [Client thread/INFO] [CHAT] Tveiv получил Охотник за головами
[20:01:23] [Client thread/INFO] [CHAT] Вы уклонились на 50%
[20:01:31] [Client thread/INFO] [CHAT] На Вас наложен Яростный взор, Вы получаете урон, когда смотрите на существ
[20:01:35] [Client thread/INFO] [CHAT] Tveiv получил Мое последнее перерождение в мире звезд, подаренное Исцелением x2
[20:01:35] [Client thread/INFO] [CHAT] Вы уклонились на 39%
[20:01:35] [Client thread/ERROR] Error on handle event #VIlGP in Mod{name='VoidMod', version='1.0+089d877', persistent=false, delegate=dev.a.a.a, modState=LOADED}
java.lang.NullPointerException: Cannot invoke "!#RHFkw.a()" because "<parameter1>" is null
	at VoidMod-v1.0+089d877//dev.a.a.d.b.a.a(SourceFile:54)
	at VoidMod-v1.0+089d877//dev.a.a.f.j.a.c.d(SourceFile:15)
	at VoidMod-v1.0+089d877//dev.a.a.f.j.a.c.injectedLambda$d$1(SourceFile)
	at VoidMod-v1.0+089d877//dev.a.a.f.j.b.a(SourceFile:21)
	at VoidMod-v1.0+089d877//dev.a.a.f.j.b.injectedLambda$a$10(SourceFile)
	at java.base/java.util.ArrayList.forEach(Unknown Source)
	at VoidMod-v1.0+089d877//dev.a.a.f.j.b.a(SourceFile:185)
	at VoidMod-v1.0+089d877//dev.a.a.f.j.b.injectedLambda$a$0(SourceFile)
	at #glmBE.sa(SourceFile:56)
	at #VmcMg.a(Unknown Source)
	at #VmcMg.accept(Unknown Source)
	at #Hvwvu.sa(SourceFile:105)
	at #durGt.a(Unknown Source)
	at #durGt.accept(Unknown Source)
	at #IsJOi.sa(SourceFile:59)
	at #Tuhja.a(SourceFile)
	at #YLOEq.sa(SourceFile:89)
	at #qbDVS.sa(SourceFile:100)
	at #uvNju.unsafeHandle(SourceFile)
	at #weeOO.sa(SourceFile:50)
	at #Sgkbh.sa(SourceFile:3463)
	at #CXdva.sb(SourceFile:3447)
	at #goWtm.sN(SourceFile:2219)
	at !#GrWyZ.so(SourceFile:2131)
	at #eiNMA.sv(SourceFile:2013)
	at #zSGbB.sa(SourceFile:1482)
	at #lVFyp.st(SourceFile:1634)
	at #cYnba.sk(SourceFile:487)
	at net.minecraft.client.main.GameMain.a(SourceFile:220)
	at net.minecraft.client.main.GameMain.a(SourceFile:156)
	at #kBJWf.a(Unknown Source)
	at #kBJWf.run(Unknown Source)
	at java.base/java.lang.Thread.run(Unknown Source)
[20:01:38] [Client thread/INFO] [CHAT] Вы уклонились на 49%
[20:01:40] [Client thread/INFO] [CHAT] [22] KBAC21 » а точно, их улутшать можна
[20:01:41] [Client thread/INFO] [CHAT] Вы уклонились на 46%
[20:01:45] [Client thread/INFO] [CHAT] Вы уклонились на 34%
[20:01:46] [Client thread/INFO] [CHAT] Вы уклонились на 38%
[20:01:49] [Client thread/INFO] [CHAT] [22] KBAC21 » не
[20:01:52] [Client thread/ERROR] Error on handle event #VIlGP in Mod{name='VoidMod', version='1.0+089d877', persistent=false, delegate=dev.a.a.a, modState=LOADED}
java.lang.NullPointerException: Cannot invoke "!#RHFkw.a()" because "<parameter1>" is null
	at VoidMod-v1.0+089d877//dev.a.a.d.b.a.a(SourceFile:54)
	at VoidMod-v1.0+089d877//dev.a.a.f.j.a.c.d(SourceFile:15)
	at VoidMod-v1.0+089d877//dev.a.a.f.j.a.c.injectedLambda$d$1(SourceFile)
	at VoidMod-v1.0+089d877//dev.a.a.f.j.b.a(SourceFile:21)
	at VoidMod-v1.0+089d877//dev.a.a.f.j.b.injectedLambda$a$10(SourceFile)
	at java.base/java.util.ArrayList.forEach(Unknown Source)
	at VoidMod-v1.0+089d877//dev.a.a.f.j.b.a(SourceFile:185)
	at VoidMod-v1.0+089d877//dev.a.a.f.j.b.injectedLambda$a$0(SourceFile)
	at #glmBE.sa(SourceFile:56)
	at #VmcMg.a(Unknown Source)
	at #VmcMg.accept(Unknown Source)
	at #Hvwvu.sa(SourceFile:105)
	at #durGt.a(Unknown Source)
	at #durGt.accept(Unknown Source)
	at #IsJOi.sa(SourceFile:59)
	at #Tuhja.a(SourceFile)
	at #YLOEq.sa(SourceFile:89)
	at #qbDVS.sa(SourceFile:100)
	at #uvNju.unsafeHandle(SourceFile)
	at #weeOO.sa(SourceFile:50)
	at #Sgkbh.sa(SourceFile:3463)
	at #CXdva.sb(SourceFile:3447)
	at #goWtm.sN(SourceFile:2219)
	at !#GrWyZ.so(SourceFile:2131)
	at #eiNMA.sv(SourceFile:2013)
	at #zSGbB.sa(SourceFile:1482)
	at #lVFyp.st(SourceFile:1634)
	at #cYnba.sk(SourceFile:487)
	at net.minecraft.client.main.GameMain.a(SourceFile:220)
	at net.minecraft.client.main.GameMain.a(SourceFile:156)
	at #kBJWf.a(Unknown Source)
	at #kBJWf.run(Unknown Source)
	at java.base/java.lang.Thread.run(Unknown Source)
[20:01:53] [Client thread/ERROR] Error on handle event #VIlGP in Mod{name='VoidMod', version='1.0+089d877', persistent=false, delegate=dev.a.a.a, modState=LOADED}
java.lang.NullPointerException: Cannot invoke "!#RHFkw.a()" because "<parameter1>" is null
	at VoidMod-v1.0+089d877//dev.a.a.d.b.a.a(SourceFile:54)
	at VoidMod-v1.0+089d877//dev.a.a.f.j.a.c.d(SourceFile:15)
	at VoidMod-v1.0+089d877//dev.a.a.f.j.a.c.injectedLambda$d$1(SourceFile)
	at VoidMod-v1.0+089d877//dev.a.a.f.j.b.a(SourceFile:21)
	at VoidMod-v1.0+089d877//dev.a.a.f.j.b.injectedLambda$a$10(SourceFile)
	at java.base/java.util.ArrayList.forEach(Unknown Source)
	at VoidMod-v1.0+089d877//dev.a.a.f.j.b.a(SourceFile:185)
	at VoidMod-v1.0+089d877//dev.a.a.f.j.b.injectedLambda$a$0(SourceFile)
	at #glmBE.sa(SourceFile:56)
	at #VmcMg.a(Unknown Source)
	at #VmcMg.accept(Unknown Source)
	at #Hvwvu.sa(SourceFile:105)
	at #durGt.a(Unknown Source)
	at #durGt.accept(Unknown Source)
	at #IsJOi.sa(SourceFile:59)
	at #Tuhja.a(SourceFile)
	at #YLOEq.sa(SourceFile:89)
	at #qbDVS.sa(SourceFile:100)
	at #uvNju.unsafeHandle(SourceFile)
	at #weeOO.sa(SourceFile:50)
	at #Sgkbh.sa(SourceFile:3463)
	at #CXdva.sb(SourceFile:3447)
	at #goWtm.sN(SourceFile:2219)
	at !#GrWyZ.so(SourceFile:2131)
	at #eiNMA.sv(SourceFile:2013)
	at #zSGbB.sa(SourceFile:1482)
	at #lVFyp.st(SourceFile:1634)
	at #cYnba.sk(SourceFile:487)
	at net.minecraft.client.main.GameMain.a(SourceFile:220)
	at net.minecraft.client.main.GameMain.a(SourceFile:156)
	at #kBJWf.a(Unknown Source)
	at #kBJWf.run(Unknown Source)
	at java.base/java.lang.Thread.run(Unknown Source)
[20:01:53] [Client thread/INFO] [CHAT] Вы уклонились на 29%
[20:01:56] [Client thread/INFO] [CHAT] Получено 34 звезд
[20:01:56] [Client thread/INFO] [CHAT] Урон игрока Tveiv: 32213
[20:01:57] [Client thread/INFO] [CHAT] Tveiv получил Свинцовый слоник x2
[20:02:04] [Client thread/INFO] [CHAT] Потеряно 58 звезд
[20:02:04] [Client thread/INFO] [CHAT] Tveiv получил Раб души
[20:02:07] [Client thread/INFO] [CHAT] Tveiv получил Сетка для ловли звёзд
[20:02:12] [Client thread/INFO] [CHAT] На Вас наложен Яростный взор, Вы получаете урон, когда смотрите на существ
[20:02:13] [Client thread/INFO] [CHAT] На Вас наложен Яростный взор, Вы получаете урон, когда смотрите на существ
[20:02:16] [Client thread/INFO] [CHAT] Получено 62 звезд
[20:02:16] [Client thread/INFO] [CHAT] Урон игрока Tveiv: 16123
[20:02:17] [Client thread/INFO] [CHAT] Tveiv получил Бонус брони x2
[20:02:22] [Client thread/INFO] [CHAT] Потеряно 74 звезд
[20:02:22] [Client thread/INFO] [CHAT] Tveiv получил Бонус урона
[20:02:22] [Client thread/INFO] [CHAT] Tveiv получил Бонус уклонения
[20:02:22] [Client thread/INFO] [CHAT] Tveiv получил Ничего
[20:02:25] [Client thread/INFO] [CHAT] Tveiv получил Взгляд Расимы
[20:02:28] [Client thread/INFO] [CHAT] Tveiv получил Спокойствие разума
[20:02:33] [Client thread/INFO] [CHAT] Вампиризм сброшен!
[20:02:35] [Client thread/INFO] [CHAT] Вы уклонились на 48%
[20:02:36] [Client thread/INFO] [CHAT] Вы уклонились на 46%
[20:02:38] [Client thread/INFO] [CHAT] Вампиризм сброшен!
[20:02:38] [Client thread/INFO] [CHAT] Tveiv получил Бонус скорости
[20:02:38] [Client thread/INFO] [CHAT] [30] P ┃ Blazeres » [Амулет последователя Бедствия ⚝ +8]
[20:02:41] [Client thread/INFO] [CHAT] Вы уклонились на 36%
[20:02:41] [Client thread/INFO] [CHAT] Вы уклонились на 38%
[20:02:41] [Client thread/INFO] [CHAT] Вы уклонились на 25%
[20:02:45] [Client thread/INFO] [CHAT] Вы уклонились на 47%
[20:02:45] [Client thread/INFO] [CHAT] Tveiv получил Спокойствие разума
[20:02:49] [Client thread/INFO] [CHAT] Tveiv получил Бонус урона
[20:02:49] [Client thread/INFO] [CHAT] Получено 54 звезд
[20:02:49] [Client thread/INFO] [CHAT] Урон игрока Tveiv: 35972
[20:02:50] [Client thread/INFO] [CHAT] Tveiv получил Спокойствие разума x2
[20:02:54] [Client thread/INFO] [CHAT] Потеряно 76 звезд
[20:02:54] [Client thread/INFO] [CHAT] Tveiv получил Бонус урона
[20:02:54] [Client thread/INFO] [CHAT] Tveiv получил Бонус уклонения
[20:02:54] [Client thread/INFO] [CHAT] Tveiv получил Ничего
[20:02:58] [Client thread/INFO] [CHAT] Tveiv получил Бонус маны
[20:03:02] [Client thread/INFO] [CHAT] Вы уклонились на 45%
[20:03:02] [Client thread/INFO] [CHAT] Tveiv получил Бонус маны
[20:03:03] [Client thread/INFO] [CHAT] Вы уклонились на 48%
[20:03:05] [Client thread/INFO] [CHAT] Вы уклонились на 47%
[20:03:06] [Client thread/INFO] [CHAT] Вы уклонились на 31%
[20:03:08] [Client thread/INFO] [CHAT] Tveiv получил Маноед
[20:03:09] [Client thread/INFO] [CHAT] Вы уклонились на 32%
[20:03:09] [Client thread/INFO] [CHAT] Вы уклонились на 47%
[20:03:09] [Client thread/INFO] [CHAT] Вы уклонились на 40%
[20:03:09] [Client thread/INFO] [CHAT] Вы уклонились на 28%
[20:03:09] [Client thread/INFO] [CHAT] Вы уклонились на 29%
[20:03:09] [Client thread/INFO] [CHAT] Вы уклонились на 41%
[20:03:09] [Client thread/INFO] [CHAT] Вы уклонились на 25%
[20:03:12] [Client thread/INFO] [CHAT] Вы уклонились на 25%
[20:03:14] [Client thread/INFO] [CHAT] Tveiv получил Бонус урона
[20:03:14] [Client thread/INFO] [CHAT] Получено 58 звезд
[20:03:14] [Client thread/INFO] [CHAT] Урон игрока Tveiv: 32026
[20:03:14] [Client thread/INFO] [CHAT] Вы уклонились на 39%
[20:03:15] [Client thread/INFO] [CHAT] Tveiv получил Гений звёзд
[20:03:16] [Client thread/INFO] [CHAT] Tveiv получил Сфера Повелительницы Болезней x2
[20:03:19] [Client thread/INFO] [CHAT] Потеряно 78 звезд
[20:03:19] [Client thread/INFO] [CHAT] Tveiv получил Бонус урона
[20:03:19] [Client thread/INFO] [CHAT] Tveiv получил Бонус уклонения
[20:03:19] [Client thread/INFO] [CHAT] Tveiv получил Ничего
[20:03:20] [Client thread/INFO] [CHAT] Последователь и его группа ожидают от Вас ответа.
[20:03:23] [Client thread/INFO] [CHAT] Последователь Этоля: Превосходный ответ, мы ожидаем от тебя свершений.
[20:03:23] [Client thread/INFO] [CHAT] Tveiv получил Мышь на Венере x4
[20:03:30] [Client thread/INFO] [CHAT] Вы уклонились на 29%
[20:03:30] [Client thread/INFO] [CHAT] Вы уклонились на 44%
[20:03:36] [Client thread/INFO] [CHAT] Вы уклонились на 30%
[20:03:40] [Client thread/INFO] [CHAT] Вы уклонились на 46%
[20:03:41] [Client thread/INFO] [CHAT] [16] MG_fertik » что произойдет со звездой незера если в нее ударит молния/
[20:03:47] [Client thread/INFO] [CHAT] Вы уклонились на 46%
[20:03:48] [Client thread/INFO] [CHAT] Вы уклонились на 34%
[20:03:48] [Client thread/INFO] [CHAT] Расима: Сколько ещё Вы будете пытаться убить меня?
[20:03:50] [Client thread/INFO] [CHAT] Расима: Сгораете в собственной ярости..
[20:03:51] [Client thread/INFO] [CHAT] Вы уклонились на 50%
[20:03:52] [Client thread/INFO] [CHAT] Расима: Ваши тела будут исцелены досмерти!
[20:04:06] [Client thread/INFO] [CHAT] Вы уклонились на 50%
[20:04:06] [Client thread/INFO] [CHAT] Вы уклонились на 34%
[20:04:07] [Client thread/INFO] [CHAT] Расима отнимает Ваше здоровье! Убивайте цветки жизни, чтобы его вернуть.
[20:04:07] [Client thread/INFO] [CHAT] Вы уклонились на 33%
[20:04:08] [Client thread/INFO] [CHAT] Расима: Пусть мир будет поглощен Черной дырой!
[20:04:08] [Client thread/INFO] [CHAT] Расима отнимает Ваше здоровье! Убивайте цветки жизни, чтобы его вернуть.
[20:04:09] [Client thread/INFO] [CHAT] Вы уклонились на 42%
[20:04:11] [Client thread/INFO] [CHAT] Вы уклонились на 26%
[20:04:12] [Client thread/INFO] [CHAT] Расима: Пусть мир будет поглощен Черной дырой!
[20:04:12] [Client thread/INFO] [CHAT] Вы уклонились на 47%
[20:04:13] [Client thread/INFO] [CHAT] Расима сбросила Ваш вампиризм!
[20:04:14] [Client thread/INFO] [CHAT] Вы уклонились на 47%
[20:04:27] [Client thread/INFO] [CHAT] [28] baga03 » снк
[20:04:29] [Client thread/INFO] [CHAT] [28] baga03 » снек
[20:05:45] [Client thread/INFO] [CHAT] Tveiv получил Шипованные ботинки
[20:05:45] [Client thread/INFO] [CHAT] Tveiv получил Собиратель мусора
[20:05:45] [Client thread/INFO] [CHAT] Получено 300 звезд
[20:05:53] [Client thread/INFO] [CHAT] Потеряно 200 звезд
[20:05:53] [Client thread/INFO] [CHAT] Tveiv получил Кровопролитие
[20:06:00] [Client thread/INFO] [CHAT] Получено 5 звезд
[20:06:07] [Client thread/INFO] [CHAT] Получено 5 звезд
[20:06:07] [Client thread/INFO] [CHAT] Вам выпал Изумруд x1
[20:06:40] [Client thread/INFO] [CHAT] [28] baga03 » отойди
[20:07:10] [Client thread/INFO] [CHAT] [28] baga03 » пошли
[20:07:23] [Client thread/INFO] [CHAT] [28] baga03 » иди сюда
[20:07:37] [Client thread/INFO] [CHAT] [28] baga03 » да иди сюда
[20:07:40] [Client thread/INFO] [CHAT] [22] KBAC21 » ща
[20:07:43] [Client thread/INFO] [CHAT] [22] KBAC21 » добью
[20:07:46] [Client thread/INFO] [CHAT] [28] baga03 » не добьешь его
[20:07:54] [Client thread/INFO] [CHAT] [28] baga03 » чат чекай
[20:07:58] [Client thread/INFO] [CHAT] [28] baga03 » время тратим
[20:08:05] [Client thread/INFO] [CHAT] [22] KBAC21 » а епт
[20:08:08] [Client thread/INFO] [CHAT] [28] baga03 » идем
[20:08:13] [Client thread/INFO] [CHAT] Вампиризм сброшен!
[20:08:14] [Client thread/INFO] [CHAT] Получено 5 звезд
[20:08:14] [Client thread/INFO] [CHAT] Вам выпал Изумруд x1
[20:08:15] [Client thread/INFO] [CHAT] Вампиризм сброшен!
[20:08:15] [Client thread/INFO] [CHAT] Вампиризм сброшен!
[20:08:16] [Client thread/INFO] [CHAT] [28] baga03 » тот обелиск
[20:08:16] [Client thread/INFO] [CHAT] [22] KBAC21 » незнал
[20:08:17] [Client thread/INFO] [CHAT] [28] baga03 » активируй
[20:08:18] [Client thread/INFO] [CHAT] Вампиризм сброшен!
[20:08:18] [Client thread/INFO] [CHAT] Вампиризм сброшен!
[20:08:18] [Client thread/INFO] [CHAT] Получено 5 звезд
[20:08:18] [Client thread/INFO] [CHAT] Вам выпал Серебряная звезда зачарования x1
[20:08:19] [Client thread/INFO] [CHAT] Получено 5 звезд
[20:08:19] [Client thread/INFO] [CHAT] Вам выпал Изумруд x1
[20:08:20] [Client thread/INFO] [CHAT] Получено 6 звезд
[20:08:20] [Client thread/INFO] [CHAT] Вам выпал Изумруд x1
[20:08:20] [Client thread/INFO] [CHAT] Вам выпал Обугленный череп x1
[20:08:20] [Client thread/INFO] [CHAT] Получено 15 звезд
[20:08:23] [Client thread/INFO] [CHAT] [9] dobrjdver » [Путь в Карнтрант ⚝ +2]
[20:08:28] [Client thread/INFO] [CHAT] Tveiv получил Сплетение теней
[20:08:39] [Client thread/INFO] [CHAT] Получено 5 звезд
[20:08:39] [Client thread/INFO] [CHAT] Вам выпал Изумруд x1
[20:08:39] [Client thread/INFO] [CHAT] Вам выпал Осколок фантазии Этоля x1
[20:08:42] [Client thread/INFO] [CHAT] Получено 5 звезд
[20:08:50] [Client thread/INFO] [CHAT] На Вас наложен Яростный взор, Вы получаете урон, когда смотрите на существ
[20:08:59] [Client thread/INFO] [CHAT] Получено 6 звезд
[20:08:59] [Client thread/INFO] [CHAT] Вам выпал Изумруд x2
[20:09:00] [Client thread/INFO] [CHAT] Получено 5 звезд
[20:09:00] [Client thread/INFO] [CHAT] Вам выпал Изумруд x1
[20:09:00] [Client thread/INFO] [CHAT] Вам выпал Серебряная звезда зачарования x1
[20:09:00] [Client thread/INFO] [CHAT] Получено 5 звезд
[20:09:00] [Client thread/INFO] [CHAT] Вам выпал Обугленный череп x1
[20:09:08] [Client thread/INFO] [CHAT] Получено 5 звезд
[20:09:12] [Client thread/INFO] [CHAT] Получено 5 звезд
[20:09:16] [Client thread/INFO] [CHAT] Получено 5 звезд
[20:09:16] [Client thread/INFO] [CHAT] Вам выпал Обугленный череп x1
[20:09:16] [Client thread/INFO] [CHAT] Вам выпал Серебряная звезда зачарования x1
[20:09:17] [Client thread/INFO] [CHAT] Вампиризм сброшен!
[20:09:20] [Client thread/INFO] [CHAT] Вампиризм сброшен!
[20:09:23] [Client thread/INFO] [CHAT] Вампиризм сброшен!
[20:09:23] [Client thread/INFO] [CHAT] Получено 6 звезд
[20:09:23] [Client thread/INFO] [CHAT] Вам выпал Обугленный череп x1
[20:09:26] [Client thread/INFO] [CHAT] Получено 5 звезд
[20:09:26] [Client thread/INFO] [CHAT] Вам выпал Изумруд x1
[20:09:27] [Client thread/INFO] [CHAT] Вампиризм сброшен!
[20:09:29] [Client thread/INFO] [CHAT] Получено 5 звезд
[20:09:30] [Client thread/INFO] [CHAT] Вампиризм сброшен!
[20:09:30] [Client thread/INFO] [CHAT] Получено 5 звезд
[20:09:33] [Client thread/INFO] [CHAT] [28] baga03 » а ттебе кстати
[20:09:34] [Client thread/INFO] [CHAT] Получено 5 звезд
[20:09:34] [Client thread/INFO] [CHAT] Вам выпал Изумруд x1
[20:09:34] [Client thread/INFO] [CHAT] Получено 10 звезд
[20:09:35] [Client thread/INFO] [CHAT] [28] baga03 » в рошлой
[20:09:36] [Client thread/INFO] [CHAT] Tveiv получил Децидофобия
[20:09:37] [Client thread/INFO] [CHAT] [28] baga03 » в прошлой
[20:09:39] [Client thread/INFO] [CHAT] [28] baga03 » тоже боты выпали?*
[20:09:44] [Client thread/INFO] [CHAT] [22] KBAC21 » не
[20:09:48] [Client thread/INFO] [CHAT] Вампиризм сброшен!
[20:09:49] [Client thread/INFO] [CHAT] Получено 7 звезд
[20:09:51] [Client thread/INFO] [CHAT] [28] baga03 » тут еще 1 обелиск надо
[20:09:53] [Client thread/INFO] [CHAT] [22] KBAC21 » мне только 1 раз боты падали
[20:09:55] [Client thread/INFO] [CHAT] [28] baga03 » что бы ачивку тебе выполнить
[20:09:58] [Client thread/INFO] [CHAT] Получено 6 звезд
[20:09:58] [Client thread/INFO] [CHAT] Вам выпал Изумруд x1
[20:09:58] [Client thread/INFO] [CHAT] Получено 21 звезд
[20:09:59] [Client thread/INFO] [CHAT] [28] baga03 » ищем
[20:10:01] [Client thread/INFO] [CHAT] Tveiv получил Долг боли
[20:10:03] [Client thread/INFO] [CHAT] На Вас наложен Яростный взор, Вы получаете урон, когда смотрите на существ
[20:10:05] [Client thread/INFO] [CHAT] Получено 5 звезд
[20:10:05] [Client thread/INFO] [CHAT] Получено 5 звезд
[20:10:05] [Client thread/INFO] [CHAT] Вам выпал Обугленный череп x1
[20:10:13] [Client thread/INFO] [CHAT] Получено 6 звезд
[20:10:13] [Client thread/INFO] [CHAT] Вам выпал Изумруд x1
[20:10:14] [Client thread/INFO] [CHAT] [28] baga03 » он сверху вроде
[20:10:20] [Client thread/INFO] [CHAT] Получено 5 звезд
[20:10:24] [Client thread/INFO] [CHAT] Получено 5 звезд
[20:10:24] [Client thread/INFO] [CHAT] Вам выпал Серебряная звезда зачарования x1
[20:10:24] [Client thread/INFO] [CHAT] Вам выпал Осколок фантазии Этоля x1
[20:10:30] [Client thread/INFO] [CHAT] Получено 5 звезд
[20:10:37] [Client thread/INFO] [CHAT] Получено 5 звезд
[20:10:42] [Client thread/INFO] [CHAT] Получено 6 звезд
[20:10:45] [Client thread/INFO] [CHAT] Получено 5 звезд
[20:10:45] [Client thread/INFO] [CHAT] Вам выпал Изумруд x2
[20:10:53] [Client thread/INFO] [CHAT] Получено 6 звезд
[20:10:53] [Client thread/INFO] [CHAT] Вам выпал Серебряная звезда зачарования x1
[20:10:55] [Client thread/INFO] [CHAT] Получено 5 звезд
[20:11:02] [Client thread/INFO] [CHAT] Получено 5 звезд
[20:11:09] [Client thread/INFO] [CHAT] Получено 5 звезд
[20:11:09] [Client thread/INFO] [CHAT] Вам выпал Изумруд x2
[20:11:12] [Client thread/INFO] [CHAT] Получено 5 звезд
[20:11:12] [Client thread/INFO] [CHAT] Вам выпал Изумруд x1
[20:11:13] [Client thread/INFO] [CHAT] Получено 5 звезд
[20:11:13] [Client thread/INFO] [CHAT] Вам выпал Изумруд x2
[20:11:17] [Client thread/INFO] [CHAT] Получено 6 звезд
[20:11:22] [Client thread/INFO] [CHAT] Вы стали стеклянным! Вы умрете, если получите урон 10 раз
[20:11:27] [Client thread/INFO] [CHAT] [22] KBAC21 » о
[20:11:33] [Client thread/INFO] [CHAT] На Вас наложено Проклятие Страха, Ваш вампиризм заблокирован
[20:11:37] [Client thread/INFO] [CHAT] На Вас наложено Проклятие Страха, Ваш вампиризм заблокирован
[20:11:40] [Client thread/INFO] [CHAT] На Вас наложено Проклятие Страха, Ваш вампиризм заблокирован
[20:11:49] [Client thread/INFO] [CHAT] [22] KBAC21 » не знал о нем
[20:12:01] [Client thread/INFO] [CHAT] На Вас наложено Проклятие Страха, Ваш вампиризм заблокирован
[20:12:03] [Client thread/INFO] [CHAT] На Вас наложено Проклятие Страха, Ваш вампиризм заблокирован
[20:12:03] [Client thread/INFO] [CHAT] На Вас наложено Проклятие Страха, Ваш вампиризм заблокирован
[20:12:04] [Client thread/INFO] [CHAT] [28] baga03 » бл, лучше бы тебе шлем выпал
[20:12:05] [Client thread/INFO] [CHAT] На Вас наложено Проклятие Страха, Ваш вампиризм заблокирован
[20:12:05] [Client thread/INFO] [CHAT] [30] hgfufh_kte » [Раб души ☠ +8]
[20:12:13] [Client thread/INFO] [CHAT] [30] hgfufh_kte » [Исполнитель желаний ♡ +8]
[20:12:26] [Client thread/INFO] [CHAT] На Вас наложено Проклятие Страха, Ваш вампиризм заблокирован
[20:12:28] [Client thread/INFO] [CHAT] На Вас наложено Проклятие Страха, Ваш вампиризм заблокирован
[20:12:29] [Client thread/INFO] [CHAT] На Вас наложено Проклятие Страха, Ваш вампиризм заблокирован
[20:12:38] [Client thread/INFO] [CHAT] Получено 5 звезд
[20:12:38] [Client thread/INFO] [CHAT] Вам выпал Изумруд x38
[20:12:38] [Client thread/INFO] [CHAT] Вам выпал Обугленный череп x7
[20:12:38] [Client thread/INFO] [CHAT] Вам выпал Серебряная звезда зачарования x1
[20:12:38] [Client thread/INFO] [CHAT] Вам выпал Благословенная серебряная звезда зачарования x1
[20:12:38] [Client thread/INFO] [CHAT] Вам выпал Осколок фантазии Этоля x1
[20:12:38] [Client thread/INFO] [CHAT] Вам выпал Шкатулка наследницы x1
[20:12:38] [Client thread/INFO] [CHAT] Получено 5 звезд
[20:12:38] [Client thread/INFO] [CHAT] Вам выпал Благословенная серебряная звезда зачарования x1
[20:13:00] [Client thread/INFO] [CHAT] [6] D ┃ legaret554 » зачем нужен бонус звезд
[20:13:08] [Client thread/INFO] [CHAT] [28] baga03 » пока тебе не нужно
[20:13:23] [Client thread/INFO] [CHAT] [28] baga03 » за звезду в будущем сможешь покупать ништяки
[20:13:28] [Client thread/INFO] [CHAT] Потеряно 200 звезд
[20:13:28] [Client thread/INFO] [CHAT] Tveiv получил Игла ярости
[20:13:38] [Client thread/INFO] [CHAT] Получено 5 звезд
[20:13:38] [Client thread/INFO] [CHAT] [5] Enemy69 » у астролога?
[20:13:42] [Client thread/INFO] [CHAT] Получено 5 звезд
[20:13:42] [Client thread/INFO] [CHAT] Вам выпал Изумруд x2
[20:13:45] [Client thread/INFO] [CHAT] [28] baga03 » нет
[20:13:47] [Client thread/INFO] [CHAT] [28] baga03 » в воремя волны
[20:13:49] [Client thread/INFO] [CHAT] Получено 5 звезд
[20:13:50] [Client thread/INFO] [CHAT] Вампиризм сброшен!
[20:13:51] [Client thread/INFO] [CHAT] Получено 5 звезд
[20:13:54] [Client thread/INFO] [CHAT] Получено 5 звезд
[20:13:54] [Client thread/INFO] [CHAT] Вам выпал Обугленный череп x1
[20:13:54] [Client thread/INFO] [CHAT] Вам выпал Серебряная звезда зачарования x1
[20:13:55] [Client thread/INFO] [CHAT] Вампиризм сброшен!
[20:13:55] [Client thread/INFO] [CHAT] Получено 5 звезд
[20:13:55] [Client thread/INFO] [CHAT] Вам выпал Изумруд x1
[20:13:55] [Client thread/INFO] [CHAT] Вам выпал Обугленный череп x1
[20:13:57] [Client thread/INFO] [CHAT] [28] baga03 » пон?
[20:13:58] [Client thread/INFO] [CHAT] Вампиризм сброшен!
[20:13:59] [Client thread/INFO] [CHAT] Получено 5 звезд
[20:13:59] [Client thread/INFO] [CHAT] Вам выпал Изумруд x1
[20:14:02] [Client thread/INFO] [CHAT] [5] Enemy69 » да спасибо
[20:14:07] [Client thread/INFO] [CHAT] Получено 5 звезд
[20:14:09] [Client thread/INFO] [CHAT] Вампиризм сброшен!
[20:14:12] [Client thread/INFO] [CHAT] Вампиризм сброшен!
[20:14:13] [Client thread/INFO] [CHAT] Получено 5 звезд
[20:14:14] [Client thread/INFO] [CHAT] Вампиризм сброшен!
[20:14:15] [Client thread/INFO] [CHAT] Получено 5 звезд
[20:14:16] [Client thread/INFO] [CHAT] Вампиризм сброшен!
[20:14:16] [Client thread/INFO] [CHAT] [28] baga03 » кролик тебя бьет, и тепает туда
[20:14:17] [Client thread/INFO] [CHAT] Вампиризм сброшен!
[20:14:17] [Client thread/INFO] [CHAT] Получено 5 звезд
[20:14:20] [Client thread/INFO] [CHAT] Вампиризм сброшен!
[20:14:20] [Client thread/INFO] [CHAT] Получено 5 звезд
[20:14:20] [Client thread/INFO] [CHAT] Вам выпал Изумруд x1
[20:14:20] [Client thread/INFO] [CHAT] Вам выпал Обугленный череп x1
[20:14:20] [Client thread/INFO] [CHAT] Вампиризм сброшен!
[20:14:22] [Client thread/INFO] [CHAT] Вампиризм сброшен!
[20:14:25] [Client thread/INFO] [CHAT] Вампиризм сброшен!
[20:14:28] [Client thread/INFO] [CHAT] Получено 5 звезд
[20:14:28] [Client thread/INFO] [CHAT] Вампиризм сброшен!
[20:14:29] [Client thread/INFO] [CHAT] Получено 5 звезд
[20:14:34] [Client thread/INFO] [CHAT] Получено 5 звезд
[20:14:34] [Client thread/INFO] [CHAT] Вам выпал Изумруд x1
[20:14:34] [Client thread/INFO] [CHAT] Получено 8 звезд
[20:14:37] [Client thread/INFO] [CHAT] Tveiv получил Смотри на меня
[20:14:46] [Client thread/INFO] [CHAT] Получено 5 звезд
[20:14:50] [Client thread/INFO] [CHAT] Получено 5 звезд
[20:14:50] [Client thread/INFO] [CHAT] Вам выпал Обугленный череп x1
[20:14:52] [Client thread/INFO] [CHAT] Получено 5 звезд
[20:14:55] [Client thread/INFO] [CHAT] Вампиризм сброшен!
[20:14:56] [Client thread/INFO] [CHAT] Получено 5 звезд
[20:15:01] [Client thread/INFO] [CHAT] Получено 5 звезд
[20:15:01] [Client thread/INFO] [CHAT] Вам выпал Изумруд x2
[20:15:01] [Client thread/INFO] [CHAT] Вам выпал Осколок фантазии Этоля x1
[20:15:01] [Client thread/INFO] [CHAT] [28] baga03 » бегай
[20:15:06] [Client thread/INFO] [CHAT] Получено 5 звезд
[20:15:06] [Client thread/INFO] [CHAT] Вам выпал Изумруд x2
[20:15:09] [Client thread/INFO] [CHAT] Вампиризм сброшен!
[20:15:11] [Client thread/INFO] [CHAT] Получено 5 звезд
[20:15:12] [Client thread/INFO] [CHAT] Вампиризм сброшен!
[20:15:16] [Client thread/INFO] [CHAT] Получено 6 звезд
[20:15:16] [Client thread/INFO] [CHAT] Вам выпал Серебряная звезда зачарования x1
[20:15:20] [Client thread/INFO] [CHAT] Получено 5 звезд
[20:15:24] [Client thread/INFO] [CHAT] Получено 5 звезд
[20:15:27] [Client thread/INFO] [CHAT] [30] chocolatechara » а как к пауку на 27 локе забраться?
[20:15:37] [Client thread/INFO] [CHAT] Получено 6 звезд
[20:15:40] [Client thread/INFO] [CHAT] Получено 5 звезд
[20:15:41] [Client thread/INFO] [CHAT] [30] I ┃ TheFoolLotm » оружием
[20:15:44] [Client thread/INFO] [CHAT] Получено 5 звезд
[20:15:48] [Client thread/INFO] [CHAT] Получено 5 звезд
[20:15:48] [Client thread/INFO] [CHAT] Вам выпал Серебряная звезда зачарования x1
[20:15:48] [Client thread/INFO] [CHAT] Вам выпал Осколок фантазии Этоля x1
[20:15:48] [Client thread/INFO] [CHAT] [30] chocolatechara » а по точнее можно?
[20:15:50] [Client thread/INFO] [CHAT] Получено 5 звезд
[20:15:50] [Client thread/INFO] [CHAT] Вам выпал Изумруд x2
[20:16:01] [Client thread/INFO] [CHAT] Получено 5 звезд
[20:16:07] [Client thread/INFO] [CHAT] Получено 7 звезд
[20:16:07] [Client thread/INFO] [CHAT] Получено 14 звезд
[20:16:10] [Client thread/INFO] [CHAT] Tveiv получил Спарагмос
[20:16:18] [Client thread/INFO] [CHAT] Получено 5 звезд
[20:16:20] [Client thread/INFO] [CHAT] [17] _Demon_Rasta_ » кто дуо
[20:16:24] [Client thread/INFO] [CHAT] Получено 5 звезд
[20:16:25] [Client thread/INFO] [CHAT] [22] KBAC21 » [Жертва ритуалу ☠]
[20:16:27] [Client thread/INFO] [CHAT] [22] KBAC21 » найс
[20:16:33] [Client thread/INFO] [CHAT] Получено 5 звезд
[20:16:33] [Client thread/INFO] [CHAT] Вам выпал Изумруд x1
[20:16:38] [Client thread/INFO] [CHAT] [28] baga03 » а как отправлять так?
[20:16:39] [Client thread/INFO] [CHAT] Получено 5 звезд
[20:16:39] [Client thread/INFO] [CHAT] Вам выпал Изумруд x2
[20:16:47] [Client thread/INFO] [CHAT] [22] KBAC21 » а?
[20:16:51] [Client thread/INFO] [CHAT] [22] KBAC21 » а понял
[20:16:52] [Client thread/INFO] [CHAT] [28] baga03 » в чат
[20:16:55] [Client thread/INFO] [CHAT] Получено 5 звезд
[20:16:57] [Client thread/INFO] [CHAT] [30] chocolatechara » .#рука
[20:17:00] [Client thread/INFO] [CHAT] [30] chocolatechara » а по точнее можно?
[20:17:02] [Client thread/INFO] [CHAT] [30] chocolatechara » а как к пауку на 27 локе забраться?
[20:17:03] [Client thread/INFO] [CHAT] Получено 9 звезд
[20:17:07] [Client thread/INFO] [CHAT] [22] KBAC21 » "#рука"
[20:17:09] [Client thread/INFO] [CHAT] [22] KBAC21 » вот так
[20:17:12] [Client thread/INFO] [CHAT] Получено 6 звезд
[20:17:12] [Client thread/INFO] [CHAT] Вам выпал Изумруд x2
[20:17:17] [Client thread/INFO] [CHAT] Получено 5 звезд
[20:17:17] [Client thread/INFO] [CHAT] Вам выпал Изумруд x2
[20:17:21] [Client thread/INFO] [CHAT] Получено 5 звезд
[20:17:24] [Client thread/INFO] [CHAT] Получено 6 звезд
[20:17:24] [Client thread/INFO] [CHAT] Вам выпал Осколок фантазии Этоля x1
[20:17:26] [Client thread/INFO] [CHAT] [30] chocolatechara » а как к пауку на 27 локе забраться?
[20:17:29] [Client thread/INFO] [CHAT] Получено 5 звезд
[20:17:29] [Client thread/INFO] [CHAT] [22] KBAC21 » и держать предмет в руке
[20:17:33] [Client thread/INFO] [CHAT] Получено 5 звезд
[20:17:36] [Client thread/INFO] [CHAT] Получено 5 звезд
[20:17:36] [Client thread/INFO] [CHAT] Вам выпал Изумруд x1
[20:17:36] [Client thread/INFO] [CHAT] Вам выпал Серебряная звезда зачарования x1
[20:17:43] [Client thread/INFO] [CHAT] Получено 5 звезд
[20:17:43] [Client thread/INFO] [CHAT] Вам выпал Изумруд x1
[20:17:47] [Client thread/INFO] [CHAT] Получено 5 звезд
[20:17:53] [Client thread/INFO] [CHAT] Получено 5 звезд
[20:17:53] [Client thread/INFO] [CHAT] Вам выпал Изумруд x1
[20:17:59] [Client thread/INFO] [CHAT] Получено 5 звезд
[20:17:59] [Client thread/INFO] [CHAT] Вам выпал Изумруд x2
[20:18:03] [Client thread/INFO] [CHAT] Получено 5 звезд
[20:18:03] [Client thread/INFO] [CHAT] Вам выпал Изумруд x2
[20:18:07] [Client thread/INFO] [CHAT] Получено 5 звезд
[20:18:07] [Client thread/INFO] [CHAT] Вам выпал Обугленный череп x1
[20:18:32] [Client thread/INFO] [CHAT] Получено 5 звезд
[20:18:32] [Client thread/INFO] [CHAT] Вам выпал Изумруд x2
[20:18:36] [Client thread/INFO] [CHAT] Получено 5 звезд
[20:18:52] [Client thread/INFO] [CHAT] Получено 8 звезд
[20:18:52] [Client thread/INFO] [CHAT] Вам выпал Изумруд x1
[20:19:00] [Client thread/INFO] [CHAT] Вы стали стеклянным! Вы умрете, если получите урон 10 раз
[20:19:12] [Client thread/INFO] [CHAT] Дверь в комнату управления открыта.
[20:19:20] [Client thread/INFO] [CHAT] Получено 5 звезд
[20:19:24] [Client thread/INFO] [CHAT] Получено 5 звезд
[20:19:28] [Client thread/INFO] [CHAT] Получено 5 звезд
[20:19:28] [Client thread/INFO] [CHAT] Вам выпал Серебряная звезда зачарования x1
[20:19:34] [Client thread/INFO] [CHAT] Получено 5 звезд
[20:19:38] [Client thread/INFO] [CHAT] Получено 5 звезд
[20:19:38] [Client thread/INFO] [CHAT] Вам выпал Изумруд x1
[20:19:42] [Client thread/INFO] [CHAT] Получено 5 звезд
[20:19:42] [Client thread/INFO] [CHAT] Вам выпал Изумруд x2
[20:19:48] [Client thread/INFO] [CHAT] Получено 5 звезд
[20:19:51] [Client thread/INFO] [CHAT] Получено 5 звезд
[20:19:51] [Client thread/INFO] [CHAT] Вам выпал Изумруд x1
[20:19:56] [Client thread/INFO] [CHAT] Получено 5 звезд
[20:19:59] [Client thread/INFO] [CHAT] Получено 5 звезд
[20:20:04] [Client thread/INFO] [CHAT] Получено 5 звезд
[20:20:04] [Client thread/INFO] [CHAT] Вам выпал Изумруд x2
[20:20:14] [Client thread/INFO] [CHAT] Получено 5 звезд
[20:20:14] [Client thread/INFO] [CHAT] Получено 5 звезд
[20:20:14] [Client thread/INFO] [CHAT] Вам выпал Обугленный череп x1
[20:20:20] [Client thread/INFO] [CHAT] Получено 5 звезд
[20:20:32] [Client thread/INFO] [CHAT] Получено 5 звезд
[20:20:32] [Client thread/INFO] [CHAT] Получено 5 звезд
[20:20:32] [Client thread/INFO] [CHAT] Вам выпал Обугленный череп x1
[20:20:36] [Client thread/INFO] [CHAT] [30] S ┃ Zaraza91 » Кто то пойдёт на Силу исцеления?
[20:20:36] [Client thread/INFO] [CHAT] Получено 5 звезд
[20:20:41] [Client thread/INFO] [CHAT] [30] chocolatechara » я
[20:20:44] [Client thread/INFO] [CHAT] Получено 5 звезд
[20:20:45] [Client thread/INFO] [CHAT] [28] baga03 » газ
[20:20:47] [Client thread/INFO] [CHAT] [30] chocolatechara » ща только тут до пройду
[20:20:55] [Client thread/INFO] [CHAT] [28] baga03 » добавь еще KBAC21
[20:20:57] [Client thread/INFO] [CHAT] [28] baga03 » в 4 пойдем
[20:20:59] [Client thread/INFO] [CHAT] Получено 5 звезд
[20:20:59] [Client thread/INFO] [CHAT] Вам выпал Изумруд x1
[20:20:59] [Client thread/INFO] [CHAT] Получено 5 звезд
[20:20:59] [Client thread/INFO] [CHAT] Вам выпал Обугленный череп x1
[20:21:01] [Client thread/INFO] [CHAT] [28] baga03 » Zaraza81
[20:21:03] [Client thread/INFO] [CHAT] Получено 5 звезд
[20:21:07] [Client thread/INFO] [CHAT] [22] KBAC21 » хорошо
[20:21:08] [Client thread/INFO] [CHAT] Получено 5 звезд
[20:21:08] [Client thread/INFO] [CHAT] Вам выпал Серебряная звезда зачарования x1
[20:21:15] [Client thread/INFO] [CHAT] Получено 5 звезд
[20:21:15] [Client thread/INFO] [CHAT] Вам выпал Изумруд x2
[20:21:15] [Client thread/INFO] [CHAT] Вам выпал Обугленный череп x1
[20:21:15] [Client thread/INFO] [CHAT] Получено 5 звезд
[20:21:15] [Client thread/INFO] [CHAT] Вам выпал Обугленный череп x1
[20:21:15] [Client thread/INFO] [CHAT] Вам выпал Обугленный череп x1
[20:21:25] [Client thread/INFO] [CHAT] Получено 7 звезд
[20:21:25] [Client thread/INFO] [CHAT] Вам выпал Обугленный череп x1
[20:21:29] [Client thread/INFO] [CHAT] Получено 5 звезд
[20:21:36] [Client thread/INFO] [CHAT] [22] KBAC21 » игрок не найден пишет
[20:21:38] [Client thread/INFO] [CHAT] Получено 5 звезд
[20:21:38] [Client thread/INFO] [CHAT] Получено 5 звезд
[20:21:38] [Client thread/INFO] [CHAT] Вам выпал Обугленный череп x1
[20:21:45] [Client thread/INFO] [CHAT] Проход в крепость закрыт. Теперь Вы в безопасности.
[20:21:53] [Client thread/INFO] [CHAT] Потеряно 200 звезд
[20:21:53] [Client thread/INFO] [CHAT] Tveiv получил Кровопролитие
[20:21:54] [Client thread/INFO] [CHAT] Потеряно 200 звезд
[20:21:54] [Client thread/INFO] [CHAT] Tveiv получил Спокойствие разума
[20:21:58] [Client thread/INFO] [CHAT] [22] KBAC21 » а у него 91 а не 81
[20:22:27] [Client thread/INFO] [CHAT] Наследница Бедствия: Вы явились в самый разгар событий. Перед нашей битвой, давайте хотя бы представимся. Я - Мальфиса Флеу, единственная достойная Наследница Бедствия.
[20:22:34] [Client thread/INFO] [CHAT] Наследница Бедствия: Разрушение.
[20:22:42] [Client thread/INFO] [CHAT] Наследница Бедствия: Кажется, дышать становится все тяжелее..
[20:22:54] [Client thread/INFO] [CHAT] Наследница Бедствия: Разрушение.
[20:23:02] [Client thread/INFO] [CHAT] Наследница Бедствия: Кажется, дышать становится все тяжелее..
[20:23:14] [Client thread/INFO] [CHAT] Наследница Бедствия: Разрушение.
[20:23:21] [Client thread/INFO] [CHAT] Наследница Бедствия: Давайте на чистоту: я рада, что вы сами пришли ко мне, ловить вас было бы слишком расточительно по времени.
[20:23:22] [Client thread/INFO] [CHAT] Наследница Бедствия: Кажется, дышать становится все тяжелее..
[20:23:34] [Client thread/INFO] [CHAT] Наследница Бедствия: Разрушение.
[20:23:42] [Client thread/INFO] [CHAT] Наследница Бедствия: Кажется, дышать становится все тяжелее..
[20:23:52] [Client thread/INFO] [CHAT] \n   Сейчас трансляции ведут:\n   MEDIA ┃ ALMA3uk7, MEDIA ┃ repervladik\n   Напишите /media для проcмотра активных трансляций\n 
[20:23:54] [Client thread/INFO] [CHAT] Наследница Бедствия: Разрушение.
[20:24:02] [Client thread/INFO] [CHAT] Наследница Бедствия: Кажется, дышать становится все тяжелее..
[20:24:14] [Client thread/INFO] [CHAT] Наследница Бедствия: Разрушение.
[20:24:22] [Client thread/INFO] [CHAT] Наследница Бедствия: Кажется, дышать становится все тяжелее..
[20:24:34] [Client thread/INFO] [CHAT] Наследница Бедствия: Разрушение.
[20:24:42] [Client thread/INFO] [CHAT] Наследница Бедствия: Кажется, дышать становится все тяжелее..
[20:24:54] [Client thread/INFO] [CHAT] Наследница Бедствия: Разрушение.
[20:24:55] [Client thread/INFO] [CHAT] Наследница Бедствия: Вы потеряли оружие и доблесть. Исход этого боя уже предрешён.
[20:24:56] [Client thread/INFO] [CHAT] Наследница Бедствия: Меч света разорвет вас на части!
[20:25:15] [Client thread/INFO] [CHAT] Наследница Бедствия: Я очень долго собирала себе армию, неужели вы думали, что я буду сражаться одна?
[20:25:15] [Client thread/INFO] [CHAT] Наследница Бедствия: Меч света разорвет вас на части!
[20:25:34] [Client thread/INFO] [CHAT] Наследница Бедствия: Меч света разорвет вас на части!
[20:25:53] [Client thread/INFO] [CHAT] Наследница Бедствия: Меч света разорвет вас на части!
[20:25:59] [Client thread/INFO] [CHAT] Наследница Бедствия: Пора заканчивать..
[20:26:02] [Client thread/INFO] [CHAT] [28] baga03 » ты без усложнений поставил?
[20:26:03] [Client thread/INFO] [CHAT] Наследница Бедствия: Раб души!
[20:26:05] [Client thread/INFO] [CHAT] Наследница Бедствия: Теперь, я лично вас обезглавлю.
[20:26:17] [Client thread/INFO] [CHAT] [14] I ┃ Bushido_Zhoo » а какие есть секретные исследования помимо должника луны?
[20:26:22] [Client thread/INFO] [CHAT] [30] chocolatechara » есть
[20:26:26] [Client thread/INFO] [CHAT] Наследница Бедствия: Вы сами пришли в театр отчаяния! Даже если проиграю, я заберу вас с собой!
[20:26:27] [Client thread/INFO] [CHAT] [14] I ┃ Bushido_Zhoo » ну и тихой смерти
[20:26:28] [Client thread/INFO] [CHAT] Наследница Бедствия: Меч света разорвет вас на части!
[20:26:31] [Client thread/INFO] [CHAT] [14] I ┃ Bushido_Zhoo » ну так а какие
[20:26:33] [Client thread/INFO] [CHAT] [30] chocolatechara » есть
[20:26:41] [Client thread/INFO] [CHAT] [30] chocolatechara » с данжа выйду скажу
[20:26:47] [Client thread/INFO] [CHAT] Наследница Бедствия: Меч света разорвет вас на части!
[20:27:00] [Client thread/INFO] [CHAT] [28] baga03 » вы дураки хахах
[20:27:05] [Client thread/INFO] [CHAT] Получено 5 звезд
[20:27:05] [Client thread/INFO] [CHAT] Вам выпал Изумруд x10
[20:27:05] [Client thread/INFO] [CHAT] Вам выпал Обугленный череп x8
[20:27:05] [Client thread/INFO] [CHAT] Вам выпал Серебряная звезда зачарования x1
[20:27:05] [Client thread/INFO] [CHAT] Вам выпал Благословенная серебряная звезда зачарования x1
[20:27:05] [Client thread/INFO] [CHAT] Вам выпал Осколок фантазии Этоля x1
[20:27:05] [Client thread/INFO] [CHAT] Вам выпал Звёздная шкатулка Этоля x1
[20:27:05] [Client thread/INFO] [CHAT] Вам выпал Шкатулка наследницы x1
[20:27:05] [Client thread/INFO] [CHAT] Получено 5 звезд
[20:27:05] [Client thread/INFO] [CHAT] Вам выпал Благословенная серебряная звезда зачарования x1
[20:27:05] [Client thread/INFO] [CHAT] [30] V+ ┃ CherryBomBom » Кто в 25 лвл
[20:27:22] [Client thread/INFO] [CHAT] Авто-кликер выключен
[20:27:27] [Client thread/INFO] [CHAT] Авто-кликер включен
[20:27:30] [Client thread/INFO] [CHAT] Авто-кликер выключен
[20:27:36] [Client thread/INFO] [CHAT] [28] baga03 » zaraza пришласи cherry bom bom
[20:27:46] [Client thread/ERROR] Error on handle event #tmLTA in Mod{name='VoidMod', version='1.0+089d877', persistent=false, delegate=dev.a.a.a, modState=LOADED}
java.lang.NullPointerException: Cannot invoke "!#zLCiY.b(String)" because the return value of "!#quAUQ.a()" is null
	at VoidMod-v1.0+089d877//dev.a.a.i.b.a(SourceFile:3095)
	at VoidMod-v1.0+089d877//dev.a.a.i.b.injectedLambda$a$1(SourceFile)
	at #glmBE.sa(SourceFile:56)
	at #VmcMg.a(Unknown Source)
	at #VmcMg.accept(Unknown Source)
	at #Hvwvu.sa(SourceFile:105)
	at #durGt.a(Unknown Source)
	at #durGt.accept(Unknown Source)
	at #IsJOi.sa(SourceFile:59)
	at #Tuhja.a(SourceFile)
	at #YLOEq.sa(SourceFile:89)
	at #qbDVS.sa(SourceFile:100)
	at #uvNju.unsafeHandle(SourceFile)
	at #weeOO.sa(SourceFile:50)
	at !#pVRGz.sa(SourceFile:3665)
	at #cGhQc.sb(SourceFile:2346)
	at #kCsAv.a(SourceFile)
	at #tqfPK.sa(SourceFile:206)
	at #qqPNz.sa(SourceFile:469)
	at #mfwas.sa(SourceFile:29)
	at #mhxTY.sa(SourceFile:10)
	at #PpmzS.run(SourceFile:32)
	at #aitDA.sa(SourceFile:40)
	at #ckOvf.sa(SourceFile:11)
	at java.base/java.util.concurrent.FutureTask.run(Unknown Source)
	at #wFFZg.sa(SourceFile:45)
	at #mPGeI.b(SourceFile:52)
	at #QQxhM.sk(SourceFile:1466)
	at #lVFyp.st(SourceFile:1632)
	at #cYnba.sk(SourceFile:487)
	at net.minecraft.client.main.GameMain.a(SourceFile:220)
	at net.minecraft.client.main.GameMain.a(SourceFile:156)
	at #kBJWf.a(Unknown Source)
	at #kBJWf.run(Unknown Source)
	at java.base/java.lang.Thread.run(Unknown Source)
[20:28:04] [Client thread/INFO] [CHAT] [30] V+ ┃ CherryBomBom » +
[20:28:21] [Client thread/INFO] [CHAT] [28] baga03 » как в пати писать?
[20:28:27] [Client thread/INFO] [CHAT] [30] V+ ┃ CherryBomBom » !/pc
[20:28:42] [Client thread/INFO] [CHAT] Авто-кликер включен
[20:28:43] [Client thread/INFO] [CHAT] Бессмертная голова колдуна: Мы собрались в этот прекрасный день, чтобы покончить с Исцелением. Почему же все так пытаются помешать нам?
[20:28:54] [Client thread/INFO] [CHAT] Tveiv погиб! Осталось 2 возрождения
[20:29:06] [Client thread/ERROR] Error on handle event #tmLTA in Mod{name='VoidMod', version='1.0+089d877', persistent=false, delegate=dev.a.a.a, modState=LOADED}
java.lang.NullPointerException: Cannot invoke "!#zLCiY.b(String)" because the return value of "!#quAUQ.a()" is null
	at VoidMod-v1.0+089d877//dev.a.a.i.b.a(SourceFile:3095)
	at VoidMod-v1.0+089d877//dev.a.a.i.b.injectedLambda$a$1(SourceFile)
	at #glmBE.sa(SourceFile:56)
	at #VmcMg.a(Unknown Source)
	at #VmcMg.accept(Unknown Source)
	at #Hvwvu.sa(SourceFile:105)
	at #durGt.a(Unknown Source)
	at #durGt.accept(Unknown Source)
	at #IsJOi.sa(SourceFile:59)
	at #Tuhja.a(SourceFile)
	at #YLOEq.sa(SourceFile:89)
	at #qbDVS.sa(SourceFile:100)
	at #uvNju.unsafeHandle(SourceFile)
	at #weeOO.sa(SourceFile:50)
	at !#pVRGz.sa(SourceFile:3665)
	at #cGhQc.sb(SourceFile:2346)
	at #kCsAv.a(SourceFile)
	at #tqfPK.sa(SourceFile:206)
	at #qqPNz.sa(SourceFile:469)
	at #mfwas.sa(SourceFile:29)
	at #mhxTY.sa(SourceFile:10)
	at #PpmzS.run(SourceFile:32)
	at #aitDA.sa(SourceFile:40)
	at #ckOvf.sa(SourceFile:11)
	at java.base/java.util.concurrent.FutureTask.run(Unknown Source)
	at #wFFZg.sa(SourceFile:45)
	at #mPGeI.b(SourceFile:52)
	at #QQxhM.sk(SourceFile:1466)
	at #lVFyp.st(SourceFile:1632)
	at #cYnba.sk(SourceFile:487)
	at net.minecraft.client.main.GameMain.a(SourceFile:220)
	at net.minecraft.client.main.GameMain.a(SourceFile:156)
	at #kBJWf.a(Unknown Source)
	at #kBJWf.run(Unknown Source)
	at java.base/java.lang.Thread.run(Unknown Source)
[20:29:18] [Client thread/INFO] [CHAT] [5] Yommer » стоит ли идти на лесницу отчаяния?
[20:30:42] [Client thread/INFO] [CHAT] [30] V+ ┃ CherryBomBom » ?
[20:30:59] [Client thread/INFO] [CHAT] [28] baga03 » ща пройдем
[20:32:29] [Client thread/INFO] [CHAT] [17] _Demon_Rasta_ » кто дуо
[20:33:35] [Client thread/INFO] [CHAT] [28] baga03 » ggw
[20:33:36] [Client thread/INFO] [CHAT] [28] baga03 » ппц
[20:34:40] [Client thread/INFO] [CHAT] [28] baga03 » gecrfq
[20:35:25] [Client thread/INFO] [CHAT] [28] baga03 » sek
[20:36:33] [Client thread/INFO] [CHAT] [17] V+ ┃ Junior_Ferrar1 » небытие
[20:39:30] [Client thread/INFO] [CHAT] [28] baga03 » да нах вы запускаете
[20:40:31] [Client thread/INFO] [CHAT] [17] _Demon_Rasta_ » кто дуо пойдет
[20:43:01] [Client thread/INFO] [CHAT] [28] baga03 » кто пати?
[20:43:05] [Client thread/INFO] [CHAT] [17] _Demon_Rasta_ » я
[20:43:10] [Client thread/INFO] [CHAT] [28] baga03 » та не
[20:43:13] [Client thread/INFO] [CHAT] [17] _Demon_Rasta_ » (
[20:43:14] [Client thread/INFO] [CHAT] [28] baga03 » слабеньки
[20:43:24] [Client thread/INFO] [CHAT] [28] baga03 » кто на 25 локу?
[20:43:47] [Client thread/INFO] [CHAT] [1] G ┃ tonkiegor » !а чо тут делать
[20:43:53] [Client thread/INFO] [CHAT] [28] baga03 » драться
[20:43:59] [Client thread/INFO] [CHAT] Получено 5 звезд
[20:43:59] [Client thread/INFO] [CHAT] Вам выпал Изумруд x32
[20:43:59] [Client thread/INFO] [CHAT] Вам выпал Обугленный череп x8
[20:43:59] [Client thread/INFO] [CHAT] Вам выпал Серебряная звезда зачарования x1
[20:43:59] [Client thread/INFO] [CHAT] Вам выпал Благословенная серебряная звезда зачарования x1
[20:43:59] [Client thread/INFO] [CHAT] Вам выпал Осколок фантазии Этоля x1
[20:43:59] [Client thread/INFO] [CHAT] Получено 5 звезд
[20:44:01] [Client thread/INFO] [CHAT] [1] G ┃ tonkiegor » с кем меня чорная дыра сьела
[20:44:11] [Client thread/INFO] [CHAT] [28] baga03 » запуск жми
[20:44:18] [Client thread/INFO] [CHAT] [1] G ┃ tonkiegor » где он
[20:44:35] [Client thread/INFO] [CHAT] [28] baga03 » absolutezero
[20:44:38] [Client thread/INFO] [CHAT] [28] baga03 » го в тиму?
[20:44:48] [Client thread/INFO] [CHAT] [17] _Demon_Rasta_ » помогите пж 4 локацию пройти
[20:44:51] [Client thread/INFO] [CHAT] [28] baga03 » tonkiegor, в середине в начале
[20:44:55] [Client thread/INFO] [CHAT] [28] baga03 » давай демон, помогу
[20:44:57] [Client thread/INFO] [CHAT] [17] _Demon_Rasta_ » давай
[20:45:02] [Client thread/INFO] [CHAT] [17] _Demon_Rasta_ » кидай пати
[20:45:03] [Client thread/INFO] [CHAT] [30] S ┃ Gumby_34 » [Темный кинжал ♨ +9]
[20:45:04] [Client thread/INFO] [CHAT] [1] G ┃ tonkiegor » baga я не понимаюю
[20:45:14] [Client thread/INFO] [CHAT] [1] G ┃ tonkiegor » а
[20:45:23] [Client thread/INFO] [CHAT] [30] chocolatechara » джамби откуда такой меч?
[20:46:05] [Client thread/INFO] [CHAT] [30] chocolatechara » джамби откуда такой меч?
[20:46:30] [Client thread/INFO] [CHAT] [30] P ┃ Tveiv » [Высасывающий клинок Расимы ♨ +8]
[20:47:07] [Client thread/INFO] [CHAT] [13] P ┃ kykuhuj777 » !зомби от 19 урона мечем умирает же?
[20:47:10] [Client thread/INFO] [CHAT] [30] chocolatechara » выживект
[20:47:10] [Client thread/INFO] [CHAT] [13] P ┃ kykuhuj777 » или скелет
[20:47:11] [Client thread/INFO] [CHAT] [28] baga03 » !выживет
[20:47:14] [Client thread/INFO] [CHAT] [13] P ┃ kykuhuj777 » фенкс
[20:47:14] [Client thread/INFO] [CHAT] [28] baga03 » скилет дед
[20:48:32] [Client thread/INFO] [CHAT] [30] V ┃ And12botik » Как убить бессмертную голову колдуна,
[20:48:37] [Client thread/INFO] [CHAT] [30] V ┃ And12botik » Это ппц
[20:48:42] [Client thread/INFO] [CHAT] [30] P ┃ Tveiv » драться с ней до конца и не давать хилица
[20:48:44] [Client thread/INFO] [CHAT] [30] chocolatechara » через отражающий амулет
[20:48:54] [Client thread/INFO] [CHAT] [29] Sr.T ┃ Няшечка » [Лук из волчьих костей ☬ +7]
[20:48:57] [Client thread/INFO] [CHAT] [30] V ┃ And12botik » так я отражаю, он убивает
[20:49:05] [Client thread/INFO] [CHAT] [30] chocolatechara » значит не во время юзаешь
[20:49:06] [Client thread/INFO] [CHAT] [29] Sr.T ┃ Няшечка » норм прокнул лук
[20:49:16] [Client thread/INFO] [CHAT] [30] I ┃ JonY_00 » У нас отражение 85хп ему снесло
[20:49:31] [Client thread/INFO] [CHAT] [30] chocolatechara » ну дак это норм
[20:49:35] [Client thread/INFO] [CHAT] [30] V ┃ And12botik » всм норм
[20:49:42] [Client thread/INFO] [CHAT] [30] V ┃ And12botik » с каждым разом всё меньше и меньше
[20:49:46] [Client thread/INFO] [CHAT] [30] V ┃ And12botik » 85 70
[20:49:49] [Client thread/INFO] [CHAT] [30] V ┃ And12botik » 63
[20:50:08] [Client thread/INFO] [CHAT] [30] V ┃ And12botik » вы убивали его хоть раз?
[20:50:08] [Client thread/INFO] [CHAT] [30] chocolatechara » ну это уж явно лучше чем с меча по 5 сносить)
[20:50:11] [Client thread/INFO] [CHAT] [30] chocolatechara » конечно
[20:50:13] [Client thread/INFO] [CHAT] [30] chocolatechara » я убивал
[20:50:18] [Client thread/INFO] [CHAT] \nMEDIA ┃ ALMA3uk7 проводит ивент: BowIce!\nТип игры: Пятерной\nНажми, чтобы переместиться!\n 
[20:50:34] [Client thread/INFO] [CHAT] [30] V ┃ And12botik » а как правильно амулет юзать?
[20:50:58] [Client thread/INFO] [CHAT] [1] G ┃ tonkiegor » помогите прокачаца я не могу первое пройти!
[20:52:47] [Client thread/INFO] [CHAT] [28] baga03 » на лук какая метка лучшая?
[20:54:56] [Client thread/INFO] Stopping!
[20:54:56] [Client thread/INFO] Unloading mod VoidMod/bbdda6ea-2672-6927-2d53-4a80e6606e3b
[20:54:56] [Thread-22/ERROR] Reading thread encountered an IOException
java.nio.channels.ClosedChannelException
	at java.base/sun.nio.ch.FileChannelImpl.ensureOpen(Unknown Source)
	at java.base/sun.nio.ch.FileChannelImpl.size(Unknown Source)
	at java.base/java.io.RandomAccessFile.length(Unknown Source)
	at #BHXXN.sa(SourceFile:57)
	at #JPdJB.a(SourceFile)
	at #gcKqP.sa(SourceFile:348)
	at #wWyPO.a(Unknown Source)
	at #wWyPO.run(Unknown Source)
	at java.base/java.lang.Thread.run(Unknown Source)
[20:54:56] [Client thread/INFO] Unloading mod Wada/b3c3f6f2-5583-fbfb-097b-bb12f8340aa0
[20:54:56] [Client thread/INFO] Unloading mod Socials/bf4d17d2-11fb-634d-3a74-b133774698af
[20:54:56] [Client thread/INFO] Unloading mod Gama/630a24b8-df1b-ba9d-28ce-0395641e1ec9
