[22:07:31] [ForkJoinPool.commonPool-worker-7/INFO] IntegerCache population took 54ms
[22:07:32] [Client thread/INFO] Setting user: Tveiv
[22:07:32] [Client thread/INFO] Client Commit: 2be59f554
[22:07:33] [Client thread/INFO] LWJGL Version: 3.4.2-snapshot
[22:07:33] [ForkJoinPool.commonPool-worker-6/INFO] Bootstrapping took 1294ms
[22:07:33] [Client thread/INFO] [STDOUT]: [LWJGL] Setting up window
[22:07:33] [Client thread/INFO] [STDOUT]: [LWJGL] Creating window
[22:07:33] [Client thread/INFO] [STDOUT]: [LWJGL] Done creating window
[22:07:33] [Client thread/INFO] Number of textures in a framebuffer: 2
[22:07:33] [Client thread/WARN] Skipping bad option: lastServer:
[22:07:33] [Client thread/INFO] Model view matrix stack size: 64
[22:07:33] [Client thread/INFO] Projection matrix stack size: 8
[22:07:33] [Client thread/INFO] Texture matrix stack size: 20
[22:07:33] [Client thread/INFO] [OptiFine] OS: Windows 10 (amd64) version 10.0
[22:07:33] [Client thread/INFO] [OptiFine] VM: OpenJDK 64-Bit Server VM (mixed mode), Oracle Corporation / 1.8.0_442-b06
[22:07:35] [Client thread/ERROR] {"id":"a9c62d56-be02-44f9-8023-324c1e6309a2","apiGiveable":false,"categoryId":"aura","contributor":"Dionis","name":"Демонический маскарад","rarity":"AWARD","createdTime":1782507600000,"source":"url","sourceFormat":"bedrock","availableInGui":false,"isLimited":true,"type":"FULL","price":249,"locationRotation":0.065,"supportOptions":{},"conflictGroups":["aura"],"hash256":"69ea7acd58f0508936f856ca9d16689aa84d4e68bce267d635b5df936458613e","sourcePath":"https://webdata.c7x.dev/client/p13n/69ea7acd58f0508936f856ca9d16689aa84d4e68bce267d635b5df936458613e.model"}
#bEDgt: java.lang.IllegalStateException: Expected BEGIN_OBJECT but was NUMBER at path $.locationRotation
	at #wlIYw.sa(SourceFile:395)
	at #zyZee.a(SourceFile)
	at #SiLri.sa(Unknown Source:212)
	at #NZHLF.a(SourceFile)
	at #EKmoA.sa(SourceFile:431)
	at #aUukC.a(SourceFile)
	at #wlIYw.sa(SourceFile:391)
	at #zyZee.a(SourceFile)
	at #hlvdO.sa(SourceFile:1214)
	at #Iwixj.sa(Unknown Source:1319)
	at #dXYkJ.sa(Unknown Source:1261)
	at #pbbDQ.sa(SourceFile:107)
	at #TYNkf.sa(Unknown Source:44)
	at #REyfp.sa(SourceFile:27)
	at #THsUv.sa(SourceFile:76)
	at #UKLzM.sa(SourceFile:19)
	at #UvvxZ.sa(Unknown Source:182)
	at !#iUQJu.sa(SourceFile:82)
	at #WmDrd.sa(SourceFile:48)
	at #vrRoR.sb(SourceFile:35)
	at #vXcAs.sa(SourceFile:58)
	at #KMGSE.b(SourceFile)
	at #pvrmz.<init>(SourceFile:184)
	at #fiqpk.<init>(SourceFile:164)
	at #cegXK.<init>(SourceFile:28)
	at #zAVBO.sf(SourceFile:5745)
	at #CdcMy.sD(SourceFile:557)
	at #cYnba.sk(SourceFile:476)
	at net.minecraft.client.main.GameMain.a(SourceFile:220)
	at net.minecraft.client.main.GameMain.a(SourceFile:156)
	at #kBJWf.a(Unknown Source)
	at #kBJWf.run(Unknown Source)
	at java.base/java.lang.Thread.run(Unknown Source)
Caused by: java.lang.IllegalStateException: Expected BEGIN_OBJECT but was NUMBER at path $.locationRotation
	at #NxHQP.a(SourceFile:165)
	at #bTsHv.sb(Unknown Source:89)
	at #NxHQP.a(SourceFile)
	at #wlIYw.sa(SourceFile:384)
	... 32 more
[22:07:35] [Client thread/INFO] Reloading ResourceManager: assets-addon.jar, Default
[22:07:35] [Client thread/WARN] Unknown language en_us
[22:07:35] [Client thread/WARN] Unknown language ru_ru
[22:07:35] [Client thread/INFO] Current language: ru_ru
[22:07:36] [Client thread/INFO] Refreshing resources for the first time
[22:07:36] [Client thread/INFO] Starting up SoundSystem...
[22:07:36] [Thread-18/INFO] Initializing LWJGL OpenAL
[22:07:36] [Thread-18/INFO] (The LWJGL binding of OpenAL.  For more information, see http://www.lwjgl.org)
[22:07:36] [Thread-18/INFO] OpenAL audio device: OpenAL Soft on Динамики (MCHOSE V9 PRO)
[22:07:36] [Thread-18/INFO] OpenAL initialized.
[22:07:36] [Client thread/INFO] Sound engine started
[22:07:36] [Client thread/INFO] SoundSystem loading took 66ms
[22:07:36] [Client thread/INFO] Items registration took 5ms
[22:07:36] [Client thread/INFO] Total 29242 blocks.
[22:07:36] [Client thread/INFO] Custom blocks registration took 181ms
[22:07:36] [Client thread/INFO] Search tree population took 145ms
[22:07:36] [Client thread/INFO] Using standard Java compressor.
[22:07:36] [Client thread/INFO] Using standard Java cipher.
[22:07:36] [Client thread/INFO] [Shaders] Load shaders configuration.
[22:07:36] [Client thread/INFO] [Shaders] Save shaders configuration.
[22:07:36] [Client thread/INFO] [Shaders] No shaderpack loaded.
[22:07:36] [Client thread/INFO] Reloading ResourceManager: assets-addon.jar, Default
[22:07:36] [Client thread/WARN] Missing sound for event: minecraft:entity.turtle.ambient
[22:07:36] [Client thread/WARN] Missing sound for event: minecraft:entity.turtle.baby_hurt
[22:07:36] [Client thread/WARN] Missing sound for event: minecraft:entity.turtle.hurt
[22:07:36] [Client thread/WARN] Missing sound for event: minecraft:entity.turtle.baby_death
[22:07:36] [Client thread/WARN] Missing sound for event: minecraft:entity.turtle.death
[22:07:36] [Client thread/WARN] Missing sound for event: minecraft:entity.turtle.baby_step
[22:07:36] [Client thread/WARN] Missing sound for event: minecraft:entity.turtle.step
[22:07:36] [Client thread/WARN] Missing sound for event: minecraft:entity.turtle.swim
[22:07:36] [Client thread/WARN] Missing sound for event: minecraft:block.turtle_egg.crack
[22:07:36] [Client thread/WARN] Missing sound for event: minecraft:block.turtle_egg.egg_break
[22:07:36] [Client thread/WARN] Missing sound for event: minecraft:block.turtle_egg.fall
[22:07:36] [Client thread/WARN] Missing sound for event: minecraft:block.turtle_egg.hatch
[22:07:36] [Client thread/INFO] SoundSystem shutting down...
[22:07:36] [Client thread/WARN] Author: Paul Lamb, www.paulscode.com
[22:07:36] [Client thread/INFO] Starting up SoundSystem...
[22:07:36] [Thread-20/INFO] Initializing LWJGL OpenAL
[22:07:36] [Thread-20/INFO] (The LWJGL binding of OpenAL.  For more information, see http://www.lwjgl.org)
[22:07:36] [Thread-20/INFO] OpenAL audio device: OpenAL Soft on Динамики (MCHOSE V9 PRO)
[22:07:36] [Thread-20/INFO] OpenAL initialized.
[22:07:36] [Client thread/INFO] Sound engine reloaded
[22:07:37] [Client thread/INFO] Starting Watchdog monitor, timeout is: 90000ms/90s
[22:07:37] [Client thread/INFO] Watchdog init took 1ms
[22:07:37] [Client thread/INFO] Start loading of mod Wada
[22:07:37] [Client thread/INFO] Loading classes of Wada
[22:07:37] [Client thread/INFO] Start loading of mod Socials
[22:07:37] [Client thread/INFO] Loading classes of Socials
[22:07:37] [Client thread/INFO] Start loading of mod Gama
[22:07:37] [Client thread/INFO] Loading classes of Gama
[22:07:37] [Client Scheduler/INFO] Found preferred client: ANY
[22:07:37] [Client thread/INFO] Has Unsafe: true
[22:07:37] [Client thread/INFO] Direct buffers preferred: false
[22:07:37] [Client thread/INFO] Byte order: LITTLE_ENDIAN
[22:07:37] [Client thread/INFO] Timer resolution: 1000000000
[22:07:37] [Client thread/INFO] Client loaded for (5.584s/6.360s)
[22:07:37] [ForkJoinPool.commonPool-worker-4/WARN] Unable to load variant: axis=x from minecraft:lodestone#axis=x
[22:07:37] [ForkJoinPool.commonPool-worker-4/WARN] Unable to load variant: axis=y from minecraft:lodestone#axis=y
[22:07:37] [ForkJoinPool.commonPool-worker-4/WARN] Unable to load variant: axis=z from minecraft:lodestone#axis=z
[22:07:37] [ForkJoinPool.commonPool-worker-3/INFO] Gama-v1.5.2+5cb5bab: class verification completed in 192ms
[22:07:37] [ForkJoinPool.commonPool-worker-3/INFO] Gama-v1.5.2+5cb5bab: defineClasses completed in 1ms
[22:07:37] [ForkJoinPool.commonPool-worker-3/INFO] Loaded classes in mod Gama in 195 ms
[22:07:37] [ForkJoinPool.commonPool-worker-2/INFO] Socials-v2.2.2+04923ea: class verification completed in 243ms
[22:07:37] [ForkJoinPool.commonPool-worker-2/INFO] Socials-v2.2.2+04923ea: defineClasses completed in 0ms
[22:07:37] [ForkJoinPool.commonPool-worker-2/INFO] Loaded classes in mod Socials in 248 ms
[22:07:37] [ForkJoinPool.commonPool-worker-6/INFO] Wada-v4.12.2+151850d3: class verification completed in 359ms
[22:07:37] [ForkJoinPool.commonPool-worker-6/INFO] Wada-v4.12.2+151850d3: defineClasses completed in 0ms
[22:07:37] [ForkJoinPool.commonPool-worker-6/INFO] Loaded classes in mod Wada in 362 ms
[22:07:37] [Client thread/INFO] Loading mod Gama v1.5.2+5cb5bab by Cristalix Team
[22:07:37] [Client thread/INFO] [STDOUT]: [Enginex v5.16.1 - Gama] VAO support: true
[22:07:38] [ForkJoinPool.commonPool-worker-4/ERROR] Unable to load item model: 'minecraft:mcpatcher/cit/others/megumin_hat#inventory' for item: 'minecraft:mcpatcher/cit/others/megumin_hat'
[22:07:38] [ForkJoinPool.commonPool-worker-4/WARN] Unable to resolve texture due to upward reference: #cross in minecraft:models/block/chain.json
[22:07:38] [ForkJoinPool.commonPool-worker-4/WARN] Unable to resolve texture due to upward reference: #cross in minecraft:models/block/chain.json
[22:07:38] [Client thread/INFO] [STDOUT]: [Enginex v5.16.1 - Gama] Initialization with mod Gama
[22:07:38] [ForkJoinPool.commonPool-worker-4/INFO] [OptiFine] Mipmap levels: 4
[22:07:38] [ForkJoinPool.commonPool-worker-4/INFO] [OptiFine] Multi-texturing: false
[22:07:38] [ForkJoinPool.commonPool-worker-4/INFO] [OptiFine] Multipass connected textures: false
[22:07:38] [ForkJoinPool.commonPool-worker-4/INFO] [OptiFine] BetterGrass: Parsing default configuration optifine/bettergrass.properties
[22:07:38] [ForkJoinPool.commonPool-worker-4/FATAL] [OptiFine] Scaled too small texture: minecraft:mcpatcher/ctm/default/empty, 1 -> 16
[22:07:38] [ForkJoinPool.commonPool-worker-4/FATAL] [OptiFine] Scaled too small texture: minecraft:particles/glow_2, 8 -> 16
[22:07:38] [ForkJoinPool.commonPool-worker-4/FATAL] [OptiFine] Scaled too small texture: minecraft:particles/glow_1, 8 -> 16
[22:07:38] [ForkJoinPool.commonPool-worker-4/FATAL] [OptiFine] Scaled too small texture: minecraft:particles/glow_0, 8 -> 16
[22:07:38] [ForkJoinPool.commonPool-worker-4/FATAL] [OptiFine] Scaled too small texture: minecraft:particles/glow_6, 8 -> 16
[22:07:38] [ForkJoinPool.commonPool-worker-4/FATAL] [OptiFine] Scaled too small texture: minecraft:particles/glow_5, 8 -> 16
[22:07:38] [ForkJoinPool.commonPool-worker-4/FATAL] [OptiFine] Scaled too small texture: minecraft:particles/glow_4, 8 -> 16
[22:07:38] [ForkJoinPool.commonPool-worker-4/FATAL] [OptiFine] Scaled too small texture: minecraft:particles/glow_3, 8 -> 16
[22:07:38] [ForkJoinPool.commonPool-worker-4/FATAL] [OptiFine] Scaled too small texture: minecraft:particles/glow_9, 8 -> 16
[22:07:38] [ForkJoinPool.commonPool-worker-4/FATAL] [OptiFine] Scaled too small texture: minecraft:particles/glow_8, 8 -> 16
[22:07:38] [ForkJoinPool.commonPool-worker-4/FATAL] [OptiFine] Scaled too small texture: minecraft:particles/glow_7, 8 -> 16
[22:07:38] [ForkJoinPool.commonPool-worker-4/FATAL] [OptiFine] Scaled too small texture: minecraft:particles/glow_11, 8 -> 16
[22:07:38] [ForkJoinPool.commonPool-worker-4/FATAL] [OptiFine] Scaled too small texture: minecraft:particles/glow_10, 8 -> 16
[22:07:38] [ForkJoinPool.commonPool-worker-4/FATAL] [OptiFine] Scaled too small texture: minecraft:particles/glow_13, 8 -> 16
[22:07:38] [ForkJoinPool.commonPool-worker-4/FATAL] [OptiFine] Scaled too small texture: minecraft:particles/glow_12, 8 -> 16
[22:07:38] [ForkJoinPool.commonPool-worker-4/FATAL] [OptiFine] Scaled too small texture: minecraft:particles/glow_15, 8 -> 16
[22:07:38] [ForkJoinPool.commonPool-worker-4/FATAL] [OptiFine] Scaled too small texture: minecraft:particles/glow_14, 8 -> 16
[22:07:38] [ForkJoinPool.commonPool-worker-4/INFO] load sprites for 71ms
[22:07:38] [ForkJoinPool.commonPool-worker-4/INFO] Created: 1024x1024 textures-atlas in 143ms
[22:07:39] [Client thread/INFO] Loaded mod Gama v1.5.2+5cb5bab in 1169 ms
[22:07:39] [Client thread/INFO] Loading mod Socials v2.2.2+04923ea by Cristalix Team
[22:07:39] [Client thread/INFO] Loaded mod Socials v2.2.2+04923ea in 95 ms
[22:07:39] [Client thread/INFO] Loading mod Wada v4.12.2+151850d3 by Cristalix Team
[22:07:39] [Client thread/INFO] [STDOUT]: [Enginex v5.16.1 - Wada] VAO support: true
[22:07:39] [Thread-25/INFO] [STDOUT]: Settings successfully saved to social-settings.json.
[22:07:39] [Client thread/INFO] [STDOUT]: [Enginex v5.16.1 - Wada] Initialization with mod Wada
[22:07:39] [Client thread/INFO] Loaded mod Wada v4.12.2+151850d3 in 246 ms
[22:07:39] [Thread-24/INFO] [STDOUT]: [Enginex v5.16.1 - Gama] Successfully initialized
[22:07:39] [ForkJoinPool.commonPool-worker-4/INFO] [DEBUG] Atlas assembly for 5.934ms
[22:07:39] [Client thread/INFO] [DEBUG] upload atlas for 1.267ms
[22:07:39] [Client thread/INFO] [DEBUG] Generate mipmaps for 0.031ms
[22:07:39] [Client thread/INFO] [OptiFine] Animated sprites: 0
[22:07:39] [Client thread/INFO] [OptiFine] CustomColors: Loading mcpatcher/color.properties
[22:07:39] [Client thread/INFO] Textures loaded for 1836.492ms
[22:07:40] [Thread-26/INFO] [STDOUT]: [Enginex v5.16.1 - Wada] Successfully initialized
[22:07:49] [Network thread/INFO] Protocol upgrade mask: 157
[22:07:49] [Network thread/INFO] Upgrading protocol
[22:07:49] [Client thread/INFO] [STDOUT]: [Enginex v5.16.1 - Wada] [Wada/debug] reload requested: ServerConnect
[22:07:49] [Client thread/INFO] [STDOUT]: [Enginex v5.16.1 - Wada] [Wada/debug] cleanAndReload begin: sessionId=1, awaitingHandshake=true
[22:07:49] [Client thread/INFO] [STDOUT]: [Enginex v5.16.1 - Wada] VAO support: true
[22:07:49] [Client thread/INFO] [STDOUT]: [Enginex v5.16.1 - Wada] Initialization with mod Wada
[22:07:49] [Client thread/INFO] [STDOUT]: [Enginex v5.16.1 - Wada] Successfully initialized
[22:07:49] [Client thread/INFO] Joining server Хаб #14
[22:07:51] [Client thread/INFO] Start loading of mod Visual Driver
[22:07:51] [Client thread/INFO] Loading classes of Visual Driver
[22:07:51] [Client thread/INFO] Start loading of mod HubMod
[22:07:51] [Client thread/INFO] Loading classes of HubMod
[22:07:51] [ForkJoinPool.commonPool-worker-7/INFO] HubMod-v1.4.5: class verification completed in 5ms
[22:07:51] [ForkJoinPool.commonPool-worker-7/INFO] HubMod-v1.4.5: defineClasses completed in 0ms
[22:07:51] [ForkJoinPool.commonPool-worker-7/INFO] Loaded classes in mod HubMod in 6 ms
[22:07:51] [ForkJoinPool.commonPool-worker-1/INFO] Visual Driver-v3.8.31+9da32142: class verification completed in 21ms
[22:07:51] [ForkJoinPool.commonPool-worker-1/INFO] Visual Driver-v3.8.31+9da32142: defineClasses completed in 0ms
[22:07:51] [ForkJoinPool.commonPool-worker-1/INFO] Loaded classes in mod Visual Driver in 24 ms
[22:07:51] [Client thread/INFO] Loading mod HubMod v1.4.5 by Cristalix Team
[22:07:51] [Client thread/INFO] Loaded mod HubMod v1.4.5 in 57 ms
[22:07:51] [Client thread/INFO] Loading mod Visual Driver v3.8.31+9da32142 by Cristalix Team
[22:07:51] [Client thread/INFO] Loaded mod Visual Driver v3.8.31+9da32142 in 72 ms
[22:07:51] [Client thread/INFO] [STDOUT]: [Enginex v5.16.1 - Wada] [Wada/debug] handshake complete (w4:load), awaitingHandshake=false, sessionId=1
[22:08:07] [Network thread/INFO] Protocol upgrade mask: 157
[22:08:07] [Network thread/INFO] Upgrading protocol
[22:08:07] [Client thread/INFO] Invalidating server data
[22:08:07] [Client thread/INFO] Unloading mod Visual Driver/4fe0e880-be95-a293-b7f3-52a4a65a5859
[22:08:07] [Client thread/INFO] Unloading mod HubMod/cbc16aa3-8920-e631-badf-200ef0923638
[22:08:07] [Client thread/INFO] [STDOUT]: [Enginex v5.16.1 - Wada] [Wada/debug] reload requested: ServerSwitch
[22:08:07] [Client thread/INFO] [STDOUT]: [Enginex v5.16.1 - Wada] [Wada/debug] cleanAndReload begin: sessionId=2, awaitingHandshake=true
[22:08:07] [Client thread/INFO] [STDOUT]: [Enginex v5.16.1 - Wada] VAO support: true
[22:08:07] [Client thread/INFO] [STDOUT]: [Enginex v5.16.1 - Wada] Initialization with mod Wada
[22:08:07] [Client thread/INFO] [STDOUT]: [Enginex v5.16.1 - Wada] Successfully initialized
[22:08:07] [Client thread/INFO] Found file C:\Users\tveiv\.cristalix\updates\Minigames\server-resource-packs\40bb4597c7ce6b5b4690666d2a8804747a202ba3 matching requested hash 2a33a213ea168e73eaf34aeab631978eb6603e7b
[22:08:07] [Client thread/INFO] Allocated new cache for server resource pack
[22:08:07] [Client thread/INFO] Joining server VoidGame #1
[22:08:07] [Client thread/INFO] Reloading ResourceManager: assets-addon.jar, Default, 40bb4597c7ce6b5b4690666d2a8804747a202ba3
[22:08:07] [Client thread/WARN] Missing sound for event: minecraft:entity.turtle.ambient
[22:08:07] [Client thread/WARN] Missing sound for event: minecraft:entity.turtle.baby_hurt
[22:08:07] [Client thread/WARN] Missing sound for event: minecraft:entity.turtle.hurt
[22:08:07] [Client thread/WARN] Missing sound for event: minecraft:entity.turtle.baby_death
[22:08:07] [Client thread/WARN] Missing sound for event: minecraft:entity.turtle.death
[22:08:07] [Client thread/WARN] Missing sound for event: minecraft:entity.turtle.baby_step
[22:08:07] [Client thread/WARN] Missing sound for event: minecraft:entity.turtle.step
[22:08:07] [Client thread/WARN] Missing sound for event: minecraft:entity.turtle.swim
[22:08:07] [Client thread/WARN] Missing sound for event: minecraft:block.turtle_egg.crack
[22:08:07] [Client thread/WARN] Missing sound for event: minecraft:block.turtle_egg.egg_break
[22:08:07] [Client thread/WARN] Missing sound for event: minecraft:block.turtle_egg.fall
[22:08:07] [Client thread/WARN] Missing sound for event: minecraft:block.turtle_egg.hatch
[22:08:07] [Client thread/INFO] SoundSystem shutting down...
[22:08:07] [Client thread/WARN] Author: Paul Lamb, www.paulscode.com
[22:08:07] [Client thread/INFO] Starting up SoundSystem...
[22:08:07] [Thread-30/INFO] Initializing LWJGL OpenAL
[22:08:07] [Thread-30/INFO] (The LWJGL binding of OpenAL.  For more information, see http://www.lwjgl.org)
[22:08:07] [Thread-30/INFO] OpenAL audio device: OpenAL Soft on Динамики (MCHOSE V9 PRO)
[22:08:07] [Thread-30/INFO] OpenAL initialized.
[22:08:07] [Client thread/INFO] Sound engine reloaded
[22:08:07] [Client thread/INFO] Start loading of mod VoidMod
[22:08:07] [Client thread/INFO] Loading mod VoidMod v1.0+089d877 by ZeksterP
[22:08:07] [Client thread/INFO] [STDOUT]: [Enginex v5.13.11-TEST-2 - VoidMod] VAO support: true
[22:08:07] [Client thread/INFO] [STDOUT]: [Enginex v5.13.11-TEST-2 - VoidMod] Initialization with mod VoidMod
[22:08:07] [ForkJoinPool.commonPool-worker-5/WARN] Unable to load variant: axis=x from minecraft:lodestone#axis=x
[22:08:07] [ForkJoinPool.commonPool-worker-5/WARN] Unable to load variant: axis=y from minecraft:lodestone#axis=y
[22:08:07] [ForkJoinPool.commonPool-worker-5/WARN] Unable to load variant: axis=z from minecraft:lodestone#axis=z
[22:08:07] [ForkJoinPool.commonPool-worker-5/ERROR] Unable to load item model: 'minecraft:mcpatcher/cit/others/megumin_hat#inventory' for item: 'minecraft:mcpatcher/cit/others/megumin_hat'
[22:08:07] [ForkJoinPool.commonPool-worker-5/INFO] [OptiFine] Mipmap levels: 4
[22:08:07] [ForkJoinPool.commonPool-worker-5/INFO] [OptiFine] Multi-texturing: false
[22:08:07] [ForkJoinPool.commonPool-worker-5/INFO] [OptiFine] Multipass connected textures: false
[22:08:07] [ForkJoinPool.commonPool-worker-5/INFO] [OptiFine] BetterGrass: Parsing default configuration optifine/bettergrass.properties
[22:08:07] [ForkJoinPool.commonPool-worker-5/FATAL] [OptiFine] Scaled too small texture: minecraft:particles/glow_2, 8 -> 16
[22:08:07] [ForkJoinPool.commonPool-worker-5/FATAL] [OptiFine] Scaled too small texture: minecraft:particles/glow_1, 8 -> 16
[22:08:07] [ForkJoinPool.commonPool-worker-5/FATAL] [OptiFine] Scaled too small texture: minecraft:particles/glow_0, 8 -> 16
[22:08:07] [ForkJoinPool.commonPool-worker-5/FATAL] [OptiFine] Scaled too small texture: minecraft:particles/glow_6, 8 -> 16
[22:08:07] [ForkJoinPool.commonPool-worker-5/FATAL] [OptiFine] Scaled too small texture: minecraft:particles/glow_5, 8 -> 16
[22:08:07] [ForkJoinPool.commonPool-worker-5/FATAL] [OptiFine] Scaled too small texture: minecraft:particles/glow_4, 8 -> 16
[22:08:07] [ForkJoinPool.commonPool-worker-5/FATAL] [OptiFine] Scaled too small texture: minecraft:particles/glow_3, 8 -> 16
[22:08:07] [ForkJoinPool.commonPool-worker-5/FATAL] [OptiFine] Scaled too small texture: minecraft:particles/glow_9, 8 -> 16
[22:08:07] [ForkJoinPool.commonPool-worker-5/FATAL] [OptiFine] Scaled too small texture: minecraft:particles/glow_8, 8 -> 16
[22:08:07] [ForkJoinPool.commonPool-worker-5/FATAL] [OptiFine] Scaled too small texture: minecraft:particles/glow_7, 8 -> 16
[22:08:07] [ForkJoinPool.commonPool-worker-5/ERROR] Using missing texture, unable to load minecraft:textures/items/wooden_sword.png
[22:08:07] [ForkJoinPool.commonPool-worker-5/FATAL] [OptiFine] Scaled too small texture: minecraft:particles/glow_11, 8 -> 16
[22:08:07] [ForkJoinPool.commonPool-worker-5/FATAL] [OptiFine] Scaled too small texture: minecraft:particles/glow_10, 8 -> 16
[22:08:07] [ForkJoinPool.commonPool-worker-5/FATAL] [OptiFine] Scaled too small texture: minecraft:particles/glow_13, 8 -> 16
[22:08:07] [ForkJoinPool.commonPool-worker-5/FATAL] [OptiFine] Scaled too small texture: minecraft:particles/glow_12, 8 -> 16
[22:08:07] [ForkJoinPool.commonPool-worker-5/FATAL] [OptiFine] Scaled too small texture: minecraft:particles/glow_15, 8 -> 16
[22:08:07] [ForkJoinPool.commonPool-worker-5/FATAL] [OptiFine] Scaled too small texture: minecraft:particles/glow_14, 8 -> 16
[22:08:07] [ForkJoinPool.commonPool-worker-5/FATAL] [OptiFine] Scaled non power of 2: minecraft:mcpatcher/cit/items/bad_omen, 18 -> 32
[22:08:07] [ForkJoinPool.commonPool-worker-5/FATAL] [OptiFine] Scaled non power of 2: minecraft:mcpatcher/cit/items/trial_omen, 18 -> 32
[22:08:07] [ForkJoinPool.commonPool-worker-5/INFO] load sprites for 12ms
[22:08:07] [ForkJoinPool.commonPool-worker-5/INFO] Created: 1024x1024 textures-atlas in 30ms
[22:08:08] [Client thread/INFO] [STDOUT]: [Enginex v5.13.11-TEST-2 - VoidMod] Successfully initialized
[22:08:08] [Client thread/INFO] Loaded mod VoidMod v1.0+089d877 in 813 ms
[22:08:08] [Client thread/INFO] [STDOUT]: [Enginex v5.16.1 - Wada] [Wada/debug] handshake complete (w4:load), awaitingHandshake=false, sessionId=2
[22:08:08] [ForkJoinPool.commonPool-worker-5/INFO] [DEBUG] Atlas assembly for 3.716ms
[22:08:08] [Client thread/INFO] [DEBUG] upload atlas for 1.886ms
[22:08:08] [Client thread/INFO] [DEBUG] Generate mipmaps for 0.003ms
[22:08:08] [Client thread/INFO] [OptiFine] Animated sprites: 0
[22:08:08] [Client thread/INFO] [OptiFine] CustomColors: Loading mcpatcher/color.properties
[22:08:08] [Client thread/INFO] Textures loaded for 661.239ms
[22:08:09] [Client thread/ERROR] Error on png decode
java.io.EOFException
	at #bsYhB.sa(Unknown Source:79)
	at #GkgAM.sb(SourceFile:93)
	at #VDFNo.sa(SourceFile:75)
	at #dQqXO.a(SourceFile)
	at #nAplK.sa(SourceFile:63)
	at #HqmiC.a(SourceFile)
	at #nnQRc.sa(SourceFile:243)
	at #aNAXT.sa(SourceFile:121)
	at #vwpHV.a(SourceFile:271)
	at #vwpHV.a(SourceFile)
	at #DbYtd.sa(SourceFile:169)
	at #xuJay.a(SourceFile)
	at #ulhmT.sb(SourceFile:116)
	at #vYIsP.a(SourceFile)
	at #wzsmg.sa(SourceFile:51)
	at #zKIMx.a(SourceFile)
	at #oQhBa.sa(SourceFile:204)
	at #srNDu.sa(SourceFile:123)
	at #srNDu.sa(SourceFile:136)
	at #wmMBP.sa(SourceFile:268)
	at #JrUAU.sb(SourceFile:376)
	at #Czpok.sa(SourceFile:1204)
	at #ZRpYP.sb(SourceFile:1076)
	at #DazZV.sa(SourceFile:3489)
	at #vyeSD.sa(SourceFile:1509)
	at #lVFyp.st(SourceFile:1640)
	at #cYnba.sk(SourceFile:487)
	at net.minecraft.client.main.GameMain.a(SourceFile:220)
	at net.minecraft.client.main.GameMain.a(SourceFile:156)
	at #kBJWf.a(Unknown Source)
	at #kBJWf.run(Unknown Source)
	at java.base/java.lang.Thread.run(Unknown Source)
[22:08:12] [Client thread/INFO] [CHAT] [30] MVP ┃ _Angel_CmerTu_ » всё фегня, давай мне оба
[22:08:15] [Client thread/INFO] [CHAT] [8] Люцифер » !мне заклинания выпали где они?
[22:08:23] [Client thread/INFO] [CHAT] [20] KBAC21 » :(
[22:08:25] [Client thread/INFO] [CHAT] [29] I ┃ JonY_00 » Услышал
[22:08:26] [Network thread/INFO] Protocol upgrade mask: 157
[22:08:26] [Network thread/INFO] Upgrading protocol
[22:08:26] [Client thread/INFO] Invalidating server data
[22:08:26] [Client thread/INFO] Unloading mod VoidMod/3a3aee1e-ba58-2009-e7d2-548420301490
[22:08:26] [Client thread/INFO] [STDOUT]: [Enginex v5.16.1 - Wada] [Wada/debug] reload requested: ServerSwitch
[22:08:26] [Client thread/INFO] [STDOUT]: [Enginex v5.16.1 - Wada] [Wada/debug] cleanAndReload begin: sessionId=3, awaitingHandshake=true
[22:08:26] [Client thread/INFO] [STDOUT]: [Enginex v5.16.1 - Wada] VAO support: true
[22:08:26] [Client thread/INFO] [STDOUT]: [Enginex v5.16.1 - Wada] Initialization with mod Wada
[22:08:26] [Client thread/INFO] [STDOUT]: [Enginex v5.16.1 - Wada] Successfully initialized
[22:08:26] [Client thread/INFO] Joining server Хаб #10
[22:08:26] [Client thread/INFO] Reloading ResourceManager: assets-addon.jar, Default
[22:08:26] [Client thread/WARN] Missing sound for event: minecraft:entity.turtle.ambient
[22:08:26] [Client thread/WARN] Missing sound for event: minecraft:entity.turtle.baby_hurt
[22:08:26] [Client thread/WARN] Missing sound for event: minecraft:entity.turtle.hurt
[22:08:26] [Client thread/WARN] Missing sound for event: minecraft:entity.turtle.baby_death
[22:08:26] [Client thread/WARN] Missing sound for event: minecraft:entity.turtle.death
[22:08:26] [Client thread/WARN] Missing sound for event: minecraft:entity.turtle.baby_step
[22:08:26] [Client thread/WARN] Missing sound for event: minecraft:entity.turtle.step
[22:08:26] [Client thread/WARN] Missing sound for event: minecraft:entity.turtle.swim
[22:08:26] [Client thread/WARN] Missing sound for event: minecraft:block.turtle_egg.crack
[22:08:26] [Client thread/WARN] Missing sound for event: minecraft:block.turtle_egg.egg_break
[22:08:26] [Client thread/WARN] Missing sound for event: minecraft:block.turtle_egg.fall
[22:08:26] [Client thread/WARN] Missing sound for event: minecraft:block.turtle_egg.hatch
[22:08:26] [Client thread/INFO] SoundSystem shutting down...
[22:08:26] [Client thread/WARN] Author: Paul Lamb, www.paulscode.com
[22:08:26] [Client thread/INFO] Starting up SoundSystem...
[22:08:26] [Thread-33/INFO] Initializing LWJGL OpenAL
[22:08:26] [Thread-33/INFO] (The LWJGL binding of OpenAL.  For more information, see http://www.lwjgl.org)
[22:08:26] [Thread-33/INFO] OpenAL audio device: OpenAL Soft on Динамики (MCHOSE V9 PRO)
[22:08:26] [Thread-33/INFO] OpenAL initialized.
[22:08:26] [Client thread/INFO] Sound engine reloaded
[22:08:27] [ForkJoinPool.commonPool-worker-1/WARN] Unable to load variant: axis=x from minecraft:lodestone#axis=x
[22:08:27] [ForkJoinPool.commonPool-worker-1/WARN] Unable to load variant: axis=y from minecraft:lodestone#axis=y
[22:08:27] [ForkJoinPool.commonPool-worker-1/WARN] Unable to load variant: axis=z from minecraft:lodestone#axis=z
[22:08:27] [ForkJoinPool.commonPool-worker-1/ERROR] Unable to load item model: 'minecraft:mcpatcher/cit/others/megumin_hat#inventory' for item: 'minecraft:mcpatcher/cit/others/megumin_hat'
[22:08:27] [ForkJoinPool.commonPool-worker-1/INFO] [OptiFine] Mipmap levels: 4
[22:08:27] [ForkJoinPool.commonPool-worker-1/INFO] [OptiFine] Multi-texturing: false
[22:08:27] [ForkJoinPool.commonPool-worker-1/INFO] [OptiFine] Multipass connected textures: false
[22:08:27] [ForkJoinPool.commonPool-worker-1/INFO] [OptiFine] BetterGrass: Parsing default configuration optifine/bettergrass.properties
[22:08:27] [ForkJoinPool.commonPool-worker-1/FATAL] [OptiFine] Scaled too small texture: minecraft:particles/glow_2, 8 -> 16
[22:08:27] [ForkJoinPool.commonPool-worker-1/FATAL] [OptiFine] Scaled too small texture: minecraft:particles/glow_1, 8 -> 16
[22:08:27] [ForkJoinPool.commonPool-worker-1/FATAL] [OptiFine] Scaled too small texture: minecraft:particles/glow_0, 8 -> 16
[22:08:27] [ForkJoinPool.commonPool-worker-1/FATAL] [OptiFine] Scaled too small texture: minecraft:particles/glow_6, 8 -> 16
[22:08:27] [ForkJoinPool.commonPool-worker-1/FATAL] [OptiFine] Scaled too small texture: minecraft:particles/glow_5, 8 -> 16
[22:08:27] [ForkJoinPool.commonPool-worker-1/FATAL] [OptiFine] Scaled too small texture: minecraft:particles/glow_4, 8 -> 16
[22:08:27] [ForkJoinPool.commonPool-worker-1/FATAL] [OptiFine] Scaled too small texture: minecraft:particles/glow_3, 8 -> 16
[22:08:27] [ForkJoinPool.commonPool-worker-1/FATAL] [OptiFine] Scaled too small texture: minecraft:particles/glow_9, 8 -> 16
[22:08:27] [ForkJoinPool.commonPool-worker-1/FATAL] [OptiFine] Scaled too small texture: minecraft:particles/glow_8, 8 -> 16
[22:08:27] [ForkJoinPool.commonPool-worker-1/FATAL] [OptiFine] Scaled too small texture: minecraft:particles/glow_7, 8 -> 16
[22:08:27] [ForkJoinPool.commonPool-worker-1/FATAL] [OptiFine] Scaled too small texture: minecraft:particles/glow_11, 8 -> 16
[22:08:27] [ForkJoinPool.commonPool-worker-1/FATAL] [OptiFine] Scaled too small texture: minecraft:particles/glow_10, 8 -> 16
[22:08:27] [ForkJoinPool.commonPool-worker-1/FATAL] [OptiFine] Scaled too small texture: minecraft:particles/glow_13, 8 -> 16
[22:08:27] [ForkJoinPool.commonPool-worker-1/FATAL] [OptiFine] Scaled too small texture: minecraft:particles/glow_12, 8 -> 16
[22:08:27] [ForkJoinPool.commonPool-worker-1/FATAL] [OptiFine] Scaled too small texture: minecraft:particles/glow_15, 8 -> 16
[22:08:27] [ForkJoinPool.commonPool-worker-1/FATAL] [OptiFine] Scaled too small texture: minecraft:particles/glow_14, 8 -> 16
[22:08:27] [ForkJoinPool.commonPool-worker-1/INFO] load sprites for 8ms
[22:08:27] [ForkJoinPool.commonPool-worker-1/INFO] Created: 1024x1024 textures-atlas in 22ms
[22:08:27] [Client thread/INFO] Loaded mod Visual Driver/4fe0e880-be95-a293-b7f3-52a4a65a5859 v3.8.31+9da32142 in 6 ms
[22:08:27] [ForkJoinPool.commonPool-worker-1/INFO] [DEBUG] Atlas assembly for 2.561ms
[22:08:27] [Client thread/INFO] [DEBUG] upload atlas for 2.012ms
[22:08:27] [Client thread/INFO] [DEBUG] Generate mipmaps for 0.004ms
[22:08:27] [Client thread/INFO] [OptiFine] Animated sprites: 0
[22:08:27] [Client thread/INFO] [OptiFine] CustomColors: Loading mcpatcher/color.properties
[22:08:27] [Client thread/INFO] Textures loaded for 355.593ms
[22:08:27] [Client thread/INFO] Loaded mod HubMod/cbc16aa3-8920-e631-badf-200ef0923638 v1.4.5 in 8 ms
[22:08:30] [Client thread/INFO] [STDOUT]: [Enginex v5.16.1 - Wada] [Wada/debug] handshake complete (w4:load), awaitingHandshake=false, sessionId=3
[22:08:50] [Network thread/INFO] Protocol upgrade mask: 157
[22:08:50] [Network thread/INFO] Upgrading protocol
[22:08:50] [Client thread/INFO] Invalidating server data
[22:08:50] [Client thread/INFO] Unloading mod Visual Driver/4fe0e880-be95-a293-b7f3-52a4a65a5859
[22:08:50] [Client thread/INFO] Unloading mod HubMod/cbc16aa3-8920-e631-badf-200ef0923638
[22:08:50] [Client thread/INFO] [STDOUT]: [Enginex v5.16.1 - Wada] [Wada/debug] reload requested: ServerSwitch
[22:08:50] [Client thread/INFO] [STDOUT]: [Enginex v5.16.1 - Wada] [Wada/debug] cleanAndReload begin: sessionId=4, awaitingHandshake=true
[22:08:50] [Client thread/INFO] [STDOUT]: [Enginex v5.16.1 - Wada] VAO support: true
[22:08:50] [Client thread/INFO] [STDOUT]: [Enginex v5.16.1 - Wada] Initialization with mod Wada
[22:08:50] [Client thread/INFO] [STDOUT]: [Enginex v5.16.1 - Wada] Successfully initialized
[22:08:50] [Client thread/INFO] Joining server Симулятор РПГ
[22:08:50] [Client thread/INFO] Start loading of mod Simulator Lobby Mod
[22:08:50] [Client thread/INFO] Loading classes of Simulator Lobby Mod
[22:08:51] [ForkJoinPool.commonPool-worker-6/INFO] Simulator Lobby Mod-v1.0.0+32dd6c4: class verification completed in 11ms
[22:08:51] [ForkJoinPool.commonPool-worker-6/INFO] Simulator Lobby Mod-v1.0.0+32dd6c4: defineClasses completed in 0ms
[22:08:51] [ForkJoinPool.commonPool-worker-6/INFO] Loaded classes in mod Simulator Lobby Mod in 14 ms
[22:08:51] [Client thread/INFO] Loading mod Simulator Lobby Mod v1.0.0+32dd6c4 by Topilov_
[22:08:51] [Client thread/INFO] [STDOUT]: [Enginex Simulator Lobby Mod] Initialization with mod Simulator Lobby Mod
[22:08:51] [Client thread/INFO] Loaded mod Simulator Lobby Mod v1.0.0+32dd6c4 in 86 ms
[22:08:51] [Thread-37/INFO] [STDOUT]: [Enginex Simulator Lobby Mod] Successfully initialized
[22:08:51] [Client thread/INFO] [STDOUT]: [Enginex v5.16.1 - Wada] [Wada/debug] handshake complete (w4:load), awaitingHandshake=false, sessionId=4
[22:08:53] [Network thread/INFO] Protocol upgrade mask: 157
[22:08:53] [Network thread/INFO] Upgrading protocol
[22:08:53] [Client thread/INFO] Invalidating server data
[22:08:53] [Client thread/INFO] Unloading mod Simulator Lobby Mod/c884f991-e7e0-0621-a25d-a6fe62612a91
[22:08:53] [Client thread/INFO] [STDOUT]: [Enginex v5.16.1 - Wada] [Wada/debug] reload requested: ServerSwitch
[22:08:53] [Client thread/INFO] [STDOUT]: [Enginex v5.16.1 - Wada] [Wada/debug] cleanAndReload begin: sessionId=5, awaitingHandshake=true
[22:08:53] [Client thread/INFO] [STDOUT]: [Enginex v5.16.1 - Wada] VAO support: true
[22:08:53] [Client thread/INFO] [STDOUT]: [Enginex v5.16.1 - Wada] Initialization with mod Wada
[22:08:53] [Client thread/INFO] [STDOUT]: [Enginex v5.16.1 - Wada] Successfully initialized
[22:08:53] [Client thread/INFO] [CHAT] \n      Присоединяйтесь к нашему Telegram каналу\n                 c новостями Симуляторов:\n                       t.me/crisimulators\n
[22:08:53] [Client thread/INFO] Found file C:\Users\tveiv\.cristalix\updates\Minigames\server-resource-packs\d5269d842852a164cb6399d72b76188b4692ddcd without verification hash
[22:08:53] [Client thread/INFO] Allocated new cache for server resource pack
[22:08:53] [Client thread/INFO] Joining server Симулятор RPG
[22:08:53] [Client thread/INFO] Reloading ResourceManager: assets-addon.jar, Default, d5269d842852a164cb6399d72b76188b4692ddcd
[22:08:53] [Client thread/WARN] Missing sound for event: minecraft:entity.turtle.ambient
[22:08:53] [Client thread/WARN] Missing sound for event: minecraft:entity.turtle.baby_hurt
[22:08:53] [Client thread/WARN] Missing sound for event: minecraft:entity.turtle.hurt
[22:08:53] [Client thread/WARN] Missing sound for event: minecraft:entity.turtle.baby_death
[22:08:53] [Client thread/WARN] Missing sound for event: minecraft:entity.turtle.death
[22:08:53] [Client thread/WARN] Missing sound for event: minecraft:entity.turtle.baby_step
[22:08:53] [Client thread/WARN] Missing sound for event: minecraft:entity.turtle.step
[22:08:53] [Client thread/WARN] Missing sound for event: minecraft:entity.turtle.swim
[22:08:53] [Client thread/WARN] Missing sound for event: minecraft:block.turtle_egg.crack
[22:08:53] [Client thread/WARN] Missing sound for event: minecraft:block.turtle_egg.egg_break
[22:08:53] [Client thread/WARN] Missing sound for event: minecraft:block.turtle_egg.fall
[22:08:53] [Client thread/WARN] Missing sound for event: minecraft:block.turtle_egg.hatch
[22:08:53] [Client thread/INFO] SoundSystem shutting down...
[22:08:53] [Client thread/WARN] Author: Paul Lamb, www.paulscode.com
[22:08:53] [Client thread/INFO] Starting up SoundSystem...
[22:08:53] [Thread-38/INFO] Initializing LWJGL OpenAL
[22:08:53] [Thread-38/INFO] (The LWJGL binding of OpenAL.  For more information, see http://www.lwjgl.org)
[22:08:53] [Thread-38/INFO] OpenAL audio device: OpenAL Soft on Динамики (MCHOSE V9 PRO)
[22:08:53] [Thread-38/INFO] OpenAL initialized.
[22:08:53] [Client thread/INFO] Sound engine reloaded
[22:08:53] [ForkJoinPool.commonPool-worker-1/WARN] Unable to load variant: axis=x from minecraft:lodestone#axis=x
[22:08:53] [ForkJoinPool.commonPool-worker-1/WARN] Unable to load variant: axis=y from minecraft:lodestone#axis=y
[22:08:53] [ForkJoinPool.commonPool-worker-1/WARN] Unable to load variant: axis=z from minecraft:lodestone#axis=z
[22:08:53] [ForkJoinPool.commonPool-worker-1/ERROR] Unable to load item model: 'minecraft:mcpatcher/cit/others/megumin_hat#inventory' for item: 'minecraft:mcpatcher/cit/others/megumin_hat'
[22:08:53] [ForkJoinPool.commonPool-worker-1/INFO] [OptiFine] Mipmap levels: 4
[22:08:53] [ForkJoinPool.commonPool-worker-1/INFO] [OptiFine] Multi-texturing: false
[22:08:53] [ForkJoinPool.commonPool-worker-1/INFO] [OptiFine] Multipass connected textures: false
[22:08:53] [ForkJoinPool.commonPool-worker-1/INFO] [OptiFine] BetterGrass: Parsing default configuration optifine/bettergrass.properties
[22:08:53] [ForkJoinPool.commonPool-worker-1/FATAL] [OptiFine] Scaled too small texture: minecraft:particles/glow_2, 8 -> 16
[22:08:53] [ForkJoinPool.commonPool-worker-1/FATAL] [OptiFine] Scaled too small texture: minecraft:particles/glow_1, 8 -> 16
[22:08:53] [ForkJoinPool.commonPool-worker-1/FATAL] [OptiFine] Scaled too small texture: minecraft:particles/glow_0, 8 -> 16
[22:08:53] [ForkJoinPool.commonPool-worker-1/FATAL] [OptiFine] Scaled too small texture: minecraft:particles/glow_6, 8 -> 16
[22:08:53] [ForkJoinPool.commonPool-worker-1/FATAL] [OptiFine] Scaled too small texture: minecraft:particles/glow_5, 8 -> 16
[22:08:53] [ForkJoinPool.commonPool-worker-1/FATAL] [OptiFine] Scaled too small texture: minecraft:particles/glow_4, 8 -> 16
[22:08:53] [ForkJoinPool.commonPool-worker-1/FATAL] [OptiFine] Scaled too small texture: minecraft:particles/glow_3, 8 -> 16
[22:08:53] [ForkJoinPool.commonPool-worker-1/FATAL] [OptiFine] Scaled too small texture: minecraft:particles/glow_9, 8 -> 16
[22:08:53] [ForkJoinPool.commonPool-worker-1/FATAL] [OptiFine] Scaled too small texture: minecraft:particles/glow_8, 8 -> 16
[22:08:53] [ForkJoinPool.commonPool-worker-1/FATAL] [OptiFine] Scaled too small texture: minecraft:particles/glow_7, 8 -> 16
[22:08:53] [ForkJoinPool.commonPool-worker-1/FATAL] [OptiFine] Scaled non power of 2: minecraft:mcpatcher/cit/weapon/chaos_blade/chaos_blade, 24 -> 32
[22:08:53] [ForkJoinPool.commonPool-worker-1/FATAL] [OptiFine] Scaled too small texture: minecraft:particles/glow_11, 8 -> 16
[22:08:53] [ForkJoinPool.commonPool-worker-1/FATAL] [OptiFine] Scaled too small texture: minecraft:particles/glow_10, 8 -> 16
[22:08:53] [ForkJoinPool.commonPool-worker-1/FATAL] [OptiFine] Scaled too small texture: minecraft:particles/glow_13, 8 -> 16
[22:08:53] [ForkJoinPool.commonPool-worker-1/FATAL] [OptiFine] Scaled too small texture: minecraft:particles/glow_12, 8 -> 16
[22:08:53] [ForkJoinPool.commonPool-worker-1/FATAL] [OptiFine] Scaled too small texture: minecraft:particles/glow_15, 8 -> 16
[22:08:53] [ForkJoinPool.commonPool-worker-1/FATAL] [OptiFine] Scaled too small texture: minecraft:particles/glow_14, 8 -> 16
[22:08:53] [ForkJoinPool.commonPool-worker-1/INFO] load sprites for 8ms
[22:08:53] [ForkJoinPool.commonPool-worker-1/INFO] Created: 2048x1024 textures-atlas in 19ms
[22:08:53] [ForkJoinPool.commonPool-worker-1/INFO] [DEBUG] Atlas assembly for 2.751ms
[22:08:53] [Client thread/INFO] [DEBUG] upload atlas for 2.652ms
[22:08:53] [Client thread/INFO] [DEBUG] Generate mipmaps for 0.004ms
[22:08:53] [Client thread/INFO] [OptiFine] Animated sprites: 0
[22:08:53] [Client thread/INFO] [OptiFine] CustomColors: Loading mcpatcher/color.properties
[22:08:53] [Client thread/INFO] Textures loaded for 303.305ms
[22:08:54] [Client thread/INFO] [STDOUT]: [Enginex v5.16.1 - Wada] [Wada/debug] handshake complete (w4:load), awaitingHandshake=false, sessionId=5
[22:08:55] [Client thread/INFO] Start loading of mod Simulator Api Mod
[22:08:55] [Client thread/INFO] Loading classes of Simulator Api Mod
[22:08:55] [ForkJoinPool.commonPool-worker-4/INFO] Simulator Api Mod-v1.0.0+f613322: class verification completed in 16ms
[22:08:55] [ForkJoinPool.commonPool-worker-4/INFO] Simulator Api Mod-v1.0.0+f613322: defineClasses completed in 0ms
[22:08:55] [ForkJoinPool.commonPool-worker-4/INFO] Loaded classes in mod Simulator Api Mod in 18 ms
[22:08:55] [Client thread/INFO] Loading mod Simulator Api Mod v1.0.0+f613322 by asyncTopilov
[22:08:55] [Client thread/INFO] [STDOUT]: [Enginex v5.6.1 - Simulator Api Mod] VAO support: true
[22:08:55] [Client thread/INFO] [STDOUT]: [Enginex v5.6.1 - Simulator Api Mod] Initialization with mod Simulator Api Mod
[22:08:55] [Client thread/INFO] Loaded mod Simulator Api Mod v1.0.0+f613322 in 128 ms
[22:08:55] [Thread-40/INFO] [STDOUT]: [Enginex v5.6.1 - Simulator Api Mod] Successfully initialized
[22:08:55] [Client thread/INFO] Start loading of mod Rpg Mod
[22:08:55] [Client thread/INFO] Loading classes of Rpg Mod
[22:08:55] [ForkJoinPool.commonPool-worker-6/INFO] Rpg Mod-v1.0.0+81d9ace: class verification completed in 13ms
[22:08:55] [ForkJoinPool.commonPool-worker-6/INFO] Rpg Mod-v1.0.0+81d9ace: defineClasses completed in 0ms
[22:08:55] [ForkJoinPool.commonPool-worker-6/INFO] Loaded classes in mod Rpg Mod in 15 ms
[22:08:55] [Client thread/INFO] Loading mod Rpg Mod v1.0.0+81d9ace by Topilov_
[22:08:55] [Client thread/INFO] [STDOUT]: [Enginex v5.13.10 - Rpg Mod] VAO support: true
[22:08:55] [Client thread/INFO] [STDOUT]: [Enginex v5.13.10 - Rpg Mod] Initialization with mod Rpg Mod
[22:08:55] [Client thread/INFO] Loaded mod Rpg Mod v1.0.0+81d9ace in 153 ms
[22:08:56] [Thread-41/INFO] [STDOUT]: [Enginex v5.13.10 - Rpg Mod] Successfully initialized
[22:08:56] [Client thread/INFO] [STDOUT]: created pet
[22:08:56] [Client thread/INFO] [STDOUT]: created pet
[22:08:56] [Client thread/INFO] [STDOUT]: created pet
[22:08:56] [Client thread/INFO] [STDOUT]: created pet
[22:08:56] [Client thread/INFO] [STDOUT]: created pet
[22:08:56] [Client thread/INFO] [STDOUT]: created pet
[22:08:56] [Client thread/INFO] [STDOUT]: created pet
[22:08:56] [Client thread/INFO] [STDOUT]: created pet
[22:08:56] [Client thread/INFO] [STDOUT]: created pet
[22:08:56] [Client thread/INFO] [STDOUT]: created pet
[22:08:56] [Client thread/INFO] [STDOUT]: created pet
[22:08:56] [Client thread/INFO] [STDOUT]: created pet
[22:08:56] [Client thread/INFO] [STDOUT]: created pet
[22:08:56] [Client thread/INFO] [STDOUT]: created pet
[22:08:56] [Client thread/INFO] [STDOUT]: created pet
[22:09:04] [Network thread/INFO] Protocol upgrade mask: 157
[22:09:04] [Network thread/INFO] Upgrading protocol
[22:09:04] [Client thread/INFO] Invalidating server data
[22:09:04] [Client thread/INFO] Unloading mod Rpg Mod/09619c80-0a25-9a96-dce5-b29cb05621ab
[22:09:04] [Client thread/INFO] Unloading mod Simulator Api Mod/bfa6d43d-16a3-c4ec-a816-ca63c9217e83
[22:09:04] [Client thread/INFO] [STDOUT]: [Enginex v5.16.1 - Wada] [Wada/debug] reload requested: ServerSwitch
[22:09:04] [Client thread/INFO] [STDOUT]: [Enginex v5.16.1 - Wada] [Wada/debug] cleanAndReload begin: sessionId=6, awaitingHandshake=true
[22:09:04] [Client thread/INFO] [STDOUT]: [Enginex v5.16.1 - Wada] VAO support: true
[22:09:04] [Client thread/INFO] [STDOUT]: [Enginex v5.16.1 - Wada] Initialization with mod Wada
[22:09:04] [Client thread/INFO] [STDOUT]: [Enginex v5.16.1 - Wada] Successfully initialized
[22:09:05] [Client thread/INFO] Joining server Хаб #6
[22:09:05] [Client thread/INFO] Reloading ResourceManager: assets-addon.jar, Default
[22:09:05] [Client thread/WARN] Missing sound for event: minecraft:entity.turtle.ambient
[22:09:05] [Client thread/WARN] Missing sound for event: minecraft:entity.turtle.baby_hurt
[22:09:05] [Client thread/WARN] Missing sound for event: minecraft:entity.turtle.hurt
[22:09:05] [Client thread/WARN] Missing sound for event: minecraft:entity.turtle.baby_death
[22:09:05] [Client thread/WARN] Missing sound for event: minecraft:entity.turtle.death
[22:09:05] [Client thread/WARN] Missing sound for event: minecraft:entity.turtle.baby_step
[22:09:05] [Client thread/WARN] Missing sound for event: minecraft:entity.turtle.step
[22:09:05] [Client thread/WARN] Missing sound for event: minecraft:entity.turtle.swim
[22:09:05] [Client thread/WARN] Missing sound for event: minecraft:block.turtle_egg.crack
[22:09:05] [Client thread/WARN] Missing sound for event: minecraft:block.turtle_egg.egg_break
[22:09:05] [Client thread/WARN] Missing sound for event: minecraft:block.turtle_egg.fall
[22:09:05] [Client thread/WARN] Missing sound for event: minecraft:block.turtle_egg.hatch
[22:09:05] [Client thread/INFO] SoundSystem shutting down...
[22:09:05] [Client thread/WARN] Author: Paul Lamb, www.paulscode.com
[22:09:05] [Client thread/INFO] Starting up SoundSystem...
[22:09:05] [Thread-42/INFO] Initializing LWJGL OpenAL
[22:09:05] [Thread-42/INFO] (The LWJGL binding of OpenAL.  For more information, see http://www.lwjgl.org)
[22:09:05] [Thread-42/INFO] OpenAL audio device: OpenAL Soft on Динамики (MCHOSE V9 PRO)
[22:09:05] [Thread-42/INFO] OpenAL initialized.
[22:09:05] [Client thread/INFO] Sound engine reloaded
[22:09:05] [ForkJoinPool.commonPool-worker-4/WARN] Unable to load variant: axis=x from minecraft:lodestone#axis=x
[22:09:05] [ForkJoinPool.commonPool-worker-4/WARN] Unable to load variant: axis=y from minecraft:lodestone#axis=y
[22:09:05] [ForkJoinPool.commonPool-worker-4/WARN] Unable to load variant: axis=z from minecraft:lodestone#axis=z
[22:09:05] [ForkJoinPool.commonPool-worker-4/ERROR] Unable to load item model: 'minecraft:mcpatcher/cit/others/megumin_hat#inventory' for item: 'minecraft:mcpatcher/cit/others/megumin_hat'
[22:09:05] [ForkJoinPool.commonPool-worker-4/INFO] [OptiFine] Mipmap levels: 4
[22:09:05] [ForkJoinPool.commonPool-worker-4/INFO] [OptiFine] Multi-texturing: false
[22:09:05] [ForkJoinPool.commonPool-worker-4/INFO] [OptiFine] Multipass connected textures: false
[22:09:05] [ForkJoinPool.commonPool-worker-4/INFO] [OptiFine] BetterGrass: Parsing default configuration optifine/bettergrass.properties
[22:09:05] [ForkJoinPool.commonPool-worker-4/FATAL] [OptiFine] Scaled too small texture: minecraft:particles/glow_2, 8 -> 16
[22:09:05] [ForkJoinPool.commonPool-worker-4/FATAL] [OptiFine] Scaled too small texture: minecraft:particles/glow_1, 8 -> 16
[22:09:05] [ForkJoinPool.commonPool-worker-4/FATAL] [OptiFine] Scaled too small texture: minecraft:particles/glow_0, 8 -> 16
[22:09:05] [ForkJoinPool.commonPool-worker-4/FATAL] [OptiFine] Scaled too small texture: minecraft:particles/glow_6, 8 -> 16
[22:09:05] [ForkJoinPool.commonPool-worker-4/FATAL] [OptiFine] Scaled too small texture: minecraft:particles/glow_5, 8 -> 16
[22:09:05] [ForkJoinPool.commonPool-worker-4/FATAL] [OptiFine] Scaled too small texture: minecraft:particles/glow_4, 8 -> 16
[22:09:05] [ForkJoinPool.commonPool-worker-4/FATAL] [OptiFine] Scaled too small texture: minecraft:particles/glow_3, 8 -> 16
[22:09:05] [ForkJoinPool.commonPool-worker-4/FATAL] [OptiFine] Scaled too small texture: minecraft:particles/glow_9, 8 -> 16
[22:09:05] [ForkJoinPool.commonPool-worker-4/FATAL] [OptiFine] Scaled too small texture: minecraft:particles/glow_8, 8 -> 16
[22:09:05] [ForkJoinPool.commonPool-worker-4/FATAL] [OptiFine] Scaled too small texture: minecraft:particles/glow_7, 8 -> 16
[22:09:05] [ForkJoinPool.commonPool-worker-4/FATAL] [OptiFine] Scaled too small texture: minecraft:particles/glow_11, 8 -> 16
[22:09:05] [ForkJoinPool.commonPool-worker-4/FATAL] [OptiFine] Scaled too small texture: minecraft:particles/glow_10, 8 -> 16
[22:09:05] [ForkJoinPool.commonPool-worker-4/FATAL] [OptiFine] Scaled too small texture: minecraft:particles/glow_13, 8 -> 16
[22:09:05] [ForkJoinPool.commonPool-worker-4/FATAL] [OptiFine] Scaled too small texture: minecraft:particles/glow_12, 8 -> 16
[22:09:05] [ForkJoinPool.commonPool-worker-4/FATAL] [OptiFine] Scaled too small texture: minecraft:particles/glow_15, 8 -> 16
[22:09:05] [ForkJoinPool.commonPool-worker-4/FATAL] [OptiFine] Scaled too small texture: minecraft:particles/glow_14, 8 -> 16
[22:09:05] [ForkJoinPool.commonPool-worker-4/INFO] load sprites for 4ms
[22:09:05] [ForkJoinPool.commonPool-worker-4/INFO] Created: 1024x1024 textures-atlas in 15ms
[22:09:05] [ForkJoinPool.commonPool-worker-4/INFO] [DEBUG] Atlas assembly for 1.577ms
[22:09:05] [Client thread/INFO] [DEBUG] upload atlas for 1.206ms
[22:09:05] [Client thread/INFO] [DEBUG] Generate mipmaps for 0.003ms
[22:09:05] [Client thread/INFO] [OptiFine] Animated sprites: 0
[22:09:05] [Client thread/INFO] [OptiFine] CustomColors: Loading mcpatcher/color.properties
[22:09:05] [Client thread/INFO] Textures loaded for 326.183ms
[22:09:05] [Client thread/INFO] Loaded mod Visual Driver/4fe0e880-be95-a293-b7f3-52a4a65a5859 v3.8.31+9da32142 in 4 ms
[22:09:05] [Client thread/INFO] Loaded mod HubMod/cbc16aa3-8920-e631-badf-200ef0923638 v1.4.5 in 7 ms
[22:09:05] [Client thread/INFO] [STDOUT]: [Enginex v5.16.1 - Wada] [Wada/debug] handshake complete (w4:load), awaitingHandshake=false, sessionId=6
[22:09:12] [Network thread/INFO] Protocol upgrade mask: 157
[22:09:12] [Network thread/INFO] Upgrading protocol
[22:09:12] [Client thread/INFO] Invalidating server data
[22:09:12] [Client thread/INFO] Unloading mod Visual Driver/4fe0e880-be95-a293-b7f3-52a4a65a5859
[22:09:12] [Client thread/INFO] Unloading mod HubMod/cbc16aa3-8920-e631-badf-200ef0923638
[22:09:12] [Client thread/INFO] [STDOUT]: [Enginex v5.16.1 - Wada] [Wada/debug] reload requested: ServerSwitch
[22:09:12] [Client thread/INFO] [STDOUT]: [Enginex v5.16.1 - Wada] [Wada/debug] cleanAndReload begin: sessionId=7, awaitingHandshake=true
[22:09:12] [Client thread/INFO] [STDOUT]: [Enginex v5.16.1 - Wada] VAO support: true
[22:09:12] [Client thread/INFO] [STDOUT]: [Enginex v5.16.1 - Wada] Initialization with mod Wada
[22:09:12] [Client thread/INFO] [STDOUT]: [Enginex v5.16.1 - Wada] Successfully initialized
[22:09:12] [Client thread/INFO] [CHAT] \n           Привет! Хочешь знать когда будет ивент? \n          Тогда тебе в наш Discord/Telegram сервер:\n             discord.gg/cristalixevents / t.me/eventscr\n 
[22:09:12] [Client thread/INFO] Joining server Event Lobby #1
[22:09:12] [vc-microphone/INFO] Use OpenAL Soft on Микрофон (MCHOSE V9 PRO) as microphone
[22:09:13] [Client thread/INFO] Start loading of mod Eventica
[22:09:13] [Client thread/INFO] Loading classes of Eventica
[22:09:13] [Client thread/INFO] [STDOUT]: [Enginex v5.16.1 - Wada] [Wada/debug] handshake complete (w4:load), awaitingHandshake=false, sessionId=7
[22:09:13] [ForkJoinPool.commonPool-worker-8/INFO] Eventica-v2.3.0+19503eb: class verification completed in 7ms
[22:09:13] [ForkJoinPool.commonPool-worker-8/INFO] Eventica-v2.3.0+19503eb: defineClasses completed in 0ms
[22:09:13] [ForkJoinPool.commonPool-worker-8/INFO] Loaded classes in mod Eventica in 8 ms
[22:09:13] [Client thread/INFO] Loading mod Eventica v2.3.0+19503eb by Zenkaliks, iLisov, RoToN
[22:09:13] [Client thread/INFO] [STDOUT]: [Enginex v5.16.1 - Eventica] VAO support: true
[22:09:13] [Client thread/INFO] [STDOUT]: [Enginex v5.16.1 - Eventica] Initialization with mod Eventica
[22:09:13] [Client thread/INFO] Loaded mod Eventica v2.3.0+19503eb in 170 ms
[22:09:13] [Thread-46/INFO] [STDOUT]: [Enginex v5.16.1 - Eventica] Successfully initialized
[22:09:21] [Network thread/INFO] Protocol upgrade mask: 157
[22:09:21] [Network thread/INFO] Upgrading protocol
[22:09:21] [Client thread/INFO] Invalidating server data
[22:09:21] [Client thread/INFO] Unloading mod Eventica/8ab08584-1860-c694-8b3b-7c18ca0fafb7
[22:09:21] [Client thread/INFO] [STDOUT]: Settings successfully saved to events-settings.json.
[22:09:21] [Client thread/INFO] [STDOUT]: [Enginex v5.16.1 - Wada] [Wada/debug] reload requested: ServerSwitch
[22:09:21] [Client thread/INFO] [STDOUT]: [Enginex v5.16.1 - Wada] [Wada/debug] cleanAndReload begin: sessionId=8, awaitingHandshake=true
[22:09:21] [Client thread/INFO] [STDOUT]: [Enginex v5.16.1 - Wada] VAO support: true
[22:09:21] [Client thread/INFO] [STDOUT]: [Enginex v5.16.1 - Wada] Initialization with mod Wada
[22:09:21] [Client thread/INFO] [STDOUT]: [Enginex v5.16.1 - Wada] Successfully initialized
[22:09:21] [Client thread/INFO] [STDOUT]: [Enginex v5.16.1 - Wada] [Wada/debug] handshake complete (w4:load), awaitingHandshake=false, sessionId=8
[22:09:21] [Client thread/INFO] Joining server Беги Или Умри
[22:09:21] [voice-openal-speaker/ERROR] Voicechat sound manager ALC error: #bBYjU.sb[68] Invalid device
[22:09:21] [vc-microphone/INFO] Microphone closed
[22:09:21] [vc-microphone/INFO] Use OpenAL Soft on Микрофон (MCHOSE V9 PRO) as microphone
[22:09:22] [Client thread/INFO] [STDOUT]: [Enginex v5.16.1 - Eventica] VAO support: true
[22:09:22] [Client thread/INFO] [STDOUT]: [Enginex v5.16.1 - Eventica] Initialization with mod Eventica
[22:09:22] [Client thread/INFO] Loaded mod Eventica/8ab08584-1860-c694-8b3b-7c18ca0fafb7 v2.3.0+19503eb in 2 ms
[22:09:22] [Thread-47/INFO] [STDOUT]: [Enginex v5.16.1 - Eventica] Successfully initialized
[22:09:25] [Client thread/INFO] [CHAT] H ┃ _Твоя_Котя_ умер!
[22:09:27] [Client thread/INFO] [CHAT] V ┃ fragdroid умер!
[22:09:28] [Network thread/INFO] Protocol upgrade mask: 157
[22:09:28] [Network thread/INFO] Upgrading protocol
[22:09:28] [Client thread/INFO] Invalidating server data
[22:09:28] [Client thread/INFO] Unloading mod Eventica/8ab08584-1860-c694-8b3b-7c18ca0fafb7
[22:09:28] [Client thread/INFO] [STDOUT]: Settings successfully saved to events-settings.json.
[22:09:28] [Client thread/INFO] [STDOUT]: [Enginex v5.16.1 - Wada] [Wada/debug] reload requested: ServerSwitch
[22:09:28] [Client thread/INFO] [STDOUT]: [Enginex v5.16.1 - Wada] [Wada/debug] cleanAndReload begin: sessionId=9, awaitingHandshake=true
[22:09:28] [Client thread/INFO] [STDOUT]: [Enginex v5.16.1 - Wada] VAO support: true
[22:09:28] [Client thread/INFO] [STDOUT]: [Enginex v5.16.1 - Wada] Initialization with mod Wada
[22:09:28] [Client thread/INFO] [STDOUT]: [Enginex v5.16.1 - Wada] Successfully initialized
[22:09:28] [Client thread/INFO] Joining server Хаб #18
[22:09:28] [Client thread/INFO] Loaded mod HubMod/cbc16aa3-8920-e631-badf-200ef0923638 v1.4.5 in 6 ms
[22:09:28] [Client thread/INFO] Loaded mod Visual Driver/4fe0e880-be95-a293-b7f3-52a4a65a5859 v3.8.31+9da32142 in 3 ms
[22:09:29] [Client thread/INFO] [STDOUT]: [Enginex v5.16.1 - Wada] [Wada/debug] handshake complete (w4:load), awaitingHandshake=false, sessionId=9
[22:09:41] [Network thread/INFO] Protocol upgrade mask: 157
[22:09:41] [Network thread/INFO] Upgrading protocol
[22:09:41] [Client thread/INFO] Invalidating server data
[22:09:41] [Client thread/INFO] Unloading mod Visual Driver/4fe0e880-be95-a293-b7f3-52a4a65a5859
[22:09:41] [Client thread/INFO] Unloading mod HubMod/cbc16aa3-8920-e631-badf-200ef0923638
[22:09:41] [Client thread/INFO] [STDOUT]: [Enginex v5.16.1 - Wada] [Wada/debug] reload requested: ServerSwitch
[22:09:41] [Client thread/INFO] [STDOUT]: [Enginex v5.16.1 - Wada] [Wada/debug] cleanAndReload begin: sessionId=10, awaitingHandshake=true
[22:09:41] [Client thread/INFO] [STDOUT]: [Enginex v5.16.1 - Wada] VAO support: true
[22:09:41] [Client thread/INFO] [STDOUT]: [Enginex v5.16.1 - Wada] Initialization with mod Wada
[22:09:41] [Client thread/INFO] [STDOUT]: [Enginex v5.16.1 - Wada] Successfully initialized
[22:09:41] [Client thread/INFO] Joining server Мастера Мечей Лобби
[22:09:41] [Client thread/INFO] Start loading of mod MasterSword Lobby
[22:09:41] [Client thread/INFO] Loading classes of MasterSword Lobby
[22:09:41] [Client thread/INFO] [STDOUT]: [Enginex v5.16.1 - Wada] [Wada/debug] handshake complete (w4:load), awaitingHandshake=false, sessionId=10
[22:09:41] [ForkJoinPool.commonPool-worker-7/INFO] MasterSword Lobby-v1.0.2+166fa12: class verification completed in 4ms
[22:09:41] [ForkJoinPool.commonPool-worker-7/INFO] MasterSword Lobby-v1.0.2+166fa12: defineClasses completed in 0ms
[22:09:41] [ForkJoinPool.commonPool-worker-7/INFO] Loaded classes in mod MasterSword Lobby in 4 ms
[22:09:41] [Client thread/INFO] Loading mod MasterSword Lobby v1.0.2+166fa12 by BuTowka
[22:09:41] [Client thread/INFO] [STDOUT]: [Enginex v5.13.11 - MasterSword Lobby] VAO support: true
[22:09:42] [Client thread/INFO] [STDOUT]: [Enginex v5.13.11 - MasterSword Lobby] Initialization with mod MasterSword Lobby
[22:09:42] [Client thread/INFO] Loaded mod MasterSword Lobby v1.0.2+166fa12 in 146 ms
[22:09:42] [Thread-50/INFO] [STDOUT]: [Enginex v5.13.11 - MasterSword Lobby] Successfully initialized
[22:09:48] [Network thread/INFO] Protocol upgrade mask: 157
[22:09:48] [Network thread/INFO] Upgrading protocol
[22:09:48] [Client thread/INFO] Invalidating server data
[22:09:48] [Client thread/INFO] Unloading mod MasterSword Lobby/c579540e-0f33-c3ec-1972-06fc93338833
[22:09:48] [Client thread/INFO] [STDOUT]: [Enginex v5.16.1 - Wada] [Wada/debug] reload requested: ServerSwitch
[22:09:48] [Client thread/INFO] [STDOUT]: [Enginex v5.16.1 - Wada] [Wada/debug] cleanAndReload begin: sessionId=11, awaitingHandshake=true
[22:09:48] [Client thread/INFO] [STDOUT]: [Enginex v5.16.1 - Wada] VAO support: true
[22:09:48] [Client thread/INFO] [STDOUT]: [Enginex v5.16.1 - Wada] Initialization with mod Wada
[22:09:48] [Client thread/INFO] [STDOUT]: [Enginex v5.16.1 - Wada] Successfully initialized
[22:09:48] [Client thread/INFO] [STDOUT]: [Enginex v5.16.1 - Wada] [Wada/debug] queued (handshake gate): w4:b8s:base
[22:09:48] [Client thread/INFO] [STDOUT]: [Enginex v5.16.1 - Wada] [Wada/debug] queued (handshake gate): w4:b8s:levels
[22:09:48] [Client thread/INFO] [STDOUT]: [Enginex v5.16.1 - Wada] [Wada/debug] queued (handshake gate): w4:b8s:base
[22:09:48] [Client thread/INFO] [STDOUT]: [Enginex v5.16.1 - Wada] [Wada/debug] queued (handshake gate): w4:b8s:levels
[22:09:48] [Client thread/INFO] Found file C:\Users\tveiv\.cristalix\updates\Minigames\server-resource-packs\b24c300808cacd0f4681aec650d567ee991d1f8a matching requested hash 78481c980eded186b978aae12869c7bbe0f7f1a1
[22:09:48] [Client thread/INFO] Allocated new cache for server resource pack
[22:09:48] [Client thread/INFO] Reloading ResourceManager: assets-addon.jar, Default, b24c300808cacd0f4681aec650d567ee991d1f8a
[22:09:48] [Client thread/WARN] Missing sound for event: minecraft:entity.turtle.ambient
[22:09:48] [Client thread/WARN] Missing sound for event: minecraft:entity.turtle.baby_hurt
[22:09:48] [Client thread/WARN] Missing sound for event: minecraft:entity.turtle.hurt
[22:09:48] [Client thread/WARN] Missing sound for event: minecraft:entity.turtle.baby_death
[22:09:48] [Client thread/WARN] Missing sound for event: minecraft:entity.turtle.death
[22:09:48] [Client thread/WARN] Missing sound for event: minecraft:entity.turtle.baby_step
[22:09:48] [Client thread/WARN] Missing sound for event: minecraft:entity.turtle.step
[22:09:48] [Client thread/WARN] Missing sound for event: minecraft:entity.turtle.swim
[22:09:48] [Client thread/WARN] Missing sound for event: minecraft:block.turtle_egg.crack
[22:09:48] [Client thread/WARN] Missing sound for event: minecraft:block.turtle_egg.egg_break
[22:09:48] [Client thread/WARN] Missing sound for event: minecraft:block.turtle_egg.fall
[22:09:48] [Client thread/WARN] Missing sound for event: minecraft:block.turtle_egg.hatch
[22:09:48] [Client thread/INFO] SoundSystem shutting down...
[22:09:48] [Client thread/WARN] Author: Paul Lamb, www.paulscode.com
[22:09:48] [Client thread/INFO] Starting up SoundSystem...
[22:09:48] [Thread-51/INFO] Initializing LWJGL OpenAL
[22:09:48] [Thread-51/INFO] (The LWJGL binding of OpenAL.  For more information, see http://www.lwjgl.org)
[22:09:48] [Thread-51/INFO] OpenAL audio device: OpenAL Soft on Динамики (MCHOSE V9 PRO)
[22:09:48] [Thread-51/INFO] OpenAL initialized.
[22:09:48] [Client thread/INFO] Sound engine reloaded
[22:09:48] [Client thread/INFO] Joining server Мастера Мечей #2
[22:09:48] [voice-openal-speaker/ERROR] Voicechat sound manager ALC error: #bBYjU.sb[68] Invalid device
[22:09:48] [vc-microphone/INFO] Use OpenAL Soft on Микрофон (MCHOSE V9 PRO) as microphone
[22:09:48] [vc-microphone/INFO] Microphone closed
[22:09:48] [Client thread/INFO] [STDOUT]: [Enginex v5.16.1 - Wada] [Wada/debug] handshake complete (w4:load), awaitingHandshake=false, sessionId=11
[22:09:48] [Client thread/INFO] [STDOUT]: [Enginex v5.16.1 - Wada] [Wada/debug] flush pending: 4 message(s)
[22:09:48] [ForkJoinPool.commonPool-worker-7/WARN] Unable to load variant: axis=x from minecraft:lodestone#axis=x
[22:09:48] [ForkJoinPool.commonPool-worker-7/WARN] Unable to load variant: axis=y from minecraft:lodestone#axis=y
[22:09:48] [ForkJoinPool.commonPool-worker-7/WARN] Unable to load variant: axis=z from minecraft:lodestone#axis=z
[22:09:48] [ForkJoinPool.commonPool-worker-7/ERROR] Unable to load item model: 'minecraft:mcpatcher/cit/others/megumin_hat#inventory' for item: 'minecraft:mcpatcher/cit/others/megumin_hat'
[22:09:48] [ForkJoinPool.commonPool-worker-7/INFO] [OptiFine] Mipmap levels: 4
[22:09:48] [ForkJoinPool.commonPool-worker-7/INFO] [OptiFine] Multi-texturing: false
[22:09:48] [ForkJoinPool.commonPool-worker-7/INFO] [OptiFine] Multipass connected textures: false
[22:09:48] [ForkJoinPool.commonPool-worker-7/INFO] [OptiFine] BetterGrass: Parsing default configuration optifine/bettergrass.properties
[22:09:48] [ForkJoinPool.commonPool-worker-7/ERROR] Using missing texture, unable to load minecraft:textures/item/scissor_blade.png
[22:09:48] [ForkJoinPool.commonPool-worker-7/ERROR] Using missing texture, unable to load minecraft:mcpatcher/cit/itemsloc/loc31/war_spear_gold.png
[22:09:48] [ForkJoinPool.commonPool-worker-7/FATAL] [OptiFine] Scaled too small texture: minecraft:particles/glow_2, 8 -> 16
[22:09:48] [ForkJoinPool.commonPool-worker-7/FATAL] [OptiFine] Scaled too small texture: minecraft:particles/glow_1, 8 -> 16
[22:09:48] [ForkJoinPool.commonPool-worker-7/FATAL] [OptiFine] Scaled too small texture: minecraft:particles/glow_0, 8 -> 16
[22:09:48] [ForkJoinPool.commonPool-worker-7/FATAL] [OptiFine] Scaled too small texture: minecraft:particles/glow_6, 8 -> 16
[22:09:48] [ForkJoinPool.commonPool-worker-7/FATAL] [OptiFine] Scaled too small texture: minecraft:particles/glow_5, 8 -> 16
[22:09:48] [ForkJoinPool.commonPool-worker-7/FATAL] [OptiFine] Scaled too small texture: minecraft:particles/glow_4, 8 -> 16
[22:09:48] [ForkJoinPool.commonPool-worker-7/FATAL] [OptiFine] Scaled too small texture: minecraft:particles/glow_3, 8 -> 16
[22:09:48] [ForkJoinPool.commonPool-worker-7/FATAL] [OptiFine] Scaled too small texture: minecraft:particles/glow_9, 8 -> 16
[22:09:48] [ForkJoinPool.commonPool-worker-7/FATAL] [OptiFine] Scaled too small texture: minecraft:particles/glow_8, 8 -> 16
[22:09:48] [ForkJoinPool.commonPool-worker-7/FATAL] [OptiFine] Scaled too small texture: minecraft:particles/glow_7, 8 -> 16
[22:09:48] [ForkJoinPool.commonPool-worker-7/FATAL] [OptiFine] Scaled non power of 2: minecraft:mcpatcher/cit/itemsloc/loc20/l20_4, 24 -> 32
[22:09:48] [ForkJoinPool.commonPool-worker-7/FATAL] [OptiFine] Scaled non power of 2: minecraft:mcpatcher/cit/itemsloc/loc20/l20_3, 24 -> 32
[22:09:48] [ForkJoinPool.commonPool-worker-7/ERROR] Using missing texture, unable to load minecraft:textures/dagger_diamond.png
[22:09:48] [ForkJoinPool.commonPool-worker-7/ERROR] Using missing texture, unable to load minecraft:textures/b3.png
[22:09:48] [ForkJoinPool.commonPool-worker-7/ERROR] Using missing texture, unable to load minecraft:textures/b1.png
[22:09:48] [ForkJoinPool.commonPool-worker-7/ERROR] Using missing texture, unable to load minecraft:textures/b2.png
[22:09:48] [ForkJoinPool.commonPool-worker-7/ERROR] Using missing texture, unable to load minecraft:textures/item/ravenous_blade.png
[22:09:48] [ForkJoinPool.commonPool-worker-7/ERROR] Using missing texture, unable to load minecraft:textures/a2.png
[22:09:48] [ForkJoinPool.commonPool-worker-7/ERROR] Using missing texture, unable to load minecraft:textures/a3.png
[22:09:48] [ForkJoinPool.commonPool-worker-7/ERROR] Using missing texture, unable to load minecraft:textures/a1.png
[22:09:48] [ForkJoinPool.commonPool-worker-7/ERROR] Using missing texture, unable to load minecraft:textures/j3.png
[22:09:48] [ForkJoinPool.commonPool-worker-7/ERROR] Using missing texture, unable to load minecraft:textures/j1.png
[22:09:48] [ForkJoinPool.commonPool-worker-7/ERROR] Using missing texture, unable to load minecraft:textures/j2.png
[22:09:48] [ForkJoinPool.commonPool-worker-7/ERROR] Using missing texture, unable to load minecraft:textures/h1.png
[22:09:48] [ForkJoinPool.commonPool-worker-7/ERROR] Using missing texture, unable to load minecraft:textures/h2.png
[22:09:48] [ForkJoinPool.commonPool-worker-7/ERROR] Using missing texture, unable to load minecraft:textures/h3.png
[22:09:48] [ForkJoinPool.commonPool-worker-7/ERROR] Using missing texture, unable to load minecraft:textures/f3.png
[22:09:48] [ForkJoinPool.commonPool-worker-7/ERROR] Using missing texture, unable to load minecraft:textures/f1.png
[22:09:48] [ForkJoinPool.commonPool-worker-7/ERROR] Using missing texture, unable to load minecraft:textures/f2.png
[22:09:48] [ForkJoinPool.commonPool-worker-7/FATAL] [OptiFine] Scaled too small texture: minecraft:mcpatcher/cit/case/loc7_smoke, 8 -> 16
[22:09:48] [ForkJoinPool.commonPool-worker-7/FATAL] [OptiFine] Scaled non power of 2: minecraft:mcpatcher/cit/itemsloc/loc15/l15_6, 24 -> 32
[22:09:48] [ForkJoinPool.commonPool-worker-7/FATAL] [OptiFine] Scaled non power of 2: minecraft:mcpatcher/cit/itemsloc/loc15/l15_9, 24 -> 32
[22:09:48] [ForkJoinPool.commonPool-worker-7/FATAL] [OptiFine] Scaled non power of 2: minecraft:mcpatcher/cit/itemsloc/loc15/l15_2, 24 -> 32
[22:09:48] [ForkJoinPool.commonPool-worker-7/ERROR] Using missing texture, unable to load minecraft:textures/item/soul_devourer.png
[22:09:48] [ForkJoinPool.commonPool-worker-7/ERROR] Using missing texture, unable to load minecraft:textures/sea_dagger.png
[22:09:48] [ForkJoinPool.commonPool-worker-7/FATAL] [OptiFine] Scaled too small texture: minecraft:mcpatcher/cit/itemsloc/loc23/calamityblade_gem_cover, 8 -> 16
[22:09:48] [ForkJoinPool.commonPool-worker-7/ERROR] Using missing texture, unable to load minecraft:textures/sword_of_the_swamp.png
[22:09:48] [ForkJoinPool.commonPool-worker-7/FATAL] [OptiFine] Scaled too small texture: minecraft:particles/glow_11, 8 -> 16
[22:09:48] [ForkJoinPool.commonPool-worker-7/FATAL] [OptiFine] Scaled too small texture: minecraft:particles/glow_10, 8 -> 16
[22:09:48] [ForkJoinPool.commonPool-worker-7/FATAL] [OptiFine] Scaled too small texture: minecraft:particles/glow_13, 8 -> 16
[22:09:48] [ForkJoinPool.commonPool-worker-7/FATAL] [OptiFine] Scaled too small texture: minecraft:particles/glow_12, 8 -> 16
[22:09:48] [ForkJoinPool.commonPool-worker-7/FATAL] [OptiFine] Scaled too small texture: minecraft:particles/glow_15, 8 -> 16
[22:09:48] [ForkJoinPool.commonPool-worker-7/FATAL] [OptiFine] Scaled too small texture: minecraft:particles/glow_14, 8 -> 16
[22:09:48] [ForkJoinPool.commonPool-worker-7/ERROR] Using missing texture, unable to load minecraft:textures/3.png
[22:09:48] [ForkJoinPool.commonPool-worker-7/ERROR] Using missing texture, unable to load minecraft:textures/1.png
[22:09:48] [ForkJoinPool.commonPool-worker-7/ERROR] Using missing texture, unable to load minecraft:textures/2.png
[22:09:48] [ForkJoinPool.commonPool-worker-7/FATAL] [OptiFine] Scaled non power of 2: minecraft:mcpatcher/cit/itemsloc/loc20/l20_7, 24 -> 32
[22:09:48] [ForkJoinPool.commonPool-worker-7/FATAL] [OptiFine] Scaled too small texture: minecraft:mcpatcher/cit/case/loc7_piston, 8 -> 16
[22:09:48] [ForkJoinPool.commonPool-worker-7/ERROR] Using missing texture, unable to load minecraft:textures/sun_heart_sword_wooden.png
[22:09:48] [ForkJoinPool.commonPool-worker-7/ERROR] Using missing texture, unable to load minecraft:mcpatcher/cit/itemsloc/loc31/h_weapon_4_stone.png
[22:09:48] [Client thread/INFO] Start loading of mod MasterSwordReborn
[22:09:48] [ForkJoinPool.commonPool-worker-7/FATAL] [OptiFine] Scaled non power of 2: minecraft:mcpatcher/cit/itemsloc/loc14/l14_2, 24 -> 32
[22:09:48] [ForkJoinPool.commonPool-worker-7/FATAL] [OptiFine] Scaled non power of 2: minecraft:mcpatcher/cit/itemsloc/loc14/l14_4, 24 -> 32
[22:09:48] [ForkJoinPool.commonPool-worker-7/FATAL] [OptiFine] Scaled non power of 2: minecraft:mcpatcher/cit/donate/moneyicon, 60 -> 64
[22:09:48] [Client thread/INFO] Loading classes of MasterSwordReborn
[22:09:48] [ForkJoinPool.commonPool-worker-7/ERROR] Using missing texture, unable to load minecraft:textures/blood_storm.png
[22:09:48] [ForkJoinPool.commonPool-worker-7/FATAL] [OptiFine] Scaled too small texture: minecraft:mcpatcher/cit/case/loc7_piston_1, 8 -> 16
[22:09:48] [ForkJoinPool.commonPool-worker-7/ERROR] Using missing texture, unable to load minecraft:textures/razor_sword.png
[22:09:48] [ForkJoinPool.commonPool-worker-7/ERROR] Using missing texture, unable to load minecraft:textures/item/soul_collector.png
[22:09:48] [ForkJoinPool.commonPool-worker-7/ERROR] Using missing texture, unable to load minecraft:textures/yokai_claws.png
[22:09:48] [ForkJoinPool.commonPool-worker-7/FATAL] [OptiFine] Scaled non power of 2: minecraft:mcpatcher/cit/case/loc7_cog, 7 -> 16
[22:09:48] [ForkJoinPool.commonPool-worker-7/FATAL] [OptiFine] Scaled non power of 2: minecraft:mcpatcher/cit/itemsloc/loc18/l18_8, 24 -> 32
[22:09:48] [ForkJoinPool.commonPool-worker-7/FATAL] [OptiFine] Scaled non power of 2: minecraft:mcpatcher/cit/itemsloc/loc18/l18_6, 29 -> 32
[22:09:48] [ForkJoinPool.commonPool-worker-7/FATAL] [OptiFine] Scaled too small texture: minecraft:mcpatcher/cit/case/loc16_leaf, 8 -> 16
[22:09:48] [ForkJoinPool.commonPool-worker-7/WARN] Texture minecraft:mcpatcher/cit/case/loc2.png compressed from 512x512 to 256x256
[22:09:48] [ForkJoinPool.commonPool-worker-7/ERROR] Using missing texture, unable to load minecraft:textures/gold.png
[22:09:48] [ForkJoinPool.commonPool-worker-2/INFO] MasterSwordReborn-v1.0.4+5a60f042: class verification completed in 21ms
[22:09:48] [ForkJoinPool.commonPool-worker-2/INFO] MasterSwordReborn-v1.0.4+5a60f042: defineClasses completed in 0ms
[22:09:48] [ForkJoinPool.commonPool-worker-2/INFO] Loaded classes in mod MasterSwordReborn in 23 ms
[22:09:48] [Client thread/INFO] Loading mod MasterSwordReborn v1.0.4+5a60f042 by btwk
[22:09:48] [Client thread/INFO] [STDOUT]: [Enginex v5.14.3 - MasterSwordReborn] VAO support: true
[22:09:48] [ForkJoinPool.commonPool-worker-7/INFO] load sprites for 83ms
[22:09:48] [ForkJoinPool.commonPool-worker-7/INFO] Created: 4096x4096 textures-atlas in 138ms
[22:09:48] [Client thread/INFO] [STDOUT]: [Enginex v5.14.3 - MasterSwordReborn] Initialization with mod MasterSwordReborn
[22:09:48] [Client thread/INFO] Loaded mod MasterSwordReborn v1.0.4+5a60f042 in 173 ms
[22:09:48] [ForkJoinPool.commonPool-worker-7/INFO] [DEBUG] Atlas assembly for 8.864ms
[22:09:48] [Client thread/INFO] [DEBUG] upload atlas for 18.462ms
[22:09:48] [Client thread/INFO] [DEBUG] Generate mipmaps for 0.003ms
[22:09:48] [Client thread/INFO] [OptiFine] Animated sprites: 0
[22:09:48] [Client thread/INFO] [OptiFine] CustomColors: Loading mcpatcher/color.properties
[22:09:49] [Client thread/INFO] Textures loaded for 669.205ms
[22:09:49] [Thread-53/INFO] [STDOUT]: [Enginex v5.14.3 - MasterSwordReborn] Successfully initialized
[22:09:53] [Client thread/INFO] [CHAT] [Начинающий] DaFors [#9286] выбил "Мифическое" оружие Лесной меч
[22:09:54] [Client thread/INFO] [CHAT]  [GOD] [Серафический] GOD ┃ anemoia  [#9] » чет реалм алинки не кормит лесами
[22:09:59] [Client thread/INFO] [CHAT] [Начинающий] DaFors [#9286] » [Лесной меч]
[22:09:59] [Client thread/INFO] [CHAT]  [GOD] [Серафический] GOD ┃ laff [#6] » ща даст
[22:09:59] [Client thread/INFO] [CHAT] i [Подземелье] » Открылись врата в "Сложное подземелье"
[22:10:00] [Client thread/INFO] [CHAT] [Любитель] Exst1n [#9968] выбил "Мифическое" оружие Лесной меч
[22:10:01] [Client thread/INFO] [CHAT] i [Ежедневные награды] » Вы забрали награду!
[22:10:13] [Client thread/INFO] [CHAT] i [Бустер] » HE ┃ meliodas1928 активировал "Бустер удачи x1.25" на 30м
[22:10:13] [Client thread/INFO] [CHAT] i [Бустер] » HE ┃ meliodas1928 активировал "Бустер удачи x1.25" на 30м
[22:10:19] [Client thread/INFO] [CHAT]  [DOG] [Хранитель] GOD ┃ lgc77 [#19] » 145/15-Ужас...
[22:10:20] [Client thread/INFO] [CHAT]  [OBT] [Небесный] D ┃ Mitoneko [#180] » поздно опомнился)
[22:10:22] [Client thread/INFO] [CHAT]  [RNB] [Магистр] MVP ┃ King6666 [#114] » да есть же
[22:10:27] [Client thread/INFO] [CHAT]  [GOD] [Серафический] GOD ┃ laff [#6] » го глобал силы
[22:10:29] [Client thread/INFO] [CHAT]  [LOL] [Властелин] S ┃ limerince [#162] » да еще половина крови, норм
[22:10:29] [Client thread/INFO] [CHAT]  [PRI] [Хранитель] S ┃ floringa [#28] » а урон
[22:10:30] [Client thread/INFO] [CHAT]  [RNB] [Магистр] MVP ┃ King6666 [#114] » обидно, что так поздно
[22:10:34] [Client thread/INFO] [CHAT]  [LOL] [Властелин] S ┃ limerince [#162] » урон нада
[22:10:44] [Client thread/INFO] [CHAT]  [LOL] [Властелин] S ┃ limerince [#162] » и мне феникс!
[22:10:49] [Client thread/INFO] [CHAT]  [GNG] [Магистр] HE ┃ meliodas1928 [#111] » деняг нет
[22:10:55] [Client thread/INFO] [CHAT]  [JIM] [Паладин] MVP+ ┃ Kilat_ [#48] » [Рассекающий океан]
[22:10:56] [Client thread/INFO] [CHAT]  [Любитель] D ┃ akumantq [#8502] » ало уроды ебанные
[22:10:56] [Client thread/INFO] [CHAT]  [DOG] [Хранитель] GOD ┃ Mehan1cPro [#20] » 116/20 эхх
[22:11:00] [Client thread/INFO] [CHAT]  [Любитель] D ┃ akumantq [#8502] » идите нахуй ублюдки
[22:11:00] [Client thread/INFO] [CHAT]  [JIM] [Паладин] MVP+ ┃ Kilat_ [#48] » норм за 300 чарок
[22:11:01] [Client thread/INFO] [CHAT] i [Подземелье] » Закрылись врата в "Сложное подземелье"
[22:11:01] [Client thread/INFO] [CHAT]  [LOL] [Властелин] S ┃ limerince [#162] » уф
[22:11:05] [Client thread/INFO] [CHAT]  [LOL] [Властелин] S ┃ limerince [#162] » хахах
[22:11:06] [Client thread/INFO] [CHAT]  [Любитель] D ┃ akumantq [#8502] » что за хуйня
[22:11:09] [Network thread/INFO] Protocol upgrade mask: 157
[22:11:09] [Network thread/INFO] Upgrading protocol
[22:11:09] [Client thread/INFO] Invalidating server data
[22:11:09] [Client thread/INFO] Unloading mod MasterSwordReborn/9a0967ff-807a-ce6e-1837-b2580cad21ea
[22:11:09] [Client thread/INFO] [STDOUT]: [Enginex v5.16.1 - Wada] [Wada/debug] reload requested: ServerSwitch
[22:11:09] [Client thread/INFO] [STDOUT]: [Enginex v5.16.1 - Wada] [Wada/debug] cleanAndReload begin: sessionId=12, awaitingHandshake=true
[22:11:09] [Client thread/INFO] [STDOUT]: [Enginex v5.16.1 - Wada] VAO support: true
[22:11:09] [Client thread/INFO] [STDOUT]: [Enginex v5.16.1 - Wada] Initialization with mod Wada
[22:11:09] [Client thread/INFO] [STDOUT]: [Enginex v5.16.1 - Wada] Successfully initialized
[22:11:09] [Client thread/INFO] Joining server Хаб #18
[22:11:09] [Client thread/INFO] Reloading ResourceManager: assets-addon.jar, Default
[22:11:09] [Client thread/WARN] Missing sound for event: minecraft:entity.turtle.ambient
[22:11:09] [Client thread/WARN] Missing sound for event: minecraft:entity.turtle.baby_hurt
[22:11:09] [Client thread/WARN] Missing sound for event: minecraft:entity.turtle.hurt
[22:11:09] [Client thread/WARN] Missing sound for event: minecraft:entity.turtle.baby_death
[22:11:09] [Client thread/WARN] Missing sound for event: minecraft:entity.turtle.death
[22:11:09] [Client thread/WARN] Missing sound for event: minecraft:entity.turtle.baby_step
[22:11:09] [Client thread/WARN] Missing sound for event: minecraft:entity.turtle.step
[22:11:09] [Client thread/WARN] Missing sound for event: minecraft:entity.turtle.swim
[22:11:09] [Client thread/WARN] Missing sound for event: minecraft:block.turtle_egg.crack
[22:11:09] [Client thread/WARN] Missing sound for event: minecraft:block.turtle_egg.egg_break
[22:11:09] [Client thread/WARN] Missing sound for event: minecraft:block.turtle_egg.fall
[22:11:09] [Client thread/WARN] Missing sound for event: minecraft:block.turtle_egg.hatch
[22:11:09] [Client thread/INFO] SoundSystem shutting down...
[22:11:09] [Client thread/WARN] Author: Paul Lamb, www.paulscode.com
[22:11:09] [Client thread/INFO] Starting up SoundSystem...
[22:11:09] [Thread-54/INFO] Initializing LWJGL OpenAL
[22:11:09] [Thread-54/INFO] (The LWJGL binding of OpenAL.  For more information, see http://www.lwjgl.org)
[22:11:09] [Thread-54/INFO] OpenAL audio device: OpenAL Soft on Динамики (MCHOSE V9 PRO)
[22:11:09] [Thread-54/INFO] OpenAL initialized.
[22:11:09] [Client thread/INFO] Sound engine reloaded
[22:11:09] [Client thread/INFO] Loaded mod Visual Driver/4fe0e880-be95-a293-b7f3-52a4a65a5859 v3.8.31+9da32142 in 4 ms
[22:11:09] [ForkJoinPool.commonPool-worker-4/WARN] Unable to load variant: axis=x from minecraft:lodestone#axis=x
[22:11:09] [ForkJoinPool.commonPool-worker-4/WARN] Unable to load variant: axis=y from minecraft:lodestone#axis=y
[22:11:09] [ForkJoinPool.commonPool-worker-4/WARN] Unable to load variant: axis=z from minecraft:lodestone#axis=z
[22:11:09] [ForkJoinPool.commonPool-worker-4/ERROR] Unable to load item model: 'minecraft:mcpatcher/cit/others/megumin_hat#inventory' for item: 'minecraft:mcpatcher/cit/others/megumin_hat'
[22:11:09] [ForkJoinPool.commonPool-worker-4/INFO] [OptiFine] Mipmap levels: 4
[22:11:09] [ForkJoinPool.commonPool-worker-4/INFO] [OptiFine] Multi-texturing: false
[22:11:09] [ForkJoinPool.commonPool-worker-4/INFO] [OptiFine] Multipass connected textures: false
[22:11:09] [ForkJoinPool.commonPool-worker-4/INFO] [OptiFine] BetterGrass: Parsing default configuration optifine/bettergrass.properties
[22:11:09] [ForkJoinPool.commonPool-worker-4/FATAL] [OptiFine] Scaled too small texture: minecraft:particles/glow_2, 8 -> 16
[22:11:09] [ForkJoinPool.commonPool-worker-4/FATAL] [OptiFine] Scaled too small texture: minecraft:particles/glow_1, 8 -> 16
[22:11:09] [ForkJoinPool.commonPool-worker-4/FATAL] [OptiFine] Scaled too small texture: minecraft:particles/glow_0, 8 -> 16
[22:11:09] [ForkJoinPool.commonPool-worker-4/FATAL] [OptiFine] Scaled too small texture: minecraft:particles/glow_6, 8 -> 16
[22:11:09] [ForkJoinPool.commonPool-worker-4/FATAL] [OptiFine] Scaled too small texture: minecraft:particles/glow_5, 8 -> 16
[22:11:09] [ForkJoinPool.commonPool-worker-4/FATAL] [OptiFine] Scaled too small texture: minecraft:particles/glow_4, 8 -> 16
[22:11:09] [ForkJoinPool.commonPool-worker-4/FATAL] [OptiFine] Scaled too small texture: minecraft:particles/glow_3, 8 -> 16
[22:11:09] [ForkJoinPool.commonPool-worker-4/FATAL] [OptiFine] Scaled too small texture: minecraft:particles/glow_9, 8 -> 16
[22:11:09] [ForkJoinPool.commonPool-worker-4/FATAL] [OptiFine] Scaled too small texture: minecraft:particles/glow_8, 8 -> 16
[22:11:09] [ForkJoinPool.commonPool-worker-4/FATAL] [OptiFine] Scaled too small texture: minecraft:particles/glow_7, 8 -> 16
[22:11:09] [ForkJoinPool.commonPool-worker-4/FATAL] [OptiFine] Scaled too small texture: minecraft:particles/glow_11, 8 -> 16
[22:11:09] [ForkJoinPool.commonPool-worker-4/FATAL] [OptiFine] Scaled too small texture: minecraft:particles/glow_10, 8 -> 16
[22:11:09] [ForkJoinPool.commonPool-worker-4/FATAL] [OptiFine] Scaled too small texture: minecraft:particles/glow_13, 8 -> 16
[22:11:09] [ForkJoinPool.commonPool-worker-4/FATAL] [OptiFine] Scaled too small texture: minecraft:particles/glow_12, 8 -> 16
[22:11:09] [ForkJoinPool.commonPool-worker-4/FATAL] [OptiFine] Scaled too small texture: minecraft:particles/glow_15, 8 -> 16
[22:11:09] [ForkJoinPool.commonPool-worker-4/FATAL] [OptiFine] Scaled too small texture: minecraft:particles/glow_14, 8 -> 16
[22:11:09] [ForkJoinPool.commonPool-worker-4/INFO] load sprites for 2ms
[22:11:09] [ForkJoinPool.commonPool-worker-4/INFO] Created: 1024x1024 textures-atlas in 11ms
[22:11:09] [Client thread/INFO] Loaded mod HubMod/cbc16aa3-8920-e631-badf-200ef0923638 v1.4.5 in 6 ms
[22:11:09] [ForkJoinPool.commonPool-worker-4/INFO] [DEBUG] Atlas assembly for 1.549ms
[22:11:09] [Client thread/INFO] [DEBUG] upload atlas for 1.208ms
[22:11:09] [Client thread/INFO] [DEBUG] Generate mipmaps for 0.003ms
[22:11:09] [Client thread/INFO] [OptiFine] Animated sprites: 0
[22:11:09] [Client thread/INFO] [OptiFine] CustomColors: Loading mcpatcher/color.properties
[22:11:09] [Client thread/INFO] Textures loaded for 303.251ms
[22:11:09] [Client thread/INFO] [STDOUT]: [Enginex v5.16.1 - Wada] [Wada/debug] handshake complete (w4:load), awaitingHandshake=false, sessionId=12
[22:11:16] [Network thread/INFO] Protocol upgrade mask: 157
[22:11:16] [Network thread/INFO] Upgrading protocol
[22:11:16] [Client thread/INFO] Invalidating server data
[22:11:16] [Client thread/INFO] Unloading mod Visual Driver/4fe0e880-be95-a293-b7f3-52a4a65a5859
[22:11:16] [Client thread/INFO] Unloading mod HubMod/cbc16aa3-8920-e631-badf-200ef0923638
[22:11:16] [Client thread/INFO] [STDOUT]: [Enginex v5.16.1 - Wada] [Wada/debug] reload requested: ServerSwitch
[22:11:16] [Client thread/INFO] [STDOUT]: [Enginex v5.16.1 - Wada] [Wada/debug] cleanAndReload begin: sessionId=13, awaitingHandshake=true
[22:11:16] [Client thread/INFO] [STDOUT]: [Enginex v5.16.1 - Wada] VAO support: true
[22:11:16] [Client thread/INFO] [STDOUT]: [Enginex v5.16.1 - Wada] Initialization with mod Wada
[22:11:16] [Client thread/INFO] [STDOUT]: [Enginex v5.16.1 - Wada] Successfully initialized
[22:11:16] [Client thread/INFO] Found file C:\Users\tveiv\.cristalix\updates\Minigames\server-resource-packs\8af8ffe0d65625f5c9245efea20b8bf6b141aac6 matching requested hash 98eeb222dbe556ebe967db597c69648f14e17f78
[22:11:16] [Client thread/INFO] Allocated new cache for server resource pack
[22:11:16] [Client thread/INFO] Joining server Azerus Lobby #1
[22:11:16] [Client thread/INFO] Reloading ResourceManager: assets-addon.jar, Default, 8af8ffe0d65625f5c9245efea20b8bf6b141aac6
[22:11:16] [Client thread/WARN] Missing sound for event: minecraft:entity.turtle.ambient
[22:11:16] [Client thread/WARN] Missing sound for event: minecraft:entity.turtle.baby_hurt
[22:11:16] [Client thread/WARN] Missing sound for event: minecraft:entity.turtle.hurt
[22:11:16] [Client thread/WARN] Missing sound for event: minecraft:entity.turtle.baby_death
[22:11:16] [Client thread/WARN] Missing sound for event: minecraft:entity.turtle.death
[22:11:16] [Client thread/WARN] Missing sound for event: minecraft:entity.turtle.baby_step
[22:11:16] [Client thread/WARN] Missing sound for event: minecraft:entity.turtle.step
[22:11:16] [Client thread/WARN] Missing sound for event: minecraft:entity.turtle.swim
[22:11:16] [Client thread/WARN] Missing sound for event: minecraft:block.turtle_egg.crack
[22:11:16] [Client thread/WARN] Missing sound for event: minecraft:block.turtle_egg.egg_break
[22:11:16] [Client thread/WARN] Missing sound for event: minecraft:block.turtle_egg.fall
[22:11:16] [Client thread/WARN] Missing sound for event: minecraft:block.turtle_egg.hatch
[22:11:16] [Client thread/INFO] SoundSystem shutting down...
[22:11:16] [Client thread/WARN] Author: Paul Lamb, www.paulscode.com
[22:11:16] [Client thread/INFO] Starting up SoundSystem...
[22:11:16] [Thread-58/INFO] Initializing LWJGL OpenAL
[22:11:16] [Thread-58/INFO] (The LWJGL binding of OpenAL.  For more information, see http://www.lwjgl.org)
[22:11:16] [Thread-58/INFO] OpenAL audio device: OpenAL Soft on Динамики (MCHOSE V9 PRO)
[22:11:16] [Thread-58/INFO] OpenAL initialized.
[22:11:16] [Client thread/INFO] Sound engine reloaded
[22:11:16] [ForkJoinPool.commonPool-worker-4/WARN] Unable to load variant: axis=x from minecraft:lodestone#axis=x
[22:11:16] [ForkJoinPool.commonPool-worker-4/WARN] Unable to load variant: axis=y from minecraft:lodestone#axis=y
[22:11:16] [ForkJoinPool.commonPool-worker-4/WARN] Unable to load variant: axis=z from minecraft:lodestone#axis=z
[22:11:16] [ForkJoinPool.commonPool-worker-4/ERROR] Unable to load item model: 'minecraft:mcpatcher/cit/others/megumin_hat#inventory' for item: 'minecraft:mcpatcher/cit/others/megumin_hat'
[22:11:16] [Client thread/INFO] Start loading of mod AzerusLobbyMod
[22:11:16] [Client thread/INFO] Loading classes of AzerusLobbyMod
[22:11:16] [Client thread/INFO] [STDOUT]: [Enginex v5.16.1 - Wada] [Wada/debug] handshake complete (w4:load), awaitingHandshake=false, sessionId=13
[22:11:16] [ForkJoinPool.commonPool-worker-4/INFO] [OptiFine] Mipmap levels: 4
[22:11:16] [ForkJoinPool.commonPool-worker-4/INFO] [OptiFine] Multi-texturing: false
[22:11:16] [ForkJoinPool.commonPool-worker-4/INFO] [OptiFine] Multipass connected textures: false
[22:11:16] [ForkJoinPool.commonPool-worker-7/INFO] AzerusLobbyMod-v1.1.2+74ea15639: class verification completed in 3ms
[22:11:16] [ForkJoinPool.commonPool-worker-7/INFO] AzerusLobbyMod-v1.1.2+74ea15639: defineClasses completed in 0ms
[22:11:16] [ForkJoinPool.commonPool-worker-7/INFO] Loaded classes in mod AzerusLobbyMod in 4 ms
[22:11:16] [Client thread/INFO] Loading mod AzerusLobbyMod v1.1.2+74ea15639 by Tensess, M4JE5TY, xfenilafss
[22:11:16] [ForkJoinPool.commonPool-worker-4/INFO] [OptiFine] BetterGrass: Parsing default configuration optifine/bettergrass.properties
[22:11:16] [ForkJoinPool.commonPool-worker-4/FATAL] [OptiFine] Scaled too small texture: minecraft:particles/glow_2, 8 -> 16
[22:11:16] [ForkJoinPool.commonPool-worker-4/FATAL] [OptiFine] Scaled too small texture: minecraft:particles/glow_1, 8 -> 16
[22:11:16] [ForkJoinPool.commonPool-worker-4/FATAL] [OptiFine] Scaled too small texture: minecraft:particles/glow_0, 8 -> 16
[22:11:16] [ForkJoinPool.commonPool-worker-4/FATAL] [OptiFine] Scaled too small texture: minecraft:particles/glow_6, 8 -> 16
[22:11:16] [ForkJoinPool.commonPool-worker-4/FATAL] [OptiFine] Scaled too small texture: minecraft:particles/glow_5, 8 -> 16
[22:11:16] [ForkJoinPool.commonPool-worker-4/FATAL] [OptiFine] Scaled too small texture: minecraft:particles/glow_4, 8 -> 16
[22:11:16] [ForkJoinPool.commonPool-worker-4/FATAL] [OptiFine] Scaled too small texture: minecraft:particles/glow_3, 8 -> 16
[22:11:16] [ForkJoinPool.commonPool-worker-4/FATAL] [OptiFine] Scaled too small texture: minecraft:particles/glow_9, 8 -> 16
[22:11:16] [ForkJoinPool.commonPool-worker-4/FATAL] [OptiFine] Scaled too small texture: minecraft:particles/glow_8, 8 -> 16
[22:11:16] [ForkJoinPool.commonPool-worker-4/FATAL] [OptiFine] Scaled too small texture: minecraft:particles/glow_7, 8 -> 16
[22:11:16] [ForkJoinPool.commonPool-worker-4/FATAL] [OptiFine] Scaled too small texture: minecraft:particles/glow_11, 8 -> 16
[22:11:16] [ForkJoinPool.commonPool-worker-4/FATAL] [OptiFine] Scaled too small texture: minecraft:particles/glow_10, 8 -> 16
[22:11:16] [ForkJoinPool.commonPool-worker-4/FATAL] [OptiFine] Scaled too small texture: minecraft:particles/glow_13, 8 -> 16
[22:11:16] [ForkJoinPool.commonPool-worker-4/FATAL] [OptiFine] Scaled too small texture: minecraft:particles/glow_12, 8 -> 16
[22:11:16] [ForkJoinPool.commonPool-worker-4/FATAL] [OptiFine] Scaled too small texture: minecraft:particles/glow_15, 8 -> 16
[22:11:16] [ForkJoinPool.commonPool-worker-4/FATAL] [OptiFine] Scaled too small texture: minecraft:particles/glow_14, 8 -> 16
[22:11:16] [ForkJoinPool.commonPool-worker-4/INFO] load sprites for 4ms
[22:11:16] [Client thread/INFO] [STDOUT]: [Enginex v5.13.10 - AzerusLobbyMod] VAO support: true
[22:11:16] [ForkJoinPool.commonPool-worker-4/INFO] Created: 1024x1024 textures-atlas in 15ms
[22:11:16] [Client thread/INFO] [STDOUT]: [Enginex v5.13.10 - AzerusLobbyMod] Initialization with mod AzerusLobbyMod
[22:11:16] [Client thread/INFO] [STDOUT]: [Enginex v5.13.10 - AzerusLobbyMod] Successfully initialized
[22:11:16] [Client thread/INFO] Loaded mod AzerusLobbyMod v1.1.2+74ea15639 in 186 ms
[22:11:16] [ForkJoinPool.commonPool-worker-4/INFO] [DEBUG] Atlas assembly for 1.628ms
[22:11:16] [Client thread/INFO] [DEBUG] upload atlas for 1.179ms
[22:11:16] [Client thread/INFO] [DEBUG] Generate mipmaps for 0.003ms
[22:11:16] [Client thread/INFO] [OptiFine] Animated sprites: 0
[22:11:16] [Client thread/INFO] [OptiFine] CustomColors: Loading mcpatcher/color.properties
[22:11:16] [Client thread/INFO] Textures loaded for 335.326ms
[22:11:25] [Network thread/INFO] Protocol upgrade mask: 157
[22:11:25] [Network thread/INFO] Upgrading protocol
[22:11:25] [Client thread/INFO] Invalidating server data
[22:11:25] [Client thread/INFO] Unloading mod AzerusLobbyMod/2d752dcd-61ff-6d9f-2d1c-38cf80253e87
[22:11:25] [Client thread/INFO] [STDOUT]: [Enginex v5.16.1 - Wada] [Wada/debug] reload requested: ServerSwitch
[22:11:25] [Client thread/INFO] [STDOUT]: [Enginex v5.16.1 - Wada] [Wada/debug] cleanAndReload begin: sessionId=14, awaitingHandshake=true
[22:11:25] [Client thread/INFO] [STDOUT]: [Enginex v5.16.1 - Wada] VAO support: true
[22:11:25] [Client thread/INFO] [STDOUT]: [Enginex v5.16.1 - Wada] Initialization with mod Wada
[22:11:25] [Client thread/INFO] [STDOUT]: [Enginex v5.16.1 - Wada] Successfully initialized
[22:11:25] [Client thread/INFO] Start loading of mod AzerusGuildMod
[22:11:25] [Client thread/INFO] Loading classes of AzerusGuildMod
[22:11:25] [ForkJoinPool.commonPool-worker-3/INFO] AzerusGuildMod-v1.1.2+a313ecb3f: class verification completed in 10ms
[22:11:25] [ForkJoinPool.commonPool-worker-3/INFO] AzerusGuildMod-v1.1.2+a313ecb3f: defineClasses completed in 0ms
[22:11:25] [ForkJoinPool.commonPool-worker-3/INFO] Loaded classes in mod AzerusGuildMod in 13 ms
[22:11:25] [Client thread/INFO] Found file C:\Users\tveiv\.cristalix\updates\Minigames\server-resource-packs\8dd4591473377353b1c8d98df0dbde316233d53d matching requested hash 30067b88e562145759865e8138cbc7a7f2793302
[22:11:25] [Client thread/INFO] Allocated new cache for server resource pack
[22:11:25] [Client thread/INFO] Joining server Azerus #5
[22:11:25] [voice-openal-speaker/ERROR] Voicechat sound manager ALC error: #bBYjU.sb[68] Invalid device
[22:11:25] [vc-microphone/INFO] Use OpenAL Soft on Микрофон (MCHOSE V9 PRO) as microphone
[22:11:25] [Client thread/INFO] Reloading ResourceManager: assets-addon.jar, Default, 8dd4591473377353b1c8d98df0dbde316233d53d
[22:11:25] [vc-microphone/INFO] Microphone closed
[22:11:25] [Client thread/INFO] [OptiFine] EmissiveTextures: Loading optifine/emissive.properties
[22:11:25] [Client thread/WARN] Missing sound for event: minecraft:entity.turtle.ambient
[22:11:25] [Client thread/WARN] Missing sound for event: minecraft:entity.turtle.baby_hurt
[22:11:25] [Client thread/WARN] Missing sound for event: minecraft:entity.turtle.hurt
[22:11:25] [Client thread/WARN] Missing sound for event: minecraft:entity.turtle.baby_death
[22:11:25] [Client thread/WARN] Missing sound for event: minecraft:entity.turtle.death
[22:11:25] [Client thread/WARN] Missing sound for event: minecraft:entity.turtle.baby_step
[22:11:25] [Client thread/WARN] Missing sound for event: minecraft:entity.turtle.step
[22:11:25] [Client thread/WARN] Missing sound for event: minecraft:entity.turtle.swim
[22:11:25] [Client thread/WARN] Missing sound for event: minecraft:block.turtle_egg.crack
[22:11:25] [Client thread/WARN] Missing sound for event: minecraft:block.turtle_egg.egg_break
[22:11:25] [Client thread/WARN] Missing sound for event: minecraft:block.turtle_egg.fall
[22:11:25] [Client thread/WARN] Missing sound for event: minecraft:block.turtle_egg.hatch
[22:11:25] [Client thread/INFO] SoundSystem shutting down...
[22:11:25] [Client thread/WARN] Author: Paul Lamb, www.paulscode.com
[22:11:25] [Client thread/INFO] Starting up SoundSystem...
[22:11:25] [Thread-61/INFO] Initializing LWJGL OpenAL
[22:11:25] [Thread-61/INFO] (The LWJGL binding of OpenAL.  For more information, see http://www.lwjgl.org)
[22:11:25] [Thread-61/INFO] OpenAL audio device: OpenAL Soft on Динамики (MCHOSE V9 PRO)
[22:11:25] [Thread-61/INFO] OpenAL initialized.
[22:11:25] [Client thread/INFO] Sound engine reloaded
[22:11:25] [Client thread/INFO] Loading mod AzerusGuildMod v1.1.2+a313ecb3f by Tensess, M4JE5TY, xfenilafss
[22:11:25] [Client thread/INFO] [STDOUT]: [Enginex v5.13.12 - AzerusGuildMod] VAO support: true
[22:11:25] [Client thread/INFO] [STDOUT]: [Enginex v5.13.12 - AzerusGuildMod] Initialization with mod AzerusGuildMod
[22:11:25] [Client thread/INFO] Loaded mod AzerusGuildMod v1.1.2+a313ecb3f in 167 ms
[22:11:25] [Client thread/INFO] [STDOUT]: [Enginex v5.16.1 - Wada] [Wada/debug] handshake complete (w4:load), awaitingHandshake=false, sessionId=14
[22:11:25] [ForkJoinPool.commonPool-worker-2/WARN] Unable to load variant: axis=x from minecraft:lodestone#axis=x
[22:11:25] [ForkJoinPool.commonPool-worker-2/WARN] Unable to load variant: axis=y from minecraft:lodestone#axis=y
[22:11:25] [ForkJoinPool.commonPool-worker-2/WARN] Unable to load variant: axis=z from minecraft:lodestone#axis=z
[22:11:25] [Client thread/INFO] Start loading of mod AzerusMod
[22:11:25] [Client thread/INFO] Loading classes of AzerusMod
[22:11:25] [ForkJoinPool.commonPool-worker-2/ERROR] Unable to load item model: 'minecraft:mcpatcher/cit/others/megumin_hat#inventory' for item: 'minecraft:mcpatcher/cit/others/megumin_hat'
[22:11:25] [ForkJoinPool.commonPool-worker-8/INFO] AzerusMod-v1.1.2+db5e32f4e: class verification completed in 24ms
[22:11:25] [ForkJoinPool.commonPool-worker-8/INFO] AzerusMod-v1.1.2+db5e32f4e: defineClasses completed in 0ms
[22:11:25] [ForkJoinPool.commonPool-worker-8/INFO] Loaded classes in mod AzerusMod in 27 ms
[22:11:25] [Client thread/INFO] Loading mod AzerusMod v1.1.2+db5e32f4e by Tensess, M4JE5TY, xfenilafss
[22:11:25] [Client thread/INFO] [STDOUT]: [Enginex v5.13.14 - AzerusMod] VAO support: true
[22:11:25] [ForkJoinPool.commonPool-worker-2/INFO] [OptiFine] Mipmap levels: 4
[22:11:25] [ForkJoinPool.commonPool-worker-2/INFO] [OptiFine] Multi-texturing: false
[22:11:25] [ForkJoinPool.commonPool-worker-2/INFO] [OptiFine] Multipass connected textures: false
[22:11:25] [ForkJoinPool.commonPool-worker-2/INFO] [OptiFine] BetterGrass: Parsing default configuration optifine/bettergrass.properties
[22:11:25] [ForkJoinPool.commonPool-worker-2/FATAL] [OptiFine] Scaled too small texture: minecraft:particles/glow_2, 8 -> 16
[22:11:25] [ForkJoinPool.commonPool-worker-2/FATAL] [OptiFine] Scaled too small texture: minecraft:particles/glow_1, 8 -> 16
[22:11:25] [ForkJoinPool.commonPool-worker-2/FATAL] [OptiFine] Scaled too small texture: minecraft:particles/glow_0, 8 -> 16
[22:11:25] [ForkJoinPool.commonPool-worker-2/FATAL] [OptiFine] Scaled too small texture: minecraft:particles/glow_6, 8 -> 16
[22:11:25] [ForkJoinPool.commonPool-worker-2/FATAL] [OptiFine] Scaled too small texture: minecraft:particles/glow_5, 8 -> 16
[22:11:25] [ForkJoinPool.commonPool-worker-2/FATAL] [OptiFine] Scaled too small texture: minecraft:particles/glow_4, 8 -> 16
[22:11:25] [ForkJoinPool.commonPool-worker-2/FATAL] [OptiFine] Scaled too small texture: minecraft:particles/glow_3, 8 -> 16
[22:11:25] [ForkJoinPool.commonPool-worker-2/FATAL] [OptiFine] Scaled too small texture: minecraft:particles/glow_9, 8 -> 16
[22:11:25] [ForkJoinPool.commonPool-worker-2/FATAL] [OptiFine] Scaled too small texture: minecraft:particles/glow_8, 8 -> 16
[22:11:25] [ForkJoinPool.commonPool-worker-2/FATAL] [OptiFine] Scaled too small texture: minecraft:particles/glow_7, 8 -> 16
[22:11:25] [ForkJoinPool.commonPool-worker-2/ERROR] Using missing texture, unable to load minecraft:mcpatcher/cit/armor/1realm/shkpauk/shkpauk_leggings.png
[22:11:25] [ForkJoinPool.commonPool-worker-2/ERROR] Using missing texture, unable to load minecraft:mcpatcher/cit/armor/1realm/shkpauk/shkpauk_boots.png
[22:11:25] [ForkJoinPool.commonPool-worker-2/ERROR] Using missing texture, unable to load minecraft:mcpatcher/cit/armor/1realm/pirat/pirat_boots.png
[22:11:25] [ForkJoinPool.commonPool-worker-2/ERROR] Using missing texture, unable to load minecraft:mcpatcher/cit/armor/1realm/razboi/razboi_boots.png
[22:11:25] [ForkJoinPool.commonPool-worker-2/ERROR] Using missing texture, unable to load minecraft:mcpatcher/cit/armor/1realm/koldyn/chainmail_helmet.png
[22:11:25] [ForkJoinPool.commonPool-worker-2/ERROR] Using missing texture, unable to load minecraft:mcpatcher/cit/armor/1realm/mertv/mertv_chestplate.png
[22:11:25] [ForkJoinPool.commonPool-worker-2/ERROR] Using missing texture, unable to load minecraft:mcpatcher/cit/armor/2realm/grysh/ironl_chestplate.png
[22:11:25] [ForkJoinPool.commonPool-worker-2/ERROR] Error with minecraft:mcpatcher/cit/weapon/staff/2 realm/57-62/oskverstaff/animations_1.png
java.lang.RuntimeException: broken aspect ratio and not an animation
	at #LNSZq.sa(Unknown Source:355)
	at #mHYuE.sa(Unknown Source:220)
	at #NMBJY.sa(Unknown Source:616)
	at #PMmeg.sa(SourceFile:150)
	at #dhwnP.sa(SourceFile:992)
	at #lfeSc.sa(SourceFile:133)
	at #MZOhh.sa(Unknown Source:71)
	at #pDuWV.a(Unknown Source)
	at #pDuWV.run(Unknown Source)
	at java.base/java.util.concurrent.ForkJoinTask$RunnableExecuteAction.compute(Unknown Source)
	at java.base/java.util.concurrent.ForkJoinTask$InterruptibleTask.exec(Unknown Source)
	at java.base/java.util.concurrent.ForkJoinTask.doExec(Unknown Source)
	at java.base/java.util.concurrent.ForkJoinPool$WorkQueue.topLevelExec(Unknown Source)
	at java.base/java.util.concurrent.ForkJoinPool.runWorker(Unknown Source)
	at java.base/java.util.concurrent.ForkJoinWorkerThread.run(Unknown Source)
[22:11:25] [ForkJoinPool.commonPool-worker-2/ERROR] Using missing texture, unable to load minecraft:mcpatcher/cit/armor/1realm/yad/yad_leggings.png
[22:11:25] [ForkJoinPool.commonPool-worker-2/ERROR] Using missing texture, unable to load minecraft:mcpatcher/cit/weapon/mechi/1reaml/mech_greysharkov.png
[22:11:25] [ForkJoinPool.commonPool-worker-2/ERROR] Using missing texture, unable to load minecraft:mcpatcher/cit/armor/1realm/koldyn/chainmail_leggings.png
[22:11:25] [ForkJoinPool.commonPool-worker-2/ERROR] Using missing texture, unable to load minecraft:mcpatcher/cit/armor/1realm/mertv/mertv_helmet.png
[22:11:25] [ForkJoinPool.commonPool-worker-2/ERROR] Using missing texture, unable to load minecraft:mcpatcher/cit/armor/1realm/yad/yad_boots.png
[22:11:25] [ForkJoinPool.commonPool-worker-2/ERROR] Using missing texture, unable to load minecraft:mcpatcher/cit/armor/1realm/razboi/razboi_leggings.png
[22:11:25] [ForkJoinPool.commonPool-worker-2/FATAL] [OptiFine] Scaled too small texture: minecraft:particles/glow_11, 8 -> 16
[22:11:25] [ForkJoinPool.commonPool-worker-2/FATAL] [OptiFine] Scaled too small texture: minecraft:particles/glow_10, 8 -> 16
[22:11:25] [ForkJoinPool.commonPool-worker-2/FATAL] [OptiFine] Scaled too small texture: minecraft:particles/glow_13, 8 -> 16
[22:11:25] [ForkJoinPool.commonPool-worker-2/FATAL] [OptiFine] Scaled too small texture: minecraft:particles/glow_12, 8 -> 16
[22:11:25] [ForkJoinPool.commonPool-worker-2/FATAL] [OptiFine] Scaled too small texture: minecraft:particles/glow_15, 8 -> 16
[22:11:25] [ForkJoinPool.commonPool-worker-2/FATAL] [OptiFine] Scaled too small texture: minecraft:particles/glow_14, 8 -> 16
[22:11:25] [ForkJoinPool.commonPool-worker-2/ERROR] Using missing texture, unable to load minecraft:mcpatcher/cit/armor/1realm/zakl/zakl_helmet.png
[22:11:25] [ForkJoinPool.commonPool-worker-2/ERROR] Using missing texture, unable to load minecraft:mcpatcher/cit/weapon/axe/2realm/40-50/topor_chernokrov.png
[22:11:25] [ForkJoinPool.commonPool-worker-2/ERROR] Using missing texture, unable to load minecraft:mcpatcher/cit/armor/1realm/mertv/mertv_boots.png
[22:11:25] [ForkJoinPool.commonPool-worker-2/ERROR] Using missing texture, unable to load minecraft:mcpatcher/cit/armor/1realm/pirat/pirat_chestplate.png
[22:11:25] [ForkJoinPool.commonPool-worker-2/ERROR] Using missing texture, unable to load minecraft:mcpatcher/cit/armor/1realm/yad/yad_chestplate.png
[22:11:25] [ForkJoinPool.commonPool-worker-2/ERROR] Using missing texture, unable to load minecraft:mcpatcher/cit/weapon/mechi/1reaml/mech_iz_ragni.png
[22:11:25] [ForkJoinPool.commonPool-worker-2/ERROR] Using missing texture, unable to load minecraft:mcpatcher/cit/armor/1realm/shkpauk/shkpauk_chestplate.png
[22:11:25] [ForkJoinPool.commonPool-worker-2/ERROR] Using missing texture, unable to load minecraft:mcpatcher/cit/armor/1realm/zakl/zakl_leggings.png
[22:11:25] [ForkJoinPool.commonPool-worker-2/ERROR] Using missing texture, unable to load minecraft:mcpatcher/cit/armor/1realm/yad/yad_helmet.png
[22:11:25] [ForkJoinPool.commonPool-worker-2/ERROR] Using missing texture, unable to load minecraft:mcpatcher/cit/weapon/mechi/1reaml/tem_mech.png
[22:11:25] [ForkJoinPool.commonPool-worker-2/ERROR] Using missing texture, unable to load minecraft:mcpatcher/cit/armor/1realm/shkpauk/shkpauk_helmet.png
[22:11:25] [ForkJoinPool.commonPool-worker-2/ERROR] Using missing texture, unable to load minecraft:mcpatcher/cit/weapon/mechi/1reaml/oblitii_yadom_klik.png
[22:11:25] [ForkJoinPool.commonPool-worker-2/ERROR] Using missing texture, unable to load minecraft:mcpatcher/cit/weapon/axe/2realm/30-40/beserkers_greataxe.png
[22:11:25] [ForkJoinPool.commonPool-worker-2/ERROR] Using missing texture, unable to load minecraft:mcpatcher/cit/armor/1realm/pirat/pirat_leggings.png
[22:11:25] [ForkJoinPool.commonPool-worker-2/ERROR] Using missing texture, unable to load minecraft:mcpatcher/cit/armor/1realm/koldyn/chainmail_chestplate.png
[22:11:25] [ForkJoinPool.commonPool-worker-2/ERROR] Using missing texture, unable to load minecraft:mcpatcher/cit/armor/1realm/koldyn/chainmail_boots.png
[22:11:25] [ForkJoinPool.commonPool-worker-2/ERROR] Using missing texture, unable to load minecraft:mcpatcher/cit/weapon/mechi/1reaml/umertvitel.png
[22:11:25] [ForkJoinPool.commonPool-worker-2/ERROR] Using missing texture, unable to load minecraft:mcpatcher/cit/armor/1realm/razboi/razboi_chestplate.png
[22:11:25] [ForkJoinPool.commonPool-worker-2/ERROR] Using missing texture, unable to load minecraft:mcpatcher/cit/armor/1realm/mertv/mertv_leggings.png
[22:11:25] [ForkJoinPool.commonPool-worker-2/ERROR] Using missing texture, unable to load minecraft:mcpatcher/cit/armor/1realm/razboi/razboi_helmet.png
[22:11:25] [ForkJoinPool.commonPool-worker-2/ERROR] Using missing texture, unable to load minecraft:mcpatcher/cit/armor/1realm/pirat/pirat_helmet.png
[22:11:25] [ForkJoinPool.commonPool-worker-2/ERROR] Using missing texture, unable to load minecraft:mcpatcher/cit/weapon/mechi/1reaml/mech_moryaka.png
[22:11:25] [ForkJoinPool.commonPool-worker-2/ERROR] Using missing texture, unable to load minecraft:mcpatcher/cit/armor/1realm/zakl/zakl_chestplate.png
[22:11:25] [ForkJoinPool.commonPool-worker-2/ERROR] Using missing texture, unable to load minecraft:mcpatcher/cit/armor/1realm/zakl/zakl_boots.png
[22:11:25] [ForkJoinPool.commonPool-worker-2/ERROR] Error with minecraft:mcpatcher/cit/weapon/mechi/2realm/57-62/oskvertopor/animation.png
java.lang.RuntimeException: broken aspect ratio and not an animation
	at #LNSZq.sa(Unknown Source:355)
	at #mHYuE.sa(Unknown Source:220)
	at #NMBJY.sa(Unknown Source:616)
	at #PMmeg.sa(SourceFile:150)
	at #dhwnP.sa(SourceFile:992)
	at #lfeSc.sa(SourceFile:133)
	at #MZOhh.sa(Unknown Source:71)
	at #pDuWV.a(Unknown Source)
	at #pDuWV.run(Unknown Source)
	at java.base/java.util.concurrent.ForkJoinTask$RunnableExecuteAction.compute(Unknown Source)
	at java.base/java.util.concurrent.ForkJoinTask$InterruptibleTask.exec(Unknown Source)
	at java.base/java.util.concurrent.ForkJoinTask.doExec(Unknown Source)
	at java.base/java.util.concurrent.ForkJoinPool$WorkQueue.topLevelExec(Unknown Source)
	at java.base/java.util.concurrent.ForkJoinPool.runWorker(Unknown Source)
	at java.base/java.util.concurrent.ForkJoinWorkerThread.run(Unknown Source)
[22:11:26] [ForkJoinPool.commonPool-worker-2/INFO] load sprites for 103ms
[22:11:26] [ForkJoinPool.commonPool-worker-2/INFO] Created: 2048x2048 textures-atlas in 126ms
[22:11:26] [Client thread/INFO] [STDOUT]: [Enginex v5.13.14 - AzerusMod] Initialization with mod AzerusMod
[22:11:26] [Client thread/INFO] [STDOUT]: Loaded 959 custom block colors!
[22:11:26] [Client thread/INFO] [STDOUT]: Loaded 29 ignored map blocks!
[22:11:26] [Client thread/INFO] Loaded mod AzerusMod v1.1.2+db5e32f4e in 523 ms
[22:11:26] [Client thread/INFO] Playing audio: https://storage.c7x.dev/majesty/azerus/theme/background-9.mp3
[22:11:26] [ForkJoinPool.commonPool-worker-8/INFO] [DEBUG] Atlas assembly for 8.275ms
[22:11:26] [Client thread/INFO] [DEBUG] upload atlas for 10.979ms
[22:11:26] [Client thread/INFO] [DEBUG] Generate mipmaps for 0.004ms
[22:11:26] [Client thread/INFO] [OptiFine] Animated sprites: 0
[22:11:26] [Client thread/INFO] [OptiFine] CustomColors: Loading mcpatcher/color.properties
[22:11:26] [Client thread/INFO] [OptiFine] CustomEntityModel: optifine/cem/bat.jem
[22:11:26] [Client thread/INFO] [OptiFine] CustomEntityModel: optifine/cem/blaze.jem
[22:11:26] [Client thread/INFO] [OptiFine] CustomEntityModel: optifine/cem/cave_spider.jem
[22:11:26] [Client thread/INFO] [OptiFine] CustomEntityModel: optifine/cem/chicken.jem
[22:11:26] [Client thread/INFO] [OptiFine] CustomEntityModel: optifine/cem/guardian.jem
[22:11:26] [Client thread/INFO] [OptiFine] CustomEntityModel: optifine/cem/pig.jem
[22:11:26] [Client thread/INFO] [OptiFine] CustomEntityModel: optifine/cem/sheep.jem
[22:11:26] [Client thread/INFO] [OptiFine] CustomEntityModel: optifine/cem/spider.jem
[22:11:26] [Client thread/INFO] [OptiFine] CustomEntityModel: optifine/cem/witch.jem
[22:11:26] [Client thread/WARN] [OptiFine] Model part not found: headwear, model: #TXZeV@fc2085d
[22:11:26] [Client thread/INFO] Textures loaded for 533.955ms
[22:11:26] [Thread-63/INFO] [STDOUT]: [Enginex v5.13.12 - AzerusGuildMod] Successfully initialized
[22:11:26] [Thread-64/INFO] [STDOUT]: [Enginex v5.13.14 - AzerusMod] Successfully initialized
[22:11:26] [Audio Play Thread/INFO] Playing audio: https://storage.c7x.dev/majesty/azerus/theme/background-9.mp3 is successful
[22:11:37] [Client thread/INFO] [CHAT] [20] V ┃ pablopicasso » А где найти черную розу?
[22:11:49] [Client thread/INFO] [CHAT] [62] MVP+ ┃ paleanna » Рядом с нпс Дориан, выше порта на карте
[22:11:51] [Client thread/INFO] [CHAT] Вы уклонились от атаки!
[22:11:53] [Client thread/INFO] [CHAT]  Получено 11 опыта
[22:11:53] [Client thread/INFO] [CHAT] Вы достигли 11 уровня! Поздравляем!
[22:12:05] [Client thread/INFO] [CHAT] [46] V ┃ nikitosss_1 » нету
[22:12:06] [Network thread/INFO] Protocol upgrade mask: 157
[22:12:06] [Network thread/INFO] Upgrading protocol
[22:12:06] [Client thread/INFO] Invalidating server data
[22:12:06] [Client thread/INFO] Unloading mod AzerusMod/d8baa80a-7f79-8b6c-a07f-a84f0982faaa
[22:12:06] [Client thread/INFO] Unloading mod AzerusGuildMod/80860eb3-ef46-0d9e-1bc9-2df618d904e3
[22:12:06] [Client thread/INFO] [STDOUT]: [Enginex v5.16.1 - Wada] [Wada/debug] reload requested: ServerSwitch
[22:12:06] [Client thread/INFO] [STDOUT]: [Enginex v5.16.1 - Wada] [Wada/debug] cleanAndReload begin: sessionId=15, awaitingHandshake=true
[22:12:06] [Client thread/INFO] [STDOUT]: [Enginex v5.16.1 - Wada] VAO support: true
[22:12:06] [Client thread/INFO] [STDOUT]: [Enginex v5.16.1 - Wada] Initialization with mod Wada
[22:12:06] [Client thread/INFO] [STDOUT]: [Enginex v5.16.1 - Wada] Successfully initialized
[22:12:06] [Client thread/INFO] Joining server Хаб #15
[22:12:06] [Client thread/INFO] Reloading ResourceManager: assets-addon.jar, Default
[22:12:06] [Client thread/WARN] Missing sound for event: minecraft:entity.turtle.ambient
[22:12:06] [Client thread/WARN] Missing sound for event: minecraft:entity.turtle.baby_hurt
[22:12:06] [Client thread/WARN] Missing sound for event: minecraft:entity.turtle.hurt
[22:12:06] [Client thread/WARN] Missing sound for event: minecraft:entity.turtle.baby_death
[22:12:06] [Client thread/WARN] Missing sound for event: minecraft:entity.turtle.death
[22:12:06] [Client thread/WARN] Missing sound for event: minecraft:entity.turtle.baby_step
[22:12:06] [Client thread/WARN] Missing sound for event: minecraft:entity.turtle.step
[22:12:06] [Client thread/WARN] Missing sound for event: minecraft:entity.turtle.swim
[22:12:06] [Client thread/WARN] Missing sound for event: minecraft:block.turtle_egg.crack
[22:12:06] [Client thread/WARN] Missing sound for event: minecraft:block.turtle_egg.egg_break
[22:12:06] [Client thread/WARN] Missing sound for event: minecraft:block.turtle_egg.fall
[22:12:06] [Client thread/WARN] Missing sound for event: minecraft:block.turtle_egg.hatch
[22:12:06] [Client thread/INFO] SoundSystem shutting down...
[22:12:06] [Client thread/WARN] Author: Paul Lamb, www.paulscode.com
[22:12:06] [Client thread/INFO] Starting up SoundSystem...
[22:12:06] [Thread-65/INFO] Initializing LWJGL OpenAL
[22:12:06] [Thread-65/INFO] (The LWJGL binding of OpenAL.  For more information, see http://www.lwjgl.org)
[22:12:06] [Thread-65/INFO] OpenAL audio device: OpenAL Soft on Динамики (MCHOSE V9 PRO)
[22:12:06] [Thread-65/INFO] OpenAL initialized.
[22:12:06] [Client thread/INFO] Sound engine reloaded
[22:12:06] [Client thread/INFO] Loaded mod Visual Driver/4fe0e880-be95-a293-b7f3-52a4a65a5859 v3.8.31+9da32142 in 5 ms
[22:12:06] [Client thread/INFO] Loaded mod HubMod/cbc16aa3-8920-e631-badf-200ef0923638 v1.4.5 in 9 ms
[22:12:07] [ForkJoinPool.commonPool-worker-3/WARN] Unable to load variant: axis=x from minecraft:lodestone#axis=x
[22:12:07] [ForkJoinPool.commonPool-worker-3/WARN] Unable to load variant: axis=y from minecraft:lodestone#axis=y
[22:12:07] [ForkJoinPool.commonPool-worker-3/WARN] Unable to load variant: axis=z from minecraft:lodestone#axis=z
[22:12:07] [ForkJoinPool.commonPool-worker-3/ERROR] Unable to load item model: 'minecraft:mcpatcher/cit/others/megumin_hat#inventory' for item: 'minecraft:mcpatcher/cit/others/megumin_hat'
[22:12:07] [ForkJoinPool.commonPool-worker-3/INFO] [OptiFine] Mipmap levels: 4
[22:12:07] [ForkJoinPool.commonPool-worker-3/INFO] [OptiFine] Multi-texturing: false
[22:12:07] [ForkJoinPool.commonPool-worker-3/INFO] [OptiFine] Multipass connected textures: false
[22:12:07] [ForkJoinPool.commonPool-worker-3/INFO] [OptiFine] BetterGrass: Parsing default configuration optifine/bettergrass.properties
[22:12:07] [ForkJoinPool.commonPool-worker-3/FATAL] [OptiFine] Scaled too small texture: minecraft:particles/glow_2, 8 -> 16
[22:12:07] [ForkJoinPool.commonPool-worker-3/FATAL] [OptiFine] Scaled too small texture: minecraft:particles/glow_1, 8 -> 16
[22:12:07] [ForkJoinPool.commonPool-worker-3/FATAL] [OptiFine] Scaled too small texture: minecraft:particles/glow_0, 8 -> 16
[22:12:07] [ForkJoinPool.commonPool-worker-3/FATAL] [OptiFine] Scaled too small texture: minecraft:particles/glow_6, 8 -> 16
[22:12:07] [ForkJoinPool.commonPool-worker-3/FATAL] [OptiFine] Scaled too small texture: minecraft:particles/glow_5, 8 -> 16
[22:12:07] [ForkJoinPool.commonPool-worker-3/FATAL] [OptiFine] Scaled too small texture: minecraft:particles/glow_4, 8 -> 16
[22:12:07] [ForkJoinPool.commonPool-worker-3/FATAL] [OptiFine] Scaled too small texture: minecraft:particles/glow_3, 8 -> 16
[22:12:07] [ForkJoinPool.commonPool-worker-3/FATAL] [OptiFine] Scaled too small texture: minecraft:particles/glow_9, 8 -> 16
[22:12:07] [ForkJoinPool.commonPool-worker-3/FATAL] [OptiFine] Scaled too small texture: minecraft:particles/glow_8, 8 -> 16
[22:12:07] [ForkJoinPool.commonPool-worker-3/FATAL] [OptiFine] Scaled too small texture: minecraft:particles/glow_7, 8 -> 16
[22:12:07] [ForkJoinPool.commonPool-worker-3/FATAL] [OptiFine] Scaled too small texture: minecraft:particles/glow_11, 8 -> 16
[22:12:07] [ForkJoinPool.commonPool-worker-3/FATAL] [OptiFine] Scaled too small texture: minecraft:particles/glow_10, 8 -> 16
[22:12:07] [ForkJoinPool.commonPool-worker-3/FATAL] [OptiFine] Scaled too small texture: minecraft:particles/glow_13, 8 -> 16
[22:12:07] [ForkJoinPool.commonPool-worker-3/FATAL] [OptiFine] Scaled too small texture: minecraft:particles/glow_12, 8 -> 16
[22:12:07] [ForkJoinPool.commonPool-worker-3/FATAL] [OptiFine] Scaled too small texture: minecraft:particles/glow_15, 8 -> 16
[22:12:07] [ForkJoinPool.commonPool-worker-3/FATAL] [OptiFine] Scaled too small texture: minecraft:particles/glow_14, 8 -> 16
[22:12:07] [ForkJoinPool.commonPool-worker-3/INFO] load sprites for 19ms
[22:12:07] [ForkJoinPool.commonPool-worker-3/INFO] Created: 1024x1024 textures-atlas in 45ms
[22:12:07] [ForkJoinPool.commonPool-worker-3/INFO] [DEBUG] Atlas assembly for 4.922ms
[22:12:07] [Client thread/INFO] [DEBUG] upload atlas for 1.870ms
[22:12:07] [Client thread/INFO] [DEBUG] Generate mipmaps for 0.008ms
[22:12:07] [Client thread/INFO] [OptiFine] Animated sprites: 0
[22:12:07] [Client thread/INFO] [OptiFine] CustomColors: Loading mcpatcher/color.properties
[22:12:07] [Client thread/INFO] Textures loaded for 807.479ms
[22:12:08] [Client thread/INFO] [STDOUT]: [Enginex v5.16.1 - Wada] [Wada/debug] handshake complete (w4:load), awaitingHandshake=false, sessionId=15
[22:12:42] [Network thread/INFO] Protocol upgrade mask: 157
[22:12:42] [Network thread/INFO] Upgrading protocol
[22:12:42] [Client thread/INFO] Invalidating server data
[22:12:42] [Client thread/INFO] Unloading mod Visual Driver/4fe0e880-be95-a293-b7f3-52a4a65a5859
[22:12:42] [Client thread/INFO] Unloading mod HubMod/cbc16aa3-8920-e631-badf-200ef0923638
[22:12:42] [Client thread/INFO] [STDOUT]: [Enginex v5.16.1 - Wada] [Wada/debug] reload requested: ServerSwitch
[22:12:42] [Client thread/INFO] [STDOUT]: [Enginex v5.16.1 - Wada] [Wada/debug] cleanAndReload begin: sessionId=16, awaitingHandshake=true
[22:12:42] [Client thread/INFO] [STDOUT]: [Enginex v5.16.1 - Wada] VAO support: true
[22:12:42] [Client thread/INFO] [STDOUT]: [Enginex v5.16.1 - Wada] Initialization with mod Wada
[22:12:42] [Client thread/INFO] [STDOUT]: [Enginex v5.16.1 - Wada] Successfully initialized
[22:12:43] [Client thread/INFO] Loaded mod Visual Driver/4fe0e880-be95-a293-b7f3-52a4a65a5859 v3.8.31+9da32142 in 3 ms
[22:12:43] [Client thread/INFO] Joining server Лобби настолок #1
[22:12:44] [ForkJoinPool.commonPool-worker-5/INFO] Found file C:\Users\tveiv\.cristalix\updates\Minigames\server-resource-packs\1768dae9d314f40c5bd0cc183389584421d43aa1 matching requested hash ca802b33061033fe15bf8c549d121477a853cfd2
[22:12:44] [ForkJoinPool.commonPool-worker-5/INFO] Allocated new cache for server resource pack
[22:12:44] [Client thread/INFO] Reloading ResourceManager: assets-addon.jar, Default, 1768dae9d314f40c5bd0cc183389584421d43aa1
[22:12:44] [Client thread/WARN] Missing sound for event: minecraft:entity.turtle.ambient
[22:12:44] [Client thread/WARN] Missing sound for event: minecraft:entity.turtle.baby_hurt
[22:12:44] [Client thread/WARN] Missing sound for event: minecraft:entity.turtle.hurt
[22:12:44] [Client thread/WARN] Missing sound for event: minecraft:entity.turtle.baby_death
[22:12:44] [Client thread/WARN] Missing sound for event: minecraft:entity.turtle.death
[22:12:44] [Client thread/WARN] Missing sound for event: minecraft:entity.turtle.baby_step
[22:12:44] [Client thread/WARN] Missing sound for event: minecraft:entity.turtle.step
[22:12:44] [Client thread/WARN] Missing sound for event: minecraft:entity.turtle.swim
[22:12:44] [Client thread/WARN] Missing sound for event: minecraft:block.turtle_egg.crack
[22:12:44] [Client thread/WARN] Missing sound for event: minecraft:block.turtle_egg.egg_break
[22:12:44] [Client thread/WARN] Missing sound for event: minecraft:block.turtle_egg.fall
[22:12:44] [Client thread/WARN] Missing sound for event: minecraft:block.turtle_egg.hatch
[22:12:44] [Client thread/INFO] SoundSystem shutting down...
[22:12:44] [Client thread/WARN] Author: Paul Lamb, www.paulscode.com
[22:12:44] [Client thread/INFO] Starting up SoundSystem...
[22:12:44] [Thread-70/INFO] Initializing LWJGL OpenAL
[22:12:44] [Thread-70/INFO] (The LWJGL binding of OpenAL.  For more information, see http://www.lwjgl.org)
[22:12:44] [Thread-70/INFO] OpenAL audio device: OpenAL Soft on Динамики (MCHOSE V9 PRO)
[22:12:44] [Thread-70/INFO] OpenAL initialized.
[22:12:44] [Client thread/INFO] Sound engine reloaded
[22:12:44] [ForkJoinPool.commonPool-worker-5/WARN] Unable to load variant: axis=x from minecraft:lodestone#axis=x
[22:12:44] [ForkJoinPool.commonPool-worker-5/WARN] Unable to load variant: axis=y from minecraft:lodestone#axis=y
[22:12:44] [ForkJoinPool.commonPool-worker-5/WARN] Unable to load variant: axis=z from minecraft:lodestone#axis=z
[22:12:44] [Client thread/INFO] [STDOUT]: [Enginex v5.16.1 - Wada] [Wada/debug] handshake complete (w4:load), awaitingHandshake=false, sessionId=16
[22:12:44] [ForkJoinPool.commonPool-worker-5/ERROR] Unable to load item model: 'minecraft:mcpatcher/cit/others/megumin_hat#inventory' for item: 'minecraft:mcpatcher/cit/others/megumin_hat'
[22:12:44] [ForkJoinPool.commonPool-worker-5/INFO] [OptiFine] Mipmap levels: 4
[22:12:44] [ForkJoinPool.commonPool-worker-5/INFO] [OptiFine] Multi-texturing: false
[22:12:44] [ForkJoinPool.commonPool-worker-5/INFO] [OptiFine] Multipass connected textures: false
[22:12:44] [ForkJoinPool.commonPool-worker-5/INFO] [OptiFine] BetterGrass: Parsing default configuration optifine/bettergrass.properties
[22:12:44] [ForkJoinPool.commonPool-worker-5/FATAL] [OptiFine] Scaled too small texture: minecraft:particles/glow_2, 8 -> 16
[22:12:44] [ForkJoinPool.commonPool-worker-5/FATAL] [OptiFine] Scaled too small texture: minecraft:particles/glow_1, 8 -> 16
[22:12:44] [ForkJoinPool.commonPool-worker-5/FATAL] [OptiFine] Scaled too small texture: minecraft:particles/glow_0, 8 -> 16
[22:12:44] [ForkJoinPool.commonPool-worker-5/FATAL] [OptiFine] Scaled too small texture: minecraft:particles/glow_6, 8 -> 16
[22:12:44] [ForkJoinPool.commonPool-worker-5/FATAL] [OptiFine] Scaled too small texture: minecraft:particles/glow_5, 8 -> 16
[22:12:44] [ForkJoinPool.commonPool-worker-5/FATAL] [OptiFine] Scaled too small texture: minecraft:particles/glow_4, 8 -> 16
[22:12:44] [ForkJoinPool.commonPool-worker-5/FATAL] [OptiFine] Scaled too small texture: minecraft:particles/glow_3, 8 -> 16
[22:12:44] [ForkJoinPool.commonPool-worker-5/FATAL] [OptiFine] Scaled too small texture: minecraft:particles/glow_9, 8 -> 16
[22:12:44] [ForkJoinPool.commonPool-worker-5/FATAL] [OptiFine] Scaled too small texture: minecraft:particles/glow_8, 8 -> 16
[22:12:44] [ForkJoinPool.commonPool-worker-5/FATAL] [OptiFine] Scaled too small texture: minecraft:particles/glow_7, 8 -> 16
[22:12:44] [ForkJoinPool.commonPool-worker-5/FATAL] [OptiFine] Scaled too small texture: minecraft:particles/glow_11, 8 -> 16
[22:12:44] [ForkJoinPool.commonPool-worker-5/FATAL] [OptiFine] Scaled too small texture: minecraft:particles/glow_10, 8 -> 16
[22:12:44] [ForkJoinPool.commonPool-worker-5/FATAL] [OptiFine] Scaled too small texture: minecraft:particles/glow_13, 8 -> 16
[22:12:44] [ForkJoinPool.commonPool-worker-5/FATAL] [OptiFine] Scaled too small texture: minecraft:particles/glow_12, 8 -> 16
[22:12:44] [ForkJoinPool.commonPool-worker-5/FATAL] [OptiFine] Scaled too small texture: minecraft:particles/glow_15, 8 -> 16
[22:12:44] [ForkJoinPool.commonPool-worker-5/FATAL] [OptiFine] Scaled too small texture: minecraft:particles/glow_14, 8 -> 16
[22:12:44] [ForkJoinPool.commonPool-worker-5/INFO] load sprites for 34ms
[22:12:44] [ForkJoinPool.commonPool-worker-5/INFO] Created: 2048x1024 textures-atlas in 49ms
[22:12:44] [ForkJoinPool.commonPool-worker-5/INFO] [DEBUG] Atlas assembly for 4.551ms
[22:12:44] [Client thread/INFO] [DEBUG] upload atlas for 3.063ms
[22:12:44] [Client thread/INFO] [DEBUG] Generate mipmaps for 0.005ms
[22:12:44] [Client thread/INFO] [OptiFine] Animated sprites: 0
[22:12:44] [Client thread/INFO] [OptiFine] CustomColors: Loading mcpatcher/color.properties
[22:12:44] [Client thread/INFO] Textures loaded for 395.146ms
[22:12:44] [Client thread/INFO] Start loading of mod BoardGamesLobby
[22:12:44] [Client thread/INFO] Loading classes of BoardGamesLobby
[22:12:44] [ForkJoinPool.commonPool-worker-5/INFO] BoardGamesLobby-v2.0.0+5635031: class verification completed in 12ms
[22:12:44] [ForkJoinPool.commonPool-worker-5/INFO] BoardGamesLobby-v2.0.0+5635031: defineClasses completed in 0ms
[22:12:44] [ForkJoinPool.commonPool-worker-5/INFO] Loaded classes in mod BoardGamesLobby in 13 ms
[22:12:44] [Client thread/INFO] Loading mod BoardGamesLobby v2.0.0+5635031 by BOGA-TEAM
[22:12:44] [Client thread/INFO] [STDOUT]: [Enginex v5.13.5 - BoardGamesLobby] VAO support: true
[22:12:45] [Client thread/INFO] [STDOUT]: [Enginex v5.13.5 - BoardGamesLobby] Initialization with mod BoardGamesLobby
[22:12:45] [Client thread/INFO] Loaded mod BoardGamesLobby v2.0.0+5635031 in 320 ms
[22:12:45] [Thread-72/INFO] [STDOUT]: [Enginex v5.13.5 - BoardGamesLobby] Successfully initialized
[22:12:56] [Network thread/INFO] Protocol upgrade mask: 157
[22:12:56] [Network thread/INFO] Upgrading protocol
[22:12:56] [Client thread/INFO] Invalidating server data
[22:12:56] [Client thread/INFO] Unloading mod BoardGamesLobby/443ae3c3-352b-782a-fa54-5de2cbcb111b
[22:12:56] [Client thread/INFO] Unloading mod Visual Driver/4fe0e880-be95-a293-b7f3-52a4a65a5859
[22:12:56] [Client thread/INFO] [STDOUT]: [Enginex v5.16.1 - Wada] [Wada/debug] reload requested: ServerSwitch
[22:12:56] [Client thread/INFO] [STDOUT]: [Enginex v5.16.1 - Wada] [Wada/debug] cleanAndReload begin: sessionId=17, awaitingHandshake=true
[22:12:56] [Client thread/INFO] [STDOUT]: [Enginex v5.16.1 - Wada] VAO support: true
[22:12:56] [Client thread/INFO] [STDOUT]: [Enginex v5.16.1 - Wada] Initialization with mod Wada
[22:12:56] [Client thread/INFO] [STDOUT]: [Enginex v5.16.1 - Wada] Successfully initialized
[22:12:56] [Client thread/INFO] Found file C:\Users\tveiv\.cristalix\updates\Minigames\server-resource-packs\40bb4597c7ce6b5b4690666d2a8804747a202ba3 matching requested hash 2a33a213ea168e73eaf34aeab631978eb6603e7b
[22:12:56] [Client thread/INFO] Cache hit
[22:12:56] [Client thread/INFO] Joining server VoidGame #2
[22:12:56] [Client thread/INFO] Reloading ResourceManager: assets-addon.jar, Default, 40bb4597c7ce6b5b4690666d2a8804747a202ba3
[22:12:56] [Client thread/WARN] Missing sound for event: minecraft:entity.turtle.ambient
[22:12:56] [Client thread/WARN] Missing sound for event: minecraft:entity.turtle.baby_hurt
[22:12:56] [Client thread/WARN] Missing sound for event: minecraft:entity.turtle.hurt
[22:12:56] [Client thread/WARN] Missing sound for event: minecraft:entity.turtle.baby_death
[22:12:56] [Client thread/WARN] Missing sound for event: minecraft:entity.turtle.death
[22:12:56] [Client thread/WARN] Missing sound for event: minecraft:entity.turtle.baby_step
[22:12:56] [Client thread/WARN] Missing sound for event: minecraft:entity.turtle.step
[22:12:56] [Client thread/WARN] Missing sound for event: minecraft:entity.turtle.swim
[22:12:56] [Client thread/WARN] Missing sound for event: minecraft:block.turtle_egg.crack
[22:12:56] [Client thread/WARN] Missing sound for event: minecraft:block.turtle_egg.egg_break
[22:12:56] [Client thread/WARN] Missing sound for event: minecraft:block.turtle_egg.fall
[22:12:56] [Client thread/WARN] Missing sound for event: minecraft:block.turtle_egg.hatch
[22:12:56] [Client thread/INFO] SoundSystem shutting down...
[22:12:56] [Client thread/WARN] Author: Paul Lamb, www.paulscode.com
[22:12:56] [Client thread/INFO] Starting up SoundSystem...
[22:12:56] [Thread-73/INFO] Initializing LWJGL OpenAL
[22:12:56] [Thread-73/INFO] (The LWJGL binding of OpenAL.  For more information, see http://www.lwjgl.org)
[22:12:56] [Thread-73/INFO] OpenAL audio device: OpenAL Soft on Динамики (MCHOSE V9 PRO)
[22:12:56] [Thread-73/INFO] OpenAL initialized.
[22:12:56] [Client thread/INFO] Sound engine reloaded
[22:12:56] [ForkJoinPool.commonPool-worker-7/WARN] Unable to load variant: axis=x from minecraft:lodestone#axis=x
[22:12:56] [ForkJoinPool.commonPool-worker-7/WARN] Unable to load variant: axis=y from minecraft:lodestone#axis=y
[22:12:56] [ForkJoinPool.commonPool-worker-7/WARN] Unable to load variant: axis=z from minecraft:lodestone#axis=z
[22:12:56] [ForkJoinPool.commonPool-worker-7/ERROR] Unable to load item model: 'minecraft:mcpatcher/cit/others/megumin_hat#inventory' for item: 'minecraft:mcpatcher/cit/others/megumin_hat'
[22:12:56] [ForkJoinPool.commonPool-worker-7/INFO] [OptiFine] Mipmap levels: 4
[22:12:56] [ForkJoinPool.commonPool-worker-7/INFO] [OptiFine] Multi-texturing: false
[22:12:56] [ForkJoinPool.commonPool-worker-7/INFO] [OptiFine] Multipass connected textures: false
[22:12:56] [ForkJoinPool.commonPool-worker-7/INFO] [OptiFine] BetterGrass: Parsing default configuration optifine/bettergrass.properties
[22:12:56] [ForkJoinPool.commonPool-worker-7/FATAL] [OptiFine] Scaled too small texture: minecraft:particles/glow_2, 8 -> 16
[22:12:56] [ForkJoinPool.commonPool-worker-7/FATAL] [OptiFine] Scaled too small texture: minecraft:particles/glow_1, 8 -> 16
[22:12:56] [ForkJoinPool.commonPool-worker-7/FATAL] [OptiFine] Scaled too small texture: minecraft:particles/glow_0, 8 -> 16
[22:12:56] [ForkJoinPool.commonPool-worker-7/FATAL] [OptiFine] Scaled too small texture: minecraft:particles/glow_6, 8 -> 16
[22:12:56] [ForkJoinPool.commonPool-worker-7/FATAL] [OptiFine] Scaled too small texture: minecraft:particles/glow_5, 8 -> 16
[22:12:56] [ForkJoinPool.commonPool-worker-7/FATAL] [OptiFine] Scaled too small texture: minecraft:particles/glow_4, 8 -> 16
[22:12:56] [ForkJoinPool.commonPool-worker-7/FATAL] [OptiFine] Scaled too small texture: minecraft:particles/glow_3, 8 -> 16
[22:12:56] [ForkJoinPool.commonPool-worker-7/FATAL] [OptiFine] Scaled too small texture: minecraft:particles/glow_9, 8 -> 16
[22:12:56] [ForkJoinPool.commonPool-worker-7/FATAL] [OptiFine] Scaled too small texture: minecraft:particles/glow_8, 8 -> 16
[22:12:56] [ForkJoinPool.commonPool-worker-7/FATAL] [OptiFine] Scaled too small texture: minecraft:particles/glow_7, 8 -> 16
[22:12:56] [ForkJoinPool.commonPool-worker-7/ERROR] Using missing texture, unable to load minecraft:textures/items/wooden_sword.png
[22:12:56] [ForkJoinPool.commonPool-worker-7/FATAL] [OptiFine] Scaled too small texture: minecraft:particles/glow_11, 8 -> 16
[22:12:56] [ForkJoinPool.commonPool-worker-7/FATAL] [OptiFine] Scaled too small texture: minecraft:particles/glow_10, 8 -> 16
[22:12:56] [ForkJoinPool.commonPool-worker-7/FATAL] [OptiFine] Scaled too small texture: minecraft:particles/glow_13, 8 -> 16
[22:12:56] [ForkJoinPool.commonPool-worker-7/FATAL] [OptiFine] Scaled too small texture: minecraft:particles/glow_12, 8 -> 16
[22:12:56] [ForkJoinPool.commonPool-worker-7/FATAL] [OptiFine] Scaled too small texture: minecraft:particles/glow_15, 8 -> 16
[22:12:56] [ForkJoinPool.commonPool-worker-7/FATAL] [OptiFine] Scaled too small texture: minecraft:particles/glow_14, 8 -> 16
[22:12:56] [ForkJoinPool.commonPool-worker-7/INFO] load sprites for 6ms
[22:12:57] [ForkJoinPool.commonPool-worker-7/INFO] Created: 1024x1024 textures-atlas in 22ms
[22:12:57] [ForkJoinPool.commonPool-worker-7/INFO] [DEBUG] Atlas assembly for 4.580ms
[22:12:57] [Client thread/INFO] [DEBUG] upload atlas for 2.004ms
[22:12:57] [Client thread/INFO] [DEBUG] Generate mipmaps for 0.004ms
[22:12:57] [Client thread/INFO] [OptiFine] Animated sprites: 0
[22:12:57] [Client thread/INFO] [OptiFine] CustomColors: Loading mcpatcher/color.properties
[22:12:57] [Client thread/INFO] Textures loaded for 324.942ms
[22:12:57] [Client thread/INFO] [STDOUT]: [Enginex v5.16.1 - Wada] [Wada/debug] handshake complete (w4:load), awaitingHandshake=false, sessionId=17
[22:12:58] [Client thread/INFO] Start loading of mod VoidMod
[22:12:58] [Client thread/INFO] Loading mod VoidMod v1.0+089d877 by ZeksterP
[22:12:58] [Client thread/INFO] [STDOUT]: [Enginex v5.13.11-TEST-2 - VoidMod] VAO support: true
[22:12:58] [Client thread/INFO] [STDOUT]: [Enginex v5.13.11-TEST-2 - VoidMod] Initialization with mod VoidMod
[22:12:58] [Client thread/INFO] [STDOUT]: [Enginex v5.13.11-TEST-2 - VoidMod] Successfully initialized
[22:12:58] [Client thread/INFO] Loaded mod VoidMod v1.0+089d877 in 650 ms
[22:13:22] [Client thread/INFO] [CHAT] [29] I ┃ JonY_00 » Чо из этого лучше?
[22:13:38] [Client thread/INFO] [CHAT] [30] P ┃ Flutty_ » Кто поможет пройти 25 2 усложнение?
[22:14:27] [Client thread/INFO] [CHAT] [30] P ┃ Flutty_ » :(
[22:15:58] [Client thread/INFO] [CHAT] [8] Люцифер » скок зеленых бонусов в аккреционном диске??????
[22:16:01] [Client thread/INFO] [CHAT] [27] sinami_pup » 4
[22:16:02] [Client thread/INFO] [CHAT] [30] lorrivenchick » 4
[22:16:02] [Client thread/INFO] [CHAT] [21] KBAC21 » оо
[22:16:06] [Client thread/INFO] [CHAT] [21] KBAC21 » [Шлем из кошмара ⚝ +2]
[22:16:17] [Client thread/INFO] [CHAT] [30] P ┃ Flutty_ » Кто поможет пройти 25 2 усложнение?
[22:16:58] [Network thread/INFO] Protocol upgrade mask: 157
[22:16:58] [Network thread/INFO] Upgrading protocol
[22:16:58] [Client thread/INFO] Invalidating server data
[22:16:58] [Client thread/INFO] Unloading mod VoidMod/73553c0c-f559-8151-4887-49cba73e0ebb
[22:16:58] [Client thread/INFO] [STDOUT]: [Enginex v5.16.1 - Wada] [Wada/debug] reload requested: ServerSwitch
[22:16:58] [Client thread/INFO] [STDOUT]: [Enginex v5.16.1 - Wada] [Wada/debug] cleanAndReload begin: sessionId=18, awaitingHandshake=true
[22:16:58] [Client thread/INFO] [STDOUT]: [Enginex v5.16.1 - Wada] VAO support: true
[22:16:58] [Client thread/INFO] [STDOUT]: [Enginex v5.16.1 - Wada] Initialization with mod Wada
[22:16:58] [Client thread/INFO] [STDOUT]: [Enginex v5.16.1 - Wada] Successfully initialized
[22:16:58] [Client thread/INFO] Joining server Хаб #13
[22:16:58] [Client thread/INFO] Reloading ResourceManager: assets-addon.jar, Default
[22:16:58] [Client thread/WARN] Missing sound for event: minecraft:entity.turtle.ambient
[22:16:58] [Client thread/WARN] Missing sound for event: minecraft:entity.turtle.baby_hurt
[22:16:58] [Client thread/WARN] Missing sound for event: minecraft:entity.turtle.hurt
[22:16:58] [Client thread/WARN] Missing sound for event: minecraft:entity.turtle.baby_death
[22:16:58] [Client thread/WARN] Missing sound for event: minecraft:entity.turtle.death
[22:16:58] [Client thread/WARN] Missing sound for event: minecraft:entity.turtle.baby_step
[22:16:58] [Client thread/WARN] Missing sound for event: minecraft:entity.turtle.step
[22:16:58] [Client thread/WARN] Missing sound for event: minecraft:entity.turtle.swim
[22:16:58] [Client thread/WARN] Missing sound for event: minecraft:block.turtle_egg.crack
[22:16:58] [Client thread/WARN] Missing sound for event: minecraft:block.turtle_egg.egg_break
[22:16:58] [Client thread/WARN] Missing sound for event: minecraft:block.turtle_egg.fall
[22:16:58] [Client thread/WARN] Missing sound for event: minecraft:block.turtle_egg.hatch
[22:16:58] [Client thread/INFO] SoundSystem shutting down...
[22:16:58] [Client thread/WARN] Author: Paul Lamb, www.paulscode.com
[22:16:58] [Client thread/INFO] Starting up SoundSystem...
[22:16:58] [Thread-76/INFO] Initializing LWJGL OpenAL
[22:16:58] [Thread-76/INFO] (The LWJGL binding of OpenAL.  For more information, see http://www.lwjgl.org)
[22:16:58] [Thread-76/INFO] OpenAL audio device: OpenAL Soft on Динамики (MCHOSE V9 PRO)
[22:16:58] [Thread-76/INFO] OpenAL initialized.
[22:16:58] [Client thread/INFO] Sound engine reloaded
[22:16:58] [ForkJoinPool.commonPool-worker-1/WARN] Unable to load variant: axis=x from minecraft:lodestone#axis=x
[22:16:58] [ForkJoinPool.commonPool-worker-1/WARN] Unable to load variant: axis=y from minecraft:lodestone#axis=y
[22:16:58] [ForkJoinPool.commonPool-worker-1/WARN] Unable to load variant: axis=z from minecraft:lodestone#axis=z
[22:16:58] [ForkJoinPool.commonPool-worker-1/ERROR] Unable to load item model: 'minecraft:mcpatcher/cit/others/megumin_hat#inventory' for item: 'minecraft:mcpatcher/cit/others/megumin_hat'
[22:16:58] [ForkJoinPool.commonPool-worker-1/INFO] [OptiFine] Mipmap levels: 4
[22:16:58] [ForkJoinPool.commonPool-worker-1/INFO] [OptiFine] Multi-texturing: false
[22:16:58] [ForkJoinPool.commonPool-worker-1/INFO] [OptiFine] Multipass connected textures: false
[22:16:58] [ForkJoinPool.commonPool-worker-1/INFO] [OptiFine] BetterGrass: Parsing default configuration optifine/bettergrass.properties
[22:16:58] [ForkJoinPool.commonPool-worker-1/FATAL] [OptiFine] Scaled too small texture: minecraft:particles/glow_2, 8 -> 16
[22:16:58] [ForkJoinPool.commonPool-worker-1/FATAL] [OptiFine] Scaled too small texture: minecraft:particles/glow_1, 8 -> 16
[22:16:58] [ForkJoinPool.commonPool-worker-1/FATAL] [OptiFine] Scaled too small texture: minecraft:particles/glow_0, 8 -> 16
[22:16:58] [ForkJoinPool.commonPool-worker-1/FATAL] [OptiFine] Scaled too small texture: minecraft:particles/glow_6, 8 -> 16
[22:16:58] [ForkJoinPool.commonPool-worker-1/FATAL] [OptiFine] Scaled too small texture: minecraft:particles/glow_5, 8 -> 16
[22:16:58] [ForkJoinPool.commonPool-worker-1/FATAL] [OptiFine] Scaled too small texture: minecraft:particles/glow_4, 8 -> 16
[22:16:58] [ForkJoinPool.commonPool-worker-1/FATAL] [OptiFine] Scaled too small texture: minecraft:particles/glow_3, 8 -> 16
[22:16:58] [ForkJoinPool.commonPool-worker-1/FATAL] [OptiFine] Scaled too small texture: minecraft:particles/glow_9, 8 -> 16
[22:16:58] [ForkJoinPool.commonPool-worker-1/FATAL] [OptiFine] Scaled too small texture: minecraft:particles/glow_8, 8 -> 16
[22:16:58] [ForkJoinPool.commonPool-worker-1/FATAL] [OptiFine] Scaled too small texture: minecraft:particles/glow_7, 8 -> 16
[22:16:58] [ForkJoinPool.commonPool-worker-1/FATAL] [OptiFine] Scaled too small texture: minecraft:particles/glow_11, 8 -> 16
[22:16:58] [ForkJoinPool.commonPool-worker-1/FATAL] [OptiFine] Scaled too small texture: minecraft:particles/glow_10, 8 -> 16
[22:16:58] [ForkJoinPool.commonPool-worker-1/FATAL] [OptiFine] Scaled too small texture: minecraft:particles/glow_13, 8 -> 16
[22:16:58] [ForkJoinPool.commonPool-worker-1/FATAL] [OptiFine] Scaled too small texture: minecraft:particles/glow_12, 8 -> 16
[22:16:58] [ForkJoinPool.commonPool-worker-1/FATAL] [OptiFine] Scaled too small texture: minecraft:particles/glow_15, 8 -> 16
[22:16:58] [ForkJoinPool.commonPool-worker-1/FATAL] [OptiFine] Scaled too small texture: minecraft:particles/glow_14, 8 -> 16
[22:16:58] [ForkJoinPool.commonPool-worker-1/INFO] load sprites for 3ms
[22:16:58] [ForkJoinPool.commonPool-worker-1/INFO] Created: 1024x1024 textures-atlas in 16ms
[22:16:58] [ForkJoinPool.commonPool-worker-1/INFO] [DEBUG] Atlas assembly for 1.524ms
[22:16:58] [Client thread/INFO] [DEBUG] upload atlas for 1.132ms
[22:16:58] [Client thread/INFO] [DEBUG] Generate mipmaps for 0.003ms
[22:16:58] [Client thread/INFO] [OptiFine] Animated sprites: 0
[22:16:58] [Client thread/INFO] [OptiFine] CustomColors: Loading mcpatcher/color.properties
[22:16:58] [Client thread/INFO] Textures loaded for 302.075ms
[22:16:59] [Client thread/INFO] Loaded mod Visual Driver/4fe0e880-be95-a293-b7f3-52a4a65a5859 v3.8.31+9da32142 in 4 ms
[22:16:59] [Client thread/INFO] Loaded mod HubMod/cbc16aa3-8920-e631-badf-200ef0923638 v1.4.5 in 7 ms
[22:17:00] [Client thread/INFO] [STDOUT]: [Enginex v5.16.1 - Wada] [Wada/debug] handshake complete (w4:load), awaitingHandshake=false, sessionId=18
[22:17:39] [Network thread/INFO] Protocol upgrade mask: 157
[22:17:39] [Network thread/INFO] Upgrading protocol
[22:17:39] [Client thread/INFO] Invalidating server data
[22:17:39] [Client thread/INFO] Unloading mod Visual Driver/4fe0e880-be95-a293-b7f3-52a4a65a5859
[22:17:39] [Client thread/INFO] Unloading mod HubMod/cbc16aa3-8920-e631-badf-200ef0923638
[22:17:39] [Client thread/INFO] [STDOUT]: [Enginex v5.16.1 - Wada] [Wada/debug] reload requested: ServerSwitch
[22:17:39] [Client thread/INFO] [STDOUT]: [Enginex v5.16.1 - Wada] [Wada/debug] cleanAndReload begin: sessionId=19, awaitingHandshake=true
[22:17:39] [Client thread/INFO] [STDOUT]: [Enginex v5.16.1 - Wada] VAO support: true
[22:17:39] [Client thread/INFO] [STDOUT]: [Enginex v5.16.1 - Wada] Initialization with mod Wada
[22:17:39] [Client thread/INFO] [STDOUT]: [Enginex v5.16.1 - Wada] Successfully initialized
[22:17:39] [Client thread/INFO] [CHAT] 
[22:17:39] [Client thread/INFO] [CHAT]  Приветствуем вас в SkyBlock Lobby!
[22:17:39] [Client thread/INFO] [CHAT]  Здесь вы можете выбрать сервер для игры!
[22:17:39] [Client thread/INFO] [CHAT]            
[22:17:39] [Client thread/INFO] Found file C:\Users\tveiv\.cristalix\updates\Minigames\server-resource-packs\ab29721548f7356074fb22ca196a72ea79fca695 matching requested hash A05F981802AAEB980B10ADD6399100DE46214D3C
[22:17:39] [Client thread/INFO] Allocated new cache for server resource pack
[22:17:39] [Client thread/INFO] [CHAT] ------------------------\n\nХотите меньше стоять в очереди?\nУ нас есть для вас отличное предложение!\nВсего за 149 вы можете [КУПИТЬ] приоритет\nи всегда быть в начале очереди на сервер!\n\n------------------------
[22:17:39] [Client thread/INFO] Joining server SkyBlock Old Lobby
[22:17:39] [Client thread/INFO] Reloading ResourceManager: assets-addon.jar, Default, ab29721548f7356074fb22ca196a72ea79fca695
[22:17:39] [Client thread/WARN] Missing sound for event: minecraft:entity.turtle.ambient
[22:17:39] [Client thread/WARN] Missing sound for event: minecraft:entity.turtle.baby_hurt
[22:17:39] [Client thread/WARN] Missing sound for event: minecraft:entity.turtle.hurt
[22:17:39] [Client thread/WARN] Missing sound for event: minecraft:entity.turtle.baby_death
[22:17:39] [Client thread/WARN] Missing sound for event: minecraft:entity.turtle.death
[22:17:39] [Client thread/WARN] Missing sound for event: minecraft:entity.turtle.baby_step
[22:17:39] [Client thread/WARN] Missing sound for event: minecraft:entity.turtle.step
[22:17:39] [Client thread/WARN] Missing sound for event: minecraft:entity.turtle.swim
[22:17:39] [Client thread/WARN] Missing sound for event: minecraft:block.turtle_egg.crack
[22:17:39] [Client thread/WARN] Missing sound for event: minecraft:block.turtle_egg.egg_break
[22:17:39] [Client thread/WARN] Missing sound for event: minecraft:block.turtle_egg.fall
[22:17:39] [Client thread/WARN] Missing sound for event: minecraft:block.turtle_egg.hatch
[22:17:39] [Client thread/INFO] SoundSystem shutting down...
[22:17:39] [Client thread/WARN] Author: Paul Lamb, www.paulscode.com
[22:17:39] [Client thread/INFO] Starting up SoundSystem...
[22:17:39] [Thread-80/INFO] Initializing LWJGL OpenAL
[22:17:39] [Thread-80/INFO] (The LWJGL binding of OpenAL.  For more information, see http://www.lwjgl.org)
[22:17:39] [Thread-80/INFO] OpenAL audio device: OpenAL Soft on Динамики (MCHOSE V9 PRO)
[22:17:39] [Thread-80/INFO] OpenAL initialized.
[22:17:39] [Client thread/INFO] Sound engine reloaded
[22:17:39] [ForkJoinPool.commonPool-worker-1/WARN] Unable to load variant: axis=x from minecraft:lodestone#axis=x
[22:17:39] [ForkJoinPool.commonPool-worker-1/WARN] Unable to load variant: axis=y from minecraft:lodestone#axis=y
[22:17:39] [ForkJoinPool.commonPool-worker-1/WARN] Unable to load variant: axis=z from minecraft:lodestone#axis=z
[22:17:39] [ForkJoinPool.commonPool-worker-1/WARN] Unable to load block model: 'minecraft:block/simple_block_6258' for variant: 'minecraft:simple_block_6258#facing=west': #JVZLS 
[22:17:39] [ForkJoinPool.commonPool-worker-1/WARN] Unable to load block model: 'minecraft:block/simple_block_6188' for variant: 'minecraft:simple_block_6188#facing=east': #JVZLS 
[22:17:39] [ForkJoinPool.commonPool-worker-1/WARN] Unable to load block model: 'minecraft:block/simple_block_6214' for variant: 'minecraft:simple_block_6214#facing=south': #JVZLS 
[22:17:39] [ForkJoinPool.commonPool-worker-1/WARN] Unable to load block model: 'minecraft:block/simple_block_6169' for variant: 'minecraft:simple_block_6169#facing=north': #JVZLS 
[22:17:39] [ForkJoinPool.commonPool-worker-1/WARN] Unable to load block model: 'minecraft:block/simple_block_6170' for variant: 'minecraft:simple_block_6170#facing=south': #JVZLS 
[22:17:39] [ForkJoinPool.commonPool-worker-1/WARN] Unable to load block model: 'minecraft:block/simple_block_6328' for variant: 'minecraft:simple_block_6328#facing=west': #JVZLS 
[22:17:39] [ForkJoinPool.commonPool-worker-1/WARN] Unable to load block model: 'minecraft:block/simple_block_6289' for variant: 'minecraft:simple_block_6289#facing=east': #JVZLS 
[22:17:39] [ForkJoinPool.commonPool-worker-1/WARN] Unable to load block model: 'minecraft:block/simple_block_6289' for variant: 'minecraft:simple_block_6289#facing=west': #JVZLS 
[22:17:39] [ForkJoinPool.commonPool-worker-1/WARN] Unable to load block model: 'minecraft:block/simple_block_6328' for variant: 'minecraft:simple_block_6328#facing=east': #JVZLS 
[22:17:39] [ForkJoinPool.commonPool-worker-1/WARN] Unable to load block model: 'minecraft:block/simple_block_6239' for variant: 'minecraft:simple_block_6239#facing=north': #JVZLS 
[22:17:39] [ForkJoinPool.commonPool-worker-1/WARN] Unable to load block model: 'minecraft:block/simple_block_6315' for variant: 'minecraft:simple_block_6315#facing=south': #JVZLS 
[22:17:39] [ForkJoinPool.commonPool-worker-1/WARN] Unable to load block model: 'minecraft:block/simple_block_6245' for variant: 'minecraft:simple_block_6245#facing=south': #JVZLS 
[22:17:39] [ForkJoinPool.commonPool-worker-1/WARN] Unable to load block model: 'minecraft:block/simple_block_6309' for variant: 'minecraft:simple_block_6309#facing=north': #JVZLS 
[22:17:39] [ForkJoinPool.commonPool-worker-1/WARN] Unable to load block model: 'minecraft:block/simple_block_6258' for variant: 'minecraft:simple_block_6258#facing=east': #JVZLS 
[22:17:39] [ForkJoinPool.commonPool-worker-1/WARN] Unable to load block model: 'minecraft:block/simple_block_6284' for variant: 'minecraft:simple_block_6284#facing=west': #JVZLS 
[22:17:39] [ForkJoinPool.commonPool-worker-1/WARN] Unable to load block model: 'minecraft:block/simple_block_6265' for variant: 'minecraft:simple_block_6265#facing=north': #JVZLS 
[22:17:39] [ForkJoinPool.commonPool-worker-1/WARN] Unable to load block model: 'minecraft:block/simple_block_6157' for variant: 'minecraft:simple_block_6157#facing=east': #JVZLS 
[22:17:39] [ForkJoinPool.commonPool-worker-1/WARN] Unable to load block model: 'minecraft:block/simple_block_6183' for variant: 'minecraft:simple_block_6183#facing=west': #JVZLS 
[22:17:39] [ForkJoinPool.commonPool-worker-1/WARN] Unable to load block model: 'minecraft:block/simple_block_6253' for variant: 'minecraft:simple_block_6253#facing=east': #JVZLS 
[22:17:39] [ForkJoinPool.commonPool-worker-1/WARN] Unable to load block model: 'minecraft:block/simple_block_6157' for variant: 'minecraft:simple_block_6157#facing=west': #JVZLS 
[22:17:39] [ForkJoinPool.commonPool-worker-1/WARN] Unable to load block model: 'minecraft:block/simple_block_6310' for variant: 'minecraft:simple_block_6310#facing=south': #JVZLS 
[22:17:39] [ForkJoinPool.commonPool-worker-1/WARN] Unable to load block model: 'minecraft:block/simple_block_6219' for variant: 'minecraft:simple_block_6219#facing=south': #JVZLS 
[22:17:39] [ForkJoinPool.commonPool-worker-1/WARN] Unable to load block model: 'minecraft:block/simple_block_6296' for variant: 'minecraft:simple_block_6296#facing=north': #JVZLS 
[22:17:39] [ForkJoinPool.commonPool-worker-1/WARN] Unable to load block model: 'minecraft:block/simple_block_6188' for variant: 'minecraft:simple_block_6188#facing=west': #JVZLS 
[22:17:39] [ForkJoinPool.commonPool-worker-1/WARN] Unable to load block model: 'minecraft:block/simple_block_6284' for variant: 'minecraft:simple_block_6284#facing=east': #JVZLS 
[22:17:39] [ForkJoinPool.commonPool-worker-1/WARN] Unable to load block model: 'minecraft:block/simple_block_6312' for variant: 'minecraft:simple_block_6312#facing=east': #JVZLS 
[22:17:39] [ForkJoinPool.commonPool-worker-1/WARN] Unable to load block model: 'minecraft:block/simple_block_6312' for variant: 'minecraft:simple_block_6312#facing=west': #JVZLS 
[22:17:39] [ForkJoinPool.commonPool-worker-1/WARN] Unable to load block model: 'minecraft:block/simple_block_6234' for variant: 'minecraft:simple_block_6234#facing=north': #JVZLS 
[22:17:39] [ForkJoinPool.commonPool-worker-1/WARN] Unable to load block model: 'minecraft:block/simple_block_6242' for variant: 'minecraft:simple_block_6242#facing=east': #JVZLS 
[22:17:39] [ForkJoinPool.commonPool-worker-1/WARN] Unable to load block model: 'minecraft:block/simple_block_6276' for variant: 'minecraft:simple_block_6276#facing=south': #JVZLS 
[22:17:39] [ForkJoinPool.commonPool-worker-1/WARN] Unable to load block model: 'minecraft:block/simple_block_6211' for variant: 'minecraft:simple_block_6211#facing=east': #JVZLS 
[22:17:39] [ForkJoinPool.commonPool-worker-1/WARN] Unable to load block model: 'minecraft:block/simple_block_6211' for variant: 'minecraft:simple_block_6211#facing=west': #JVZLS 
[22:17:39] [ForkJoinPool.commonPool-worker-1/WARN] Unable to load block model: 'minecraft:block/simple_block_6242' for variant: 'minecraft:simple_block_6242#facing=west': #JVZLS 
[22:17:39] [ForkJoinPool.commonPool-worker-1/WARN] Unable to load block model: 'minecraft:block/simple_block_6323' for variant: 'minecraft:simple_block_6323#facing=west': #JVZLS 
[22:17:39] [ForkJoinPool.commonPool-worker-1/WARN] Unable to load block model: 'minecraft:block/simple_block_6164' for variant: 'minecraft:simple_block_6164#facing=north': #JVZLS 
[22:17:39] [ForkJoinPool.commonPool-worker-1/WARN] Unable to load block model: 'minecraft:block/simple_block_6203' for variant: 'minecraft:simple_block_6203#facing=north': #JVZLS 
[22:17:39] [ForkJoinPool.commonPool-worker-1/WARN] Unable to load block model: 'minecraft:block/simple_block_6273' for variant: 'minecraft:simple_block_6273#facing=east': #JVZLS 
[22:17:39] [ForkJoinPool.commonPool-worker-1/WARN] Unable to load block model: 'minecraft:block/simple_block_6273' for variant: 'minecraft:simple_block_6273#facing=west': #JVZLS 
[22:17:39] [ForkJoinPool.commonPool-worker-1/WARN] Unable to load block model: 'minecraft:block/simple_block_6326' for variant: 'minecraft:simple_block_6326#facing=south': #JVZLS 
[22:17:39] [ForkJoinPool.commonPool-worker-1/WARN] Unable to load block model: 'minecraft:block/simple_block_6208' for variant: 'minecraft:simple_block_6208#facing=north': #JVZLS 
[22:17:39] [ForkJoinPool.commonPool-worker-1/WARN] Unable to load block model: 'minecraft:block/simple_block_6195' for variant: 'minecraft:simple_block_6195#facing=north': #JVZLS 
[22:17:39] [ForkJoinPool.commonPool-worker-1/WARN] Unable to load block model: 'minecraft:block/simple_block_6240' for variant: 'minecraft:simple_block_6240#facing=south': #JVZLS 
[22:17:39] [ForkJoinPool.commonPool-worker-1/WARN] Unable to load block model: 'minecraft:block/simple_block_6271' for variant: 'minecraft:simple_block_6271#facing=south': #JVZLS 
[22:17:39] [ForkJoinPool.commonPool-worker-1/WARN] Unable to load block model: 'minecraft:block/simple_block_6199' for variant: 'minecraft:simple_block_6199#facing=west': #JVZLS 
[22:17:39] [ForkJoinPool.commonPool-worker-1/WARN] Unable to load block model: 'minecraft:block/simple_block_6323' for variant: 'minecraft:simple_block_6323#facing=east': #JVZLS 
[22:17:39] [ForkJoinPool.commonPool-worker-1/WARN] Unable to load block model: 'minecraft:block/simple_block_6190' for variant: 'minecraft:simple_block_6190#facing=north': #JVZLS 
[22:17:39] [ForkJoinPool.commonPool-worker-1/WARN] Unable to load block model: 'minecraft:block/simple_block_6269' for variant: 'minecraft:simple_block_6269#facing=east': #JVZLS 
[22:17:39] [ForkJoinPool.commonPool-worker-1/WARN] Unable to load block model: 'minecraft:block/simple_block_6269' for variant: 'minecraft:simple_block_6269#facing=west': #JVZLS 
[22:17:39] [ForkJoinPool.commonPool-worker-1/WARN] Unable to load block model: 'minecraft:block/simple_block_6177' for variant: 'minecraft:simple_block_6177#facing=west': #JVZLS 
[22:17:39] [ForkJoinPool.commonPool-worker-1/WARN] Unable to load block model: 'minecraft:block/simple_block_6177' for variant: 'minecraft:simple_block_6177#facing=east': #JVZLS 
[22:17:39] [ForkJoinPool.commonPool-worker-1/WARN] Unable to load block model: 'minecraft:block/simple_block_6203' for variant: 'minecraft:simple_block_6203#facing=south': #JVZLS 
[22:17:39] [ForkJoinPool.commonPool-worker-1/WARN] Unable to load block model: 'minecraft:block/simple_block_6199' for variant: 'minecraft:simple_block_6199#facing=east': #JVZLS 
[22:17:39] [ForkJoinPool.commonPool-worker-1/WARN] Unable to load block model: 'minecraft:block/simple_block_6247' for variant: 'minecraft:simple_block_6247#facing=west': #JVZLS 
[22:17:39] [ForkJoinPool.commonPool-worker-1/WARN] Unable to load block model: 'minecraft:block/simple_block_6158' for variant: 'minecraft:simple_block_6158#facing=north': #JVZLS 
[22:17:39] [ForkJoinPool.commonPool-worker-1/WARN] Unable to load block model: 'minecraft:block/simple_block_6228' for variant: 'minecraft:simple_block_6228#facing=north': #JVZLS 
[22:17:39] [ForkJoinPool.commonPool-worker-1/WARN] Unable to load block model: 'minecraft:block/simple_block_6247' for variant: 'minecraft:simple_block_6247#facing=east': #JVZLS 
[22:17:39] [ForkJoinPool.commonPool-worker-1/WARN] Unable to load block model: 'minecraft:block/simple_block_6295' for variant: 'minecraft:simple_block_6295#facing=west': #JVZLS 
[22:17:39] [ForkJoinPool.commonPool-worker-1/WARN] Unable to load block model: 'minecraft:block/simple_block_6219' for variant: 'minecraft:simple_block_6219#facing=north': #JVZLS 
[22:17:39] [ForkJoinPool.commonPool-worker-1/WARN] Unable to load block model: 'minecraft:block/simple_block_6164' for variant: 'minecraft:simple_block_6164#facing=south': #JVZLS 
[22:17:39] [ForkJoinPool.commonPool-worker-1/WARN] Unable to load block model: 'minecraft:block/simple_block_6220' for variant: 'minecraft:simple_block_6220#facing=south': #JVZLS 
[22:17:39] [ForkJoinPool.commonPool-worker-1/WARN] Unable to load block model: 'minecraft:block/simple_block_6200' for variant: 'minecraft:simple_block_6200#facing=east': #JVZLS 
[22:17:39] [ForkJoinPool.commonPool-worker-1/WARN] Unable to load block model: 'minecraft:block/simple_block_6291' for variant: 'minecraft:simple_block_6291#facing=south': #JVZLS 
[22:17:39] [ForkJoinPool.commonPool-worker-1/WARN] Unable to load block model: 'minecraft:block/simple_block_6184' for variant: 'minecraft:simple_block_6184#facing=north': #JVZLS 
[22:17:39] [ForkJoinPool.commonPool-worker-1/WARN] Unable to load block model: 'minecraft:block/simple_block_6207' for variant: 'minecraft:simple_block_6207#facing=west': #JVZLS 
[22:17:39] [ForkJoinPool.commonPool-worker-1/WARN] Unable to load block model: 'minecraft:block/simple_block_6282' for variant: 'minecraft:simple_block_6282#facing=south': #JVZLS 
[22:17:39] [ForkJoinPool.commonPool-worker-1/WARN] Unable to load block model: 'minecraft:block/simple_block_6260' for variant: 'minecraft:simple_block_6260#facing=north': #JVZLS 
[22:17:39] [ForkJoinPool.commonPool-worker-1/WARN] Unable to load block model: 'minecraft:block/simple_block_6207' for variant: 'minecraft:simple_block_6207#facing=east': #JVZLS 
[22:17:39] [ForkJoinPool.commonPool-worker-1/WARN] Unable to load block model: 'minecraft:block/simple_block_6324' for variant: 'minecraft:simple_block_6324#facing=north': #JVZLS 
[22:17:39] [ForkJoinPool.commonPool-worker-1/WARN] Unable to load block model: 'minecraft:block/simple_block_6280' for variant: 'minecraft:simple_block_6280#facing=north': #JVZLS 
[22:17:39] [ForkJoinPool.commonPool-worker-1/WARN] Unable to load block model: 'minecraft:block/simple_block_6298' for variant: 'minecraft:simple_block_6298#facing=south': #JVZLS 
[22:17:39] [ForkJoinPool.commonPool-worker-1/WARN] Unable to load block model: 'minecraft:block/simple_block_6233' for variant: 'minecraft:simple_block_6233#facing=east': #JVZLS 
[22:17:39] [ForkJoinPool.commonPool-worker-1/WARN] Unable to load block model: 'minecraft:block/simple_block_6309' for variant: 'minecraft:simple_block_6309#facing=south': #JVZLS 
[22:17:39] [ForkJoinPool.commonPool-worker-1/WARN] Unable to load block model: 'minecraft:block/simple_block_6233' for variant: 'minecraft:simple_block_6233#facing=west': #JVZLS 
[22:17:39] [ForkJoinPool.commonPool-worker-1/WARN] Unable to load block model: 'minecraft:block/simple_block_6303' for variant: 'minecraft:simple_block_6303#facing=east': #JVZLS 
[22:17:39] [ForkJoinPool.commonPool-worker-1/WARN] Unable to load block model: 'minecraft:block/simple_block_6304' for variant: 'minecraft:simple_block_6304#facing=north': #JVZLS 
[22:17:39] [ForkJoinPool.commonPool-worker-1/WARN] Unable to load block model: 'minecraft:block/simple_block_6212' for variant: 'minecraft:simple_block_6212#facing=north': #JVZLS 
[22:17:39] [ForkJoinPool.commonPool-worker-1/WARN] Unable to load block model: 'minecraft:block/simple_block_6253' for variant: 'minecraft:simple_block_6253#facing=west': #JVZLS 
[22:17:39] [ForkJoinPool.commonPool-worker-1/WARN] Unable to load block model: 'minecraft:block/simple_block_6303' for variant: 'minecraft:simple_block_6303#facing=west': #JVZLS 
[22:17:39] [ForkJoinPool.commonPool-worker-1/WARN] Unable to load block model: 'minecraft:block/simple_block_6183' for variant: 'minecraft:simple_block_6183#facing=east': #JVZLS 
[22:17:39] [ForkJoinPool.commonPool-worker-1/WARN] Unable to load block model: 'minecraft:block/simple_block_6186' for variant: 'minecraft:simple_block_6186#facing=south': #JVZLS 
[22:17:39] [ForkJoinPool.commonPool-worker-1/WARN] Unable to load block model: 'minecraft:block/simple_block_6256' for variant: 'minecraft:simple_block_6256#facing=south': #JVZLS 
[22:17:39] [ForkJoinPool.commonPool-worker-1/WARN] Unable to load block model: 'minecraft:block/simple_block_6175' for variant: 'minecraft:simple_block_6175#facing=north': #JVZLS 
[22:17:39] [ForkJoinPool.commonPool-worker-1/WARN] Unable to load block model: 'minecraft:block/simple_block_6227' for variant: 'minecraft:simple_block_6227#facing=east': #JVZLS 
[22:17:39] [ForkJoinPool.commonPool-worker-1/WARN] Unable to load block model: 'minecraft:block/simple_block_6306' for variant: 'minecraft:simple_block_6306#facing=east': #JVZLS 
[22:17:39] [ForkJoinPool.commonPool-worker-1/WARN] Unable to load block model: 'minecraft:block/simple_block_6330' for variant: 'minecraft:simple_block_6330#facing=north': #JVZLS 
[22:17:39] [ForkJoinPool.commonPool-worker-1/WARN] Unable to load block model: 'minecraft:block/simple_block_6254' for variant: 'minecraft:simple_block_6254#facing=north': #JVZLS 
[22:17:39] [ForkJoinPool.commonPool-worker-1/WARN] Unable to load block model: 'minecraft:block/simple_block_6295' for variant: 'minecraft:simple_block_6295#facing=east': #JVZLS 
[22:17:39] [ForkJoinPool.commonPool-worker-1/WARN] Unable to load block model: 'minecraft:block/simple_block_6227' for variant: 'minecraft:simple_block_6227#facing=west': #JVZLS 
[22:17:39] [ForkJoinPool.commonPool-worker-1/WARN] Unable to load block model: 'minecraft:block/simple_block_6192' for variant: 'minecraft:simple_block_6192#facing=south': #JVZLS 
[22:17:39] [ForkJoinPool.commonPool-worker-1/WARN] Unable to load block model: 'minecraft:block/simple_block_6267' for variant: 'minecraft:simple_block_6267#facing=east': #JVZLS 
[22:17:39] [ForkJoinPool.commonPool-worker-1/WARN] Unable to load block model: 'minecraft:block/simple_block_6262' for variant: 'minecraft:simple_block_6262#facing=south': #JVZLS 
[22:17:39] [ForkJoinPool.commonPool-worker-1/WARN] Unable to load block model: 'minecraft:block/simple_block_6236' for variant: 'minecraft:simple_block_6236#facing=east': #JVZLS 
[22:17:39] [ForkJoinPool.commonPool-worker-1/WARN] Unable to load block model: 'minecraft:block/simple_block_6306' for variant: 'minecraft:simple_block_6306#facing=south': #JVZLS 
[22:17:39] [ForkJoinPool.commonPool-worker-1/WARN] Unable to load block model: 'minecraft:block/simple_block_6197' for variant: 'minecraft:simple_block_6197#facing=east': #JVZLS 
[22:17:39] [ForkJoinPool.commonPool-worker-1/WARN] Unable to load block model: 'minecraft:block/simple_block_6166' for variant: 'minecraft:simple_block_6166#facing=east': #JVZLS 
[22:17:39] [ForkJoinPool.commonPool-worker-1/WARN] Unable to load block model: 'minecraft:block/simple_block_6178' for variant: 'minecraft:simple_block_6178#facing=north': #JVZLS 
[22:17:39] [ForkJoinPool.commonPool-worker-1/WARN] Unable to load block model: 'minecraft:block/simple_block_6298' for variant: 'minecraft:simple_block_6298#facing=west': #JVZLS 
[22:17:39] [ForkJoinPool.commonPool-worker-1/WARN] Unable to load block model: 'minecraft:block/simple_block_6319' for variant: 'minecraft:simple_block_6319#facing=east': #JVZLS 
[22:17:39] [ForkJoinPool.commonPool-worker-1/WARN] Unable to load block model: 'minecraft:block/simple_block_6262' for variant: 'minecraft:simple_block_6262#facing=west': #JVZLS 
[22:17:39] [ForkJoinPool.commonPool-worker-1/WARN] Unable to load block model: 'minecraft:block/simple_block_6170' for variant: 'minecraft:simple_block_6170#facing=north': #JVZLS 
[22:17:39] [ForkJoinPool.commonPool-worker-1/WARN] Unable to load block model: 'minecraft:block/simple_block_6287' for variant: 'minecraft:simple_block_6287#facing=north': #JVZLS 
[22:17:39] [ForkJoinPool.commonPool-worker-1/WARN] Unable to load block model: 'minecraft:block/simple_block_6243' for variant: 'minecraft:simple_block_6243#facing=north': #JVZLS 
[22:17:39] [ForkJoinPool.commonPool-worker-1/WARN] Unable to load block model: 'minecraft:block/simple_block_6179' for variant: 'minecraft:simple_block_6179#facing=east': #JVZLS 
[22:17:39] [ForkJoinPool.commonPool-worker-1/WARN] Unable to load block model: 'minecraft:block/simple_block_6279' for variant: 'minecraft:simple_block_6279#facing=north': #JVZLS 
[22:17:39] [ForkJoinPool.commonPool-worker-1/WARN] Unable to load block model: 'minecraft:block/simple_block_6293' for variant: 'minecraft:simple_block_6293#facing=west': #JVZLS 
[22:17:39] [ForkJoinPool.commonPool-worker-1/WARN] Unable to load block model: 'minecraft:block/simple_block_6296' for variant: 'minecraft:simple_block_6296#facing=south': #JVZLS 
[22:17:39] [ForkJoinPool.commonPool-worker-1/WARN] Unable to load block model: 'minecraft:block/simple_block_6274' for variant: 'minecraft:simple_block_6274#facing=north': #JVZLS 
[22:17:39] [ForkJoinPool.commonPool-worker-1/WARN] Unable to load block model: 'minecraft:block/simple_block_6205' for variant: 'minecraft:simple_block_6205#facing=south': #JVZLS 
[22:17:39] [ForkJoinPool.commonPool-worker-1/WARN] Unable to load block model: 'minecraft:block/simple_block_6310' for variant: 'minecraft:simple_block_6310#facing=north': #JVZLS 
[22:17:39] [ForkJoinPool.commonPool-worker-1/WARN] Unable to load block model: 'minecraft:block/simple_block_6202' for variant: 'minecraft:simple_block_6202#facing=west': #JVZLS 
[22:17:39] [ForkJoinPool.commonPool-worker-1/WARN] Unable to load block model: 'minecraft:block/simple_block_6163' for variant: 'minecraft:simple_block_6163#facing=east': #JVZLS 
[22:17:39] [ForkJoinPool.commonPool-worker-1/WARN] Unable to load block model: 'minecraft:block/simple_block_6244' for variant: 'minecraft:simple_block_6244#facing=east': #JVZLS 
[22:17:39] [ForkJoinPool.commonPool-worker-1/WARN] Unable to load block model: 'minecraft:block/simple_block_6231' for variant: 'minecraft:simple_block_6231#facing=east': #JVZLS 
[22:17:39] [ForkJoinPool.commonPool-worker-1/WARN] Unable to load block model: 'minecraft:block/simple_block_6326' for variant: 'minecraft:simple_block_6326#facing=north': #JVZLS 
[22:17:39] [ForkJoinPool.commonPool-worker-1/WARN] Unable to load block model: 'minecraft:block/simple_block_6158' for variant: 'minecraft:simple_block_6158#facing=south': #JVZLS 
[22:17:39] [ForkJoinPool.commonPool-worker-1/WARN] Unable to load block model: 'minecraft:block/simple_block_6321' for variant: 'minecraft:simple_block_6321#facing=east': #JVZLS 
[22:17:39] [ForkJoinPool.commonPool-worker-1/WARN] Unable to load block model: 'minecraft:block/simple_block_6161' for variant: 'minecraft:simple_block_6161#facing=east': #JVZLS 
[22:17:39] [ForkJoinPool.commonPool-worker-1/WARN] Unable to load block model: 'minecraft:block/simple_block_6265' for variant: 'minecraft:simple_block_6265#facing=south': #JVZLS 
[22:17:39] [ForkJoinPool.commonPool-worker-1/WARN] Unable to load block model: 'minecraft:block/simple_block_6213' for variant: 'minecraft:simple_block_6213#facing=east': #JVZLS 
[22:17:39] [ForkJoinPool.commonPool-worker-1/WARN] Unable to load block model: 'minecraft:block/simple_block_6278' for variant: 'minecraft:simple_block_6278#facing=south': #JVZLS 
[22:17:39] [ForkJoinPool.commonPool-worker-1/WARN] Unable to load block model: 'minecraft:block/simple_block_6270' for variant: 'minecraft:simple_block_6270#facing=west': #JVZLS 
[22:17:39] [ForkJoinPool.commonPool-worker-1/WARN] Unable to load block model: 'minecraft:block/simple_block_6174' for variant: 'minecraft:simple_block_6174#facing=east': #JVZLS 
[22:17:39] [ForkJoinPool.commonPool-worker-1/WARN] Unable to load block model: 'minecraft:block/simple_block_6195' for variant: 'minecraft:simple_block_6195#facing=south': #JVZLS 
[22:17:39] [ForkJoinPool.commonPool-worker-1/WARN] Unable to load block model: 'minecraft:block/simple_block_6276' for variant: 'minecraft:simple_block_6276#facing=north': #JVZLS 
[22:17:39] [ForkJoinPool.commonPool-worker-1/WARN] Unable to load block model: 'minecraft:block/simple_block_6192' for variant: 'minecraft:simple_block_6192#facing=west': #JVZLS 
[22:17:39] [ForkJoinPool.commonPool-worker-1/WARN] Unable to load block model: 'minecraft:block/simple_block_6240' for variant: 'minecraft:simple_block_6240#facing=north': #JVZLS 
[22:17:39] [ForkJoinPool.commonPool-worker-1/WARN] Unable to load block model: 'minecraft:block/simple_block_6263' for variant: 'minecraft:simple_block_6263#facing=north': #JVZLS 
[22:17:39] [ForkJoinPool.commonPool-worker-1/WARN] Unable to load block model: 'minecraft:block/simple_block_6275' for variant: 'minecraft:simple_block_6275#facing=west': #JVZLS 
[22:17:39] [ForkJoinPool.commonPool-worker-1/WARN] Unable to load block model: 'minecraft:block/simple_block_6218' for variant: 'minecraft:simple_block_6218#facing=west': #JVZLS 
[22:17:39] [ForkJoinPool.commonPool-worker-1/WARN] Unable to load block model: 'minecraft:block/simple_block_6249' for variant: 'minecraft:simple_block_6249#facing=east': #JVZLS 
[22:17:39] [ForkJoinPool.commonPool-worker-1/WARN] Unable to load block model: 'minecraft:block/simple_block_6168' for variant: 'minecraft:simple_block_6168#facing=west': #JVZLS 
[22:17:39] [ForkJoinPool.commonPool-worker-1/WARN] Unable to load block model: 'minecraft:block/simple_block_6208' for variant: 'minecraft:simple_block_6208#facing=south': #JVZLS 
[22:17:39] [ForkJoinPool.commonPool-worker-1/WARN] Unable to load block model: 'minecraft:block/simple_block_6190' for variant: 'minecraft:simple_block_6190#facing=south': #JVZLS 
[22:17:39] [ForkJoinPool.commonPool-worker-1/WARN] Unable to load block model: 'minecraft:block/simple_block_6271' for variant: 'minecraft:simple_block_6271#facing=north': #JVZLS 
[22:17:39] [ForkJoinPool.commonPool-worker-1/WARN] Unable to load block model: 'minecraft:block/simple_block_6155' for variant: 'minecraft:simple_block_6155#facing=west': #JVZLS 
[22:17:39] [ForkJoinPool.commonPool-worker-1/WARN] Unable to load block model: 'minecraft:block/simple_block_6205' for variant: 'minecraft:simple_block_6205#facing=west': #JVZLS 
[22:17:39] [ForkJoinPool.commonPool-worker-1/WARN] Unable to load block model: 'minecraft:block/simple_block_6313' for variant: 'minecraft:simple_block_6313#facing=north': #JVZLS 
[22:17:39] [ForkJoinPool.commonPool-worker-1/WARN] Unable to load block model: 'minecraft:block/simple_block_6321' for variant: 'minecraft:simple_block_6321#facing=north': #JVZLS 
[22:17:39] [ForkJoinPool.commonPool-worker-1/WARN] Unable to load block model: 'minecraft:block/simple_block_6273' for variant: 'minecraft:simple_block_6273#facing=south': #JVZLS 
[22:17:39] [ForkJoinPool.commonPool-worker-1/WARN] Unable to load block model: 'minecraft:block/simple_block_6259' for variant: 'minecraft:simple_block_6259#facing=north': #JVZLS 
[22:17:39] [ForkJoinPool.commonPool-worker-1/WARN] Unable to load block model: 'minecraft:block/simple_block_6330' for variant: 'minecraft:simple_block_6330#facing=south': #JVZLS 
[22:17:39] [ForkJoinPool.commonPool-worker-1/WARN] Unable to load block model: 'minecraft:block/simple_block_6294' for variant: 'minecraft:simple_block_6294#facing=north': #JVZLS 
[22:17:39] [ForkJoinPool.commonPool-worker-1/WARN] Unable to load block model: 'minecraft:block/simple_block_6220' for variant: 'minecraft:simple_block_6220#facing=north': #JVZLS 
[22:17:39] [ForkJoinPool.commonPool-worker-1/WARN] Unable to load block model: 'minecraft:block/simple_block_6225' for variant: 'minecraft:simple_block_6225#facing=south': #JVZLS 
[22:17:39] [ForkJoinPool.commonPool-worker-1/WARN] Unable to load block model: 'minecraft:block/simple_block_6329' for variant: 'minecraft:simple_block_6329#facing=north': #JVZLS 
[22:17:39] [ForkJoinPool.commonPool-worker-1/WARN] Unable to load block model: 'minecraft:block/simple_block_6212' for variant: 'minecraft:simple_block_6212#facing=south': #JVZLS 
[22:17:39] [ForkJoinPool.commonPool-worker-1/WARN] Unable to load block model: 'minecraft:block/simple_block_6317' for variant: 'minecraft:simple_block_6317#facing=east': #JVZLS 
[22:17:39] [ForkJoinPool.commonPool-worker-1/WARN] Unable to load block model: 'minecraft:block/simple_block_6278' for variant: 'minecraft:simple_block_6278#facing=west': #JVZLS 
[22:17:39] [ForkJoinPool.commonPool-worker-1/WARN] Unable to load block model: 'minecraft:block/simple_block_6172' for variant: 'minecraft:simple_block_6172#facing=south': #JVZLS 
[22:17:39] [ForkJoinPool.commonPool-worker-1/WARN] Unable to load block model: 'minecraft:block/simple_block_6189' for variant: 'minecraft:simple_block_6189#facing=north': #JVZLS 
[22:17:39] [ForkJoinPool.commonPool-worker-1/WARN] Unable to load block model: 'minecraft:block/simple_block_6216' for variant: 'minecraft:simple_block_6216#facing=east': #JVZLS 
[22:17:39] [ForkJoinPool.commonPool-worker-1/WARN] Unable to load block model: 'minecraft:block/simple_block_6194' for variant: 'minecraft:simple_block_6194#facing=east': #JVZLS 
[22:17:39] [ForkJoinPool.commonPool-worker-1/WARN] Unable to load block model: 'minecraft:block/simple_block_6225' for variant: 'minecraft:simple_block_6225#facing=west': #JVZLS 
[22:17:39] [ForkJoinPool.commonPool-worker-1/WARN] Unable to load block model: 'minecraft:block/simple_block_6155' for variant: 'minecraft:simple_block_6155#facing=south': #JVZLS 
[22:17:39] [ForkJoinPool.commonPool-worker-1/WARN] Unable to load block model: 'minecraft:block/simple_block_6238' for variant: 'minecraft:simple_block_6238#facing=west': #JVZLS 
[22:17:39] [ForkJoinPool.commonPool-worker-1/WARN] Unable to load block model: 'minecraft:block/simple_block_6193' for variant: 'minecraft:simple_block_6193#facing=north': #JVZLS 
[22:17:39] [ForkJoinPool.commonPool-worker-1/WARN] Unable to load block model: 'minecraft:block/simple_block_6260' for variant: 'minecraft:simple_block_6260#facing=south': #JVZLS 
[22:17:39] [ForkJoinPool.commonPool-worker-1/WARN] Unable to load block model: 'minecraft:block/simple_block_6229' for variant: 'minecraft:simple_block_6229#facing=east': #JVZLS 
[22:17:39] [ForkJoinPool.commonPool-worker-1/WARN] Unable to load block model: 'minecraft:block/simple_block_6181' for variant: 'minecraft:simple_block_6181#facing=east': #JVZLS 
[22:17:39] [ForkJoinPool.commonPool-worker-1/WARN] Unable to load block model: 'minecraft:block/simple_block_6228' for variant: 'minecraft:simple_block_6228#facing=south': #JVZLS 
[22:17:39] [ForkJoinPool.commonPool-worker-1/WARN] Unable to load block model: 'minecraft:block/simple_block_6223' for variant: 'minecraft:simple_block_6223#facing=north': #JVZLS 
[22:17:39] [ForkJoinPool.commonPool-worker-1/WARN] Unable to load block model: 'minecraft:block/simple_block_6236' for variant: 'minecraft:simple_block_6236#facing=north': #JVZLS 
[22:17:39] [ForkJoinPool.commonPool-worker-1/WARN] Unable to load block model: 'minecraft:block/simple_block_6290' for variant: 'minecraft:simple_block_6290#facing=west': #JVZLS 
[22:17:39] [ForkJoinPool.commonPool-worker-1/WARN] Unable to load block model: 'minecraft:block/simple_block_6314' for variant: 'minecraft:simple_block_6314#facing=east': #JVZLS 
[22:17:39] [ForkJoinPool.commonPool-worker-1/WARN] Unable to load block model: 'minecraft:block/simple_block_6291' for variant: 'minecraft:simple_block_6291#facing=north': #JVZLS 
[22:17:39] [ForkJoinPool.commonPool-worker-1/WARN] Unable to load block model: 'minecraft:block/simple_block_6222' for variant: 'minecraft:simple_block_6222#facing=west': #JVZLS 
[22:17:39] [ForkJoinPool.commonPool-worker-1/WARN] Unable to load block model: 'minecraft:block/simple_block_6172' for variant: 'minecraft:simple_block_6172#facing=west': #JVZLS 
[22:17:39] [ForkJoinPool.commonPool-worker-1/WARN] Unable to load block model: 'minecraft:block/simple_block_6256' for variant: 'minecraft:simple_block_6256#facing=north': #JVZLS 
[22:17:39] [ForkJoinPool.commonPool-worker-1/WARN] Unable to load block model: 'minecraft:block/simple_block_6186' for variant: 'minecraft:simple_block_6186#facing=north': #JVZLS 
[22:17:39] [ForkJoinPool.commonPool-worker-1/WARN] Unable to load block model: 'minecraft:block/simple_block_6306' for variant: 'minecraft:simple_block_6306#facing=north': #JVZLS 
[22:17:39] [ForkJoinPool.commonPool-worker-1/WARN] Unable to load block model: 'minecraft:block/simple_block_6248' for variant: 'minecraft:simple_block_6248#facing=south': #JVZLS 
[22:17:39] [ForkJoinPool.commonPool-worker-1/WARN] Unable to load block model: 'minecraft:block/simple_block_6308' for variant: 'minecraft:simple_block_6308#facing=west': #JVZLS 
[22:17:39] [ForkJoinPool.commonPool-worker-1/WARN] Unable to load block model: 'minecraft:block/simple_block_6159' for variant: 'minecraft:simple_block_6159#facing=east': #JVZLS 
[22:17:39] [ForkJoinPool.commonPool-worker-1/WARN] Unable to load block model: 'minecraft:block/simple_block_6175' for variant: 'minecraft:simple_block_6175#facing=south': #JVZLS 
[22:17:39] [ForkJoinPool.commonPool-worker-1/WARN] Unable to load block model: 'minecraft:block/simple_block_6173' for variant: 'minecraft:simple_block_6173#facing=north': #JVZLS 
[22:17:39] [ForkJoinPool.commonPool-worker-1/WARN] Unable to load block model: 'minecraft:block/simple_block_6280' for variant: 'minecraft:simple_block_6280#facing=south': #JVZLS 
[22:17:39] [ForkJoinPool.commonPool-worker-1/WARN] Unable to load block model: 'minecraft:block/simple_block_6264' for variant: 'minecraft:simple_block_6264#facing=east': #JVZLS 
[22:17:39] [ForkJoinPool.commonPool-worker-1/WARN] Unable to load block model: 'minecraft:block/simple_block_6251' for variant: 'minecraft:simple_block_6251#facing=east': #JVZLS 
[22:17:39] [ForkJoinPool.commonPool-worker-1/WARN] Unable to load block model: 'minecraft:block/simple_block_6293' for variant: 'minecraft:simple_block_6293#facing=south': #JVZLS 
[22:17:39] [ForkJoinPool.commonPool-worker-1/WARN] Unable to load block model: 'minecraft:block/simple_block_6301' for variant: 'minecraft:simple_block_6301#facing=east': #JVZLS 
[22:17:39] [ForkJoinPool.commonPool-worker-1/WARN] Unable to load block model: 'minecraft:block/simple_block_6188' for variant: 'minecraft:simple_block_6188#facing=south': #JVZLS 
[22:17:39] [ForkJoinPool.commonPool-worker-1/WARN] Unable to load block model: 'minecraft:block/simple_block_6287' for variant: 'minecraft:simple_block_6287#facing=east': #JVZLS 
[22:17:39] [ForkJoinPool.commonPool-worker-1/WARN] Unable to load block model: 'minecraft:block/simple_block_6185' for variant: 'minecraft:simple_block_6185#facing=west': #JVZLS 
[22:17:39] [ForkJoinPool.commonPool-worker-1/WARN] Unable to load block model: 'minecraft:block/simple_block_6245' for variant: 'minecraft:simple_block_6245#facing=east': #JVZLS 
[22:17:39] [ForkJoinPool.commonPool-worker-1/WARN] Unable to load block model: 'minecraft:block/simple_block_6175' for variant: 'minecraft:simple_block_6175#facing=west': #JVZLS 
[22:17:39] [ForkJoinPool.commonPool-worker-1/WARN] Unable to load block model: 'minecraft:block/simple_block_6301' for variant: 'minecraft:simple_block_6301#facing=north': #JVZLS 
[22:17:39] [ForkJoinPool.commonPool-worker-1/WARN] Unable to load block model: 'minecraft:block/simple_block_6226' for variant: 'minecraft:simple_block_6226#facing=north': #JVZLS 
[22:17:39] [ForkJoinPool.commonPool-worker-1/WARN] Unable to load block model: 'minecraft:block/simple_block_6253' for variant: 'minecraft:simple_block_6253#facing=south': #JVZLS 
[22:17:39] [ForkJoinPool.commonPool-worker-1/WARN] Unable to load block model: 'minecraft:block/simple_block_6276' for variant: 'minecraft:simple_block_6276#facing=west': #JVZLS 
[22:17:39] [ForkJoinPool.commonPool-worker-1/WARN] Unable to load block model: 'minecraft:block/simple_block_6161' for variant: 'minecraft:simple_block_6161#facing=north': #JVZLS 
[22:17:39] [ForkJoinPool.commonPool-worker-1/WARN] Unable to load block model: 'minecraft:block/simple_block_6250' for variant: 'minecraft:simple_block_6250#facing=west': #JVZLS 
[22:17:39] [ForkJoinPool.commonPool-worker-1/WARN] Unable to load block model: 'minecraft:block/simple_block_6200' for variant: 'minecraft:simple_block_6200#facing=north': #JVZLS 
[22:17:39] [ForkJoinPool.commonPool-worker-1/WARN] Unable to load block model: 'minecraft:block/simple_block_6180' for variant: 'minecraft:simple_block_6180#facing=east': #JVZLS 
[22:17:39] [ForkJoinPool.commonPool-worker-1/WARN] Unable to load block model: 'minecraft:block/simple_block_6245' for variant: 'minecraft:simple_block_6245#facing=west': #JVZLS 
[22:17:39] [ForkJoinPool.commonPool-worker-1/WARN] Unable to load block model: 'minecraft:block/simple_block_6288' for variant: 'minecraft:simple_block_6288#facing=north': #JVZLS 
[22:17:39] [ForkJoinPool.commonPool-worker-1/WARN] Unable to load block model: 'minecraft:block/simple_block_6252' for variant: 'minecraft:simple_block_6252#facing=north': #JVZLS 
[22:17:39] [ForkJoinPool.commonPool-worker-1/WARN] Unable to load block model: 'minecraft:block/simple_block_6258' for variant: 'minecraft:simple_block_6258#facing=south': #JVZLS 
[22:17:39] [ForkJoinPool.commonPool-worker-1/WARN] Unable to load block model: 'minecraft:block/simple_block_6178' for variant: 'minecraft:simple_block_6178#facing=south': #JVZLS 
[22:17:39] [ForkJoinPool.commonPool-worker-1/WARN] Unable to load block model: 'minecraft:block/simple_block_6297' for variant: 'minecraft:simple_block_6297#facing=east': #JVZLS 
[22:17:39] [ForkJoinPool.commonPool-worker-1/WARN] Unable to load block model: 'minecraft:block/simple_block_6205' for variant: 'minecraft:simple_block_6205#facing=north': #JVZLS 
[22:17:39] [ForkJoinPool.commonPool-worker-1/WARN] Unable to load block model: 'minecraft:block/simple_block_6279' for variant: 'minecraft:simple_block_6279#facing=south': #JVZLS 
[22:17:39] [ForkJoinPool.commonPool-worker-1/WARN] Unable to load block model: 'minecraft:block/simple_block_6271' for variant: 'minecraft:simple_block_6271#facing=east': #JVZLS 
[22:17:39] [ForkJoinPool.commonPool-worker-1/WARN] Unable to load block model: 'minecraft:block/simple_block_6222' for variant: 'minecraft:simple_block_6222#facing=south': #JVZLS 
[22:17:39] [ForkJoinPool.commonPool-worker-1/WARN] Unable to load block model: 'minecraft:block/simple_block_6240' for variant: 'minecraft:simple_block_6240#facing=west': #JVZLS 
[22:17:39] [ForkJoinPool.commonPool-worker-1/WARN] Unable to load block model: 'minecraft:block/simple_block_6320' for variant: 'minecraft:simple_block_6320#facing=east': #JVZLS 
[22:17:39] [ForkJoinPool.commonPool-worker-1/WARN] Unable to load block model: 'minecraft:block/simple_block_6255' for variant: 'minecraft:simple_block_6255#facing=west': #JVZLS 
[22:17:39] [ForkJoinPool.commonPool-worker-1/WARN] Unable to load block model: 'minecraft:block/simple_block_6310' for variant: 'minecraft:simple_block_6310#facing=east': #JVZLS 
[22:17:39] [ForkJoinPool.commonPool-worker-1/WARN] Unable to load block model: 'minecraft:block/simple_block_6307' for variant: 'minecraft:simple_block_6307#facing=south': #JVZLS 
[22:17:39] [ForkJoinPool.commonPool-worker-1/WARN] Unable to load block model: 'minecraft:block/simple_block_6177' for variant: 'minecraft:simple_block_6177#facing=north': #JVZLS 
[22:17:39] [ForkJoinPool.commonPool-worker-1/WARN] Unable to load block model: 'minecraft:block/simple_block_6165' for variant: 'minecraft:simple_block_6165#facing=west': #JVZLS 
[22:17:39] [ForkJoinPool.commonPool-worker-1/WARN] Unable to load block model: 'minecraft:block/simple_block_6289' for variant: 'minecraft:simple_block_6289#facing=south': #JVZLS 
[22:17:39] [ForkJoinPool.commonPool-worker-1/WARN] Unable to load block model: 'minecraft:block/simple_block_6311' for variant: 'minecraft:simple_block_6311#facing=north': #JVZLS 
[22:17:39] [ForkJoinPool.commonPool-worker-1/WARN] Unable to load block model: 'minecraft:block/simple_block_6278' for variant: 'minecraft:simple_block_6278#facing=north': #JVZLS 
[22:17:39] [ForkJoinPool.commonPool-worker-1/WARN] Unable to load block model: 'minecraft:block/simple_block_6206' for variant: 'minecraft:simple_block_6206#facing=south': #JVZLS 
[22:17:39] [ForkJoinPool.commonPool-worker-1/WARN] Unable to load block model: 'minecraft:block/simple_block_6255' for variant: 'minecraft:simple_block_6255#facing=east': #JVZLS 
[22:17:39] [ForkJoinPool.commonPool-worker-1/WARN] Unable to load block model: 'minecraft:block/simple_block_6197' for variant: 'minecraft:simple_block_6197#facing=north': #JVZLS 
[22:17:39] [ForkJoinPool.commonPool-worker-1/WARN] Unable to load block model: 'minecraft:block/simple_block_6232' for variant: 'minecraft:simple_block_6232#facing=south': #JVZLS 
[22:17:39] [ForkJoinPool.commonPool-worker-1/WARN] Unable to load block model: 'minecraft:block/simple_block_6268' for variant: 'minecraft:simple_block_6268#facing=south': #JVZLS 
[22:17:39] [ForkJoinPool.commonPool-worker-1/WARN] Unable to load block model: 'minecraft:block/simple_block_6187' for variant: 'minecraft:simple_block_6187#facing=north': #JVZLS 
[22:17:39] [ForkJoinPool.commonPool-worker-1/WARN] Unable to load block model: 'minecraft:block/simple_block_6281' for variant: 'minecraft:simple_block_6281#facing=east': #JVZLS 
[22:17:39] [ForkJoinPool.commonPool-worker-1/WARN] Unable to load block model: 'minecraft:block/simple_block_6216' for variant: 'minecraft:simple_block_6216#facing=north': #JVZLS 
[22:17:39] [ForkJoinPool.commonPool-worker-1/WARN] Unable to load block model: 'minecraft:block/simple_block_6268' for variant: 'minecraft:simple_block_6268#facing=north': #JVZLS 
[22:17:39] [ForkJoinPool.commonPool-worker-1/WARN] Unable to load block model: 'minecraft:block/simple_block_6263' for variant: 'minecraft:simple_block_6263#facing=south': #JVZLS 
[22:17:39] [ForkJoinPool.commonPool-worker-1/WARN] Unable to load block model: 'minecraft:block/simple_block_6260' for variant: 'minecraft:simple_block_6260#facing=west': #JVZLS 
[22:17:39] [ForkJoinPool.commonPool-worker-1/WARN] Unable to load block model: 'minecraft:block/simple_block_6300' for variant: 'minecraft:simple_block_6300#facing=east': #JVZLS 
[22:17:39] [ForkJoinPool.commonPool-worker-1/WARN] Unable to load block model: 'minecraft:block/simple_block_6164' for variant: 'minecraft:simple_block_6164#facing=west': #JVZLS 
[22:17:39] [ForkJoinPool.commonPool-worker-1/WARN] Unable to load block model: 'minecraft:block/simple_block_6164' for variant: 'minecraft:simple_block_6164#facing=east': #JVZLS 
[22:17:39] [ForkJoinPool.commonPool-worker-1/WARN] Unable to load block model: 'minecraft:block/simple_block_6256' for variant: 'minecraft:simple_block_6256#facing=west': #JVZLS 
[22:17:39] [ForkJoinPool.commonPool-worker-1/WARN] Unable to load block model: 'minecraft:block/simple_block_6299' for variant: 'minecraft:simple_block_6299#facing=south': #JVZLS 
[22:17:39] [ForkJoinPool.commonPool-worker-1/WARN] Unable to load block model: 'minecraft:block/simple_block_6230' for variant: 'minecraft:simple_block_6230#facing=west': #JVZLS 
[22:17:39] [ForkJoinPool.commonPool-worker-1/WARN] Unable to load block model: 'minecraft:block/simple_block_6186' for variant: 'minecraft:simple_block_6186#facing=east': #JVZLS 
[22:17:39] [ForkJoinPool.commonPool-worker-1/WARN] Unable to load block model: 'minecraft:block/simple_block_6208' for variant: 'minecraft:simple_block_6208#facing=east': #JVZLS 
[22:17:39] [ForkJoinPool.commonPool-worker-1/WARN] Unable to load block model: 'minecraft:block/simple_block_6160' for variant: 'minecraft:simple_block_6160#facing=east': #JVZLS 
[22:17:39] [ForkJoinPool.commonPool-worker-1/WARN] Unable to load block model: 'minecraft:block/simple_block_6291' for variant: 'minecraft:simple_block_6291#facing=east': #JVZLS 
[22:17:39] [ForkJoinPool.commonPool-worker-1/WARN] Unable to load block model: 'minecraft:block/simple_block_6295' for variant: 'minecraft:simple_block_6295#facing=south': #JVZLS 
[22:17:39] [ForkJoinPool.commonPool-worker-1/WARN] Unable to load block model: 'minecraft:block/simple_block_6242' for variant: 'minecraft:simple_block_6242#facing=south': #JVZLS 
[22:17:39] [ForkJoinPool.commonPool-worker-1/WARN] Unable to load block model: 'minecraft:block/simple_block_6206' for variant: 'minecraft:simple_block_6206#facing=north': #JVZLS 
[22:17:39] [ForkJoinPool.commonPool-worker-1/WARN] Unable to load block model: 'minecraft:block/simple_block_6171' for variant: 'minecraft:simple_block_6171#facing=north': #JVZLS 
[22:17:39] [ForkJoinPool.commonPool-worker-1/WARN] Unable to load block model: 'minecraft:block/simple_block_6177' for variant: 'minecraft:simple_block_6177#facing=south': #JVZLS 
[22:17:39] [ForkJoinPool.commonPool-worker-1/WARN] Unable to load block model: 'minecraft:block/simple_block_6243' for variant: 'minecraft:simple_block_6243#facing=south': #JVZLS 
[22:17:39] [ForkJoinPool.commonPool-worker-1/WARN] Unable to load block model: 'minecraft:block/simple_block_6286' for variant: 'minecraft:simple_block_6286#facing=west': #JVZLS 
[22:17:39] [ForkJoinPool.commonPool-worker-1/WARN] Unable to load block model: 'minecraft:block/simple_block_6190' for variant: 'minecraft:simple_block_6190#facing=east': #JVZLS 
[22:17:39] [ForkJoinPool.commonPool-worker-1/WARN] Unable to load block model: 'minecraft:block/simple_block_6309' for variant: 'minecraft:simple_block_6309#facing=east': #JVZLS 
[22:17:39] [ForkJoinPool.commonPool-worker-1/WARN] Unable to load block model: 'minecraft:block/simple_block_6307' for variant: 'minecraft:simple_block_6307#facing=north': #JVZLS 
[22:17:39] [ForkJoinPool.commonPool-worker-1/WARN] Unable to load block model: 'minecraft:block/simple_block_6252' for variant: 'minecraft:simple_block_6252#facing=south': #JVZLS 
[22:17:39] [ForkJoinPool.commonPool-worker-1/WARN] Unable to load block model: 'minecraft:block/simple_block_6292' for variant: 'minecraft:simple_block_6292#facing=east': #JVZLS 
[22:17:39] [ForkJoinPool.commonPool-worker-1/WARN] Unable to load block model: 'minecraft:block/simple_block_6326' for variant: 'minecraft:simple_block_6326#facing=east': #JVZLS 
[22:17:39] [ForkJoinPool.commonPool-worker-1/WARN] Unable to load block model: 'minecraft:block/simple_block_6220' for variant: 'minecraft:simple_block_6220#facing=west': #JVZLS 
[22:17:39] [ForkJoinPool.commonPool-worker-1/WARN] Unable to load block model: 'minecraft:block/simple_block_6285' for variant: 'minecraft:simple_block_6285#facing=south': #JVZLS 
[22:17:39] [ForkJoinPool.commonPool-worker-1/WARN] Unable to load block model: 'minecraft:block/simple_block_6200' for variant: 'minecraft:simple_block_6200#facing=south': #JVZLS 
[22:17:39] [ForkJoinPool.commonPool-worker-1/WARN] Unable to load block model: 'minecraft:block/simple_block_6196' for variant: 'minecraft:simple_block_6196#facing=east': #JVZLS 
[22:17:39] [ForkJoinPool.commonPool-worker-1/WARN] Unable to load block model: 'minecraft:block/simple_block_6316' for variant: 'minecraft:simple_block_6316#facing=east': #JVZLS 
[22:17:39] [ForkJoinPool.commonPool-worker-1/WARN] Unable to load block model: 'minecraft:block/simple_block_6259' for variant: 'minecraft:simple_block_6259#facing=south': #JVZLS 
[22:17:39] [ForkJoinPool.commonPool-worker-1/WARN] Unable to load block model: 'minecraft:block/simple_block_6225' for variant: 'minecraft:simple_block_6225#facing=north': #JVZLS 
[22:17:39] [ForkJoinPool.commonPool-worker-1/WARN] Unable to load block model: 'minecraft:block/simple_block_6167' for variant: 'minecraft:simple_block_6167#facing=south': #JVZLS 
[22:17:39] [ForkJoinPool.commonPool-worker-1/WARN] Unable to load block model: 'minecraft:block/simple_block_6317' for variant: 'minecraft:simple_block_6317#facing=north': #JVZLS 
[22:17:39] [ForkJoinPool.commonPool-worker-1/WARN] Unable to load block model: 'minecraft:block/simple_block_6292' for variant: 'minecraft:simple_block_6292#facing=west': #JVZLS 
[22:17:39] [ForkJoinPool.commonPool-worker-1/WARN] Unable to load block model: 'minecraft:block/simple_block_6269' for variant: 'minecraft:simple_block_6269#facing=south': #JVZLS 
[22:17:39] [ForkJoinPool.commonPool-worker-1/WARN] Unable to load block model: 'minecraft:block/simple_block_6233' for variant: 'minecraft:simple_block_6233#facing=south': #JVZLS 
[22:17:39] [ForkJoinPool.commonPool-worker-1/WARN] Unable to load block model: 'minecraft:block/simple_block_6272' for variant: 'minecraft:simple_block_6272#facing=east': #JVZLS 
[22:17:39] [ForkJoinPool.commonPool-worker-1/WARN] Unable to load block model: 'minecraft:block/simple_block_6282' for variant: 'minecraft:simple_block_6282#facing=east': #JVZLS 
[22:17:39] [ForkJoinPool.commonPool-worker-1/WARN] Unable to load block model: 'minecraft:block/simple_block_6181' for variant: 'minecraft:simple_block_6181#facing=north': #JVZLS 
[22:17:39] [ForkJoinPool.commonPool-worker-1/WARN] Unable to load block model: 'minecraft:block/simple_block_6215' for variant: 'minecraft:simple_block_6215#facing=north': #JVZLS 
[22:17:39] [ForkJoinPool.commonPool-worker-1/WARN] Unable to load block model: 'minecraft:block/simple_block_6282' for variant: 'minecraft:simple_block_6282#facing=west': #JVZLS 
[22:17:39] [ForkJoinPool.commonPool-worker-1/WARN] Unable to load block model: 'minecraft:block/simple_block_6157' for variant: 'minecraft:simple_block_6157#facing=south': #JVZLS 
[22:17:39] [ForkJoinPool.commonPool-worker-1/WARN] Unable to load block model: 'minecraft:block/simple_block_6170' for variant: 'minecraft:simple_block_6170#facing=east': #JVZLS 
[22:17:39] [ForkJoinPool.commonPool-worker-1/WARN] Unable to load block model: 'minecraft:block/simple_block_6266' for variant: 'minecraft:simple_block_6266#facing=west': #JVZLS 
[22:17:39] [ForkJoinPool.commonPool-worker-1/WARN] Unable to load block model: 'minecraft:block/simple_block_6327' for variant: 'minecraft:simple_block_6327#facing=north': #JVZLS 
[22:17:39] [ForkJoinPool.commonPool-worker-1/WARN] Unable to load block model: 'minecraft:block/simple_block_6235' for variant: 'minecraft:simple_block_6235#facing=north': #JVZLS 
[22:17:39] [ForkJoinPool.commonPool-worker-1/WARN] Unable to load block model: 'minecraft:block/simple_block_6292' for variant: 'minecraft:simple_block_6292#facing=north': #JVZLS 
[22:17:39] [ForkJoinPool.commonPool-worker-1/WARN] Unable to load block model: 'minecraft:block/simple_block_6248' for variant: 'minecraft:simple_block_6248#facing=north': #JVZLS 
[22:17:39] [ForkJoinPool.commonPool-worker-1/WARN] Unable to load block model: 'minecraft:block/simple_block_6324' for variant: 'minecraft:simple_block_6324#facing=west': #JVZLS 
[22:17:39] [ForkJoinPool.commonPool-worker-1/WARN] Unable to load block model: 'minecraft:block/simple_block_6222' for variant: 'minecraft:simple_block_6222#facing=north': #JVZLS 
[22:17:39] [ForkJoinPool.commonPool-worker-1/WARN] Unable to load block model: 'minecraft:block/simple_block_6311' for variant: 'minecraft:simple_block_6311#facing=west': #JVZLS 
[22:17:39] [ForkJoinPool.commonPool-worker-1/WARN] Unable to load block model: 'minecraft:block/simple_block_6184' for variant: 'minecraft:simple_block_6184#facing=west': #JVZLS 
[22:17:39] [ForkJoinPool.commonPool-worker-1/WARN] Unable to load block model: 'minecraft:block/simple_block_6197' for variant: 'minecraft:simple_block_6197#facing=west': #JVZLS 
[22:17:39] [ForkJoinPool.commonPool-worker-1/WARN] Unable to load block model: 'minecraft:block/simple_block_6223' for variant: 'minecraft:simple_block_6223#facing=south': #JVZLS 
[22:17:39] [ForkJoinPool.commonPool-worker-1/WARN] Unable to load block model: 'minecraft:block/simple_block_6161' for variant: 'minecraft:simple_block_6161#facing=south': #JVZLS 
[22:17:39] [ForkJoinPool.commonPool-worker-1/WARN] Unable to load block model: 'minecraft:block/simple_block_6223' for variant: 'minecraft:simple_block_6223#facing=west': #JVZLS 
[22:17:39] [ForkJoinPool.commonPool-worker-1/WARN] Unable to load block model: 'minecraft:block/simple_block_6228' for variant: 'minecraft:simple_block_6228#facing=east': #JVZLS 
[22:17:39] [ForkJoinPool.commonPool-worker-1/WARN] Unable to load block model: 'minecraft:block/simple_block_6298' for variant: 'minecraft:simple_block_6298#facing=east': #JVZLS 
[22:17:39] [ForkJoinPool.commonPool-worker-1/WARN] Unable to load block model: 'minecraft:block/simple_block_6285' for variant: 'minecraft:simple_block_6285#facing=east': #JVZLS 
[22:17:39] [ForkJoinPool.commonPool-worker-1/WARN] Unable to load block model: 'minecraft:block/simple_block_6324' for variant: 'minecraft:simple_block_6324#facing=south': #JVZLS 
[22:17:39] [ForkJoinPool.commonPool-worker-1/WARN] Unable to load block model: 'minecraft:block/simple_block_6202' for variant: 'minecraft:simple_block_6202#facing=east': #JVZLS 
[22:17:39] [ForkJoinPool.commonPool-worker-1/WARN] Unable to load block model: 'minecraft:block/simple_block_6301' for variant: 'minecraft:simple_block_6301#facing=south': #JVZLS 
[22:17:39] [ForkJoinPool.commonPool-worker-1/WARN] Unable to load block model: 'minecraft:block/simple_block_6275' for variant: 'minecraft:simple_block_6275#facing=east': #JVZLS 
[22:17:39] [ForkJoinPool.commonPool-worker-1/WARN] Unable to load block model: 'minecraft:block/simple_block_6236' for variant: 'minecraft:simple_block_6236#facing=south': #JVZLS 
[22:17:39] [ForkJoinPool.commonPool-worker-1/WARN] Unable to load block model: 'minecraft:block/simple_block_6311' for variant: 'minecraft:simple_block_6311#facing=south': #JVZLS 
[22:17:39] [ForkJoinPool.commonPool-worker-1/WARN] Unable to load block model: 'minecraft:block/simple_block_6249' for variant: 'minecraft:simple_block_6249#facing=south': #JVZLS 
[22:17:39] [ForkJoinPool.commonPool-worker-1/WARN] Unable to load block model: 'minecraft:block/simple_block_6174' for variant: 'minecraft:simple_block_6174#facing=west': #JVZLS 
[22:17:39] [ForkJoinPool.commonPool-worker-1/WARN] Unable to load block model: 'minecraft:block/simple_block_6210' for variant: 'minecraft:simple_block_6210#facing=west': #JVZLS 
[22:17:39] [ForkJoinPool.commonPool-worker-1/WARN] Unable to load block model: 'minecraft:block/simple_block_6262' for variant: 'minecraft:simple_block_6262#facing=east': #JVZLS 
[22:17:39] [ForkJoinPool.commonPool-worker-1/WARN] Unable to load block model: 'minecraft:block/simple_block_6213' for variant: 'minecraft:simple_block_6213#facing=south': #JVZLS 
[22:17:39] [ForkJoinPool.commonPool-worker-1/WARN] Unable to load block model: 'minecraft:block/simple_block_6215' for variant: 'minecraft:simple_block_6215#facing=east': #JVZLS 
[22:17:39] [ForkJoinPool.commonPool-worker-1/WARN] Unable to load block model: 'minecraft:block/simple_block_6171' for variant: 'minecraft:simple_block_6171#facing=south': #JVZLS 
[22:17:39] [ForkJoinPool.commonPool-worker-1/WARN] Unable to load block model: 'minecraft:block/simple_block_6246' for variant: 'minecraft:simple_block_6246#facing=west': #JVZLS 
[22:17:39] [ForkJoinPool.commonPool-worker-1/WARN] Unable to load block model: 'minecraft:block/simple_block_6258' for variant: 'minecraft:simple_block_6258#facing=north': #JVZLS 
[22:17:39] [ForkJoinPool.commonPool-worker-1/WARN] Unable to load block model: 'minecraft:block/simple_block_6239' for variant: 'minecraft:simple_block_6239#facing=south': #JVZLS 
[22:17:39] [ForkJoinPool.commonPool-worker-1/WARN] Unable to load block model: 'minecraft:block/simple_block_6197' for variant: 'minecraft:simple_block_6197#facing=south': #JVZLS 
[22:17:39] [ForkJoinPool.commonPool-worker-1/WARN] Unable to load block model: 'minecraft:block/simple_block_6184' for variant: 'minecraft:simple_block_6184#facing=south': #JVZLS 
[22:17:39] [ForkJoinPool.commonPool-worker-1/WARN] Unable to load block model: 'minecraft:block/simple_block_6288' for variant: 'minecraft:simple_block_6288#facing=east': #JVZLS 
[22:17:39] [ForkJoinPool.commonPool-worker-1/WARN] Unable to load block model: 'minecraft:block/simple_block_6161' for variant: 'minecraft:simple_block_6161#facing=west': #JVZLS 
[22:17:39] [ForkJoinPool.commonPool-worker-1/WARN] Unable to load block model: 'minecraft:block/simple_block_6200' for variant: 'minecraft:simple_block_6200#facing=west': #JVZLS 
[22:17:39] [ForkJoinPool.commonPool-worker-1/WARN] Unable to load block model: 'minecraft:block/simple_block_6226' for variant: 'minecraft:simple_block_6226#facing=south': #JVZLS 
[22:17:39] [ForkJoinPool.commonPool-worker-1/WARN] Unable to load block model: 'minecraft:block/simple_block_6245' for variant: 'minecraft:simple_block_6245#facing=north': #JVZLS 
[22:17:39] [ForkJoinPool.commonPool-worker-1/WARN] Unable to load block model: 'minecraft:block/simple_block_6205' for variant: 'minecraft:simple_block_6205#facing=east': #JVZLS 
[22:17:39] [ForkJoinPool.commonPool-worker-1/WARN] Unable to load block model: 'minecraft:block/simple_block_6259' for variant: 'minecraft:simple_block_6259#facing=west': #JVZLS 
[22:17:39] [ForkJoinPool.commonPool-worker-1/WARN] Unable to load block model: 'minecraft:block/simple_block_6226' for variant: 'minecraft:simple_block_6226#facing=west': #JVZLS 
[22:17:39] [ForkJoinPool.commonPool-worker-1/WARN] Unable to load block model: 'minecraft:block/simple_block_6187' for variant: 'minecraft:simple_block_6187#facing=south': #JVZLS 
[22:17:39] [ForkJoinPool.commonPool-worker-1/WARN] Unable to load block model: 'minecraft:block/simple_block_6194' for variant: 'minecraft:simple_block_6194#facing=west': #JVZLS 
[22:17:39] [ForkJoinPool.commonPool-worker-1/WARN] Unable to load block model: 'minecraft:block/simple_block_6236' for variant: 'minecraft:simple_block_6236#facing=west': #JVZLS 
[22:17:39] [ForkJoinPool.commonPool-worker-1/WARN] Unable to load block model: 'minecraft:block/simple_block_6321' for variant: 'minecraft:simple_block_6321#facing=south': #JVZLS 
[22:17:39] [ForkJoinPool.commonPool-worker-1/WARN] Unable to load block model: 'minecraft:block/simple_block_6265' for variant: 'minecraft:simple_block_6265#facing=east': #JVZLS 
[22:17:39] [ForkJoinPool.commonPool-worker-1/WARN] Unable to load block model: 'minecraft:block/simple_block_6249' for variant: 'minecraft:simple_block_6249#facing=west': #JVZLS 
[22:17:39] [ForkJoinPool.commonPool-worker-1/WARN] Unable to load block model: 'minecraft:block/simple_block_6174' for variant: 'minecraft:simple_block_6174#facing=south': #JVZLS 
[22:17:39] [ForkJoinPool.commonPool-worker-1/WARN] Unable to load block model: 'minecraft:block/simple_block_6218' for variant: 'minecraft:simple_block_6218#facing=east': #JVZLS 
[22:17:39] [ForkJoinPool.commonPool-worker-1/WARN] Unable to load block model: 'minecraft:block/simple_block_6232' for variant: 'minecraft:simple_block_6232#facing=north': #JVZLS 
[22:17:39] [ForkJoinPool.commonPool-worker-1/WARN] Unable to load block model: 'minecraft:block/simple_block_6171' for variant: 'minecraft:simple_block_6171#facing=west': #JVZLS 
[22:17:39] [ForkJoinPool.commonPool-worker-1/WARN] Unable to load block model: 'minecraft:block/simple_block_6213' for variant: 'minecraft:simple_block_6213#facing=west': #JVZLS 
[22:17:39] [ForkJoinPool.commonPool-worker-1/WARN] Unable to load block model: 'minecraft:block/simple_block_6216' for variant: 'minecraft:simple_block_6216#facing=south': #JVZLS 
[22:17:39] [ForkJoinPool.commonPool-worker-1/WARN] Unable to load block model: 'minecraft:block/simple_block_6167' for variant: 'minecraft:simple_block_6167#facing=north': #JVZLS 
[22:17:39] [ForkJoinPool.commonPool-worker-1/WARN] Unable to load block model: 'minecraft:block/simple_block_6229' for variant: 'minecraft:simple_block_6229#facing=south': #JVZLS 
[22:17:39] [ForkJoinPool.commonPool-worker-1/WARN] Unable to load block model: 'minecraft:block/simple_block_6181' for variant: 'minecraft:simple_block_6181#facing=south': #JVZLS 
[22:17:39] [ForkJoinPool.commonPool-worker-1/WARN] Unable to load block model: 'minecraft:block/simple_block_6278' for variant: 'minecraft:simple_block_6278#facing=east': #JVZLS 
[22:17:39] [ForkJoinPool.commonPool-worker-1/WARN] Unable to load block model: 'minecraft:block/simple_block_6194' for variant: 'minecraft:simple_block_6194#facing=south': #JVZLS 
[22:17:39] [ForkJoinPool.commonPool-worker-1/WARN] Unable to load block model: 'minecraft:block/simple_block_6317' for variant: 'minecraft:simple_block_6317#facing=south': #JVZLS 
[22:17:39] [ForkJoinPool.commonPool-worker-1/WARN] Unable to load block model: 'minecraft:block/simple_block_6304' for variant: 'minecraft:simple_block_6304#facing=west': #JVZLS 
[22:17:39] [ForkJoinPool.commonPool-worker-1/WARN] Unable to load block model: 'minecraft:block/simple_block_6317' for variant: 'minecraft:simple_block_6317#facing=west': #JVZLS 
[22:17:39] [ForkJoinPool.commonPool-worker-1/WARN] Unable to load block model: 'minecraft:block/simple_block_6272' for variant: 'minecraft:simple_block_6272#facing=north': #JVZLS 
[22:17:39] [ForkJoinPool.commonPool-worker-1/WARN] Unable to load block model: 'minecraft:block/simple_block_6225' for variant: 'minecraft:simple_block_6225#facing=east': #JVZLS 
[22:17:39] [ForkJoinPool.commonPool-worker-1/WARN] Unable to load block model: 'minecraft:block/simple_block_6242' for variant: 'minecraft:simple_block_6242#facing=north': #JVZLS 
[22:17:39] [ForkJoinPool.commonPool-worker-1/WARN] Unable to load block model: 'minecraft:block/simple_block_6304' for variant: 'minecraft:simple_block_6304#facing=south': #JVZLS 
[22:17:39] [ForkJoinPool.commonPool-worker-1/WARN] Unable to load block model: 'minecraft:block/simple_block_6229' for variant: 'minecraft:simple_block_6229#facing=west': #JVZLS 
[22:17:39] [ForkJoinPool.commonPool-worker-1/WARN] Unable to load block model: 'minecraft:block/simple_block_6203' for variant: 'minecraft:simple_block_6203#facing=west': #JVZLS 
[22:17:39] [ForkJoinPool.commonPool-worker-1/WARN] Unable to load block model: 'minecraft:block/simple_block_6181' for variant: 'minecraft:simple_block_6181#facing=west': #JVZLS 
[22:17:39] [ForkJoinPool.commonPool-worker-1/WARN] Unable to load block model: 'minecraft:block/simple_block_6238' for variant: 'minecraft:simple_block_6238#facing=east': #JVZLS 
[22:17:39] [ForkJoinPool.commonPool-worker-1/WARN] Unable to load block model: 'minecraft:block/simple_block_6191' for variant: 'minecraft:simple_block_6191#facing=west': #JVZLS 
[22:17:39] [ForkJoinPool.commonPool-worker-1/WARN] Unable to load block model: 'minecraft:block/simple_block_6239' for variant: 'minecraft:simple_block_6239#facing=west': #JVZLS 
[22:17:39] [ForkJoinPool.commonPool-worker-1/WARN] Unable to load block model: 'minecraft:block/simple_block_6321' for variant: 'minecraft:simple_block_6321#facing=west': #JVZLS 
[22:17:39] [ForkJoinPool.commonPool-worker-1/WARN] Unable to load block model: 'minecraft:block/simple_block_6327' for variant: 'minecraft:simple_block_6327#facing=west': #JVZLS 
[22:17:39] [ForkJoinPool.commonPool-worker-1/WARN] Unable to load block model: 'minecraft:block/simple_block_6282' for variant: 'minecraft:simple_block_6282#facing=north': #JVZLS 
[22:17:39] [ForkJoinPool.commonPool-worker-1/WARN] Unable to load block model: 'minecraft:block/simple_block_6216' for variant: 'minecraft:simple_block_6216#facing=west': #JVZLS 
[22:17:39] [ForkJoinPool.commonPool-worker-1/WARN] Unable to load block model: 'minecraft:block/simple_block_6301' for variant: 'minecraft:simple_block_6301#facing=west': #JVZLS 
[22:17:39] [ForkJoinPool.commonPool-worker-1/WARN] Unable to load block model: 'minecraft:block/simple_block_6191' for variant: 'minecraft:simple_block_6191#facing=south': #JVZLS 
[22:17:39] [ForkJoinPool.commonPool-worker-1/WARN] Unable to load block model: 'minecraft:block/simple_block_6314' for variant: 'minecraft:simple_block_6314#facing=west': #JVZLS 
[22:17:39] [ForkJoinPool.commonPool-worker-1/WARN] Unable to load block model: 'minecraft:block/simple_block_6295' for variant: 'minecraft:simple_block_6295#facing=north': #JVZLS 
[22:17:39] [ForkJoinPool.commonPool-worker-1/WARN] Unable to load block model: 'minecraft:block/simple_block_6235' for variant: 'minecraft:simple_block_6235#facing=east': #JVZLS 
[22:17:39] [ForkJoinPool.commonPool-worker-1/WARN] Unable to load block model: 'minecraft:block/simple_block_6222' for variant: 'minecraft:simple_block_6222#facing=east': #JVZLS 
[22:17:39] [ForkJoinPool.commonPool-worker-1/WARN] Unable to load block model: 'minecraft:block/simple_block_6209' for variant: 'minecraft:simple_block_6209#facing=west': #JVZLS 
[22:17:39] [ForkJoinPool.commonPool-worker-1/WARN] Unable to load block model: 'minecraft:block/simple_block_6275' for variant: 'minecraft:simple_block_6275#facing=north': #JVZLS 
[22:17:39] [ForkJoinPool.commonPool-worker-1/WARN] Unable to load block model: 'minecraft:block/simple_block_6330' for variant: 'minecraft:simple_block_6330#facing=east': #JVZLS 
[22:17:39] [ForkJoinPool.commonPool-worker-1/WARN] Unable to load block model: 'minecraft:block/simple_block_6262' for variant: 'minecraft:simple_block_6262#facing=north': #JVZLS 
[22:17:39] [ForkJoinPool.commonPool-worker-1/WARN] Unable to load block model: 'minecraft:block/simple_block_6298' for variant: 'minecraft:simple_block_6298#facing=north': #JVZLS 
[22:17:39] [ForkJoinPool.commonPool-worker-1/WARN] Unable to load block model: 'minecraft:block/simple_block_6314' for variant: 'minecraft:simple_block_6314#facing=south': #JVZLS 
[22:17:39] [ForkJoinPool.commonPool-worker-1/WARN] Unable to load block model: 'minecraft:block/simple_block_6285' for variant: 'minecraft:simple_block_6285#facing=north': #JVZLS 
[22:17:39] [ForkJoinPool.commonPool-worker-1/WARN] Unable to load block model: 'minecraft:block/simple_block_6248' for variant: 'minecraft:simple_block_6248#facing=east': #JVZLS 
[22:17:39] [ForkJoinPool.commonPool-worker-1/WARN] Unable to load block model: 'minecraft:block/simple_block_6157' for variant: 'minecraft:simple_block_6157#facing=north': #JVZLS 
[22:17:39] [ForkJoinPool.commonPool-worker-1/WARN] Unable to load block model: 'minecraft:block/simple_block_6327' for variant: 'minecraft:simple_block_6327#facing=south': #JVZLS 
[22:17:39] [ForkJoinPool.commonPool-worker-1/WARN] Unable to load block model: 'minecraft:block/simple_block_6219' for variant: 'minecraft:simple_block_6219#facing=west': #JVZLS 
[22:17:39] [ForkJoinPool.commonPool-worker-1/WARN] Unable to load block model: 'minecraft:block/simple_block_6212' for variant: 'minecraft:simple_block_6212#facing=east': #JVZLS 
[22:17:39] [ForkJoinPool.commonPool-worker-1/WARN] Unable to load block model: 'minecraft:block/simple_block_6232' for variant: 'minecraft:simple_block_6232#facing=west': #JVZLS 
[22:17:39] [ForkJoinPool.commonPool-worker-1/WARN] Unable to load block model: 'minecraft:block/simple_block_6232' for variant: 'minecraft:simple_block_6232#facing=east': #JVZLS 
[22:17:39] [ForkJoinPool.commonPool-worker-1/WARN] Unable to load block model: 'minecraft:block/simple_block_6314' for variant: 'minecraft:simple_block_6314#facing=north': #JVZLS 
[22:17:39] [ForkJoinPool.commonPool-worker-1/WARN] Unable to load block model: 'minecraft:block/simple_block_6302' for variant: 'minecraft:simple_block_6302#facing=east': #JVZLS 
[22:17:39] [ForkJoinPool.commonPool-worker-1/WARN] Unable to load block model: 'minecraft:block/simple_block_6297' for variant: 'minecraft:simple_block_6297#facing=south': #JVZLS 
[22:17:39] [ForkJoinPool.commonPool-worker-1/WARN] Unable to load block model: 'minecraft:block/simple_block_6244' for variant: 'minecraft:simple_block_6244#facing=north': #JVZLS 
[22:17:39] [ForkJoinPool.commonPool-worker-1/WARN] Unable to load block model: 'minecraft:block/simple_block_6270' for variant: 'minecraft:simple_block_6270#facing=north': #JVZLS 
[22:17:39] [ForkJoinPool.commonPool-worker-1/WARN] Unable to load block model: 'minecraft:block/simple_block_6162' for variant: 'minecraft:simple_block_6162#facing=west': #JVZLS 
[22:17:39] [ForkJoinPool.commonPool-worker-1/WARN] Unable to load block model: 'minecraft:block/simple_block_6209' for variant: 'minecraft:simple_block_6209#facing=south': #JVZLS 
[22:17:39] [ForkJoinPool.commonPool-worker-1/WARN] Unable to load block model: 'minecraft:block/simple_block_6206' for variant: 'minecraft:simple_block_6206#facing=west': #JVZLS 
[22:17:39] [ForkJoinPool.commonPool-worker-1/WARN] Unable to load block model: 'minecraft:block/simple_block_6263' for variant: 'minecraft:simple_block_6263#facing=east': #JVZLS 
[22:17:39] [ForkJoinPool.commonPool-worker-1/WARN] Unable to load block model: 'minecraft:block/simple_block_6218' for variant: 'minecraft:simple_block_6218#facing=north': #JVZLS 
[22:17:39] [ForkJoinPool.commonPool-worker-1/WARN] Unable to load block model: 'minecraft:block/simple_block_6201' for variant: 'minecraft:simple_block_6201#facing=west': #JVZLS 
[22:17:39] [ForkJoinPool.commonPool-worker-1/WARN] Unable to load block model: 'minecraft:block/simple_block_6294' for variant: 'minecraft:simple_block_6294#facing=west': #JVZLS 
[22:17:39] [ForkJoinPool.commonPool-worker-1/WARN] Unable to load block model: 'minecraft:block/simple_block_6206' for variant: 'minecraft:simple_block_6206#facing=east': #JVZLS 
[22:17:39] [ForkJoinPool.commonPool-worker-1/WARN] Unable to load block model: 'minecraft:block/simple_block_6266' for variant: 'minecraft:simple_block_6266#facing=south': #JVZLS 
[22:17:39] [ForkJoinPool.commonPool-worker-1/WARN] Unable to load block model: 'minecraft:block/simple_block_6237' for variant: 'minecraft:simple_block_6237#facing=east': #JVZLS 
[22:17:39] [ForkJoinPool.commonPool-worker-1/WARN] Unable to load block model: 'minecraft:block/simple_block_6235' for variant: 'minecraft:simple_block_6235#facing=south': #JVZLS 
[22:17:39] [ForkJoinPool.commonPool-worker-1/WARN] Unable to load block model: 'minecraft:block/simple_block_6213' for variant: 'minecraft:simple_block_6213#facing=north': #JVZLS 
[22:17:39] [ForkJoinPool.commonPool-worker-1/WARN] Unable to load block model: 'minecraft:block/simple_block_6201' for variant: 'minecraft:simple_block_6201#facing=east': #JVZLS 
[22:17:39] [ForkJoinPool.commonPool-worker-1/WARN] Unable to load block model: 'minecraft:block/simple_block_6263' for variant: 'minecraft:simple_block_6263#facing=west': #JVZLS 
[22:17:39] [ForkJoinPool.commonPool-worker-1/WARN] Unable to load block model: 'minecraft:block/simple_block_6249' for variant: 'minecraft:simple_block_6249#facing=north': #JVZLS 
[22:17:39] [ForkJoinPool.commonPool-worker-1/WARN] Unable to load block model: 'minecraft:block/simple_block_6261' for variant: 'minecraft:simple_block_6261#facing=south': #JVZLS 
[22:17:39] [ForkJoinPool.commonPool-worker-1/WARN] Unable to load block model: 'minecraft:block/simple_block_6250' for variant: 'minecraft:simple_block_6250#facing=south': #JVZLS 
[22:17:39] [ForkJoinPool.commonPool-worker-1/WARN] Unable to load block model: 'minecraft:block/simple_block_6268' for variant: 'minecraft:simple_block_6268#facing=east': #JVZLS 
[22:17:39] [ForkJoinPool.commonPool-worker-1/WARN] Unable to load block model: 'minecraft:block/simple_block_6179' for variant: 'minecraft:simple_block_6179#facing=north': #JVZLS 
[22:17:39] [ForkJoinPool.commonPool-worker-1/WARN] Unable to load block model: 'minecraft:block/simple_block_6178' for variant: 'minecraft:simple_block_6178#facing=east': #JVZLS 
[22:17:39] [ForkJoinPool.commonPool-worker-1/WARN] Unable to load block model: 'minecraft:block/simple_block_6180' for variant: 'minecraft:simple_block_6180#facing=south': #JVZLS 
[22:17:39] [ForkJoinPool.commonPool-worker-1/WARN] Unable to load block model: 'minecraft:block/simple_block_6281' for variant: 'minecraft:simple_block_6281#facing=south': #JVZLS 
[22:17:39] [ForkJoinPool.commonPool-worker-1/WARN] Unable to load block model: 'minecraft:block/simple_block_6294' for variant: 'minecraft:simple_block_6294#facing=east': #JVZLS 
[22:17:39] [ForkJoinPool.commonPool-worker-1/WARN] Unable to load block model: 'minecraft:block/simple_block_6286' for variant: 'minecraft:simple_block_6286#facing=north': #JVZLS 
[22:17:39] [ForkJoinPool.commonPool-worker-1/WARN] Unable to load block model: 'minecraft:block/simple_block_6292' for variant: 'minecraft:simple_block_6292#facing=south': #JVZLS 
[22:17:39] [ForkJoinPool.commonPool-worker-1/WARN] Unable to load block model: 'minecraft:block/simple_block_6178' for variant: 'minecraft:simple_block_6178#facing=west': #JVZLS 
[22:17:39] [ForkJoinPool.commonPool-worker-1/WARN] Unable to load block model: 'minecraft:block/simple_block_6300' for variant: 'minecraft:simple_block_6300#facing=south': #JVZLS 
[22:17:39] [ForkJoinPool.commonPool-worker-1/WARN] Unable to load block model: 'minecraft:block/simple_block_6229' for variant: 'minecraft:simple_block_6229#facing=north': #JVZLS 
[22:17:39] [ForkJoinPool.commonPool-worker-1/WARN] Unable to load block model: 'minecraft:block/simple_block_6307' for variant: 'minecraft:simple_block_6307#facing=west': #JVZLS 
[22:17:39] [ForkJoinPool.commonPool-worker-1/WARN] Unable to load block model: 'minecraft:block/simple_block_6255' for variant: 'minecraft:simple_block_6255#facing=north': #JVZLS 
[22:17:39] [ForkJoinPool.commonPool-worker-1/WARN] Unable to load block model: 'minecraft:block/simple_block_6224' for variant: 'minecraft:simple_block_6224#facing=south': #JVZLS 
[22:17:39] [ForkJoinPool.commonPool-worker-1/WARN] Unable to load block model: 'minecraft:block/simple_block_6174' for variant: 'minecraft:simple_block_6174#facing=north': #JVZLS 
[22:17:39] [ForkJoinPool.commonPool-worker-1/WARN] Unable to load block model: 'minecraft:block/simple_block_6302' for variant: 'minecraft:simple_block_6302#facing=west': #JVZLS 
[22:17:39] [ForkJoinPool.commonPool-worker-1/WARN] Unable to load block model: 'minecraft:block/simple_block_6255' for variant: 'minecraft:simple_block_6255#facing=south': #JVZLS 
[22:17:39] [ForkJoinPool.commonPool-worker-1/WARN] Unable to load block model: 'minecraft:block/simple_block_6307' for variant: 'minecraft:simple_block_6307#facing=east': #JVZLS 
[22:17:39] [ForkJoinPool.commonPool-worker-1/WARN] Unable to load block model: 'minecraft:block/simple_block_6305' for variant: 'minecraft:simple_block_6305#facing=south': #JVZLS 
[22:17:39] [ForkJoinPool.commonPool-worker-1/WARN] Unable to load block model: 'minecraft:block/simple_block_6313' for variant: 'minecraft:simple_block_6313#facing=east': #JVZLS 
[22:17:39] [ForkJoinPool.commonPool-worker-1/WARN] Unable to load block model: 'minecraft:block/simple_block_6313' for variant: 'minecraft:simple_block_6313#facing=west': #JVZLS 
[22:17:39] [ForkJoinPool.commonPool-worker-1/WARN] Unable to load block model: 'minecraft:block/simple_block_6221' for variant: 'minecraft:simple_block_6221#facing=west': #JVZLS 
[22:17:39] [ForkJoinPool.commonPool-worker-1/WARN] Unable to load block model: 'minecraft:block/simple_block_6322' for variant: 'minecraft:simple_block_6322#facing=west': #JVZLS 
[22:17:39] [ForkJoinPool.commonPool-worker-1/WARN] Unable to load block model: 'minecraft:block/simple_block_6243' for variant: 'minecraft:simple_block_6243#facing=west': #JVZLS 
[22:17:39] [ForkJoinPool.commonPool-worker-1/WARN] Unable to load block model: 'minecraft:block/simple_block_6243' for variant: 'minecraft:simple_block_6243#facing=east': #JVZLS 
[22:17:39] [ForkJoinPool.commonPool-worker-1/WARN] Unable to load block model: 'minecraft:block/simple_block_6173' for variant: 'minecraft:simple_block_6173#facing=west': #JVZLS 
[22:17:39] [ForkJoinPool.commonPool-worker-1/WARN] Unable to load block model: 'minecraft:block/simple_block_6252' for variant: 'minecraft:simple_block_6252#facing=east': #JVZLS 
[22:17:39] [ForkJoinPool.commonPool-worker-1/WARN] Unable to load block model: 'minecraft:block/simple_block_6322' for variant: 'minecraft:simple_block_6322#facing=east': #JVZLS 
[22:17:39] [ForkJoinPool.commonPool-worker-1/WARN] Unable to load block model: 'minecraft:block/simple_block_6250' for variant: 'minecraft:simple_block_6250#facing=north': #JVZLS 
[22:17:39] [ForkJoinPool.commonPool-worker-1/WARN] Unable to load block model: 'minecraft:block/simple_block_6264' for variant: 'minecraft:simple_block_6264#facing=north': #JVZLS 
[22:17:39] [ForkJoinPool.commonPool-worker-1/WARN] Unable to load block model: 'minecraft:block/simple_block_6325' for variant: 'minecraft:simple_block_6325#facing=south': #JVZLS 
[22:17:39] [ForkJoinPool.commonPool-worker-1/WARN] Unable to load block model: 'minecraft:block/simple_block_6217' for variant: 'minecraft:simple_block_6217#facing=west': #JVZLS 
[22:17:39] [ForkJoinPool.commonPool-worker-1/WARN] Unable to load block model: 'minecraft:block/simple_block_6194' for variant: 'minecraft:simple_block_6194#facing=north': #JVZLS 
[22:17:39] [ForkJoinPool.commonPool-worker-1/WARN] Unable to load block model: 'minecraft:block/simple_block_6185' for variant: 'minecraft:simple_block_6185#facing=north': #JVZLS 
[22:17:39] [ForkJoinPool.commonPool-worker-1/WARN] Unable to load block model: 'minecraft:block/simple_block_6299' for variant: 'minecraft:simple_block_6299#facing=east': #JVZLS 
[22:17:39] [ForkJoinPool.commonPool-worker-1/WARN] Unable to load block model: 'minecraft:block/simple_block_6230' for variant: 'minecraft:simple_block_6230#facing=south': #JVZLS 
[22:17:39] [ForkJoinPool.commonPool-worker-1/WARN] Unable to load block model: 'minecraft:block/simple_block_6176' for variant: 'minecraft:simple_block_6176#facing=south': #JVZLS 
[22:17:39] [ForkJoinPool.commonPool-worker-1/WARN] Unable to load block model: 'minecraft:block/simple_block_6308' for variant: 'minecraft:simple_block_6308#facing=north': #JVZLS 
[22:17:39] [ForkJoinPool.commonPool-worker-1/WARN] Unable to load block model: 'minecraft:block/simple_block_6290' for variant: 'minecraft:simple_block_6290#facing=north': #JVZLS 
[22:17:39] [ForkJoinPool.commonPool-worker-1/WARN] Unable to load block model: 'minecraft:block/simple_block_6299' for variant: 'minecraft:simple_block_6299#facing=west': #JVZLS 
[22:17:39] [ForkJoinPool.commonPool-worker-1/WARN] Unable to load block model: 'minecraft:block/simple_block_6173' for variant: 'minecraft:simple_block_6173#facing=east': #JVZLS 
[22:17:39] [ForkJoinPool.commonPool-worker-1/WARN] Unable to load block model: 'minecraft:block/simple_block_6316' for variant: 'minecraft:simple_block_6316#facing=south': #JVZLS 
[22:17:39] [ForkJoinPool.commonPool-worker-1/WARN] Unable to load block model: 'minecraft:block/simple_block_6204' for variant: 'minecraft:simple_block_6204#facing=south': #JVZLS 
[22:17:39] [ForkJoinPool.commonPool-worker-1/WARN] Unable to load block model: 'minecraft:block/simple_block_6279' for variant: 'minecraft:simple_block_6279#facing=west': #JVZLS 
[22:17:39] [ForkJoinPool.commonPool-worker-1/WARN] Unable to load block model: 'minecraft:block/simple_block_6187' for variant: 'minecraft:simple_block_6187#facing=west': #JVZLS 
[22:17:39] [ForkJoinPool.commonPool-worker-1/WARN] Unable to load block model: 'minecraft:block/simple_block_6272' for variant: 'minecraft:simple_block_6272#facing=south': #JVZLS 
[22:17:39] [ForkJoinPool.commonPool-worker-1/WARN] Unable to load block model: 'minecraft:block/simple_block_6329' for variant: 'minecraft:simple_block_6329#facing=west': #JVZLS 
[22:17:39] [ForkJoinPool.commonPool-worker-1/WARN] Unable to load block model: 'minecraft:block/simple_block_6159' for variant: 'minecraft:simple_block_6159#facing=north': #JVZLS 
[22:17:39] [ForkJoinPool.commonPool-worker-1/WARN] Unable to load block model: 'minecraft:block/simple_block_6237' for variant: 'minecraft:simple_block_6237#facing=west': #JVZLS 
[22:17:39] [ForkJoinPool.commonPool-worker-1/WARN] Unable to load block model: 'minecraft:block/simple_block_6167' for variant: 'minecraft:simple_block_6167#facing=west': #JVZLS 
[22:17:39] [ForkJoinPool.commonPool-worker-1/WARN] Unable to load block model: 'minecraft:block/simple_block_6193' for variant: 'minecraft:simple_block_6193#facing=west': #JVZLS 
[22:17:39] [ForkJoinPool.commonPool-worker-1/WARN] Unable to load block model: 'minecraft:block/simple_block_6246' for variant: 'minecraft:simple_block_6246#facing=south': #JVZLS 
[22:17:39] [ForkJoinPool.commonPool-worker-1/WARN] Unable to load block model: 'minecraft:block/simple_block_6320' for variant: 'minecraft:simple_block_6320#facing=north': #JVZLS 
[22:17:39] [ForkJoinPool.commonPool-worker-1/WARN] Unable to load block model: 'minecraft:block/simple_block_6217' for variant: 'minecraft:simple_block_6217#facing=east': #JVZLS 
[22:17:39] [ForkJoinPool.commonPool-worker-1/WARN] Unable to load block model: 'minecraft:block/simple_block_6193' for variant: 'minecraft:simple_block_6193#facing=east': #JVZLS 
[22:17:39] [ForkJoinPool.commonPool-worker-1/WARN] Unable to load block model: 'minecraft:block/simple_block_6329' for variant: 'minecraft:simple_block_6329#facing=east': #JVZLS 
[22:17:39] [ForkJoinPool.commonPool-worker-1/WARN] Unable to load block model: 'minecraft:block/simple_block_6202' for variant: 'minecraft:simple_block_6202#facing=north': #JVZLS 
[22:17:39] [ForkJoinPool.commonPool-worker-1/WARN] Unable to load block model: 'minecraft:block/simple_block_6160' for variant: 'minecraft:simple_block_6160#facing=south': #JVZLS 
[22:17:39] [ForkJoinPool.commonPool-worker-1/WARN] Unable to load block model: 'minecraft:block/simple_block_6167' for variant: 'minecraft:simple_block_6167#facing=east': #JVZLS 
[22:17:39] [ForkJoinPool.commonPool-worker-1/WARN] Unable to load block model: 'minecraft:block/simple_block_6279' for variant: 'minecraft:simple_block_6279#facing=east': #JVZLS 
[22:17:39] [ForkJoinPool.commonPool-worker-1/WARN] Unable to load block model: 'minecraft:block/simple_block_6210' for variant: 'minecraft:simple_block_6210#facing=south': #JVZLS 
[22:17:39] [ForkJoinPool.commonPool-worker-1/WARN] Unable to load block model: 'minecraft:block/simple_block_6165' for variant: 'minecraft:simple_block_6165#facing=north': #JVZLS 
[22:17:39] [ForkJoinPool.commonPool-worker-1/WARN] Unable to load block model: 'minecraft:block/simple_block_6196' for variant: 'minecraft:simple_block_6196#facing=south': #JVZLS 
[22:17:39] [ForkJoinPool.commonPool-worker-1/WARN] Unable to load block model: 'minecraft:block/simple_block_6238' for variant: 'minecraft:simple_block_6238#facing=north': #JVZLS 
[22:17:39] [ForkJoinPool.commonPool-worker-1/WARN] Unable to load block model: 'minecraft:block/simple_block_6311' for variant: 'minecraft:simple_block_6311#facing=east': #JVZLS 
[22:17:39] [ForkJoinPool.commonPool-worker-1/WARN] Unable to load block model: 'minecraft:block/simple_block_6275' for variant: 'minecraft:simple_block_6275#facing=south': #JVZLS 
[22:17:39] [ForkJoinPool.commonPool-worker-1/WARN] Unable to load block model: 'minecraft:block/simple_block_6218' for variant: 'minecraft:simple_block_6218#facing=south': #JVZLS 
[22:17:39] [ForkJoinPool.commonPool-worker-1/WARN] Unable to load block model: 'minecraft:block/simple_block_6210' for variant: 'minecraft:simple_block_6210#facing=east': #JVZLS 
[22:17:39] [ForkJoinPool.commonPool-worker-1/WARN] Unable to load block model: 'minecraft:block/simple_block_6280' for variant: 'minecraft:simple_block_6280#facing=west': #JVZLS 
[22:17:39] [ForkJoinPool.commonPool-worker-1/WARN] Unable to load block model: 'minecraft:block/simple_block_6324' for variant: 'minecraft:simple_block_6324#facing=east': #JVZLS 
[22:17:39] [ForkJoinPool.commonPool-worker-1/WARN] Unable to load block model: 'minecraft:block/simple_block_6323' for variant: 'minecraft:simple_block_6323#facing=north': #JVZLS 
[22:17:39] [ForkJoinPool.commonPool-worker-1/WARN] Unable to load block model: 'minecraft:block/simple_block_6191' for variant: 'minecraft:simple_block_6191#facing=north': #JVZLS 
[22:17:39] [ForkJoinPool.commonPool-worker-1/WARN] Unable to load block model: 'minecraft:block/simple_block_6171' for variant: 'minecraft:simple_block_6171#facing=east': #JVZLS 
[22:17:39] [ForkJoinPool.commonPool-worker-1/WARN] Unable to load block model: 'minecraft:block/simple_block_6253' for variant: 'minecraft:simple_block_6253#facing=north': #JVZLS 
[22:17:39] [ForkJoinPool.commonPool-worker-1/WARN] Unable to load block model: 'minecraft:block/simple_block_6209' for variant: 'minecraft:simple_block_6209#facing=north': #JVZLS 
[22:17:39] [ForkJoinPool.commonPool-worker-1/WARN] Unable to load block model: 'minecraft:block/simple_block_6241' for variant: 'minecraft:simple_block_6241#facing=east': #JVZLS 
[22:17:39] [ForkJoinPool.commonPool-worker-1/WARN] Unable to load block model: 'minecraft:block/simple_block_6261' for variant: 'minecraft:simple_block_6261#facing=north': #JVZLS 
[22:17:39] [ForkJoinPool.commonPool-worker-1/WARN] Unable to load block model: 'minecraft:block/simple_block_6215' for variant: 'minecraft:simple_block_6215#facing=west': #JVZLS 
[22:17:39] [ForkJoinPool.commonPool-worker-1/WARN] Unable to load block model: 'minecraft:block/simple_block_6285' for variant: 'minecraft:simple_block_6285#facing=west': #JVZLS 
[22:17:39] [ForkJoinPool.commonPool-worker-1/WARN] Unable to load block model: 'minecraft:block/simple_block_6272' for variant: 'minecraft:simple_block_6272#facing=west': #JVZLS 
[22:17:39] [ForkJoinPool.commonPool-worker-1/WARN] Unable to load block model: 'minecraft:block/simple_block_6266' for variant: 'minecraft:simple_block_6266#facing=north': #JVZLS 
[22:17:39] [ForkJoinPool.commonPool-worker-1/WARN] Unable to load block model: 'minecraft:block/simple_block_6158' for variant: 'minecraft:simple_block_6158#facing=west': #JVZLS 
[22:17:39] [ForkJoinPool.commonPool-worker-1/WARN] Unable to load block model: 'minecraft:block/simple_block_6230' for variant: 'minecraft:simple_block_6230#facing=north': #JVZLS 
[22:17:39] [ForkJoinPool.commonPool-worker-1/WARN] Unable to load block model: 'minecraft:block/simple_block_6199' for variant: 'minecraft:simple_block_6199#facing=north': #JVZLS 
[22:17:39] [ForkJoinPool.commonPool-worker-1/WARN] Unable to load block model: 'minecraft:block/simple_block_6254' for variant: 'minecraft:simple_block_6254#facing=east': #JVZLS 
[22:17:39] [ForkJoinPool.commonPool-worker-1/WARN] Unable to load block model: 'minecraft:block/simple_block_6288' for variant: 'minecraft:simple_block_6288#facing=south': #JVZLS 
[22:17:39] [ForkJoinPool.commonPool-worker-1/WARN] Unable to load block model: 'minecraft:block/simple_block_6223' for variant: 'minecraft:simple_block_6223#facing=east': #JVZLS 
[22:17:39] [ForkJoinPool.commonPool-worker-1/WARN] Unable to load block model: 'minecraft:block/simple_block_6187' for variant: 'minecraft:simple_block_6187#facing=east': #JVZLS 
[22:17:39] [ForkJoinPool.commonPool-worker-1/WARN] Unable to load block model: 'minecraft:block/simple_block_6176' for variant: 'minecraft:simple_block_6176#facing=east': #JVZLS 
[22:17:39] [ForkJoinPool.commonPool-worker-1/WARN] Unable to load block model: 'minecraft:block/simple_block_6257' for variant: 'minecraft:simple_block_6257#facing=east': #JVZLS 
[22:17:39] [ForkJoinPool.commonPool-worker-1/WARN] Unable to load block model: 'minecraft:block/simple_block_6168' for variant: 'minecraft:simple_block_6168#facing=north': #JVZLS 
[22:17:39] [ForkJoinPool.commonPool-worker-1/WARN] Unable to load block model: 'minecraft:block/simple_block_6259' for variant: 'minecraft:simple_block_6259#facing=east': #JVZLS 
[22:17:39] [ForkJoinPool.commonPool-worker-1/WARN] Unable to load block model: 'minecraft:block/simple_block_6189' for variant: 'minecraft:simple_block_6189#facing=east': #JVZLS 
[22:17:39] [ForkJoinPool.commonPool-worker-1/WARN] Unable to load block model: 'minecraft:block/simple_block_6284' for variant: 'minecraft:simple_block_6284#facing=north': #JVZLS 
[22:17:39] [ForkJoinPool.commonPool-worker-1/WARN] Unable to load block model: 'minecraft:block/simple_block_6300' for variant: 'minecraft:simple_block_6300#facing=north': #JVZLS 
[22:17:39] [ForkJoinPool.commonPool-worker-1/WARN] Unable to load block model: 'minecraft:block/simple_block_6297' for variant: 'minecraft:simple_block_6297#facing=north': #JVZLS 
[22:17:39] [ForkJoinPool.commonPool-worker-1/WARN] Unable to load block model: 'minecraft:block/simple_block_6228' for variant: 'minecraft:simple_block_6228#facing=west': #JVZLS 
[22:17:39] [ForkJoinPool.commonPool-worker-1/WARN] Unable to load block model: 'minecraft:block/simple_block_6296' for variant: 'minecraft:simple_block_6296#facing=west': #JVZLS 
[22:17:39] [ForkJoinPool.commonPool-worker-1/WARN] Unable to load block model: 'minecraft:block/simple_block_6239' for variant: 'minecraft:simple_block_6239#facing=east': #JVZLS 
[22:17:39] [ForkJoinPool.commonPool-worker-1/WARN] Unable to load block model: 'minecraft:block/simple_block_6283' for variant: 'minecraft:simple_block_6283#facing=west': #JVZLS 
[22:17:39] [ForkJoinPool.commonPool-worker-1/WARN] Unable to load block model: 'minecraft:block/simple_block_6252' for variant: 'minecraft:simple_block_6252#facing=west': #JVZLS 
[22:17:39] [ForkJoinPool.commonPool-worker-1/WARN] Unable to load block model: 'minecraft:block/simple_block_6226' for variant: 'minecraft:simple_block_6226#facing=east': #JVZLS 
[22:17:39] [ForkJoinPool.commonPool-worker-1/WARN] Unable to load block model: 'minecraft:block/simple_block_6288' for variant: 'minecraft:simple_block_6288#facing=west': #JVZLS 
[22:17:39] [ForkJoinPool.commonPool-worker-1/WARN] Unable to load block model: 'minecraft:block/simple_block_6182' for variant: 'minecraft:simple_block_6182#facing=south': #JVZLS 
[22:17:39] [ForkJoinPool.commonPool-worker-1/WARN] Unable to load block model: 'minecraft:block/simple_block_6184' for variant: 'minecraft:simple_block_6184#facing=east': #JVZLS 
[22:17:39] [ForkJoinPool.commonPool-worker-1/WARN] Unable to load block model: 'minecraft:block/simple_block_6303' for variant: 'minecraft:simple_block_6303#facing=north': #JVZLS 
[22:17:39] [ForkJoinPool.commonPool-worker-1/WARN] Unable to load block model: 'minecraft:block/simple_block_6286' for variant: 'minecraft:simple_block_6286#facing=south': #JVZLS 
[22:17:39] [ForkJoinPool.commonPool-worker-1/WARN] Unable to load block model: 'minecraft:block/simple_block_6316' for variant: 'minecraft:simple_block_6316#facing=north': #JVZLS 
[22:17:39] [ForkJoinPool.commonPool-worker-1/WARN] Unable to load block model: 'minecraft:block/simple_block_6233' for variant: 'minecraft:simple_block_6233#facing=north': #JVZLS 
[22:17:39] [ForkJoinPool.commonPool-worker-1/WARN] Unable to load block model: 'minecraft:block/simple_block_6281' for variant: 'minecraft:simple_block_6281#facing=north': #JVZLS 
[22:17:39] [ForkJoinPool.commonPool-worker-1/WARN] Unable to load block model: 'minecraft:block/simple_block_6221' for variant: 'minecraft:simple_block_6221#facing=east': #JVZLS 
[22:17:39] [ForkJoinPool.commonPool-worker-1/WARN] Unable to load block model: 'minecraft:block/simple_block_6265' for variant: 'minecraft:simple_block_6265#facing=west': #JVZLS 
[22:17:39] [ForkJoinPool.commonPool-worker-1/WARN] Unable to load block model: 'minecraft:block/simple_block_6180' for variant: 'minecraft:simple_block_6180#facing=north': #JVZLS 
[22:17:39] [ForkJoinPool.commonPool-worker-1/WARN] Unable to load block model: 'minecraft:block/simple_block_6195' for variant: 'minecraft:simple_block_6195#facing=west': #JVZLS 
[22:17:39] [ForkJoinPool.commonPool-worker-1/WARN] Unable to load block model: 'minecraft:block/simple_block_6212' for variant: 'minecraft:simple_block_6212#facing=west': #JVZLS 
[22:17:39] [ForkJoinPool.commonPool-worker-1/WARN] Unable to load block model: 'minecraft:block/simple_block_6198' for variant: 'minecraft:simple_block_6198#facing=south': #JVZLS 
[22:17:39] [ForkJoinPool.commonPool-worker-1/WARN] Unable to load block model: 'minecraft:block/simple_block_6261' for variant: 'minecraft:simple_block_6261#facing=east': #JVZLS 
[22:17:39] [ForkJoinPool.commonPool-worker-1/WARN] Unable to load block model: 'minecraft:block/simple_block_6290' for variant: 'minecraft:simple_block_6290#facing=south': #JVZLS 
[22:17:39] [ForkJoinPool.commonPool-worker-1/WARN] Unable to load block model: 'minecraft:block/simple_block_6289' for variant: 'minecraft:simple_block_6289#facing=north': #JVZLS 
[22:17:39] [ForkJoinPool.commonPool-worker-1/WARN] Unable to load block model: 'minecraft:block/simple_block_6330' for variant: 'minecraft:simple_block_6330#facing=west': #JVZLS 
[22:17:39] [ForkJoinPool.commonPool-worker-1/WARN] Unable to load block model: 'minecraft:block/simple_block_6163' for variant: 'minecraft:simple_block_6163#facing=north': #JVZLS 
[22:17:39] [ForkJoinPool.commonPool-worker-1/WARN] Unable to load block model: 'minecraft:block/simple_block_6168' for variant: 'minecraft:simple_block_6168#facing=south': #JVZLS 
[22:17:39] [ForkJoinPool.commonPool-worker-1/WARN] Unable to load block model: 'minecraft:block/simple_block_6304' for variant: 'minecraft:simple_block_6304#facing=east': #JVZLS 
[22:17:39] [ForkJoinPool.commonPool-worker-1/WARN] Unable to load block model: 'minecraft:block/simple_block_6176' for variant: 'minecraft:simple_block_6176#facing=north': #JVZLS 
[22:17:39] [ForkJoinPool.commonPool-worker-1/WARN] Unable to load block model: 'minecraft:block/simple_block_6156' for variant: 'minecraft:simple_block_6156#facing=east': #JVZLS 
[22:17:39] [ForkJoinPool.commonPool-worker-1/WARN] Unable to load block model: 'minecraft:block/simple_block_6182' for variant: 'minecraft:simple_block_6182#facing=west': #JVZLS 
[22:17:39] [ForkJoinPool.commonPool-worker-1/WARN] Unable to load block model: 'minecraft:block/simple_block_6308' for variant: 'minecraft:simple_block_6308#facing=south': #JVZLS 
[22:17:39] [ForkJoinPool.commonPool-worker-1/WARN] Unable to load block model: 'minecraft:block/simple_block_6305' for variant: 'minecraft:simple_block_6305#facing=west': #JVZLS 
[22:17:39] [ForkJoinPool.commonPool-worker-1/WARN] Unable to load block model: 'minecraft:block/simple_block_6185' for variant: 'minecraft:simple_block_6185#facing=south': #JVZLS 
[22:17:39] [ForkJoinPool.commonPool-worker-1/WARN] Unable to load block model: 'minecraft:block/simple_block_6210' for variant: 'minecraft:simple_block_6210#facing=north': #JVZLS 
[22:17:39] [ForkJoinPool.commonPool-worker-1/WARN] Unable to load block model: 'minecraft:block/simple_block_6215' for variant: 'minecraft:simple_block_6215#facing=south': #JVZLS 
[22:17:39] [ForkJoinPool.commonPool-worker-1/WARN] Unable to load block model: 'minecraft:block/simple_block_6327' for variant: 'minecraft:simple_block_6327#facing=east': #JVZLS 
[22:17:39] [ForkJoinPool.commonPool-worker-1/WARN] Unable to load block model: 'minecraft:block/simple_block_6209' for variant: 'minecraft:simple_block_6209#facing=east': #JVZLS 
[22:17:39] [ForkJoinPool.commonPool-worker-1/WARN] Unable to load block model: 'minecraft:block/simple_block_6269' for variant: 'minecraft:simple_block_6269#facing=north': #JVZLS 
[22:17:39] [ForkJoinPool.commonPool-worker-1/WARN] Unable to load block model: 'minecraft:block/simple_block_6283' for variant: 'minecraft:simple_block_6283#facing=south': #JVZLS 
[22:17:39] [ForkJoinPool.commonPool-worker-1/WARN] Unable to load block model: 'minecraft:block/simple_block_6268' for variant: 'minecraft:simple_block_6268#facing=west': #JVZLS 
[22:17:39] [ForkJoinPool.commonPool-worker-1/WARN] Unable to load block model: 'minecraft:block/simple_block_6277' for variant: 'minecraft:simple_block_6277#facing=east': #JVZLS 
[22:17:39] [ForkJoinPool.commonPool-worker-1/WARN] Unable to load block model: 'minecraft:block/simple_block_6248' for variant: 'minecraft:simple_block_6248#facing=west': #JVZLS 
[22:17:39] [ForkJoinPool.commonPool-worker-1/WARN] Unable to load block model: 'minecraft:block/simple_block_6318' for variant: 'minecraft:simple_block_6318#facing=west': #JVZLS 
[22:17:39] [ForkJoinPool.commonPool-worker-1/WARN] Unable to load block model: 'minecraft:block/simple_block_6270' for variant: 'minecraft:simple_block_6270#facing=south': #JVZLS 
[22:17:39] [ForkJoinPool.commonPool-worker-1/WARN] Unable to load block model: 'minecraft:block/simple_block_6198' for variant: 'minecraft:simple_block_6198#facing=west': #JVZLS 
[22:17:39] [ForkJoinPool.commonPool-worker-1/WARN] Unable to load block model: 'minecraft:block/simple_block_6320' for variant: 'minecraft:simple_block_6320#facing=south': #JVZLS 
[22:17:39] [ForkJoinPool.commonPool-worker-1/WARN] Unable to load block model: 'minecraft:block/simple_block_6169' for variant: 'minecraft:simple_block_6169#facing=east': #JVZLS 
[22:17:39] [ForkJoinPool.commonPool-worker-1/WARN] Unable to load block model: 'minecraft:block/simple_block_6196' for variant: 'minecraft:simple_block_6196#facing=north': #JVZLS 
[22:17:39] [ForkJoinPool.commonPool-worker-1/WARN] Unable to load block model: 'minecraft:block/simple_block_6183' for variant: 'minecraft:simple_block_6183#facing=north': #JVZLS 
[22:17:39] [ForkJoinPool.commonPool-worker-1/WARN] Unable to load block model: 'minecraft:block/simple_block_6274' for variant: 'minecraft:simple_block_6274#facing=east': #JVZLS 
[22:17:39] [ForkJoinPool.commonPool-worker-1/WARN] Unable to load block model: 'minecraft:block/simple_block_6191' for variant: 'minecraft:simple_block_6191#facing=east': #JVZLS 
[22:17:39] [ForkJoinPool.commonPool-worker-1/WARN] Unable to load block model: 'minecraft:block/simple_block_6160' for variant: 'minecraft:simple_block_6160#facing=north': #JVZLS 
[22:17:39] [ForkJoinPool.commonPool-worker-1/WARN] Unable to load block model: 'minecraft:block/simple_block_6165' for variant: 'minecraft:simple_block_6165#facing=south': #JVZLS 
[22:17:39] [ForkJoinPool.commonPool-worker-1/WARN] Unable to load block model: 'minecraft:block/simple_block_6235' for variant: 'minecraft:simple_block_6235#facing=west': #JVZLS 
[22:17:39] [ForkJoinPool.commonPool-worker-1/WARN] Unable to load block model: 'minecraft:block/simple_block_6238' for variant: 'minecraft:simple_block_6238#facing=south': #JVZLS 
[22:17:39] [ForkJoinPool.commonPool-worker-1/WARN] Unable to load block model: 'minecraft:block/simple_block_6319' for variant: 'minecraft:simple_block_6319#facing=north': #JVZLS 
[22:17:39] [ForkJoinPool.commonPool-worker-1/WARN] Unable to load block model: 'minecraft:block/simple_block_6202' for variant: 'minecraft:simple_block_6202#facing=south': #JVZLS 
[22:17:39] [ForkJoinPool.commonPool-worker-1/WARN] Unable to load block model: 'minecraft:block/simple_block_6246' for variant: 'minecraft:simple_block_6246#facing=north': #JVZLS 
[22:17:39] [ForkJoinPool.commonPool-worker-1/WARN] Unable to load block model: 'minecraft:block/simple_block_6284' for variant: 'minecraft:simple_block_6284#facing=south': #JVZLS 
[22:17:39] [ForkJoinPool.commonPool-worker-1/WARN] Unable to load block model: 'minecraft:block/simple_block_6156' for variant: 'minecraft:simple_block_6156#facing=north': #JVZLS 
[22:17:39] [ForkJoinPool.commonPool-worker-1/WARN] Unable to load block model: 'minecraft:block/simple_block_6201' for variant: 'minecraft:simple_block_6201#facing=south': #JVZLS 
[22:17:39] [ForkJoinPool.commonPool-worker-1/WARN] Unable to load block model: 'minecraft:block/simple_block_6183' for variant: 'minecraft:simple_block_6183#facing=south': #JVZLS 
[22:17:39] [ForkJoinPool.commonPool-worker-1/WARN] Unable to load block model: 'minecraft:block/simple_block_6175' for variant: 'minecraft:simple_block_6175#facing=east': #JVZLS 
[22:17:39] [ForkJoinPool.commonPool-worker-1/WARN] Unable to load block model: 'minecraft:block/simple_block_6231' for variant: 'minecraft:simple_block_6231#facing=north': #JVZLS 
[22:17:39] [ForkJoinPool.commonPool-worker-1/WARN] Unable to load block model: 'minecraft:block/simple_block_6283' for variant: 'minecraft:simple_block_6283#facing=north': #JVZLS 
[22:17:39] [ForkJoinPool.commonPool-worker-1/WARN] Unable to load block model: 'minecraft:block/simple_block_6219' for variant: 'minecraft:simple_block_6219#facing=east': #JVZLS 
[22:17:39] [ForkJoinPool.commonPool-worker-1/WARN] Unable to load block model: 'minecraft:block/simple_block_6315' for variant: 'minecraft:simple_block_6315#facing=west': #JVZLS 
[22:17:39] [ForkJoinPool.commonPool-worker-1/WARN] Unable to load block model: 'minecraft:block/simple_block_6323' for variant: 'minecraft:simple_block_6323#facing=south': #JVZLS 
[22:17:39] [ForkJoinPool.commonPool-worker-1/WARN] Unable to load block model: 'minecraft:block/simple_block_6320' for variant: 'minecraft:simple_block_6320#facing=west': #JVZLS 
[22:17:39] [ForkJoinPool.commonPool-worker-1/WARN] Unable to load block model: 'minecraft:block/simple_block_6214' for variant: 'minecraft:simple_block_6214#facing=east': #JVZLS 
[22:17:39] [ForkJoinPool.commonPool-worker-1/WARN] Unable to load block model: 'minecraft:block/simple_block_6162' for variant: 'minecraft:simple_block_6162#facing=south': #JVZLS 
[22:17:39] [ForkJoinPool.commonPool-worker-1/WARN] Unable to load block model: 'minecraft:block/simple_block_6240' for variant: 'minecraft:simple_block_6240#facing=east': #JVZLS 
[22:17:39] [ForkJoinPool.commonPool-worker-1/WARN] Unable to load block model: 'minecraft:block/simple_block_6196' for variant: 'minecraft:simple_block_6196#facing=west': #JVZLS 
[22:17:39] [ForkJoinPool.commonPool-worker-1/WARN] Unable to load block model: 'minecraft:block/simple_block_6224' for variant: 'minecraft:simple_block_6224#facing=west': #JVZLS 
[22:17:39] [ForkJoinPool.commonPool-worker-1/WARN] Unable to load block model: 'minecraft:block/simple_block_6271' for variant: 'minecraft:simple_block_6271#facing=west': #JVZLS 
[22:17:39] [ForkJoinPool.commonPool-worker-1/WARN] Unable to load block model: 'minecraft:block/simple_block_6221' for variant: 'minecraft:simple_block_6221#facing=north': #JVZLS 
[22:17:39] [ForkJoinPool.commonPool-worker-1/WARN] Unable to load block model: 'minecraft:block/simple_block_6227' for variant: 'minecraft:simple_block_6227#facing=south': #JVZLS 
[22:17:39] [ForkJoinPool.commonPool-worker-1/WARN] Unable to load block model: 'minecraft:block/simple_block_6257' for variant: 'minecraft:simple_block_6257#facing=north': #JVZLS 
[22:17:39] [ForkJoinPool.commonPool-worker-1/WARN] Unable to load block model: 'minecraft:block/simple_block_6276' for variant: 'minecraft:simple_block_6276#facing=east': #JVZLS 
[22:17:39] [ForkJoinPool.commonPool-worker-1/WARN] Unable to load block model: 'minecraft:block/simple_block_6302' for variant: 'minecraft:simple_block_6302#facing=south': #JVZLS 
[22:17:39] [ForkJoinPool.commonPool-worker-1/WARN] Unable to load block model: 'minecraft:block/simple_block_6325' for variant: 'minecraft:simple_block_6325#facing=east': #JVZLS 
[22:17:39] [ForkJoinPool.commonPool-worker-1/WARN] Unable to load block model: 'minecraft:block/simple_block_6247' for variant: 'minecraft:simple_block_6247#facing=north': #JVZLS 
[22:17:39] [ForkJoinPool.commonPool-worker-1/WARN] Unable to load block model: 'minecraft:block/simple_block_6166' for variant: 'minecraft:simple_block_6166#facing=north': #JVZLS 
[22:17:39] [ForkJoinPool.commonPool-worker-1/WARN] Unable to load block model: 'minecraft:block/simple_block_6325' for variant: 'minecraft:simple_block_6325#facing=west': #JVZLS 
[22:17:39] [ForkJoinPool.commonPool-worker-1/WARN] Unable to load block model: 'minecraft:block/simple_block_6192' for variant: 'minecraft:simple_block_6192#facing=north': #JVZLS 
[22:17:39] [ForkJoinPool.commonPool-worker-1/WARN] Unable to load block model: 'minecraft:block/simple_block_6281' for variant: 'minecraft:simple_block_6281#facing=west': #JVZLS 
[22:17:39] [ForkJoinPool.commonPool-worker-1/WARN] Unable to load block model: 'minecraft:block/simple_block_6237' for variant: 'minecraft:simple_block_6237#facing=south': #JVZLS 
[22:17:39] [ForkJoinPool.commonPool-worker-1/WARN] Unable to load block model: 'minecraft:block/simple_block_6224' for variant: 'minecraft:simple_block_6224#facing=east': #JVZLS 
[22:17:39] [ForkJoinPool.commonPool-worker-1/WARN] Unable to load block model: 'minecraft:block/simple_block_6318' for variant: 'minecraft:simple_block_6318#facing=south': #JVZLS 
[22:17:39] [ForkJoinPool.commonPool-worker-1/WARN] Unable to load block model: 'minecraft:block/simple_block_6305' for variant: 'minecraft:simple_block_6305#facing=east': #JVZLS 
[22:17:39] [ForkJoinPool.commonPool-worker-1/WARN] Unable to load block model: 'minecraft:block/simple_block_6203' for variant: 'minecraft:simple_block_6203#facing=east': #JVZLS 
[22:17:39] [ForkJoinPool.commonPool-worker-1/WARN] Unable to load block model: 'minecraft:block/simple_block_6313' for variant: 'minecraft:simple_block_6313#facing=south': #JVZLS 
[22:17:39] [ForkJoinPool.commonPool-worker-1/WARN] Unable to load block model: 'minecraft:block/simple_block_6182' for variant: 'minecraft:simple_block_6182#facing=north': #JVZLS 
[22:17:39] [ForkJoinPool.commonPool-worker-1/WARN] Unable to load block model: 'minecraft:block/simple_block_6286' for variant: 'minecraft:simple_block_6286#facing=east': #JVZLS 
[22:17:39] [ForkJoinPool.commonPool-worker-1/WARN] Unable to load block model: 'minecraft:block/simple_block_6260' for variant: 'minecraft:simple_block_6260#facing=east': #JVZLS 
[22:17:39] [ForkJoinPool.commonPool-worker-1/WARN] Unable to load block model: 'minecraft:block/simple_block_6211' for variant: 'minecraft:simple_block_6211#facing=south': #JVZLS 
[22:17:39] [ForkJoinPool.commonPool-worker-1/WARN] Unable to load block model: 'minecraft:block/simple_block_6250' for variant: 'minecraft:simple_block_6250#facing=east': #JVZLS 
[22:17:39] [ForkJoinPool.commonPool-worker-1/WARN] Unable to load block model: 'minecraft:block/simple_block_6328' for variant: 'minecraft:simple_block_6328#facing=south': #JVZLS 
[22:17:39] [ForkJoinPool.commonPool-worker-1/WARN] Unable to load block model: 'minecraft:block/simple_block_6294' for variant: 'minecraft:simple_block_6294#facing=south': #JVZLS 
[22:17:39] [ForkJoinPool.commonPool-worker-1/WARN] Unable to load block model: 'minecraft:block/simple_block_6234' for variant: 'minecraft:simple_block_6234#facing=east': #JVZLS 
[22:17:39] [ForkJoinPool.commonPool-worker-1/WARN] Unable to load block model: 'minecraft:block/simple_block_6310' for variant: 'minecraft:simple_block_6310#facing=west': #JVZLS 
[22:17:39] [ForkJoinPool.commonPool-worker-1/WARN] Unable to load block model: 'minecraft:block/simple_block_6299' for variant: 'minecraft:simple_block_6299#facing=north': #JVZLS 
[22:17:39] [ForkJoinPool.commonPool-worker-1/WARN] Unable to load block model: 'minecraft:block/simple_block_6315' for variant: 'minecraft:simple_block_6315#facing=east': #JVZLS 
[22:17:39] [ForkJoinPool.commonPool-worker-1/WARN] Unable to load block model: 'minecraft:block/simple_block_6300' for variant: 'minecraft:simple_block_6300#facing=west': #JVZLS 
[22:17:39] [ForkJoinPool.commonPool-worker-1/WARN] Unable to load block model: 'minecraft:block/simple_block_6256' for variant: 'minecraft:simple_block_6256#facing=east': #JVZLS 
[22:17:39] [ForkJoinPool.commonPool-worker-1/WARN] Unable to load block model: 'minecraft:block/simple_block_6211' for variant: 'minecraft:simple_block_6211#facing=north': #JVZLS 
[22:17:39] [ForkJoinPool.commonPool-worker-1/WARN] Unable to load block model: 'minecraft:block/simple_block_6186' for variant: 'minecraft:simple_block_6186#facing=west': #JVZLS 
[22:17:39] [ForkJoinPool.commonPool-worker-1/WARN] Unable to load block model: 'minecraft:block/simple_block_6291' for variant: 'minecraft:simple_block_6291#facing=west': #JVZLS 
[22:17:39] [ForkJoinPool.commonPool-worker-1/WARN] Unable to load block model: 'minecraft:block/simple_block_6207' for variant: 'minecraft:simple_block_6207#facing=south': #JVZLS 
[22:17:39] [ForkJoinPool.commonPool-worker-1/WARN] Unable to load block model: 'minecraft:block/simple_block_6234' for variant: 'minecraft:simple_block_6234#facing=west': #JVZLS 
[22:17:39] [ForkJoinPool.commonPool-worker-1/WARN] Unable to load block model: 'minecraft:block/simple_block_6230' for variant: 'minecraft:simple_block_6230#facing=east': #JVZLS 
[22:17:39] [ForkJoinPool.commonPool-worker-1/WARN] Unable to load block model: 'minecraft:block/simple_block_6326' for variant: 'minecraft:simple_block_6326#facing=west': #JVZLS 
[22:17:39] [ForkJoinPool.commonPool-worker-1/WARN] Unable to load block model: 'minecraft:block/simple_block_6172' for variant: 'minecraft:simple_block_6172#facing=north': #JVZLS 
[22:17:39] [ForkJoinPool.commonPool-worker-1/WARN] Unable to load block model: 'minecraft:block/simple_block_6163' for variant: 'minecraft:simple_block_6163#facing=south': #JVZLS 
[22:17:39] [ForkJoinPool.commonPool-worker-1/WARN] Unable to load block model: 'minecraft:block/simple_block_6251' for variant: 'minecraft:simple_block_6251#facing=north': #JVZLS 
[22:17:39] [ForkJoinPool.commonPool-worker-1/WARN] Unable to load block model: 'minecraft:block/simple_block_6303' for variant: 'minecraft:simple_block_6303#facing=south': #JVZLS 
[22:17:39] [ForkJoinPool.commonPool-worker-1/WARN] Unable to load block model: 'minecraft:block/simple_block_6273' for variant: 'minecraft:simple_block_6273#facing=north': #JVZLS 
[22:17:39] [ForkJoinPool.commonPool-worker-1/WARN] Unable to load block model: 'minecraft:block/simple_block_6198' for variant: 'minecraft:simple_block_6198#facing=north': #JVZLS 
[22:17:39] [ForkJoinPool.commonPool-worker-1/WARN] Unable to load block model: 'minecraft:block/simple_block_6208' for variant: 'minecraft:simple_block_6208#facing=west': #JVZLS 
[22:17:39] [ForkJoinPool.commonPool-worker-1/WARN] Unable to load block model: 'minecraft:block/simple_block_6160' for variant: 'minecraft:simple_block_6160#facing=west': #JVZLS 
[22:17:39] [ForkJoinPool.commonPool-worker-1/WARN] Unable to load block model: 'minecraft:block/simple_block_6190' for variant: 'minecraft:simple_block_6190#facing=west': #JVZLS 
[22:17:39] [ForkJoinPool.commonPool-worker-1/WARN] Unable to load block model: 'minecraft:block/simple_block_6162' for variant: 'minecraft:simple_block_6162#facing=north': #JVZLS 
[22:17:39] [ForkJoinPool.commonPool-worker-1/WARN] Unable to load block model: 'minecraft:block/simple_block_6199' for variant: 'minecraft:simple_block_6199#facing=south': #JVZLS 
[22:17:39] [ForkJoinPool.commonPool-worker-1/WARN] Unable to load block model: 'minecraft:block/simple_block_6193' for variant: 'minecraft:simple_block_6193#facing=south': #JVZLS 
[22:17:39] [ForkJoinPool.commonPool-worker-1/WARN] Unable to load block model: 'minecraft:block/simple_block_6155' for variant: 'minecraft:simple_block_6155#facing=north': #JVZLS 
[22:17:39] [ForkJoinPool.commonPool-worker-1/WARN] Unable to load block model: 'minecraft:block/simple_block_6220' for variant: 'minecraft:simple_block_6220#facing=east': #JVZLS 
[22:17:39] [ForkJoinPool.commonPool-worker-1/WARN] Unable to load block model: 'minecraft:block/simple_block_6217' for variant: 'minecraft:simple_block_6217#facing=south': #JVZLS 
[22:17:39] [ForkJoinPool.commonPool-worker-1/WARN] Unable to load block model: 'minecraft:block/simple_block_6246' for variant: 'minecraft:simple_block_6246#facing=east': #JVZLS 
[22:17:39] [ForkJoinPool.commonPool-worker-1/WARN] Unable to load block model: 'minecraft:block/simple_block_6329' for variant: 'minecraft:simple_block_6329#facing=south': #JVZLS 
[22:17:39] [ForkJoinPool.commonPool-worker-1/WARN] Unable to load block model: 'minecraft:block/simple_block_6173' for variant: 'minecraft:simple_block_6173#facing=south': #JVZLS 
[22:17:39] [ForkJoinPool.commonPool-worker-1/WARN] Unable to load block model: 'minecraft:block/simple_block_6266' for variant: 'minecraft:simple_block_6266#facing=east': #JVZLS 
[22:17:39] [ForkJoinPool.commonPool-worker-1/WARN] Unable to load block model: 'minecraft:block/simple_block_6204' for variant: 'minecraft:simple_block_6204#facing=east': #JVZLS 
[22:17:39] [ForkJoinPool.commonPool-worker-1/WARN] Unable to load block model: 'minecraft:block/simple_block_6267' for variant: 'minecraft:simple_block_6267#facing=north': #JVZLS 
[22:17:39] [ForkJoinPool.commonPool-worker-1/WARN] Unable to load block model: 'minecraft:block/simple_block_6180' for variant: 'minecraft:simple_block_6180#facing=west': #JVZLS 
[22:17:39] [ForkJoinPool.commonPool-worker-1/WARN] Unable to load block model: 'minecraft:block/simple_block_6277' for variant: 'minecraft:simple_block_6277#facing=north': #JVZLS 
[22:17:39] [ForkJoinPool.commonPool-worker-1/WARN] Unable to load block model: 'minecraft:block/simple_block_6312' for variant: 'minecraft:simple_block_6312#facing=south': #JVZLS 
[22:17:39] [ForkJoinPool.commonPool-worker-1/WARN] Unable to load block model: 'minecraft:block/simple_block_6170' for variant: 'minecraft:simple_block_6170#facing=west': #JVZLS 
[22:17:39] [ForkJoinPool.commonPool-worker-1/WARN] Unable to load block model: 'minecraft:block/simple_block_6214' for variant: 'minecraft:simple_block_6214#facing=west': #JVZLS 
[22:17:39] [ForkJoinPool.commonPool-worker-1/WARN] Unable to load block model: 'minecraft:block/simple_block_6322' for variant: 'minecraft:simple_block_6322#facing=south': #JVZLS 
[22:17:39] [ForkJoinPool.commonPool-worker-1/WARN] Unable to load block model: 'minecraft:block/simple_block_6204' for variant: 'minecraft:simple_block_6204#facing=west': #JVZLS 
[22:17:39] [ForkJoinPool.commonPool-worker-1/WARN] Unable to load block model: 'minecraft:block/simple_block_6241' for variant: 'minecraft:simple_block_6241#facing=north': #JVZLS 
[22:17:39] [ForkJoinPool.commonPool-worker-1/WARN] Unable to load block model: 'minecraft:block/simple_block_6316' for variant: 'minecraft:simple_block_6316#facing=west': #JVZLS 
[22:17:39] [ForkJoinPool.commonPool-worker-1/WARN] Unable to load block model: 'minecraft:block/simple_block_6188' for variant: 'minecraft:simple_block_6188#facing=north': #JVZLS 
[22:17:39] [ForkJoinPool.commonPool-worker-1/WARN] Unable to load block model: 'minecraft:block/simple_block_6319' for variant: 'minecraft:simple_block_6319#facing=south': #JVZLS 
[22:17:39] [ForkJoinPool.commonPool-worker-1/WARN] Unable to load block model: 'minecraft:block/simple_block_6293' for variant: 'minecraft:simple_block_6293#facing=north': #JVZLS 
[22:17:39] [ForkJoinPool.commonPool-worker-1/WARN] Unable to load block model: 'minecraft:block/simple_block_6305' for variant: 'minecraft:simple_block_6305#facing=north': #JVZLS 
[22:17:39] [ForkJoinPool.commonPool-worker-1/WARN] Unable to load block model: 'minecraft:block/simple_block_6254' for variant: 'minecraft:simple_block_6254#facing=west': #JVZLS 
[22:17:39] [ForkJoinPool.commonPool-worker-1/WARN] Unable to load block model: 'minecraft:block/simple_block_6318' for variant: 'minecraft:simple_block_6318#facing=north': #JVZLS 
[22:17:39] [ForkJoinPool.commonPool-worker-1/WARN] Unable to load block model: 'minecraft:block/simple_block_6293' for variant: 'minecraft:simple_block_6293#facing=east': #JVZLS 
[22:17:39] [ForkJoinPool.commonPool-worker-1/WARN] Unable to load block model: 'minecraft:block/simple_block_6179' for variant: 'minecraft:simple_block_6179#facing=west': #JVZLS 
[22:17:39] [ForkJoinPool.commonPool-worker-1/WARN] Unable to load block model: 'minecraft:block/simple_block_6280' for variant: 'minecraft:simple_block_6280#facing=east': #JVZLS 
[22:17:39] [ForkJoinPool.commonPool-worker-1/WARN] Unable to load block model: 'minecraft:block/simple_block_6217' for variant: 'minecraft:simple_block_6217#facing=north': #JVZLS 
[22:17:39] [ForkJoinPool.commonPool-worker-1/WARN] Unable to load block model: 'minecraft:block/simple_block_6267' for variant: 'minecraft:simple_block_6267#facing=west': #JVZLS 
[22:17:39] [ForkJoinPool.commonPool-worker-1/WARN] Unable to load block model: 'minecraft:block/simple_block_6231' for variant: 'minecraft:simple_block_6231#facing=south': #JVZLS 
[22:17:39] [ForkJoinPool.commonPool-worker-1/WARN] Unable to load block model: 'minecraft:block/simple_block_6257' for variant: 'minecraft:simple_block_6257#facing=south': #JVZLS 
[22:17:39] [ForkJoinPool.commonPool-worker-1/WARN] Unable to load block model: 'minecraft:block/simple_block_6244' for variant: 'minecraft:simple_block_6244#facing=south': #JVZLS 
[22:17:39] [ForkJoinPool.commonPool-worker-1/WARN] Unable to load block model: 'minecraft:block/simple_block_6306' for variant: 'minecraft:simple_block_6306#facing=west': #JVZLS 
[22:17:39] [ForkJoinPool.commonPool-worker-1/WARN] Unable to load block model: 'minecraft:block/simple_block_6204' for variant: 'minecraft:simple_block_6204#facing=north': #JVZLS 
[22:17:39] [ForkJoinPool.commonPool-worker-1/WARN] Unable to load block model: 'minecraft:block/simple_block_6227' for variant: 'minecraft:simple_block_6227#facing=north': #JVZLS 
[22:17:39] [ForkJoinPool.commonPool-worker-1/WARN] Unable to load block model: 'minecraft:block/simple_block_6169' for variant: 'minecraft:simple_block_6169#facing=south': #JVZLS 
[22:17:39] [ForkJoinPool.commonPool-worker-1/WARN] Unable to load block model: 'minecraft:block/simple_block_6241' for variant: 'minecraft:simple_block_6241#facing=west': #JVZLS 
[22:17:39] [ForkJoinPool.commonPool-worker-1/WARN] Unable to load block model: 'minecraft:block/simple_block_6166' for variant: 'minecraft:simple_block_6166#facing=west': #JVZLS 
[22:17:39] [ForkJoinPool.commonPool-worker-1/WARN] Unable to load block model: 'minecraft:block/simple_block_6319' for variant: 'minecraft:simple_block_6319#facing=west': #JVZLS 
[22:17:39] [ForkJoinPool.commonPool-worker-1/WARN] Unable to load block model: 'minecraft:block/simple_block_6244' for variant: 'minecraft:simple_block_6244#facing=west': #JVZLS 
[22:17:39] [ForkJoinPool.commonPool-worker-1/WARN] Unable to load block model: 'minecraft:block/simple_block_6176' for variant: 'minecraft:simple_block_6176#facing=west': #JVZLS 
[22:17:39] [ForkJoinPool.commonPool-worker-1/WARN] Unable to load block model: 'minecraft:block/simple_block_6257' for variant: 'minecraft:simple_block_6257#facing=west': #JVZLS 
[22:17:39] [ForkJoinPool.commonPool-worker-1/WARN] Unable to load block model: 'minecraft:block/simple_block_6163' for variant: 'minecraft:simple_block_6163#facing=west': #JVZLS 
[22:17:39] [ForkJoinPool.commonPool-worker-1/WARN] Unable to load block model: 'minecraft:block/simple_block_6189' for variant: 'minecraft:simple_block_6189#facing=west': #JVZLS 
[22:17:39] [ForkJoinPool.commonPool-worker-1/WARN] Unable to load block model: 'minecraft:block/simple_block_6328' for variant: 'minecraft:simple_block_6328#facing=north': #JVZLS 
[22:17:39] [ForkJoinPool.commonPool-worker-1/WARN] Unable to load block model: 'minecraft:block/simple_block_6201' for variant: 'minecraft:simple_block_6201#facing=north': #JVZLS 
[22:17:39] [ForkJoinPool.commonPool-worker-1/WARN] Unable to load block model: 'minecraft:block/simple_block_6315' for variant: 'minecraft:simple_block_6315#facing=north': #JVZLS 
[22:17:39] [ForkJoinPool.commonPool-worker-1/WARN] Unable to load block model: 'minecraft:block/simple_block_6214' for variant: 'minecraft:simple_block_6214#facing=north': #JVZLS 
[22:17:39] [ForkJoinPool.commonPool-worker-1/WARN] Unable to load block model: 'minecraft:block/simple_block_6283' for variant: 'minecraft:simple_block_6283#facing=east': #JVZLS 
[22:17:39] [ForkJoinPool.commonPool-worker-1/WARN] Unable to load block model: 'minecraft:block/simple_block_6158' for variant: 'minecraft:simple_block_6158#facing=east': #JVZLS 
[22:17:39] [ForkJoinPool.commonPool-worker-1/WARN] Unable to load block model: 'minecraft:block/simple_block_6231' for variant: 'minecraft:simple_block_6231#facing=west': #JVZLS 
[22:17:39] [ForkJoinPool.commonPool-worker-1/WARN] Unable to load block model: 'minecraft:block/simple_block_6156' for variant: 'minecraft:simple_block_6156#facing=south': #JVZLS 
[22:17:39] [ForkJoinPool.commonPool-worker-1/WARN] Unable to load block model: 'minecraft:block/simple_block_6189' for variant: 'minecraft:simple_block_6189#facing=south': #JVZLS 
[22:17:39] [ForkJoinPool.commonPool-worker-1/WARN] Unable to load block model: 'minecraft:block/simple_block_6192' for variant: 'minecraft:simple_block_6192#facing=east': #JVZLS 
[22:17:39] [ForkJoinPool.commonPool-worker-1/WARN] Unable to load block model: 'minecraft:block/simple_block_6166' for variant: 'minecraft:simple_block_6166#facing=south': #JVZLS 
[22:17:39] [ForkJoinPool.commonPool-worker-1/WARN] Unable to load block model: 'minecraft:block/simple_block_6309' for variant: 'minecraft:simple_block_6309#facing=west': #JVZLS 
[22:17:39] [ForkJoinPool.commonPool-worker-1/WARN] Unable to load block model: 'minecraft:block/simple_block_6247' for variant: 'minecraft:simple_block_6247#facing=south': #JVZLS 
[22:17:39] [ForkJoinPool.commonPool-worker-1/WARN] Unable to load block model: 'minecraft:block/simple_block_6296' for variant: 'minecraft:simple_block_6296#facing=east': #JVZLS 
[22:17:39] [ForkJoinPool.commonPool-worker-1/WARN] Unable to load block model: 'minecraft:block/simple_block_6179' for variant: 'minecraft:simple_block_6179#facing=south': #JVZLS 
[22:17:39] [ForkJoinPool.commonPool-worker-1/WARN] Unable to load block model: 'minecraft:block/simple_block_6168' for variant: 'minecraft:simple_block_6168#facing=east': #JVZLS 
[22:17:39] [ForkJoinPool.commonPool-worker-1/WARN] Unable to load block model: 'minecraft:block/simple_block_6224' for variant: 'minecraft:simple_block_6224#facing=north': #JVZLS 
[22:17:39] [ForkJoinPool.commonPool-worker-1/WARN] Unable to load block model: 'minecraft:block/simple_block_6237' for variant: 'minecraft:simple_block_6237#facing=north': #JVZLS 
[22:17:39] [ForkJoinPool.commonPool-worker-1/WARN] Unable to load block model: 'minecraft:block/simple_block_6312' for variant: 'minecraft:simple_block_6312#facing=north': #JVZLS 
[22:17:39] [ForkJoinPool.commonPool-worker-1/WARN] Unable to load block model: 'minecraft:block/simple_block_6251' for variant: 'minecraft:simple_block_6251#facing=south': #JVZLS 
[22:17:39] [ForkJoinPool.commonPool-worker-1/WARN] Unable to load block model: 'minecraft:block/simple_block_6325' for variant: 'minecraft:simple_block_6325#facing=north': #JVZLS 
[22:17:39] [ForkJoinPool.commonPool-worker-1/WARN] Unable to load block model: 'minecraft:block/simple_block_6264' for variant: 'minecraft:simple_block_6264#facing=south': #JVZLS 
[22:17:39] [ForkJoinPool.commonPool-worker-1/WARN] Unable to load block model: 'minecraft:block/simple_block_6234' for variant: 'minecraft:simple_block_6234#facing=south': #JVZLS 
[22:17:39] [ForkJoinPool.commonPool-worker-1/WARN] Unable to load block model: 'minecraft:block/simple_block_6159' for variant: 'minecraft:simple_block_6159#facing=south': #JVZLS 
[22:17:39] [ForkJoinPool.commonPool-worker-1/WARN] Unable to load block model: 'minecraft:block/simple_block_6159' for variant: 'minecraft:simple_block_6159#facing=west': #JVZLS 
[22:17:39] [ForkJoinPool.commonPool-worker-1/WARN] Unable to load block model: 'minecraft:block/simple_block_6155' for variant: 'minecraft:simple_block_6155#facing=east': #JVZLS 
[22:17:39] [ForkJoinPool.commonPool-worker-1/WARN] Unable to load block model: 'minecraft:block/simple_block_6221' for variant: 'minecraft:simple_block_6221#facing=south': #JVZLS 
[22:17:39] [ForkJoinPool.commonPool-worker-1/WARN] Unable to load block model: 'minecraft:block/simple_block_6182' for variant: 'minecraft:simple_block_6182#facing=east': #JVZLS 
[22:17:39] [ForkJoinPool.commonPool-worker-1/WARN] Unable to load block model: 'minecraft:block/simple_block_6277' for variant: 'minecraft:simple_block_6277#facing=west': #JVZLS 
[22:17:39] [ForkJoinPool.commonPool-worker-1/WARN] Unable to load block model: 'minecraft:block/simple_block_6195' for variant: 'minecraft:simple_block_6195#facing=east': #JVZLS 
[22:17:39] [ForkJoinPool.commonPool-worker-1/WARN] Unable to load block model: 'minecraft:block/simple_block_6318' for variant: 'minecraft:simple_block_6318#facing=east': #JVZLS 
[22:17:39] [ForkJoinPool.commonPool-worker-1/WARN] Unable to load block model: 'minecraft:block/simple_block_6274' for variant: 'minecraft:simple_block_6274#facing=south': #JVZLS 
[22:17:39] [ForkJoinPool.commonPool-worker-1/WARN] Unable to load block model: 'minecraft:block/simple_block_6270' for variant: 'minecraft:simple_block_6270#facing=east': #JVZLS 
[22:17:39] [ForkJoinPool.commonPool-worker-1/WARN] Unable to load block model: 'minecraft:block/simple_block_6287' for variant: 'minecraft:simple_block_6287#facing=south': #JVZLS 
[22:17:39] [ForkJoinPool.commonPool-worker-1/WARN] Unable to load block model: 'minecraft:block/simple_block_6302' for variant: 'minecraft:simple_block_6302#facing=north': #JVZLS 
[22:17:39] [ForkJoinPool.commonPool-worker-1/WARN] Unable to load block model: 'minecraft:block/simple_block_6165' for variant: 'minecraft:simple_block_6165#facing=east': #JVZLS 
[22:17:39] [ForkJoinPool.commonPool-worker-1/WARN] Unable to load block model: 'minecraft:block/simple_block_6290' for variant: 'minecraft:simple_block_6290#facing=east': #JVZLS 
[22:17:39] [ForkJoinPool.commonPool-worker-1/WARN] Unable to load block model: 'minecraft:block/simple_block_6172' for variant: 'minecraft:simple_block_6172#facing=east': #JVZLS 
[22:17:39] [ForkJoinPool.commonPool-worker-1/WARN] Unable to load block model: 'minecraft:block/simple_block_6185' for variant: 'minecraft:simple_block_6185#facing=east': #JVZLS 
[22:17:39] [ForkJoinPool.commonPool-worker-1/WARN] Unable to load block model: 'minecraft:block/simple_block_6264' for variant: 'minecraft:simple_block_6264#facing=west': #JVZLS 
[22:17:39] [ForkJoinPool.commonPool-worker-1/WARN] Unable to load block model: 'minecraft:block/simple_block_6267' for variant: 'minecraft:simple_block_6267#facing=south': #JVZLS 
[22:17:39] [ForkJoinPool.commonPool-worker-1/WARN] Unable to load block model: 'minecraft:block/simple_block_6156' for variant: 'minecraft:simple_block_6156#facing=west': #JVZLS 
[22:17:39] [ForkJoinPool.commonPool-worker-1/WARN] Unable to load block model: 'minecraft:block/simple_block_6308' for variant: 'minecraft:simple_block_6308#facing=east': #JVZLS 
[22:17:39] [ForkJoinPool.commonPool-worker-1/WARN] Unable to load block model: 'minecraft:block/simple_block_6207' for variant: 'minecraft:simple_block_6207#facing=north': #JVZLS 
[22:17:39] [ForkJoinPool.commonPool-worker-1/WARN] Unable to load block model: 'minecraft:block/simple_block_6261' for variant: 'minecraft:simple_block_6261#facing=west': #JVZLS 
[22:17:39] [ForkJoinPool.commonPool-worker-1/WARN] Unable to load block model: 'minecraft:block/simple_block_6287' for variant: 'minecraft:simple_block_6287#facing=west': #JVZLS 
[22:17:39] [ForkJoinPool.commonPool-worker-1/WARN] Unable to load block model: 'minecraft:block/simple_block_6322' for variant: 'minecraft:simple_block_6322#facing=north': #JVZLS 
[22:17:39] [ForkJoinPool.commonPool-worker-1/WARN] Unable to load block model: 'minecraft:block/simple_block_6254' for variant: 'minecraft:simple_block_6254#facing=south': #JVZLS 
[22:17:39] [ForkJoinPool.commonPool-worker-1/WARN] Unable to load block model: 'minecraft:block/simple_block_6297' for variant: 'minecraft:simple_block_6297#facing=west': #JVZLS 
[22:17:39] [ForkJoinPool.commonPool-worker-1/WARN] Unable to load block model: 'minecraft:block/simple_block_6251' for variant: 'minecraft:simple_block_6251#facing=west': #JVZLS 
[22:17:39] [ForkJoinPool.commonPool-worker-1/WARN] Unable to load block model: 'minecraft:block/simple_block_6169' for variant: 'minecraft:simple_block_6169#facing=west': #JVZLS 
[22:17:39] [ForkJoinPool.commonPool-worker-1/WARN] Unable to load block model: 'minecraft:block/simple_block_6241' for variant: 'minecraft:simple_block_6241#facing=south': #JVZLS 
[22:17:39] [ForkJoinPool.commonPool-worker-1/WARN] Unable to load block model: 'minecraft:block/simple_block_6162' for variant: 'minecraft:simple_block_6162#facing=east': #JVZLS 
[22:17:39] [ForkJoinPool.commonPool-worker-1/WARN] Unable to load block model: 'minecraft:block/simple_block_6274' for variant: 'minecraft:simple_block_6274#facing=west': #JVZLS 
[22:17:39] [ForkJoinPool.commonPool-worker-1/WARN] Unable to load block model: 'minecraft:block/simple_block_6277' for variant: 'minecraft:simple_block_6277#facing=south': #JVZLS 
[22:17:39] [ForkJoinPool.commonPool-worker-1/WARN] Unable to load block model: 'minecraft:block/simple_block_6198' for variant: 'minecraft:simple_block_6198#facing=east': #JVZLS 
[22:17:40] [ForkJoinPool.commonPool-worker-1/ERROR] Unable to load item model: 'minecraft:mcpatcher/cit/others/megumin_hat#inventory' for item: 'minecraft:mcpatcher/cit/others/megumin_hat'
[22:17:40] [ForkJoinPool.commonPool-worker-1/ERROR] Unable to load item model: 'minecraft:mcpatcher/cit/skins/sword/bronze_scythe/model#inventory' for item: 'minecraft:mcpatcher/cit/skins/sword/bronze_scythe/model'
[22:17:40] [ForkJoinPool.commonPool-worker-1/WARN] Missing model for: minecraft:simple_block_6258#facing=west
[22:17:40] [ForkJoinPool.commonPool-worker-1/WARN] Missing model for: minecraft:simple_block_6188#facing=east
[22:17:40] [ForkJoinPool.commonPool-worker-1/WARN] Missing model for: minecraft:simple_block_6214#facing=south
[22:17:40] [ForkJoinPool.commonPool-worker-1/WARN] Missing model for: minecraft:simple_block_6169#facing=north
[22:17:40] [ForkJoinPool.commonPool-worker-1/WARN] Missing model for: minecraft:simple_block_6170#facing=south
[22:17:40] [ForkJoinPool.commonPool-worker-1/WARN] Missing model for: minecraft:simple_block_6328#facing=west
[22:17:40] [ForkJoinPool.commonPool-worker-1/WARN] Missing model for: minecraft:simple_block_6289#facing=east
[22:17:40] [ForkJoinPool.commonPool-worker-1/WARN] Missing model for: minecraft:simple_block_6289#facing=west
[22:17:40] [ForkJoinPool.commonPool-worker-1/WARN] Missing model for: minecraft:simple_block_6328#facing=east
[22:17:40] [ForkJoinPool.commonPool-worker-1/WARN] Missing model for: minecraft:simple_block_6239#facing=north
[22:17:40] [ForkJoinPool.commonPool-worker-1/WARN] Missing model for: minecraft:simple_block_6315#facing=south
[22:17:40] [ForkJoinPool.commonPool-worker-1/WARN] Missing model for: minecraft:simple_block_6245#facing=south
[22:17:40] [ForkJoinPool.commonPool-worker-1/WARN] Missing model for: minecraft:simple_block_6309#facing=north
[22:17:40] [ForkJoinPool.commonPool-worker-1/WARN] Missing model for: minecraft:simple_block_6258#facing=east
[22:17:40] [ForkJoinPool.commonPool-worker-1/WARN] Missing model for: minecraft:simple_block_6284#facing=west
[22:17:40] [ForkJoinPool.commonPool-worker-1/WARN] Missing model for: minecraft:simple_block_6265#facing=north
[22:17:40] [ForkJoinPool.commonPool-worker-1/WARN] Missing model for: minecraft:simple_block_6157#facing=east
[22:17:40] [ForkJoinPool.commonPool-worker-1/WARN] Missing model for: minecraft:simple_block_6183#facing=west
[22:17:40] [ForkJoinPool.commonPool-worker-1/WARN] Missing model for: minecraft:simple_block_6253#facing=east
[22:17:40] [ForkJoinPool.commonPool-worker-1/WARN] Missing model for: minecraft:simple_block_6157#facing=west
[22:17:40] [ForkJoinPool.commonPool-worker-1/WARN] Missing model for: minecraft:simple_block_6310#facing=south
[22:17:40] [ForkJoinPool.commonPool-worker-1/WARN] Missing model for: minecraft:simple_block_6219#facing=south
[22:17:40] [ForkJoinPool.commonPool-worker-1/WARN] Missing model for: minecraft:simple_block_6296#facing=north
[22:17:40] [ForkJoinPool.commonPool-worker-1/WARN] Missing model for: minecraft:simple_block_6188#facing=west
[22:17:40] [ForkJoinPool.commonPool-worker-1/WARN] Missing model for: minecraft:simple_block_6284#facing=east
[22:17:40] [ForkJoinPool.commonPool-worker-1/WARN] Missing model for: minecraft:simple_block_6312#facing=east
[22:17:40] [ForkJoinPool.commonPool-worker-1/WARN] Missing model for: minecraft:simple_block_6312#facing=west
[22:17:40] [ForkJoinPool.commonPool-worker-1/WARN] Missing model for: minecraft:simple_block_6234#facing=north
[22:17:40] [ForkJoinPool.commonPool-worker-1/WARN] Missing model for: minecraft:simple_block_6242#facing=east
[22:17:40] [ForkJoinPool.commonPool-worker-1/WARN] Missing model for: minecraft:simple_block_6276#facing=south
[22:17:40] [ForkJoinPool.commonPool-worker-1/WARN] Missing model for: minecraft:simple_block_6211#facing=east
[22:17:40] [ForkJoinPool.commonPool-worker-1/WARN] Missing model for: minecraft:simple_block_6211#facing=west
[22:17:40] [ForkJoinPool.commonPool-worker-1/WARN] Missing model for: minecraft:simple_block_6242#facing=west
[22:17:40] [ForkJoinPool.commonPool-worker-1/WARN] Missing model for: minecraft:simple_block_6323#facing=west
[22:17:40] [ForkJoinPool.commonPool-worker-1/WARN] Missing model for: minecraft:simple_block_6164#facing=north
[22:17:40] [ForkJoinPool.commonPool-worker-1/WARN] Missing model for: minecraft:simple_block_6203#facing=north
[22:17:40] [ForkJoinPool.commonPool-worker-1/WARN] Missing model for: minecraft:simple_block_6273#facing=east
[22:17:40] [ForkJoinPool.commonPool-worker-1/WARN] Missing model for: minecraft:simple_block_6273#facing=west
[22:17:40] [ForkJoinPool.commonPool-worker-1/WARN] Missing model for: minecraft:simple_block_6326#facing=south
[22:17:40] [ForkJoinPool.commonPool-worker-1/WARN] Missing model for: minecraft:simple_block_6208#facing=north
[22:17:40] [ForkJoinPool.commonPool-worker-1/WARN] Missing model for: minecraft:simple_block_6195#facing=north
[22:17:40] [ForkJoinPool.commonPool-worker-1/WARN] Missing model for: minecraft:simple_block_6240#facing=south
[22:17:40] [ForkJoinPool.commonPool-worker-1/WARN] Missing model for: minecraft:simple_block_6271#facing=south
[22:17:40] [ForkJoinPool.commonPool-worker-1/WARN] Missing model for: minecraft:simple_block_6199#facing=west
[22:17:40] [ForkJoinPool.commonPool-worker-1/WARN] Missing model for: minecraft:simple_block_6323#facing=east
[22:17:40] [ForkJoinPool.commonPool-worker-1/WARN] Missing model for: minecraft:simple_block_6190#facing=north
[22:17:40] [ForkJoinPool.commonPool-worker-1/WARN] Missing model for: minecraft:simple_block_6269#facing=east
[22:17:40] [ForkJoinPool.commonPool-worker-1/WARN] Missing model for: minecraft:simple_block_6269#facing=west
[22:17:40] [ForkJoinPool.commonPool-worker-1/WARN] Missing model for: minecraft:simple_block_6177#facing=west
[22:17:40] [ForkJoinPool.commonPool-worker-1/WARN] Missing model for: minecraft:simple_block_6177#facing=east
[22:17:40] [ForkJoinPool.commonPool-worker-1/WARN] Missing model for: minecraft:simple_block_6203#facing=south
[22:17:40] [ForkJoinPool.commonPool-worker-1/WARN] Missing model for: minecraft:simple_block_6199#facing=east
[22:17:40] [ForkJoinPool.commonPool-worker-1/WARN] Missing model for: minecraft:simple_block_6247#facing=west
[22:17:40] [ForkJoinPool.commonPool-worker-1/WARN] Missing model for: minecraft:simple_block_6158#facing=north
[22:17:40] [ForkJoinPool.commonPool-worker-1/WARN] Missing model for: minecraft:simple_block_6228#facing=north
[22:17:40] [ForkJoinPool.commonPool-worker-1/WARN] Missing model for: minecraft:simple_block_6247#facing=east
[22:17:40] [ForkJoinPool.commonPool-worker-1/WARN] Missing model for: minecraft:simple_block_6295#facing=west
[22:17:40] [ForkJoinPool.commonPool-worker-1/WARN] Missing model for: minecraft:simple_block_6219#facing=north
[22:17:40] [ForkJoinPool.commonPool-worker-1/WARN] Missing model for: minecraft:simple_block_6164#facing=south
[22:17:40] [ForkJoinPool.commonPool-worker-1/WARN] Missing model for: minecraft:simple_block_6220#facing=south
[22:17:40] [ForkJoinPool.commonPool-worker-1/WARN] Missing model for: minecraft:simple_block_6200#facing=east
[22:17:40] [ForkJoinPool.commonPool-worker-1/WARN] Missing model for: minecraft:simple_block_6291#facing=south
[22:17:40] [ForkJoinPool.commonPool-worker-1/WARN] Missing model for: minecraft:simple_block_6184#facing=north
[22:17:40] [ForkJoinPool.commonPool-worker-1/WARN] Missing model for: minecraft:simple_block_6207#facing=west
[22:17:40] [ForkJoinPool.commonPool-worker-1/WARN] Missing model for: minecraft:simple_block_6282#facing=south
[22:17:40] [ForkJoinPool.commonPool-worker-1/WARN] Missing model for: minecraft:simple_block_6260#facing=north
[22:17:40] [ForkJoinPool.commonPool-worker-1/WARN] Missing model for: minecraft:simple_block_6207#facing=east
[22:17:40] [ForkJoinPool.commonPool-worker-1/WARN] Missing model for: minecraft:simple_block_6324#facing=north
[22:17:40] [ForkJoinPool.commonPool-worker-1/WARN] Missing model for: minecraft:simple_block_6280#facing=north
[22:17:40] [ForkJoinPool.commonPool-worker-1/WARN] Missing model for: minecraft:simple_block_6298#facing=south
[22:17:40] [ForkJoinPool.commonPool-worker-1/WARN] Missing model for: minecraft:simple_block_6233#facing=east
[22:17:40] [ForkJoinPool.commonPool-worker-1/WARN] Missing model for: minecraft:simple_block_6309#facing=south
[22:17:40] [ForkJoinPool.commonPool-worker-1/WARN] Missing model for: minecraft:simple_block_6233#facing=west
[22:17:40] [ForkJoinPool.commonPool-worker-1/WARN] Missing model for: minecraft:simple_block_6303#facing=east
[22:17:40] [ForkJoinPool.commonPool-worker-1/WARN] Missing model for: minecraft:simple_block_6304#facing=north
[22:17:40] [ForkJoinPool.commonPool-worker-1/WARN] Missing model for: minecraft:simple_block_6212#facing=north
[22:17:40] [ForkJoinPool.commonPool-worker-1/WARN] Missing model for: minecraft:simple_block_6253#facing=west
[22:17:40] [ForkJoinPool.commonPool-worker-1/WARN] Missing model for: minecraft:simple_block_6303#facing=west
[22:17:40] [ForkJoinPool.commonPool-worker-1/WARN] Missing model for: minecraft:simple_block_6183#facing=east
[22:17:40] [ForkJoinPool.commonPool-worker-1/WARN] Missing model for: minecraft:simple_block_6186#facing=south
[22:17:40] [ForkJoinPool.commonPool-worker-1/WARN] Missing model for: minecraft:simple_block_6256#facing=south
[22:17:40] [ForkJoinPool.commonPool-worker-1/WARN] Missing model for: minecraft:simple_block_6175#facing=north
[22:17:40] [ForkJoinPool.commonPool-worker-1/WARN] Missing model for: minecraft:simple_block_6227#facing=east
[22:17:40] [ForkJoinPool.commonPool-worker-1/WARN] Missing model for: minecraft:simple_block_6306#facing=east
[22:17:40] [ForkJoinPool.commonPool-worker-1/WARN] Missing model for: minecraft:simple_block_6330#facing=north
[22:17:40] [ForkJoinPool.commonPool-worker-1/WARN] Missing model for: minecraft:simple_block_6254#facing=north
[22:17:40] [ForkJoinPool.commonPool-worker-1/WARN] Missing model for: minecraft:simple_block_6295#facing=east
[22:17:40] [ForkJoinPool.commonPool-worker-1/WARN] Missing model for: minecraft:simple_block_6227#facing=west
[22:17:40] [ForkJoinPool.commonPool-worker-1/WARN] Missing model for: minecraft:simple_block_6192#facing=south
[22:17:40] [ForkJoinPool.commonPool-worker-1/WARN] Missing model for: minecraft:simple_block_6267#facing=east
[22:17:40] [ForkJoinPool.commonPool-worker-1/WARN] Missing model for: minecraft:simple_block_6262#facing=south
[22:17:40] [ForkJoinPool.commonPool-worker-1/WARN] Missing model for: minecraft:simple_block_6236#facing=east
[22:17:40] [ForkJoinPool.commonPool-worker-1/WARN] Missing model for: minecraft:simple_block_6306#facing=south
[22:17:40] [ForkJoinPool.commonPool-worker-1/WARN] Missing model for: minecraft:simple_block_6197#facing=east
[22:17:40] [ForkJoinPool.commonPool-worker-1/WARN] Missing model for: minecraft:simple_block_6166#facing=east
[22:17:40] [ForkJoinPool.commonPool-worker-1/WARN] Missing model for: minecraft:simple_block_6178#facing=north
[22:17:40] [ForkJoinPool.commonPool-worker-1/WARN] Missing model for: minecraft:simple_block_6298#facing=west
[22:17:40] [ForkJoinPool.commonPool-worker-1/WARN] Missing model for: minecraft:simple_block_6319#facing=east
[22:17:40] [ForkJoinPool.commonPool-worker-1/WARN] Missing model for: minecraft:simple_block_6262#facing=west
[22:17:40] [ForkJoinPool.commonPool-worker-1/WARN] Missing model for: minecraft:simple_block_6170#facing=north
[22:17:40] [ForkJoinPool.commonPool-worker-1/WARN] Missing model for: minecraft:simple_block_6287#facing=north
[22:17:40] [ForkJoinPool.commonPool-worker-1/WARN] Missing model for: minecraft:simple_block_6243#facing=north
[22:17:40] [ForkJoinPool.commonPool-worker-1/WARN] Missing model for: minecraft:simple_block_6179#facing=east
[22:17:40] [ForkJoinPool.commonPool-worker-1/WARN] Missing model for: minecraft:simple_block_6279#facing=north
[22:17:40] [ForkJoinPool.commonPool-worker-1/WARN] Missing model for: minecraft:simple_block_6293#facing=west
[22:17:40] [ForkJoinPool.commonPool-worker-1/WARN] Missing model for: minecraft:simple_block_6296#facing=south
[22:17:40] [ForkJoinPool.commonPool-worker-1/WARN] Missing model for: minecraft:simple_block_6274#facing=north
[22:17:40] [ForkJoinPool.commonPool-worker-1/WARN] Missing model for: minecraft:simple_block_6205#facing=south
[22:17:40] [ForkJoinPool.commonPool-worker-1/WARN] Missing model for: minecraft:simple_block_6310#facing=north
[22:17:40] [ForkJoinPool.commonPool-worker-1/WARN] Missing model for: minecraft:simple_block_6202#facing=west
[22:17:40] [ForkJoinPool.commonPool-worker-1/WARN] Missing model for: minecraft:simple_block_6163#facing=east
[22:17:40] [ForkJoinPool.commonPool-worker-1/WARN] Missing model for: minecraft:simple_block_6244#facing=east
[22:17:40] [ForkJoinPool.commonPool-worker-1/WARN] Missing model for: minecraft:simple_block_6231#facing=east
[22:17:40] [ForkJoinPool.commonPool-worker-1/WARN] Missing model for: minecraft:simple_block_6326#facing=north
[22:17:40] [ForkJoinPool.commonPool-worker-1/WARN] Missing model for: minecraft:simple_block_6158#facing=south
[22:17:40] [ForkJoinPool.commonPool-worker-1/WARN] Missing model for: minecraft:simple_block_6321#facing=east
[22:17:40] [ForkJoinPool.commonPool-worker-1/WARN] Missing model for: minecraft:simple_block_6161#facing=east
[22:17:40] [ForkJoinPool.commonPool-worker-1/WARN] Missing model for: minecraft:simple_block_6265#facing=south
[22:17:40] [ForkJoinPool.commonPool-worker-1/WARN] Missing model for: minecraft:simple_block_6213#facing=east
[22:17:40] [ForkJoinPool.commonPool-worker-1/WARN] Missing model for: minecraft:simple_block_6278#facing=south
[22:17:40] [ForkJoinPool.commonPool-worker-1/WARN] Missing model for: minecraft:simple_block_6270#facing=west
[22:17:40] [ForkJoinPool.commonPool-worker-1/WARN] Missing model for: minecraft:simple_block_6174#facing=east
[22:17:40] [ForkJoinPool.commonPool-worker-1/WARN] Missing model for: minecraft:simple_block_6195#facing=south
[22:17:40] [ForkJoinPool.commonPool-worker-1/WARN] Missing model for: minecraft:simple_block_6276#facing=north
[22:17:40] [ForkJoinPool.commonPool-worker-1/WARN] Missing model for: minecraft:simple_block_6192#facing=west
[22:17:40] [ForkJoinPool.commonPool-worker-1/WARN] Missing model for: minecraft:simple_block_6240#facing=north
[22:17:40] [ForkJoinPool.commonPool-worker-1/WARN] Missing model for: minecraft:simple_block_6263#facing=north
[22:17:40] [ForkJoinPool.commonPool-worker-1/WARN] Missing model for: minecraft:simple_block_6275#facing=west
[22:17:40] [ForkJoinPool.commonPool-worker-1/WARN] Missing model for: minecraft:simple_block_6218#facing=west
[22:17:40] [ForkJoinPool.commonPool-worker-1/WARN] Missing model for: minecraft:simple_block_6249#facing=east
[22:17:40] [ForkJoinPool.commonPool-worker-1/WARN] Missing model for: minecraft:simple_block_6168#facing=west
[22:17:40] [ForkJoinPool.commonPool-worker-1/WARN] Missing model for: minecraft:simple_block_6208#facing=south
[22:17:40] [ForkJoinPool.commonPool-worker-1/WARN] Missing model for: minecraft:simple_block_6190#facing=south
[22:17:40] [ForkJoinPool.commonPool-worker-1/WARN] Missing model for: minecraft:simple_block_6271#facing=north
[22:17:40] [ForkJoinPool.commonPool-worker-1/WARN] Missing model for: minecraft:simple_block_6155#facing=west
[22:17:40] [ForkJoinPool.commonPool-worker-1/WARN] Missing model for: minecraft:simple_block_6205#facing=west
[22:17:40] [ForkJoinPool.commonPool-worker-1/WARN] Missing model for: minecraft:simple_block_6313#facing=north
[22:17:40] [ForkJoinPool.commonPool-worker-1/WARN] Missing model for: minecraft:simple_block_6321#facing=north
[22:17:40] [ForkJoinPool.commonPool-worker-1/WARN] Missing model for: minecraft:simple_block_6273#facing=south
[22:17:40] [ForkJoinPool.commonPool-worker-1/WARN] Missing model for: minecraft:simple_block_6259#facing=north
[22:17:40] [ForkJoinPool.commonPool-worker-1/WARN] Missing model for: minecraft:simple_block_6330#facing=south
[22:17:40] [ForkJoinPool.commonPool-worker-1/WARN] Missing model for: minecraft:simple_block_6294#facing=north
[22:17:40] [ForkJoinPool.commonPool-worker-1/WARN] Missing model for: minecraft:simple_block_6220#facing=north
[22:17:40] [ForkJoinPool.commonPool-worker-1/WARN] Missing model for: minecraft:simple_block_6225#facing=south
[22:17:40] [ForkJoinPool.commonPool-worker-1/WARN] Missing model for: minecraft:simple_block_6329#facing=north
[22:17:40] [ForkJoinPool.commonPool-worker-1/WARN] Missing model for: minecraft:simple_block_6212#facing=south
[22:17:40] [ForkJoinPool.commonPool-worker-1/WARN] Missing model for: minecraft:simple_block_6317#facing=east
[22:17:40] [ForkJoinPool.commonPool-worker-1/WARN] Missing model for: minecraft:simple_block_6278#facing=west
[22:17:40] [ForkJoinPool.commonPool-worker-1/WARN] Missing model for: minecraft:simple_block_6172#facing=south
[22:17:40] [ForkJoinPool.commonPool-worker-1/WARN] Missing model for: minecraft:simple_block_6189#facing=north
[22:17:40] [ForkJoinPool.commonPool-worker-1/WARN] Missing model for: minecraft:simple_block_6216#facing=east
[22:17:40] [ForkJoinPool.commonPool-worker-1/WARN] Missing model for: minecraft:simple_block_6194#facing=east
[22:17:40] [ForkJoinPool.commonPool-worker-1/WARN] Missing model for: minecraft:simple_block_6225#facing=west
[22:17:40] [ForkJoinPool.commonPool-worker-1/WARN] Missing model for: minecraft:simple_block_6155#facing=south
[22:17:40] [ForkJoinPool.commonPool-worker-1/WARN] Missing model for: minecraft:simple_block_6238#facing=west
[22:17:40] [ForkJoinPool.commonPool-worker-1/WARN] Missing model for: minecraft:simple_block_6193#facing=north
[22:17:40] [ForkJoinPool.commonPool-worker-1/WARN] Missing model for: minecraft:simple_block_6260#facing=south
[22:17:40] [ForkJoinPool.commonPool-worker-1/WARN] Missing model for: minecraft:simple_block_6229#facing=east
[22:17:40] [ForkJoinPool.commonPool-worker-1/WARN] Missing model for: minecraft:simple_block_6181#facing=east
[22:17:40] [ForkJoinPool.commonPool-worker-1/WARN] Missing model for: minecraft:simple_block_6228#facing=south
[22:17:40] [ForkJoinPool.commonPool-worker-1/WARN] Missing model for: minecraft:simple_block_6223#facing=north
[22:17:40] [ForkJoinPool.commonPool-worker-1/WARN] Missing model for: minecraft:simple_block_6236#facing=north
[22:17:40] [ForkJoinPool.commonPool-worker-1/WARN] Missing model for: minecraft:simple_block_6290#facing=west
[22:17:40] [ForkJoinPool.commonPool-worker-1/WARN] Missing model for: minecraft:simple_block_6314#facing=east
[22:17:40] [ForkJoinPool.commonPool-worker-1/WARN] Missing model for: minecraft:simple_block_6291#facing=north
[22:17:40] [ForkJoinPool.commonPool-worker-1/WARN] Missing model for: minecraft:simple_block_6222#facing=west
[22:17:40] [ForkJoinPool.commonPool-worker-1/WARN] Missing model for: minecraft:simple_block_6172#facing=west
[22:17:40] [ForkJoinPool.commonPool-worker-1/WARN] Missing model for: minecraft:simple_block_6256#facing=north
[22:17:40] [ForkJoinPool.commonPool-worker-1/WARN] Missing model for: minecraft:simple_block_6186#facing=north
[22:17:40] [ForkJoinPool.commonPool-worker-1/WARN] Missing model for: minecraft:simple_block_6306#facing=north
[22:17:40] [ForkJoinPool.commonPool-worker-1/WARN] Missing model for: minecraft:simple_block_6248#facing=south
[22:17:40] [ForkJoinPool.commonPool-worker-1/WARN] Missing model for: minecraft:simple_block_6308#facing=west
[22:17:40] [ForkJoinPool.commonPool-worker-1/WARN] Missing model for: minecraft:simple_block_6159#facing=east
[22:17:40] [ForkJoinPool.commonPool-worker-1/WARN] Missing model for: minecraft:simple_block_6175#facing=south
[22:17:40] [ForkJoinPool.commonPool-worker-1/WARN] Missing model for: minecraft:simple_block_6173#facing=north
[22:17:40] [ForkJoinPool.commonPool-worker-1/WARN] Missing model for: minecraft:simple_block_6280#facing=south
[22:17:40] [ForkJoinPool.commonPool-worker-1/WARN] Missing model for: minecraft:simple_block_6264#facing=east
[22:17:40] [ForkJoinPool.commonPool-worker-1/WARN] Missing model for: minecraft:simple_block_6251#facing=east
[22:17:40] [ForkJoinPool.commonPool-worker-1/WARN] Missing model for: minecraft:simple_block_6293#facing=south
[22:17:40] [ForkJoinPool.commonPool-worker-1/WARN] Missing model for: minecraft:simple_block_6301#facing=east
[22:17:40] [ForkJoinPool.commonPool-worker-1/WARN] Missing model for: minecraft:simple_block_6188#facing=south
[22:17:40] [ForkJoinPool.commonPool-worker-1/WARN] Missing model for: minecraft:simple_block_6287#facing=east
[22:17:40] [ForkJoinPool.commonPool-worker-1/WARN] Missing model for: minecraft:simple_block_6185#facing=west
[22:17:40] [ForkJoinPool.commonPool-worker-1/WARN] Missing model for: minecraft:simple_block_6245#facing=east
[22:17:40] [ForkJoinPool.commonPool-worker-1/WARN] Missing model for: minecraft:simple_block_6175#facing=west
[22:17:40] [ForkJoinPool.commonPool-worker-1/WARN] Missing model for: minecraft:simple_block_6301#facing=north
[22:17:40] [ForkJoinPool.commonPool-worker-1/WARN] Missing model for: minecraft:simple_block_6226#facing=north
[22:17:40] [ForkJoinPool.commonPool-worker-1/WARN] Missing model for: minecraft:simple_block_6253#facing=south
[22:17:40] [ForkJoinPool.commonPool-worker-1/WARN] Missing model for: minecraft:simple_block_6276#facing=west
[22:17:40] [ForkJoinPool.commonPool-worker-1/WARN] Missing model for: minecraft:simple_block_6161#facing=north
[22:17:40] [ForkJoinPool.commonPool-worker-1/WARN] Missing model for: minecraft:simple_block_6250#facing=west
[22:17:40] [ForkJoinPool.commonPool-worker-1/WARN] Missing model for: minecraft:simple_block_6200#facing=north
[22:17:40] [ForkJoinPool.commonPool-worker-1/WARN] Missing model for: minecraft:simple_block_6180#facing=east
[22:17:40] [ForkJoinPool.commonPool-worker-1/WARN] Missing model for: minecraft:simple_block_6245#facing=west
[22:17:40] [ForkJoinPool.commonPool-worker-1/WARN] Missing model for: minecraft:simple_block_6288#facing=north
[22:17:40] [ForkJoinPool.commonPool-worker-1/WARN] Missing model for: minecraft:simple_block_6252#facing=north
[22:17:40] [ForkJoinPool.commonPool-worker-1/WARN] Missing model for: minecraft:simple_block_6258#facing=south
[22:17:40] [ForkJoinPool.commonPool-worker-1/WARN] Missing model for: minecraft:simple_block_6178#facing=south
[22:17:40] [ForkJoinPool.commonPool-worker-1/WARN] Missing model for: minecraft:simple_block_6297#facing=east
[22:17:40] [ForkJoinPool.commonPool-worker-1/WARN] Missing model for: minecraft:simple_block_6205#facing=north
[22:17:40] [ForkJoinPool.commonPool-worker-1/WARN] Missing model for: minecraft:simple_block_6279#facing=south
[22:17:40] [ForkJoinPool.commonPool-worker-1/WARN] Missing model for: minecraft:simple_block_6271#facing=east
[22:17:40] [ForkJoinPool.commonPool-worker-1/WARN] Missing model for: minecraft:simple_block_6222#facing=south
[22:17:40] [ForkJoinPool.commonPool-worker-1/WARN] Missing model for: minecraft:simple_block_6240#facing=west
[22:17:40] [ForkJoinPool.commonPool-worker-1/WARN] Missing model for: minecraft:simple_block_6320#facing=east
[22:17:40] [ForkJoinPool.commonPool-worker-1/WARN] Missing model for: minecraft:simple_block_6255#facing=west
[22:17:40] [ForkJoinPool.commonPool-worker-1/WARN] Missing model for: minecraft:simple_block_6310#facing=east
[22:17:40] [ForkJoinPool.commonPool-worker-1/WARN] Missing model for: minecraft:simple_block_6307#facing=south
[22:17:40] [ForkJoinPool.commonPool-worker-1/WARN] Missing model for: minecraft:simple_block_6177#facing=north
[22:17:40] [ForkJoinPool.commonPool-worker-1/WARN] Missing model for: minecraft:simple_block_6165#facing=west
[22:17:40] [ForkJoinPool.commonPool-worker-1/WARN] Missing model for: minecraft:simple_block_6289#facing=south
[22:17:40] [ForkJoinPool.commonPool-worker-1/WARN] Missing model for: minecraft:simple_block_6311#facing=north
[22:17:40] [ForkJoinPool.commonPool-worker-1/WARN] Missing model for: minecraft:simple_block_6278#facing=north
[22:17:40] [ForkJoinPool.commonPool-worker-1/WARN] Missing model for: minecraft:simple_block_6206#facing=south
[22:17:40] [ForkJoinPool.commonPool-worker-1/WARN] Missing model for: minecraft:simple_block_6255#facing=east
[22:17:40] [ForkJoinPool.commonPool-worker-1/WARN] Missing model for: minecraft:simple_block_6197#facing=north
[22:17:40] [ForkJoinPool.commonPool-worker-1/WARN] Missing model for: minecraft:simple_block_6232#facing=south
[22:17:40] [ForkJoinPool.commonPool-worker-1/WARN] Missing model for: minecraft:simple_block_6268#facing=south
[22:17:40] [ForkJoinPool.commonPool-worker-1/WARN] Missing model for: minecraft:simple_block_6187#facing=north
[22:17:40] [ForkJoinPool.commonPool-worker-1/WARN] Missing model for: minecraft:simple_block_6281#facing=east
[22:17:40] [ForkJoinPool.commonPool-worker-1/WARN] Missing model for: minecraft:simple_block_6216#facing=north
[22:17:40] [ForkJoinPool.commonPool-worker-1/WARN] Missing model for: minecraft:simple_block_6268#facing=north
[22:17:40] [ForkJoinPool.commonPool-worker-1/WARN] Missing model for: minecraft:simple_block_6263#facing=south
[22:17:40] [ForkJoinPool.commonPool-worker-1/WARN] Missing model for: minecraft:simple_block_6260#facing=west
[22:17:40] [ForkJoinPool.commonPool-worker-1/WARN] Missing model for: minecraft:simple_block_6300#facing=east
[22:17:40] [ForkJoinPool.commonPool-worker-1/WARN] Missing model for: minecraft:simple_block_6164#facing=west
[22:17:40] [ForkJoinPool.commonPool-worker-1/WARN] Missing model for: minecraft:simple_block_6164#facing=east
[22:17:40] [ForkJoinPool.commonPool-worker-1/WARN] Missing model for: minecraft:simple_block_6256#facing=west
[22:17:40] [ForkJoinPool.commonPool-worker-1/WARN] Missing model for: minecraft:simple_block_6299#facing=south
[22:17:40] [ForkJoinPool.commonPool-worker-1/WARN] Missing model for: minecraft:simple_block_6230#facing=west
[22:17:40] [ForkJoinPool.commonPool-worker-1/WARN] Missing model for: minecraft:simple_block_6186#facing=east
[22:17:40] [ForkJoinPool.commonPool-worker-1/WARN] Missing model for: minecraft:simple_block_6208#facing=east
[22:17:40] [ForkJoinPool.commonPool-worker-1/WARN] Missing model for: minecraft:simple_block_6160#facing=east
[22:17:40] [ForkJoinPool.commonPool-worker-1/WARN] Missing model for: minecraft:simple_block_6291#facing=east
[22:17:40] [ForkJoinPool.commonPool-worker-1/WARN] Missing model for: minecraft:simple_block_6295#facing=south
[22:17:40] [ForkJoinPool.commonPool-worker-1/WARN] Missing model for: minecraft:simple_block_6242#facing=south
[22:17:40] [ForkJoinPool.commonPool-worker-1/WARN] Missing model for: minecraft:simple_block_6206#facing=north
[22:17:40] [ForkJoinPool.commonPool-worker-1/WARN] Missing model for: minecraft:simple_block_6171#facing=north
[22:17:40] [ForkJoinPool.commonPool-worker-1/WARN] Missing model for: minecraft:simple_block_6177#facing=south
[22:17:40] [ForkJoinPool.commonPool-worker-1/WARN] Missing model for: minecraft:simple_block_6243#facing=south
[22:17:40] [ForkJoinPool.commonPool-worker-1/WARN] Missing model for: minecraft:simple_block_6286#facing=west
[22:17:40] [ForkJoinPool.commonPool-worker-1/WARN] Missing model for: minecraft:simple_block_6190#facing=east
[22:17:40] [ForkJoinPool.commonPool-worker-1/WARN] Missing model for: minecraft:simple_block_6309#facing=east
[22:17:40] [ForkJoinPool.commonPool-worker-1/WARN] Missing model for: minecraft:simple_block_6307#facing=north
[22:17:40] [ForkJoinPool.commonPool-worker-1/WARN] Missing model for: minecraft:simple_block_6252#facing=south
[22:17:40] [ForkJoinPool.commonPool-worker-1/WARN] Missing model for: minecraft:simple_block_6292#facing=east
[22:17:40] [ForkJoinPool.commonPool-worker-1/WARN] Missing model for: minecraft:simple_block_6326#facing=east
[22:17:40] [ForkJoinPool.commonPool-worker-1/WARN] Missing model for: minecraft:simple_block_6220#facing=west
[22:17:40] [ForkJoinPool.commonPool-worker-1/WARN] Missing model for: minecraft:simple_block_6285#facing=south
[22:17:40] [ForkJoinPool.commonPool-worker-1/WARN] Missing model for: minecraft:simple_block_6200#facing=south
[22:17:40] [ForkJoinPool.commonPool-worker-1/WARN] Missing model for: minecraft:simple_block_6196#facing=east
[22:17:40] [ForkJoinPool.commonPool-worker-1/WARN] Missing model for: minecraft:simple_block_6316#facing=east
[22:17:40] [ForkJoinPool.commonPool-worker-1/WARN] Missing model for: minecraft:simple_block_6259#facing=south
[22:17:40] [ForkJoinPool.commonPool-worker-1/WARN] Missing model for: minecraft:simple_block_6225#facing=north
[22:17:40] [ForkJoinPool.commonPool-worker-1/WARN] Missing model for: minecraft:simple_block_6167#facing=south
[22:17:40] [ForkJoinPool.commonPool-worker-1/WARN] Missing model for: minecraft:simple_block_6317#facing=north
[22:17:40] [ForkJoinPool.commonPool-worker-1/WARN] Missing model for: minecraft:simple_block_6292#facing=west
[22:17:40] [ForkJoinPool.commonPool-worker-1/WARN] Missing model for: minecraft:simple_block_6269#facing=south
[22:17:40] [ForkJoinPool.commonPool-worker-1/WARN] Missing model for: minecraft:simple_block_6233#facing=south
[22:17:40] [ForkJoinPool.commonPool-worker-1/WARN] Missing model for: minecraft:simple_block_6272#facing=east
[22:17:40] [ForkJoinPool.commonPool-worker-1/WARN] Missing model for: minecraft:simple_block_6282#facing=east
[22:17:40] [ForkJoinPool.commonPool-worker-1/WARN] Missing model for: minecraft:simple_block_6181#facing=north
[22:17:40] [ForkJoinPool.commonPool-worker-1/WARN] Missing model for: minecraft:simple_block_6215#facing=north
[22:17:40] [ForkJoinPool.commonPool-worker-1/WARN] Missing model for: minecraft:simple_block_6282#facing=west
[22:17:40] [ForkJoinPool.commonPool-worker-1/WARN] Missing model for: minecraft:simple_block_6157#facing=south
[22:17:40] [ForkJoinPool.commonPool-worker-1/WARN] Missing model for: minecraft:simple_block_6170#facing=east
[22:17:40] [ForkJoinPool.commonPool-worker-1/WARN] Missing model for: minecraft:simple_block_6266#facing=west
[22:17:40] [ForkJoinPool.commonPool-worker-1/WARN] Missing model for: minecraft:simple_block_6327#facing=north
[22:17:40] [ForkJoinPool.commonPool-worker-1/WARN] Missing model for: minecraft:simple_block_6235#facing=north
[22:17:40] [ForkJoinPool.commonPool-worker-1/WARN] Missing model for: minecraft:simple_block_6292#facing=north
[22:17:40] [ForkJoinPool.commonPool-worker-1/WARN] Missing model for: minecraft:simple_block_6248#facing=north
[22:17:40] [ForkJoinPool.commonPool-worker-1/WARN] Missing model for: minecraft:simple_block_6324#facing=west
[22:17:40] [ForkJoinPool.commonPool-worker-1/WARN] Missing model for: minecraft:simple_block_6222#facing=north
[22:17:40] [ForkJoinPool.commonPool-worker-1/WARN] Missing model for: minecraft:simple_block_6311#facing=west
[22:17:40] [ForkJoinPool.commonPool-worker-1/WARN] Missing model for: minecraft:simple_block_6184#facing=west
[22:17:40] [ForkJoinPool.commonPool-worker-1/WARN] Missing model for: minecraft:simple_block_6197#facing=west
[22:17:40] [ForkJoinPool.commonPool-worker-1/WARN] Missing model for: minecraft:simple_block_6223#facing=south
[22:17:40] [ForkJoinPool.commonPool-worker-1/WARN] Missing model for: minecraft:simple_block_6161#facing=south
[22:17:40] [ForkJoinPool.commonPool-worker-1/WARN] Missing model for: minecraft:simple_block_6223#facing=west
[22:17:40] [ForkJoinPool.commonPool-worker-1/WARN] Missing model for: minecraft:simple_block_6228#facing=east
[22:17:40] [ForkJoinPool.commonPool-worker-1/WARN] Missing model for: minecraft:simple_block_6298#facing=east
[22:17:40] [ForkJoinPool.commonPool-worker-1/WARN] Missing model for: minecraft:simple_block_6285#facing=east
[22:17:40] [ForkJoinPool.commonPool-worker-1/WARN] Missing model for: minecraft:simple_block_6324#facing=south
[22:17:40] [ForkJoinPool.commonPool-worker-1/WARN] Missing model for: minecraft:simple_block_6202#facing=east
[22:17:40] [ForkJoinPool.commonPool-worker-1/WARN] Missing model for: minecraft:simple_block_6301#facing=south
[22:17:40] [ForkJoinPool.commonPool-worker-1/WARN] Missing model for: minecraft:simple_block_6275#facing=east
[22:17:40] [ForkJoinPool.commonPool-worker-1/WARN] Missing model for: minecraft:simple_block_6236#facing=south
[22:17:40] [ForkJoinPool.commonPool-worker-1/WARN] Missing model for: minecraft:simple_block_6311#facing=south
[22:17:40] [ForkJoinPool.commonPool-worker-1/WARN] Missing model for: minecraft:simple_block_6249#facing=south
[22:17:40] [ForkJoinPool.commonPool-worker-1/WARN] Missing model for: minecraft:simple_block_6174#facing=west
[22:17:40] [ForkJoinPool.commonPool-worker-1/WARN] Missing model for: minecraft:simple_block_6210#facing=west
[22:17:40] [ForkJoinPool.commonPool-worker-1/WARN] Missing model for: minecraft:simple_block_6262#facing=east
[22:17:40] [ForkJoinPool.commonPool-worker-1/WARN] Missing model for: minecraft:simple_block_6213#facing=south
[22:17:40] [ForkJoinPool.commonPool-worker-1/WARN] Missing model for: minecraft:simple_block_6215#facing=east
[22:17:40] [ForkJoinPool.commonPool-worker-1/WARN] Missing model for: minecraft:simple_block_6171#facing=south
[22:17:40] [ForkJoinPool.commonPool-worker-1/WARN] Missing model for: minecraft:simple_block_6246#facing=west
[22:17:40] [ForkJoinPool.commonPool-worker-1/WARN] Missing model for: minecraft:simple_block_6258#facing=north
[22:17:40] [ForkJoinPool.commonPool-worker-1/WARN] Missing model for: minecraft:simple_block_6239#facing=south
[22:17:40] [ForkJoinPool.commonPool-worker-1/WARN] Missing model for: minecraft:simple_block_6197#facing=south
[22:17:40] [ForkJoinPool.commonPool-worker-1/WARN] Missing model for: minecraft:simple_block_6184#facing=south
[22:17:40] [ForkJoinPool.commonPool-worker-1/WARN] Missing model for: minecraft:simple_block_6288#facing=east
[22:17:40] [ForkJoinPool.commonPool-worker-1/WARN] Missing model for: minecraft:simple_block_6161#facing=west
[22:17:40] [ForkJoinPool.commonPool-worker-1/WARN] Missing model for: minecraft:simple_block_6200#facing=west
[22:17:40] [ForkJoinPool.commonPool-worker-1/WARN] Missing model for: minecraft:simple_block_6226#facing=south
[22:17:40] [ForkJoinPool.commonPool-worker-1/WARN] Missing model for: minecraft:simple_block_6245#facing=north
[22:17:40] [ForkJoinPool.commonPool-worker-1/WARN] Missing model for: minecraft:simple_block_6205#facing=east
[22:17:40] [ForkJoinPool.commonPool-worker-1/WARN] Missing model for: minecraft:simple_block_6259#facing=west
[22:17:40] [ForkJoinPool.commonPool-worker-1/WARN] Missing model for: minecraft:simple_block_6226#facing=west
[22:17:40] [ForkJoinPool.commonPool-worker-1/WARN] Missing model for: minecraft:simple_block_6187#facing=south
[22:17:40] [ForkJoinPool.commonPool-worker-1/WARN] Missing model for: minecraft:simple_block_6194#facing=west
[22:17:40] [ForkJoinPool.commonPool-worker-1/WARN] Missing model for: minecraft:simple_block_6236#facing=west
[22:17:40] [ForkJoinPool.commonPool-worker-1/WARN] Missing model for: minecraft:simple_block_6321#facing=south
[22:17:40] [ForkJoinPool.commonPool-worker-1/WARN] Missing model for: minecraft:simple_block_6265#facing=east
[22:17:40] [ForkJoinPool.commonPool-worker-1/WARN] Missing model for: minecraft:simple_block_6249#facing=west
[22:17:40] [ForkJoinPool.commonPool-worker-1/WARN] Missing model for: minecraft:simple_block_6174#facing=south
[22:17:40] [ForkJoinPool.commonPool-worker-1/WARN] Missing model for: minecraft:simple_block_6218#facing=east
[22:17:40] [ForkJoinPool.commonPool-worker-1/WARN] Missing model for: minecraft:simple_block_6232#facing=north
[22:17:40] [ForkJoinPool.commonPool-worker-1/WARN] Missing model for: minecraft:simple_block_6171#facing=west
[22:17:40] [ForkJoinPool.commonPool-worker-1/WARN] Missing model for: minecraft:simple_block_6213#facing=west
[22:17:40] [ForkJoinPool.commonPool-worker-1/WARN] Missing model for: minecraft:simple_block_6216#facing=south
[22:17:40] [ForkJoinPool.commonPool-worker-1/WARN] Missing model for: minecraft:simple_block_6167#facing=north
[22:17:40] [ForkJoinPool.commonPool-worker-1/WARN] Missing model for: minecraft:simple_block_6229#facing=south
[22:17:40] [ForkJoinPool.commonPool-worker-1/WARN] Missing model for: minecraft:simple_block_6181#facing=south
[22:17:40] [ForkJoinPool.commonPool-worker-1/WARN] Missing model for: minecraft:simple_block_6278#facing=east
[22:17:40] [ForkJoinPool.commonPool-worker-1/WARN] Missing model for: minecraft:simple_block_6194#facing=south
[22:17:40] [ForkJoinPool.commonPool-worker-1/WARN] Missing model for: minecraft:simple_block_6317#facing=south
[22:17:40] [ForkJoinPool.commonPool-worker-1/WARN] Missing model for: minecraft:simple_block_6304#facing=west
[22:17:40] [ForkJoinPool.commonPool-worker-1/WARN] Missing model for: minecraft:simple_block_6317#facing=west
[22:17:40] [ForkJoinPool.commonPool-worker-1/WARN] Missing model for: minecraft:simple_block_6272#facing=north
[22:17:40] [ForkJoinPool.commonPool-worker-1/WARN] Missing model for: minecraft:simple_block_6225#facing=east
[22:17:40] [ForkJoinPool.commonPool-worker-1/WARN] Missing model for: minecraft:simple_block_6242#facing=north
[22:17:40] [ForkJoinPool.commonPool-worker-1/WARN] Missing model for: minecraft:simple_block_6304#facing=south
[22:17:40] [ForkJoinPool.commonPool-worker-1/WARN] Missing model for: minecraft:simple_block_6229#facing=west
[22:17:40] [ForkJoinPool.commonPool-worker-1/WARN] Missing model for: minecraft:simple_block_6203#facing=west
[22:17:40] [ForkJoinPool.commonPool-worker-1/WARN] Missing model for: minecraft:simple_block_6181#facing=west
[22:17:40] [ForkJoinPool.commonPool-worker-1/WARN] Missing model for: minecraft:simple_block_6238#facing=east
[22:17:40] [ForkJoinPool.commonPool-worker-1/WARN] Missing model for: minecraft:simple_block_6191#facing=west
[22:17:40] [ForkJoinPool.commonPool-worker-1/WARN] Missing model for: minecraft:simple_block_6239#facing=west
[22:17:40] [ForkJoinPool.commonPool-worker-1/WARN] Missing model for: minecraft:simple_block_6321#facing=west
[22:17:40] [ForkJoinPool.commonPool-worker-1/WARN] Missing model for: minecraft:simple_block_6327#facing=west
[22:17:40] [ForkJoinPool.commonPool-worker-1/WARN] Missing model for: minecraft:simple_block_6282#facing=north
[22:17:40] [ForkJoinPool.commonPool-worker-1/WARN] Missing model for: minecraft:simple_block_6216#facing=west
[22:17:40] [ForkJoinPool.commonPool-worker-1/WARN] Missing model for: minecraft:simple_block_6301#facing=west
[22:17:40] [ForkJoinPool.commonPool-worker-1/WARN] Missing model for: minecraft:simple_block_6191#facing=south
[22:17:40] [ForkJoinPool.commonPool-worker-1/WARN] Missing model for: minecraft:simple_block_6314#facing=west
[22:17:40] [ForkJoinPool.commonPool-worker-1/WARN] Missing model for: minecraft:simple_block_6295#facing=north
[22:17:40] [ForkJoinPool.commonPool-worker-1/WARN] Missing model for: minecraft:simple_block_6235#facing=east
[22:17:40] [ForkJoinPool.commonPool-worker-1/WARN] Missing model for: minecraft:simple_block_6222#facing=east
[22:17:40] [ForkJoinPool.commonPool-worker-1/WARN] Missing model for: minecraft:simple_block_6209#facing=west
[22:17:40] [ForkJoinPool.commonPool-worker-1/WARN] Missing model for: minecraft:simple_block_6275#facing=north
[22:17:40] [ForkJoinPool.commonPool-worker-1/WARN] Missing model for: minecraft:simple_block_6330#facing=east
[22:17:40] [ForkJoinPool.commonPool-worker-1/WARN] Missing model for: minecraft:simple_block_6262#facing=north
[22:17:40] [ForkJoinPool.commonPool-worker-1/WARN] Missing model for: minecraft:simple_block_6298#facing=north
[22:17:40] [ForkJoinPool.commonPool-worker-1/WARN] Missing model for: minecraft:simple_block_6314#facing=south
[22:17:40] [ForkJoinPool.commonPool-worker-1/WARN] Missing model for: minecraft:simple_block_6285#facing=north
[22:17:40] [ForkJoinPool.commonPool-worker-1/WARN] Missing model for: minecraft:simple_block_6248#facing=east
[22:17:40] [ForkJoinPool.commonPool-worker-1/WARN] Missing model for: minecraft:simple_block_6157#facing=north
[22:17:40] [ForkJoinPool.commonPool-worker-1/WARN] Missing model for: minecraft:simple_block_6327#facing=south
[22:17:40] [ForkJoinPool.commonPool-worker-1/WARN] Missing model for: minecraft:simple_block_6219#facing=west
[22:17:40] [ForkJoinPool.commonPool-worker-1/WARN] Missing model for: minecraft:simple_block_6212#facing=east
[22:17:40] [ForkJoinPool.commonPool-worker-1/WARN] Missing model for: minecraft:simple_block_6232#facing=west
[22:17:40] [ForkJoinPool.commonPool-worker-1/WARN] Missing model for: minecraft:simple_block_6232#facing=east
[22:17:40] [ForkJoinPool.commonPool-worker-1/WARN] Missing model for: minecraft:simple_block_6314#facing=north
[22:17:40] [ForkJoinPool.commonPool-worker-1/WARN] Missing model for: minecraft:simple_block_6302#facing=east
[22:17:40] [ForkJoinPool.commonPool-worker-1/WARN] Missing model for: minecraft:simple_block_6297#facing=south
[22:17:40] [ForkJoinPool.commonPool-worker-1/WARN] Missing model for: minecraft:simple_block_6244#facing=north
[22:17:40] [ForkJoinPool.commonPool-worker-1/WARN] Missing model for: minecraft:simple_block_6270#facing=north
[22:17:40] [ForkJoinPool.commonPool-worker-1/WARN] Missing model for: minecraft:simple_block_6162#facing=west
[22:17:40] [ForkJoinPool.commonPool-worker-1/WARN] Missing model for: minecraft:simple_block_6209#facing=south
[22:17:40] [ForkJoinPool.commonPool-worker-1/WARN] Missing model for: minecraft:simple_block_6206#facing=west
[22:17:40] [ForkJoinPool.commonPool-worker-1/WARN] Missing model for: minecraft:simple_block_6263#facing=east
[22:17:40] [ForkJoinPool.commonPool-worker-1/WARN] Missing model for: minecraft:simple_block_6218#facing=north
[22:17:40] [ForkJoinPool.commonPool-worker-1/WARN] Missing model for: minecraft:simple_block_6201#facing=west
[22:17:40] [ForkJoinPool.commonPool-worker-1/WARN] Missing model for: minecraft:simple_block_6294#facing=west
[22:17:40] [ForkJoinPool.commonPool-worker-1/WARN] Missing model for: minecraft:simple_block_6206#facing=east
[22:17:40] [ForkJoinPool.commonPool-worker-1/WARN] Missing model for: minecraft:simple_block_6266#facing=south
[22:17:40] [ForkJoinPool.commonPool-worker-1/WARN] Missing model for: minecraft:simple_block_6237#facing=east
[22:17:40] [ForkJoinPool.commonPool-worker-1/WARN] Missing model for: minecraft:simple_block_6235#facing=south
[22:17:40] [ForkJoinPool.commonPool-worker-1/WARN] Missing model for: minecraft:simple_block_6213#facing=north
[22:17:40] [ForkJoinPool.commonPool-worker-1/WARN] Missing model for: minecraft:simple_block_6201#facing=east
[22:17:40] [ForkJoinPool.commonPool-worker-1/WARN] Missing model for: minecraft:simple_block_6263#facing=west
[22:17:40] [ForkJoinPool.commonPool-worker-1/WARN] Missing model for: minecraft:simple_block_6249#facing=north
[22:17:40] [ForkJoinPool.commonPool-worker-1/WARN] Missing model for: minecraft:simple_block_6261#facing=south
[22:17:40] [ForkJoinPool.commonPool-worker-1/WARN] Missing model for: minecraft:simple_block_6250#facing=south
[22:17:40] [ForkJoinPool.commonPool-worker-1/WARN] Missing model for: minecraft:simple_block_6268#facing=east
[22:17:40] [ForkJoinPool.commonPool-worker-1/WARN] Missing model for: minecraft:simple_block_6179#facing=north
[22:17:40] [ForkJoinPool.commonPool-worker-1/WARN] Missing model for: minecraft:simple_block_6178#facing=east
[22:17:40] [ForkJoinPool.commonPool-worker-1/WARN] Missing model for: minecraft:simple_block_6180#facing=south
[22:17:40] [ForkJoinPool.commonPool-worker-1/WARN] Missing model for: minecraft:simple_block_6281#facing=south
[22:17:40] [ForkJoinPool.commonPool-worker-1/WARN] Missing model for: minecraft:simple_block_6294#facing=east
[22:17:40] [ForkJoinPool.commonPool-worker-1/WARN] Missing model for: minecraft:simple_block_6286#facing=north
[22:17:40] [ForkJoinPool.commonPool-worker-1/WARN] Missing model for: minecraft:simple_block_6292#facing=south
[22:17:40] [ForkJoinPool.commonPool-worker-1/WARN] Missing model for: minecraft:simple_block_6178#facing=west
[22:17:40] [ForkJoinPool.commonPool-worker-1/WARN] Missing model for: minecraft:simple_block_6300#facing=south
[22:17:40] [ForkJoinPool.commonPool-worker-1/WARN] Missing model for: minecraft:simple_block_6229#facing=north
[22:17:40] [ForkJoinPool.commonPool-worker-1/WARN] Missing model for: minecraft:simple_block_6307#facing=west
[22:17:40] [ForkJoinPool.commonPool-worker-1/WARN] Missing model for: minecraft:simple_block_6255#facing=north
[22:17:40] [ForkJoinPool.commonPool-worker-1/WARN] Missing model for: minecraft:simple_block_6224#facing=south
[22:17:40] [ForkJoinPool.commonPool-worker-1/WARN] Missing model for: minecraft:simple_block_6174#facing=north
[22:17:40] [ForkJoinPool.commonPool-worker-1/WARN] Missing model for: minecraft:simple_block_6302#facing=west
[22:17:40] [ForkJoinPool.commonPool-worker-1/WARN] Missing model for: minecraft:simple_block_6255#facing=south
[22:17:40] [ForkJoinPool.commonPool-worker-1/WARN] Missing model for: minecraft:simple_block_6307#facing=east
[22:17:40] [ForkJoinPool.commonPool-worker-1/WARN] Missing model for: minecraft:simple_block_6305#facing=south
[22:17:40] [ForkJoinPool.commonPool-worker-1/WARN] Missing model for: minecraft:simple_block_6313#facing=east
[22:17:40] [ForkJoinPool.commonPool-worker-1/WARN] Missing model for: minecraft:simple_block_6313#facing=west
[22:17:40] [ForkJoinPool.commonPool-worker-1/WARN] Missing model for: minecraft:simple_block_6221#facing=west
[22:17:40] [ForkJoinPool.commonPool-worker-1/WARN] Missing model for: minecraft:simple_block_6322#facing=west
[22:17:40] [ForkJoinPool.commonPool-worker-1/WARN] Missing model for: minecraft:simple_block_6243#facing=west
[22:17:40] [ForkJoinPool.commonPool-worker-1/WARN] Missing model for: minecraft:simple_block_6243#facing=east
[22:17:40] [ForkJoinPool.commonPool-worker-1/WARN] Missing model for: minecraft:simple_block_6173#facing=west
[22:17:40] [ForkJoinPool.commonPool-worker-1/WARN] Missing model for: minecraft:simple_block_6252#facing=east
[22:17:40] [ForkJoinPool.commonPool-worker-1/WARN] Missing model for: minecraft:simple_block_6322#facing=east
[22:17:40] [ForkJoinPool.commonPool-worker-1/WARN] Missing model for: minecraft:simple_block_6250#facing=north
[22:17:40] [ForkJoinPool.commonPool-worker-1/WARN] Missing model for: minecraft:simple_block_6264#facing=north
[22:17:40] [ForkJoinPool.commonPool-worker-1/WARN] Missing model for: minecraft:simple_block_6325#facing=south
[22:17:40] [ForkJoinPool.commonPool-worker-1/WARN] Missing model for: minecraft:simple_block_6217#facing=west
[22:17:40] [ForkJoinPool.commonPool-worker-1/WARN] Missing model for: minecraft:simple_block_6194#facing=north
[22:17:40] [ForkJoinPool.commonPool-worker-1/WARN] Missing model for: minecraft:simple_block_6185#facing=north
[22:17:40] [ForkJoinPool.commonPool-worker-1/WARN] Missing model for: minecraft:simple_block_6299#facing=east
[22:17:40] [ForkJoinPool.commonPool-worker-1/WARN] Missing model for: minecraft:simple_block_6230#facing=south
[22:17:40] [ForkJoinPool.commonPool-worker-1/WARN] Missing model for: minecraft:simple_block_6176#facing=south
[22:17:40] [ForkJoinPool.commonPool-worker-1/WARN] Missing model for: minecraft:simple_block_6308#facing=north
[22:17:40] [ForkJoinPool.commonPool-worker-1/WARN] Missing model for: minecraft:simple_block_6290#facing=north
[22:17:40] [ForkJoinPool.commonPool-worker-1/WARN] Missing model for: minecraft:simple_block_6299#facing=west
[22:17:40] [ForkJoinPool.commonPool-worker-1/WARN] Missing model for: minecraft:simple_block_6173#facing=east
[22:17:40] [ForkJoinPool.commonPool-worker-1/WARN] Missing model for: minecraft:simple_block_6316#facing=south
[22:17:40] [ForkJoinPool.commonPool-worker-1/WARN] Missing model for: minecraft:simple_block_6204#facing=south
[22:17:40] [ForkJoinPool.commonPool-worker-1/WARN] Missing model for: minecraft:simple_block_6279#facing=west
[22:17:40] [ForkJoinPool.commonPool-worker-1/WARN] Missing model for: minecraft:simple_block_6187#facing=west
[22:17:40] [ForkJoinPool.commonPool-worker-1/WARN] Missing model for: minecraft:simple_block_6272#facing=south
[22:17:40] [ForkJoinPool.commonPool-worker-1/WARN] Missing model for: minecraft:simple_block_6329#facing=west
[22:17:40] [ForkJoinPool.commonPool-worker-1/WARN] Missing model for: minecraft:simple_block_6159#facing=north
[22:17:40] [ForkJoinPool.commonPool-worker-1/WARN] Missing model for: minecraft:simple_block_6237#facing=west
[22:17:40] [ForkJoinPool.commonPool-worker-1/WARN] Missing model for: minecraft:simple_block_6167#facing=west
[22:17:40] [ForkJoinPool.commonPool-worker-1/WARN] Missing model for: minecraft:simple_block_6193#facing=west
[22:17:40] [ForkJoinPool.commonPool-worker-1/WARN] Missing model for: minecraft:simple_block_6246#facing=south
[22:17:40] [ForkJoinPool.commonPool-worker-1/WARN] Missing model for: minecraft:simple_block_6320#facing=north
[22:17:40] [ForkJoinPool.commonPool-worker-1/WARN] Missing model for: minecraft:simple_block_6217#facing=east
[22:17:40] [ForkJoinPool.commonPool-worker-1/WARN] Missing model for: minecraft:simple_block_6193#facing=east
[22:17:40] [ForkJoinPool.commonPool-worker-1/WARN] Missing model for: minecraft:simple_block_6329#facing=east
[22:17:40] [ForkJoinPool.commonPool-worker-1/WARN] Missing model for: minecraft:simple_block_6202#facing=north
[22:17:40] [ForkJoinPool.commonPool-worker-1/WARN] Missing model for: minecraft:simple_block_6160#facing=south
[22:17:40] [ForkJoinPool.commonPool-worker-1/WARN] Missing model for: minecraft:simple_block_6167#facing=east
[22:17:40] [ForkJoinPool.commonPool-worker-1/WARN] Missing model for: minecraft:simple_block_6279#facing=east
[22:17:40] [ForkJoinPool.commonPool-worker-1/WARN] Missing model for: minecraft:simple_block_6210#facing=south
[22:17:40] [ForkJoinPool.commonPool-worker-1/WARN] Missing model for: minecraft:simple_block_6165#facing=north
[22:17:40] [ForkJoinPool.commonPool-worker-1/WARN] Missing model for: minecraft:simple_block_6196#facing=south
[22:17:40] [ForkJoinPool.commonPool-worker-1/WARN] Missing model for: minecraft:simple_block_6238#facing=north
[22:17:40] [ForkJoinPool.commonPool-worker-1/WARN] Missing model for: minecraft:simple_block_6311#facing=east
[22:17:40] [ForkJoinPool.commonPool-worker-1/WARN] Missing model for: minecraft:simple_block_6275#facing=south
[22:17:40] [ForkJoinPool.commonPool-worker-1/WARN] Missing model for: minecraft:simple_block_6218#facing=south
[22:17:40] [ForkJoinPool.commonPool-worker-1/WARN] Missing model for: minecraft:simple_block_6210#facing=east
[22:17:40] [ForkJoinPool.commonPool-worker-1/WARN] Missing model for: minecraft:simple_block_6280#facing=west
[22:17:40] [ForkJoinPool.commonPool-worker-1/WARN] Missing model for: minecraft:simple_block_6324#facing=east
[22:17:40] [ForkJoinPool.commonPool-worker-1/WARN] Missing model for: minecraft:simple_block_6323#facing=north
[22:17:40] [ForkJoinPool.commonPool-worker-1/WARN] Missing model for: minecraft:simple_block_6191#facing=north
[22:17:40] [ForkJoinPool.commonPool-worker-1/WARN] Missing model for: minecraft:simple_block_6171#facing=east
[22:17:40] [ForkJoinPool.commonPool-worker-1/WARN] Missing model for: minecraft:simple_block_6253#facing=north
[22:17:40] [ForkJoinPool.commonPool-worker-1/WARN] Missing model for: minecraft:simple_block_6209#facing=north
[22:17:40] [ForkJoinPool.commonPool-worker-1/WARN] Missing model for: minecraft:simple_block_6241#facing=east
[22:17:40] [ForkJoinPool.commonPool-worker-1/WARN] Missing model for: minecraft:simple_block_6261#facing=north
[22:17:40] [ForkJoinPool.commonPool-worker-1/WARN] Missing model for: minecraft:simple_block_6215#facing=west
[22:17:40] [ForkJoinPool.commonPool-worker-1/WARN] Missing model for: minecraft:simple_block_6285#facing=west
[22:17:40] [ForkJoinPool.commonPool-worker-1/WARN] Missing model for: minecraft:simple_block_6272#facing=west
[22:17:40] [ForkJoinPool.commonPool-worker-1/WARN] Missing model for: minecraft:simple_block_6266#facing=north
[22:17:40] [ForkJoinPool.commonPool-worker-1/WARN] Missing model for: minecraft:simple_block_6158#facing=west
[22:17:40] [ForkJoinPool.commonPool-worker-1/WARN] Missing model for: minecraft:simple_block_6230#facing=north
[22:17:40] [ForkJoinPool.commonPool-worker-1/WARN] Missing model for: minecraft:simple_block_6199#facing=north
[22:17:40] [ForkJoinPool.commonPool-worker-1/WARN] Missing model for: minecraft:simple_block_6254#facing=east
[22:17:40] [ForkJoinPool.commonPool-worker-1/WARN] Missing model for: minecraft:simple_block_6288#facing=south
[22:17:40] [ForkJoinPool.commonPool-worker-1/WARN] Missing model for: minecraft:simple_block_6223#facing=east
[22:17:40] [ForkJoinPool.commonPool-worker-1/WARN] Missing model for: minecraft:simple_block_6187#facing=east
[22:17:40] [ForkJoinPool.commonPool-worker-1/WARN] Missing model for: minecraft:simple_block_6176#facing=east
[22:17:40] [ForkJoinPool.commonPool-worker-1/WARN] Missing model for: minecraft:simple_block_6257#facing=east
[22:17:40] [ForkJoinPool.commonPool-worker-1/WARN] Missing model for: minecraft:simple_block_6168#facing=north
[22:17:40] [ForkJoinPool.commonPool-worker-1/WARN] Missing model for: minecraft:simple_block_6259#facing=east
[22:17:40] [ForkJoinPool.commonPool-worker-1/WARN] Missing model for: minecraft:simple_block_6189#facing=east
[22:17:40] [ForkJoinPool.commonPool-worker-1/WARN] Missing model for: minecraft:simple_block_6284#facing=north
[22:17:40] [ForkJoinPool.commonPool-worker-1/WARN] Missing model for: minecraft:simple_block_6300#facing=north
[22:17:40] [ForkJoinPool.commonPool-worker-1/WARN] Missing model for: minecraft:simple_block_6297#facing=north
[22:17:40] [ForkJoinPool.commonPool-worker-1/WARN] Missing model for: minecraft:simple_block_6228#facing=west
[22:17:40] [ForkJoinPool.commonPool-worker-1/WARN] Missing model for: minecraft:simple_block_6296#facing=west
[22:17:40] [ForkJoinPool.commonPool-worker-1/WARN] Missing model for: minecraft:simple_block_6239#facing=east
[22:17:40] [ForkJoinPool.commonPool-worker-1/WARN] Missing model for: minecraft:simple_block_6283#facing=west
[22:17:40] [ForkJoinPool.commonPool-worker-1/WARN] Missing model for: minecraft:simple_block_6252#facing=west
[22:17:40] [ForkJoinPool.commonPool-worker-1/WARN] Missing model for: minecraft:simple_block_6226#facing=east
[22:17:40] [ForkJoinPool.commonPool-worker-1/WARN] Missing model for: minecraft:simple_block_6288#facing=west
[22:17:40] [ForkJoinPool.commonPool-worker-1/WARN] Missing model for: minecraft:simple_block_6182#facing=south
[22:17:40] [ForkJoinPool.commonPool-worker-1/WARN] Missing model for: minecraft:simple_block_6184#facing=east
[22:17:40] [ForkJoinPool.commonPool-worker-1/WARN] Missing model for: minecraft:simple_block_6303#facing=north
[22:17:40] [ForkJoinPool.commonPool-worker-1/WARN] Missing model for: minecraft:simple_block_6286#facing=south
[22:17:40] [ForkJoinPool.commonPool-worker-1/WARN] Missing model for: minecraft:simple_block_6316#facing=north
[22:17:40] [ForkJoinPool.commonPool-worker-1/WARN] Missing model for: minecraft:simple_block_6233#facing=north
[22:17:40] [ForkJoinPool.commonPool-worker-1/WARN] Missing model for: minecraft:simple_block_6281#facing=north
[22:17:40] [ForkJoinPool.commonPool-worker-1/WARN] Missing model for: minecraft:simple_block_6221#facing=east
[22:17:40] [ForkJoinPool.commonPool-worker-1/WARN] Missing model for: minecraft:simple_block_6265#facing=west
[22:17:40] [ForkJoinPool.commonPool-worker-1/WARN] Missing model for: minecraft:simple_block_6180#facing=north
[22:17:40] [ForkJoinPool.commonPool-worker-1/WARN] Missing model for: minecraft:simple_block_6195#facing=west
[22:17:40] [ForkJoinPool.commonPool-worker-1/WARN] Missing model for: minecraft:simple_block_6212#facing=west
[22:17:40] [ForkJoinPool.commonPool-worker-1/WARN] Missing model for: minecraft:simple_block_6198#facing=south
[22:17:40] [ForkJoinPool.commonPool-worker-1/WARN] Missing model for: minecraft:simple_block_6261#facing=east
[22:17:40] [ForkJoinPool.commonPool-worker-1/WARN] Missing model for: minecraft:simple_block_6290#facing=south
[22:17:40] [ForkJoinPool.commonPool-worker-1/WARN] Missing model for: minecraft:simple_block_6289#facing=north
[22:17:40] [ForkJoinPool.commonPool-worker-1/WARN] Missing model for: minecraft:simple_block_6330#facing=west
[22:17:40] [ForkJoinPool.commonPool-worker-1/WARN] Missing model for: minecraft:simple_block_6163#facing=north
[22:17:40] [ForkJoinPool.commonPool-worker-1/WARN] Missing model for: minecraft:simple_block_6168#facing=south
[22:17:40] [ForkJoinPool.commonPool-worker-1/WARN] Missing model for: minecraft:simple_block_6304#facing=east
[22:17:40] [ForkJoinPool.commonPool-worker-1/WARN] Missing model for: minecraft:simple_block_6176#facing=north
[22:17:40] [ForkJoinPool.commonPool-worker-1/WARN] Missing model for: minecraft:simple_block_6156#facing=east
[22:17:40] [ForkJoinPool.commonPool-worker-1/WARN] Missing model for: minecraft:simple_block_6182#facing=west
[22:17:40] [ForkJoinPool.commonPool-worker-1/WARN] Missing model for: minecraft:simple_block_6308#facing=south
[22:17:40] [ForkJoinPool.commonPool-worker-1/WARN] Missing model for: minecraft:simple_block_6305#facing=west
[22:17:40] [ForkJoinPool.commonPool-worker-1/WARN] Missing model for: minecraft:simple_block_6185#facing=south
[22:17:40] [ForkJoinPool.commonPool-worker-1/WARN] Missing model for: minecraft:simple_block_6210#facing=north
[22:17:40] [ForkJoinPool.commonPool-worker-1/WARN] Missing model for: minecraft:simple_block_6215#facing=south
[22:17:40] [ForkJoinPool.commonPool-worker-1/WARN] Missing model for: minecraft:simple_block_6327#facing=east
[22:17:40] [ForkJoinPool.commonPool-worker-1/WARN] Missing model for: minecraft:simple_block_6209#facing=east
[22:17:40] [ForkJoinPool.commonPool-worker-1/WARN] Missing model for: minecraft:simple_block_6269#facing=north
[22:17:40] [ForkJoinPool.commonPool-worker-1/WARN] Missing model for: minecraft:simple_block_6283#facing=south
[22:17:40] [ForkJoinPool.commonPool-worker-1/WARN] Missing model for: minecraft:simple_block_6268#facing=west
[22:17:40] [ForkJoinPool.commonPool-worker-1/WARN] Missing model for: minecraft:simple_block_6277#facing=east
[22:17:40] [ForkJoinPool.commonPool-worker-1/WARN] Missing model for: minecraft:simple_block_6248#facing=west
[22:17:40] [ForkJoinPool.commonPool-worker-1/WARN] Missing model for: minecraft:simple_block_6318#facing=west
[22:17:40] [ForkJoinPool.commonPool-worker-1/WARN] Missing model for: minecraft:simple_block_6270#facing=south
[22:17:40] [ForkJoinPool.commonPool-worker-1/WARN] Missing model for: minecraft:simple_block_6198#facing=west
[22:17:40] [ForkJoinPool.commonPool-worker-1/WARN] Missing model for: minecraft:simple_block_6320#facing=south
[22:17:40] [ForkJoinPool.commonPool-worker-1/WARN] Missing model for: minecraft:simple_block_6169#facing=east
[22:17:40] [ForkJoinPool.commonPool-worker-1/WARN] Missing model for: minecraft:simple_block_6196#facing=north
[22:17:40] [ForkJoinPool.commonPool-worker-1/WARN] Missing model for: minecraft:simple_block_6183#facing=north
[22:17:40] [ForkJoinPool.commonPool-worker-1/WARN] Missing model for: minecraft:simple_block_6274#facing=east
[22:17:40] [ForkJoinPool.commonPool-worker-1/WARN] Missing model for: minecraft:simple_block_6191#facing=east
[22:17:40] [ForkJoinPool.commonPool-worker-1/WARN] Missing model for: minecraft:simple_block_6160#facing=north
[22:17:40] [ForkJoinPool.commonPool-worker-1/WARN] Missing model for: minecraft:simple_block_6165#facing=south
[22:17:40] [ForkJoinPool.commonPool-worker-1/WARN] Missing model for: minecraft:simple_block_6235#facing=west
[22:17:40] [ForkJoinPool.commonPool-worker-1/WARN] Missing model for: minecraft:simple_block_6238#facing=south
[22:17:40] [ForkJoinPool.commonPool-worker-1/WARN] Missing model for: minecraft:simple_block_6319#facing=north
[22:17:40] [ForkJoinPool.commonPool-worker-1/WARN] Missing model for: minecraft:simple_block_6202#facing=south
[22:17:40] [ForkJoinPool.commonPool-worker-1/WARN] Missing model for: minecraft:simple_block_6246#facing=north
[22:17:40] [ForkJoinPool.commonPool-worker-1/WARN] Missing model for: minecraft:simple_block_6284#facing=south
[22:17:40] [ForkJoinPool.commonPool-worker-1/WARN] Missing model for: minecraft:simple_block_6156#facing=north
[22:17:40] [ForkJoinPool.commonPool-worker-1/WARN] Missing model for: minecraft:simple_block_6201#facing=south
[22:17:40] [ForkJoinPool.commonPool-worker-1/WARN] Missing model for: minecraft:simple_block_6183#facing=south
[22:17:40] [ForkJoinPool.commonPool-worker-1/WARN] Missing model for: minecraft:simple_block_6175#facing=east
[22:17:40] [ForkJoinPool.commonPool-worker-1/WARN] Missing model for: minecraft:simple_block_6231#facing=north
[22:17:40] [ForkJoinPool.commonPool-worker-1/WARN] Missing model for: minecraft:simple_block_6283#facing=north
[22:17:40] [ForkJoinPool.commonPool-worker-1/WARN] Missing model for: minecraft:simple_block_6219#facing=east
[22:17:40] [ForkJoinPool.commonPool-worker-1/WARN] Missing model for: minecraft:simple_block_6315#facing=west
[22:17:40] [ForkJoinPool.commonPool-worker-1/WARN] Missing model for: minecraft:simple_block_6323#facing=south
[22:17:40] [ForkJoinPool.commonPool-worker-1/WARN] Missing model for: minecraft:simple_block_6320#facing=west
[22:17:40] [ForkJoinPool.commonPool-worker-1/WARN] Missing model for: minecraft:simple_block_6214#facing=east
[22:17:40] [ForkJoinPool.commonPool-worker-1/WARN] Missing model for: minecraft:simple_block_6162#facing=south
[22:17:40] [ForkJoinPool.commonPool-worker-1/WARN] Missing model for: minecraft:simple_block_6240#facing=east
[22:17:40] [ForkJoinPool.commonPool-worker-1/WARN] Missing model for: minecraft:simple_block_6196#facing=west
[22:17:40] [ForkJoinPool.commonPool-worker-1/WARN] Missing model for: minecraft:simple_block_6224#facing=west
[22:17:40] [ForkJoinPool.commonPool-worker-1/WARN] Missing model for: minecraft:simple_block_6271#facing=west
[22:17:40] [ForkJoinPool.commonPool-worker-1/WARN] Missing model for: minecraft:simple_block_6221#facing=north
[22:17:40] [ForkJoinPool.commonPool-worker-1/WARN] Missing model for: minecraft:simple_block_6227#facing=south
[22:17:40] [ForkJoinPool.commonPool-worker-1/WARN] Missing model for: minecraft:simple_block_6257#facing=north
[22:17:40] [ForkJoinPool.commonPool-worker-1/WARN] Missing model for: minecraft:simple_block_6276#facing=east
[22:17:40] [ForkJoinPool.commonPool-worker-1/WARN] Missing model for: minecraft:simple_block_6302#facing=south
[22:17:40] [ForkJoinPool.commonPool-worker-1/WARN] Missing model for: minecraft:simple_block_6325#facing=east
[22:17:40] [ForkJoinPool.commonPool-worker-1/WARN] Missing model for: minecraft:simple_block_6247#facing=north
[22:17:40] [ForkJoinPool.commonPool-worker-1/WARN] Missing model for: minecraft:simple_block_6166#facing=north
[22:17:40] [ForkJoinPool.commonPool-worker-1/WARN] Missing model for: minecraft:simple_block_6325#facing=west
[22:17:40] [ForkJoinPool.commonPool-worker-1/WARN] Missing model for: minecraft:simple_block_6192#facing=north
[22:17:40] [ForkJoinPool.commonPool-worker-1/WARN] Missing model for: minecraft:simple_block_6281#facing=west
[22:17:40] [ForkJoinPool.commonPool-worker-1/WARN] Missing model for: minecraft:simple_block_6237#facing=south
[22:17:40] [ForkJoinPool.commonPool-worker-1/WARN] Missing model for: minecraft:simple_block_6224#facing=east
[22:17:40] [ForkJoinPool.commonPool-worker-1/WARN] Missing model for: minecraft:simple_block_6318#facing=south
[22:17:40] [ForkJoinPool.commonPool-worker-1/WARN] Missing model for: minecraft:simple_block_6305#facing=east
[22:17:40] [ForkJoinPool.commonPool-worker-1/WARN] Missing model for: minecraft:simple_block_6203#facing=east
[22:17:40] [ForkJoinPool.commonPool-worker-1/WARN] Missing model for: minecraft:simple_block_6313#facing=south
[22:17:40] [ForkJoinPool.commonPool-worker-1/WARN] Missing model for: minecraft:simple_block_6182#facing=north
[22:17:40] [ForkJoinPool.commonPool-worker-1/WARN] Missing model for: minecraft:simple_block_6286#facing=east
[22:17:40] [ForkJoinPool.commonPool-worker-1/WARN] Missing model for: minecraft:simple_block_6260#facing=east
[22:17:40] [ForkJoinPool.commonPool-worker-1/WARN] Missing model for: minecraft:simple_block_6211#facing=south
[22:17:40] [ForkJoinPool.commonPool-worker-1/WARN] Missing model for: minecraft:simple_block_6250#facing=east
[22:17:40] [ForkJoinPool.commonPool-worker-1/WARN] Missing model for: minecraft:simple_block_6328#facing=south
[22:17:40] [ForkJoinPool.commonPool-worker-1/WARN] Missing model for: minecraft:simple_block_6294#facing=south
[22:17:40] [ForkJoinPool.commonPool-worker-1/WARN] Missing model for: minecraft:simple_block_6234#facing=east
[22:17:40] [ForkJoinPool.commonPool-worker-1/WARN] Missing model for: minecraft:simple_block_6310#facing=west
[22:17:40] [ForkJoinPool.commonPool-worker-1/WARN] Missing model for: minecraft:simple_block_6299#facing=north
[22:17:40] [ForkJoinPool.commonPool-worker-1/WARN] Missing model for: minecraft:simple_block_6315#facing=east
[22:17:40] [ForkJoinPool.commonPool-worker-1/WARN] Missing model for: minecraft:simple_block_6300#facing=west
[22:17:40] [ForkJoinPool.commonPool-worker-1/WARN] Missing model for: minecraft:simple_block_6256#facing=east
[22:17:40] [ForkJoinPool.commonPool-worker-1/WARN] Missing model for: minecraft:simple_block_6211#facing=north
[22:17:40] [ForkJoinPool.commonPool-worker-1/WARN] Missing model for: minecraft:simple_block_6186#facing=west
[22:17:40] [ForkJoinPool.commonPool-worker-1/WARN] Missing model for: minecraft:simple_block_6291#facing=west
[22:17:40] [ForkJoinPool.commonPool-worker-1/WARN] Missing model for: minecraft:simple_block_6207#facing=south
[22:17:40] [ForkJoinPool.commonPool-worker-1/WARN] Missing model for: minecraft:simple_block_6234#facing=west
[22:17:40] [ForkJoinPool.commonPool-worker-1/WARN] Missing model for: minecraft:simple_block_6230#facing=east
[22:17:40] [ForkJoinPool.commonPool-worker-1/WARN] Missing model for: minecraft:simple_block_6326#facing=west
[22:17:40] [ForkJoinPool.commonPool-worker-1/WARN] Missing model for: minecraft:simple_block_6172#facing=north
[22:17:40] [ForkJoinPool.commonPool-worker-1/WARN] Missing model for: minecraft:simple_block_6163#facing=south
[22:17:40] [ForkJoinPool.commonPool-worker-1/WARN] Missing model for: minecraft:simple_block_6251#facing=north
[22:17:40] [ForkJoinPool.commonPool-worker-1/WARN] Missing model for: minecraft:simple_block_6303#facing=south
[22:17:40] [ForkJoinPool.commonPool-worker-1/WARN] Missing model for: minecraft:simple_block_6273#facing=north
[22:17:40] [ForkJoinPool.commonPool-worker-1/WARN] Missing model for: minecraft:simple_block_6198#facing=north
[22:17:40] [ForkJoinPool.commonPool-worker-1/WARN] Missing model for: minecraft:simple_block_6208#facing=west
[22:17:40] [ForkJoinPool.commonPool-worker-1/WARN] Missing model for: minecraft:simple_block_6160#facing=west
[22:17:40] [ForkJoinPool.commonPool-worker-1/WARN] Missing model for: minecraft:simple_block_6190#facing=west
[22:17:40] [ForkJoinPool.commonPool-worker-1/WARN] Missing model for: minecraft:simple_block_6162#facing=north
[22:17:40] [ForkJoinPool.commonPool-worker-1/WARN] Missing model for: minecraft:simple_block_6199#facing=south
[22:17:40] [ForkJoinPool.commonPool-worker-1/WARN] Missing model for: minecraft:simple_block_6193#facing=south
[22:17:40] [ForkJoinPool.commonPool-worker-1/WARN] Missing model for: minecraft:simple_block_6155#facing=north
[22:17:40] [ForkJoinPool.commonPool-worker-1/WARN] Missing model for: minecraft:simple_block_6220#facing=east
[22:17:40] [ForkJoinPool.commonPool-worker-1/WARN] Missing model for: minecraft:simple_block_6217#facing=south
[22:17:40] [ForkJoinPool.commonPool-worker-1/WARN] Missing model for: minecraft:simple_block_6246#facing=east
[22:17:40] [ForkJoinPool.commonPool-worker-1/WARN] Missing model for: minecraft:simple_block_6329#facing=south
[22:17:40] [ForkJoinPool.commonPool-worker-1/WARN] Missing model for: minecraft:simple_block_6173#facing=south
[22:17:40] [ForkJoinPool.commonPool-worker-1/WARN] Missing model for: minecraft:simple_block_6266#facing=east
[22:17:40] [ForkJoinPool.commonPool-worker-1/WARN] Missing model for: minecraft:simple_block_6204#facing=east
[22:17:40] [ForkJoinPool.commonPool-worker-1/WARN] Missing model for: minecraft:simple_block_6267#facing=north
[22:17:40] [ForkJoinPool.commonPool-worker-1/WARN] Missing model for: minecraft:simple_block_6180#facing=west
[22:17:40] [ForkJoinPool.commonPool-worker-1/WARN] Missing model for: minecraft:simple_block_6277#facing=north
[22:17:40] [ForkJoinPool.commonPool-worker-1/WARN] Missing model for: minecraft:simple_block_6312#facing=south
[22:17:40] [ForkJoinPool.commonPool-worker-1/WARN] Missing model for: minecraft:simple_block_6170#facing=west
[22:17:40] [ForkJoinPool.commonPool-worker-1/WARN] Missing model for: minecraft:simple_block_6214#facing=west
[22:17:40] [ForkJoinPool.commonPool-worker-1/WARN] Missing model for: minecraft:simple_block_6322#facing=south
[22:17:40] [ForkJoinPool.commonPool-worker-1/WARN] Missing model for: minecraft:simple_block_6204#facing=west
[22:17:40] [ForkJoinPool.commonPool-worker-1/WARN] Missing model for: minecraft:simple_block_6241#facing=north
[22:17:40] [ForkJoinPool.commonPool-worker-1/WARN] Missing model for: minecraft:simple_block_6316#facing=west
[22:17:40] [ForkJoinPool.commonPool-worker-1/WARN] Missing model for: minecraft:simple_block_6188#facing=north
[22:17:40] [ForkJoinPool.commonPool-worker-1/WARN] Missing model for: minecraft:simple_block_6319#facing=south
[22:17:40] [ForkJoinPool.commonPool-worker-1/WARN] Missing model for: minecraft:simple_block_6293#facing=north
[22:17:40] [ForkJoinPool.commonPool-worker-1/WARN] Missing model for: minecraft:simple_block_6305#facing=north
[22:17:40] [ForkJoinPool.commonPool-worker-1/WARN] Missing model for: minecraft:simple_block_6254#facing=west
[22:17:40] [ForkJoinPool.commonPool-worker-1/WARN] Missing model for: minecraft:simple_block_6318#facing=north
[22:17:40] [ForkJoinPool.commonPool-worker-1/WARN] Missing model for: minecraft:simple_block_6293#facing=east
[22:17:40] [ForkJoinPool.commonPool-worker-1/WARN] Missing model for: minecraft:simple_block_6179#facing=west
[22:17:40] [ForkJoinPool.commonPool-worker-1/WARN] Missing model for: minecraft:simple_block_6280#facing=east
[22:17:40] [ForkJoinPool.commonPool-worker-1/WARN] Missing model for: minecraft:simple_block_6217#facing=north
[22:17:40] [ForkJoinPool.commonPool-worker-1/WARN] Missing model for: minecraft:simple_block_6267#facing=west
[22:17:40] [ForkJoinPool.commonPool-worker-1/WARN] Missing model for: minecraft:simple_block_6231#facing=south
[22:17:40] [ForkJoinPool.commonPool-worker-1/WARN] Missing model for: minecraft:simple_block_6257#facing=south
[22:17:40] [ForkJoinPool.commonPool-worker-1/WARN] Missing model for: minecraft:simple_block_6244#facing=south
[22:17:40] [ForkJoinPool.commonPool-worker-1/WARN] Missing model for: minecraft:simple_block_6306#facing=west
[22:17:40] [ForkJoinPool.commonPool-worker-1/WARN] Missing model for: minecraft:simple_block_6204#facing=north
[22:17:40] [ForkJoinPool.commonPool-worker-1/WARN] Missing model for: minecraft:simple_block_6227#facing=north
[22:17:40] [ForkJoinPool.commonPool-worker-1/WARN] Missing model for: minecraft:simple_block_6169#facing=south
[22:17:40] [ForkJoinPool.commonPool-worker-1/WARN] Missing model for: minecraft:simple_block_6241#facing=west
[22:17:40] [ForkJoinPool.commonPool-worker-1/WARN] Missing model for: minecraft:simple_block_6166#facing=west
[22:17:40] [ForkJoinPool.commonPool-worker-1/WARN] Missing model for: minecraft:simple_block_6319#facing=west
[22:17:40] [ForkJoinPool.commonPool-worker-1/WARN] Missing model for: minecraft:simple_block_6244#facing=west
[22:17:40] [ForkJoinPool.commonPool-worker-1/WARN] Missing model for: minecraft:simple_block_6176#facing=west
[22:17:40] [ForkJoinPool.commonPool-worker-1/WARN] Missing model for: minecraft:simple_block_6257#facing=west
[22:17:40] [ForkJoinPool.commonPool-worker-1/WARN] Missing model for: minecraft:simple_block_6163#facing=west
[22:17:40] [ForkJoinPool.commonPool-worker-1/WARN] Missing model for: minecraft:simple_block_6189#facing=west
[22:17:40] [ForkJoinPool.commonPool-worker-1/WARN] Missing model for: minecraft:simple_block_6328#facing=north
[22:17:40] [ForkJoinPool.commonPool-worker-1/WARN] Missing model for: minecraft:simple_block_6201#facing=north
[22:17:40] [ForkJoinPool.commonPool-worker-1/WARN] Missing model for: minecraft:simple_block_6315#facing=north
[22:17:40] [ForkJoinPool.commonPool-worker-1/WARN] Missing model for: minecraft:simple_block_6214#facing=north
[22:17:40] [ForkJoinPool.commonPool-worker-1/WARN] Missing model for: minecraft:simple_block_6283#facing=east
[22:17:40] [ForkJoinPool.commonPool-worker-1/WARN] Missing model for: minecraft:simple_block_6158#facing=east
[22:17:40] [ForkJoinPool.commonPool-worker-1/WARN] Missing model for: minecraft:simple_block_6231#facing=west
[22:17:40] [ForkJoinPool.commonPool-worker-1/WARN] Missing model for: minecraft:simple_block_6156#facing=south
[22:17:40] [ForkJoinPool.commonPool-worker-1/WARN] Missing model for: minecraft:simple_block_6189#facing=south
[22:17:40] [ForkJoinPool.commonPool-worker-1/WARN] Missing model for: minecraft:simple_block_6192#facing=east
[22:17:40] [ForkJoinPool.commonPool-worker-1/WARN] Missing model for: minecraft:simple_block_6166#facing=south
[22:17:40] [ForkJoinPool.commonPool-worker-1/WARN] Missing model for: minecraft:simple_block_6309#facing=west
[22:17:40] [ForkJoinPool.commonPool-worker-1/WARN] Missing model for: minecraft:simple_block_6247#facing=south
[22:17:40] [ForkJoinPool.commonPool-worker-1/WARN] Missing model for: minecraft:simple_block_6296#facing=east
[22:17:40] [ForkJoinPool.commonPool-worker-1/WARN] Missing model for: minecraft:simple_block_6179#facing=south
[22:17:40] [ForkJoinPool.commonPool-worker-1/WARN] Missing model for: minecraft:simple_block_6168#facing=east
[22:17:40] [ForkJoinPool.commonPool-worker-1/WARN] Missing model for: minecraft:simple_block_6224#facing=north
[22:17:40] [ForkJoinPool.commonPool-worker-1/WARN] Missing model for: minecraft:simple_block_6237#facing=north
[22:17:40] [ForkJoinPool.commonPool-worker-1/WARN] Missing model for: minecraft:simple_block_6312#facing=north
[22:17:40] [ForkJoinPool.commonPool-worker-1/WARN] Missing model for: minecraft:simple_block_6251#facing=south
[22:17:40] [ForkJoinPool.commonPool-worker-1/WARN] Missing model for: minecraft:simple_block_6325#facing=north
[22:17:40] [ForkJoinPool.commonPool-worker-1/WARN] Missing model for: minecraft:simple_block_6264#facing=south
[22:17:40] [ForkJoinPool.commonPool-worker-1/WARN] Missing model for: minecraft:simple_block_6234#facing=south
[22:17:40] [ForkJoinPool.commonPool-worker-1/WARN] Missing model for: minecraft:simple_block_6159#facing=south
[22:17:40] [ForkJoinPool.commonPool-worker-1/WARN] Missing model for: minecraft:simple_block_6159#facing=west
[22:17:40] [ForkJoinPool.commonPool-worker-1/WARN] Missing model for: minecraft:simple_block_6155#facing=east
[22:17:40] [ForkJoinPool.commonPool-worker-1/WARN] Missing model for: minecraft:simple_block_6221#facing=south
[22:17:40] [ForkJoinPool.commonPool-worker-1/WARN] Missing model for: minecraft:simple_block_6182#facing=east
[22:17:40] [ForkJoinPool.commonPool-worker-1/WARN] Missing model for: minecraft:simple_block_6277#facing=west
[22:17:40] [ForkJoinPool.commonPool-worker-1/WARN] Missing model for: minecraft:simple_block_6195#facing=east
[22:17:40] [ForkJoinPool.commonPool-worker-1/WARN] Missing model for: minecraft:simple_block_6318#facing=east
[22:17:40] [ForkJoinPool.commonPool-worker-1/WARN] Missing model for: minecraft:simple_block_6274#facing=south
[22:17:40] [ForkJoinPool.commonPool-worker-1/WARN] Missing model for: minecraft:simple_block_6270#facing=east
[22:17:40] [ForkJoinPool.commonPool-worker-1/WARN] Missing model for: minecraft:simple_block_6287#facing=south
[22:17:40] [ForkJoinPool.commonPool-worker-1/WARN] Missing model for: minecraft:simple_block_6302#facing=north
[22:17:40] [ForkJoinPool.commonPool-worker-1/WARN] Missing model for: minecraft:simple_block_6165#facing=east
[22:17:40] [ForkJoinPool.commonPool-worker-1/WARN] Missing model for: minecraft:simple_block_6290#facing=east
[22:17:40] [ForkJoinPool.commonPool-worker-1/WARN] Missing model for: minecraft:simple_block_6172#facing=east
[22:17:40] [ForkJoinPool.commonPool-worker-1/WARN] Missing model for: minecraft:simple_block_6185#facing=east
[22:17:40] [ForkJoinPool.commonPool-worker-1/WARN] Missing model for: minecraft:simple_block_6264#facing=west
[22:17:40] [ForkJoinPool.commonPool-worker-1/WARN] Missing model for: minecraft:simple_block_6267#facing=south
[22:17:40] [ForkJoinPool.commonPool-worker-1/WARN] Missing model for: minecraft:simple_block_6156#facing=west
[22:17:40] [ForkJoinPool.commonPool-worker-1/WARN] Missing model for: minecraft:simple_block_6308#facing=east
[22:17:40] [ForkJoinPool.commonPool-worker-1/WARN] Missing model for: minecraft:simple_block_6207#facing=north
[22:17:40] [ForkJoinPool.commonPool-worker-1/WARN] Missing model for: minecraft:simple_block_6261#facing=west
[22:17:40] [ForkJoinPool.commonPool-worker-1/WARN] Missing model for: minecraft:simple_block_6287#facing=west
[22:17:40] [ForkJoinPool.commonPool-worker-1/WARN] Missing model for: minecraft:simple_block_6322#facing=north
[22:17:40] [ForkJoinPool.commonPool-worker-1/WARN] Missing model for: minecraft:simple_block_6254#facing=south
[22:17:40] [ForkJoinPool.commonPool-worker-1/WARN] Missing model for: minecraft:simple_block_6297#facing=west
[22:17:40] [ForkJoinPool.commonPool-worker-1/WARN] Missing model for: minecraft:simple_block_6251#facing=west
[22:17:40] [ForkJoinPool.commonPool-worker-1/WARN] Missing model for: minecraft:simple_block_6169#facing=west
[22:17:40] [ForkJoinPool.commonPool-worker-1/WARN] Missing model for: minecraft:simple_block_6241#facing=south
[22:17:40] [ForkJoinPool.commonPool-worker-1/WARN] Missing model for: minecraft:simple_block_6162#facing=east
[22:17:40] [ForkJoinPool.commonPool-worker-1/WARN] Missing model for: minecraft:simple_block_6274#facing=west
[22:17:40] [ForkJoinPool.commonPool-worker-1/WARN] Missing model for: minecraft:simple_block_6277#facing=south
[22:17:40] [ForkJoinPool.commonPool-worker-1/WARN] Missing model for: minecraft:simple_block_6198#facing=east
[22:17:40] [ForkJoinPool.commonPool-worker-1/INFO] [OptiFine] Mipmap levels: 4
[22:17:40] [ForkJoinPool.commonPool-worker-1/INFO] [OptiFine] Multi-texturing: false
[22:17:40] [ForkJoinPool.commonPool-worker-1/INFO] [OptiFine] Multipass connected textures: false
[22:17:40] [ForkJoinPool.commonPool-worker-1/INFO] [OptiFine] BetterGrass: Parsing default configuration optifine/bettergrass.properties
[22:17:40] [ForkJoinPool.commonPool-worker-1/ERROR] Using missing texture, unable to load elitecreatures:textures/crystal_cave_decoration_v1/16_crystal_tree_texture.png
[22:17:40] [ForkJoinPool.commonPool-worker-1/ERROR] Using missing texture, unable to load elitecreatures:textures/summoning_circle_decoration_v1/bookstackstexture.png
[22:17:40] [ForkJoinPool.commonPool-worker-1/FATAL] [OptiFine] Scaled too small texture: minecraft:particles/glow_2, 8 -> 16
[22:17:40] [ForkJoinPool.commonPool-worker-1/FATAL] [OptiFine] Scaled too small texture: minecraft:particles/glow_1, 8 -> 16
[22:17:40] [ForkJoinPool.commonPool-worker-1/FATAL] [OptiFine] Scaled too small texture: minecraft:particles/glow_0, 8 -> 16
[22:17:40] [ForkJoinPool.commonPool-worker-1/FATAL] [OptiFine] Scaled too small texture: minecraft:particles/glow_6, 8 -> 16
[22:17:40] [ForkJoinPool.commonPool-worker-1/FATAL] [OptiFine] Scaled too small texture: minecraft:particles/glow_5, 8 -> 16
[22:17:40] [ForkJoinPool.commonPool-worker-1/FATAL] [OptiFine] Scaled too small texture: minecraft:particles/glow_4, 8 -> 16
[22:17:40] [ForkJoinPool.commonPool-worker-1/FATAL] [OptiFine] Scaled too small texture: minecraft:particles/glow_3, 8 -> 16
[22:17:40] [ForkJoinPool.commonPool-worker-1/FATAL] [OptiFine] Scaled too small texture: minecraft:particles/glow_9, 8 -> 16
[22:17:40] [ForkJoinPool.commonPool-worker-1/FATAL] [OptiFine] Scaled too small texture: minecraft:particles/glow_8, 8 -> 16
[22:17:40] [ForkJoinPool.commonPool-worker-1/FATAL] [OptiFine] Scaled too small texture: minecraft:particles/glow_7, 8 -> 16
[22:17:40] [ForkJoinPool.commonPool-worker-1/ERROR] Using missing texture, unable to load minecraft:textures/blocks/simple_block_6036.png
[22:17:40] [ForkJoinPool.commonPool-worker-1/WARN] Texture minecraft:textures/blocks/simple_block_6016.png compressed from 288x288 to 256x256
[22:17:40] [ForkJoinPool.commonPool-worker-1/ERROR] Using missing texture, unable to load elitecreatures:textures/summoning_circle_decoration_v1/crucifixtexture.png
[22:17:40] [ForkJoinPool.commonPool-worker-1/ERROR] Using missing texture, unable to load elitecreatures:textures/crystal_cave_decoration_v1/19_yellow_crystal_texture.png
[22:17:40] [ForkJoinPool.commonPool-worker-1/ERROR] Using missing texture, unable to load elitecreatures:textures/summoning_circle_decoration_v1/bloodsplatter2texture.png
[22:17:40] [ForkJoinPool.commonPool-worker-1/ERROR] Using missing texture, unable to load elitecreatures:textures/crystal_cave_decoration_v1/07_stalagmite_texture.png
[22:17:40] [ForkJoinPool.commonPool-worker-1/ERROR] Using missing texture, unable to load elitecreatures:textures/crystal_cave_decoration_v1/06_purple_crystal_2_texture.png
[22:17:40] [ForkJoinPool.commonPool-worker-1/ERROR] Using missing texture, unable to load elitecreatures:textures/crystal_cave_decoration_v1/11_crrystal_wood_texture.png
[22:17:40] [ForkJoinPool.commonPool-worker-1/ERROR] Using missing texture, unable to load elitecreatures:textures/summoning_circle_decoration_v1/candlestexture.png
[22:17:40] [ForkJoinPool.commonPool-worker-1/ERROR] Using missing texture, unable to load elitecreatures:textures/crystal_cave_decoration_v1/03_purple_crystal_texture.png
[22:17:40] [ForkJoinPool.commonPool-worker-1/ERROR] Using missing texture, unable to load elitecreatures:textures/crystal_cave_decoration_v1/17_red_crystal_02_texture.png
[22:17:40] [ForkJoinPool.commonPool-worker-1/ERROR] Using missing texture, unable to load elitecreatures:textures/summoning_circle_decoration_v1/candelabratexture.png
[22:17:40] [ForkJoinPool.commonPool-worker-1/ERROR] Using missing texture, unable to load elitecreatures:textures/crystal_cave_decoration_v1/15_crystal_bowl_texture.png
[22:17:40] [ForkJoinPool.commonPool-worker-1/ERROR] Using missing texture, unable to load elitecreatures:textures/summoning_circle_decoration_v1/openedbooktexture.png
[22:17:40] [ForkJoinPool.commonPool-worker-1/ERROR] Using missing texture, unable to load elitecreatures:textures/summoning_circle_decoration_v1/candleanimation01.png
[22:17:40] [ForkJoinPool.commonPool-worker-1/ERROR] Using missing texture, unable to load elitecreatures:textures/crystal_cave_decoration_v1/18_crystal_monk_texture.png
[22:17:40] [ForkJoinPool.commonPool-worker-1/ERROR] Using missing texture, unable to load elitecreatures:textures/summoning_circle_decoration_v1/chalkstexture.png
[22:17:40] [ForkJoinPool.commonPool-worker-1/ERROR] Using missing texture, unable to load elitecreatures:textures/crystal_cave_decoration_v1/08_plant_texture.png
[22:17:40] [ForkJoinPool.commonPool-worker-1/ERROR] Using missing texture, unable to load elitecreatures:textures/summoning_circle_decoration_v1/summoningcircle2texture.png
[22:17:40] [ForkJoinPool.commonPool-worker-1/ERROR] Using missing texture, unable to load elitecreatures:textures/crystal_cave_decoration_v1/12_red_crystal_texture.png
[22:17:40] [ForkJoinPool.commonPool-worker-1/ERROR] Using missing texture, unable to load minecraft:mcpatcher/cit/items/spawner.png
[22:17:40] [ForkJoinPool.commonPool-worker-1/ERROR] Using missing texture, unable to load elitecreatures:textures/crystal_cave_decoration_v1/10_cave_plant_texture.png
[22:17:40] [ForkJoinPool.commonPool-worker-1/WARN] Texture minecraft:textures/blocks/bl_tavern_counter.png compressed from 288x288 to 256x256
[22:17:40] [ForkJoinPool.commonPool-worker-1/ERROR] Using missing texture, unable to load elitecreatures:textures/crystal_cave_decoration_v1/01_crystal_mushroom_texture.png
[22:17:40] [ForkJoinPool.commonPool-worker-1/FATAL] [OptiFine] Scaled too small texture: minecraft:particles/glow_11, 8 -> 16
[22:17:40] [ForkJoinPool.commonPool-worker-1/FATAL] [OptiFine] Scaled too small texture: minecraft:particles/glow_10, 8 -> 16
[22:17:40] [ForkJoinPool.commonPool-worker-1/FATAL] [OptiFine] Scaled too small texture: minecraft:particles/glow_13, 8 -> 16
[22:17:40] [ForkJoinPool.commonPool-worker-1/FATAL] [OptiFine] Scaled too small texture: minecraft:particles/glow_12, 8 -> 16
[22:17:40] [ForkJoinPool.commonPool-worker-1/FATAL] [OptiFine] Scaled too small texture: minecraft:particles/glow_15, 8 -> 16
[22:17:40] [ForkJoinPool.commonPool-worker-1/FATAL] [OptiFine] Scaled too small texture: minecraft:particles/glow_14, 8 -> 16
[22:17:40] [ForkJoinPool.commonPool-worker-1/ERROR] Using missing texture, unable to load elitecreatures:textures/summoning_circle_decoration_v1/summoningritualtable1animation01.png
[22:17:40] [ForkJoinPool.commonPool-worker-1/ERROR] Using missing texture, unable to load elitecreatures:textures/crystal_cave_decoration_v1/05_green_crystal_texture.png
[22:17:40] [ForkJoinPool.commonPool-worker-1/ERROR] Using missing texture, unable to load elitecreatures:textures/crystal_cave_decoration_v1/14_crystal_that_fall_on_ground_texture.png
[22:17:40] [ForkJoinPool.commonPool-worker-1/ERROR] Using missing texture, unable to load minecraft:textures/hcs/furniture/fishing_dock_furniture.png
[22:17:40] [ForkJoinPool.commonPool-worker-1/ERROR] Using missing texture, unable to load elitecreatures:textures/crystal_cave_decoration_v1/13_cave_plant_texture.png
[22:17:40] [ForkJoinPool.commonPool-worker-1/ERROR] Using missing texture, unable to load elitecreatures:textures/summoning_circle_decoration_v1/bloodsplatter1texture.png
[22:17:40] [ForkJoinPool.commonPool-worker-1/ERROR] Using missing texture, unable to load elitecreatures:textures/summoning_circle_decoration_v1/candleskullanimation01.png
[22:17:40] [ForkJoinPool.commonPool-worker-1/INFO] load sprites for 14ms
[22:17:40] [ForkJoinPool.commonPool-worker-1/INFO] Created: 2048x2048 textures-atlas in 28ms
[22:17:40] [ForkJoinPool.commonPool-worker-7/WARN] Missing model for: minecraft:simple_block_6273#facing=east
[22:17:40] [ForkJoinPool.commonPool-worker-7/WARN] No weighted models for: minecraft:simple_block_6273#facing=east
[22:17:40] [ForkJoinPool.commonPool-worker-7/WARN] Missing model for: minecraft:simple_block_6273#facing=west
[22:17:40] [ForkJoinPool.commonPool-worker-7/WARN] No weighted models for: minecraft:simple_block_6273#facing=west
[22:17:40] [ForkJoinPool.commonPool-worker-7/WARN] Missing model for: minecraft:simple_block_6326#facing=south
[22:17:40] [ForkJoinPool.commonPool-worker-7/WARN] No weighted models for: minecraft:simple_block_6326#facing=south
[22:17:40] [ForkJoinPool.commonPool-worker-4/WARN] Missing model for: minecraft:simple_block_6155#facing=south
[22:17:40] [ForkJoinPool.commonPool-worker-4/WARN] No weighted models for: minecraft:simple_block_6155#facing=south
[22:17:40] [ForkJoinPool.commonPool-worker-7/WARN] Missing model for: minecraft:simple_block_6208#facing=north
[22:17:40] [ForkJoinPool.commonPool-worker-7/WARN] No weighted models for: minecraft:simple_block_6208#facing=north
[22:17:40] [ForkJoinPool.commonPool-worker-4/WARN] Missing model for: minecraft:simple_block_6238#facing=west
[22:17:40] [ForkJoinPool.commonPool-worker-4/WARN] No weighted models for: minecraft:simple_block_6238#facing=west
[22:17:40] [ForkJoinPool.commonPool-worker-4/WARN] Missing model for: minecraft:simple_block_6193#facing=north
[22:17:40] [ForkJoinPool.commonPool-worker-4/WARN] No weighted models for: minecraft:simple_block_6193#facing=north
[22:17:40] [ForkJoinPool.commonPool-worker-7/WARN] Missing model for: minecraft:simple_block_6195#facing=north
[22:17:40] [ForkJoinPool.commonPool-worker-4/WARN] Missing model for: minecraft:simple_block_6260#facing=south
[22:17:40] [ForkJoinPool.commonPool-worker-4/WARN] No weighted models for: minecraft:simple_block_6260#facing=south
[22:17:40] [ForkJoinPool.commonPool-worker-7/WARN] No weighted models for: minecraft:simple_block_6195#facing=north
[22:17:40] [ForkJoinPool.commonPool-worker-4/WARN] Missing model for: minecraft:simple_block_6229#facing=east
[22:17:40] [ForkJoinPool.commonPool-worker-4/WARN] No weighted models for: minecraft:simple_block_6229#facing=east
[22:17:40] [ForkJoinPool.commonPool-worker-4/WARN] Missing model for: minecraft:simple_block_6181#facing=east
[22:17:40] [ForkJoinPool.commonPool-worker-4/WARN] No weighted models for: minecraft:simple_block_6181#facing=east
[22:17:40] [ForkJoinPool.commonPool-worker-4/WARN] Missing model for: minecraft:simple_block_6228#facing=south
[22:17:40] [ForkJoinPool.commonPool-worker-4/WARN] No weighted models for: minecraft:simple_block_6228#facing=south
[22:17:40] [ForkJoinPool.commonPool-worker-7/WARN] Missing model for: minecraft:simple_block_6240#facing=south
[22:17:40] [ForkJoinPool.commonPool-worker-7/WARN] No weighted models for: minecraft:simple_block_6240#facing=south
[22:17:40] [ForkJoinPool.commonPool-worker-4/WARN] Missing model for: minecraft:simple_block_6223#facing=north
[22:17:40] [ForkJoinPool.commonPool-worker-4/WARN] No weighted models for: minecraft:simple_block_6223#facing=north
[22:17:40] [ForkJoinPool.commonPool-worker-4/WARN] Missing model for: minecraft:simple_block_6236#facing=north
[22:17:40] [ForkJoinPool.commonPool-worker-4/WARN] No weighted models for: minecraft:simple_block_6236#facing=north
[22:17:40] [ForkJoinPool.commonPool-worker-4/WARN] Missing model for: minecraft:simple_block_6290#facing=west
[22:17:40] [ForkJoinPool.commonPool-worker-4/WARN] No weighted models for: minecraft:simple_block_6290#facing=west
[22:17:40] [ForkJoinPool.commonPool-worker-7/WARN] Missing model for: minecraft:simple_block_6271#facing=south
[22:17:40] [ForkJoinPool.commonPool-worker-7/WARN] No weighted models for: minecraft:simple_block_6271#facing=south
[22:17:40] [ForkJoinPool.commonPool-worker-7/WARN] Missing model for: minecraft:simple_block_6199#facing=west
[22:17:40] [ForkJoinPool.commonPool-worker-7/WARN] No weighted models for: minecraft:simple_block_6199#facing=west
[22:17:40] [ForkJoinPool.commonPool-worker-4/WARN] Missing model for: minecraft:simple_block_6314#facing=east
[22:17:40] [ForkJoinPool.commonPool-worker-4/WARN] No weighted models for: minecraft:simple_block_6314#facing=east
[22:17:40] [ForkJoinPool.commonPool-worker-7/WARN] Missing model for: minecraft:simple_block_6323#facing=east
[22:17:40] [ForkJoinPool.commonPool-worker-7/WARN] No weighted models for: minecraft:simple_block_6323#facing=east
[22:17:40] [ForkJoinPool.commonPool-worker-7/WARN] Missing model for: minecraft:simple_block_6190#facing=north
[22:17:40] [ForkJoinPool.commonPool-worker-7/WARN] No weighted models for: minecraft:simple_block_6190#facing=north
[22:17:40] [ForkJoinPool.commonPool-worker-7/WARN] Missing model for: minecraft:simple_block_6269#facing=east
[22:17:40] [ForkJoinPool.commonPool-worker-7/WARN] No weighted models for: minecraft:simple_block_6269#facing=east
[22:17:40] [ForkJoinPool.commonPool-worker-7/WARN] Missing model for: minecraft:simple_block_6269#facing=west
[22:17:40] [ForkJoinPool.commonPool-worker-4/WARN] Missing model for: minecraft:simple_block_6291#facing=north
[22:17:40] [ForkJoinPool.commonPool-worker-7/WARN] No weighted models for: minecraft:simple_block_6269#facing=west
[22:17:40] [ForkJoinPool.commonPool-worker-4/WARN] No weighted models for: minecraft:simple_block_6291#facing=north
[22:17:40] [ForkJoinPool.commonPool-worker-7/WARN] Missing model for: minecraft:simple_block_6177#facing=west
[22:17:40] [ForkJoinPool.commonPool-worker-7/WARN] No weighted models for: minecraft:simple_block_6177#facing=west
[22:17:40] [ForkJoinPool.commonPool-worker-7/WARN] Missing model for: minecraft:simple_block_6177#facing=east
[22:17:40] [ForkJoinPool.commonPool-worker-7/WARN] No weighted models for: minecraft:simple_block_6177#facing=east
[22:17:40] [ForkJoinPool.commonPool-worker-7/WARN] Missing model for: minecraft:simple_block_6203#facing=south
[22:17:40] [ForkJoinPool.commonPool-worker-7/WARN] No weighted models for: minecraft:simple_block_6203#facing=south
[22:17:40] [ForkJoinPool.commonPool-worker-4/WARN] Missing model for: minecraft:simple_block_6222#facing=west
[22:17:40] [ForkJoinPool.commonPool-worker-4/WARN] No weighted models for: minecraft:simple_block_6222#facing=west
[22:17:40] [ForkJoinPool.commonPool-worker-7/WARN] Missing model for: minecraft:simple_block_6199#facing=east
[22:17:40] [ForkJoinPool.commonPool-worker-7/WARN] No weighted models for: minecraft:simple_block_6199#facing=east
[22:17:40] [ForkJoinPool.commonPool-worker-4/WARN] Missing model for: minecraft:simple_block_6172#facing=west
[22:17:40] [ForkJoinPool.commonPool-worker-4/WARN] No weighted models for: minecraft:simple_block_6172#facing=west
[22:17:40] [ForkJoinPool.commonPool-worker-7/WARN] Missing model for: minecraft:simple_block_6247#facing=west
[22:17:40] [ForkJoinPool.commonPool-worker-4/WARN] Missing model for: minecraft:simple_block_6256#facing=north
[22:17:40] [ForkJoinPool.commonPool-worker-7/WARN] No weighted models for: minecraft:simple_block_6247#facing=west
[22:17:40] [ForkJoinPool.commonPool-worker-4/WARN] No weighted models for: minecraft:simple_block_6256#facing=north
[22:17:40] [ForkJoinPool.commonPool-worker-2/WARN] Missing model for: minecraft:simple_block_6253#facing=east
[22:17:40] [ForkJoinPool.commonPool-worker-2/WARN] No weighted models for: minecraft:simple_block_6253#facing=east
[22:17:40] [ForkJoinPool.commonPool-worker-7/WARN] Missing model for: minecraft:simple_block_6158#facing=north
[22:17:40] [ForkJoinPool.commonPool-worker-7/WARN] No weighted models for: minecraft:simple_block_6158#facing=north
[22:17:40] [ForkJoinPool.commonPool-worker-4/WARN] Missing model for: minecraft:simple_block_6186#facing=north
[22:17:40] [ForkJoinPool.commonPool-worker-4/WARN] No weighted models for: minecraft:simple_block_6186#facing=north
[22:17:40] [ForkJoinPool.commonPool-worker-7/WARN] Missing model for: minecraft:simple_block_6228#facing=north
[22:17:40] [ForkJoinPool.commonPool-worker-7/WARN] No weighted models for: minecraft:simple_block_6228#facing=north
[22:17:40] [ForkJoinPool.commonPool-worker-2/WARN] Missing model for: minecraft:simple_block_6157#facing=west
[22:17:40] [ForkJoinPool.commonPool-worker-2/WARN] No weighted models for: minecraft:simple_block_6157#facing=west
[22:17:40] [ForkJoinPool.commonPool-worker-3/WARN] Missing model for: minecraft:simple_block_6310#facing=west
[22:17:40] [ForkJoinPool.commonPool-worker-3/WARN] No weighted models for: minecraft:simple_block_6310#facing=west
[22:17:40] [ForkJoinPool.commonPool-worker-3/WARN] Missing model for: minecraft:simple_block_6299#facing=north
[22:17:40] [ForkJoinPool.commonPool-worker-2/WARN] Missing model for: minecraft:simple_block_6310#facing=south
[22:17:40] [ForkJoinPool.commonPool-worker-2/WARN] No weighted models for: minecraft:simple_block_6310#facing=south
[22:17:40] [ForkJoinPool.commonPool-worker-3/WARN] No weighted models for: minecraft:simple_block_6299#facing=north
[22:17:40] [ForkJoinPool.commonPool-worker-7/WARN] Missing model for: minecraft:simple_block_6247#facing=east
[22:17:40] [ForkJoinPool.commonPool-worker-7/WARN] No weighted models for: minecraft:simple_block_6247#facing=east
[22:17:40] [ForkJoinPool.commonPool-worker-7/WARN] Missing model for: minecraft:simple_block_6295#facing=west
[22:17:40] [ForkJoinPool.commonPool-worker-7/WARN] No weighted models for: minecraft:simple_block_6295#facing=west
[22:17:40] [ForkJoinPool.commonPool-worker-4/WARN] Missing model for: minecraft:simple_block_6273#facing=south
[22:17:40] [ForkJoinPool.commonPool-worker-4/WARN] No weighted models for: minecraft:simple_block_6273#facing=south
[22:17:40] [ForkJoinPool.commonPool-worker-3/WARN] Missing model for: minecraft:simple_block_6315#facing=east
[22:17:40] [ForkJoinPool.commonPool-worker-3/WARN] No weighted models for: minecraft:simple_block_6315#facing=east
[22:17:40] [ForkJoinPool.commonPool-worker-3/WARN] Missing model for: minecraft:simple_block_6300#facing=west
[22:17:40] [ForkJoinPool.commonPool-worker-3/WARN] No weighted models for: minecraft:simple_block_6300#facing=west
[22:17:40] [ForkJoinPool.commonPool-worker-7/WARN] Missing model for: minecraft:simple_block_6219#facing=north
[22:17:40] [ForkJoinPool.commonPool-worker-7/WARN] No weighted models for: minecraft:simple_block_6219#facing=north
[22:17:40] [ForkJoinPool.commonPool-worker-7/WARN] Missing model for: minecraft:simple_block_6164#facing=south
[22:17:40] [ForkJoinPool.commonPool-worker-7/WARN] No weighted models for: minecraft:simple_block_6164#facing=south
[22:17:40] [ForkJoinPool.commonPool-worker-4/WARN] Missing model for: minecraft:simple_block_6259#facing=north
[22:17:40] [ForkJoinPool.commonPool-worker-4/WARN] No weighted models for: minecraft:simple_block_6259#facing=north
[22:17:40] [ForkJoinPool.commonPool-worker-7/WARN] Missing model for: minecraft:simple_block_6220#facing=south
[22:17:40] [ForkJoinPool.commonPool-worker-7/WARN] No weighted models for: minecraft:simple_block_6220#facing=south
[22:17:40] [ForkJoinPool.commonPool-worker-4/WARN] Missing model for: minecraft:simple_block_6330#facing=south
[22:17:40] [ForkJoinPool.commonPool-worker-4/WARN] No weighted models for: minecraft:simple_block_6330#facing=south
[22:17:40] [ForkJoinPool.commonPool-worker-3/WARN] Missing model for: minecraft:simple_block_6256#facing=east
[22:17:40] [ForkJoinPool.commonPool-worker-3/WARN] No weighted models for: minecraft:simple_block_6256#facing=east
[22:17:40] [ForkJoinPool.commonPool-worker-2/WARN] Missing model for: minecraft:simple_block_6219#facing=south
[22:17:40] [ForkJoinPool.commonPool-worker-2/WARN] No weighted models for: minecraft:simple_block_6219#facing=south
[22:17:40] [ForkJoinPool.commonPool-worker-4/WARN] Missing model for: minecraft:simple_block_6294#facing=north
[22:17:40] [ForkJoinPool.commonPool-worker-4/WARN] No weighted models for: minecraft:simple_block_6294#facing=north
[22:17:40] [ForkJoinPool.commonPool-worker-2/WARN] Missing model for: minecraft:simple_block_6296#facing=north
[22:17:40] [ForkJoinPool.commonPool-worker-2/WARN] No weighted models for: minecraft:simple_block_6296#facing=north
[22:17:40] [ForkJoinPool.commonPool-worker-2/WARN] Missing model for: minecraft:simple_block_6188#facing=west
[22:17:40] [ForkJoinPool.commonPool-worker-2/WARN] No weighted models for: minecraft:simple_block_6188#facing=west
[22:17:40] [ForkJoinPool.commonPool-worker-2/WARN] Missing model for: minecraft:simple_block_6284#facing=east
[22:17:40] [ForkJoinPool.commonPool-worker-2/WARN] No weighted models for: minecraft:simple_block_6284#facing=east
[22:17:40] [ForkJoinPool.commonPool-worker-3/WARN] Missing model for: minecraft:simple_block_6211#facing=north
[22:17:40] [ForkJoinPool.commonPool-worker-3/WARN] No weighted models for: minecraft:simple_block_6211#facing=north
[22:17:40] [ForkJoinPool.commonPool-worker-4/WARN] Missing model for: minecraft:simple_block_6220#facing=north
[22:17:40] [ForkJoinPool.commonPool-worker-4/WARN] No weighted models for: minecraft:simple_block_6220#facing=north
[22:17:40] [ForkJoinPool.commonPool-worker-4/WARN] Missing model for: minecraft:simple_block_6225#facing=south
[22:17:40] [ForkJoinPool.commonPool-worker-7/WARN] Missing model for: minecraft:simple_block_6200#facing=east
[22:17:40] [ForkJoinPool.commonPool-worker-4/WARN] No weighted models for: minecraft:simple_block_6225#facing=south
[22:17:40] [ForkJoinPool.commonPool-worker-7/WARN] No weighted models for: minecraft:simple_block_6200#facing=east
[22:17:40] [ForkJoinPool.commonPool-worker-4/WARN] Missing model for: minecraft:simple_block_6329#facing=north
[22:17:40] [ForkJoinPool.commonPool-worker-4/WARN] No weighted models for: minecraft:simple_block_6329#facing=north
[22:17:40] [ForkJoinPool.commonPool-worker-2/WARN] Missing model for: minecraft:simple_block_6312#facing=east
[22:17:40] [ForkJoinPool.commonPool-worker-2/WARN] No weighted models for: minecraft:simple_block_6312#facing=east
[22:17:40] [ForkJoinPool.commonPool-worker-2/WARN] Missing model for: minecraft:simple_block_6312#facing=west
[22:17:40] [ForkJoinPool.commonPool-worker-2/WARN] No weighted models for: minecraft:simple_block_6312#facing=west
[22:17:40] [ForkJoinPool.commonPool-worker-4/WARN] Missing model for: minecraft:simple_block_6212#facing=south
[22:17:40] [ForkJoinPool.commonPool-worker-4/WARN] No weighted models for: minecraft:simple_block_6212#facing=south
[22:17:40] [ForkJoinPool.commonPool-worker-7/WARN] Missing model for: minecraft:simple_block_6291#facing=south
[22:17:40] [ForkJoinPool.commonPool-worker-7/WARN] No weighted models for: minecraft:simple_block_6291#facing=south
[22:17:40] [ForkJoinPool.commonPool-worker-4/WARN] Missing model for: minecraft:simple_block_6317#facing=east
[22:17:40] [ForkJoinPool.commonPool-worker-4/WARN] No weighted models for: minecraft:simple_block_6317#facing=east
[22:17:40] [ForkJoinPool.commonPool-worker-2/WARN] Missing model for: minecraft:simple_block_6234#facing=north
[22:17:40] [ForkJoinPool.commonPool-worker-2/WARN] No weighted models for: minecraft:simple_block_6234#facing=north
[22:17:40] [ForkJoinPool.commonPool-worker-7/WARN] Missing model for: minecraft:simple_block_6184#facing=north
[22:17:40] [ForkJoinPool.commonPool-worker-7/WARN] No weighted models for: minecraft:simple_block_6184#facing=north
[22:17:40] [ForkJoinPool.commonPool-worker-4/WARN] Missing model for: minecraft:simple_block_6278#facing=west
[22:17:40] [ForkJoinPool.commonPool-worker-7/WARN] Missing model for: minecraft:simple_block_6207#facing=west
[22:17:40] [ForkJoinPool.commonPool-worker-4/WARN] No weighted models for: minecraft:simple_block_6278#facing=west
[22:17:40] [ForkJoinPool.commonPool-worker-7/WARN] No weighted models for: minecraft:simple_block_6207#facing=west
[22:17:40] [ForkJoinPool.commonPool-worker-4/WARN] Missing model for: minecraft:simple_block_6172#facing=south
[22:17:40] [ForkJoinPool.commonPool-worker-4/WARN] No weighted models for: minecraft:simple_block_6172#facing=south
[22:17:40] [ForkJoinPool.commonPool-worker-2/WARN] Missing model for: minecraft:simple_block_6242#facing=east
[22:17:40] [ForkJoinPool.commonPool-worker-2/WARN] No weighted models for: minecraft:simple_block_6242#facing=east
[22:17:40] [ForkJoinPool.commonPool-worker-7/WARN] Missing model for: minecraft:simple_block_6282#facing=south
[22:17:40] [ForkJoinPool.commonPool-worker-7/WARN] No weighted models for: minecraft:simple_block_6282#facing=south
[22:17:40] [ForkJoinPool.commonPool-worker-2/WARN] Missing model for: minecraft:simple_block_6276#facing=south
[22:17:40] [ForkJoinPool.commonPool-worker-2/WARN] No weighted models for: minecraft:simple_block_6276#facing=south
[22:17:40] [ForkJoinPool.commonPool-worker-4/WARN] Missing model for: minecraft:simple_block_6189#facing=north
[22:17:40] [ForkJoinPool.commonPool-worker-4/WARN] No weighted models for: minecraft:simple_block_6189#facing=north
[22:17:40] [ForkJoinPool.commonPool-worker-3/WARN] Missing model for: minecraft:simple_block_6186#facing=west
[22:17:40] [ForkJoinPool.commonPool-worker-3/WARN] No weighted models for: minecraft:simple_block_6186#facing=west
[22:17:40] [ForkJoinPool.commonPool-worker-2/WARN] Missing model for: minecraft:simple_block_6211#facing=east
[22:17:40] [ForkJoinPool.commonPool-worker-2/WARN] No weighted models for: minecraft:simple_block_6211#facing=east
[22:17:40] [ForkJoinPool.commonPool-worker-7/WARN] Missing model for: minecraft:simple_block_6260#facing=north
[22:17:40] [ForkJoinPool.commonPool-worker-7/WARN] No weighted models for: minecraft:simple_block_6260#facing=north
[22:17:40] [ForkJoinPool.commonPool-worker-7/WARN] Missing model for: minecraft:simple_block_6207#facing=east
[22:17:40] [ForkJoinPool.commonPool-worker-7/WARN] No weighted models for: minecraft:simple_block_6207#facing=east
[22:17:40] [ForkJoinPool.commonPool-worker-3/WARN] Missing model for: minecraft:simple_block_6291#facing=west
[22:17:40] [ForkJoinPool.commonPool-worker-3/WARN] No weighted models for: minecraft:simple_block_6291#facing=west
[22:17:40] [ForkJoinPool.commonPool-worker-2/WARN] Missing model for: minecraft:simple_block_6211#facing=west
[22:17:40] [ForkJoinPool.commonPool-worker-2/WARN] No weighted models for: minecraft:simple_block_6211#facing=west
[22:17:40] [ForkJoinPool.commonPool-worker-3/WARN] Missing model for: minecraft:simple_block_6207#facing=south
[22:17:40] [ForkJoinPool.commonPool-worker-3/WARN] No weighted models for: minecraft:simple_block_6207#facing=south
[22:17:40] [ForkJoinPool.commonPool-worker-2/WARN] Missing model for: minecraft:simple_block_6242#facing=west
[22:17:40] [ForkJoinPool.commonPool-worker-2/WARN] No weighted models for: minecraft:simple_block_6242#facing=west
[22:17:40] [ForkJoinPool.commonPool-worker-2/WARN] Missing model for: minecraft:simple_block_6323#facing=west
[22:17:40] [ForkJoinPool.commonPool-worker-2/WARN] No weighted models for: minecraft:simple_block_6323#facing=west
[22:17:40] [ForkJoinPool.commonPool-worker-3/WARN] Missing model for: minecraft:simple_block_6234#facing=west
[22:17:40] [ForkJoinPool.commonPool-worker-3/WARN] No weighted models for: minecraft:simple_block_6234#facing=west
[22:17:40] [ForkJoinPool.commonPool-worker-2/WARN] Missing model for: minecraft:simple_block_6164#facing=north
[22:17:40] [ForkJoinPool.commonPool-worker-2/WARN] No weighted models for: minecraft:simple_block_6164#facing=north
[22:17:40] [ForkJoinPool.commonPool-worker-3/WARN] Missing model for: minecraft:simple_block_6230#facing=east
[22:17:40] [ForkJoinPool.commonPool-worker-3/WARN] No weighted models for: minecraft:simple_block_6230#facing=east
[22:17:40] [ForkJoinPool.commonPool-worker-4/WARN] Missing model for: minecraft:simple_block_6216#facing=east
[22:17:40] [ForkJoinPool.commonPool-worker-4/WARN] No weighted models for: minecraft:simple_block_6216#facing=east
[22:17:40] [ForkJoinPool.commonPool-worker-4/WARN] Missing model for: minecraft:simple_block_6194#facing=east
[22:17:40] [ForkJoinPool.commonPool-worker-4/WARN] No weighted models for: minecraft:simple_block_6194#facing=east
[22:17:40] [ForkJoinPool.commonPool-worker-3/WARN] Missing model for: minecraft:simple_block_6326#facing=west
[22:17:40] [ForkJoinPool.commonPool-worker-3/WARN] No weighted models for: minecraft:simple_block_6326#facing=west
[22:17:40] [ForkJoinPool.commonPool-worker-3/WARN] Missing model for: minecraft:simple_block_6172#facing=north
[22:17:40] [ForkJoinPool.commonPool-worker-3/WARN] No weighted models for: minecraft:simple_block_6172#facing=north
[22:17:40] [ForkJoinPool.commonPool-worker-2/WARN] Missing model for: minecraft:simple_block_6203#facing=north
[22:17:40] [ForkJoinPool.commonPool-worker-2/WARN] No weighted models for: minecraft:simple_block_6203#facing=north
[22:17:40] [ForkJoinPool.commonPool-worker-4/WARN] Missing model for: minecraft:simple_block_6225#facing=west
[22:17:40] [ForkJoinPool.commonPool-worker-4/WARN] No weighted models for: minecraft:simple_block_6225#facing=west
[22:17:40] [ForkJoinPool.commonPool-worker-4/WARN] Missing model for: minecraft:simple_block_6226#facing=north
[22:17:40] [ForkJoinPool.commonPool-worker-4/WARN] No weighted models for: minecraft:simple_block_6226#facing=north
[22:17:40] [ForkJoinPool.commonPool-worker-4/WARN] Missing model for: minecraft:simple_block_6253#facing=south
[22:17:40] [ForkJoinPool.commonPool-worker-4/WARN] No weighted models for: minecraft:simple_block_6253#facing=south
[22:17:40] [ForkJoinPool.commonPool-worker-3/WARN] Missing model for: minecraft:simple_block_6163#facing=south
[22:17:40] [ForkJoinPool.commonPool-worker-3/WARN] No weighted models for: minecraft:simple_block_6163#facing=south
[22:17:40] [ForkJoinPool.commonPool-worker-2/WARN] Missing model for: minecraft:simple_block_6258#facing=west
[22:17:40] [ForkJoinPool.commonPool-worker-2/WARN] No weighted models for: minecraft:simple_block_6258#facing=west
[22:17:40] [ForkJoinPool.commonPool-worker-2/WARN] Missing model for: minecraft:simple_block_6188#facing=east
[22:17:40] [ForkJoinPool.commonPool-worker-2/WARN] No weighted models for: minecraft:simple_block_6188#facing=east
[22:17:40] [ForkJoinPool.commonPool-worker-4/WARN] Missing model for: minecraft:simple_block_6276#facing=west
[22:17:40] [ForkJoinPool.commonPool-worker-4/WARN] No weighted models for: minecraft:simple_block_6276#facing=west
[22:17:40] [ForkJoinPool.commonPool-worker-2/WARN] Missing model for: minecraft:simple_block_6214#facing=south
[22:17:40] [ForkJoinPool.commonPool-worker-2/WARN] No weighted models for: minecraft:simple_block_6214#facing=south
[22:17:40] [ForkJoinPool.commonPool-worker-2/WARN] Missing model for: minecraft:simple_block_6169#facing=north
[22:17:40] [ForkJoinPool.commonPool-worker-2/WARN] No weighted models for: minecraft:simple_block_6169#facing=north
[22:17:40] [ForkJoinPool.commonPool-worker-3/WARN] Missing model for: minecraft:simple_block_6251#facing=north
[22:17:40] [ForkJoinPool.commonPool-worker-3/WARN] No weighted models for: minecraft:simple_block_6251#facing=north
[22:17:40] [ForkJoinPool.commonPool-worker-2/WARN] Missing model for: minecraft:simple_block_6170#facing=south
[22:17:40] [ForkJoinPool.commonPool-worker-2/WARN] No weighted models for: minecraft:simple_block_6170#facing=south
[22:17:40] [ForkJoinPool.commonPool-worker-3/WARN] Missing model for: minecraft:simple_block_6303#facing=south
[22:17:40] [ForkJoinPool.commonPool-worker-3/WARN] No weighted models for: minecraft:simple_block_6303#facing=south
[22:17:40] [ForkJoinPool.commonPool-worker-4/WARN] Missing model for: minecraft:simple_block_6161#facing=north
[22:17:40] [ForkJoinPool.commonPool-worker-4/WARN] No weighted models for: minecraft:simple_block_6161#facing=north
[22:17:40] [ForkJoinPool.commonPool-worker-4/WARN] Missing model for: minecraft:simple_block_6250#facing=west
[22:17:40] [ForkJoinPool.commonPool-worker-4/WARN] No weighted models for: minecraft:simple_block_6250#facing=west
[22:17:40] [ForkJoinPool.commonPool-worker-4/WARN] Missing model for: minecraft:simple_block_6200#facing=north
[22:17:40] [ForkJoinPool.commonPool-worker-4/WARN] No weighted models for: minecraft:simple_block_6200#facing=north
[22:17:40] [ForkJoinPool.commonPool-worker-3/WARN] Missing model for: minecraft:simple_block_6273#facing=north
[22:17:40] [ForkJoinPool.commonPool-worker-3/WARN] No weighted models for: minecraft:simple_block_6273#facing=north
[22:17:40] [ForkJoinPool.commonPool-worker-7/WARN] Missing model for: minecraft:simple_block_6324#facing=north
[22:17:40] [ForkJoinPool.commonPool-worker-7/WARN] No weighted models for: minecraft:simple_block_6324#facing=north
[22:17:40] [ForkJoinPool.commonPool-worker-3/WARN] Missing model for: minecraft:simple_block_6198#facing=north
[22:17:40] [ForkJoinPool.commonPool-worker-3/WARN] No weighted models for: minecraft:simple_block_6198#facing=north
[22:17:40] [ForkJoinPool.commonPool-worker-2/WARN] Missing model for: minecraft:simple_block_6328#facing=west
[22:17:40] [ForkJoinPool.commonPool-worker-2/WARN] No weighted models for: minecraft:simple_block_6328#facing=west
[22:17:40] [ForkJoinPool.commonPool-worker-7/WARN] Missing model for: minecraft:simple_block_6280#facing=north
[22:17:40] [ForkJoinPool.commonPool-worker-7/WARN] No weighted models for: minecraft:simple_block_6280#facing=north
[22:17:40] [ForkJoinPool.commonPool-worker-7/WARN] Missing model for: minecraft:simple_block_6298#facing=south
[22:17:40] [ForkJoinPool.commonPool-worker-7/WARN] No weighted models for: minecraft:simple_block_6298#facing=south
[22:17:40] [ForkJoinPool.commonPool-worker-3/WARN] Missing model for: minecraft:simple_block_6208#facing=west
[22:17:40] [ForkJoinPool.commonPool-worker-3/WARN] No weighted models for: minecraft:simple_block_6208#facing=west
[22:17:40] [ForkJoinPool.commonPool-worker-3/WARN] Missing model for: minecraft:simple_block_6160#facing=west
[22:17:40] [ForkJoinPool.commonPool-worker-3/WARN] No weighted models for: minecraft:simple_block_6160#facing=west
[22:17:40] [ForkJoinPool.commonPool-worker-2/WARN] Missing model for: minecraft:simple_block_6289#facing=east
[22:17:40] [ForkJoinPool.commonPool-worker-2/WARN] No weighted models for: minecraft:simple_block_6289#facing=east
[22:17:40] [ForkJoinPool.commonPool-worker-2/WARN] Missing model for: minecraft:simple_block_6289#facing=west
[22:17:40] [ForkJoinPool.commonPool-worker-2/WARN] No weighted models for: minecraft:simple_block_6289#facing=west
[22:17:40] [ForkJoinPool.commonPool-worker-3/WARN] Missing model for: minecraft:simple_block_6190#facing=west
[22:17:40] [ForkJoinPool.commonPool-worker-3/WARN] No weighted models for: minecraft:simple_block_6190#facing=west
[22:17:40] [ForkJoinPool.commonPool-worker-3/WARN] Missing model for: minecraft:simple_block_6162#facing=north
[22:17:40] [ForkJoinPool.commonPool-worker-3/WARN] No weighted models for: minecraft:simple_block_6162#facing=north
[22:17:40] [ForkJoinPool.commonPool-worker-2/WARN] Missing model for: minecraft:simple_block_6328#facing=east
[22:17:40] [ForkJoinPool.commonPool-worker-2/WARN] No weighted models for: minecraft:simple_block_6328#facing=east
[22:17:40] [ForkJoinPool.commonPool-worker-2/WARN] Missing model for: minecraft:simple_block_6239#facing=north
[22:17:40] [ForkJoinPool.commonPool-worker-2/WARN] No weighted models for: minecraft:simple_block_6239#facing=north
[22:17:40] [ForkJoinPool.commonPool-worker-4/WARN] Missing model for: minecraft:simple_block_6180#facing=east
[22:17:40] [ForkJoinPool.commonPool-worker-4/WARN] No weighted models for: minecraft:simple_block_6180#facing=east
[22:17:40] [ForkJoinPool.commonPool-worker-4/WARN] Missing model for: minecraft:simple_block_6245#facing=west
[22:17:40] [ForkJoinPool.commonPool-worker-4/WARN] No weighted models for: minecraft:simple_block_6245#facing=west
[22:17:40] [ForkJoinPool.commonPool-worker-2/WARN] Missing model for: minecraft:simple_block_6315#facing=south
[22:17:40] [ForkJoinPool.commonPool-worker-2/WARN] No weighted models for: minecraft:simple_block_6315#facing=south
[22:17:40] [ForkJoinPool.commonPool-worker-4/WARN] Missing model for: minecraft:simple_block_6288#facing=north
[22:17:40] [ForkJoinPool.commonPool-worker-4/WARN] No weighted models for: minecraft:simple_block_6288#facing=north
[22:17:40] [ForkJoinPool.commonPool-worker-4/WARN] Missing model for: minecraft:simple_block_6252#facing=north
[22:17:40] [ForkJoinPool.commonPool-worker-4/WARN] No weighted models for: minecraft:simple_block_6252#facing=north
[22:17:40] [ForkJoinPool.commonPool-worker-7/WARN] Missing model for: minecraft:simple_block_6321#facing=west
[22:17:40] [ForkJoinPool.commonPool-worker-7/WARN] No weighted models for: minecraft:simple_block_6321#facing=west
[22:17:40] [ForkJoinPool.commonPool-worker-3/WARN] Missing model for: minecraft:simple_block_6199#facing=south
[22:17:40] [ForkJoinPool.commonPool-worker-3/WARN] No weighted models for: minecraft:simple_block_6199#facing=south
[22:17:40] [ForkJoinPool.commonPool-worker-4/WARN] Missing model for: minecraft:simple_block_6258#facing=south
[22:17:40] [ForkJoinPool.commonPool-worker-4/WARN] No weighted models for: minecraft:simple_block_6258#facing=south
[22:17:40] [ForkJoinPool.commonPool-worker-7/WARN] Missing model for: minecraft:simple_block_6327#facing=west
[22:17:40] [ForkJoinPool.commonPool-worker-7/WARN] No weighted models for: minecraft:simple_block_6327#facing=west
[22:17:40] [ForkJoinPool.commonPool-worker-7/WARN] Missing model for: minecraft:simple_block_6282#facing=north
[22:17:40] [ForkJoinPool.commonPool-worker-7/WARN] No weighted models for: minecraft:simple_block_6282#facing=north
[22:17:40] [ForkJoinPool.commonPool-worker-4/WARN] Missing model for: minecraft:simple_block_6178#facing=south
[22:17:40] [ForkJoinPool.commonPool-worker-4/WARN] No weighted models for: minecraft:simple_block_6178#facing=south
[22:17:40] [ForkJoinPool.commonPool-worker-4/WARN] Missing model for: minecraft:simple_block_6297#facing=east
[22:17:40] [ForkJoinPool.commonPool-worker-4/WARN] No weighted models for: minecraft:simple_block_6297#facing=east
[22:17:40] [ForkJoinPool.commonPool-worker-2/WARN] Missing model for: minecraft:simple_block_6245#facing=south
[22:17:40] [ForkJoinPool.commonPool-worker-2/WARN] No weighted models for: minecraft:simple_block_6245#facing=south
[22:17:40] [ForkJoinPool.commonPool-worker-2/WARN] Missing model for: minecraft:simple_block_6309#facing=north
[22:17:40] [ForkJoinPool.commonPool-worker-2/WARN] No weighted models for: minecraft:simple_block_6309#facing=north
[22:17:40] [ForkJoinPool.commonPool-worker-4/WARN] Missing model for: minecraft:simple_block_6205#facing=north
[22:17:40] [ForkJoinPool.commonPool-worker-4/WARN] No weighted models for: minecraft:simple_block_6205#facing=north
[22:17:40] [ForkJoinPool.commonPool-worker-2/WARN] Missing model for: minecraft:simple_block_6258#facing=east
[22:17:40] [ForkJoinPool.commonPool-worker-2/WARN] No weighted models for: minecraft:simple_block_6258#facing=east
[22:17:40] [ForkJoinPool.commonPool-worker-3/WARN] Missing model for: minecraft:simple_block_6193#facing=south
[22:17:40] [ForkJoinPool.commonPool-worker-3/WARN] No weighted models for: minecraft:simple_block_6193#facing=south
[22:17:40] [ForkJoinPool.commonPool-worker-4/WARN] Missing model for: minecraft:simple_block_6279#facing=south
[22:17:40] [ForkJoinPool.commonPool-worker-4/WARN] No weighted models for: minecraft:simple_block_6279#facing=south
[22:17:40] [ForkJoinPool.commonPool-worker-4/WARN] Missing model for: minecraft:simple_block_6271#facing=east
[22:17:40] [ForkJoinPool.commonPool-worker-4/WARN] No weighted models for: minecraft:simple_block_6271#facing=east
[22:17:40] [ForkJoinPool.commonPool-worker-3/WARN] Missing model for: minecraft:simple_block_6155#facing=north
[22:17:40] [ForkJoinPool.commonPool-worker-3/WARN] No weighted models for: minecraft:simple_block_6155#facing=north
[22:17:40] [ForkJoinPool.commonPool-worker-3/WARN] Missing model for: minecraft:simple_block_6220#facing=east
[22:17:40] [ForkJoinPool.commonPool-worker-3/WARN] No weighted models for: minecraft:simple_block_6220#facing=east
[22:17:40] [ForkJoinPool.commonPool-worker-4/WARN] Missing model for: minecraft:simple_block_6222#facing=south
[22:17:40] [ForkJoinPool.commonPool-worker-4/WARN] No weighted models for: minecraft:simple_block_6222#facing=south
[22:17:40] [ForkJoinPool.commonPool-worker-4/WARN] Missing model for: minecraft:simple_block_6240#facing=west
[22:17:40] [ForkJoinPool.commonPool-worker-4/WARN] No weighted models for: minecraft:simple_block_6240#facing=west
[22:17:40] [ForkJoinPool.commonPool-worker-2/WARN] Missing model for: minecraft:simple_block_6284#facing=west
[22:17:40] [ForkJoinPool.commonPool-worker-2/WARN] No weighted models for: minecraft:simple_block_6284#facing=west
[22:17:40] [ForkJoinPool.commonPool-worker-2/WARN] Missing model for: minecraft:simple_block_6265#facing=north
[22:17:40] [ForkJoinPool.commonPool-worker-2/WARN] No weighted models for: minecraft:simple_block_6265#facing=north
[22:17:40] [ForkJoinPool.commonPool-worker-3/WARN] Missing model for: minecraft:simple_block_6217#facing=south
[22:17:40] [ForkJoinPool.commonPool-worker-3/WARN] No weighted models for: minecraft:simple_block_6217#facing=south
[22:17:40] [ForkJoinPool.commonPool-worker-7/WARN] Missing model for: minecraft:simple_block_6216#facing=west
[22:17:40] [ForkJoinPool.commonPool-worker-7/WARN] No weighted models for: minecraft:simple_block_6216#facing=west
[22:17:40] [ForkJoinPool.commonPool-worker-2/WARN] Missing model for: minecraft:simple_block_6157#facing=east
[22:17:40] [ForkJoinPool.commonPool-worker-2/WARN] No weighted models for: minecraft:simple_block_6157#facing=east
[22:17:40] [ForkJoinPool.commonPool-worker-2/WARN] Missing model for: minecraft:simple_block_6183#facing=west
[22:17:40] [ForkJoinPool.commonPool-worker-2/WARN] No weighted models for: minecraft:simple_block_6183#facing=west
[22:17:40] [ForkJoinPool.commonPool-worker-3/WARN] Missing model for: minecraft:simple_block_6246#facing=east
[22:17:40] [ForkJoinPool.commonPool-worker-3/WARN] No weighted models for: minecraft:simple_block_6246#facing=east
[22:17:40] [ForkJoinPool.commonPool-worker-4/WARN] Missing model for: minecraft:simple_block_6320#facing=east
[22:17:40] [ForkJoinPool.commonPool-worker-4/WARN] No weighted models for: minecraft:simple_block_6320#facing=east
[22:17:40] [ForkJoinPool.commonPool-worker-7/WARN] Missing model for: minecraft:simple_block_6301#facing=west
[22:17:40] [ForkJoinPool.commonPool-worker-7/WARN] No weighted models for: minecraft:simple_block_6301#facing=west
[22:17:40] [ForkJoinPool.commonPool-worker-2/WARN] Missing model for: minecraft:simple_block_6266#facing=west
[22:17:40] [ForkJoinPool.commonPool-worker-2/WARN] No weighted models for: minecraft:simple_block_6266#facing=west
[22:17:40] [ForkJoinPool.commonPool-worker-2/WARN] Missing model for: minecraft:simple_block_6327#facing=north
[22:17:40] [ForkJoinPool.commonPool-worker-2/WARN] No weighted models for: minecraft:simple_block_6327#facing=north
[22:17:40] [ForkJoinPool.commonPool-worker-3/WARN] Missing model for: minecraft:simple_block_6329#facing=south
[22:17:40] [ForkJoinPool.commonPool-worker-3/WARN] No weighted models for: minecraft:simple_block_6329#facing=south
[22:17:40] [ForkJoinPool.commonPool-worker-3/WARN] Missing model for: minecraft:simple_block_6173#facing=south
[22:17:40] [ForkJoinPool.commonPool-worker-3/WARN] No weighted models for: minecraft:simple_block_6173#facing=south
[22:17:40] [ForkJoinPool.commonPool-worker-7/WARN] Missing model for: minecraft:simple_block_6191#facing=south
[22:17:40] [ForkJoinPool.commonPool-worker-7/WARN] No weighted models for: minecraft:simple_block_6191#facing=south
[22:17:40] [ForkJoinPool.commonPool-worker-7/WARN] Missing model for: minecraft:simple_block_6314#facing=west
[22:17:40] [ForkJoinPool.commonPool-worker-7/WARN] No weighted models for: minecraft:simple_block_6314#facing=west
[22:17:40] [ForkJoinPool.commonPool-worker-4/WARN] Missing model for: minecraft:simple_block_6306#facing=north
[22:17:40] [ForkJoinPool.commonPool-worker-4/WARN] No weighted models for: minecraft:simple_block_6306#facing=north
[22:17:40] [ForkJoinPool.commonPool-worker-2/WARN] Missing model for: minecraft:simple_block_6235#facing=north
[22:17:40] [ForkJoinPool.commonPool-worker-4/WARN] Missing model for: minecraft:simple_block_6248#facing=south
[22:17:40] [ForkJoinPool.commonPool-worker-2/WARN] No weighted models for: minecraft:simple_block_6235#facing=north
[22:17:40] [ForkJoinPool.commonPool-worker-4/WARN] No weighted models for: minecraft:simple_block_6248#facing=south
[22:17:40] [ForkJoinPool.commonPool-worker-7/WARN] Missing model for: minecraft:simple_block_6295#facing=north
[22:17:40] [ForkJoinPool.commonPool-worker-7/WARN] No weighted models for: minecraft:simple_block_6295#facing=north
[22:17:40] [ForkJoinPool.commonPool-worker-7/WARN] Missing model for: minecraft:simple_block_6235#facing=east
[22:17:40] [ForkJoinPool.commonPool-worker-7/WARN] No weighted models for: minecraft:simple_block_6235#facing=east
[22:17:40] [ForkJoinPool.commonPool-worker-2/WARN] Missing model for: minecraft:simple_block_6292#facing=north
[22:17:40] [ForkJoinPool.commonPool-worker-2/WARN] No weighted models for: minecraft:simple_block_6292#facing=north
[22:17:40] [ForkJoinPool.commonPool-worker-4/WARN] Missing model for: minecraft:simple_block_6308#facing=west
[22:17:40] [ForkJoinPool.commonPool-worker-4/WARN] No weighted models for: minecraft:simple_block_6308#facing=west
[22:17:40] [ForkJoinPool.commonPool-worker-4/WARN] Missing model for: minecraft:simple_block_6159#facing=east
[22:17:40] [ForkJoinPool.commonPool-worker-4/WARN] No weighted models for: minecraft:simple_block_6159#facing=east
[22:17:40] [ForkJoinPool.commonPool-worker-2/WARN] Missing model for: minecraft:simple_block_6248#facing=north
[22:17:40] [ForkJoinPool.commonPool-worker-2/WARN] No weighted models for: minecraft:simple_block_6248#facing=north
[22:17:40] [ForkJoinPool.commonPool-worker-4/WARN] Missing model for: minecraft:simple_block_6175#facing=south
[22:17:40] [ForkJoinPool.commonPool-worker-4/WARN] No weighted models for: minecraft:simple_block_6175#facing=south
[22:17:40] [ForkJoinPool.commonPool-worker-4/WARN] Missing model for: minecraft:simple_block_6173#facing=north
[22:17:40] [ForkJoinPool.commonPool-worker-4/WARN] No weighted models for: minecraft:simple_block_6173#facing=north
[22:17:40] [ForkJoinPool.commonPool-worker-2/WARN] Missing model for: minecraft:simple_block_6324#facing=west
[22:17:40] [ForkJoinPool.commonPool-worker-2/WARN] No weighted models for: minecraft:simple_block_6324#facing=west
[22:17:40] [ForkJoinPool.commonPool-worker-2/WARN] Missing model for: minecraft:simple_block_6222#facing=north
[22:17:40] [ForkJoinPool.commonPool-worker-2/WARN] No weighted models for: minecraft:simple_block_6222#facing=north
[22:17:40] [ForkJoinPool.commonPool-worker-7/WARN] Missing model for: minecraft:simple_block_6222#facing=east
[22:17:40] [ForkJoinPool.commonPool-worker-7/WARN] No weighted models for: minecraft:simple_block_6222#facing=east
[22:17:40] [ForkJoinPool.commonPool-worker-3/WARN] Missing model for: minecraft:simple_block_6166#facing=north
[22:17:40] [ForkJoinPool.commonPool-worker-3/WARN] No weighted models for: minecraft:simple_block_6166#facing=north
[22:17:40] [ForkJoinPool.commonPool-worker-7/WARN] Missing model for: minecraft:simple_block_6209#facing=west
[22:17:40] [ForkJoinPool.commonPool-worker-7/WARN] No weighted models for: minecraft:simple_block_6209#facing=west
[22:17:40] [ForkJoinPool.commonPool-worker-2/WARN] Missing model for: minecraft:simple_block_6311#facing=west
[22:17:40] [ForkJoinPool.commonPool-worker-2/WARN] No weighted models for: minecraft:simple_block_6311#facing=west
[22:17:40] [ForkJoinPool.commonPool-worker-3/WARN] Missing model for: minecraft:simple_block_6325#facing=west
[22:17:40] [ForkJoinPool.commonPool-worker-7/WARN] Missing model for: minecraft:simple_block_6275#facing=north
[22:17:40] [ForkJoinPool.commonPool-worker-3/WARN] No weighted models for: minecraft:simple_block_6325#facing=west
[22:17:40] [ForkJoinPool.commonPool-worker-7/WARN] No weighted models for: minecraft:simple_block_6275#facing=north
[22:17:40] [ForkJoinPool.commonPool-worker-2/WARN] Missing model for: minecraft:simple_block_6184#facing=west
[22:17:40] [ForkJoinPool.commonPool-worker-2/WARN] No weighted models for: minecraft:simple_block_6184#facing=west
[22:17:40] [ForkJoinPool.commonPool-worker-2/WARN] Missing model for: minecraft:simple_block_6197#facing=west
[22:17:40] [ForkJoinPool.commonPool-worker-2/WARN] No weighted models for: minecraft:simple_block_6197#facing=west
[22:17:40] [ForkJoinPool.commonPool-worker-4/WARN] Missing model for: minecraft:simple_block_6280#facing=south
[22:17:40] [ForkJoinPool.commonPool-worker-4/WARN] No weighted models for: minecraft:simple_block_6280#facing=south
[22:17:40] [ForkJoinPool.commonPool-worker-3/WARN] Missing model for: minecraft:simple_block_6192#facing=north
[22:17:40] [ForkJoinPool.commonPool-worker-3/WARN] No weighted models for: minecraft:simple_block_6192#facing=north
[22:17:40] [ForkJoinPool.commonPool-worker-3/WARN] Missing model for: minecraft:simple_block_6281#facing=west
[22:17:40] [ForkJoinPool.commonPool-worker-3/WARN] No weighted models for: minecraft:simple_block_6281#facing=west
[22:17:40] [ForkJoinPool.commonPool-worker-4/WARN] Missing model for: minecraft:simple_block_6264#facing=east
[22:17:40] [ForkJoinPool.commonPool-worker-4/WARN] No weighted models for: minecraft:simple_block_6264#facing=east
[22:17:40] [ForkJoinPool.commonPool-worker-3/WARN] Missing model for: minecraft:simple_block_6237#facing=south
[22:17:40] [ForkJoinPool.commonPool-worker-2/WARN] Missing model for: minecraft:simple_block_6223#facing=south
[22:17:40] [ForkJoinPool.commonPool-worker-3/WARN] No weighted models for: minecraft:simple_block_6237#facing=south
[22:17:40] [ForkJoinPool.commonPool-worker-2/WARN] No weighted models for: minecraft:simple_block_6223#facing=south
[22:17:40] [ForkJoinPool.commonPool-worker-2/WARN] Missing model for: minecraft:simple_block_6161#facing=south
[22:17:40] [ForkJoinPool.commonPool-worker-2/WARN] No weighted models for: minecraft:simple_block_6161#facing=south
[22:17:40] [ForkJoinPool.commonPool-worker-3/WARN] Missing model for: minecraft:simple_block_6224#facing=east
[22:17:40] [ForkJoinPool.commonPool-worker-3/WARN] No weighted models for: minecraft:simple_block_6224#facing=east
[22:17:40] [ForkJoinPool.commonPool-worker-2/WARN] Missing model for: minecraft:simple_block_6223#facing=west
[22:17:40] [ForkJoinPool.commonPool-worker-2/WARN] No weighted models for: minecraft:simple_block_6223#facing=west
[22:17:40] [ForkJoinPool.commonPool-worker-3/WARN] Missing model for: minecraft:simple_block_6318#facing=south
[22:17:40] [ForkJoinPool.commonPool-worker-3/WARN] No weighted models for: minecraft:simple_block_6318#facing=south
[22:17:40] [ForkJoinPool.commonPool-worker-3/WARN] Missing model for: minecraft:simple_block_6305#facing=east
[22:17:40] [ForkJoinPool.commonPool-worker-3/WARN] No weighted models for: minecraft:simple_block_6305#facing=east
[22:17:40] [ForkJoinPool.commonPool-worker-4/WARN] Missing model for: minecraft:simple_block_6251#facing=east
[22:17:40] [ForkJoinPool.commonPool-worker-4/WARN] No weighted models for: minecraft:simple_block_6251#facing=east
[22:17:40] [ForkJoinPool.commonPool-worker-4/WARN] Missing model for: minecraft:simple_block_6293#facing=south
[22:17:40] [ForkJoinPool.commonPool-worker-4/WARN] No weighted models for: minecraft:simple_block_6293#facing=south
[22:17:40] [ForkJoinPool.commonPool-worker-7/WARN] Missing model for: minecraft:simple_block_6330#facing=east
[22:17:40] [ForkJoinPool.commonPool-worker-7/WARN] No weighted models for: minecraft:simple_block_6330#facing=east
[22:17:40] [ForkJoinPool.commonPool-worker-4/WARN] Missing model for: minecraft:simple_block_6301#facing=east
[22:17:40] [ForkJoinPool.commonPool-worker-4/WARN] No weighted models for: minecraft:simple_block_6301#facing=east
[22:17:40] [ForkJoinPool.commonPool-worker-4/WARN] Missing model for: minecraft:simple_block_6188#facing=south
[22:17:40] [ForkJoinPool.commonPool-worker-4/WARN] No weighted models for: minecraft:simple_block_6188#facing=south
[22:17:40] [ForkJoinPool.commonPool-worker-4/WARN] Missing model for: minecraft:simple_block_6287#facing=east
[22:17:40] [ForkJoinPool.commonPool-worker-4/WARN] No weighted models for: minecraft:simple_block_6287#facing=east
[22:17:40] [ForkJoinPool.commonPool-worker-4/WARN] Missing model for: minecraft:simple_block_6185#facing=west
[22:17:40] [ForkJoinPool.commonPool-worker-4/WARN] No weighted models for: minecraft:simple_block_6185#facing=west
[22:17:40] [ForkJoinPool.commonPool-worker-3/WARN] Missing model for: minecraft:simple_block_6203#facing=east
[22:17:40] [ForkJoinPool.commonPool-worker-3/WARN] No weighted models for: minecraft:simple_block_6203#facing=east
[22:17:40] [ForkJoinPool.commonPool-worker-2/WARN] Missing model for: minecraft:simple_block_6196#facing=east
[22:17:40] [ForkJoinPool.commonPool-worker-2/WARN] No weighted models for: minecraft:simple_block_6196#facing=east
[22:17:40] [ForkJoinPool.commonPool-worker-2/WARN] Missing model for: minecraft:simple_block_6316#facing=east
[22:17:40] [ForkJoinPool.commonPool-worker-2/WARN] No weighted models for: minecraft:simple_block_6316#facing=east
[22:17:40] [ForkJoinPool.commonPool-worker-3/WARN] Missing model for: minecraft:simple_block_6313#facing=south
[22:17:40] [ForkJoinPool.commonPool-worker-3/WARN] No weighted models for: minecraft:simple_block_6313#facing=south
[22:17:40] [ForkJoinPool.commonPool-worker-3/WARN] Missing model for: minecraft:simple_block_6182#facing=north
[22:17:40] [ForkJoinPool.commonPool-worker-3/WARN] No weighted models for: minecraft:simple_block_6182#facing=north
[22:17:40] [ForkJoinPool.commonPool-worker-3/WARN] Missing model for: minecraft:simple_block_6286#facing=east
[22:17:40] [ForkJoinPool.commonPool-worker-3/WARN] No weighted models for: minecraft:simple_block_6286#facing=east
[22:17:40] [ForkJoinPool.commonPool-worker-3/WARN] Missing model for: minecraft:simple_block_6260#facing=east
[22:17:40] [ForkJoinPool.commonPool-worker-3/WARN] No weighted models for: minecraft:simple_block_6260#facing=east
[22:17:40] [ForkJoinPool.commonPool-worker-4/WARN] Missing model for: minecraft:simple_block_6245#facing=east
[22:17:40] [ForkJoinPool.commonPool-worker-4/WARN] No weighted models for: minecraft:simple_block_6245#facing=east
[22:17:40] [ForkJoinPool.commonPool-worker-4/WARN] Missing model for: minecraft:simple_block_6175#facing=west
[22:17:40] [ForkJoinPool.commonPool-worker-4/WARN] No weighted models for: minecraft:simple_block_6175#facing=west
[22:17:40] [ForkJoinPool.commonPool-worker-4/WARN] Missing model for: minecraft:simple_block_6301#facing=north
[22:17:40] [ForkJoinPool.commonPool-worker-4/WARN] No weighted models for: minecraft:simple_block_6301#facing=north
[22:17:40] [ForkJoinPool.commonPool-worker-2/WARN] Missing model for: minecraft:simple_block_6259#facing=south
[22:17:40] [ForkJoinPool.commonPool-worker-2/WARN] No weighted models for: minecraft:simple_block_6259#facing=south
[22:17:40] [ForkJoinPool.commonPool-worker-7/WARN] Missing model for: minecraft:simple_block_6262#facing=north
[22:17:40] [ForkJoinPool.commonPool-worker-7/WARN] No weighted models for: minecraft:simple_block_6262#facing=north
[22:17:40] [ForkJoinPool.commonPool-worker-2/WARN] Missing model for: minecraft:simple_block_6225#facing=north
[22:17:40] [ForkJoinPool.commonPool-worker-2/WARN] No weighted models for: minecraft:simple_block_6225#facing=north
[22:17:40] [ForkJoinPool.commonPool-worker-2/WARN] Missing model for: minecraft:simple_block_6167#facing=south
[22:17:40] [ForkJoinPool.commonPool-worker-2/WARN] No weighted models for: minecraft:simple_block_6167#facing=south
[22:17:40] [ForkJoinPool.commonPool-worker-2/WARN] Missing model for: minecraft:simple_block_6317#facing=north
[22:17:40] [ForkJoinPool.commonPool-worker-2/WARN] No weighted models for: minecraft:simple_block_6317#facing=north
[22:17:40] [ForkJoinPool.commonPool-worker-7/WARN] Missing model for: minecraft:simple_block_6298#facing=north
[22:17:40] [ForkJoinPool.commonPool-worker-7/WARN] No weighted models for: minecraft:simple_block_6298#facing=north
[22:17:40] [ForkJoinPool.commonPool-worker-4/WARN] Missing model for: minecraft:simple_block_6298#facing=west
[22:17:40] [ForkJoinPool.commonPool-worker-4/WARN] No weighted models for: minecraft:simple_block_6298#facing=west
[22:17:40] [ForkJoinPool.commonPool-worker-2/WARN] Missing model for: minecraft:simple_block_6292#facing=west
[22:17:40] [ForkJoinPool.commonPool-worker-2/WARN] No weighted models for: minecraft:simple_block_6292#facing=west
[22:17:40] [ForkJoinPool.commonPool-worker-3/WARN] Missing model for: minecraft:simple_block_6211#facing=south
[22:17:40] [ForkJoinPool.commonPool-worker-3/WARN] No weighted models for: minecraft:simple_block_6211#facing=south
[22:17:40] [ForkJoinPool.commonPool-worker-2/WARN] Missing model for: minecraft:simple_block_6269#facing=south
[22:17:40] [ForkJoinPool.commonPool-worker-2/WARN] No weighted models for: minecraft:simple_block_6269#facing=south
[22:17:40] [ForkJoinPool.commonPool-worker-2/WARN] Missing model for: minecraft:simple_block_6233#facing=south
[22:17:40] [ForkJoinPool.commonPool-worker-2/WARN] No weighted models for: minecraft:simple_block_6233#facing=south
[22:17:40] [ForkJoinPool.commonPool-worker-3/WARN] Missing model for: minecraft:simple_block_6250#facing=east
[22:17:40] [ForkJoinPool.commonPool-worker-3/WARN] No weighted models for: minecraft:simple_block_6250#facing=east
[22:17:40] [ForkJoinPool.commonPool-worker-3/WARN] Missing model for: minecraft:simple_block_6328#facing=south
[22:17:40] [ForkJoinPool.commonPool-worker-3/WARN] No weighted models for: minecraft:simple_block_6328#facing=south
[22:17:40] [ForkJoinPool.commonPool-worker-7/WARN] Missing model for: minecraft:simple_block_6314#facing=south
[22:17:40] [ForkJoinPool.commonPool-worker-7/WARN] No weighted models for: minecraft:simple_block_6314#facing=south
[22:17:40] [ForkJoinPool.commonPool-worker-4/WARN] Missing model for: minecraft:simple_block_6319#facing=east
[22:17:40] [ForkJoinPool.commonPool-worker-4/WARN] No weighted models for: minecraft:simple_block_6319#facing=east
[22:17:40] [ForkJoinPool.commonPool-worker-3/WARN] Missing model for: minecraft:simple_block_6294#facing=south
[22:17:40] [ForkJoinPool.commonPool-worker-3/WARN] No weighted models for: minecraft:simple_block_6294#facing=south
[22:17:40] [ForkJoinPool.commonPool-worker-2/WARN] Missing model for: minecraft:simple_block_6272#facing=east
[22:17:40] [ForkJoinPool.commonPool-worker-2/WARN] No weighted models for: minecraft:simple_block_6272#facing=east
[22:17:40] [ForkJoinPool.commonPool-worker-4/WARN] Missing model for: minecraft:simple_block_6262#facing=west
[22:17:40] [ForkJoinPool.commonPool-worker-4/WARN] No weighted models for: minecraft:simple_block_6262#facing=west
[22:17:40] [ForkJoinPool.commonPool-worker-4/WARN] Missing model for: minecraft:simple_block_6170#facing=north
[22:17:40] [ForkJoinPool.commonPool-worker-4/WARN] No weighted models for: minecraft:simple_block_6170#facing=north
[22:17:40] [ForkJoinPool.commonPool-worker-4/WARN] Missing model for: minecraft:simple_block_6287#facing=north
[22:17:40] [ForkJoinPool.commonPool-worker-2/WARN] Missing model for: minecraft:simple_block_6282#facing=east
[22:17:40] [ForkJoinPool.commonPool-worker-2/WARN] No weighted models for: minecraft:simple_block_6282#facing=east
[22:17:40] [ForkJoinPool.commonPool-worker-4/WARN] No weighted models for: minecraft:simple_block_6287#facing=north
[22:17:40] [ForkJoinPool.commonPool-worker-7/WARN] Missing model for: minecraft:simple_block_6285#facing=north
[22:17:40] [ForkJoinPool.commonPool-worker-7/WARN] No weighted models for: minecraft:simple_block_6285#facing=north
[22:17:40] [ForkJoinPool.commonPool-worker-2/WARN] Missing model for: minecraft:simple_block_6181#facing=north
[22:17:40] [ForkJoinPool.commonPool-worker-2/WARN] No weighted models for: minecraft:simple_block_6181#facing=north
[22:17:40] [ForkJoinPool.commonPool-worker-4/WARN] Missing model for: minecraft:simple_block_6243#facing=north
[22:17:40] [ForkJoinPool.commonPool-worker-4/WARN] No weighted models for: minecraft:simple_block_6243#facing=north
[22:17:40] [ForkJoinPool.commonPool-worker-3/WARN] Missing model for: minecraft:simple_block_6234#facing=east
[22:17:40] [ForkJoinPool.commonPool-worker-3/WARN] No weighted models for: minecraft:simple_block_6234#facing=east
[22:17:40] [ForkJoinPool.commonPool-worker-4/WARN] Missing model for: minecraft:simple_block_6179#facing=east
[22:17:40] [ForkJoinPool.commonPool-worker-4/WARN] No weighted models for: minecraft:simple_block_6179#facing=east
[22:17:40] [ForkJoinPool.commonPool-worker-7/WARN] Missing model for: minecraft:simple_block_6304#facing=west
[22:17:40] [ForkJoinPool.commonPool-worker-4/WARN] Missing model for: minecraft:simple_block_6279#facing=north
[22:17:40] [ForkJoinPool.commonPool-worker-4/WARN] No weighted models for: minecraft:simple_block_6279#facing=north
[22:17:40] [ForkJoinPool.commonPool-worker-7/WARN] No weighted models for: minecraft:simple_block_6304#facing=west
[22:17:40] [ForkJoinPool.commonPool-worker-7/WARN] Missing model for: minecraft:simple_block_6317#facing=west
[22:17:40] [ForkJoinPool.commonPool-worker-7/WARN] No weighted models for: minecraft:simple_block_6317#facing=west
[22:17:40] [ForkJoinPool.commonPool-worker-7/WARN] Missing model for: minecraft:simple_block_6272#facing=north
[22:17:40] [ForkJoinPool.commonPool-worker-7/WARN] No weighted models for: minecraft:simple_block_6272#facing=north
[22:17:40] [ForkJoinPool.commonPool-worker-4/WARN] Missing model for: minecraft:simple_block_6293#facing=west
[22:17:40] [ForkJoinPool.commonPool-worker-4/WARN] No weighted models for: minecraft:simple_block_6293#facing=west
[22:17:40] [ForkJoinPool.commonPool-worker-4/WARN] Missing model for: minecraft:simple_block_6296#facing=south
[22:17:40] [ForkJoinPool.commonPool-worker-4/WARN] No weighted models for: minecraft:simple_block_6296#facing=south
[22:17:40] [ForkJoinPool.commonPool-worker-4/WARN] Missing model for: minecraft:simple_block_6274#facing=north
[22:17:40] [ForkJoinPool.commonPool-worker-4/WARN] No weighted models for: minecraft:simple_block_6274#facing=north
[22:17:40] [ForkJoinPool.commonPool-worker-2/WARN] Missing model for: minecraft:simple_block_6215#facing=north
[22:17:40] [ForkJoinPool.commonPool-worker-2/WARN] No weighted models for: minecraft:simple_block_6215#facing=north
[22:17:40] [ForkJoinPool.commonPool-worker-7/WARN] Missing model for: minecraft:simple_block_6225#facing=east
[22:17:40] [ForkJoinPool.commonPool-worker-7/WARN] No weighted models for: minecraft:simple_block_6225#facing=east
[22:17:40] [ForkJoinPool.commonPool-worker-2/WARN] Missing model for: minecraft:simple_block_6282#facing=west
[22:17:40] [ForkJoinPool.commonPool-worker-2/WARN] No weighted models for: minecraft:simple_block_6282#facing=west
[22:17:40] [ForkJoinPool.commonPool-worker-2/WARN] Missing model for: minecraft:simple_block_6157#facing=south
[22:17:40] [ForkJoinPool.commonPool-worker-2/WARN] No weighted models for: minecraft:simple_block_6157#facing=south
[22:17:40] [ForkJoinPool.commonPool-worker-7/WARN] Missing model for: minecraft:simple_block_6242#facing=north
[22:17:40] [ForkJoinPool.commonPool-worker-7/WARN] No weighted models for: minecraft:simple_block_6242#facing=north
[22:17:40] [ForkJoinPool.commonPool-worker-7/WARN] Missing model for: minecraft:simple_block_6304#facing=south
[22:17:40] [ForkJoinPool.commonPool-worker-7/WARN] No weighted models for: minecraft:simple_block_6304#facing=south
[22:17:40] [ForkJoinPool.commonPool-worker-4/WARN] Missing model for: minecraft:simple_block_6205#facing=south
[22:17:40] [ForkJoinPool.commonPool-worker-4/WARN] No weighted models for: minecraft:simple_block_6205#facing=south
[22:17:40] [ForkJoinPool.commonPool-worker-4/WARN] Missing model for: minecraft:simple_block_6310#facing=north
[22:17:40] [ForkJoinPool.commonPool-worker-4/WARN] No weighted models for: minecraft:simple_block_6310#facing=north
[22:17:40] [ForkJoinPool.commonPool-worker-4/WARN] Missing model for: minecraft:simple_block_6202#facing=west
[22:17:40] [ForkJoinPool.commonPool-worker-4/WARN] No weighted models for: minecraft:simple_block_6202#facing=west
[22:17:40] [ForkJoinPool.commonPool-worker-3/WARN] Missing model for: minecraft:simple_block_6320#facing=west
[22:17:40] [ForkJoinPool.commonPool-worker-3/WARN] No weighted models for: minecraft:simple_block_6320#facing=west
[22:17:40] [ForkJoinPool.commonPool-worker-2/WARN] Missing model for: minecraft:simple_block_6170#facing=east
[22:17:40] [ForkJoinPool.commonPool-worker-2/WARN] No weighted models for: minecraft:simple_block_6170#facing=east
[22:17:40] [ForkJoinPool.commonPool-worker-4/WARN] Missing model for: minecraft:simple_block_6163#facing=east
[22:17:40] [ForkJoinPool.commonPool-worker-4/WARN] No weighted models for: minecraft:simple_block_6163#facing=east
[22:17:40] [ForkJoinPool.commonPool-worker-4/WARN] Missing model for: minecraft:simple_block_6244#facing=east
[22:17:40] [ForkJoinPool.commonPool-worker-4/WARN] No weighted models for: minecraft:simple_block_6244#facing=east
[22:17:40] [ForkJoinPool.commonPool-worker-2/WARN] Missing model for: minecraft:simple_block_6246#facing=west
[22:17:40] [ForkJoinPool.commonPool-worker-2/WARN] No weighted models for: minecraft:simple_block_6246#facing=west
[22:17:40] [ForkJoinPool.commonPool-worker-4/WARN] Missing model for: minecraft:simple_block_6231#facing=east
[22:17:40] [ForkJoinPool.commonPool-worker-4/WARN] No weighted models for: minecraft:simple_block_6231#facing=east
[22:17:40] [ForkJoinPool.commonPool-worker-3/WARN] Missing model for: minecraft:simple_block_6214#facing=east
[22:17:40] [ForkJoinPool.commonPool-worker-3/WARN] No weighted models for: minecraft:simple_block_6214#facing=east
[22:17:40] [ForkJoinPool.commonPool-worker-2/WARN] Missing model for: minecraft:simple_block_6258#facing=north
[22:17:40] [ForkJoinPool.commonPool-worker-2/WARN] No weighted models for: minecraft:simple_block_6258#facing=north
[22:17:40] [ForkJoinPool.commonPool-worker-2/WARN] Missing model for: minecraft:simple_block_6239#facing=south
[22:17:40] [ForkJoinPool.commonPool-worker-2/WARN] No weighted models for: minecraft:simple_block_6239#facing=south
[22:17:40] [ForkJoinPool.commonPool-worker-3/WARN] Missing model for: minecraft:simple_block_6162#facing=south
[22:17:40] [ForkJoinPool.commonPool-worker-3/WARN] No weighted models for: minecraft:simple_block_6162#facing=south
[22:17:40] [ForkJoinPool.commonPool-worker-2/WARN] Missing model for: minecraft:simple_block_6197#facing=south
[22:17:40] [ForkJoinPool.commonPool-worker-2/WARN] No weighted models for: minecraft:simple_block_6197#facing=south
[22:17:40] [ForkJoinPool.commonPool-worker-3/WARN] Missing model for: minecraft:simple_block_6240#facing=east
[22:17:40] [ForkJoinPool.commonPool-worker-3/WARN] No weighted models for: minecraft:simple_block_6240#facing=east
[22:17:40] [ForkJoinPool.commonPool-worker-4/WARN] Missing model for: minecraft:simple_block_6326#facing=north
[22:17:40] [ForkJoinPool.commonPool-worker-4/WARN] No weighted models for: minecraft:simple_block_6326#facing=north
[22:17:40] [ForkJoinPool.commonPool-worker-4/WARN] Missing model for: minecraft:simple_block_6158#facing=south
[22:17:40] [ForkJoinPool.commonPool-worker-4/WARN] No weighted models for: minecraft:simple_block_6158#facing=south
[22:17:40] [ForkJoinPool.commonPool-worker-2/WARN] Missing model for: minecraft:simple_block_6184#facing=south
[22:17:40] [ForkJoinPool.commonPool-worker-2/WARN] No weighted models for: minecraft:simple_block_6184#facing=south
[22:17:40] [ForkJoinPool.commonPool-worker-2/WARN] Missing model for: minecraft:simple_block_6288#facing=east
[22:17:40] [ForkJoinPool.commonPool-worker-2/WARN] No weighted models for: minecraft:simple_block_6288#facing=east
[22:17:40] [ForkJoinPool.commonPool-worker-3/WARN] Missing model for: minecraft:simple_block_6196#facing=west
[22:17:40] [ForkJoinPool.commonPool-worker-3/WARN] No weighted models for: minecraft:simple_block_6196#facing=west
[22:17:40] [ForkJoinPool.commonPool-worker-2/WARN] Missing model for: minecraft:simple_block_6161#facing=west
[22:17:40] [ForkJoinPool.commonPool-worker-2/WARN] No weighted models for: minecraft:simple_block_6161#facing=west
[22:17:40] [ForkJoinPool.commonPool-worker-4/WARN] Missing model for: minecraft:simple_block_6321#facing=east
[22:17:40] [ForkJoinPool.commonPool-worker-4/WARN] No weighted models for: minecraft:simple_block_6321#facing=east
[22:17:40] [ForkJoinPool.commonPool-worker-4/WARN] Missing model for: minecraft:simple_block_6161#facing=east
[22:17:40] [ForkJoinPool.commonPool-worker-3/WARN] Missing model for: minecraft:simple_block_6224#facing=west
[22:17:40] [ForkJoinPool.commonPool-worker-4/WARN] No weighted models for: minecraft:simple_block_6161#facing=east
[22:17:40] [ForkJoinPool.commonPool-worker-3/WARN] No weighted models for: minecraft:simple_block_6224#facing=west
[22:17:40] [ForkJoinPool.commonPool-worker-2/WARN] Missing model for: minecraft:simple_block_6200#facing=west
[22:17:40] [ForkJoinPool.commonPool-worker-2/WARN] No weighted models for: minecraft:simple_block_6200#facing=west
[22:17:40] [ForkJoinPool.commonPool-worker-2/WARN] Missing model for: minecraft:simple_block_6226#facing=south
[22:17:40] [ForkJoinPool.commonPool-worker-2/WARN] No weighted models for: minecraft:simple_block_6226#facing=south
[22:17:40] [ForkJoinPool.commonPool-worker-2/WARN] Missing model for: minecraft:simple_block_6245#facing=north
[22:17:40] [ForkJoinPool.commonPool-worker-2/WARN] No weighted models for: minecraft:simple_block_6245#facing=north
[22:17:40] [ForkJoinPool.commonPool-worker-4/WARN] Missing model for: minecraft:simple_block_6265#facing=south
[22:17:40] [ForkJoinPool.commonPool-worker-4/WARN] No weighted models for: minecraft:simple_block_6265#facing=south
[22:17:40] [ForkJoinPool.commonPool-worker-3/WARN] Missing model for: minecraft:simple_block_6271#facing=west
[22:17:40] [ForkJoinPool.commonPool-worker-3/WARN] No weighted models for: minecraft:simple_block_6271#facing=west
[22:17:40] [ForkJoinPool.commonPool-worker-7/WARN] Missing model for: minecraft:simple_block_6229#facing=west
[22:17:40] [ForkJoinPool.commonPool-worker-7/WARN] No weighted models for: minecraft:simple_block_6229#facing=west
[22:17:40] [ForkJoinPool.commonPool-worker-3/WARN] Missing model for: minecraft:simple_block_6221#facing=north
[22:17:40] [ForkJoinPool.commonPool-worker-3/WARN] No weighted models for: minecraft:simple_block_6221#facing=north
[22:17:40] [ForkJoinPool.commonPool-worker-4/WARN] Missing model for: minecraft:simple_block_6213#facing=east
[22:17:40] [ForkJoinPool.commonPool-worker-4/WARN] No weighted models for: minecraft:simple_block_6213#facing=east
[22:17:40] [ForkJoinPool.commonPool-worker-4/WARN] Missing model for: minecraft:simple_block_6278#facing=south
[22:17:40] [ForkJoinPool.commonPool-worker-4/WARN] No weighted models for: minecraft:simple_block_6278#facing=south
[22:17:40] [ForkJoinPool.commonPool-worker-4/WARN] Missing model for: minecraft:simple_block_6270#facing=west
[22:17:40] [ForkJoinPool.commonPool-worker-3/WARN] Missing model for: minecraft:simple_block_6227#facing=south
[22:17:40] [ForkJoinPool.commonPool-worker-4/WARN] No weighted models for: minecraft:simple_block_6270#facing=west
[22:17:40] [ForkJoinPool.commonPool-worker-3/WARN] No weighted models for: minecraft:simple_block_6227#facing=south
[22:17:40] [ForkJoinPool.commonPool-worker-3/WARN] Missing model for: minecraft:simple_block_6257#facing=north
[22:17:40] [ForkJoinPool.commonPool-worker-3/WARN] No weighted models for: minecraft:simple_block_6257#facing=north
[22:17:40] [ForkJoinPool.commonPool-worker-4/WARN] Missing model for: minecraft:simple_block_6174#facing=east
[22:17:40] [ForkJoinPool.commonPool-worker-4/WARN] No weighted models for: minecraft:simple_block_6174#facing=east
[22:17:40] [ForkJoinPool.commonPool-worker-4/WARN] Missing model for: minecraft:simple_block_6195#facing=south
[22:17:40] [ForkJoinPool.commonPool-worker-4/WARN] No weighted models for: minecraft:simple_block_6195#facing=south
[22:17:40] [ForkJoinPool.commonPool-worker-2/WARN] Missing model for: minecraft:simple_block_6205#facing=east
[22:17:40] [ForkJoinPool.commonPool-worker-2/WARN] No weighted models for: minecraft:simple_block_6205#facing=east
[22:17:40] [ForkJoinPool.commonPool-worker-3/WARN] Missing model for: minecraft:simple_block_6276#facing=east
[22:17:40] [ForkJoinPool.commonPool-worker-3/WARN] No weighted models for: minecraft:simple_block_6276#facing=east
[22:17:40] [ForkJoinPool.commonPool-worker-2/WARN] Missing model for: minecraft:simple_block_6259#facing=west
[22:17:40] [ForkJoinPool.commonPool-worker-2/WARN] No weighted models for: minecraft:simple_block_6259#facing=west
[22:17:40] [ForkJoinPool.commonPool-worker-4/WARN] Missing model for: minecraft:simple_block_6276#facing=north
[22:17:40] [ForkJoinPool.commonPool-worker-4/WARN] No weighted models for: minecraft:simple_block_6276#facing=north
[22:17:40] [ForkJoinPool.commonPool-worker-7/WARN] Missing model for: minecraft:simple_block_6203#facing=west
[22:17:40] [ForkJoinPool.commonPool-worker-7/WARN] No weighted models for: minecraft:simple_block_6203#facing=west
[22:17:40] [ForkJoinPool.commonPool-worker-7/WARN] Missing model for: minecraft:simple_block_6181#facing=west
[22:17:40] [ForkJoinPool.commonPool-worker-7/WARN] No weighted models for: minecraft:simple_block_6181#facing=west
[22:17:40] [ForkJoinPool.commonPool-worker-3/WARN] Missing model for: minecraft:simple_block_6302#facing=south
[22:17:40] [ForkJoinPool.commonPool-worker-3/WARN] No weighted models for: minecraft:simple_block_6302#facing=south
[22:17:40] [ForkJoinPool.commonPool-worker-4/WARN] Missing model for: minecraft:simple_block_6192#facing=west
[22:17:40] [ForkJoinPool.commonPool-worker-4/WARN] No weighted models for: minecraft:simple_block_6192#facing=west
[22:17:40] [ForkJoinPool.commonPool-worker-7/WARN] Missing model for: minecraft:simple_block_6238#facing=east
[22:17:40] [ForkJoinPool.commonPool-worker-7/WARN] No weighted models for: minecraft:simple_block_6238#facing=east
[22:17:40] [ForkJoinPool.commonPool-worker-4/WARN] Missing model for: minecraft:simple_block_6240#facing=north
[22:17:40] [ForkJoinPool.commonPool-worker-4/WARN] No weighted models for: minecraft:simple_block_6240#facing=north
[22:17:40] [ForkJoinPool.commonPool-worker-3/WARN] Missing model for: minecraft:simple_block_6325#facing=east
[22:17:40] [ForkJoinPool.commonPool-worker-3/WARN] No weighted models for: minecraft:simple_block_6325#facing=east
[22:17:40] [ForkJoinPool.commonPool-worker-4/WARN] Missing model for: minecraft:simple_block_6263#facing=north
[22:17:40] [ForkJoinPool.commonPool-worker-4/WARN] No weighted models for: minecraft:simple_block_6263#facing=north
[22:17:40] [ForkJoinPool.commonPool-worker-2/WARN] Missing model for: minecraft:simple_block_6226#facing=west
[22:17:40] [ForkJoinPool.commonPool-worker-2/WARN] No weighted models for: minecraft:simple_block_6226#facing=west
[22:17:40] [ForkJoinPool.commonPool-worker-2/WARN] Missing model for: minecraft:simple_block_6187#facing=south
[22:17:40] [ForkJoinPool.commonPool-worker-2/WARN] No weighted models for: minecraft:simple_block_6187#facing=south
[22:17:40] [ForkJoinPool.commonPool-worker-2/WARN] Missing model for: minecraft:simple_block_6228#facing=east
[22:17:40] [ForkJoinPool.commonPool-worker-2/WARN] No weighted models for: minecraft:simple_block_6228#facing=east
[22:17:40] [ForkJoinPool.commonPool-worker-3/WARN] Missing model for: minecraft:simple_block_6247#facing=north
[22:17:40] [ForkJoinPool.commonPool-worker-3/WARN] No weighted models for: minecraft:simple_block_6247#facing=north
[22:17:40] [ForkJoinPool.commonPool-worker-2/WARN] Missing model for: minecraft:simple_block_6298#facing=east
[22:17:40] [ForkJoinPool.commonPool-worker-2/WARN] No weighted models for: minecraft:simple_block_6298#facing=east
[22:17:40] [ForkJoinPool.commonPool-worker-2/WARN] Missing model for: minecraft:simple_block_6285#facing=east
[22:17:40] [ForkJoinPool.commonPool-worker-2/WARN] No weighted models for: minecraft:simple_block_6285#facing=east
[22:17:40] [ForkJoinPool.commonPool-worker-4/WARN] Missing model for: minecraft:simple_block_6275#facing=west
[22:17:40] [ForkJoinPool.commonPool-worker-4/WARN] No weighted models for: minecraft:simple_block_6275#facing=west
[22:17:40] [ForkJoinPool.commonPool-worker-2/WARN] Missing model for: minecraft:simple_block_6324#facing=south
[22:17:40] [ForkJoinPool.commonPool-worker-2/WARN] No weighted models for: minecraft:simple_block_6324#facing=south
[22:17:40] [ForkJoinPool.commonPool-worker-2/WARN] Missing model for: minecraft:simple_block_6202#facing=east
[22:17:40] [ForkJoinPool.commonPool-worker-2/WARN] No weighted models for: minecraft:simple_block_6202#facing=east
[22:17:40] [ForkJoinPool.commonPool-worker-7/WARN] Missing model for: minecraft:simple_block_6191#facing=west
[22:17:40] [ForkJoinPool.commonPool-worker-7/WARN] No weighted models for: minecraft:simple_block_6191#facing=west
[22:17:40] [ForkJoinPool.commonPool-worker-4/WARN] Missing model for: minecraft:simple_block_6218#facing=west
[22:17:40] [ForkJoinPool.commonPool-worker-4/WARN] No weighted models for: minecraft:simple_block_6218#facing=west
[22:17:40] [ForkJoinPool.commonPool-worker-7/WARN] Missing model for: minecraft:simple_block_6239#facing=west
[22:17:40] [ForkJoinPool.commonPool-worker-7/WARN] No weighted models for: minecraft:simple_block_6239#facing=west
[22:17:40] [ForkJoinPool.commonPool-worker-2/WARN] Missing model for: minecraft:simple_block_6301#facing=south
[22:17:40] [ForkJoinPool.commonPool-worker-2/WARN] No weighted models for: minecraft:simple_block_6301#facing=south
[22:17:40] [ForkJoinPool.commonPool-worker-2/WARN] Missing model for: minecraft:simple_block_6275#facing=east
[22:17:40] [ForkJoinPool.commonPool-worker-2/WARN] No weighted models for: minecraft:simple_block_6275#facing=east
[22:17:40] [ForkJoinPool.commonPool-worker-3/WARN] Missing model for: minecraft:simple_block_6319#facing=west
[22:17:40] [ForkJoinPool.commonPool-worker-3/WARN] No weighted models for: minecraft:simple_block_6319#facing=west
[22:17:40] [ForkJoinPool.commonPool-worker-4/WARN] Missing model for: minecraft:simple_block_6249#facing=east
[22:17:40] [ForkJoinPool.commonPool-worker-4/WARN] No weighted models for: minecraft:simple_block_6249#facing=east
[22:17:40] [ForkJoinPool.commonPool-worker-3/WARN] Missing model for: minecraft:simple_block_6244#facing=west
[22:17:40] [ForkJoinPool.commonPool-worker-3/WARN] No weighted models for: minecraft:simple_block_6244#facing=west
[22:17:40] [ForkJoinPool.commonPool-worker-3/WARN] Missing model for: minecraft:simple_block_6176#facing=west
[22:17:40] [ForkJoinPool.commonPool-worker-3/WARN] No weighted models for: minecraft:simple_block_6176#facing=west
[22:17:40] [ForkJoinPool.commonPool-worker-2/WARN] Missing model for: minecraft:simple_block_6236#facing=south
[22:17:40] [ForkJoinPool.commonPool-worker-2/WARN] No weighted models for: minecraft:simple_block_6236#facing=south
[22:17:40] [ForkJoinPool.commonPool-worker-4/WARN] Missing model for: minecraft:simple_block_6168#facing=west
[22:17:40] [ForkJoinPool.commonPool-worker-4/WARN] No weighted models for: minecraft:simple_block_6168#facing=west
[22:17:40] [ForkJoinPool.commonPool-worker-3/WARN] Missing model for: minecraft:simple_block_6257#facing=west
[22:17:40] [ForkJoinPool.commonPool-worker-3/WARN] No weighted models for: minecraft:simple_block_6257#facing=west
[22:17:40] [ForkJoinPool.commonPool-worker-4/WARN] Missing model for: minecraft:simple_block_6208#facing=south
[22:17:40] [ForkJoinPool.commonPool-worker-4/WARN] No weighted models for: minecraft:simple_block_6208#facing=south
[22:17:40] [ForkJoinPool.commonPool-worker-2/WARN] Missing model for: minecraft:simple_block_6311#facing=south
[22:17:40] [ForkJoinPool.commonPool-worker-2/WARN] No weighted models for: minecraft:simple_block_6311#facing=south
[22:17:40] [ForkJoinPool.commonPool-worker-2/WARN] Missing model for: minecraft:simple_block_6249#facing=south
[22:17:40] [ForkJoinPool.commonPool-worker-2/WARN] No weighted models for: minecraft:simple_block_6249#facing=south
[22:17:40] [ForkJoinPool.commonPool-worker-3/WARN] Missing model for: minecraft:simple_block_6163#facing=west
[22:17:40] [ForkJoinPool.commonPool-worker-3/WARN] No weighted models for: minecraft:simple_block_6163#facing=west
[22:17:40] [ForkJoinPool.commonPool-worker-3/WARN] Missing model for: minecraft:simple_block_6189#facing=west
[22:17:40] [ForkJoinPool.commonPool-worker-3/WARN] No weighted models for: minecraft:simple_block_6189#facing=west
[22:17:40] [ForkJoinPool.commonPool-worker-4/WARN] Missing model for: minecraft:simple_block_6190#facing=south
[22:17:40] [ForkJoinPool.commonPool-worker-4/WARN] No weighted models for: minecraft:simple_block_6190#facing=south
[22:17:40] [ForkJoinPool.commonPool-worker-3/WARN] Missing model for: minecraft:simple_block_6328#facing=north
[22:17:40] [ForkJoinPool.commonPool-worker-3/WARN] No weighted models for: minecraft:simple_block_6328#facing=north
[22:17:40] [ForkJoinPool.commonPool-worker-4/WARN] Missing model for: minecraft:simple_block_6271#facing=north
[22:17:40] [ForkJoinPool.commonPool-worker-4/WARN] No weighted models for: minecraft:simple_block_6271#facing=north
[22:17:40] [ForkJoinPool.commonPool-worker-4/WARN] Missing model for: minecraft:simple_block_6155#facing=west
[22:17:40] [ForkJoinPool.commonPool-worker-4/WARN] No weighted models for: minecraft:simple_block_6155#facing=west
[22:17:40] [ForkJoinPool.commonPool-worker-3/WARN] Missing model for: minecraft:simple_block_6201#facing=north
[22:17:40] [ForkJoinPool.commonPool-worker-3/WARN] No weighted models for: minecraft:simple_block_6201#facing=north
[22:17:40] [ForkJoinPool.commonPool-worker-7/WARN] Missing model for: minecraft:simple_block_6194#facing=west
[22:17:40] [ForkJoinPool.commonPool-worker-7/WARN] No weighted models for: minecraft:simple_block_6194#facing=west
[22:17:40] [ForkJoinPool.commonPool-worker-2/WARN] Missing model for: minecraft:simple_block_6174#facing=west
[22:17:40] [ForkJoinPool.commonPool-worker-2/WARN] No weighted models for: minecraft:simple_block_6174#facing=west
[22:17:40] [ForkJoinPool.commonPool-worker-4/WARN] Missing model for: minecraft:simple_block_6205#facing=west
[22:17:40] [ForkJoinPool.commonPool-worker-4/WARN] No weighted models for: minecraft:simple_block_6205#facing=west
[22:17:40] [ForkJoinPool.commonPool-worker-4/WARN] Missing model for: minecraft:simple_block_6313#facing=north
[22:17:40] [ForkJoinPool.commonPool-worker-3/WARN] Missing model for: minecraft:simple_block_6315#facing=north
[22:17:40] [ForkJoinPool.commonPool-worker-4/WARN] No weighted models for: minecraft:simple_block_6313#facing=north
[22:17:40] [ForkJoinPool.commonPool-worker-3/WARN] No weighted models for: minecraft:simple_block_6315#facing=north
[22:17:40] [ForkJoinPool.commonPool-worker-7/WARN] Missing model for: minecraft:simple_block_6236#facing=west
[22:17:40] [ForkJoinPool.commonPool-worker-7/WARN] No weighted models for: minecraft:simple_block_6236#facing=west
[22:17:40] [ForkJoinPool.commonPool-worker-7/WARN] Missing model for: minecraft:simple_block_6321#facing=south
[22:17:40] [ForkJoinPool.commonPool-worker-7/WARN] No weighted models for: minecraft:simple_block_6321#facing=south
[22:17:40] [ForkJoinPool.commonPool-worker-2/WARN] Missing model for: minecraft:simple_block_6210#facing=west
[22:17:40] [ForkJoinPool.commonPool-worker-2/WARN] No weighted models for: minecraft:simple_block_6210#facing=west
[22:17:40] [ForkJoinPool.commonPool-worker-7/WARN] Missing model for: minecraft:simple_block_6265#facing=east
[22:17:40] [ForkJoinPool.commonPool-worker-4/WARN] Missing model for: minecraft:simple_block_6321#facing=north
[22:17:40] [ForkJoinPool.commonPool-worker-4/WARN] No weighted models for: minecraft:simple_block_6321#facing=north
[22:17:40] [ForkJoinPool.commonPool-worker-7/WARN] No weighted models for: minecraft:simple_block_6265#facing=east
[22:17:40] [ForkJoinPool.commonPool-worker-2/WARN] Missing model for: minecraft:simple_block_6262#facing=east
[22:17:40] [ForkJoinPool.commonPool-worker-2/WARN] No weighted models for: minecraft:simple_block_6262#facing=east
[22:17:40] [ForkJoinPool.commonPool-worker-2/WARN] Missing model for: minecraft:simple_block_6213#facing=south
[22:17:40] [ForkJoinPool.commonPool-worker-2/WARN] No weighted models for: minecraft:simple_block_6213#facing=south
[22:17:40] [ForkJoinPool.commonPool-worker-3/WARN] Missing model for: minecraft:simple_block_6214#facing=north
[22:17:40] [ForkJoinPool.commonPool-worker-3/WARN] No weighted models for: minecraft:simple_block_6214#facing=north
[22:17:40] [ForkJoinPool.commonPool-worker-4/WARN] Missing model for: minecraft:simple_block_6330#facing=north
[22:17:40] [ForkJoinPool.commonPool-worker-4/WARN] No weighted models for: minecraft:simple_block_6330#facing=north
[22:17:40] [ForkJoinPool.commonPool-worker-2/WARN] Missing model for: minecraft:simple_block_6215#facing=east
[22:17:40] [ForkJoinPool.commonPool-worker-2/WARN] No weighted models for: minecraft:simple_block_6215#facing=east
[22:17:40] [ForkJoinPool.commonPool-worker-2/WARN] Missing model for: minecraft:simple_block_6171#facing=south
[22:17:40] [ForkJoinPool.commonPool-worker-2/WARN] No weighted models for: minecraft:simple_block_6171#facing=south
[22:17:40] [ForkJoinPool.commonPool-worker-3/WARN] Missing model for: minecraft:simple_block_6283#facing=east
[22:17:40] [ForkJoinPool.commonPool-worker-3/WARN] No weighted models for: minecraft:simple_block_6283#facing=east
[22:17:40] [ForkJoinPool.commonPool-worker-7/WARN] Missing model for: minecraft:simple_block_6249#facing=west
[22:17:40] [ForkJoinPool.commonPool-worker-7/WARN] No weighted models for: minecraft:simple_block_6249#facing=west
[22:17:40] [ForkJoinPool.commonPool-worker-3/WARN] Missing model for: minecraft:simple_block_6158#facing=east
[22:17:40] [ForkJoinPool.commonPool-worker-4/WARN] Missing model for: minecraft:simple_block_6254#facing=north
[22:17:40] [ForkJoinPool.commonPool-worker-4/WARN] No weighted models for: minecraft:simple_block_6254#facing=north
[22:17:40] [ForkJoinPool.commonPool-worker-3/WARN] No weighted models for: minecraft:simple_block_6158#facing=east
[22:17:40] [ForkJoinPool.commonPool-worker-3/WARN] Missing model for: minecraft:simple_block_6231#facing=west
[22:17:40] [ForkJoinPool.commonPool-worker-3/WARN] No weighted models for: minecraft:simple_block_6231#facing=west
[22:17:40] [ForkJoinPool.commonPool-worker-7/WARN] Missing model for: minecraft:simple_block_6174#facing=south
[22:17:40] [ForkJoinPool.commonPool-worker-7/WARN] No weighted models for: minecraft:simple_block_6174#facing=south
[22:17:40] [ForkJoinPool.commonPool-worker-4/WARN] Missing model for: minecraft:simple_block_6295#facing=east
[22:17:40] [ForkJoinPool.commonPool-worker-4/WARN] No weighted models for: minecraft:simple_block_6295#facing=east
[22:17:40] [ForkJoinPool.commonPool-worker-3/WARN] Missing model for: minecraft:simple_block_6156#facing=south
[22:17:40] [ForkJoinPool.commonPool-worker-3/WARN] No weighted models for: minecraft:simple_block_6156#facing=south
[22:17:40] [ForkJoinPool.commonPool-worker-4/WARN] Missing model for: minecraft:simple_block_6227#facing=west
[22:17:40] [ForkJoinPool.commonPool-worker-4/WARN] No weighted models for: minecraft:simple_block_6227#facing=west
[22:17:40] [ForkJoinPool.commonPool-worker-2/WARN] Missing model for: minecraft:simple_block_6186#facing=east
[22:17:40] [ForkJoinPool.commonPool-worker-7/WARN] Missing model for: minecraft:simple_block_6218#facing=east
[22:17:40] [ForkJoinPool.commonPool-worker-2/WARN] No weighted models for: minecraft:simple_block_6186#facing=east
[22:17:40] [ForkJoinPool.commonPool-worker-7/WARN] No weighted models for: minecraft:simple_block_6218#facing=east
[22:17:40] [ForkJoinPool.commonPool-worker-3/WARN] Missing model for: minecraft:simple_block_6189#facing=south
[22:17:40] [ForkJoinPool.commonPool-worker-3/WARN] No weighted models for: minecraft:simple_block_6189#facing=south
[22:17:40] [ForkJoinPool.commonPool-worker-7/WARN] Missing model for: minecraft:simple_block_6232#facing=north
[22:17:40] [ForkJoinPool.commonPool-worker-7/WARN] No weighted models for: minecraft:simple_block_6232#facing=north
[22:17:40] [ForkJoinPool.commonPool-worker-7/WARN] Missing model for: minecraft:simple_block_6171#facing=west
[22:17:40] [ForkJoinPool.commonPool-worker-7/WARN] No weighted models for: minecraft:simple_block_6171#facing=west
[22:17:40] [ForkJoinPool.commonPool-worker-3/WARN] Missing model for: minecraft:simple_block_6192#facing=east
[22:17:40] [ForkJoinPool.commonPool-worker-3/WARN] No weighted models for: minecraft:simple_block_6192#facing=east
[22:17:40] [ForkJoinPool.commonPool-worker-7/WARN] Missing model for: minecraft:simple_block_6213#facing=west
[22:17:40] [ForkJoinPool.commonPool-worker-7/WARN] No weighted models for: minecraft:simple_block_6213#facing=west
[22:17:40] [ForkJoinPool.commonPool-worker-3/WARN] Missing model for: minecraft:simple_block_6166#facing=south
[22:17:40] [ForkJoinPool.commonPool-worker-7/WARN] Missing model for: minecraft:simple_block_6216#facing=south
[22:17:40] [ForkJoinPool.commonPool-worker-3/WARN] No weighted models for: minecraft:simple_block_6166#facing=south
[22:17:40] [ForkJoinPool.commonPool-worker-7/WARN] No weighted models for: minecraft:simple_block_6216#facing=south
[22:17:40] [ForkJoinPool.commonPool-worker-3/WARN] Missing model for: minecraft:simple_block_6309#facing=west
[22:17:40] [ForkJoinPool.commonPool-worker-3/WARN] No weighted models for: minecraft:simple_block_6309#facing=west
[22:17:40] [ForkJoinPool.commonPool-worker-7/WARN] Missing model for: minecraft:simple_block_6167#facing=north
[22:17:40] [ForkJoinPool.commonPool-worker-2/WARN] Missing model for: minecraft:simple_block_6208#facing=east
[22:17:40] [ForkJoinPool.commonPool-worker-2/WARN] No weighted models for: minecraft:simple_block_6208#facing=east
[22:17:40] [ForkJoinPool.commonPool-worker-7/WARN] No weighted models for: minecraft:simple_block_6167#facing=north
[22:17:40] [ForkJoinPool.commonPool-worker-3/WARN] Missing model for: minecraft:simple_block_6247#facing=south
[22:17:40] [ForkJoinPool.commonPool-worker-3/WARN] No weighted models for: minecraft:simple_block_6247#facing=south
[22:17:40] [ForkJoinPool.commonPool-worker-2/WARN] Missing model for: minecraft:simple_block_6160#facing=east
[22:17:40] [ForkJoinPool.commonPool-worker-2/WARN] No weighted models for: minecraft:simple_block_6160#facing=east
[22:17:40] [ForkJoinPool.commonPool-worker-4/WARN] Missing model for: minecraft:simple_block_6192#facing=south
[22:17:40] [ForkJoinPool.commonPool-worker-4/WARN] No weighted models for: minecraft:simple_block_6192#facing=south
[22:17:40] [ForkJoinPool.commonPool-worker-3/WARN] Missing model for: minecraft:simple_block_6296#facing=east
[22:17:40] [ForkJoinPool.commonPool-worker-3/WARN] No weighted models for: minecraft:simple_block_6296#facing=east
[22:17:40] [ForkJoinPool.commonPool-worker-3/WARN] Missing model for: minecraft:simple_block_6179#facing=south
[22:17:40] [ForkJoinPool.commonPool-worker-3/WARN] No weighted models for: minecraft:simple_block_6179#facing=south
[22:17:40] [ForkJoinPool.commonPool-worker-3/WARN] Missing model for: minecraft:simple_block_6168#facing=east
[22:17:40] [ForkJoinPool.commonPool-worker-3/WARN] No weighted models for: minecraft:simple_block_6168#facing=east
[22:17:40] [ForkJoinPool.commonPool-worker-2/WARN] Missing model for: minecraft:simple_block_6291#facing=east
[22:17:40] [ForkJoinPool.commonPool-worker-2/WARN] No weighted models for: minecraft:simple_block_6291#facing=east
[22:17:40] [ForkJoinPool.commonPool-worker-7/WARN] Missing model for: minecraft:simple_block_6229#facing=south
[22:17:40] [ForkJoinPool.commonPool-worker-7/WARN] No weighted models for: minecraft:simple_block_6229#facing=south
[22:17:40] [ForkJoinPool.commonPool-worker-2/WARN] Missing model for: minecraft:simple_block_6295#facing=south
[22:17:40] [ForkJoinPool.commonPool-worker-2/WARN] No weighted models for: minecraft:simple_block_6295#facing=south
[22:17:40] [ForkJoinPool.commonPool-worker-4/WARN] Missing model for: minecraft:simple_block_6267#facing=east
[22:17:40] [ForkJoinPool.commonPool-worker-4/WARN] No weighted models for: minecraft:simple_block_6267#facing=east
[22:17:40] [ForkJoinPool.commonPool-worker-2/WARN] Missing model for: minecraft:simple_block_6242#facing=south
[22:17:40] [ForkJoinPool.commonPool-worker-2/WARN] No weighted models for: minecraft:simple_block_6242#facing=south
[22:17:40] [ForkJoinPool.commonPool-worker-2/WARN] Missing model for: minecraft:simple_block_6206#facing=north
[22:17:40] [ForkJoinPool.commonPool-worker-2/WARN] No weighted models for: minecraft:simple_block_6206#facing=north
[22:17:40] [ForkJoinPool.commonPool-worker-7/WARN] Missing model for: minecraft:simple_block_6181#facing=south
[22:17:40] [ForkJoinPool.commonPool-worker-2/WARN] Missing model for: minecraft:simple_block_6171#facing=north
[22:17:40] [ForkJoinPool.commonPool-worker-2/WARN] No weighted models for: minecraft:simple_block_6171#facing=north
[22:17:40] [ForkJoinPool.commonPool-worker-7/WARN] No weighted models for: minecraft:simple_block_6181#facing=south
[22:17:40] [ForkJoinPool.commonPool-worker-2/WARN] Missing model for: minecraft:simple_block_6177#facing=south
[22:17:40] [ForkJoinPool.commonPool-worker-2/WARN] No weighted models for: minecraft:simple_block_6177#facing=south
[22:17:40] [ForkJoinPool.commonPool-worker-3/WARN] Missing model for: minecraft:simple_block_6224#facing=north
[22:17:40] [ForkJoinPool.commonPool-worker-3/WARN] No weighted models for: minecraft:simple_block_6224#facing=north
[22:17:40] [ForkJoinPool.commonPool-worker-4/WARN] Missing model for: minecraft:simple_block_6262#facing=south
[22:17:40] [ForkJoinPool.commonPool-worker-4/WARN] No weighted models for: minecraft:simple_block_6262#facing=south
[22:17:40] [ForkJoinPool.commonPool-worker-4/WARN] Missing model for: minecraft:simple_block_6236#facing=east
[22:17:40] [ForkJoinPool.commonPool-worker-4/WARN] No weighted models for: minecraft:simple_block_6236#facing=east
[22:17:40] [ForkJoinPool.commonPool-worker-7/WARN] Missing model for: minecraft:simple_block_6278#facing=east
[22:17:40] [ForkJoinPool.commonPool-worker-7/WARN] No weighted models for: minecraft:simple_block_6278#facing=east
[22:17:40] [ForkJoinPool.commonPool-worker-7/WARN] Missing model for: minecraft:simple_block_6194#facing=south
[22:17:40] [ForkJoinPool.commonPool-worker-7/WARN] No weighted models for: minecraft:simple_block_6194#facing=south
[22:17:40] [ForkJoinPool.commonPool-worker-2/WARN] Missing model for: minecraft:simple_block_6243#facing=south
[22:17:40] [ForkJoinPool.commonPool-worker-4/WARN] Missing model for: minecraft:simple_block_6306#facing=south
[22:17:40] [ForkJoinPool.commonPool-worker-4/WARN] No weighted models for: minecraft:simple_block_6306#facing=south
[22:17:40] [ForkJoinPool.commonPool-worker-2/WARN] No weighted models for: minecraft:simple_block_6243#facing=south
[22:17:40] [ForkJoinPool.commonPool-worker-4/WARN] Missing model for: minecraft:simple_block_6197#facing=east
[22:17:40] [ForkJoinPool.commonPool-worker-4/WARN] No weighted models for: minecraft:simple_block_6197#facing=east
[22:17:40] [ForkJoinPool.commonPool-worker-2/WARN] Missing model for: minecraft:simple_block_6286#facing=west
[22:17:40] [ForkJoinPool.commonPool-worker-2/WARN] No weighted models for: minecraft:simple_block_6286#facing=west
[22:17:40] [ForkJoinPool.commonPool-worker-7/WARN] Missing model for: minecraft:simple_block_6317#facing=south
[22:17:40] [ForkJoinPool.commonPool-worker-7/WARN] No weighted models for: minecraft:simple_block_6317#facing=south
[22:17:40] [ForkJoinPool.commonPool-worker-7/WARN] Missing model for: minecraft:simple_block_6261#facing=south
[22:17:40] [ForkJoinPool.commonPool-worker-7/WARN] No weighted models for: minecraft:simple_block_6261#facing=south
[22:17:40] [ForkJoinPool.commonPool-worker-2/WARN] Missing model for: minecraft:simple_block_6190#facing=east
[22:17:40] [ForkJoinPool.commonPool-worker-3/WARN] Missing model for: minecraft:simple_block_6237#facing=north
[22:17:40] [ForkJoinPool.commonPool-worker-2/WARN] No weighted models for: minecraft:simple_block_6190#facing=east
[22:17:40] [ForkJoinPool.commonPool-worker-3/WARN] No weighted models for: minecraft:simple_block_6237#facing=north
[22:17:40] [ForkJoinPool.commonPool-worker-2/WARN] Missing model for: minecraft:simple_block_6309#facing=east
[22:17:40] [ForkJoinPool.commonPool-worker-2/WARN] No weighted models for: minecraft:simple_block_6309#facing=east
[22:17:40] [ForkJoinPool.commonPool-worker-4/WARN] Missing model for: minecraft:simple_block_6166#facing=east
[22:17:40] [ForkJoinPool.commonPool-worker-4/WARN] No weighted models for: minecraft:simple_block_6166#facing=east
[22:17:40] [ForkJoinPool.commonPool-worker-2/WARN] Missing model for: minecraft:simple_block_6307#facing=north
[22:17:40] [ForkJoinPool.commonPool-worker-2/WARN] No weighted models for: minecraft:simple_block_6307#facing=north
[22:17:40] [ForkJoinPool.commonPool-worker-4/WARN] Missing model for: minecraft:simple_block_6178#facing=north
[22:17:40] [ForkJoinPool.commonPool-worker-4/WARN] No weighted models for: minecraft:simple_block_6178#facing=north
[22:17:40] [ForkJoinPool.commonPool-worker-7/WARN] Missing model for: minecraft:simple_block_6250#facing=south
[22:17:40] [ForkJoinPool.commonPool-worker-7/WARN] No weighted models for: minecraft:simple_block_6250#facing=south
[22:17:40] [ForkJoinPool.commonPool-worker-2/WARN] Missing model for: minecraft:simple_block_6252#facing=south
[22:17:40] [ForkJoinPool.commonPool-worker-2/WARN] No weighted models for: minecraft:simple_block_6252#facing=south
[22:17:40] [ForkJoinPool.commonPool-worker-7/WARN] Missing model for: minecraft:simple_block_6268#facing=east
[22:17:40] [ForkJoinPool.commonPool-worker-7/WARN] No weighted models for: minecraft:simple_block_6268#facing=east
[22:17:40] [ForkJoinPool.commonPool-worker-7/WARN] Missing model for: minecraft:simple_block_6179#facing=north
[22:17:40] [ForkJoinPool.commonPool-worker-7/WARN] No weighted models for: minecraft:simple_block_6179#facing=north
[22:17:40] [ForkJoinPool.commonPool-worker-2/WARN] Missing model for: minecraft:simple_block_6292#facing=east
[22:17:40] [ForkJoinPool.commonPool-worker-2/WARN] No weighted models for: minecraft:simple_block_6292#facing=east
[22:17:40] [ForkJoinPool.commonPool-worker-7/WARN] Missing model for: minecraft:simple_block_6178#facing=east
[22:17:40] [ForkJoinPool.commonPool-worker-7/WARN] No weighted models for: minecraft:simple_block_6178#facing=east
[22:17:40] [ForkJoinPool.commonPool-worker-3/WARN] Missing model for: minecraft:simple_block_6312#facing=north
[22:17:40] [ForkJoinPool.commonPool-worker-3/WARN] No weighted models for: minecraft:simple_block_6312#facing=north
[22:17:40] [ForkJoinPool.commonPool-worker-4/WARN] Missing model for: minecraft:simple_block_6233#facing=east
[22:17:40] [ForkJoinPool.commonPool-worker-4/WARN] No weighted models for: minecraft:simple_block_6233#facing=east
[22:17:40] [ForkJoinPool.commonPool-worker-3/WARN] Missing model for: minecraft:simple_block_6251#facing=south
[22:17:40] [ForkJoinPool.commonPool-worker-3/WARN] No weighted models for: minecraft:simple_block_6251#facing=south
[22:17:40] [ForkJoinPool.commonPool-worker-4/WARN] Missing model for: minecraft:simple_block_6309#facing=south
[22:17:40] [ForkJoinPool.commonPool-worker-4/WARN] No weighted models for: minecraft:simple_block_6309#facing=south
[22:17:40] [ForkJoinPool.commonPool-worker-7/WARN] Missing model for: minecraft:simple_block_6180#facing=south
[22:17:40] [ForkJoinPool.commonPool-worker-7/WARN] No weighted models for: minecraft:simple_block_6180#facing=south
[22:17:40] [ForkJoinPool.commonPool-worker-2/WARN] Missing model for: minecraft:simple_block_6326#facing=east
[22:17:40] [ForkJoinPool.commonPool-worker-2/WARN] No weighted models for: minecraft:simple_block_6326#facing=east
[22:17:40] [ForkJoinPool.commonPool-worker-7/WARN] Missing model for: minecraft:simple_block_6281#facing=south
[22:17:40] [ForkJoinPool.commonPool-worker-7/WARN] No weighted models for: minecraft:simple_block_6281#facing=south
[22:17:40] [ForkJoinPool.commonPool-worker-4/WARN] Missing model for: minecraft:simple_block_6233#facing=west
[22:17:40] [ForkJoinPool.commonPool-worker-4/WARN] No weighted models for: minecraft:simple_block_6233#facing=west
[22:17:40] [ForkJoinPool.commonPool-worker-4/WARN] Missing model for: minecraft:simple_block_6303#facing=east
[22:17:40] [ForkJoinPool.commonPool-worker-4/WARN] No weighted models for: minecraft:simple_block_6303#facing=east
[22:17:40] [ForkJoinPool.commonPool-worker-2/WARN] Missing model for: minecraft:simple_block_6220#facing=west
[22:17:40] [ForkJoinPool.commonPool-worker-2/WARN] No weighted models for: minecraft:simple_block_6220#facing=west
[22:17:40] [ForkJoinPool.commonPool-worker-2/WARN] Missing model for: minecraft:simple_block_6285#facing=south
[22:17:40] [ForkJoinPool.commonPool-worker-2/WARN] No weighted models for: minecraft:simple_block_6285#facing=south
[22:17:40] [ForkJoinPool.commonPool-worker-7/WARN] Missing model for: minecraft:simple_block_6294#facing=east
[22:17:40] [ForkJoinPool.commonPool-worker-7/WARN] No weighted models for: minecraft:simple_block_6294#facing=east
[22:17:40] [ForkJoinPool.commonPool-worker-3/WARN] Missing model for: minecraft:simple_block_6325#facing=north
[22:17:40] [ForkJoinPool.commonPool-worker-3/WARN] No weighted models for: minecraft:simple_block_6325#facing=north
[22:17:40] [ForkJoinPool.commonPool-worker-7/WARN] Missing model for: minecraft:simple_block_6286#facing=north
[22:17:40] [ForkJoinPool.commonPool-worker-4/WARN] Missing model for: minecraft:simple_block_6304#facing=north
[22:17:40] [ForkJoinPool.commonPool-worker-7/WARN] No weighted models for: minecraft:simple_block_6286#facing=north
[22:17:40] [ForkJoinPool.commonPool-worker-4/WARN] No weighted models for: minecraft:simple_block_6304#facing=north
[22:17:40] [ForkJoinPool.commonPool-worker-7/WARN] Missing model for: minecraft:simple_block_6292#facing=south
[22:17:40] [ForkJoinPool.commonPool-worker-3/WARN] Missing model for: minecraft:simple_block_6264#facing=south
[22:17:40] [ForkJoinPool.commonPool-worker-7/WARN] No weighted models for: minecraft:simple_block_6292#facing=south
[22:17:40] [ForkJoinPool.commonPool-worker-3/WARN] No weighted models for: minecraft:simple_block_6264#facing=south
[22:17:40] [ForkJoinPool.commonPool-worker-7/WARN] Missing model for: minecraft:simple_block_6178#facing=west
[22:17:40] [ForkJoinPool.commonPool-worker-7/WARN] No weighted models for: minecraft:simple_block_6178#facing=west
[22:17:40] [ForkJoinPool.commonPool-worker-4/WARN] Missing model for: minecraft:simple_block_6212#facing=north
[22:17:40] [ForkJoinPool.commonPool-worker-4/WARN] No weighted models for: minecraft:simple_block_6212#facing=north
[22:17:40] [ForkJoinPool.commonPool-worker-3/WARN] Missing model for: minecraft:simple_block_6234#facing=south
[22:17:40] [ForkJoinPool.commonPool-worker-3/WARN] No weighted models for: minecraft:simple_block_6234#facing=south
[22:17:40] [ForkJoinPool.commonPool-worker-4/WARN] Missing model for: minecraft:simple_block_6253#facing=west
[22:17:40] [ForkJoinPool.commonPool-worker-4/WARN] No weighted models for: minecraft:simple_block_6253#facing=west
[22:17:40] [ForkJoinPool.commonPool-worker-2/WARN] Missing model for: minecraft:simple_block_6200#facing=south
[22:17:40] [ForkJoinPool.commonPool-worker-2/WARN] No weighted models for: minecraft:simple_block_6200#facing=south
[22:17:40] [ForkJoinPool.commonPool-worker-4/WARN] Missing model for: minecraft:simple_block_6303#facing=west
[22:17:40] [ForkJoinPool.commonPool-worker-2/WARN] Missing model for: minecraft:simple_block_6197#facing=north
[22:17:40] [ForkJoinPool.commonPool-worker-2/WARN] No weighted models for: minecraft:simple_block_6197#facing=north
[22:17:40] [ForkJoinPool.commonPool-worker-4/WARN] No weighted models for: minecraft:simple_block_6303#facing=west
[22:17:40] [ForkJoinPool.commonPool-worker-2/WARN] Missing model for: minecraft:simple_block_6232#facing=south
[22:17:40] [ForkJoinPool.commonPool-worker-2/WARN] No weighted models for: minecraft:simple_block_6232#facing=south
[22:17:40] [ForkJoinPool.commonPool-worker-4/WARN] Missing model for: minecraft:simple_block_6183#facing=east
[22:17:40] [ForkJoinPool.commonPool-worker-4/WARN] No weighted models for: minecraft:simple_block_6183#facing=east
[22:17:40] [ForkJoinPool.commonPool-worker-7/WARN] Missing model for: minecraft:simple_block_6300#facing=south
[22:17:40] [ForkJoinPool.commonPool-worker-7/WARN] No weighted models for: minecraft:simple_block_6300#facing=south
[22:17:40] [ForkJoinPool.commonPool-worker-4/WARN] Missing model for: minecraft:simple_block_6186#facing=south
[22:17:40] [ForkJoinPool.commonPool-worker-4/WARN] No weighted models for: minecraft:simple_block_6186#facing=south
[22:17:40] [ForkJoinPool.commonPool-worker-2/WARN] Missing model for: minecraft:simple_block_6268#facing=south
[22:17:40] [ForkJoinPool.commonPool-worker-2/WARN] No weighted models for: minecraft:simple_block_6268#facing=south
[22:17:40] [ForkJoinPool.commonPool-worker-3/WARN] Missing model for: minecraft:simple_block_6254#facing=west
[22:17:40] [ForkJoinPool.commonPool-worker-3/WARN] No weighted models for: minecraft:simple_block_6254#facing=west
[22:17:40] [ForkJoinPool.commonPool-worker-3/WARN] Missing model for: minecraft:simple_block_6318#facing=north
[22:17:40] [ForkJoinPool.commonPool-worker-3/WARN] No weighted models for: minecraft:simple_block_6318#facing=north
[22:17:40] [ForkJoinPool.commonPool-worker-2/WARN] Missing model for: minecraft:simple_block_6187#facing=north
[22:17:40] [ForkJoinPool.commonPool-worker-2/WARN] No weighted models for: minecraft:simple_block_6187#facing=north
[22:17:40] [ForkJoinPool.commonPool-worker-2/WARN] Missing model for: minecraft:simple_block_6281#facing=east
[22:17:40] [ForkJoinPool.commonPool-worker-2/WARN] No weighted models for: minecraft:simple_block_6281#facing=east
[22:17:40] [ForkJoinPool.commonPool-worker-3/WARN] Missing model for: minecraft:simple_block_6293#facing=east
[22:17:40] [ForkJoinPool.commonPool-worker-3/WARN] No weighted models for: minecraft:simple_block_6293#facing=east
[22:17:40] [ForkJoinPool.commonPool-worker-7/WARN] Missing model for: minecraft:simple_block_6229#facing=north
[22:17:40] [ForkJoinPool.commonPool-worker-7/WARN] No weighted models for: minecraft:simple_block_6229#facing=north
[22:17:40] [ForkJoinPool.commonPool-worker-3/WARN] Missing model for: minecraft:simple_block_6179#facing=west
[22:17:40] [ForkJoinPool.commonPool-worker-3/WARN] No weighted models for: minecraft:simple_block_6179#facing=west
[22:17:40] [ForkJoinPool.commonPool-worker-2/WARN] Missing model for: minecraft:simple_block_6216#facing=north
[22:17:40] [ForkJoinPool.commonPool-worker-2/WARN] No weighted models for: minecraft:simple_block_6216#facing=north
[22:17:40] [ForkJoinPool.commonPool-worker-2/WARN] Missing model for: minecraft:simple_block_6268#facing=north
[22:17:40] [ForkJoinPool.commonPool-worker-2/WARN] No weighted models for: minecraft:simple_block_6268#facing=north
[22:17:40] [ForkJoinPool.commonPool-worker-4/WARN] Missing model for: minecraft:simple_block_6256#facing=south
[22:17:40] [ForkJoinPool.commonPool-worker-4/WARN] No weighted models for: minecraft:simple_block_6256#facing=south
[22:17:40] [ForkJoinPool.commonPool-worker-7/WARN] Missing model for: minecraft:simple_block_6307#facing=west
[22:17:40] [ForkJoinPool.commonPool-worker-7/WARN] No weighted models for: minecraft:simple_block_6307#facing=west
[22:17:40] [ForkJoinPool.commonPool-worker-4/WARN] Missing model for: minecraft:simple_block_6175#facing=north
[22:17:40] [ForkJoinPool.commonPool-worker-4/WARN] No weighted models for: minecraft:simple_block_6175#facing=north
[22:17:40] [ForkJoinPool.commonPool-worker-2/WARN] Missing model for: minecraft:simple_block_6263#facing=south
[22:17:40] [ForkJoinPool.commonPool-worker-2/WARN] No weighted models for: minecraft:simple_block_6263#facing=south
[22:17:40] [ForkJoinPool.commonPool-worker-7/WARN] Missing model for: minecraft:simple_block_6255#facing=north
[22:17:40] [ForkJoinPool.commonPool-worker-7/WARN] No weighted models for: minecraft:simple_block_6255#facing=north
[22:17:40] [ForkJoinPool.commonPool-worker-3/WARN] Missing model for: minecraft:simple_block_6280#facing=east
[22:17:40] [ForkJoinPool.commonPool-worker-3/WARN] No weighted models for: minecraft:simple_block_6280#facing=east
[22:17:40] [ForkJoinPool.commonPool-worker-7/WARN] Missing model for: minecraft:simple_block_6224#facing=south
[22:17:40] [ForkJoinPool.commonPool-worker-7/WARN] No weighted models for: minecraft:simple_block_6224#facing=south
[22:17:40] [ForkJoinPool.commonPool-worker-2/WARN] Missing model for: minecraft:simple_block_6260#facing=west
[22:17:40] [ForkJoinPool.commonPool-worker-2/WARN] No weighted models for: minecraft:simple_block_6260#facing=west
[22:17:40] [ForkJoinPool.commonPool-worker-4/WARN] Missing model for: minecraft:simple_block_6227#facing=east
[22:17:40] [ForkJoinPool.commonPool-worker-7/WARN] Missing model for: minecraft:simple_block_6174#facing=north
[22:17:40] [ForkJoinPool.commonPool-worker-4/WARN] No weighted models for: minecraft:simple_block_6227#facing=east
[22:17:40] [ForkJoinPool.commonPool-worker-7/WARN] No weighted models for: minecraft:simple_block_6174#facing=north
[22:17:40] [ForkJoinPool.commonPool-worker-3/WARN] Missing model for: minecraft:simple_block_6217#facing=north
[22:17:40] [ForkJoinPool.commonPool-worker-2/WARN] Missing model for: minecraft:simple_block_6300#facing=east
[22:17:40] [ForkJoinPool.commonPool-worker-2/WARN] No weighted models for: minecraft:simple_block_6300#facing=east
[22:17:40] [ForkJoinPool.commonPool-worker-3/WARN] No weighted models for: minecraft:simple_block_6217#facing=north
[22:17:40] [ForkJoinPool.commonPool-worker-3/WARN] Missing model for: minecraft:simple_block_6267#facing=west
[22:17:40] [ForkJoinPool.commonPool-worker-2/WARN] Missing model for: minecraft:simple_block_6164#facing=west
[22:17:40] [ForkJoinPool.commonPool-worker-2/WARN] No weighted models for: minecraft:simple_block_6164#facing=west
[22:17:40] [ForkJoinPool.commonPool-worker-3/WARN] No weighted models for: minecraft:simple_block_6267#facing=west
[22:17:40] [ForkJoinPool.commonPool-worker-2/WARN] Missing model for: minecraft:simple_block_6164#facing=east
[22:17:40] [ForkJoinPool.commonPool-worker-2/WARN] No weighted models for: minecraft:simple_block_6164#facing=east
[22:17:40] [ForkJoinPool.commonPool-worker-7/WARN] Missing model for: minecraft:simple_block_6302#facing=west
[22:17:40] [ForkJoinPool.commonPool-worker-2/WARN] Missing model for: minecraft:simple_block_6256#facing=west
[22:17:40] [ForkJoinPool.commonPool-worker-2/WARN] No weighted models for: minecraft:simple_block_6256#facing=west
[22:17:40] [ForkJoinPool.commonPool-worker-4/WARN] Missing model for: minecraft:simple_block_6306#facing=east
[22:17:40] [ForkJoinPool.commonPool-worker-4/WARN] No weighted models for: minecraft:simple_block_6306#facing=east
[22:17:40] [ForkJoinPool.commonPool-worker-7/WARN] No weighted models for: minecraft:simple_block_6302#facing=west
[22:17:40] [ForkJoinPool.commonPool-worker-7/WARN] Missing model for: minecraft:simple_block_6255#facing=south
[22:17:40] [ForkJoinPool.commonPool-worker-2/WARN] Missing model for: minecraft:simple_block_6299#facing=south
[22:17:40] [ForkJoinPool.commonPool-worker-7/WARN] No weighted models for: minecraft:simple_block_6255#facing=south
[22:17:40] [ForkJoinPool.commonPool-worker-2/WARN] No weighted models for: minecraft:simple_block_6299#facing=south
[22:17:40] [ForkJoinPool.commonPool-worker-3/WARN] Missing model for: minecraft:simple_block_6231#facing=south
[22:17:40] [ForkJoinPool.commonPool-worker-7/WARN] Missing model for: minecraft:simple_block_6307#facing=east
[22:17:40] [ForkJoinPool.commonPool-worker-7/WARN] No weighted models for: minecraft:simple_block_6307#facing=east
[22:17:40] [ForkJoinPool.commonPool-worker-3/WARN] No weighted models for: minecraft:simple_block_6231#facing=south
[22:17:40] [ForkJoinPool.commonPool-worker-4/WARN] Missing model for: minecraft:simple_block_6263#facing=east
[22:17:40] [ForkJoinPool.commonPool-worker-4/WARN] No weighted models for: minecraft:simple_block_6263#facing=east
[22:17:40] [ForkJoinPool.commonPool-worker-3/WARN] Missing model for: minecraft:simple_block_6257#facing=south
[22:17:40] [ForkJoinPool.commonPool-worker-3/WARN] No weighted models for: minecraft:simple_block_6257#facing=south
[22:17:40] [ForkJoinPool.commonPool-worker-2/WARN] Missing model for: minecraft:simple_block_6230#facing=west
[22:17:40] [ForkJoinPool.commonPool-worker-2/WARN] No weighted models for: minecraft:simple_block_6230#facing=west
[22:17:40] [ForkJoinPool.commonPool-worker-7/WARN] Missing model for: minecraft:simple_block_6305#facing=south
[22:17:40] [ForkJoinPool.commonPool-worker-7/WARN] No weighted models for: minecraft:simple_block_6305#facing=south
[22:17:40] [ForkJoinPool.commonPool-worker-2/WARN] Missing model for: minecraft:simple_block_6255#facing=west
[22:17:40] [ForkJoinPool.commonPool-worker-2/WARN] No weighted models for: minecraft:simple_block_6255#facing=west
[22:17:40] [ForkJoinPool.commonPool-worker-4/WARN] Missing model for: minecraft:simple_block_6218#facing=north
[22:17:40] [ForkJoinPool.commonPool-worker-3/WARN] Missing model for: minecraft:simple_block_6244#facing=south
[22:17:40] [ForkJoinPool.commonPool-worker-3/WARN] No weighted models for: minecraft:simple_block_6244#facing=south
[22:17:40] [ForkJoinPool.commonPool-worker-4/WARN] No weighted models for: minecraft:simple_block_6218#facing=north
[22:17:40] [ForkJoinPool.commonPool-worker-7/WARN] Missing model for: minecraft:simple_block_6313#facing=east
[22:17:40] [ForkJoinPool.commonPool-worker-7/WARN] No weighted models for: minecraft:simple_block_6313#facing=east
[22:17:40] [ForkJoinPool.commonPool-worker-7/WARN] Missing model for: minecraft:simple_block_6313#facing=west
[22:17:40] [ForkJoinPool.commonPool-worker-7/WARN] No weighted models for: minecraft:simple_block_6313#facing=west
[22:17:40] [ForkJoinPool.commonPool-worker-2/WARN] Missing model for: minecraft:simple_block_6310#facing=east
[22:17:40] [ForkJoinPool.commonPool-worker-2/WARN] No weighted models for: minecraft:simple_block_6310#facing=east
[22:17:40] [ForkJoinPool.commonPool-worker-2/WARN] Missing model for: minecraft:simple_block_6307#facing=south
[22:17:40] [ForkJoinPool.commonPool-worker-2/WARN] No weighted models for: minecraft:simple_block_6307#facing=south
[22:17:40] [ForkJoinPool.commonPool-worker-2/WARN] Missing model for: minecraft:simple_block_6177#facing=north
[22:17:40] [ForkJoinPool.commonPool-worker-3/WARN] Missing model for: minecraft:simple_block_6306#facing=west
[22:17:40] [ForkJoinPool.commonPool-worker-2/WARN] No weighted models for: minecraft:simple_block_6177#facing=north
[22:17:40] [ForkJoinPool.commonPool-worker-3/WARN] No weighted models for: minecraft:simple_block_6306#facing=west
[22:17:40] [ForkJoinPool.commonPool-worker-3/WARN] Missing model for: minecraft:simple_block_6204#facing=north
[22:17:40] [ForkJoinPool.commonPool-worker-3/WARN] No weighted models for: minecraft:simple_block_6204#facing=north
[22:17:40] [ForkJoinPool.commonPool-worker-2/WARN] Missing model for: minecraft:simple_block_6165#facing=west
[22:17:40] [ForkJoinPool.commonPool-worker-2/WARN] No weighted models for: minecraft:simple_block_6165#facing=west
[22:17:40] [ForkJoinPool.commonPool-worker-7/WARN] Missing model for: minecraft:simple_block_6221#facing=west
[22:17:40] [ForkJoinPool.commonPool-worker-7/WARN] No weighted models for: minecraft:simple_block_6221#facing=west
[22:17:40] [ForkJoinPool.commonPool-worker-2/WARN] Missing model for: minecraft:simple_block_6289#facing=south
[22:17:40] [ForkJoinPool.commonPool-worker-2/WARN] No weighted models for: minecraft:simple_block_6289#facing=south
[22:17:40] [ForkJoinPool.commonPool-worker-7/WARN] Missing model for: minecraft:simple_block_6322#facing=west
[22:17:40] [ForkJoinPool.commonPool-worker-7/WARN] No weighted models for: minecraft:simple_block_6322#facing=west
[22:17:40] [ForkJoinPool.commonPool-worker-7/WARN] Missing model for: minecraft:simple_block_6243#facing=west
[22:17:40] [ForkJoinPool.commonPool-worker-7/WARN] No weighted models for: minecraft:simple_block_6243#facing=west
[22:17:40] [ForkJoinPool.commonPool-worker-7/WARN] Missing model for: minecraft:simple_block_6243#facing=east
[22:17:40] [ForkJoinPool.commonPool-worker-7/WARN] No weighted models for: minecraft:simple_block_6243#facing=east
[22:17:40] [ForkJoinPool.commonPool-worker-7/WARN] Missing model for: minecraft:simple_block_6173#facing=west
[22:17:40] [ForkJoinPool.commonPool-worker-4/WARN] Missing model for: minecraft:simple_block_6201#facing=west
[22:17:40] [ForkJoinPool.commonPool-worker-4/WARN] No weighted models for: minecraft:simple_block_6201#facing=west
[22:17:40] [ForkJoinPool.commonPool-worker-7/WARN] No weighted models for: minecraft:simple_block_6173#facing=west
[22:17:40] [ForkJoinPool.commonPool-worker-3/WARN] Missing model for: minecraft:simple_block_6227#facing=north
[22:17:40] [ForkJoinPool.commonPool-worker-3/WARN] No weighted models for: minecraft:simple_block_6227#facing=north
[22:17:40] [ForkJoinPool.commonPool-worker-2/WARN] Missing model for: minecraft:simple_block_6311#facing=north
[22:17:40] [ForkJoinPool.commonPool-worker-2/WARN] No weighted models for: minecraft:simple_block_6311#facing=north
[22:17:40] [ForkJoinPool.commonPool-worker-2/WARN] Missing model for: minecraft:simple_block_6278#facing=north
[22:17:40] [ForkJoinPool.commonPool-worker-2/WARN] No weighted models for: minecraft:simple_block_6278#facing=north
[22:17:40] [ForkJoinPool.commonPool-worker-4/WARN] Missing model for: minecraft:simple_block_6294#facing=west
[22:17:40] [ForkJoinPool.commonPool-worker-4/WARN] No weighted models for: minecraft:simple_block_6294#facing=west
[22:17:40] [ForkJoinPool.commonPool-worker-2/WARN] Missing model for: minecraft:simple_block_6206#facing=south
[22:17:40] [ForkJoinPool.commonPool-worker-2/WARN] No weighted models for: minecraft:simple_block_6206#facing=south
[22:17:40] [ForkJoinPool.commonPool-worker-7/WARN] Missing model for: minecraft:simple_block_6290#facing=east
[22:17:40] [ForkJoinPool.commonPool-worker-4/WARN] Missing model for: minecraft:simple_block_6206#facing=east
[22:17:40] [ForkJoinPool.commonPool-worker-7/WARN] No weighted models for: minecraft:simple_block_6290#facing=east
[22:17:40] [ForkJoinPool.commonPool-worker-4/WARN] No weighted models for: minecraft:simple_block_6206#facing=east
[22:17:40] [ForkJoinPool.commonPool-worker-3/WARN] Missing model for: minecraft:simple_block_6169#facing=south
[22:17:40] [ForkJoinPool.commonPool-worker-3/WARN] No weighted models for: minecraft:simple_block_6169#facing=south
[22:17:40] [ForkJoinPool.commonPool-worker-3/WARN] Missing model for: minecraft:simple_block_6241#facing=west
[22:17:40] [ForkJoinPool.commonPool-worker-2/WARN] Missing model for: minecraft:simple_block_6255#facing=east
[22:17:40] [ForkJoinPool.commonPool-worker-3/WARN] No weighted models for: minecraft:simple_block_6241#facing=west
[22:17:40] [ForkJoinPool.commonPool-worker-2/WARN] No weighted models for: minecraft:simple_block_6255#facing=east
[22:17:40] [ForkJoinPool.commonPool-worker-3/WARN] Missing model for: minecraft:simple_block_6166#facing=west
[22:17:40] [ForkJoinPool.commonPool-worker-3/WARN] No weighted models for: minecraft:simple_block_6166#facing=west
[22:17:40] [ForkJoinPool.commonPool-worker-4/WARN] Missing model for: minecraft:simple_block_6266#facing=south
[22:17:40] [ForkJoinPool.commonPool-worker-4/WARN] No weighted models for: minecraft:simple_block_6266#facing=south
[22:17:40] [ForkJoinPool.commonPool-worker-4/WARN] Missing model for: minecraft:simple_block_6237#facing=east
[22:17:40] [ForkJoinPool.commonPool-worker-4/WARN] No weighted models for: minecraft:simple_block_6237#facing=east
[22:17:40] [ForkJoinPool.commonPool-worker-4/WARN] Missing model for: minecraft:simple_block_6235#facing=south
[22:17:40] [ForkJoinPool.commonPool-worker-4/WARN] No weighted models for: minecraft:simple_block_6235#facing=south
[22:17:40] [ForkJoinPool.commonPool-worker-4/WARN] Missing model for: minecraft:simple_block_6213#facing=north
[22:17:40] [ForkJoinPool.commonPool-worker-4/WARN] No weighted models for: minecraft:simple_block_6213#facing=north
[22:17:40] [ForkJoinPool.commonPool-worker-7/WARN] Missing model for: minecraft:simple_block_6172#facing=east
[22:17:40] [ForkJoinPool.commonPool-worker-7/WARN] No weighted models for: minecraft:simple_block_6172#facing=east
[22:17:40] [ForkJoinPool.commonPool-worker-3/WARN] Missing model for: minecraft:simple_block_6266#facing=east
[22:17:40] [ForkJoinPool.commonPool-worker-3/WARN] No weighted models for: minecraft:simple_block_6266#facing=east
[22:17:40] [ForkJoinPool.commonPool-worker-4/WARN] Missing model for: minecraft:simple_block_6201#facing=east
[22:17:40] [ForkJoinPool.commonPool-worker-4/WARN] No weighted models for: minecraft:simple_block_6201#facing=east
[22:17:40] [ForkJoinPool.commonPool-worker-3/WARN] Missing model for: minecraft:simple_block_6204#facing=east
[22:17:40] [ForkJoinPool.commonPool-worker-3/WARN] No weighted models for: minecraft:simple_block_6204#facing=east
[22:17:40] [ForkJoinPool.commonPool-worker-4/WARN] Missing model for: minecraft:simple_block_6263#facing=west
[22:17:40] [ForkJoinPool.commonPool-worker-4/WARN] No weighted models for: minecraft:simple_block_6263#facing=west
[22:17:40] [ForkJoinPool.commonPool-worker-2/WARN] Missing model for: minecraft:simple_block_6233#facing=north
[22:17:40] [ForkJoinPool.commonPool-worker-2/WARN] No weighted models for: minecraft:simple_block_6233#facing=north
[22:17:40] [ForkJoinPool.commonPool-worker-7/WARN] Missing model for: minecraft:simple_block_6185#facing=east
[22:17:40] [ForkJoinPool.commonPool-worker-7/WARN] No weighted models for: minecraft:simple_block_6185#facing=east
[22:17:40] [ForkJoinPool.commonPool-worker-3/WARN] Missing model for: minecraft:simple_block_6267#facing=north
[22:17:40] [ForkJoinPool.commonPool-worker-3/WARN] No weighted models for: minecraft:simple_block_6267#facing=north
[22:17:40] [ForkJoinPool.commonPool-worker-4/WARN] Missing model for: minecraft:simple_block_6249#facing=north
[22:17:40] [ForkJoinPool.commonPool-worker-4/WARN] No weighted models for: minecraft:simple_block_6249#facing=north
[22:17:40] [ForkJoinPool.commonPool-worker-7/WARN] Missing model for: minecraft:simple_block_6264#facing=west
[22:17:40] [ForkJoinPool.commonPool-worker-7/WARN] No weighted models for: minecraft:simple_block_6264#facing=west
[22:17:40] [ForkJoinPool.commonPool-worker-2/WARN] Missing model for: minecraft:simple_block_6281#facing=north
[22:17:40] [ForkJoinPool.commonPool-worker-2/WARN] No weighted models for: minecraft:simple_block_6281#facing=north
[22:17:40] [ForkJoinPool.commonPool-worker-7/WARN] Missing model for: minecraft:simple_block_6267#facing=south
[22:17:40] [ForkJoinPool.commonPool-worker-7/WARN] No weighted models for: minecraft:simple_block_6267#facing=south
[22:17:40] [ForkJoinPool.commonPool-worker-2/WARN] Missing model for: minecraft:simple_block_6221#facing=east
[22:17:40] [ForkJoinPool.commonPool-worker-2/WARN] No weighted models for: minecraft:simple_block_6221#facing=east
[22:17:40] [ForkJoinPool.commonPool-worker-3/WARN] Missing model for: minecraft:simple_block_6180#facing=west
[22:17:40] [ForkJoinPool.commonPool-worker-3/WARN] No weighted models for: minecraft:simple_block_6180#facing=west
[22:17:40] [ForkJoinPool.commonPool-worker-2/WARN] Missing model for: minecraft:simple_block_6265#facing=west
[22:17:40] [ForkJoinPool.commonPool-worker-2/WARN] No weighted models for: minecraft:simple_block_6265#facing=west
[22:17:40] [ForkJoinPool.commonPool-worker-4/WARN] Missing model for: minecraft:simple_block_6248#facing=east
[22:17:40] [ForkJoinPool.commonPool-worker-4/WARN] No weighted models for: minecraft:simple_block_6248#facing=east
[22:17:40] [ForkJoinPool.commonPool-worker-7/WARN] Missing model for: minecraft:simple_block_6156#facing=west
[22:17:40] [ForkJoinPool.commonPool-worker-7/WARN] No weighted models for: minecraft:simple_block_6156#facing=west
[22:17:40] [ForkJoinPool.commonPool-worker-2/WARN] Missing model for: minecraft:simple_block_6180#facing=north
[22:17:40] [ForkJoinPool.commonPool-worker-2/WARN] No weighted models for: minecraft:simple_block_6180#facing=north
[22:17:40] [ForkJoinPool.commonPool-worker-2/WARN] Missing model for: minecraft:simple_block_6195#facing=west
[22:17:40] [ForkJoinPool.commonPool-worker-2/WARN] No weighted models for: minecraft:simple_block_6195#facing=west
[22:17:40] [ForkJoinPool.commonPool-worker-2/WARN] Missing model for: minecraft:simple_block_6212#facing=west
[22:17:40] [ForkJoinPool.commonPool-worker-2/WARN] No weighted models for: minecraft:simple_block_6212#facing=west
[22:17:40] [ForkJoinPool.commonPool-worker-3/WARN] Missing model for: minecraft:simple_block_6277#facing=north
[22:17:40] [ForkJoinPool.commonPool-worker-3/WARN] No weighted models for: minecraft:simple_block_6277#facing=north
[22:17:40] [ForkJoinPool.commonPool-worker-7/WARN] Missing model for: minecraft:simple_block_6308#facing=east
[22:17:40] [ForkJoinPool.commonPool-worker-7/WARN] No weighted models for: minecraft:simple_block_6308#facing=east
[22:17:40] [ForkJoinPool.commonPool-worker-2/WARN] Missing model for: minecraft:simple_block_6198#facing=south
[22:17:40] [ForkJoinPool.commonPool-worker-2/WARN] No weighted models for: minecraft:simple_block_6198#facing=south
[22:17:40] [ForkJoinPool.commonPool-worker-4/WARN] Missing model for: minecraft:simple_block_6157#facing=north
[22:17:40] [ForkJoinPool.commonPool-worker-4/WARN] No weighted models for: minecraft:simple_block_6157#facing=north
[22:17:40] [ForkJoinPool.commonPool-worker-3/WARN] Missing model for: minecraft:simple_block_6312#facing=south
[22:17:40] [ForkJoinPool.commonPool-worker-3/WARN] No weighted models for: minecraft:simple_block_6312#facing=south
[22:17:40] [ForkJoinPool.commonPool-worker-4/WARN] Missing model for: minecraft:simple_block_6327#facing=south
[22:17:40] [ForkJoinPool.commonPool-worker-4/WARN] No weighted models for: minecraft:simple_block_6327#facing=south
[22:17:40] [ForkJoinPool.commonPool-worker-3/WARN] Missing model for: minecraft:simple_block_6170#facing=west
[22:17:40] [ForkJoinPool.commonPool-worker-3/WARN] No weighted models for: minecraft:simple_block_6170#facing=west
[22:17:40] [ForkJoinPool.commonPool-worker-7/WARN] Missing model for: minecraft:simple_block_6207#facing=north
[22:17:40] [ForkJoinPool.commonPool-worker-7/WARN] No weighted models for: minecraft:simple_block_6207#facing=north
[22:17:40] [ForkJoinPool.commonPool-worker-7/WARN] Missing model for: minecraft:simple_block_6261#facing=west
[22:17:40] [ForkJoinPool.commonPool-worker-7/WARN] No weighted models for: minecraft:simple_block_6261#facing=west
[22:17:40] [ForkJoinPool.commonPool-worker-3/WARN] Missing model for: minecraft:simple_block_6214#facing=west
[22:17:40] [ForkJoinPool.commonPool-worker-4/WARN] Missing model for: minecraft:simple_block_6219#facing=west
[22:17:40] [ForkJoinPool.commonPool-worker-4/WARN] No weighted models for: minecraft:simple_block_6219#facing=west
[22:17:40] [ForkJoinPool.commonPool-worker-7/WARN] Missing model for: minecraft:simple_block_6287#facing=west
[22:17:40] [ForkJoinPool.commonPool-worker-7/WARN] No weighted models for: minecraft:simple_block_6287#facing=west
[22:17:40] [ForkJoinPool.commonPool-worker-3/WARN] No weighted models for: minecraft:simple_block_6214#facing=west
[22:17:40] [ForkJoinPool.commonPool-worker-7/WARN] Missing model for: minecraft:simple_block_6322#facing=north
[22:17:40] [ForkJoinPool.commonPool-worker-7/WARN] No weighted models for: minecraft:simple_block_6322#facing=north
[22:17:40] [ForkJoinPool.commonPool-worker-2/WARN] Missing model for: minecraft:simple_block_6261#facing=east
[22:17:40] [ForkJoinPool.commonPool-worker-2/WARN] No weighted models for: minecraft:simple_block_6261#facing=east
[22:17:40] [ForkJoinPool.commonPool-worker-2/WARN] Missing model for: minecraft:simple_block_6290#facing=south
[22:17:40] [ForkJoinPool.commonPool-worker-2/WARN] No weighted models for: minecraft:simple_block_6290#facing=south
[22:17:40] [ForkJoinPool.commonPool-worker-2/WARN] Missing model for: minecraft:simple_block_6289#facing=north
[22:17:40] [ForkJoinPool.commonPool-worker-2/WARN] No weighted models for: minecraft:simple_block_6289#facing=north
[22:17:40] [ForkJoinPool.commonPool-worker-7/WARN] Missing model for: minecraft:simple_block_6254#facing=south
[22:17:40] [ForkJoinPool.commonPool-worker-7/WARN] No weighted models for: minecraft:simple_block_6254#facing=south
[22:17:40] [ForkJoinPool.commonPool-worker-3/WARN] Missing model for: minecraft:simple_block_6322#facing=south
[22:17:40] [ForkJoinPool.commonPool-worker-3/WARN] No weighted models for: minecraft:simple_block_6322#facing=south
[22:17:40] [ForkJoinPool.commonPool-worker-3/WARN] Missing model for: minecraft:simple_block_6204#facing=west
[22:17:40] [ForkJoinPool.commonPool-worker-3/WARN] No weighted models for: minecraft:simple_block_6204#facing=west
[22:17:40] [ForkJoinPool.commonPool-worker-7/WARN] Missing model for: minecraft:simple_block_6297#facing=west
[22:17:40] [ForkJoinPool.commonPool-worker-7/WARN] No weighted models for: minecraft:simple_block_6297#facing=west
[22:17:40] [ForkJoinPool.commonPool-worker-2/WARN] Missing model for: minecraft:simple_block_6330#facing=west
[22:17:40] [ForkJoinPool.commonPool-worker-2/WARN] No weighted models for: minecraft:simple_block_6330#facing=west
[22:17:40] [ForkJoinPool.commonPool-worker-7/WARN] Missing model for: minecraft:simple_block_6251#facing=west
[22:17:40] [ForkJoinPool.commonPool-worker-7/WARN] No weighted models for: minecraft:simple_block_6251#facing=west
[22:17:40] [ForkJoinPool.commonPool-worker-3/WARN] Missing model for: minecraft:simple_block_6241#facing=north
[22:17:40] [ForkJoinPool.commonPool-worker-3/WARN] No weighted models for: minecraft:simple_block_6241#facing=north
[22:17:40] [ForkJoinPool.commonPool-worker-4/WARN] Missing model for: minecraft:simple_block_6212#facing=east
[22:17:40] [ForkJoinPool.commonPool-worker-4/WARN] No weighted models for: minecraft:simple_block_6212#facing=east
[22:17:40] [ForkJoinPool.commonPool-worker-2/WARN] Missing model for: minecraft:simple_block_6163#facing=north
[22:17:40] [ForkJoinPool.commonPool-worker-2/WARN] No weighted models for: minecraft:simple_block_6163#facing=north
[22:17:40] [ForkJoinPool.commonPool-worker-4/WARN] Missing model for: minecraft:simple_block_6232#facing=west
[22:17:40] [ForkJoinPool.commonPool-worker-2/WARN] Missing model for: minecraft:simple_block_6168#facing=south
[22:17:40] [ForkJoinPool.commonPool-worker-4/WARN] No weighted models for: minecraft:simple_block_6232#facing=west
[22:17:40] [ForkJoinPool.commonPool-worker-2/WARN] No weighted models for: minecraft:simple_block_6168#facing=south
[22:17:40] [ForkJoinPool.commonPool-worker-2/WARN] Missing model for: minecraft:simple_block_6304#facing=east
[22:17:40] [ForkJoinPool.commonPool-worker-2/WARN] No weighted models for: minecraft:simple_block_6304#facing=east
[22:17:40] [ForkJoinPool.commonPool-worker-3/WARN] Missing model for: minecraft:simple_block_6316#facing=west
[22:17:40] [ForkJoinPool.commonPool-worker-3/WARN] No weighted models for: minecraft:simple_block_6316#facing=west
[22:17:40] [ForkJoinPool.commonPool-worker-4/WARN] Missing model for: minecraft:simple_block_6232#facing=east
[22:17:40] [ForkJoinPool.commonPool-worker-4/WARN] No weighted models for: minecraft:simple_block_6232#facing=east
[22:17:40] [ForkJoinPool.commonPool-worker-2/WARN] Missing model for: minecraft:simple_block_6176#facing=north
[22:17:40] [ForkJoinPool.commonPool-worker-2/WARN] No weighted models for: minecraft:simple_block_6176#facing=north
[22:17:40] [ForkJoinPool.commonPool-worker-3/WARN] Missing model for: minecraft:simple_block_6188#facing=north
[22:17:40] [ForkJoinPool.commonPool-worker-3/WARN] No weighted models for: minecraft:simple_block_6188#facing=north
[22:17:40] [ForkJoinPool.commonPool-worker-2/WARN] Missing model for: minecraft:simple_block_6300#facing=north
[22:17:40] [ForkJoinPool.commonPool-worker-2/WARN] No weighted models for: minecraft:simple_block_6300#facing=north
[22:17:40] [ForkJoinPool.commonPool-worker-3/WARN] Missing model for: minecraft:simple_block_6319#facing=south
[22:17:40] [ForkJoinPool.commonPool-worker-3/WARN] No weighted models for: minecraft:simple_block_6319#facing=south
[22:17:40] [ForkJoinPool.commonPool-worker-2/WARN] Missing model for: minecraft:simple_block_6297#facing=north
[22:17:40] [ForkJoinPool.commonPool-worker-2/WARN] No weighted models for: minecraft:simple_block_6297#facing=north
[22:17:40] [ForkJoinPool.commonPool-worker-4/WARN] Missing model for: minecraft:simple_block_6314#facing=north
[22:17:40] [ForkJoinPool.commonPool-worker-4/WARN] No weighted models for: minecraft:simple_block_6314#facing=north
[22:17:40] [ForkJoinPool.commonPool-worker-7/WARN] Missing model for: minecraft:simple_block_6169#facing=west
[22:17:40] [ForkJoinPool.commonPool-worker-7/WARN] No weighted models for: minecraft:simple_block_6169#facing=west
[22:17:40] [ForkJoinPool.commonPool-worker-7/WARN] Missing model for: minecraft:simple_block_6241#facing=south
[22:17:40] [ForkJoinPool.commonPool-worker-7/WARN] No weighted models for: minecraft:simple_block_6241#facing=south
[22:17:40] [ForkJoinPool.commonPool-worker-7/WARN] Missing model for: minecraft:simple_block_6162#facing=east
[22:17:40] [ForkJoinPool.commonPool-worker-7/WARN] No weighted models for: minecraft:simple_block_6162#facing=east
[22:17:40] [ForkJoinPool.commonPool-worker-3/WARN] Missing model for: minecraft:simple_block_6293#facing=north
[22:17:40] [ForkJoinPool.commonPool-worker-3/WARN] No weighted models for: minecraft:simple_block_6293#facing=north
[22:17:40] [ForkJoinPool.commonPool-worker-4/WARN] Missing model for: minecraft:simple_block_6302#facing=east
[22:17:40] [ForkJoinPool.commonPool-worker-4/WARN] No weighted models for: minecraft:simple_block_6302#facing=east
[22:17:40] [ForkJoinPool.commonPool-worker-2/WARN] Missing model for: minecraft:simple_block_6228#facing=west
[22:17:40] [ForkJoinPool.commonPool-worker-2/WARN] No weighted models for: minecraft:simple_block_6228#facing=west
[22:17:40] [ForkJoinPool.commonPool-worker-7/WARN] Missing model for: minecraft:simple_block_6274#facing=west
[22:17:40] [ForkJoinPool.commonPool-worker-7/WARN] No weighted models for: minecraft:simple_block_6274#facing=west
[22:17:40] [ForkJoinPool.commonPool-worker-2/WARN] Missing model for: minecraft:simple_block_6296#facing=west
[22:17:40] [ForkJoinPool.commonPool-worker-2/WARN] No weighted models for: minecraft:simple_block_6296#facing=west
[22:17:40] [ForkJoinPool.commonPool-worker-7/WARN] Missing model for: minecraft:simple_block_6277#facing=south
[22:17:40] [ForkJoinPool.commonPool-worker-7/WARN] No weighted models for: minecraft:simple_block_6277#facing=south
[22:17:40] [ForkJoinPool.commonPool-worker-7/WARN] Missing model for: minecraft:simple_block_6198#facing=east
[22:17:40] [ForkJoinPool.commonPool-worker-7/WARN] No weighted models for: minecraft:simple_block_6198#facing=east
[22:17:40] [ForkJoinPool.commonPool-worker-2/WARN] Missing model for: minecraft:simple_block_6239#facing=east
[22:17:40] [ForkJoinPool.commonPool-worker-2/WARN] No weighted models for: minecraft:simple_block_6239#facing=east
[22:17:40] [ForkJoinPool.commonPool-worker-2/WARN] Missing model for: minecraft:simple_block_6283#facing=west
[22:17:40] [ForkJoinPool.commonPool-worker-2/WARN] No weighted models for: minecraft:simple_block_6283#facing=west
[22:17:40] [ForkJoinPool.commonPool-worker-4/WARN] Missing model for: minecraft:simple_block_6297#facing=south
[22:17:40] [ForkJoinPool.commonPool-worker-4/WARN] No weighted models for: minecraft:simple_block_6297#facing=south
[22:17:40] [ForkJoinPool.commonPool-worker-4/WARN] Missing model for: minecraft:simple_block_6244#facing=north
[22:17:40] [ForkJoinPool.commonPool-worker-4/WARN] No weighted models for: minecraft:simple_block_6244#facing=north
[22:17:40] [ForkJoinPool.commonPool-worker-2/WARN] Missing model for: minecraft:simple_block_6252#facing=west
[22:17:40] [ForkJoinPool.commonPool-worker-2/WARN] No weighted models for: minecraft:simple_block_6252#facing=west
[22:17:40] [ForkJoinPool.commonPool-worker-3/WARN] Missing model for: minecraft:simple_block_6305#facing=north
[22:17:40] [ForkJoinPool.commonPool-worker-3/WARN] No weighted models for: minecraft:simple_block_6305#facing=north
[22:17:40] [ForkJoinPool.commonPool-worker-7/WARN] Missing model for: minecraft:simple_block_6159#facing=south
[22:17:40] [ForkJoinPool.commonPool-worker-7/WARN] No weighted models for: minecraft:simple_block_6159#facing=south
[22:17:40] [ForkJoinPool.commonPool-worker-7/WARN] Missing model for: minecraft:simple_block_6159#facing=west
[22:17:40] [ForkJoinPool.commonPool-worker-7/WARN] No weighted models for: minecraft:simple_block_6159#facing=west
[22:17:40] [ForkJoinPool.commonPool-worker-4/WARN] Missing model for: minecraft:simple_block_6270#facing=north
[22:17:40] [ForkJoinPool.commonPool-worker-4/WARN] No weighted models for: minecraft:simple_block_6270#facing=north
[22:17:40] [ForkJoinPool.commonPool-worker-4/WARN] Missing model for: minecraft:simple_block_6162#facing=west
[22:17:40] [ForkJoinPool.commonPool-worker-4/WARN] No weighted models for: minecraft:simple_block_6162#facing=west
[22:17:40] [ForkJoinPool.commonPool-worker-7/WARN] Missing model for: minecraft:simple_block_6155#facing=east
[22:17:40] [ForkJoinPool.commonPool-worker-7/WARN] No weighted models for: minecraft:simple_block_6155#facing=east
[22:17:40] [ForkJoinPool.commonPool-worker-2/WARN] Missing model for: minecraft:simple_block_6226#facing=east
[22:17:40] [ForkJoinPool.commonPool-worker-2/WARN] No weighted models for: minecraft:simple_block_6226#facing=east
[22:17:40] [ForkJoinPool.commonPool-worker-2/WARN] Missing model for: minecraft:simple_block_6288#facing=west
[22:17:40] [ForkJoinPool.commonPool-worker-2/WARN] No weighted models for: minecraft:simple_block_6288#facing=west
[22:17:40] [ForkJoinPool.commonPool-worker-2/WARN] Missing model for: minecraft:simple_block_6182#facing=south
[22:17:40] [ForkJoinPool.commonPool-worker-2/WARN] No weighted models for: minecraft:simple_block_6182#facing=south
[22:17:40] [ForkJoinPool.commonPool-worker-2/WARN] Missing model for: minecraft:simple_block_6184#facing=east
[22:17:40] [ForkJoinPool.commonPool-worker-2/WARN] No weighted models for: minecraft:simple_block_6184#facing=east
[22:17:40] [ForkJoinPool.commonPool-worker-4/WARN] Missing model for: minecraft:simple_block_6209#facing=south
[22:17:40] [ForkJoinPool.commonPool-worker-4/WARN] No weighted models for: minecraft:simple_block_6209#facing=south
[22:17:40] [ForkJoinPool.commonPool-worker-7/WARN] Missing model for: minecraft:simple_block_6221#facing=south
[22:17:40] [ForkJoinPool.commonPool-worker-7/WARN] No weighted models for: minecraft:simple_block_6221#facing=south
[22:17:40] [ForkJoinPool.commonPool-worker-4/WARN] Missing model for: minecraft:simple_block_6206#facing=west
[22:17:40] [ForkJoinPool.commonPool-worker-4/WARN] No weighted models for: minecraft:simple_block_6206#facing=west
[22:17:40] [ForkJoinPool.commonPool-worker-2/WARN] Missing model for: minecraft:simple_block_6303#facing=north
[22:17:40] [ForkJoinPool.commonPool-worker-2/WARN] No weighted models for: minecraft:simple_block_6303#facing=north
[22:17:40] [ForkJoinPool.commonPool-worker-2/WARN] Missing model for: minecraft:simple_block_6286#facing=south
[22:17:40] [ForkJoinPool.commonPool-worker-2/WARN] No weighted models for: minecraft:simple_block_6286#facing=south
[22:17:40] [ForkJoinPool.commonPool-worker-7/WARN] Missing model for: minecraft:simple_block_6182#facing=east
[22:17:40] [ForkJoinPool.commonPool-worker-7/WARN] No weighted models for: minecraft:simple_block_6182#facing=east
[22:17:40] [ForkJoinPool.commonPool-worker-2/WARN] Missing model for: minecraft:simple_block_6316#facing=north
[22:17:40] [ForkJoinPool.commonPool-worker-2/WARN] No weighted models for: minecraft:simple_block_6316#facing=north
[22:17:40] [ForkJoinPool.commonPool-worker-2/WARN] Missing model for: minecraft:simple_block_6191#facing=east
[22:17:40] [ForkJoinPool.commonPool-worker-2/WARN] No weighted models for: minecraft:simple_block_6191#facing=east
[22:17:40] [ForkJoinPool.commonPool-worker-4/WARN] Missing model for: minecraft:simple_block_6329#facing=east
[22:17:40] [ForkJoinPool.commonPool-worker-4/WARN] No weighted models for: minecraft:simple_block_6329#facing=east
[22:17:40] [ForkJoinPool.commonPool-worker-4/WARN] Missing model for: minecraft:simple_block_6202#facing=north
[22:17:40] [ForkJoinPool.commonPool-worker-4/WARN] No weighted models for: minecraft:simple_block_6202#facing=north
[22:17:40] [ForkJoinPool.commonPool-worker-4/WARN] Missing model for: minecraft:simple_block_6160#facing=south
[22:17:40] [ForkJoinPool.commonPool-worker-4/WARN] No weighted models for: minecraft:simple_block_6160#facing=south
[22:17:40] [ForkJoinPool.commonPool-worker-2/WARN] Missing model for: minecraft:simple_block_6160#facing=north
[22:17:40] [ForkJoinPool.commonPool-worker-2/WARN] No weighted models for: minecraft:simple_block_6160#facing=north
[22:17:40] [ForkJoinPool.commonPool-worker-4/WARN] Missing model for: minecraft:simple_block_6167#facing=east
[22:17:40] [ForkJoinPool.commonPool-worker-4/WARN] No weighted models for: minecraft:simple_block_6167#facing=east
[22:17:40] [ForkJoinPool.commonPool-worker-7/WARN] Missing model for: minecraft:simple_block_6277#facing=west
[22:17:40] [ForkJoinPool.commonPool-worker-7/WARN] No weighted models for: minecraft:simple_block_6277#facing=west
[22:17:40] [ForkJoinPool.commonPool-worker-2/WARN] Missing model for: minecraft:simple_block_6165#facing=south
[22:17:40] [ForkJoinPool.commonPool-worker-2/WARN] No weighted models for: minecraft:simple_block_6165#facing=south
[22:17:40] [ForkJoinPool.commonPool-worker-4/WARN] Missing model for: minecraft:simple_block_6279#facing=east
[22:17:40] [ForkJoinPool.commonPool-worker-4/WARN] No weighted models for: minecraft:simple_block_6279#facing=east
[22:17:40] [ForkJoinPool.commonPool-worker-4/WARN] Missing model for: minecraft:simple_block_6210#facing=south
[22:17:40] [ForkJoinPool.commonPool-worker-2/WARN] Missing model for: minecraft:simple_block_6235#facing=west
[22:17:40] [ForkJoinPool.commonPool-worker-2/WARN] No weighted models for: minecraft:simple_block_6235#facing=west
[22:17:40] [ForkJoinPool.commonPool-worker-2/WARN] Missing model for: minecraft:simple_block_6238#facing=south
[22:17:40] [ForkJoinPool.commonPool-worker-2/WARN] No weighted models for: minecraft:simple_block_6238#facing=south
[22:17:40] [ForkJoinPool.commonPool-worker-4/WARN] No weighted models for: minecraft:simple_block_6210#facing=south
[22:17:40] [ForkJoinPool.commonPool-worker-4/WARN] Missing model for: minecraft:simple_block_6165#facing=north
[22:17:40] [ForkJoinPool.commonPool-worker-4/WARN] No weighted models for: minecraft:simple_block_6165#facing=north
[22:17:40] [ForkJoinPool.commonPool-worker-2/WARN] Missing model for: minecraft:simple_block_6319#facing=north
[22:17:40] [ForkJoinPool.commonPool-worker-2/WARN] No weighted models for: minecraft:simple_block_6319#facing=north
[22:17:40] [ForkJoinPool.commonPool-worker-2/WARN] Missing model for: minecraft:simple_block_6202#facing=south
[22:17:40] [ForkJoinPool.commonPool-worker-2/WARN] No weighted models for: minecraft:simple_block_6202#facing=south
[22:17:40] [ForkJoinPool.commonPool-worker-2/WARN] Missing model for: minecraft:simple_block_6246#facing=north
[22:17:40] [ForkJoinPool.commonPool-worker-2/WARN] No weighted models for: minecraft:simple_block_6246#facing=north
[22:17:40] [ForkJoinPool.commonPool-worker-7/WARN] Missing model for: minecraft:simple_block_6195#facing=east
[22:17:40] [ForkJoinPool.commonPool-worker-7/WARN] No weighted models for: minecraft:simple_block_6195#facing=east
[22:17:40] [ForkJoinPool.commonPool-worker-4/WARN] Missing model for: minecraft:simple_block_6196#facing=south
[22:17:40] [ForkJoinPool.commonPool-worker-4/WARN] No weighted models for: minecraft:simple_block_6196#facing=south
[22:17:40] [ForkJoinPool.commonPool-worker-2/WARN] Missing model for: minecraft:simple_block_6284#facing=south
[22:17:40] [ForkJoinPool.commonPool-worker-4/WARN] Missing model for: minecraft:simple_block_6238#facing=north
[22:17:40] [ForkJoinPool.commonPool-worker-2/WARN] No weighted models for: minecraft:simple_block_6284#facing=south
[22:17:40] [ForkJoinPool.commonPool-worker-4/WARN] No weighted models for: minecraft:simple_block_6238#facing=north
[22:17:40] [ForkJoinPool.commonPool-worker-2/WARN] Missing model for: minecraft:simple_block_6156#facing=north
[22:17:40] [ForkJoinPool.commonPool-worker-2/WARN] No weighted models for: minecraft:simple_block_6156#facing=north
[22:17:40] [ForkJoinPool.commonPool-worker-7/WARN] Missing model for: minecraft:simple_block_6318#facing=east
[22:17:40] [ForkJoinPool.commonPool-worker-7/WARN] No weighted models for: minecraft:simple_block_6318#facing=east
[22:17:40] [ForkJoinPool.commonPool-worker-7/WARN] Missing model for: minecraft:simple_block_6274#facing=south
[22:17:40] [ForkJoinPool.commonPool-worker-7/WARN] No weighted models for: minecraft:simple_block_6274#facing=south
[22:17:40] [ForkJoinPool.commonPool-worker-2/WARN] Missing model for: minecraft:simple_block_6201#facing=south
[22:17:40] [ForkJoinPool.commonPool-worker-7/WARN] Missing model for: minecraft:simple_block_6270#facing=east
[22:17:40] [ForkJoinPool.commonPool-worker-2/WARN] No weighted models for: minecraft:simple_block_6201#facing=south
[22:17:40] [ForkJoinPool.commonPool-worker-7/WARN] No weighted models for: minecraft:simple_block_6270#facing=east
[22:17:40] [ForkJoinPool.commonPool-worker-2/WARN] Missing model for: minecraft:simple_block_6183#facing=south
[22:17:40] [ForkJoinPool.commonPool-worker-2/WARN] No weighted models for: minecraft:simple_block_6183#facing=south
[22:17:40] [ForkJoinPool.commonPool-worker-2/WARN] Missing model for: minecraft:simple_block_6175#facing=east
[22:17:40] [ForkJoinPool.commonPool-worker-2/WARN] No weighted models for: minecraft:simple_block_6175#facing=east
[22:17:40] [ForkJoinPool.commonPool-worker-2/WARN] Missing model for: minecraft:simple_block_6231#facing=north
[22:17:40] [ForkJoinPool.commonPool-worker-2/WARN] No weighted models for: minecraft:simple_block_6231#facing=north
[22:17:40] [ForkJoinPool.commonPool-worker-7/WARN] Missing model for: minecraft:simple_block_6287#facing=south
[22:17:40] [ForkJoinPool.commonPool-worker-7/WARN] No weighted models for: minecraft:simple_block_6287#facing=south
[22:17:40] [ForkJoinPool.commonPool-worker-7/WARN] Missing model for: minecraft:simple_block_6302#facing=north
[22:17:40] [ForkJoinPool.commonPool-worker-7/WARN] No weighted models for: minecraft:simple_block_6302#facing=north
[22:17:40] [ForkJoinPool.commonPool-worker-2/WARN] Missing model for: minecraft:simple_block_6283#facing=north
[22:17:40] [ForkJoinPool.commonPool-worker-2/WARN] No weighted models for: minecraft:simple_block_6283#facing=north
[22:17:40] [ForkJoinPool.commonPool-worker-2/WARN] Missing model for: minecraft:simple_block_6219#facing=east
[22:17:40] [ForkJoinPool.commonPool-worker-2/WARN] No weighted models for: minecraft:simple_block_6219#facing=east
[22:17:40] [ForkJoinPool.commonPool-worker-2/WARN] Missing model for: minecraft:simple_block_6315#facing=west
[22:17:40] [ForkJoinPool.commonPool-worker-2/WARN] No weighted models for: minecraft:simple_block_6315#facing=west
[22:17:40] [ForkJoinPool.commonPool-worker-4/WARN] Missing model for: minecraft:simple_block_6311#facing=east
[22:17:40] [ForkJoinPool.commonPool-worker-4/WARN] No weighted models for: minecraft:simple_block_6311#facing=east
[22:17:40] [ForkJoinPool.commonPool-worker-7/WARN] Missing model for: minecraft:simple_block_6165#facing=east
[22:17:40] [ForkJoinPool.commonPool-worker-7/WARN] No weighted models for: minecraft:simple_block_6165#facing=east
[22:17:40] [ForkJoinPool.commonPool-worker-2/WARN] Missing model for: minecraft:simple_block_6323#facing=south
[22:17:40] [ForkJoinPool.commonPool-worker-2/WARN] No weighted models for: minecraft:simple_block_6323#facing=south
[22:17:40] [ForkJoinPool.commonPool-worker-2/WARN] Missing model for: minecraft:simple_block_6156#facing=east
[22:17:40] [ForkJoinPool.commonPool-worker-2/WARN] No weighted models for: minecraft:simple_block_6156#facing=east
[22:17:40] [ForkJoinPool.commonPool-worker-4/WARN] Missing model for: minecraft:simple_block_6275#facing=south
[22:17:40] [ForkJoinPool.commonPool-worker-4/WARN] No weighted models for: minecraft:simple_block_6275#facing=south
[22:17:40] [ForkJoinPool.commonPool-worker-4/WARN] Missing model for: minecraft:simple_block_6218#facing=south
[22:17:40] [ForkJoinPool.commonPool-worker-4/WARN] No weighted models for: minecraft:simple_block_6218#facing=south
[22:17:40] [ForkJoinPool.commonPool-worker-4/WARN] Missing model for: minecraft:simple_block_6210#facing=east
[22:17:40] [ForkJoinPool.commonPool-worker-4/WARN] No weighted models for: minecraft:simple_block_6210#facing=east
[22:17:40] [ForkJoinPool.commonPool-worker-7/WARN] Missing model for: minecraft:simple_block_6204#facing=south
[22:17:40] [ForkJoinPool.commonPool-worker-7/WARN] No weighted models for: minecraft:simple_block_6204#facing=south
[22:17:40] [ForkJoinPool.commonPool-worker-2/WARN] Missing model for: minecraft:simple_block_6182#facing=west
[22:17:40] [ForkJoinPool.commonPool-worker-2/WARN] No weighted models for: minecraft:simple_block_6182#facing=west
[22:17:40] [ForkJoinPool.commonPool-worker-2/WARN] Missing model for: minecraft:simple_block_6308#facing=south
[22:17:40] [ForkJoinPool.commonPool-worker-2/WARN] No weighted models for: minecraft:simple_block_6308#facing=south
[22:17:40] [ForkJoinPool.commonPool-worker-2/WARN] Missing model for: minecraft:simple_block_6305#facing=west
[22:17:40] [ForkJoinPool.commonPool-worker-2/WARN] No weighted models for: minecraft:simple_block_6305#facing=west
[22:17:40] [ForkJoinPool.commonPool-worker-2/WARN] Missing model for: minecraft:simple_block_6185#facing=south
[22:17:40] [ForkJoinPool.commonPool-worker-2/WARN] No weighted models for: minecraft:simple_block_6185#facing=south
[22:17:40] [ForkJoinPool.commonPool-worker-4/WARN] Missing model for: minecraft:simple_block_6280#facing=west
[22:17:40] [ForkJoinPool.commonPool-worker-4/WARN] No weighted models for: minecraft:simple_block_6280#facing=west
[22:17:40] [ForkJoinPool.commonPool-worker-4/WARN] Missing model for: minecraft:simple_block_6324#facing=east
[22:17:40] [ForkJoinPool.commonPool-worker-4/WARN] No weighted models for: minecraft:simple_block_6324#facing=east
[22:17:40] [ForkJoinPool.commonPool-worker-7/WARN] Missing model for: minecraft:simple_block_6279#facing=west
[22:17:40] [ForkJoinPool.commonPool-worker-7/WARN] No weighted models for: minecraft:simple_block_6279#facing=west
[22:17:40] [ForkJoinPool.commonPool-worker-2/WARN] Missing model for: minecraft:simple_block_6210#facing=north
[22:17:40] [ForkJoinPool.commonPool-worker-2/WARN] No weighted models for: minecraft:simple_block_6210#facing=north
[22:17:40] [ForkJoinPool.commonPool-worker-7/WARN] Missing model for: minecraft:simple_block_6187#facing=west
[22:17:40] [ForkJoinPool.commonPool-worker-7/WARN] No weighted models for: minecraft:simple_block_6187#facing=west
[22:17:40] [ForkJoinPool.commonPool-worker-2/WARN] Missing model for: minecraft:simple_block_6215#facing=south
[22:17:40] [ForkJoinPool.commonPool-worker-2/WARN] No weighted models for: minecraft:simple_block_6215#facing=south
[22:17:40] [ForkJoinPool.commonPool-worker-7/WARN] Missing model for: minecraft:simple_block_6272#facing=south
[22:17:40] [ForkJoinPool.commonPool-worker-7/WARN] No weighted models for: minecraft:simple_block_6272#facing=south
[22:17:40] [ForkJoinPool.commonPool-worker-4/WARN] Missing model for: minecraft:simple_block_6323#facing=north
[22:17:40] [ForkJoinPool.commonPool-worker-2/WARN] Missing model for: minecraft:simple_block_6327#facing=east
[22:17:40] [ForkJoinPool.commonPool-worker-2/WARN] No weighted models for: minecraft:simple_block_6327#facing=east
[22:17:40] [ForkJoinPool.commonPool-worker-2/WARN] Missing model for: minecraft:simple_block_6209#facing=east
[22:17:40] [ForkJoinPool.commonPool-worker-2/WARN] No weighted models for: minecraft:simple_block_6209#facing=east
[22:17:40] [ForkJoinPool.commonPool-worker-4/WARN] No weighted models for: minecraft:simple_block_6323#facing=north
[22:17:40] [ForkJoinPool.commonPool-worker-2/WARN] Missing model for: minecraft:simple_block_6269#facing=north
[22:17:40] [ForkJoinPool.commonPool-worker-2/WARN] No weighted models for: minecraft:simple_block_6269#facing=north
[22:17:40] [ForkJoinPool.commonPool-worker-2/WARN] Missing model for: minecraft:simple_block_6283#facing=south
[22:17:40] [ForkJoinPool.commonPool-worker-2/WARN] No weighted models for: minecraft:simple_block_6283#facing=south
[22:17:40] [ForkJoinPool.commonPool-worker-7/WARN] Missing model for: minecraft:simple_block_6329#facing=west
[22:17:40] [ForkJoinPool.commonPool-worker-7/WARN] No weighted models for: minecraft:simple_block_6329#facing=west
[22:17:40] [ForkJoinPool.commonPool-worker-7/WARN] Missing model for: minecraft:simple_block_6159#facing=north
[22:17:40] [ForkJoinPool.commonPool-worker-7/WARN] No weighted models for: minecraft:simple_block_6159#facing=north
[22:17:40] [ForkJoinPool.commonPool-worker-2/WARN] Missing model for: minecraft:simple_block_6268#facing=west
[22:17:40] [ForkJoinPool.commonPool-worker-2/WARN] No weighted models for: minecraft:simple_block_6268#facing=west
[22:17:40] [ForkJoinPool.commonPool-worker-2/WARN] Missing model for: minecraft:simple_block_6277#facing=east
[22:17:40] [ForkJoinPool.commonPool-worker-2/WARN] No weighted models for: minecraft:simple_block_6277#facing=east
[22:17:40] [ForkJoinPool.commonPool-worker-4/WARN] Missing model for: minecraft:simple_block_6191#facing=north
[22:17:40] [ForkJoinPool.commonPool-worker-4/WARN] No weighted models for: minecraft:simple_block_6191#facing=north
[22:17:40] [ForkJoinPool.commonPool-worker-4/WARN] Missing model for: minecraft:simple_block_6171#facing=east
[22:17:40] [ForkJoinPool.commonPool-worker-4/WARN] No weighted models for: minecraft:simple_block_6171#facing=east
[22:17:40] [ForkJoinPool.commonPool-worker-7/WARN] Missing model for: minecraft:simple_block_6237#facing=west
[22:17:40] [ForkJoinPool.commonPool-worker-7/WARN] No weighted models for: minecraft:simple_block_6237#facing=west
[22:17:40] [ForkJoinPool.commonPool-worker-2/WARN] Missing model for: minecraft:simple_block_6248#facing=west
[22:17:40] [ForkJoinPool.commonPool-worker-2/WARN] No weighted models for: minecraft:simple_block_6248#facing=west
[22:17:40] [ForkJoinPool.commonPool-worker-4/WARN] Missing model for: minecraft:simple_block_6253#facing=north
[22:17:40] [ForkJoinPool.commonPool-worker-4/WARN] No weighted models for: minecraft:simple_block_6253#facing=north
[22:17:40] [ForkJoinPool.commonPool-worker-4/WARN] Missing model for: minecraft:simple_block_6209#facing=north
[22:17:40] [ForkJoinPool.commonPool-worker-4/WARN] No weighted models for: minecraft:simple_block_6209#facing=north
[22:17:40] [ForkJoinPool.commonPool-worker-4/WARN] Missing model for: minecraft:simple_block_6241#facing=east
[22:17:40] [ForkJoinPool.commonPool-worker-4/WARN] No weighted models for: minecraft:simple_block_6241#facing=east
[22:17:40] [ForkJoinPool.commonPool-worker-2/WARN] Missing model for: minecraft:simple_block_6318#facing=west
[22:17:40] [ForkJoinPool.commonPool-worker-2/WARN] No weighted models for: minecraft:simple_block_6318#facing=west
[22:17:40] [ForkJoinPool.commonPool-worker-4/WARN] Missing model for: minecraft:simple_block_6261#facing=north
[22:17:40] [ForkJoinPool.commonPool-worker-4/WARN] No weighted models for: minecraft:simple_block_6261#facing=north
[22:17:40] [ForkJoinPool.commonPool-worker-2/WARN] Missing model for: minecraft:simple_block_6270#facing=south
[22:17:40] [ForkJoinPool.commonPool-worker-2/WARN] No weighted models for: minecraft:simple_block_6270#facing=south
[22:17:40] [ForkJoinPool.commonPool-worker-2/WARN] Missing model for: minecraft:simple_block_6198#facing=west
[22:17:40] [ForkJoinPool.commonPool-worker-2/WARN] No weighted models for: minecraft:simple_block_6198#facing=west
[22:17:40] [ForkJoinPool.commonPool-worker-4/WARN] Missing model for: minecraft:simple_block_6215#facing=west
[22:17:40] [ForkJoinPool.commonPool-worker-4/WARN] No weighted models for: minecraft:simple_block_6215#facing=west
[22:17:40] [ForkJoinPool.commonPool-worker-7/WARN] Missing model for: minecraft:simple_block_6167#facing=west
[22:17:40] [ForkJoinPool.commonPool-worker-7/WARN] No weighted models for: minecraft:simple_block_6167#facing=west
[22:17:40] [ForkJoinPool.commonPool-worker-4/WARN] Missing model for: minecraft:simple_block_6285#facing=west
[22:17:40] [ForkJoinPool.commonPool-worker-4/WARN] No weighted models for: minecraft:simple_block_6285#facing=west
[22:17:40] [ForkJoinPool.commonPool-worker-4/WARN] Missing model for: minecraft:simple_block_6272#facing=west
[22:17:40] [ForkJoinPool.commonPool-worker-4/WARN] No weighted models for: minecraft:simple_block_6272#facing=west
[22:17:40] [ForkJoinPool.commonPool-worker-7/WARN] Missing model for: minecraft:simple_block_6193#facing=west
[22:17:40] [ForkJoinPool.commonPool-worker-7/WARN] No weighted models for: minecraft:simple_block_6193#facing=west
[22:17:40] [ForkJoinPool.commonPool-worker-2/WARN] Missing model for: minecraft:simple_block_6320#facing=south
[22:17:40] [ForkJoinPool.commonPool-worker-2/WARN] No weighted models for: minecraft:simple_block_6320#facing=south
[22:17:40] [ForkJoinPool.commonPool-worker-2/WARN] Missing model for: minecraft:simple_block_6169#facing=east
[22:17:40] [ForkJoinPool.commonPool-worker-2/WARN] No weighted models for: minecraft:simple_block_6169#facing=east
[22:17:40] [ForkJoinPool.commonPool-worker-4/WARN] Missing model for: minecraft:simple_block_6266#facing=north
[22:17:40] [ForkJoinPool.commonPool-worker-4/WARN] No weighted models for: minecraft:simple_block_6266#facing=north
[22:17:40] [ForkJoinPool.commonPool-worker-7/WARN] Missing model for: minecraft:simple_block_6246#facing=south
[22:17:40] [ForkJoinPool.commonPool-worker-7/WARN] No weighted models for: minecraft:simple_block_6246#facing=south
[22:17:40] [ForkJoinPool.commonPool-worker-4/WARN] Missing model for: minecraft:simple_block_6158#facing=west
[22:17:40] [ForkJoinPool.commonPool-worker-4/WARN] No weighted models for: minecraft:simple_block_6158#facing=west
[22:17:40] [ForkJoinPool.commonPool-worker-7/WARN] Missing model for: minecraft:simple_block_6320#facing=north
[22:17:40] [ForkJoinPool.commonPool-worker-7/WARN] No weighted models for: minecraft:simple_block_6320#facing=north
[22:17:40] [ForkJoinPool.commonPool-worker-4/WARN] Missing model for: minecraft:simple_block_6230#facing=north
[22:17:40] [ForkJoinPool.commonPool-worker-4/WARN] No weighted models for: minecraft:simple_block_6230#facing=north
[22:17:40] [ForkJoinPool.commonPool-worker-2/WARN] Missing model for: minecraft:simple_block_6196#facing=north
[22:17:40] [ForkJoinPool.commonPool-worker-2/WARN] No weighted models for: minecraft:simple_block_6196#facing=north
[22:17:40] [ForkJoinPool.commonPool-worker-2/WARN] Missing model for: minecraft:simple_block_6183#facing=north
[22:17:40] [ForkJoinPool.commonPool-worker-2/WARN] No weighted models for: minecraft:simple_block_6183#facing=north
[22:17:40] [ForkJoinPool.commonPool-worker-2/WARN] Missing model for: minecraft:simple_block_6274#facing=east
[22:17:40] [ForkJoinPool.commonPool-worker-2/WARN] No weighted models for: minecraft:simple_block_6274#facing=east
[22:17:40] [ForkJoinPool.commonPool-worker-7/WARN] Missing model for: minecraft:simple_block_6217#facing=east
[22:17:40] [ForkJoinPool.commonPool-worker-7/WARN] No weighted models for: minecraft:simple_block_6217#facing=east
[22:17:40] [ForkJoinPool.commonPool-worker-7/WARN] Missing model for: minecraft:simple_block_6193#facing=east
[22:17:40] [ForkJoinPool.commonPool-worker-7/WARN] No weighted models for: minecraft:simple_block_6193#facing=east
[22:17:40] [ForkJoinPool.commonPool-worker-3/WARN] Missing model for: minecraft:simple_block_6252#facing=east
[22:17:40] [ForkJoinPool.commonPool-worker-3/WARN] No weighted models for: minecraft:simple_block_6252#facing=east
[22:17:40] [ForkJoinPool.commonPool-worker-4/WARN] Missing model for: minecraft:simple_block_6199#facing=north
[22:17:40] [ForkJoinPool.commonPool-worker-4/WARN] No weighted models for: minecraft:simple_block_6199#facing=north
[22:17:40] [ForkJoinPool.commonPool-worker-4/WARN] Missing model for: minecraft:simple_block_6254#facing=east
[22:17:40] [ForkJoinPool.commonPool-worker-4/WARN] No weighted models for: minecraft:simple_block_6254#facing=east
[22:17:40] [ForkJoinPool.commonPool-worker-4/WARN] Missing model for: minecraft:simple_block_6288#facing=south
[22:17:40] [ForkJoinPool.commonPool-worker-4/WARN] No weighted models for: minecraft:simple_block_6288#facing=south
[22:17:40] [ForkJoinPool.commonPool-worker-3/WARN] Missing model for: minecraft:simple_block_6322#facing=east
[22:17:40] [ForkJoinPool.commonPool-worker-3/WARN] No weighted models for: minecraft:simple_block_6322#facing=east
[22:17:40] [ForkJoinPool.commonPool-worker-4/WARN] Missing model for: minecraft:simple_block_6223#facing=east
[22:17:40] [ForkJoinPool.commonPool-worker-4/WARN] No weighted models for: minecraft:simple_block_6223#facing=east
[22:17:40] [ForkJoinPool.commonPool-worker-4/WARN] Missing model for: minecraft:simple_block_6187#facing=east
[22:17:40] [ForkJoinPool.commonPool-worker-4/WARN] No weighted models for: minecraft:simple_block_6187#facing=east
[22:17:40] [ForkJoinPool.commonPool-worker-3/WARN] Missing model for: minecraft:simple_block_6250#facing=north
[22:17:40] [ForkJoinPool.commonPool-worker-3/WARN] No weighted models for: minecraft:simple_block_6250#facing=north
[22:17:40] [ForkJoinPool.commonPool-worker-3/WARN] Missing model for: minecraft:simple_block_6264#facing=north
[22:17:40] [ForkJoinPool.commonPool-worker-3/WARN] No weighted models for: minecraft:simple_block_6264#facing=north
[22:17:40] [ForkJoinPool.commonPool-worker-4/WARN] Missing model for: minecraft:simple_block_6176#facing=east
[22:17:40] [ForkJoinPool.commonPool-worker-4/WARN] No weighted models for: minecraft:simple_block_6176#facing=east
[22:17:40] [ForkJoinPool.commonPool-worker-3/WARN] Missing model for: minecraft:simple_block_6325#facing=south
[22:17:40] [ForkJoinPool.commonPool-worker-3/WARN] No weighted models for: minecraft:simple_block_6325#facing=south
[22:17:40] [ForkJoinPool.commonPool-worker-4/WARN] Missing model for: minecraft:simple_block_6257#facing=east
[22:17:40] [ForkJoinPool.commonPool-worker-4/WARN] No weighted models for: minecraft:simple_block_6257#facing=east
[22:17:40] [ForkJoinPool.commonPool-worker-4/WARN] Missing model for: minecraft:simple_block_6168#facing=north
[22:17:40] [ForkJoinPool.commonPool-worker-4/WARN] No weighted models for: minecraft:simple_block_6168#facing=north
[22:17:40] [ForkJoinPool.commonPool-worker-3/WARN] Missing model for: minecraft:simple_block_6217#facing=west
[22:17:40] [ForkJoinPool.commonPool-worker-3/WARN] No weighted models for: minecraft:simple_block_6217#facing=west
[22:17:40] [ForkJoinPool.commonPool-worker-3/WARN] Missing model for: minecraft:simple_block_6194#facing=north
[22:17:40] [ForkJoinPool.commonPool-worker-3/WARN] No weighted models for: minecraft:simple_block_6194#facing=north
[22:17:40] [ForkJoinPool.commonPool-worker-3/WARN] Missing model for: minecraft:simple_block_6185#facing=north
[22:17:40] [ForkJoinPool.commonPool-worker-3/WARN] No weighted models for: minecraft:simple_block_6185#facing=north
[22:17:40] [ForkJoinPool.commonPool-worker-3/WARN] Missing model for: minecraft:simple_block_6299#facing=east
[22:17:40] [ForkJoinPool.commonPool-worker-3/WARN] No weighted models for: minecraft:simple_block_6299#facing=east
[22:17:40] [ForkJoinPool.commonPool-worker-3/WARN] Missing model for: minecraft:simple_block_6230#facing=south
[22:17:40] [ForkJoinPool.commonPool-worker-3/WARN] No weighted models for: minecraft:simple_block_6230#facing=south
[22:17:40] [ForkJoinPool.commonPool-worker-4/WARN] Missing model for: minecraft:simple_block_6259#facing=east
[22:17:40] [ForkJoinPool.commonPool-worker-4/WARN] No weighted models for: minecraft:simple_block_6259#facing=east
[22:17:40] [ForkJoinPool.commonPool-worker-3/WARN] Missing model for: minecraft:simple_block_6176#facing=south
[22:17:40] [ForkJoinPool.commonPool-worker-3/WARN] No weighted models for: minecraft:simple_block_6176#facing=south
[22:17:40] [ForkJoinPool.commonPool-worker-4/WARN] Missing model for: minecraft:simple_block_6189#facing=east
[22:17:40] [ForkJoinPool.commonPool-worker-4/WARN] No weighted models for: minecraft:simple_block_6189#facing=east
[22:17:40] [ForkJoinPool.commonPool-worker-4/WARN] Missing model for: minecraft:simple_block_6284#facing=north
[22:17:40] [ForkJoinPool.commonPool-worker-4/WARN] No weighted models for: minecraft:simple_block_6284#facing=north
[22:17:40] [ForkJoinPool.commonPool-worker-3/WARN] Missing model for: minecraft:simple_block_6308#facing=north
[22:17:40] [ForkJoinPool.commonPool-worker-3/WARN] No weighted models for: minecraft:simple_block_6308#facing=north
[22:17:40] [ForkJoinPool.commonPool-worker-3/WARN] Missing model for: minecraft:simple_block_6290#facing=north
[22:17:40] [ForkJoinPool.commonPool-worker-3/WARN] No weighted models for: minecraft:simple_block_6290#facing=north
[22:17:40] [ForkJoinPool.commonPool-worker-3/WARN] Missing model for: minecraft:simple_block_6299#facing=west
[22:17:40] [ForkJoinPool.commonPool-worker-3/WARN] No weighted models for: minecraft:simple_block_6299#facing=west
[22:17:40] [ForkJoinPool.commonPool-worker-3/WARN] Missing model for: minecraft:simple_block_6173#facing=east
[22:17:40] [ForkJoinPool.commonPool-worker-3/WARN] No weighted models for: minecraft:simple_block_6173#facing=east
[22:17:40] [ForkJoinPool.commonPool-worker-3/WARN] Missing model for: minecraft:simple_block_6316#facing=south
[22:17:40] [ForkJoinPool.commonPool-worker-3/WARN] No weighted models for: minecraft:simple_block_6316#facing=south
[22:17:40] [ForkJoinPool.commonPool-worker-1/INFO] [DEBUG] Atlas assembly for 4.546ms
[22:17:40] [Client thread/INFO] [DEBUG] upload atlas for 13.118ms
[22:17:40] [Client thread/INFO] [DEBUG] Generate mipmaps for 0.004ms
[22:17:40] [Client thread/INFO] [OptiFine] Animated sprites: 0
[22:17:40] [Client thread/INFO] [OptiFine] CustomColors: Loading mcpatcher/color.properties
[22:17:40] [Client thread/INFO] Textures loaded for 471.281ms
[22:17:40] [Client thread/INFO] [STDOUT]: [Enginex v5.16.1 - Wada] [Wada/debug] handshake complete (w4:load), awaitingHandshake=false, sessionId=19
[22:17:40] [Client thread/INFO] Start loading of mod SkyBlockLobby
[22:17:40] [Client thread/INFO] Loading classes of SkyBlockLobby
[22:17:40] [ForkJoinPool.commonPool-worker-5/INFO] SkyBlockLobby-v1.0.0+12779a9: class verification completed in 3ms
[22:17:40] [ForkJoinPool.commonPool-worker-5/INFO] SkyBlockLobby-v1.0.0+12779a9: defineClasses completed in 0ms
[22:17:40] [ForkJoinPool.commonPool-worker-5/INFO] Loaded classes in mod SkyBlockLobby in 5 ms
[22:17:40] [Client thread/INFO] Loading mod SkyBlockLobby v1.0.0+12779a9 by Cristalix
[22:17:40] [Client thread/INFO] [STDOUT]: [Enginex v5.13.4 - SkyBlockLobby] VAO support: true
[22:17:40] [Client thread/INFO] [STDOUT]: [Enginex v5.13.4 - SkyBlockLobby] Initialization with mod SkyBlockLobby
[22:17:40] [Client thread/INFO] [STDOUT]: [Enginex v5.13.4 - SkyBlockLobby] Successfully initialized
[22:17:40] [Client thread/INFO] Loaded mod SkyBlockLobby v1.0.0+12779a9 in 190 ms
[22:17:47] [Network thread/INFO] Protocol upgrade mask: 157
[22:17:47] [Network thread/INFO] Upgrading protocol
[22:17:47] [Client thread/INFO] Invalidating server data
[22:17:47] [Client thread/INFO] Unloading mod SkyBlockLobby/74918d33-6349-e518-c0b6-80f9fabac979
[22:17:47] [Client thread/INFO] [STDOUT]: [Enginex v5.16.1 - Wada] [Wada/debug] reload requested: ServerSwitch
[22:17:47] [Client thread/INFO] [STDOUT]: [Enginex v5.16.1 - Wada] [Wada/debug] cleanAndReload begin: sessionId=20, awaitingHandshake=true
[22:17:47] [Client thread/INFO] [STDOUT]: [Enginex v5.16.1 - Wada] VAO support: true
[22:17:47] [Client thread/INFO] [STDOUT]: [Enginex v5.16.1 - Wada] Initialization with mod Wada
[22:17:47] [Client thread/INFO] [STDOUT]: [Enginex v5.16.1 - Wada] Successfully initialized
[22:17:48] [Client thread/INFO] [STDOUT]: [Enginex v5.16.1 - Wada] [Wada/debug] handshake complete (w4:load), awaitingHandshake=false, sessionId=20
[22:17:48] [Client thread/INFO] [CHAT] 
[22:17:48] [Client thread/INFO] [CHAT]  Приветствуем вас на Crystalia SkyBlock!
[22:17:48] [Client thread/INFO] [CHAT]  Желаем приятной игры!
[22:17:48] [Client thread/INFO] [CHAT]  Информация об игре в /main!
[22:17:48] [Client thread/INFO] [CHAT]   
[22:17:48] [Client thread/INFO] Found file C:\Users\tveiv\.cristalix\updates\Minigames\server-resource-packs\d638fe3afa6272328ac7780b08e14c49a2935a8b without verification hash
[22:17:48] [Client thread/INFO] Allocated new cache for server resource pack
[22:17:48] [Client thread/INFO] Joining server SkyBlock Crystalia
[22:17:48] [voice-openal-speaker/ERROR] Voicechat sound manager ALC error: #bBYjU.sb[68] Invalid device
[22:17:48] [vc-microphone/INFO] Use OpenAL Soft on Микрофон (MCHOSE V9 PRO) as microphone
[22:17:48] [Client thread/INFO] Reloading ResourceManager: assets-addon.jar, Default, d638fe3afa6272328ac7780b08e14c49a2935a8b
[22:17:48] [vc-microphone/INFO] Microphone closed
[22:17:48] [Client thread/WARN] Missing sound for event: minecraft:entity.turtle.ambient
[22:17:48] [Client thread/WARN] Missing sound for event: minecraft:entity.turtle.baby_hurt
[22:17:48] [Client thread/WARN] Missing sound for event: minecraft:entity.turtle.hurt
[22:17:48] [Client thread/WARN] Missing sound for event: minecraft:entity.turtle.baby_death
[22:17:48] [Client thread/WARN] Missing sound for event: minecraft:entity.turtle.death
[22:17:48] [Client thread/WARN] Missing sound for event: minecraft:entity.turtle.baby_step
[22:17:48] [Client thread/WARN] Missing sound for event: minecraft:entity.turtle.step
[22:17:48] [Client thread/WARN] Missing sound for event: minecraft:entity.turtle.swim
[22:17:48] [Client thread/WARN] Missing sound for event: minecraft:block.turtle_egg.crack
[22:17:48] [Client thread/WARN] Missing sound for event: minecraft:block.turtle_egg.egg_break
[22:17:48] [Client thread/WARN] Missing sound for event: minecraft:block.turtle_egg.fall
[22:17:48] [Client thread/WARN] Missing sound for event: minecraft:block.turtle_egg.hatch
[22:17:48] [Client thread/INFO] SoundSystem shutting down...
[22:17:48] [Client thread/WARN] Author: Paul Lamb, www.paulscode.com
[22:17:48] [Client thread/INFO] Starting up SoundSystem...
[22:17:48] [Thread-83/INFO] Initializing LWJGL OpenAL
[22:17:48] [Thread-83/INFO] (The LWJGL binding of OpenAL.  For more information, see http://www.lwjgl.org)
[22:17:48] [Thread-83/INFO] OpenAL audio device: OpenAL Soft on Динамики (MCHOSE V9 PRO)
[22:17:48] [Thread-83/INFO] OpenAL initialized.
[22:17:48] [Client thread/INFO] Sound engine reloaded
[22:17:48] [ForkJoinPool.commonPool-worker-4/WARN] Unable to load variant: axis=x from minecraft:lodestone#axis=x
[22:17:48] [ForkJoinPool.commonPool-worker-4/WARN] Unable to load variant: axis=y from minecraft:lodestone#axis=y
[22:17:48] [ForkJoinPool.commonPool-worker-4/WARN] Unable to load variant: axis=z from minecraft:lodestone#axis=z
[22:17:49] [ForkJoinPool.commonPool-worker-4/WARN] Unable to load block model: 'minecraft:block/simple_block_6258' for variant: 'minecraft:simple_block_6258#facing=west': #JVZLS 
[22:17:49] [ForkJoinPool.commonPool-worker-4/WARN] Unable to load block model: 'minecraft:block/simple_block_6188' for variant: 'minecraft:simple_block_6188#facing=east': #JVZLS 
[22:17:49] [ForkJoinPool.commonPool-worker-4/WARN] Unable to load block model: 'minecraft:block/simple_block_6214' for variant: 'minecraft:simple_block_6214#facing=south': #JVZLS 
[22:17:49] [ForkJoinPool.commonPool-worker-4/WARN] Unable to load block model: 'minecraft:block/simple_block_6169' for variant: 'minecraft:simple_block_6169#facing=north': #JVZLS 
[22:17:49] [ForkJoinPool.commonPool-worker-4/WARN] Unable to load block model: 'minecraft:block/simple_block_6170' for variant: 'minecraft:simple_block_6170#facing=south': #JVZLS 
[22:17:49] [ForkJoinPool.commonPool-worker-4/WARN] Unable to load block model: 'minecraft:block/simple_block_6328' for variant: 'minecraft:simple_block_6328#facing=west': #JVZLS 
[22:17:49] [ForkJoinPool.commonPool-worker-4/WARN] Unable to load block model: 'minecraft:block/simple_block_6289' for variant: 'minecraft:simple_block_6289#facing=east': #JVZLS 
[22:17:49] [ForkJoinPool.commonPool-worker-4/WARN] Unable to load block model: 'minecraft:block/simple_block_6289' for variant: 'minecraft:simple_block_6289#facing=west': #JVZLS 
[22:17:49] [ForkJoinPool.commonPool-worker-4/WARN] Unable to load block model: 'minecraft:block/simple_block_6328' for variant: 'minecraft:simple_block_6328#facing=east': #JVZLS 
[22:17:49] [ForkJoinPool.commonPool-worker-4/WARN] Unable to load block model: 'minecraft:block/simple_block_6239' for variant: 'minecraft:simple_block_6239#facing=north': #JVZLS 
[22:17:49] [ForkJoinPool.commonPool-worker-4/WARN] Unable to load block model: 'minecraft:block/simple_block_6315' for variant: 'minecraft:simple_block_6315#facing=south': #JVZLS 
[22:17:49] [ForkJoinPool.commonPool-worker-4/WARN] Unable to load block model: 'minecraft:block/simple_block_6245' for variant: 'minecraft:simple_block_6245#facing=south': #JVZLS 
[22:17:49] [ForkJoinPool.commonPool-worker-4/WARN] Unable to load block model: 'minecraft:block/simple_block_6309' for variant: 'minecraft:simple_block_6309#facing=north': #JVZLS 
[22:17:49] [ForkJoinPool.commonPool-worker-4/WARN] Unable to load block model: 'minecraft:block/simple_block_6258' for variant: 'minecraft:simple_block_6258#facing=east': #JVZLS 
[22:17:49] [ForkJoinPool.commonPool-worker-4/WARN] Unable to load block model: 'minecraft:block/simple_block_6284' for variant: 'minecraft:simple_block_6284#facing=west': #JVZLS 
[22:17:49] [ForkJoinPool.commonPool-worker-4/WARN] Unable to load block model: 'minecraft:block/simple_block_6265' for variant: 'minecraft:simple_block_6265#facing=north': #JVZLS 
[22:17:49] [ForkJoinPool.commonPool-worker-4/WARN] Unable to load block model: 'minecraft:block/simple_block_6157' for variant: 'minecraft:simple_block_6157#facing=east': #JVZLS 
[22:17:49] [ForkJoinPool.commonPool-worker-4/WARN] Unable to load block model: 'minecraft:block/simple_block_6183' for variant: 'minecraft:simple_block_6183#facing=west': #JVZLS 
[22:17:49] [ForkJoinPool.commonPool-worker-4/WARN] Unable to load block model: 'minecraft:block/simple_block_6253' for variant: 'minecraft:simple_block_6253#facing=east': #JVZLS 
[22:17:49] [ForkJoinPool.commonPool-worker-4/WARN] Unable to load block model: 'minecraft:block/simple_block_6157' for variant: 'minecraft:simple_block_6157#facing=west': #JVZLS 
[22:17:49] [ForkJoinPool.commonPool-worker-4/WARN] Unable to load block model: 'minecraft:block/simple_block_6310' for variant: 'minecraft:simple_block_6310#facing=south': #JVZLS 
[22:17:49] [ForkJoinPool.commonPool-worker-4/WARN] Unable to load block model: 'minecraft:block/simple_block_6219' for variant: 'minecraft:simple_block_6219#facing=south': #JVZLS 
[22:17:49] [ForkJoinPool.commonPool-worker-4/WARN] Unable to load block model: 'minecraft:block/simple_block_6296' for variant: 'minecraft:simple_block_6296#facing=north': #JVZLS 
[22:17:49] [ForkJoinPool.commonPool-worker-4/WARN] Unable to load block model: 'minecraft:block/simple_block_6188' for variant: 'minecraft:simple_block_6188#facing=west': #JVZLS 
[22:17:49] [ForkJoinPool.commonPool-worker-4/WARN] Unable to load block model: 'minecraft:block/simple_block_6284' for variant: 'minecraft:simple_block_6284#facing=east': #JVZLS 
[22:17:49] [ForkJoinPool.commonPool-worker-4/WARN] Unable to load block model: 'minecraft:block/simple_block_6312' for variant: 'minecraft:simple_block_6312#facing=east': #JVZLS 
[22:17:49] [ForkJoinPool.commonPool-worker-4/WARN] Unable to load block model: 'minecraft:block/simple_block_6312' for variant: 'minecraft:simple_block_6312#facing=west': #JVZLS 
[22:17:49] [ForkJoinPool.commonPool-worker-4/WARN] Unable to load block model: 'minecraft:block/simple_block_6234' for variant: 'minecraft:simple_block_6234#facing=north': #JVZLS 
[22:17:49] [ForkJoinPool.commonPool-worker-4/WARN] Unable to load block model: 'minecraft:block/simple_block_6242' for variant: 'minecraft:simple_block_6242#facing=east': #JVZLS 
[22:17:49] [ForkJoinPool.commonPool-worker-4/WARN] Unable to load block model: 'minecraft:block/simple_block_6276' for variant: 'minecraft:simple_block_6276#facing=south': #JVZLS 
[22:17:49] [ForkJoinPool.commonPool-worker-4/WARN] Unable to load block model: 'minecraft:block/simple_block_6211' for variant: 'minecraft:simple_block_6211#facing=east': #JVZLS 
[22:17:49] [ForkJoinPool.commonPool-worker-4/WARN] Unable to load block model: 'minecraft:block/simple_block_6211' for variant: 'minecraft:simple_block_6211#facing=west': #JVZLS 
[22:17:49] [ForkJoinPool.commonPool-worker-4/WARN] Unable to load block model: 'minecraft:block/simple_block_6242' for variant: 'minecraft:simple_block_6242#facing=west': #JVZLS 
[22:17:49] [ForkJoinPool.commonPool-worker-4/WARN] Unable to load block model: 'minecraft:block/simple_block_6323' for variant: 'minecraft:simple_block_6323#facing=west': #JVZLS 
[22:17:49] [ForkJoinPool.commonPool-worker-4/WARN] Unable to load block model: 'minecraft:block/simple_block_6164' for variant: 'minecraft:simple_block_6164#facing=north': #JVZLS 
[22:17:49] [ForkJoinPool.commonPool-worker-4/WARN] Unable to load block model: 'minecraft:block/simple_block_6203' for variant: 'minecraft:simple_block_6203#facing=north': #JVZLS 
[22:17:49] [ForkJoinPool.commonPool-worker-4/WARN] Unable to load block model: 'minecraft:block/simple_block_6273' for variant: 'minecraft:simple_block_6273#facing=east': #JVZLS 
[22:17:49] [ForkJoinPool.commonPool-worker-4/WARN] Unable to load block model: 'minecraft:block/simple_block_6273' for variant: 'minecraft:simple_block_6273#facing=west': #JVZLS 
[22:17:49] [ForkJoinPool.commonPool-worker-4/WARN] Unable to load block model: 'minecraft:block/simple_block_6326' for variant: 'minecraft:simple_block_6326#facing=south': #JVZLS 
[22:17:49] [ForkJoinPool.commonPool-worker-4/WARN] Unable to load block model: 'minecraft:block/simple_block_6208' for variant: 'minecraft:simple_block_6208#facing=north': #JVZLS 
[22:17:49] [ForkJoinPool.commonPool-worker-4/WARN] Unable to load block model: 'minecraft:block/simple_block_6195' for variant: 'minecraft:simple_block_6195#facing=north': #JVZLS 
[22:17:49] [ForkJoinPool.commonPool-worker-4/WARN] Unable to load block model: 'minecraft:block/simple_block_6240' for variant: 'minecraft:simple_block_6240#facing=south': #JVZLS 
[22:17:49] [ForkJoinPool.commonPool-worker-4/WARN] Unable to load block model: 'minecraft:block/simple_block_6271' for variant: 'minecraft:simple_block_6271#facing=south': #JVZLS 
[22:17:49] [ForkJoinPool.commonPool-worker-4/WARN] Unable to load block model: 'minecraft:block/simple_block_6199' for variant: 'minecraft:simple_block_6199#facing=west': #JVZLS 
[22:17:49] [ForkJoinPool.commonPool-worker-4/WARN] Unable to load block model: 'minecraft:block/simple_block_6323' for variant: 'minecraft:simple_block_6323#facing=east': #JVZLS 
[22:17:49] [ForkJoinPool.commonPool-worker-4/WARN] Unable to load block model: 'minecraft:block/simple_block_6190' for variant: 'minecraft:simple_block_6190#facing=north': #JVZLS 
[22:17:49] [ForkJoinPool.commonPool-worker-4/WARN] Unable to load block model: 'minecraft:block/simple_block_6269' for variant: 'minecraft:simple_block_6269#facing=east': #JVZLS 
[22:17:49] [ForkJoinPool.commonPool-worker-4/WARN] Unable to load block model: 'minecraft:block/simple_block_6269' for variant: 'minecraft:simple_block_6269#facing=west': #JVZLS 
[22:17:49] [ForkJoinPool.commonPool-worker-4/WARN] Unable to load block model: 'minecraft:block/simple_block_6177' for variant: 'minecraft:simple_block_6177#facing=west': #JVZLS 
[22:17:49] [ForkJoinPool.commonPool-worker-4/WARN] Unable to load block model: 'minecraft:block/simple_block_6177' for variant: 'minecraft:simple_block_6177#facing=east': #JVZLS 
[22:17:49] [ForkJoinPool.commonPool-worker-4/WARN] Unable to load block model: 'minecraft:block/simple_block_6203' for variant: 'minecraft:simple_block_6203#facing=south': #JVZLS 
[22:17:49] [ForkJoinPool.commonPool-worker-4/WARN] Unable to load block model: 'minecraft:block/simple_block_6199' for variant: 'minecraft:simple_block_6199#facing=east': #JVZLS 
[22:17:49] [ForkJoinPool.commonPool-worker-4/WARN] Unable to load block model: 'minecraft:block/simple_block_6247' for variant: 'minecraft:simple_block_6247#facing=west': #JVZLS 
[22:17:49] [ForkJoinPool.commonPool-worker-4/WARN] Unable to load block model: 'minecraft:block/simple_block_6158' for variant: 'minecraft:simple_block_6158#facing=north': #JVZLS 
[22:17:49] [ForkJoinPool.commonPool-worker-4/WARN] Unable to load block model: 'minecraft:block/simple_block_6228' for variant: 'minecraft:simple_block_6228#facing=north': #JVZLS 
[22:17:49] [ForkJoinPool.commonPool-worker-4/WARN] Unable to load block model: 'minecraft:block/simple_block_6247' for variant: 'minecraft:simple_block_6247#facing=east': #JVZLS 
[22:17:49] [ForkJoinPool.commonPool-worker-4/WARN] Unable to load block model: 'minecraft:block/simple_block_6295' for variant: 'minecraft:simple_block_6295#facing=west': #JVZLS 
[22:17:49] [ForkJoinPool.commonPool-worker-4/WARN] Unable to load block model: 'minecraft:block/simple_block_6219' for variant: 'minecraft:simple_block_6219#facing=north': #JVZLS 
[22:17:49] [ForkJoinPool.commonPool-worker-4/WARN] Unable to load block model: 'minecraft:block/simple_block_6164' for variant: 'minecraft:simple_block_6164#facing=south': #JVZLS 
[22:17:49] [ForkJoinPool.commonPool-worker-4/WARN] Unable to load block model: 'minecraft:block/simple_block_6220' for variant: 'minecraft:simple_block_6220#facing=south': #JVZLS 
[22:17:49] [ForkJoinPool.commonPool-worker-4/WARN] Unable to load block model: 'minecraft:block/simple_block_6200' for variant: 'minecraft:simple_block_6200#facing=east': #JVZLS 
[22:17:49] [ForkJoinPool.commonPool-worker-4/WARN] Unable to load block model: 'minecraft:block/simple_block_6291' for variant: 'minecraft:simple_block_6291#facing=south': #JVZLS 
[22:17:49] [ForkJoinPool.commonPool-worker-4/WARN] Unable to load block model: 'minecraft:block/simple_block_6184' for variant: 'minecraft:simple_block_6184#facing=north': #JVZLS 
[22:17:49] [ForkJoinPool.commonPool-worker-4/WARN] Unable to load block model: 'minecraft:block/simple_block_6207' for variant: 'minecraft:simple_block_6207#facing=west': #JVZLS 
[22:17:49] [ForkJoinPool.commonPool-worker-4/WARN] Unable to load block model: 'minecraft:block/simple_block_6282' for variant: 'minecraft:simple_block_6282#facing=south': #JVZLS 
[22:17:49] [ForkJoinPool.commonPool-worker-4/WARN] Unable to load block model: 'minecraft:block/simple_block_6260' for variant: 'minecraft:simple_block_6260#facing=north': #JVZLS 
[22:17:49] [ForkJoinPool.commonPool-worker-4/WARN] Unable to load block model: 'minecraft:block/simple_block_6207' for variant: 'minecraft:simple_block_6207#facing=east': #JVZLS 
[22:17:49] [ForkJoinPool.commonPool-worker-4/WARN] Unable to load block model: 'minecraft:block/simple_block_6324' for variant: 'minecraft:simple_block_6324#facing=north': #JVZLS 
[22:17:49] [ForkJoinPool.commonPool-worker-4/WARN] Unable to load block model: 'minecraft:block/simple_block_6280' for variant: 'minecraft:simple_block_6280#facing=north': #JVZLS 
[22:17:49] [ForkJoinPool.commonPool-worker-4/WARN] Unable to load block model: 'minecraft:block/simple_block_6298' for variant: 'minecraft:simple_block_6298#facing=south': #JVZLS 
[22:17:49] [ForkJoinPool.commonPool-worker-4/WARN] Unable to load block model: 'minecraft:block/simple_block_6233' for variant: 'minecraft:simple_block_6233#facing=east': #JVZLS 
[22:17:49] [ForkJoinPool.commonPool-worker-4/WARN] Unable to load block model: 'minecraft:block/simple_block_6309' for variant: 'minecraft:simple_block_6309#facing=south': #JVZLS 
[22:17:49] [ForkJoinPool.commonPool-worker-4/WARN] Unable to load block model: 'minecraft:block/simple_block_6233' for variant: 'minecraft:simple_block_6233#facing=west': #JVZLS 
[22:17:49] [ForkJoinPool.commonPool-worker-4/WARN] Unable to load block model: 'minecraft:block/simple_block_6303' for variant: 'minecraft:simple_block_6303#facing=east': #JVZLS 
[22:17:49] [ForkJoinPool.commonPool-worker-4/WARN] Unable to load block model: 'minecraft:block/simple_block_6304' for variant: 'minecraft:simple_block_6304#facing=north': #JVZLS 
[22:17:49] [ForkJoinPool.commonPool-worker-4/WARN] Unable to load block model: 'minecraft:block/simple_block_6212' for variant: 'minecraft:simple_block_6212#facing=north': #JVZLS 
[22:17:49] [ForkJoinPool.commonPool-worker-4/WARN] Unable to load block model: 'minecraft:block/simple_block_6253' for variant: 'minecraft:simple_block_6253#facing=west': #JVZLS 
[22:17:49] [ForkJoinPool.commonPool-worker-4/WARN] Unable to load block model: 'minecraft:block/simple_block_6303' for variant: 'minecraft:simple_block_6303#facing=west': #JVZLS 
[22:17:49] [ForkJoinPool.commonPool-worker-4/WARN] Unable to load block model: 'minecraft:block/simple_block_6183' for variant: 'minecraft:simple_block_6183#facing=east': #JVZLS 
[22:17:49] [ForkJoinPool.commonPool-worker-4/WARN] Unable to load block model: 'minecraft:block/simple_block_6186' for variant: 'minecraft:simple_block_6186#facing=south': #JVZLS 
[22:17:49] [ForkJoinPool.commonPool-worker-4/WARN] Unable to load block model: 'minecraft:block/simple_block_6256' for variant: 'minecraft:simple_block_6256#facing=south': #JVZLS 
[22:17:49] [ForkJoinPool.commonPool-worker-4/WARN] Unable to load block model: 'minecraft:block/simple_block_6175' for variant: 'minecraft:simple_block_6175#facing=north': #JVZLS 
[22:17:49] [ForkJoinPool.commonPool-worker-4/WARN] Unable to load block model: 'minecraft:block/simple_block_6227' for variant: 'minecraft:simple_block_6227#facing=east': #JVZLS 
[22:17:49] [ForkJoinPool.commonPool-worker-4/WARN] Unable to load block model: 'minecraft:block/simple_block_6306' for variant: 'minecraft:simple_block_6306#facing=east': #JVZLS 
[22:17:49] [ForkJoinPool.commonPool-worker-4/WARN] Unable to load block model: 'minecraft:block/simple_block_6330' for variant: 'minecraft:simple_block_6330#facing=north': #JVZLS 
[22:17:49] [ForkJoinPool.commonPool-worker-4/WARN] Unable to load block model: 'minecraft:block/simple_block_6254' for variant: 'minecraft:simple_block_6254#facing=north': #JVZLS 
[22:17:49] [ForkJoinPool.commonPool-worker-4/WARN] Unable to load block model: 'minecraft:block/simple_block_6295' for variant: 'minecraft:simple_block_6295#facing=east': #JVZLS 
[22:17:49] [ForkJoinPool.commonPool-worker-4/WARN] Unable to load block model: 'minecraft:block/simple_block_6227' for variant: 'minecraft:simple_block_6227#facing=west': #JVZLS 
[22:17:49] [ForkJoinPool.commonPool-worker-4/WARN] Unable to load block model: 'minecraft:block/simple_block_6192' for variant: 'minecraft:simple_block_6192#facing=south': #JVZLS 
[22:17:49] [ForkJoinPool.commonPool-worker-4/WARN] Unable to load block model: 'minecraft:block/simple_block_6267' for variant: 'minecraft:simple_block_6267#facing=east': #JVZLS 
[22:17:49] [ForkJoinPool.commonPool-worker-4/WARN] Unable to load block model: 'minecraft:block/simple_block_6262' for variant: 'minecraft:simple_block_6262#facing=south': #JVZLS 
[22:17:49] [ForkJoinPool.commonPool-worker-4/WARN] Unable to load block model: 'minecraft:block/simple_block_6236' for variant: 'minecraft:simple_block_6236#facing=east': #JVZLS 
[22:17:49] [ForkJoinPool.commonPool-worker-4/WARN] Unable to load block model: 'minecraft:block/simple_block_6306' for variant: 'minecraft:simple_block_6306#facing=south': #JVZLS 
[22:17:49] [ForkJoinPool.commonPool-worker-4/WARN] Unable to load block model: 'minecraft:block/simple_block_6197' for variant: 'minecraft:simple_block_6197#facing=east': #JVZLS 
[22:17:49] [ForkJoinPool.commonPool-worker-4/WARN] Unable to load block model: 'minecraft:block/simple_block_6166' for variant: 'minecraft:simple_block_6166#facing=east': #JVZLS 
[22:17:49] [ForkJoinPool.commonPool-worker-4/WARN] Unable to load block model: 'minecraft:block/simple_block_6178' for variant: 'minecraft:simple_block_6178#facing=north': #JVZLS 
[22:17:49] [ForkJoinPool.commonPool-worker-4/WARN] Unable to load block model: 'minecraft:block/simple_block_6298' for variant: 'minecraft:simple_block_6298#facing=west': #JVZLS 
[22:17:49] [ForkJoinPool.commonPool-worker-4/WARN] Unable to load block model: 'minecraft:block/simple_block_6319' for variant: 'minecraft:simple_block_6319#facing=east': #JVZLS 
[22:17:49] [ForkJoinPool.commonPool-worker-4/WARN] Unable to load block model: 'minecraft:block/simple_block_6262' for variant: 'minecraft:simple_block_6262#facing=west': #JVZLS 
[22:17:49] [ForkJoinPool.commonPool-worker-4/WARN] Unable to load block model: 'minecraft:block/simple_block_6170' for variant: 'minecraft:simple_block_6170#facing=north': #JVZLS 
[22:17:49] [ForkJoinPool.commonPool-worker-4/WARN] Unable to load block model: 'minecraft:block/simple_block_6287' for variant: 'minecraft:simple_block_6287#facing=north': #JVZLS 
[22:17:49] [ForkJoinPool.commonPool-worker-4/WARN] Unable to load block model: 'minecraft:block/simple_block_6243' for variant: 'minecraft:simple_block_6243#facing=north': #JVZLS 
[22:17:49] [ForkJoinPool.commonPool-worker-4/WARN] Unable to load block model: 'minecraft:block/simple_block_6179' for variant: 'minecraft:simple_block_6179#facing=east': #JVZLS 
[22:17:49] [ForkJoinPool.commonPool-worker-4/WARN] Unable to load block model: 'minecraft:block/simple_block_6279' for variant: 'minecraft:simple_block_6279#facing=north': #JVZLS 
[22:17:49] [ForkJoinPool.commonPool-worker-4/WARN] Unable to load block model: 'minecraft:block/simple_block_6293' for variant: 'minecraft:simple_block_6293#facing=west': #JVZLS 
[22:17:49] [ForkJoinPool.commonPool-worker-4/WARN] Unable to load block model: 'minecraft:block/simple_block_6296' for variant: 'minecraft:simple_block_6296#facing=south': #JVZLS 
[22:17:49] [ForkJoinPool.commonPool-worker-4/WARN] Unable to load block model: 'minecraft:block/simple_block_6274' for variant: 'minecraft:simple_block_6274#facing=north': #JVZLS 
[22:17:49] [ForkJoinPool.commonPool-worker-4/WARN] Unable to load block model: 'minecraft:block/simple_block_6205' for variant: 'minecraft:simple_block_6205#facing=south': #JVZLS 
[22:17:49] [ForkJoinPool.commonPool-worker-4/WARN] Unable to load block model: 'minecraft:block/simple_block_6310' for variant: 'minecraft:simple_block_6310#facing=north': #JVZLS 
[22:17:49] [ForkJoinPool.commonPool-worker-4/WARN] Unable to load block model: 'minecraft:block/simple_block_6202' for variant: 'minecraft:simple_block_6202#facing=west': #JVZLS 
[22:17:49] [ForkJoinPool.commonPool-worker-4/WARN] Unable to load block model: 'minecraft:block/simple_block_6163' for variant: 'minecraft:simple_block_6163#facing=east': #JVZLS 
[22:17:49] [ForkJoinPool.commonPool-worker-4/WARN] Unable to load block model: 'minecraft:block/simple_block_6244' for variant: 'minecraft:simple_block_6244#facing=east': #JVZLS 
[22:17:49] [ForkJoinPool.commonPool-worker-4/WARN] Unable to load block model: 'minecraft:block/simple_block_6231' for variant: 'minecraft:simple_block_6231#facing=east': #JVZLS 
[22:17:49] [ForkJoinPool.commonPool-worker-4/WARN] Unable to load block model: 'minecraft:block/simple_block_6326' for variant: 'minecraft:simple_block_6326#facing=north': #JVZLS 
[22:17:49] [ForkJoinPool.commonPool-worker-4/WARN] Unable to load block model: 'minecraft:block/simple_block_6158' for variant: 'minecraft:simple_block_6158#facing=south': #JVZLS 
[22:17:49] [ForkJoinPool.commonPool-worker-4/WARN] Unable to load block model: 'minecraft:block/simple_block_6321' for variant: 'minecraft:simple_block_6321#facing=east': #JVZLS 
[22:17:49] [ForkJoinPool.commonPool-worker-4/WARN] Unable to load block model: 'minecraft:block/simple_block_6161' for variant: 'minecraft:simple_block_6161#facing=east': #JVZLS 
[22:17:49] [ForkJoinPool.commonPool-worker-4/WARN] Unable to load block model: 'minecraft:block/simple_block_6265' for variant: 'minecraft:simple_block_6265#facing=south': #JVZLS 
[22:17:49] [ForkJoinPool.commonPool-worker-4/WARN] Unable to load block model: 'minecraft:block/simple_block_6213' for variant: 'minecraft:simple_block_6213#facing=east': #JVZLS 
[22:17:49] [ForkJoinPool.commonPool-worker-4/WARN] Unable to load block model: 'minecraft:block/simple_block_6278' for variant: 'minecraft:simple_block_6278#facing=south': #JVZLS 
[22:17:49] [ForkJoinPool.commonPool-worker-4/WARN] Unable to load block model: 'minecraft:block/simple_block_6270' for variant: 'minecraft:simple_block_6270#facing=west': #JVZLS 
[22:17:49] [ForkJoinPool.commonPool-worker-4/WARN] Unable to load block model: 'minecraft:block/simple_block_6174' for variant: 'minecraft:simple_block_6174#facing=east': #JVZLS 
[22:17:49] [ForkJoinPool.commonPool-worker-4/WARN] Unable to load block model: 'minecraft:block/simple_block_6195' for variant: 'minecraft:simple_block_6195#facing=south': #JVZLS 
[22:17:49] [ForkJoinPool.commonPool-worker-4/WARN] Unable to load block model: 'minecraft:block/simple_block_6276' for variant: 'minecraft:simple_block_6276#facing=north': #JVZLS 
[22:17:49] [ForkJoinPool.commonPool-worker-4/WARN] Unable to load block model: 'minecraft:block/simple_block_6192' for variant: 'minecraft:simple_block_6192#facing=west': #JVZLS 
[22:17:49] [ForkJoinPool.commonPool-worker-4/WARN] Unable to load block model: 'minecraft:block/simple_block_6240' for variant: 'minecraft:simple_block_6240#facing=north': #JVZLS 
[22:17:49] [ForkJoinPool.commonPool-worker-4/WARN] Unable to load block model: 'minecraft:block/simple_block_6263' for variant: 'minecraft:simple_block_6263#facing=north': #JVZLS 
[22:17:49] [ForkJoinPool.commonPool-worker-4/WARN] Unable to load block model: 'minecraft:block/simple_block_6275' for variant: 'minecraft:simple_block_6275#facing=west': #JVZLS 
[22:17:49] [ForkJoinPool.commonPool-worker-4/WARN] Unable to load block model: 'minecraft:block/simple_block_6218' for variant: 'minecraft:simple_block_6218#facing=west': #JVZLS 
[22:17:49] [ForkJoinPool.commonPool-worker-4/WARN] Unable to load block model: 'minecraft:block/simple_block_6249' for variant: 'minecraft:simple_block_6249#facing=east': #JVZLS 
[22:17:49] [ForkJoinPool.commonPool-worker-4/WARN] Unable to load block model: 'minecraft:block/simple_block_6168' for variant: 'minecraft:simple_block_6168#facing=west': #JVZLS 
[22:17:49] [ForkJoinPool.commonPool-worker-4/WARN] Unable to load block model: 'minecraft:block/simple_block_6208' for variant: 'minecraft:simple_block_6208#facing=south': #JVZLS 
[22:17:49] [ForkJoinPool.commonPool-worker-4/WARN] Unable to load block model: 'minecraft:block/simple_block_6190' for variant: 'minecraft:simple_block_6190#facing=south': #JVZLS 
[22:17:49] [ForkJoinPool.commonPool-worker-4/WARN] Unable to load block model: 'minecraft:block/simple_block_6271' for variant: 'minecraft:simple_block_6271#facing=north': #JVZLS 
[22:17:49] [ForkJoinPool.commonPool-worker-4/WARN] Unable to load block model: 'minecraft:block/simple_block_6155' for variant: 'minecraft:simple_block_6155#facing=west': #JVZLS 
[22:17:49] [ForkJoinPool.commonPool-worker-4/WARN] Unable to load block model: 'minecraft:block/simple_block_6205' for variant: 'minecraft:simple_block_6205#facing=west': #JVZLS 
[22:17:49] [ForkJoinPool.commonPool-worker-4/WARN] Unable to load block model: 'minecraft:block/simple_block_6313' for variant: 'minecraft:simple_block_6313#facing=north': #JVZLS 
[22:17:49] [ForkJoinPool.commonPool-worker-4/WARN] Unable to load block model: 'minecraft:block/simple_block_6321' for variant: 'minecraft:simple_block_6321#facing=north': #JVZLS 
[22:17:49] [ForkJoinPool.commonPool-worker-4/WARN] Unable to load block model: 'minecraft:block/simple_block_6273' for variant: 'minecraft:simple_block_6273#facing=south': #JVZLS 
[22:17:49] [ForkJoinPool.commonPool-worker-4/WARN] Unable to load block model: 'minecraft:block/simple_block_6259' for variant: 'minecraft:simple_block_6259#facing=north': #JVZLS 
[22:17:49] [ForkJoinPool.commonPool-worker-4/WARN] Unable to load block model: 'minecraft:block/simple_block_6330' for variant: 'minecraft:simple_block_6330#facing=south': #JVZLS 
[22:17:49] [ForkJoinPool.commonPool-worker-4/WARN] Unable to load block model: 'minecraft:block/simple_block_6294' for variant: 'minecraft:simple_block_6294#facing=north': #JVZLS 
[22:17:49] [ForkJoinPool.commonPool-worker-4/WARN] Unable to load block model: 'minecraft:block/simple_block_6220' for variant: 'minecraft:simple_block_6220#facing=north': #JVZLS 
[22:17:49] [ForkJoinPool.commonPool-worker-4/WARN] Unable to load block model: 'minecraft:block/simple_block_6225' for variant: 'minecraft:simple_block_6225#facing=south': #JVZLS 
[22:17:49] [ForkJoinPool.commonPool-worker-4/WARN] Unable to load block model: 'minecraft:block/simple_block_6329' for variant: 'minecraft:simple_block_6329#facing=north': #JVZLS 
[22:17:49] [ForkJoinPool.commonPool-worker-4/WARN] Unable to load block model: 'minecraft:block/simple_block_6212' for variant: 'minecraft:simple_block_6212#facing=south': #JVZLS 
[22:17:49] [ForkJoinPool.commonPool-worker-4/WARN] Unable to load block model: 'minecraft:block/simple_block_6317' for variant: 'minecraft:simple_block_6317#facing=east': #JVZLS 
[22:17:49] [ForkJoinPool.commonPool-worker-4/WARN] Unable to load block model: 'minecraft:block/simple_block_6278' for variant: 'minecraft:simple_block_6278#facing=west': #JVZLS 
[22:17:49] [ForkJoinPool.commonPool-worker-4/WARN] Unable to load block model: 'minecraft:block/simple_block_6172' for variant: 'minecraft:simple_block_6172#facing=south': #JVZLS 
[22:17:49] [ForkJoinPool.commonPool-worker-4/WARN] Unable to load block model: 'minecraft:block/simple_block_6189' for variant: 'minecraft:simple_block_6189#facing=north': #JVZLS 
[22:17:49] [ForkJoinPool.commonPool-worker-4/WARN] Unable to load block model: 'minecraft:block/simple_block_6216' for variant: 'minecraft:simple_block_6216#facing=east': #JVZLS 
[22:17:49] [ForkJoinPool.commonPool-worker-4/WARN] Unable to load block model: 'minecraft:block/simple_block_6194' for variant: 'minecraft:simple_block_6194#facing=east': #JVZLS 
[22:17:49] [ForkJoinPool.commonPool-worker-4/WARN] Unable to load block model: 'minecraft:block/simple_block_6225' for variant: 'minecraft:simple_block_6225#facing=west': #JVZLS 
[22:17:49] [ForkJoinPool.commonPool-worker-4/WARN] Unable to load block model: 'minecraft:block/simple_block_6155' for variant: 'minecraft:simple_block_6155#facing=south': #JVZLS 
[22:17:49] [ForkJoinPool.commonPool-worker-4/WARN] Unable to load block model: 'minecraft:block/simple_block_6238' for variant: 'minecraft:simple_block_6238#facing=west': #JVZLS 
[22:17:49] [ForkJoinPool.commonPool-worker-4/WARN] Unable to load block model: 'minecraft:block/simple_block_6193' for variant: 'minecraft:simple_block_6193#facing=north': #JVZLS 
[22:17:49] [ForkJoinPool.commonPool-worker-4/WARN] Unable to load block model: 'minecraft:block/simple_block_6260' for variant: 'minecraft:simple_block_6260#facing=south': #JVZLS 
[22:17:49] [ForkJoinPool.commonPool-worker-4/WARN] Unable to load block model: 'minecraft:block/simple_block_6229' for variant: 'minecraft:simple_block_6229#facing=east': #JVZLS 
[22:17:49] [ForkJoinPool.commonPool-worker-4/WARN] Unable to load block model: 'minecraft:block/simple_block_6181' for variant: 'minecraft:simple_block_6181#facing=east': #JVZLS 
[22:17:49] [ForkJoinPool.commonPool-worker-4/WARN] Unable to load block model: 'minecraft:block/simple_block_6228' for variant: 'minecraft:simple_block_6228#facing=south': #JVZLS 
[22:17:49] [ForkJoinPool.commonPool-worker-4/WARN] Unable to load block model: 'minecraft:block/simple_block_6223' for variant: 'minecraft:simple_block_6223#facing=north': #JVZLS 
[22:17:49] [ForkJoinPool.commonPool-worker-4/WARN] Unable to load block model: 'minecraft:block/simple_block_6236' for variant: 'minecraft:simple_block_6236#facing=north': #JVZLS 
[22:17:49] [ForkJoinPool.commonPool-worker-4/WARN] Unable to load block model: 'minecraft:block/simple_block_6290' for variant: 'minecraft:simple_block_6290#facing=west': #JVZLS 
[22:17:49] [ForkJoinPool.commonPool-worker-4/WARN] Unable to load block model: 'minecraft:block/simple_block_6314' for variant: 'minecraft:simple_block_6314#facing=east': #JVZLS 
[22:17:49] [ForkJoinPool.commonPool-worker-4/WARN] Unable to load block model: 'minecraft:block/simple_block_6291' for variant: 'minecraft:simple_block_6291#facing=north': #JVZLS 
[22:17:49] [ForkJoinPool.commonPool-worker-4/WARN] Unable to load block model: 'minecraft:block/simple_block_6222' for variant: 'minecraft:simple_block_6222#facing=west': #JVZLS 
[22:17:49] [ForkJoinPool.commonPool-worker-4/WARN] Unable to load block model: 'minecraft:block/simple_block_6172' for variant: 'minecraft:simple_block_6172#facing=west': #JVZLS 
[22:17:49] [ForkJoinPool.commonPool-worker-4/WARN] Unable to load block model: 'minecraft:block/simple_block_6256' for variant: 'minecraft:simple_block_6256#facing=north': #JVZLS 
[22:17:49] [ForkJoinPool.commonPool-worker-4/WARN] Unable to load block model: 'minecraft:block/simple_block_6186' for variant: 'minecraft:simple_block_6186#facing=north': #JVZLS 
[22:17:49] [ForkJoinPool.commonPool-worker-4/WARN] Unable to load block model: 'minecraft:block/simple_block_6306' for variant: 'minecraft:simple_block_6306#facing=north': #JVZLS 
[22:17:49] [ForkJoinPool.commonPool-worker-4/WARN] Unable to load block model: 'minecraft:block/simple_block_6248' for variant: 'minecraft:simple_block_6248#facing=south': #JVZLS 
[22:17:49] [ForkJoinPool.commonPool-worker-4/WARN] Unable to load block model: 'minecraft:block/simple_block_6308' for variant: 'minecraft:simple_block_6308#facing=west': #JVZLS 
[22:17:49] [ForkJoinPool.commonPool-worker-4/WARN] Unable to load block model: 'minecraft:block/simple_block_6159' for variant: 'minecraft:simple_block_6159#facing=east': #JVZLS 
[22:17:49] [ForkJoinPool.commonPool-worker-4/WARN] Unable to load block model: 'minecraft:block/simple_block_6175' for variant: 'minecraft:simple_block_6175#facing=south': #JVZLS 
[22:17:49] [ForkJoinPool.commonPool-worker-4/WARN] Unable to load block model: 'minecraft:block/simple_block_6173' for variant: 'minecraft:simple_block_6173#facing=north': #JVZLS 
[22:17:49] [ForkJoinPool.commonPool-worker-4/WARN] Unable to load block model: 'minecraft:block/simple_block_6280' for variant: 'minecraft:simple_block_6280#facing=south': #JVZLS 
[22:17:49] [ForkJoinPool.commonPool-worker-4/WARN] Unable to load block model: 'minecraft:block/simple_block_6264' for variant: 'minecraft:simple_block_6264#facing=east': #JVZLS 
[22:17:49] [ForkJoinPool.commonPool-worker-4/WARN] Unable to load block model: 'minecraft:block/simple_block_6251' for variant: 'minecraft:simple_block_6251#facing=east': #JVZLS 
[22:17:49] [ForkJoinPool.commonPool-worker-4/WARN] Unable to load block model: 'minecraft:block/simple_block_6293' for variant: 'minecraft:simple_block_6293#facing=south': #JVZLS 
[22:17:49] [ForkJoinPool.commonPool-worker-4/WARN] Unable to load block model: 'minecraft:block/simple_block_6301' for variant: 'minecraft:simple_block_6301#facing=east': #JVZLS 
[22:17:49] [ForkJoinPool.commonPool-worker-4/WARN] Unable to load block model: 'minecraft:block/simple_block_6188' for variant: 'minecraft:simple_block_6188#facing=south': #JVZLS 
[22:17:49] [ForkJoinPool.commonPool-worker-4/WARN] Unable to load block model: 'minecraft:block/simple_block_6287' for variant: 'minecraft:simple_block_6287#facing=east': #JVZLS 
[22:17:49] [ForkJoinPool.commonPool-worker-4/WARN] Unable to load block model: 'minecraft:block/simple_block_6185' for variant: 'minecraft:simple_block_6185#facing=west': #JVZLS 
[22:17:49] [ForkJoinPool.commonPool-worker-4/WARN] Unable to load block model: 'minecraft:block/simple_block_6245' for variant: 'minecraft:simple_block_6245#facing=east': #JVZLS 
[22:17:49] [ForkJoinPool.commonPool-worker-4/WARN] Unable to load block model: 'minecraft:block/simple_block_6175' for variant: 'minecraft:simple_block_6175#facing=west': #JVZLS 
[22:17:49] [ForkJoinPool.commonPool-worker-4/WARN] Unable to load block model: 'minecraft:block/simple_block_6301' for variant: 'minecraft:simple_block_6301#facing=north': #JVZLS 
[22:17:49] [ForkJoinPool.commonPool-worker-4/WARN] Unable to load block model: 'minecraft:block/simple_block_6226' for variant: 'minecraft:simple_block_6226#facing=north': #JVZLS 
[22:17:49] [ForkJoinPool.commonPool-worker-4/WARN] Unable to load block model: 'minecraft:block/simple_block_6253' for variant: 'minecraft:simple_block_6253#facing=south': #JVZLS 
[22:17:49] [ForkJoinPool.commonPool-worker-4/WARN] Unable to load block model: 'minecraft:block/simple_block_6276' for variant: 'minecraft:simple_block_6276#facing=west': #JVZLS 
[22:17:49] [ForkJoinPool.commonPool-worker-4/WARN] Unable to load block model: 'minecraft:block/simple_block_6161' for variant: 'minecraft:simple_block_6161#facing=north': #JVZLS 
[22:17:49] [ForkJoinPool.commonPool-worker-4/WARN] Unable to load block model: 'minecraft:block/simple_block_6250' for variant: 'minecraft:simple_block_6250#facing=west': #JVZLS 
[22:17:49] [ForkJoinPool.commonPool-worker-4/WARN] Unable to load block model: 'minecraft:block/simple_block_6200' for variant: 'minecraft:simple_block_6200#facing=north': #JVZLS 
[22:17:49] [ForkJoinPool.commonPool-worker-4/WARN] Unable to load block model: 'minecraft:block/simple_block_6180' for variant: 'minecraft:simple_block_6180#facing=east': #JVZLS 
[22:17:49] [ForkJoinPool.commonPool-worker-4/WARN] Unable to load block model: 'minecraft:block/simple_block_6245' for variant: 'minecraft:simple_block_6245#facing=west': #JVZLS 
[22:17:49] [ForkJoinPool.commonPool-worker-4/WARN] Unable to load block model: 'minecraft:block/simple_block_6288' for variant: 'minecraft:simple_block_6288#facing=north': #JVZLS 
[22:17:49] [ForkJoinPool.commonPool-worker-4/WARN] Unable to load block model: 'minecraft:block/simple_block_6252' for variant: 'minecraft:simple_block_6252#facing=north': #JVZLS 
[22:17:49] [ForkJoinPool.commonPool-worker-4/WARN] Unable to load block model: 'minecraft:block/simple_block_6258' for variant: 'minecraft:simple_block_6258#facing=south': #JVZLS 
[22:17:49] [ForkJoinPool.commonPool-worker-4/WARN] Unable to load block model: 'minecraft:block/simple_block_6178' for variant: 'minecraft:simple_block_6178#facing=south': #JVZLS 
[22:17:49] [ForkJoinPool.commonPool-worker-4/WARN] Unable to load block model: 'minecraft:block/simple_block_6297' for variant: 'minecraft:simple_block_6297#facing=east': #JVZLS 
[22:17:49] [ForkJoinPool.commonPool-worker-4/WARN] Unable to load block model: 'minecraft:block/simple_block_6205' for variant: 'minecraft:simple_block_6205#facing=north': #JVZLS 
[22:17:49] [ForkJoinPool.commonPool-worker-4/WARN] Unable to load block model: 'minecraft:block/simple_block_6279' for variant: 'minecraft:simple_block_6279#facing=south': #JVZLS 
[22:17:49] [ForkJoinPool.commonPool-worker-4/WARN] Unable to load block model: 'minecraft:block/simple_block_6271' for variant: 'minecraft:simple_block_6271#facing=east': #JVZLS 
[22:17:49] [ForkJoinPool.commonPool-worker-4/WARN] Unable to load block model: 'minecraft:block/simple_block_6222' for variant: 'minecraft:simple_block_6222#facing=south': #JVZLS 
[22:17:49] [ForkJoinPool.commonPool-worker-4/WARN] Unable to load block model: 'minecraft:block/simple_block_6240' for variant: 'minecraft:simple_block_6240#facing=west': #JVZLS 
[22:17:49] [ForkJoinPool.commonPool-worker-4/WARN] Unable to load block model: 'minecraft:block/simple_block_6320' for variant: 'minecraft:simple_block_6320#facing=east': #JVZLS 
[22:17:49] [ForkJoinPool.commonPool-worker-4/WARN] Unable to load block model: 'minecraft:block/simple_block_6255' for variant: 'minecraft:simple_block_6255#facing=west': #JVZLS 
[22:17:49] [ForkJoinPool.commonPool-worker-4/WARN] Unable to load block model: 'minecraft:block/simple_block_6310' for variant: 'minecraft:simple_block_6310#facing=east': #JVZLS 
[22:17:49] [ForkJoinPool.commonPool-worker-4/WARN] Unable to load block model: 'minecraft:block/simple_block_6307' for variant: 'minecraft:simple_block_6307#facing=south': #JVZLS 
[22:17:49] [ForkJoinPool.commonPool-worker-4/WARN] Unable to load block model: 'minecraft:block/simple_block_6177' for variant: 'minecraft:simple_block_6177#facing=north': #JVZLS 
[22:17:49] [ForkJoinPool.commonPool-worker-4/WARN] Unable to load block model: 'minecraft:block/simple_block_6165' for variant: 'minecraft:simple_block_6165#facing=west': #JVZLS 
[22:17:49] [ForkJoinPool.commonPool-worker-4/WARN] Unable to load block model: 'minecraft:block/simple_block_6289' for variant: 'minecraft:simple_block_6289#facing=south': #JVZLS 
[22:17:49] [ForkJoinPool.commonPool-worker-4/WARN] Unable to load block model: 'minecraft:block/simple_block_6311' for variant: 'minecraft:simple_block_6311#facing=north': #JVZLS 
[22:17:49] [ForkJoinPool.commonPool-worker-4/WARN] Unable to load block model: 'minecraft:block/simple_block_6278' for variant: 'minecraft:simple_block_6278#facing=north': #JVZLS 
[22:17:49] [ForkJoinPool.commonPool-worker-4/WARN] Unable to load block model: 'minecraft:block/simple_block_6206' for variant: 'minecraft:simple_block_6206#facing=south': #JVZLS 
[22:17:49] [ForkJoinPool.commonPool-worker-4/WARN] Unable to load block model: 'minecraft:block/simple_block_6255' for variant: 'minecraft:simple_block_6255#facing=east': #JVZLS 
[22:17:49] [ForkJoinPool.commonPool-worker-4/WARN] Unable to load block model: 'minecraft:block/simple_block_6197' for variant: 'minecraft:simple_block_6197#facing=north': #JVZLS 
[22:17:49] [ForkJoinPool.commonPool-worker-4/WARN] Unable to load block model: 'minecraft:block/simple_block_6232' for variant: 'minecraft:simple_block_6232#facing=south': #JVZLS 
[22:17:49] [ForkJoinPool.commonPool-worker-4/WARN] Unable to load block model: 'minecraft:block/simple_block_6268' for variant: 'minecraft:simple_block_6268#facing=south': #JVZLS 
[22:17:49] [ForkJoinPool.commonPool-worker-4/WARN] Unable to load block model: 'minecraft:block/simple_block_6187' for variant: 'minecraft:simple_block_6187#facing=north': #JVZLS 
[22:17:49] [ForkJoinPool.commonPool-worker-4/WARN] Unable to load block model: 'minecraft:block/simple_block_6281' for variant: 'minecraft:simple_block_6281#facing=east': #JVZLS 
[22:17:49] [ForkJoinPool.commonPool-worker-4/WARN] Unable to load block model: 'minecraft:block/simple_block_6216' for variant: 'minecraft:simple_block_6216#facing=north': #JVZLS 
[22:17:49] [ForkJoinPool.commonPool-worker-4/WARN] Unable to load block model: 'minecraft:block/simple_block_6268' for variant: 'minecraft:simple_block_6268#facing=north': #JVZLS 
[22:17:49] [ForkJoinPool.commonPool-worker-4/WARN] Unable to load block model: 'minecraft:block/simple_block_6263' for variant: 'minecraft:simple_block_6263#facing=south': #JVZLS 
[22:17:49] [ForkJoinPool.commonPool-worker-4/WARN] Unable to load block model: 'minecraft:block/simple_block_6260' for variant: 'minecraft:simple_block_6260#facing=west': #JVZLS 
[22:17:49] [ForkJoinPool.commonPool-worker-4/WARN] Unable to load block model: 'minecraft:block/simple_block_6300' for variant: 'minecraft:simple_block_6300#facing=east': #JVZLS 
[22:17:49] [ForkJoinPool.commonPool-worker-4/WARN] Unable to load block model: 'minecraft:block/simple_block_6164' for variant: 'minecraft:simple_block_6164#facing=west': #JVZLS 
[22:17:49] [ForkJoinPool.commonPool-worker-4/WARN] Unable to load block model: 'minecraft:block/simple_block_6164' for variant: 'minecraft:simple_block_6164#facing=east': #JVZLS 
[22:17:49] [ForkJoinPool.commonPool-worker-4/WARN] Unable to load block model: 'minecraft:block/simple_block_6256' for variant: 'minecraft:simple_block_6256#facing=west': #JVZLS 
[22:17:49] [ForkJoinPool.commonPool-worker-4/WARN] Unable to load block model: 'minecraft:block/simple_block_6299' for variant: 'minecraft:simple_block_6299#facing=south': #JVZLS 
[22:17:49] [ForkJoinPool.commonPool-worker-4/WARN] Unable to load block model: 'minecraft:block/simple_block_6230' for variant: 'minecraft:simple_block_6230#facing=west': #JVZLS 
[22:17:49] [ForkJoinPool.commonPool-worker-4/WARN] Unable to load block model: 'minecraft:block/simple_block_6186' for variant: 'minecraft:simple_block_6186#facing=east': #JVZLS 
[22:17:49] [ForkJoinPool.commonPool-worker-4/WARN] Unable to load block model: 'minecraft:block/simple_block_6208' for variant: 'minecraft:simple_block_6208#facing=east': #JVZLS 
[22:17:49] [ForkJoinPool.commonPool-worker-4/WARN] Unable to load block model: 'minecraft:block/simple_block_6160' for variant: 'minecraft:simple_block_6160#facing=east': #JVZLS 
[22:17:49] [ForkJoinPool.commonPool-worker-4/WARN] Unable to load block model: 'minecraft:block/simple_block_6291' for variant: 'minecraft:simple_block_6291#facing=east': #JVZLS 
[22:17:49] [ForkJoinPool.commonPool-worker-4/WARN] Unable to load block model: 'minecraft:block/simple_block_6295' for variant: 'minecraft:simple_block_6295#facing=south': #JVZLS 
[22:17:49] [ForkJoinPool.commonPool-worker-4/WARN] Unable to load block model: 'minecraft:block/simple_block_6242' for variant: 'minecraft:simple_block_6242#facing=south': #JVZLS 
[22:17:49] [ForkJoinPool.commonPool-worker-4/WARN] Unable to load block model: 'minecraft:block/simple_block_6206' for variant: 'minecraft:simple_block_6206#facing=north': #JVZLS 
[22:17:49] [ForkJoinPool.commonPool-worker-4/WARN] Unable to load block model: 'minecraft:block/simple_block_6171' for variant: 'minecraft:simple_block_6171#facing=north': #JVZLS 
[22:17:49] [ForkJoinPool.commonPool-worker-4/WARN] Unable to load block model: 'minecraft:block/simple_block_6177' for variant: 'minecraft:simple_block_6177#facing=south': #JVZLS 
[22:17:49] [ForkJoinPool.commonPool-worker-4/WARN] Unable to load block model: 'minecraft:block/simple_block_6243' for variant: 'minecraft:simple_block_6243#facing=south': #JVZLS 
[22:17:49] [ForkJoinPool.commonPool-worker-4/WARN] Unable to load block model: 'minecraft:block/simple_block_6286' for variant: 'minecraft:simple_block_6286#facing=west': #JVZLS 
[22:17:49] [ForkJoinPool.commonPool-worker-4/WARN] Unable to load block model: 'minecraft:block/simple_block_6190' for variant: 'minecraft:simple_block_6190#facing=east': #JVZLS 
[22:17:49] [ForkJoinPool.commonPool-worker-4/WARN] Unable to load block model: 'minecraft:block/simple_block_6309' for variant: 'minecraft:simple_block_6309#facing=east': #JVZLS 
[22:17:49] [ForkJoinPool.commonPool-worker-4/WARN] Unable to load block model: 'minecraft:block/simple_block_6307' for variant: 'minecraft:simple_block_6307#facing=north': #JVZLS 
[22:17:49] [ForkJoinPool.commonPool-worker-4/WARN] Unable to load block model: 'minecraft:block/simple_block_6252' for variant: 'minecraft:simple_block_6252#facing=south': #JVZLS 
[22:17:49] [ForkJoinPool.commonPool-worker-4/WARN] Unable to load block model: 'minecraft:block/simple_block_6292' for variant: 'minecraft:simple_block_6292#facing=east': #JVZLS 
[22:17:49] [ForkJoinPool.commonPool-worker-4/WARN] Unable to load block model: 'minecraft:block/simple_block_6326' for variant: 'minecraft:simple_block_6326#facing=east': #JVZLS 
[22:17:49] [ForkJoinPool.commonPool-worker-4/WARN] Unable to load block model: 'minecraft:block/simple_block_6220' for variant: 'minecraft:simple_block_6220#facing=west': #JVZLS 
[22:17:49] [ForkJoinPool.commonPool-worker-4/WARN] Unable to load block model: 'minecraft:block/simple_block_6285' for variant: 'minecraft:simple_block_6285#facing=south': #JVZLS 
[22:17:49] [ForkJoinPool.commonPool-worker-4/WARN] Unable to load block model: 'minecraft:block/simple_block_6200' for variant: 'minecraft:simple_block_6200#facing=south': #JVZLS 
[22:17:49] [ForkJoinPool.commonPool-worker-4/WARN] Unable to load block model: 'minecraft:block/simple_block_6196' for variant: 'minecraft:simple_block_6196#facing=east': #JVZLS 
[22:17:49] [ForkJoinPool.commonPool-worker-4/WARN] Unable to load block model: 'minecraft:block/simple_block_6316' for variant: 'minecraft:simple_block_6316#facing=east': #JVZLS 
[22:17:49] [ForkJoinPool.commonPool-worker-4/WARN] Unable to load block model: 'minecraft:block/simple_block_6259' for variant: 'minecraft:simple_block_6259#facing=south': #JVZLS 
[22:17:49] [ForkJoinPool.commonPool-worker-4/WARN] Unable to load block model: 'minecraft:block/simple_block_6225' for variant: 'minecraft:simple_block_6225#facing=north': #JVZLS 
[22:17:49] [ForkJoinPool.commonPool-worker-4/WARN] Unable to load block model: 'minecraft:block/simple_block_6167' for variant: 'minecraft:simple_block_6167#facing=south': #JVZLS 
[22:17:49] [ForkJoinPool.commonPool-worker-4/WARN] Unable to load block model: 'minecraft:block/simple_block_6317' for variant: 'minecraft:simple_block_6317#facing=north': #JVZLS 
[22:17:49] [ForkJoinPool.commonPool-worker-4/WARN] Unable to load block model: 'minecraft:block/simple_block_6292' for variant: 'minecraft:simple_block_6292#facing=west': #JVZLS 
[22:17:49] [ForkJoinPool.commonPool-worker-4/WARN] Unable to load block model: 'minecraft:block/simple_block_6269' for variant: 'minecraft:simple_block_6269#facing=south': #JVZLS 
[22:17:49] [ForkJoinPool.commonPool-worker-4/WARN] Unable to load block model: 'minecraft:block/simple_block_6233' for variant: 'minecraft:simple_block_6233#facing=south': #JVZLS 
[22:17:49] [ForkJoinPool.commonPool-worker-4/WARN] Unable to load block model: 'minecraft:block/simple_block_6272' for variant: 'minecraft:simple_block_6272#facing=east': #JVZLS 
[22:17:49] [ForkJoinPool.commonPool-worker-4/WARN] Unable to load block model: 'minecraft:block/simple_block_6282' for variant: 'minecraft:simple_block_6282#facing=east': #JVZLS 
[22:17:49] [ForkJoinPool.commonPool-worker-4/WARN] Unable to load block model: 'minecraft:block/simple_block_6181' for variant: 'minecraft:simple_block_6181#facing=north': #JVZLS 
[22:17:49] [ForkJoinPool.commonPool-worker-4/WARN] Unable to load block model: 'minecraft:block/simple_block_6215' for variant: 'minecraft:simple_block_6215#facing=north': #JVZLS 
[22:17:49] [ForkJoinPool.commonPool-worker-4/WARN] Unable to load block model: 'minecraft:block/simple_block_6282' for variant: 'minecraft:simple_block_6282#facing=west': #JVZLS 
[22:17:49] [ForkJoinPool.commonPool-worker-4/WARN] Unable to load block model: 'minecraft:block/simple_block_6157' for variant: 'minecraft:simple_block_6157#facing=south': #JVZLS 
[22:17:49] [ForkJoinPool.commonPool-worker-4/WARN] Unable to load block model: 'minecraft:block/simple_block_6170' for variant: 'minecraft:simple_block_6170#facing=east': #JVZLS 
[22:17:49] [ForkJoinPool.commonPool-worker-4/WARN] Unable to load block model: 'minecraft:block/simple_block_6266' for variant: 'minecraft:simple_block_6266#facing=west': #JVZLS 
[22:17:49] [ForkJoinPool.commonPool-worker-4/WARN] Unable to load block model: 'minecraft:block/simple_block_6327' for variant: 'minecraft:simple_block_6327#facing=north': #JVZLS 
[22:17:49] [ForkJoinPool.commonPool-worker-4/WARN] Unable to load block model: 'minecraft:block/simple_block_6235' for variant: 'minecraft:simple_block_6235#facing=north': #JVZLS 
[22:17:49] [ForkJoinPool.commonPool-worker-4/WARN] Unable to load block model: 'minecraft:block/simple_block_6292' for variant: 'minecraft:simple_block_6292#facing=north': #JVZLS 
[22:17:49] [ForkJoinPool.commonPool-worker-4/WARN] Unable to load block model: 'minecraft:block/simple_block_6248' for variant: 'minecraft:simple_block_6248#facing=north': #JVZLS 
[22:17:49] [ForkJoinPool.commonPool-worker-4/WARN] Unable to load block model: 'minecraft:block/simple_block_6324' for variant: 'minecraft:simple_block_6324#facing=west': #JVZLS 
[22:17:49] [ForkJoinPool.commonPool-worker-4/WARN] Unable to load block model: 'minecraft:block/simple_block_6222' for variant: 'minecraft:simple_block_6222#facing=north': #JVZLS 
[22:17:49] [ForkJoinPool.commonPool-worker-4/WARN] Unable to load block model: 'minecraft:block/simple_block_6311' for variant: 'minecraft:simple_block_6311#facing=west': #JVZLS 
[22:17:49] [ForkJoinPool.commonPool-worker-4/WARN] Unable to load block model: 'minecraft:block/simple_block_6184' for variant: 'minecraft:simple_block_6184#facing=west': #JVZLS 
[22:17:49] [ForkJoinPool.commonPool-worker-4/WARN] Unable to load block model: 'minecraft:block/simple_block_6197' for variant: 'minecraft:simple_block_6197#facing=west': #JVZLS 
[22:17:49] [ForkJoinPool.commonPool-worker-4/WARN] Unable to load block model: 'minecraft:block/simple_block_6223' for variant: 'minecraft:simple_block_6223#facing=south': #JVZLS 
[22:17:49] [ForkJoinPool.commonPool-worker-4/WARN] Unable to load block model: 'minecraft:block/simple_block_6161' for variant: 'minecraft:simple_block_6161#facing=south': #JVZLS 
[22:17:49] [ForkJoinPool.commonPool-worker-4/WARN] Unable to load block model: 'minecraft:block/simple_block_6223' for variant: 'minecraft:simple_block_6223#facing=west': #JVZLS 
[22:17:49] [ForkJoinPool.commonPool-worker-4/WARN] Unable to load block model: 'minecraft:block/simple_block_6228' for variant: 'minecraft:simple_block_6228#facing=east': #JVZLS 
[22:17:49] [ForkJoinPool.commonPool-worker-4/WARN] Unable to load block model: 'minecraft:block/simple_block_6298' for variant: 'minecraft:simple_block_6298#facing=east': #JVZLS 
[22:17:49] [ForkJoinPool.commonPool-worker-4/WARN] Unable to load block model: 'minecraft:block/simple_block_6285' for variant: 'minecraft:simple_block_6285#facing=east': #JVZLS 
[22:17:49] [ForkJoinPool.commonPool-worker-4/WARN] Unable to load block model: 'minecraft:block/simple_block_6324' for variant: 'minecraft:simple_block_6324#facing=south': #JVZLS 
[22:17:49] [ForkJoinPool.commonPool-worker-4/WARN] Unable to load block model: 'minecraft:block/simple_block_6202' for variant: 'minecraft:simple_block_6202#facing=east': #JVZLS 
[22:17:49] [ForkJoinPool.commonPool-worker-4/WARN] Unable to load block model: 'minecraft:block/simple_block_6301' for variant: 'minecraft:simple_block_6301#facing=south': #JVZLS 
[22:17:49] [ForkJoinPool.commonPool-worker-4/WARN] Unable to load block model: 'minecraft:block/simple_block_6275' for variant: 'minecraft:simple_block_6275#facing=east': #JVZLS 
[22:17:49] [ForkJoinPool.commonPool-worker-4/WARN] Unable to load block model: 'minecraft:block/simple_block_6236' for variant: 'minecraft:simple_block_6236#facing=south': #JVZLS 
[22:17:49] [ForkJoinPool.commonPool-worker-4/WARN] Unable to load block model: 'minecraft:block/simple_block_6311' for variant: 'minecraft:simple_block_6311#facing=south': #JVZLS 
[22:17:49] [ForkJoinPool.commonPool-worker-4/WARN] Unable to load block model: 'minecraft:block/simple_block_6249' for variant: 'minecraft:simple_block_6249#facing=south': #JVZLS 
[22:17:49] [ForkJoinPool.commonPool-worker-4/WARN] Unable to load block model: 'minecraft:block/simple_block_6174' for variant: 'minecraft:simple_block_6174#facing=west': #JVZLS 
[22:17:49] [ForkJoinPool.commonPool-worker-4/WARN] Unable to load block model: 'minecraft:block/simple_block_6210' for variant: 'minecraft:simple_block_6210#facing=west': #JVZLS 
[22:17:49] [ForkJoinPool.commonPool-worker-4/WARN] Unable to load block model: 'minecraft:block/simple_block_6262' for variant: 'minecraft:simple_block_6262#facing=east': #JVZLS 
[22:17:49] [ForkJoinPool.commonPool-worker-4/WARN] Unable to load block model: 'minecraft:block/simple_block_6213' for variant: 'minecraft:simple_block_6213#facing=south': #JVZLS 
[22:17:49] [ForkJoinPool.commonPool-worker-4/WARN] Unable to load block model: 'minecraft:block/simple_block_6215' for variant: 'minecraft:simple_block_6215#facing=east': #JVZLS 
[22:17:49] [ForkJoinPool.commonPool-worker-4/WARN] Unable to load block model: 'minecraft:block/simple_block_6171' for variant: 'minecraft:simple_block_6171#facing=south': #JVZLS 
[22:17:49] [ForkJoinPool.commonPool-worker-4/WARN] Unable to load block model: 'minecraft:block/simple_block_6246' for variant: 'minecraft:simple_block_6246#facing=west': #JVZLS 
[22:17:49] [ForkJoinPool.commonPool-worker-4/WARN] Unable to load block model: 'minecraft:block/simple_block_6258' for variant: 'minecraft:simple_block_6258#facing=north': #JVZLS 
[22:17:49] [ForkJoinPool.commonPool-worker-4/WARN] Unable to load block model: 'minecraft:block/simple_block_6239' for variant: 'minecraft:simple_block_6239#facing=south': #JVZLS 
[22:17:49] [ForkJoinPool.commonPool-worker-4/WARN] Unable to load block model: 'minecraft:block/simple_block_6197' for variant: 'minecraft:simple_block_6197#facing=south': #JVZLS 
[22:17:49] [ForkJoinPool.commonPool-worker-4/WARN] Unable to load block model: 'minecraft:block/simple_block_6184' for variant: 'minecraft:simple_block_6184#facing=south': #JVZLS 
[22:17:49] [ForkJoinPool.commonPool-worker-4/WARN] Unable to load block model: 'minecraft:block/simple_block_6288' for variant: 'minecraft:simple_block_6288#facing=east': #JVZLS 
[22:17:49] [ForkJoinPool.commonPool-worker-4/WARN] Unable to load block model: 'minecraft:block/simple_block_6161' for variant: 'minecraft:simple_block_6161#facing=west': #JVZLS 
[22:17:49] [ForkJoinPool.commonPool-worker-4/WARN] Unable to load block model: 'minecraft:block/simple_block_6200' for variant: 'minecraft:simple_block_6200#facing=west': #JVZLS 
[22:17:49] [ForkJoinPool.commonPool-worker-4/WARN] Unable to load block model: 'minecraft:block/simple_block_6226' for variant: 'minecraft:simple_block_6226#facing=south': #JVZLS 
[22:17:49] [ForkJoinPool.commonPool-worker-4/WARN] Unable to load block model: 'minecraft:block/simple_block_6245' for variant: 'minecraft:simple_block_6245#facing=north': #JVZLS 
[22:17:49] [ForkJoinPool.commonPool-worker-4/WARN] Unable to load block model: 'minecraft:block/simple_block_6205' for variant: 'minecraft:simple_block_6205#facing=east': #JVZLS 
[22:17:49] [ForkJoinPool.commonPool-worker-4/WARN] Unable to load block model: 'minecraft:block/simple_block_6259' for variant: 'minecraft:simple_block_6259#facing=west': #JVZLS 
[22:17:49] [ForkJoinPool.commonPool-worker-4/WARN] Unable to load block model: 'minecraft:block/simple_block_6226' for variant: 'minecraft:simple_block_6226#facing=west': #JVZLS 
[22:17:49] [ForkJoinPool.commonPool-worker-4/WARN] Unable to load block model: 'minecraft:block/simple_block_6187' for variant: 'minecraft:simple_block_6187#facing=south': #JVZLS 
[22:17:49] [ForkJoinPool.commonPool-worker-4/WARN] Unable to load block model: 'minecraft:block/simple_block_6194' for variant: 'minecraft:simple_block_6194#facing=west': #JVZLS 
[22:17:49] [ForkJoinPool.commonPool-worker-4/WARN] Unable to load block model: 'minecraft:block/simple_block_6236' for variant: 'minecraft:simple_block_6236#facing=west': #JVZLS 
[22:17:49] [ForkJoinPool.commonPool-worker-4/WARN] Unable to load block model: 'minecraft:block/simple_block_6321' for variant: 'minecraft:simple_block_6321#facing=south': #JVZLS 
[22:17:49] [ForkJoinPool.commonPool-worker-4/WARN] Unable to load block model: 'minecraft:block/simple_block_6265' for variant: 'minecraft:simple_block_6265#facing=east': #JVZLS 
[22:17:49] [ForkJoinPool.commonPool-worker-4/WARN] Unable to load block model: 'minecraft:block/simple_block_6249' for variant: 'minecraft:simple_block_6249#facing=west': #JVZLS 
[22:17:49] [ForkJoinPool.commonPool-worker-4/WARN] Unable to load block model: 'minecraft:block/simple_block_6174' for variant: 'minecraft:simple_block_6174#facing=south': #JVZLS 
[22:17:49] [ForkJoinPool.commonPool-worker-4/WARN] Unable to load block model: 'minecraft:block/simple_block_6218' for variant: 'minecraft:simple_block_6218#facing=east': #JVZLS 
[22:17:49] [ForkJoinPool.commonPool-worker-4/WARN] Unable to load block model: 'minecraft:block/simple_block_6232' for variant: 'minecraft:simple_block_6232#facing=north': #JVZLS 
[22:17:49] [ForkJoinPool.commonPool-worker-4/WARN] Unable to load block model: 'minecraft:block/simple_block_6171' for variant: 'minecraft:simple_block_6171#facing=west': #JVZLS 
[22:17:49] [ForkJoinPool.commonPool-worker-4/WARN] Unable to load block model: 'minecraft:block/simple_block_6213' for variant: 'minecraft:simple_block_6213#facing=west': #JVZLS 
[22:17:49] [ForkJoinPool.commonPool-worker-4/WARN] Unable to load block model: 'minecraft:block/simple_block_6216' for variant: 'minecraft:simple_block_6216#facing=south': #JVZLS 
[22:17:49] [ForkJoinPool.commonPool-worker-4/WARN] Unable to load block model: 'minecraft:block/simple_block_6167' for variant: 'minecraft:simple_block_6167#facing=north': #JVZLS 
[22:17:49] [ForkJoinPool.commonPool-worker-4/WARN] Unable to load block model: 'minecraft:block/simple_block_6229' for variant: 'minecraft:simple_block_6229#facing=south': #JVZLS 
[22:17:49] [ForkJoinPool.commonPool-worker-4/WARN] Unable to load block model: 'minecraft:block/simple_block_6181' for variant: 'minecraft:simple_block_6181#facing=south': #JVZLS 
[22:17:49] [ForkJoinPool.commonPool-worker-4/WARN] Unable to load block model: 'minecraft:block/simple_block_6278' for variant: 'minecraft:simple_block_6278#facing=east': #JVZLS 
[22:17:49] [ForkJoinPool.commonPool-worker-4/WARN] Unable to load block model: 'minecraft:block/simple_block_6194' for variant: 'minecraft:simple_block_6194#facing=south': #JVZLS 
[22:17:49] [ForkJoinPool.commonPool-worker-4/WARN] Unable to load block model: 'minecraft:block/simple_block_6317' for variant: 'minecraft:simple_block_6317#facing=south': #JVZLS 
[22:17:49] [ForkJoinPool.commonPool-worker-4/WARN] Unable to load block model: 'minecraft:block/simple_block_6304' for variant: 'minecraft:simple_block_6304#facing=west': #JVZLS 
[22:17:49] [ForkJoinPool.commonPool-worker-4/WARN] Unable to load block model: 'minecraft:block/simple_block_6317' for variant: 'minecraft:simple_block_6317#facing=west': #JVZLS 
[22:17:49] [ForkJoinPool.commonPool-worker-4/WARN] Unable to load block model: 'minecraft:block/simple_block_6272' for variant: 'minecraft:simple_block_6272#facing=north': #JVZLS 
[22:17:49] [ForkJoinPool.commonPool-worker-4/WARN] Unable to load block model: 'minecraft:block/simple_block_6225' for variant: 'minecraft:simple_block_6225#facing=east': #JVZLS 
[22:17:49] [ForkJoinPool.commonPool-worker-4/WARN] Unable to load block model: 'minecraft:block/simple_block_6242' for variant: 'minecraft:simple_block_6242#facing=north': #JVZLS 
[22:17:49] [ForkJoinPool.commonPool-worker-4/WARN] Unable to load block model: 'minecraft:block/simple_block_6304' for variant: 'minecraft:simple_block_6304#facing=south': #JVZLS 
[22:17:49] [ForkJoinPool.commonPool-worker-4/WARN] Unable to load block model: 'minecraft:block/simple_block_6229' for variant: 'minecraft:simple_block_6229#facing=west': #JVZLS 
[22:17:49] [ForkJoinPool.commonPool-worker-4/WARN] Unable to load block model: 'minecraft:block/simple_block_6203' for variant: 'minecraft:simple_block_6203#facing=west': #JVZLS 
[22:17:49] [ForkJoinPool.commonPool-worker-4/WARN] Unable to load block model: 'minecraft:block/simple_block_6181' for variant: 'minecraft:simple_block_6181#facing=west': #JVZLS 
[22:17:49] [ForkJoinPool.commonPool-worker-4/WARN] Unable to load block model: 'minecraft:block/simple_block_6238' for variant: 'minecraft:simple_block_6238#facing=east': #JVZLS 
[22:17:49] [ForkJoinPool.commonPool-worker-4/WARN] Unable to load block model: 'minecraft:block/simple_block_6191' for variant: 'minecraft:simple_block_6191#facing=west': #JVZLS 
[22:17:49] [ForkJoinPool.commonPool-worker-4/WARN] Unable to load block model: 'minecraft:block/simple_block_6239' for variant: 'minecraft:simple_block_6239#facing=west': #JVZLS 
[22:17:49] [ForkJoinPool.commonPool-worker-4/WARN] Unable to load block model: 'minecraft:block/simple_block_6321' for variant: 'minecraft:simple_block_6321#facing=west': #JVZLS 
[22:17:49] [ForkJoinPool.commonPool-worker-4/WARN] Unable to load block model: 'minecraft:block/simple_block_6327' for variant: 'minecraft:simple_block_6327#facing=west': #JVZLS 
[22:17:49] [ForkJoinPool.commonPool-worker-4/WARN] Unable to load block model: 'minecraft:block/simple_block_6282' for variant: 'minecraft:simple_block_6282#facing=north': #JVZLS 
[22:17:49] [ForkJoinPool.commonPool-worker-4/WARN] Unable to load block model: 'minecraft:block/simple_block_6216' for variant: 'minecraft:simple_block_6216#facing=west': #JVZLS 
[22:17:49] [ForkJoinPool.commonPool-worker-4/WARN] Unable to load block model: 'minecraft:block/simple_block_6301' for variant: 'minecraft:simple_block_6301#facing=west': #JVZLS 
[22:17:49] [ForkJoinPool.commonPool-worker-4/WARN] Unable to load block model: 'minecraft:block/simple_block_6191' for variant: 'minecraft:simple_block_6191#facing=south': #JVZLS 
[22:17:49] [ForkJoinPool.commonPool-worker-4/WARN] Unable to load block model: 'minecraft:block/simple_block_6314' for variant: 'minecraft:simple_block_6314#facing=west': #JVZLS 
[22:17:49] [ForkJoinPool.commonPool-worker-4/WARN] Unable to load block model: 'minecraft:block/simple_block_6295' for variant: 'minecraft:simple_block_6295#facing=north': #JVZLS 
[22:17:49] [ForkJoinPool.commonPool-worker-4/WARN] Unable to load block model: 'minecraft:block/simple_block_6235' for variant: 'minecraft:simple_block_6235#facing=east': #JVZLS 
[22:17:49] [ForkJoinPool.commonPool-worker-4/WARN] Unable to load block model: 'minecraft:block/simple_block_6222' for variant: 'minecraft:simple_block_6222#facing=east': #JVZLS 
[22:17:49] [ForkJoinPool.commonPool-worker-4/WARN] Unable to load block model: 'minecraft:block/simple_block_6209' for variant: 'minecraft:simple_block_6209#facing=west': #JVZLS 
[22:17:49] [ForkJoinPool.commonPool-worker-4/WARN] Unable to load block model: 'minecraft:block/simple_block_6275' for variant: 'minecraft:simple_block_6275#facing=north': #JVZLS 
[22:17:49] [ForkJoinPool.commonPool-worker-4/WARN] Unable to load block model: 'minecraft:block/simple_block_6330' for variant: 'minecraft:simple_block_6330#facing=east': #JVZLS 
[22:17:49] [ForkJoinPool.commonPool-worker-4/WARN] Unable to load block model: 'minecraft:block/simple_block_6262' for variant: 'minecraft:simple_block_6262#facing=north': #JVZLS 
[22:17:49] [ForkJoinPool.commonPool-worker-4/WARN] Unable to load block model: 'minecraft:block/simple_block_6298' for variant: 'minecraft:simple_block_6298#facing=north': #JVZLS 
[22:17:49] [ForkJoinPool.commonPool-worker-4/WARN] Unable to load block model: 'minecraft:block/simple_block_6314' for variant: 'minecraft:simple_block_6314#facing=south': #JVZLS 
[22:17:49] [ForkJoinPool.commonPool-worker-4/WARN] Unable to load block model: 'minecraft:block/simple_block_6285' for variant: 'minecraft:simple_block_6285#facing=north': #JVZLS 
[22:17:49] [ForkJoinPool.commonPool-worker-4/WARN] Unable to load block model: 'minecraft:block/simple_block_6248' for variant: 'minecraft:simple_block_6248#facing=east': #JVZLS 
[22:17:49] [ForkJoinPool.commonPool-worker-4/WARN] Unable to load block model: 'minecraft:block/simple_block_6157' for variant: 'minecraft:simple_block_6157#facing=north': #JVZLS 
[22:17:49] [ForkJoinPool.commonPool-worker-4/WARN] Unable to load block model: 'minecraft:block/simple_block_6327' for variant: 'minecraft:simple_block_6327#facing=south': #JVZLS 
[22:17:49] [ForkJoinPool.commonPool-worker-4/WARN] Unable to load block model: 'minecraft:block/simple_block_6219' for variant: 'minecraft:simple_block_6219#facing=west': #JVZLS 
[22:17:49] [ForkJoinPool.commonPool-worker-4/WARN] Unable to load block model: 'minecraft:block/simple_block_6212' for variant: 'minecraft:simple_block_6212#facing=east': #JVZLS 
[22:17:49] [ForkJoinPool.commonPool-worker-4/WARN] Unable to load block model: 'minecraft:block/simple_block_6232' for variant: 'minecraft:simple_block_6232#facing=west': #JVZLS 
[22:17:49] [ForkJoinPool.commonPool-worker-4/WARN] Unable to load block model: 'minecraft:block/simple_block_6232' for variant: 'minecraft:simple_block_6232#facing=east': #JVZLS 
[22:17:49] [ForkJoinPool.commonPool-worker-4/WARN] Unable to load block model: 'minecraft:block/simple_block_6314' for variant: 'minecraft:simple_block_6314#facing=north': #JVZLS 
[22:17:49] [ForkJoinPool.commonPool-worker-4/WARN] Unable to load block model: 'minecraft:block/simple_block_6302' for variant: 'minecraft:simple_block_6302#facing=east': #JVZLS 
[22:17:49] [ForkJoinPool.commonPool-worker-4/WARN] Unable to load block model: 'minecraft:block/simple_block_6297' for variant: 'minecraft:simple_block_6297#facing=south': #JVZLS 
[22:17:49] [ForkJoinPool.commonPool-worker-4/WARN] Unable to load block model: 'minecraft:block/simple_block_6244' for variant: 'minecraft:simple_block_6244#facing=north': #JVZLS 
[22:17:49] [ForkJoinPool.commonPool-worker-4/WARN] Unable to load block model: 'minecraft:block/simple_block_6270' for variant: 'minecraft:simple_block_6270#facing=north': #JVZLS 
[22:17:49] [ForkJoinPool.commonPool-worker-4/WARN] Unable to load block model: 'minecraft:block/simple_block_6162' for variant: 'minecraft:simple_block_6162#facing=west': #JVZLS 
[22:17:49] [ForkJoinPool.commonPool-worker-4/WARN] Unable to load block model: 'minecraft:block/simple_block_6209' for variant: 'minecraft:simple_block_6209#facing=south': #JVZLS 
[22:17:49] [ForkJoinPool.commonPool-worker-4/WARN] Unable to load block model: 'minecraft:block/simple_block_6206' for variant: 'minecraft:simple_block_6206#facing=west': #JVZLS 
[22:17:49] [ForkJoinPool.commonPool-worker-4/WARN] Unable to load block model: 'minecraft:block/simple_block_6263' for variant: 'minecraft:simple_block_6263#facing=east': #JVZLS 
[22:17:49] [ForkJoinPool.commonPool-worker-4/WARN] Unable to load block model: 'minecraft:block/simple_block_6218' for variant: 'minecraft:simple_block_6218#facing=north': #JVZLS 
[22:17:49] [ForkJoinPool.commonPool-worker-4/WARN] Unable to load block model: 'minecraft:block/simple_block_6201' for variant: 'minecraft:simple_block_6201#facing=west': #JVZLS 
[22:17:49] [ForkJoinPool.commonPool-worker-4/WARN] Unable to load block model: 'minecraft:block/simple_block_6294' for variant: 'minecraft:simple_block_6294#facing=west': #JVZLS 
[22:17:49] [ForkJoinPool.commonPool-worker-4/WARN] Unable to load block model: 'minecraft:block/simple_block_6206' for variant: 'minecraft:simple_block_6206#facing=east': #JVZLS 
[22:17:49] [ForkJoinPool.commonPool-worker-4/WARN] Unable to load block model: 'minecraft:block/simple_block_6266' for variant: 'minecraft:simple_block_6266#facing=south': #JVZLS 
[22:17:49] [ForkJoinPool.commonPool-worker-4/WARN] Unable to load block model: 'minecraft:block/simple_block_6237' for variant: 'minecraft:simple_block_6237#facing=east': #JVZLS 
[22:17:49] [ForkJoinPool.commonPool-worker-4/WARN] Unable to load block model: 'minecraft:block/simple_block_6235' for variant: 'minecraft:simple_block_6235#facing=south': #JVZLS 
[22:17:49] [ForkJoinPool.commonPool-worker-4/WARN] Unable to load block model: 'minecraft:block/simple_block_6213' for variant: 'minecraft:simple_block_6213#facing=north': #JVZLS 
[22:17:49] [ForkJoinPool.commonPool-worker-4/WARN] Unable to load block model: 'minecraft:block/simple_block_6201' for variant: 'minecraft:simple_block_6201#facing=east': #JVZLS 
[22:17:49] [ForkJoinPool.commonPool-worker-4/WARN] Unable to load block model: 'minecraft:block/simple_block_6263' for variant: 'minecraft:simple_block_6263#facing=west': #JVZLS 
[22:17:49] [ForkJoinPool.commonPool-worker-4/WARN] Unable to load block model: 'minecraft:block/simple_block_6249' for variant: 'minecraft:simple_block_6249#facing=north': #JVZLS 
[22:17:49] [ForkJoinPool.commonPool-worker-4/WARN] Unable to load block model: 'minecraft:block/simple_block_6261' for variant: 'minecraft:simple_block_6261#facing=south': #JVZLS 
[22:17:49] [ForkJoinPool.commonPool-worker-4/WARN] Unable to load block model: 'minecraft:block/simple_block_6250' for variant: 'minecraft:simple_block_6250#facing=south': #JVZLS 
[22:17:49] [ForkJoinPool.commonPool-worker-4/WARN] Unable to load block model: 'minecraft:block/simple_block_6268' for variant: 'minecraft:simple_block_6268#facing=east': #JVZLS 
[22:17:49] [ForkJoinPool.commonPool-worker-4/WARN] Unable to load block model: 'minecraft:block/simple_block_6179' for variant: 'minecraft:simple_block_6179#facing=north': #JVZLS 
[22:17:49] [ForkJoinPool.commonPool-worker-4/WARN] Unable to load block model: 'minecraft:block/simple_block_6178' for variant: 'minecraft:simple_block_6178#facing=east': #JVZLS 
[22:17:49] [ForkJoinPool.commonPool-worker-4/WARN] Unable to load block model: 'minecraft:block/simple_block_6180' for variant: 'minecraft:simple_block_6180#facing=south': #JVZLS 
[22:17:49] [ForkJoinPool.commonPool-worker-4/WARN] Unable to load block model: 'minecraft:block/simple_block_6281' for variant: 'minecraft:simple_block_6281#facing=south': #JVZLS 
[22:17:49] [ForkJoinPool.commonPool-worker-4/WARN] Unable to load block model: 'minecraft:block/simple_block_6294' for variant: 'minecraft:simple_block_6294#facing=east': #JVZLS 
[22:17:49] [ForkJoinPool.commonPool-worker-4/WARN] Unable to load block model: 'minecraft:block/simple_block_6286' for variant: 'minecraft:simple_block_6286#facing=north': #JVZLS 
[22:17:49] [ForkJoinPool.commonPool-worker-4/WARN] Unable to load block model: 'minecraft:block/simple_block_6292' for variant: 'minecraft:simple_block_6292#facing=south': #JVZLS 
[22:17:49] [ForkJoinPool.commonPool-worker-4/WARN] Unable to load block model: 'minecraft:block/simple_block_6178' for variant: 'minecraft:simple_block_6178#facing=west': #JVZLS 
[22:17:49] [ForkJoinPool.commonPool-worker-4/WARN] Unable to load block model: 'minecraft:block/simple_block_6300' for variant: 'minecraft:simple_block_6300#facing=south': #JVZLS 
[22:17:49] [ForkJoinPool.commonPool-worker-4/WARN] Unable to load block model: 'minecraft:block/simple_block_6229' for variant: 'minecraft:simple_block_6229#facing=north': #JVZLS 
[22:17:49] [ForkJoinPool.commonPool-worker-4/WARN] Unable to load block model: 'minecraft:block/simple_block_6307' for variant: 'minecraft:simple_block_6307#facing=west': #JVZLS 
[22:17:49] [ForkJoinPool.commonPool-worker-4/WARN] Unable to load block model: 'minecraft:block/simple_block_6255' for variant: 'minecraft:simple_block_6255#facing=north': #JVZLS 
[22:17:49] [ForkJoinPool.commonPool-worker-4/WARN] Unable to load block model: 'minecraft:block/simple_block_6224' for variant: 'minecraft:simple_block_6224#facing=south': #JVZLS 
[22:17:49] [ForkJoinPool.commonPool-worker-4/WARN] Unable to load block model: 'minecraft:block/simple_block_6174' for variant: 'minecraft:simple_block_6174#facing=north': #JVZLS 
[22:17:49] [ForkJoinPool.commonPool-worker-4/WARN] Unable to load block model: 'minecraft:block/simple_block_6302' for variant: 'minecraft:simple_block_6302#facing=west': #JVZLS 
[22:17:49] [ForkJoinPool.commonPool-worker-4/WARN] Unable to load block model: 'minecraft:block/simple_block_6255' for variant: 'minecraft:simple_block_6255#facing=south': #JVZLS 
[22:17:49] [ForkJoinPool.commonPool-worker-4/WARN] Unable to load block model: 'minecraft:block/simple_block_6307' for variant: 'minecraft:simple_block_6307#facing=east': #JVZLS 
[22:17:49] [ForkJoinPool.commonPool-worker-4/WARN] Unable to load block model: 'minecraft:block/simple_block_6305' for variant: 'minecraft:simple_block_6305#facing=south': #JVZLS 
[22:17:49] [ForkJoinPool.commonPool-worker-4/WARN] Unable to load block model: 'minecraft:block/simple_block_6313' for variant: 'minecraft:simple_block_6313#facing=east': #JVZLS 
[22:17:49] [ForkJoinPool.commonPool-worker-4/WARN] Unable to load block model: 'minecraft:block/simple_block_6313' for variant: 'minecraft:simple_block_6313#facing=west': #JVZLS 
[22:17:49] [ForkJoinPool.commonPool-worker-4/WARN] Unable to load block model: 'minecraft:block/simple_block_6221' for variant: 'minecraft:simple_block_6221#facing=west': #JVZLS 
[22:17:49] [ForkJoinPool.commonPool-worker-4/WARN] Unable to load block model: 'minecraft:block/simple_block_6322' for variant: 'minecraft:simple_block_6322#facing=west': #JVZLS 
[22:17:49] [ForkJoinPool.commonPool-worker-4/WARN] Unable to load block model: 'minecraft:block/simple_block_6243' for variant: 'minecraft:simple_block_6243#facing=west': #JVZLS 
[22:17:49] [ForkJoinPool.commonPool-worker-4/WARN] Unable to load block model: 'minecraft:block/simple_block_6243' for variant: 'minecraft:simple_block_6243#facing=east': #JVZLS 
[22:17:49] [ForkJoinPool.commonPool-worker-4/WARN] Unable to load block model: 'minecraft:block/simple_block_6173' for variant: 'minecraft:simple_block_6173#facing=west': #JVZLS 
[22:17:49] [ForkJoinPool.commonPool-worker-4/WARN] Unable to load block model: 'minecraft:block/simple_block_6252' for variant: 'minecraft:simple_block_6252#facing=east': #JVZLS 
[22:17:49] [ForkJoinPool.commonPool-worker-4/WARN] Unable to load block model: 'minecraft:block/simple_block_6322' for variant: 'minecraft:simple_block_6322#facing=east': #JVZLS 
[22:17:49] [ForkJoinPool.commonPool-worker-4/WARN] Unable to load block model: 'minecraft:block/simple_block_6250' for variant: 'minecraft:simple_block_6250#facing=north': #JVZLS 
[22:17:49] [ForkJoinPool.commonPool-worker-4/WARN] Unable to load block model: 'minecraft:block/simple_block_6264' for variant: 'minecraft:simple_block_6264#facing=north': #JVZLS 
[22:17:49] [ForkJoinPool.commonPool-worker-4/WARN] Unable to load block model: 'minecraft:block/simple_block_6325' for variant: 'minecraft:simple_block_6325#facing=south': #JVZLS 
[22:17:49] [ForkJoinPool.commonPool-worker-4/WARN] Unable to load block model: 'minecraft:block/simple_block_6217' for variant: 'minecraft:simple_block_6217#facing=west': #JVZLS 
[22:17:49] [ForkJoinPool.commonPool-worker-4/WARN] Unable to load block model: 'minecraft:block/simple_block_6194' for variant: 'minecraft:simple_block_6194#facing=north': #JVZLS 
[22:17:49] [ForkJoinPool.commonPool-worker-4/WARN] Unable to load block model: 'minecraft:block/simple_block_6185' for variant: 'minecraft:simple_block_6185#facing=north': #JVZLS 
[22:17:49] [ForkJoinPool.commonPool-worker-4/WARN] Unable to load block model: 'minecraft:block/simple_block_6299' for variant: 'minecraft:simple_block_6299#facing=east': #JVZLS 
[22:17:49] [ForkJoinPool.commonPool-worker-4/WARN] Unable to load block model: 'minecraft:block/simple_block_6230' for variant: 'minecraft:simple_block_6230#facing=south': #JVZLS 
[22:17:49] [ForkJoinPool.commonPool-worker-4/WARN] Unable to load block model: 'minecraft:block/simple_block_6176' for variant: 'minecraft:simple_block_6176#facing=south': #JVZLS 
[22:17:49] [ForkJoinPool.commonPool-worker-4/WARN] Unable to load block model: 'minecraft:block/simple_block_6308' for variant: 'minecraft:simple_block_6308#facing=north': #JVZLS 
[22:17:49] [ForkJoinPool.commonPool-worker-4/WARN] Unable to load block model: 'minecraft:block/simple_block_6290' for variant: 'minecraft:simple_block_6290#facing=north': #JVZLS 
[22:17:49] [ForkJoinPool.commonPool-worker-4/WARN] Unable to load block model: 'minecraft:block/simple_block_6299' for variant: 'minecraft:simple_block_6299#facing=west': #JVZLS 
[22:17:49] [ForkJoinPool.commonPool-worker-4/WARN] Unable to load block model: 'minecraft:block/simple_block_6173' for variant: 'minecraft:simple_block_6173#facing=east': #JVZLS 
[22:17:49] [ForkJoinPool.commonPool-worker-4/WARN] Unable to load block model: 'minecraft:block/simple_block_6316' for variant: 'minecraft:simple_block_6316#facing=south': #JVZLS 
[22:17:49] [ForkJoinPool.commonPool-worker-4/WARN] Unable to load block model: 'minecraft:block/simple_block_6204' for variant: 'minecraft:simple_block_6204#facing=south': #JVZLS 
[22:17:49] [ForkJoinPool.commonPool-worker-4/WARN] Unable to load block model: 'minecraft:block/simple_block_6279' for variant: 'minecraft:simple_block_6279#facing=west': #JVZLS 
[22:17:49] [ForkJoinPool.commonPool-worker-4/WARN] Unable to load block model: 'minecraft:block/simple_block_6187' for variant: 'minecraft:simple_block_6187#facing=west': #JVZLS 
[22:17:49] [ForkJoinPool.commonPool-worker-4/WARN] Unable to load block model: 'minecraft:block/simple_block_6272' for variant: 'minecraft:simple_block_6272#facing=south': #JVZLS 
[22:17:49] [ForkJoinPool.commonPool-worker-4/WARN] Unable to load block model: 'minecraft:block/simple_block_6329' for variant: 'minecraft:simple_block_6329#facing=west': #JVZLS 
[22:17:49] [ForkJoinPool.commonPool-worker-4/WARN] Unable to load block model: 'minecraft:block/simple_block_6159' for variant: 'minecraft:simple_block_6159#facing=north': #JVZLS 
[22:17:49] [ForkJoinPool.commonPool-worker-4/WARN] Unable to load block model: 'minecraft:block/simple_block_6237' for variant: 'minecraft:simple_block_6237#facing=west': #JVZLS 
[22:17:49] [ForkJoinPool.commonPool-worker-4/WARN] Unable to load block model: 'minecraft:block/simple_block_6167' for variant: 'minecraft:simple_block_6167#facing=west': #JVZLS 
[22:17:49] [ForkJoinPool.commonPool-worker-4/WARN] Unable to load block model: 'minecraft:block/simple_block_6193' for variant: 'minecraft:simple_block_6193#facing=west': #JVZLS 
[22:17:49] [ForkJoinPool.commonPool-worker-4/WARN] Unable to load block model: 'minecraft:block/simple_block_6246' for variant: 'minecraft:simple_block_6246#facing=south': #JVZLS 
[22:17:49] [ForkJoinPool.commonPool-worker-4/WARN] Unable to load block model: 'minecraft:block/simple_block_6320' for variant: 'minecraft:simple_block_6320#facing=north': #JVZLS 
[22:17:49] [ForkJoinPool.commonPool-worker-4/WARN] Unable to load block model: 'minecraft:block/simple_block_6217' for variant: 'minecraft:simple_block_6217#facing=east': #JVZLS 
[22:17:49] [ForkJoinPool.commonPool-worker-4/WARN] Unable to load block model: 'minecraft:block/simple_block_6193' for variant: 'minecraft:simple_block_6193#facing=east': #JVZLS 
[22:17:49] [ForkJoinPool.commonPool-worker-4/WARN] Unable to load block model: 'minecraft:block/simple_block_6329' for variant: 'minecraft:simple_block_6329#facing=east': #JVZLS 
[22:17:49] [ForkJoinPool.commonPool-worker-4/WARN] Unable to load block model: 'minecraft:block/simple_block_6202' for variant: 'minecraft:simple_block_6202#facing=north': #JVZLS 
[22:17:49] [ForkJoinPool.commonPool-worker-4/WARN] Unable to load block model: 'minecraft:block/simple_block_6160' for variant: 'minecraft:simple_block_6160#facing=south': #JVZLS 
[22:17:49] [ForkJoinPool.commonPool-worker-4/WARN] Unable to load block model: 'minecraft:block/simple_block_6167' for variant: 'minecraft:simple_block_6167#facing=east': #JVZLS 
[22:17:49] [ForkJoinPool.commonPool-worker-4/WARN] Unable to load block model: 'minecraft:block/simple_block_6279' for variant: 'minecraft:simple_block_6279#facing=east': #JVZLS 
[22:17:49] [ForkJoinPool.commonPool-worker-4/WARN] Unable to load block model: 'minecraft:block/simple_block_6210' for variant: 'minecraft:simple_block_6210#facing=south': #JVZLS 
[22:17:49] [ForkJoinPool.commonPool-worker-4/WARN] Unable to load block model: 'minecraft:block/simple_block_6165' for variant: 'minecraft:simple_block_6165#facing=north': #JVZLS 
[22:17:49] [ForkJoinPool.commonPool-worker-4/WARN] Unable to load block model: 'minecraft:block/simple_block_6196' for variant: 'minecraft:simple_block_6196#facing=south': #JVZLS 
[22:17:49] [ForkJoinPool.commonPool-worker-4/WARN] Unable to load block model: 'minecraft:block/simple_block_6238' for variant: 'minecraft:simple_block_6238#facing=north': #JVZLS 
[22:17:49] [ForkJoinPool.commonPool-worker-4/WARN] Unable to load block model: 'minecraft:block/simple_block_6311' for variant: 'minecraft:simple_block_6311#facing=east': #JVZLS 
[22:17:49] [ForkJoinPool.commonPool-worker-4/WARN] Unable to load block model: 'minecraft:block/simple_block_6275' for variant: 'minecraft:simple_block_6275#facing=south': #JVZLS 
[22:17:49] [ForkJoinPool.commonPool-worker-4/WARN] Unable to load block model: 'minecraft:block/simple_block_6218' for variant: 'minecraft:simple_block_6218#facing=south': #JVZLS 
[22:17:49] [ForkJoinPool.commonPool-worker-4/WARN] Unable to load block model: 'minecraft:block/simple_block_6210' for variant: 'minecraft:simple_block_6210#facing=east': #JVZLS 
[22:17:49] [ForkJoinPool.commonPool-worker-4/WARN] Unable to load block model: 'minecraft:block/simple_block_6280' for variant: 'minecraft:simple_block_6280#facing=west': #JVZLS 
[22:17:49] [ForkJoinPool.commonPool-worker-4/WARN] Unable to load block model: 'minecraft:block/simple_block_6324' for variant: 'minecraft:simple_block_6324#facing=east': #JVZLS 
[22:17:49] [ForkJoinPool.commonPool-worker-4/WARN] Unable to load block model: 'minecraft:block/simple_block_6323' for variant: 'minecraft:simple_block_6323#facing=north': #JVZLS 
[22:17:49] [ForkJoinPool.commonPool-worker-4/WARN] Unable to load block model: 'minecraft:block/simple_block_6191' for variant: 'minecraft:simple_block_6191#facing=north': #JVZLS 
[22:17:49] [ForkJoinPool.commonPool-worker-4/WARN] Unable to load block model: 'minecraft:block/simple_block_6171' for variant: 'minecraft:simple_block_6171#facing=east': #JVZLS 
[22:17:49] [ForkJoinPool.commonPool-worker-4/WARN] Unable to load block model: 'minecraft:block/simple_block_6253' for variant: 'minecraft:simple_block_6253#facing=north': #JVZLS 
[22:17:49] [ForkJoinPool.commonPool-worker-4/WARN] Unable to load block model: 'minecraft:block/simple_block_6209' for variant: 'minecraft:simple_block_6209#facing=north': #JVZLS 
[22:17:49] [ForkJoinPool.commonPool-worker-4/WARN] Unable to load block model: 'minecraft:block/simple_block_6241' for variant: 'minecraft:simple_block_6241#facing=east': #JVZLS 
[22:17:49] [ForkJoinPool.commonPool-worker-4/WARN] Unable to load block model: 'minecraft:block/simple_block_6261' for variant: 'minecraft:simple_block_6261#facing=north': #JVZLS 
[22:17:49] [ForkJoinPool.commonPool-worker-4/WARN] Unable to load block model: 'minecraft:block/simple_block_6215' for variant: 'minecraft:simple_block_6215#facing=west': #JVZLS 
[22:17:49] [ForkJoinPool.commonPool-worker-4/WARN] Unable to load block model: 'minecraft:block/simple_block_6285' for variant: 'minecraft:simple_block_6285#facing=west': #JVZLS 
[22:17:49] [ForkJoinPool.commonPool-worker-4/WARN] Unable to load block model: 'minecraft:block/simple_block_6272' for variant: 'minecraft:simple_block_6272#facing=west': #JVZLS 
[22:17:49] [ForkJoinPool.commonPool-worker-4/WARN] Unable to load block model: 'minecraft:block/simple_block_6266' for variant: 'minecraft:simple_block_6266#facing=north': #JVZLS 
[22:17:49] [ForkJoinPool.commonPool-worker-4/WARN] Unable to load block model: 'minecraft:block/simple_block_6158' for variant: 'minecraft:simple_block_6158#facing=west': #JVZLS 
[22:17:49] [ForkJoinPool.commonPool-worker-4/WARN] Unable to load block model: 'minecraft:block/simple_block_6230' for variant: 'minecraft:simple_block_6230#facing=north': #JVZLS 
[22:17:49] [ForkJoinPool.commonPool-worker-4/WARN] Unable to load block model: 'minecraft:block/simple_block_6199' for variant: 'minecraft:simple_block_6199#facing=north': #JVZLS 
[22:17:49] [ForkJoinPool.commonPool-worker-4/WARN] Unable to load block model: 'minecraft:block/simple_block_6254' for variant: 'minecraft:simple_block_6254#facing=east': #JVZLS 
[22:17:49] [ForkJoinPool.commonPool-worker-4/WARN] Unable to load block model: 'minecraft:block/simple_block_6288' for variant: 'minecraft:simple_block_6288#facing=south': #JVZLS 
[22:17:49] [ForkJoinPool.commonPool-worker-4/WARN] Unable to load block model: 'minecraft:block/simple_block_6223' for variant: 'minecraft:simple_block_6223#facing=east': #JVZLS 
[22:17:49] [ForkJoinPool.commonPool-worker-4/WARN] Unable to load block model: 'minecraft:block/simple_block_6187' for variant: 'minecraft:simple_block_6187#facing=east': #JVZLS 
[22:17:49] [ForkJoinPool.commonPool-worker-4/WARN] Unable to load block model: 'minecraft:block/simple_block_6176' for variant: 'minecraft:simple_block_6176#facing=east': #JVZLS 
[22:17:49] [ForkJoinPool.commonPool-worker-4/WARN] Unable to load block model: 'minecraft:block/simple_block_6257' for variant: 'minecraft:simple_block_6257#facing=east': #JVZLS 
[22:17:49] [ForkJoinPool.commonPool-worker-4/WARN] Unable to load block model: 'minecraft:block/simple_block_6168' for variant: 'minecraft:simple_block_6168#facing=north': #JVZLS 
[22:17:49] [ForkJoinPool.commonPool-worker-4/WARN] Unable to load block model: 'minecraft:block/simple_block_6259' for variant: 'minecraft:simple_block_6259#facing=east': #JVZLS 
[22:17:49] [ForkJoinPool.commonPool-worker-4/WARN] Unable to load block model: 'minecraft:block/simple_block_6189' for variant: 'minecraft:simple_block_6189#facing=east': #JVZLS 
[22:17:49] [ForkJoinPool.commonPool-worker-4/WARN] Unable to load block model: 'minecraft:block/simple_block_6284' for variant: 'minecraft:simple_block_6284#facing=north': #JVZLS 
[22:17:49] [ForkJoinPool.commonPool-worker-4/WARN] Unable to load block model: 'minecraft:block/simple_block_6300' for variant: 'minecraft:simple_block_6300#facing=north': #JVZLS 
[22:17:49] [ForkJoinPool.commonPool-worker-4/WARN] Unable to load block model: 'minecraft:block/simple_block_6297' for variant: 'minecraft:simple_block_6297#facing=north': #JVZLS 
[22:17:49] [ForkJoinPool.commonPool-worker-4/WARN] Unable to load block model: 'minecraft:block/simple_block_6228' for variant: 'minecraft:simple_block_6228#facing=west': #JVZLS 
[22:17:49] [ForkJoinPool.commonPool-worker-4/WARN] Unable to load block model: 'minecraft:block/simple_block_6296' for variant: 'minecraft:simple_block_6296#facing=west': #JVZLS 
[22:17:49] [ForkJoinPool.commonPool-worker-4/WARN] Unable to load block model: 'minecraft:block/simple_block_6239' for variant: 'minecraft:simple_block_6239#facing=east': #JVZLS 
[22:17:49] [ForkJoinPool.commonPool-worker-4/WARN] Unable to load block model: 'minecraft:block/simple_block_6283' for variant: 'minecraft:simple_block_6283#facing=west': #JVZLS 
[22:17:49] [ForkJoinPool.commonPool-worker-4/WARN] Unable to load block model: 'minecraft:block/simple_block_6252' for variant: 'minecraft:simple_block_6252#facing=west': #JVZLS 
[22:17:49] [ForkJoinPool.commonPool-worker-4/WARN] Unable to load block model: 'minecraft:block/simple_block_6226' for variant: 'minecraft:simple_block_6226#facing=east': #JVZLS 
[22:17:49] [ForkJoinPool.commonPool-worker-4/WARN] Unable to load block model: 'minecraft:block/simple_block_6288' for variant: 'minecraft:simple_block_6288#facing=west': #JVZLS 
[22:17:49] [ForkJoinPool.commonPool-worker-4/WARN] Unable to load block model: 'minecraft:block/simple_block_6182' for variant: 'minecraft:simple_block_6182#facing=south': #JVZLS 
[22:17:49] [ForkJoinPool.commonPool-worker-4/WARN] Unable to load block model: 'minecraft:block/simple_block_6184' for variant: 'minecraft:simple_block_6184#facing=east': #JVZLS 
[22:17:49] [ForkJoinPool.commonPool-worker-4/WARN] Unable to load block model: 'minecraft:block/simple_block_6303' for variant: 'minecraft:simple_block_6303#facing=north': #JVZLS 
[22:17:49] [ForkJoinPool.commonPool-worker-4/WARN] Unable to load block model: 'minecraft:block/simple_block_6286' for variant: 'minecraft:simple_block_6286#facing=south': #JVZLS 
[22:17:49] [ForkJoinPool.commonPool-worker-4/WARN] Unable to load block model: 'minecraft:block/simple_block_6316' for variant: 'minecraft:simple_block_6316#facing=north': #JVZLS 
[22:17:49] [ForkJoinPool.commonPool-worker-4/WARN] Unable to load block model: 'minecraft:block/simple_block_6233' for variant: 'minecraft:simple_block_6233#facing=north': #JVZLS 
[22:17:49] [ForkJoinPool.commonPool-worker-4/WARN] Unable to load block model: 'minecraft:block/simple_block_6281' for variant: 'minecraft:simple_block_6281#facing=north': #JVZLS 
[22:17:49] [ForkJoinPool.commonPool-worker-4/WARN] Unable to load block model: 'minecraft:block/simple_block_6221' for variant: 'minecraft:simple_block_6221#facing=east': #JVZLS 
[22:17:49] [ForkJoinPool.commonPool-worker-4/WARN] Unable to load block model: 'minecraft:block/simple_block_6265' for variant: 'minecraft:simple_block_6265#facing=west': #JVZLS 
[22:17:49] [ForkJoinPool.commonPool-worker-4/WARN] Unable to load block model: 'minecraft:block/simple_block_6180' for variant: 'minecraft:simple_block_6180#facing=north': #JVZLS 
[22:17:49] [ForkJoinPool.commonPool-worker-4/WARN] Unable to load block model: 'minecraft:block/simple_block_6195' for variant: 'minecraft:simple_block_6195#facing=west': #JVZLS 
[22:17:49] [ForkJoinPool.commonPool-worker-4/WARN] Unable to load block model: 'minecraft:block/simple_block_6212' for variant: 'minecraft:simple_block_6212#facing=west': #JVZLS 
[22:17:49] [ForkJoinPool.commonPool-worker-4/WARN] Unable to load block model: 'minecraft:block/simple_block_6198' for variant: 'minecraft:simple_block_6198#facing=south': #JVZLS 
[22:17:49] [ForkJoinPool.commonPool-worker-4/WARN] Unable to load block model: 'minecraft:block/simple_block_6261' for variant: 'minecraft:simple_block_6261#facing=east': #JVZLS 
[22:17:49] [ForkJoinPool.commonPool-worker-4/WARN] Unable to load block model: 'minecraft:block/simple_block_6290' for variant: 'minecraft:simple_block_6290#facing=south': #JVZLS 
[22:17:49] [ForkJoinPool.commonPool-worker-4/WARN] Unable to load block model: 'minecraft:block/simple_block_6289' for variant: 'minecraft:simple_block_6289#facing=north': #JVZLS 
[22:17:49] [ForkJoinPool.commonPool-worker-4/WARN] Unable to load block model: 'minecraft:block/simple_block_6330' for variant: 'minecraft:simple_block_6330#facing=west': #JVZLS 
[22:17:49] [ForkJoinPool.commonPool-worker-4/WARN] Unable to load block model: 'minecraft:block/simple_block_6163' for variant: 'minecraft:simple_block_6163#facing=north': #JVZLS 
[22:17:49] [ForkJoinPool.commonPool-worker-4/WARN] Unable to load block model: 'minecraft:block/simple_block_6168' for variant: 'minecraft:simple_block_6168#facing=south': #JVZLS 
[22:17:49] [ForkJoinPool.commonPool-worker-4/WARN] Unable to load block model: 'minecraft:block/simple_block_6304' for variant: 'minecraft:simple_block_6304#facing=east': #JVZLS 
[22:17:49] [ForkJoinPool.commonPool-worker-4/WARN] Unable to load block model: 'minecraft:block/simple_block_6176' for variant: 'minecraft:simple_block_6176#facing=north': #JVZLS 
[22:17:49] [ForkJoinPool.commonPool-worker-4/WARN] Unable to load block model: 'minecraft:block/simple_block_6156' for variant: 'minecraft:simple_block_6156#facing=east': #JVZLS 
[22:17:49] [ForkJoinPool.commonPool-worker-4/WARN] Unable to load block model: 'minecraft:block/simple_block_6182' for variant: 'minecraft:simple_block_6182#facing=west': #JVZLS 
[22:17:49] [ForkJoinPool.commonPool-worker-4/WARN] Unable to load block model: 'minecraft:block/simple_block_6308' for variant: 'minecraft:simple_block_6308#facing=south': #JVZLS 
[22:17:49] [ForkJoinPool.commonPool-worker-4/WARN] Unable to load block model: 'minecraft:block/simple_block_6305' for variant: 'minecraft:simple_block_6305#facing=west': #JVZLS 
[22:17:49] [ForkJoinPool.commonPool-worker-4/WARN] Unable to load block model: 'minecraft:block/simple_block_6185' for variant: 'minecraft:simple_block_6185#facing=south': #JVZLS 
[22:17:49] [ForkJoinPool.commonPool-worker-4/WARN] Unable to load block model: 'minecraft:block/simple_block_6210' for variant: 'minecraft:simple_block_6210#facing=north': #JVZLS 
[22:17:49] [ForkJoinPool.commonPool-worker-4/WARN] Unable to load block model: 'minecraft:block/simple_block_6215' for variant: 'minecraft:simple_block_6215#facing=south': #JVZLS 
[22:17:49] [ForkJoinPool.commonPool-worker-4/WARN] Unable to load block model: 'minecraft:block/simple_block_6327' for variant: 'minecraft:simple_block_6327#facing=east': #JVZLS 
[22:17:49] [ForkJoinPool.commonPool-worker-4/WARN] Unable to load block model: 'minecraft:block/simple_block_6209' for variant: 'minecraft:simple_block_6209#facing=east': #JVZLS 
[22:17:49] [ForkJoinPool.commonPool-worker-4/WARN] Unable to load block model: 'minecraft:block/simple_block_6269' for variant: 'minecraft:simple_block_6269#facing=north': #JVZLS 
[22:17:49] [ForkJoinPool.commonPool-worker-4/WARN] Unable to load block model: 'minecraft:block/simple_block_6283' for variant: 'minecraft:simple_block_6283#facing=south': #JVZLS 
[22:17:49] [ForkJoinPool.commonPool-worker-4/WARN] Unable to load block model: 'minecraft:block/simple_block_6268' for variant: 'minecraft:simple_block_6268#facing=west': #JVZLS 
[22:17:49] [ForkJoinPool.commonPool-worker-4/WARN] Unable to load block model: 'minecraft:block/simple_block_6277' for variant: 'minecraft:simple_block_6277#facing=east': #JVZLS 
[22:17:49] [ForkJoinPool.commonPool-worker-4/WARN] Unable to load block model: 'minecraft:block/simple_block_6248' for variant: 'minecraft:simple_block_6248#facing=west': #JVZLS 
[22:17:49] [ForkJoinPool.commonPool-worker-4/WARN] Unable to load block model: 'minecraft:block/simple_block_6318' for variant: 'minecraft:simple_block_6318#facing=west': #JVZLS 
[22:17:49] [ForkJoinPool.commonPool-worker-4/WARN] Unable to load block model: 'minecraft:block/simple_block_6270' for variant: 'minecraft:simple_block_6270#facing=south': #JVZLS 
[22:17:49] [ForkJoinPool.commonPool-worker-4/WARN] Unable to load block model: 'minecraft:block/simple_block_6198' for variant: 'minecraft:simple_block_6198#facing=west': #JVZLS 
[22:17:49] [ForkJoinPool.commonPool-worker-4/WARN] Unable to load block model: 'minecraft:block/simple_block_6320' for variant: 'minecraft:simple_block_6320#facing=south': #JVZLS 
[22:17:49] [ForkJoinPool.commonPool-worker-4/WARN] Unable to load block model: 'minecraft:block/simple_block_6169' for variant: 'minecraft:simple_block_6169#facing=east': #JVZLS 
[22:17:49] [ForkJoinPool.commonPool-worker-4/WARN] Unable to load block model: 'minecraft:block/simple_block_6196' for variant: 'minecraft:simple_block_6196#facing=north': #JVZLS 
[22:17:49] [ForkJoinPool.commonPool-worker-4/WARN] Unable to load block model: 'minecraft:block/simple_block_6183' for variant: 'minecraft:simple_block_6183#facing=north': #JVZLS 
[22:17:49] [ForkJoinPool.commonPool-worker-4/WARN] Unable to load block model: 'minecraft:block/simple_block_6274' for variant: 'minecraft:simple_block_6274#facing=east': #JVZLS 
[22:17:49] [ForkJoinPool.commonPool-worker-4/WARN] Unable to load block model: 'minecraft:block/simple_block_6191' for variant: 'minecraft:simple_block_6191#facing=east': #JVZLS 
[22:17:49] [ForkJoinPool.commonPool-worker-4/WARN] Unable to load block model: 'minecraft:block/simple_block_6160' for variant: 'minecraft:simple_block_6160#facing=north': #JVZLS 
[22:17:49] [ForkJoinPool.commonPool-worker-4/WARN] Unable to load block model: 'minecraft:block/simple_block_6165' for variant: 'minecraft:simple_block_6165#facing=south': #JVZLS 
[22:17:49] [ForkJoinPool.commonPool-worker-4/WARN] Unable to load block model: 'minecraft:block/simple_block_6235' for variant: 'minecraft:simple_block_6235#facing=west': #JVZLS 
[22:17:49] [ForkJoinPool.commonPool-worker-4/WARN] Unable to load block model: 'minecraft:block/simple_block_6238' for variant: 'minecraft:simple_block_6238#facing=south': #JVZLS 
[22:17:49] [ForkJoinPool.commonPool-worker-4/WARN] Unable to load block model: 'minecraft:block/simple_block_6319' for variant: 'minecraft:simple_block_6319#facing=north': #JVZLS 
[22:17:49] [ForkJoinPool.commonPool-worker-4/WARN] Unable to load block model: 'minecraft:block/simple_block_6202' for variant: 'minecraft:simple_block_6202#facing=south': #JVZLS 
[22:17:49] [ForkJoinPool.commonPool-worker-4/WARN] Unable to load block model: 'minecraft:block/simple_block_6246' for variant: 'minecraft:simple_block_6246#facing=north': #JVZLS 
[22:17:49] [ForkJoinPool.commonPool-worker-4/WARN] Unable to load block model: 'minecraft:block/simple_block_6284' for variant: 'minecraft:simple_block_6284#facing=south': #JVZLS 
[22:17:49] [ForkJoinPool.commonPool-worker-4/WARN] Unable to load block model: 'minecraft:block/simple_block_6156' for variant: 'minecraft:simple_block_6156#facing=north': #JVZLS 
[22:17:49] [ForkJoinPool.commonPool-worker-4/WARN] Unable to load block model: 'minecraft:block/simple_block_6201' for variant: 'minecraft:simple_block_6201#facing=south': #JVZLS 
[22:17:49] [ForkJoinPool.commonPool-worker-4/WARN] Unable to load block model: 'minecraft:block/simple_block_6183' for variant: 'minecraft:simple_block_6183#facing=south': #JVZLS 
[22:17:49] [ForkJoinPool.commonPool-worker-4/WARN] Unable to load block model: 'minecraft:block/simple_block_6175' for variant: 'minecraft:simple_block_6175#facing=east': #JVZLS 
[22:17:49] [ForkJoinPool.commonPool-worker-4/WARN] Unable to load block model: 'minecraft:block/simple_block_6231' for variant: 'minecraft:simple_block_6231#facing=north': #JVZLS 
[22:17:49] [ForkJoinPool.commonPool-worker-4/WARN] Unable to load block model: 'minecraft:block/simple_block_6283' for variant: 'minecraft:simple_block_6283#facing=north': #JVZLS 
[22:17:49] [ForkJoinPool.commonPool-worker-4/WARN] Unable to load block model: 'minecraft:block/simple_block_6219' for variant: 'minecraft:simple_block_6219#facing=east': #JVZLS 
[22:17:49] [ForkJoinPool.commonPool-worker-4/WARN] Unable to load block model: 'minecraft:block/simple_block_6315' for variant: 'minecraft:simple_block_6315#facing=west': #JVZLS 
[22:17:49] [ForkJoinPool.commonPool-worker-4/WARN] Unable to load block model: 'minecraft:block/simple_block_6323' for variant: 'minecraft:simple_block_6323#facing=south': #JVZLS 
[22:17:49] [ForkJoinPool.commonPool-worker-4/WARN] Unable to load block model: 'minecraft:block/simple_block_6320' for variant: 'minecraft:simple_block_6320#facing=west': #JVZLS 
[22:17:49] [ForkJoinPool.commonPool-worker-4/WARN] Unable to load block model: 'minecraft:block/simple_block_6214' for variant: 'minecraft:simple_block_6214#facing=east': #JVZLS 
[22:17:49] [ForkJoinPool.commonPool-worker-4/WARN] Unable to load block model: 'minecraft:block/simple_block_6162' for variant: 'minecraft:simple_block_6162#facing=south': #JVZLS 
[22:17:49] [ForkJoinPool.commonPool-worker-4/WARN] Unable to load block model: 'minecraft:block/simple_block_6240' for variant: 'minecraft:simple_block_6240#facing=east': #JVZLS 
[22:17:49] [ForkJoinPool.commonPool-worker-4/WARN] Unable to load block model: 'minecraft:block/simple_block_6196' for variant: 'minecraft:simple_block_6196#facing=west': #JVZLS 
[22:17:49] [ForkJoinPool.commonPool-worker-4/WARN] Unable to load block model: 'minecraft:block/simple_block_6224' for variant: 'minecraft:simple_block_6224#facing=west': #JVZLS 
[22:17:49] [ForkJoinPool.commonPool-worker-4/WARN] Unable to load block model: 'minecraft:block/simple_block_6271' for variant: 'minecraft:simple_block_6271#facing=west': #JVZLS 
[22:17:49] [ForkJoinPool.commonPool-worker-4/WARN] Unable to load block model: 'minecraft:block/simple_block_6221' for variant: 'minecraft:simple_block_6221#facing=north': #JVZLS 
[22:17:49] [ForkJoinPool.commonPool-worker-4/WARN] Unable to load block model: 'minecraft:block/simple_block_6227' for variant: 'minecraft:simple_block_6227#facing=south': #JVZLS 
[22:17:49] [ForkJoinPool.commonPool-worker-4/WARN] Unable to load block model: 'minecraft:block/simple_block_6257' for variant: 'minecraft:simple_block_6257#facing=north': #JVZLS 
[22:17:49] [ForkJoinPool.commonPool-worker-4/WARN] Unable to load block model: 'minecraft:block/simple_block_6276' for variant: 'minecraft:simple_block_6276#facing=east': #JVZLS 
[22:17:49] [ForkJoinPool.commonPool-worker-4/WARN] Unable to load block model: 'minecraft:block/simple_block_6302' for variant: 'minecraft:simple_block_6302#facing=south': #JVZLS 
[22:17:49] [ForkJoinPool.commonPool-worker-4/WARN] Unable to load block model: 'minecraft:block/simple_block_6325' for variant: 'minecraft:simple_block_6325#facing=east': #JVZLS 
[22:17:49] [ForkJoinPool.commonPool-worker-4/WARN] Unable to load block model: 'minecraft:block/simple_block_6247' for variant: 'minecraft:simple_block_6247#facing=north': #JVZLS 
[22:17:49] [ForkJoinPool.commonPool-worker-4/WARN] Unable to load block model: 'minecraft:block/simple_block_6166' for variant: 'minecraft:simple_block_6166#facing=north': #JVZLS 
[22:17:49] [ForkJoinPool.commonPool-worker-4/WARN] Unable to load block model: 'minecraft:block/simple_block_6325' for variant: 'minecraft:simple_block_6325#facing=west': #JVZLS 
[22:17:49] [ForkJoinPool.commonPool-worker-4/WARN] Unable to load block model: 'minecraft:block/simple_block_6192' for variant: 'minecraft:simple_block_6192#facing=north': #JVZLS 
[22:17:49] [ForkJoinPool.commonPool-worker-4/WARN] Unable to load block model: 'minecraft:block/simple_block_6281' for variant: 'minecraft:simple_block_6281#facing=west': #JVZLS 
[22:17:49] [ForkJoinPool.commonPool-worker-4/WARN] Unable to load block model: 'minecraft:block/simple_block_6237' for variant: 'minecraft:simple_block_6237#facing=south': #JVZLS 
[22:17:49] [ForkJoinPool.commonPool-worker-4/WARN] Unable to load block model: 'minecraft:block/simple_block_6224' for variant: 'minecraft:simple_block_6224#facing=east': #JVZLS 
[22:17:49] [ForkJoinPool.commonPool-worker-4/WARN] Unable to load block model: 'minecraft:block/simple_block_6318' for variant: 'minecraft:simple_block_6318#facing=south': #JVZLS 
[22:17:49] [ForkJoinPool.commonPool-worker-4/WARN] Unable to load block model: 'minecraft:block/simple_block_6305' for variant: 'minecraft:simple_block_6305#facing=east': #JVZLS 
[22:17:49] [ForkJoinPool.commonPool-worker-4/WARN] Unable to load block model: 'minecraft:block/simple_block_6203' for variant: 'minecraft:simple_block_6203#facing=east': #JVZLS 
[22:17:49] [ForkJoinPool.commonPool-worker-4/WARN] Unable to load block model: 'minecraft:block/simple_block_6313' for variant: 'minecraft:simple_block_6313#facing=south': #JVZLS 
[22:17:49] [ForkJoinPool.commonPool-worker-4/WARN] Unable to load block model: 'minecraft:block/simple_block_6182' for variant: 'minecraft:simple_block_6182#facing=north': #JVZLS 
[22:17:49] [ForkJoinPool.commonPool-worker-4/WARN] Unable to load block model: 'minecraft:block/simple_block_6286' for variant: 'minecraft:simple_block_6286#facing=east': #JVZLS 
[22:17:49] [ForkJoinPool.commonPool-worker-4/WARN] Unable to load block model: 'minecraft:block/simple_block_6260' for variant: 'minecraft:simple_block_6260#facing=east': #JVZLS 
[22:17:49] [ForkJoinPool.commonPool-worker-4/WARN] Unable to load block model: 'minecraft:block/simple_block_6211' for variant: 'minecraft:simple_block_6211#facing=south': #JVZLS 
[22:17:49] [ForkJoinPool.commonPool-worker-4/WARN] Unable to load block model: 'minecraft:block/simple_block_6250' for variant: 'minecraft:simple_block_6250#facing=east': #JVZLS 
[22:17:49] [ForkJoinPool.commonPool-worker-4/WARN] Unable to load block model: 'minecraft:block/simple_block_6328' for variant: 'minecraft:simple_block_6328#facing=south': #JVZLS 
[22:17:49] [ForkJoinPool.commonPool-worker-4/WARN] Unable to load block model: 'minecraft:block/simple_block_6294' for variant: 'minecraft:simple_block_6294#facing=south': #JVZLS 
[22:17:49] [ForkJoinPool.commonPool-worker-4/WARN] Unable to load block model: 'minecraft:block/simple_block_6234' for variant: 'minecraft:simple_block_6234#facing=east': #JVZLS 
[22:17:49] [ForkJoinPool.commonPool-worker-4/WARN] Unable to load block model: 'minecraft:block/simple_block_6310' for variant: 'minecraft:simple_block_6310#facing=west': #JVZLS 
[22:17:49] [ForkJoinPool.commonPool-worker-4/WARN] Unable to load block model: 'minecraft:block/simple_block_6299' for variant: 'minecraft:simple_block_6299#facing=north': #JVZLS 
[22:17:49] [ForkJoinPool.commonPool-worker-4/WARN] Unable to load block model: 'minecraft:block/simple_block_6315' for variant: 'minecraft:simple_block_6315#facing=east': #JVZLS 
[22:17:49] [ForkJoinPool.commonPool-worker-4/WARN] Unable to load block model: 'minecraft:block/simple_block_6300' for variant: 'minecraft:simple_block_6300#facing=west': #JVZLS 
[22:17:49] [ForkJoinPool.commonPool-worker-4/WARN] Unable to load block model: 'minecraft:block/simple_block_6256' for variant: 'minecraft:simple_block_6256#facing=east': #JVZLS 
[22:17:49] [ForkJoinPool.commonPool-worker-4/WARN] Unable to load block model: 'minecraft:block/simple_block_6211' for variant: 'minecraft:simple_block_6211#facing=north': #JVZLS 
[22:17:49] [ForkJoinPool.commonPool-worker-4/WARN] Unable to load block model: 'minecraft:block/simple_block_6186' for variant: 'minecraft:simple_block_6186#facing=west': #JVZLS 
[22:17:49] [ForkJoinPool.commonPool-worker-4/WARN] Unable to load block model: 'minecraft:block/simple_block_6291' for variant: 'minecraft:simple_block_6291#facing=west': #JVZLS 
[22:17:49] [ForkJoinPool.commonPool-worker-4/WARN] Unable to load block model: 'minecraft:block/simple_block_6207' for variant: 'minecraft:simple_block_6207#facing=south': #JVZLS 
[22:17:49] [ForkJoinPool.commonPool-worker-4/WARN] Unable to load block model: 'minecraft:block/simple_block_6234' for variant: 'minecraft:simple_block_6234#facing=west': #JVZLS 
[22:17:49] [ForkJoinPool.commonPool-worker-4/WARN] Unable to load block model: 'minecraft:block/simple_block_6230' for variant: 'minecraft:simple_block_6230#facing=east': #JVZLS 
[22:17:49] [ForkJoinPool.commonPool-worker-4/WARN] Unable to load block model: 'minecraft:block/simple_block_6326' for variant: 'minecraft:simple_block_6326#facing=west': #JVZLS 
[22:17:49] [ForkJoinPool.commonPool-worker-4/WARN] Unable to load block model: 'minecraft:block/simple_block_6172' for variant: 'minecraft:simple_block_6172#facing=north': #JVZLS 
[22:17:49] [ForkJoinPool.commonPool-worker-4/WARN] Unable to load block model: 'minecraft:block/simple_block_6163' for variant: 'minecraft:simple_block_6163#facing=south': #JVZLS 
[22:17:49] [ForkJoinPool.commonPool-worker-4/WARN] Unable to load block model: 'minecraft:block/simple_block_6251' for variant: 'minecraft:simple_block_6251#facing=north': #JVZLS 
[22:17:49] [ForkJoinPool.commonPool-worker-4/WARN] Unable to load block model: 'minecraft:block/simple_block_6303' for variant: 'minecraft:simple_block_6303#facing=south': #JVZLS 
[22:17:49] [ForkJoinPool.commonPool-worker-4/WARN] Unable to load block model: 'minecraft:block/simple_block_6273' for variant: 'minecraft:simple_block_6273#facing=north': #JVZLS 
[22:17:49] [ForkJoinPool.commonPool-worker-4/WARN] Unable to load block model: 'minecraft:block/simple_block_6198' for variant: 'minecraft:simple_block_6198#facing=north': #JVZLS 
[22:17:49] [ForkJoinPool.commonPool-worker-4/WARN] Unable to load block model: 'minecraft:block/simple_block_6208' for variant: 'minecraft:simple_block_6208#facing=west': #JVZLS 
[22:17:49] [ForkJoinPool.commonPool-worker-4/WARN] Unable to load block model: 'minecraft:block/simple_block_6160' for variant: 'minecraft:simple_block_6160#facing=west': #JVZLS 
[22:17:49] [ForkJoinPool.commonPool-worker-4/WARN] Unable to load block model: 'minecraft:block/simple_block_6190' for variant: 'minecraft:simple_block_6190#facing=west': #JVZLS 
[22:17:49] [ForkJoinPool.commonPool-worker-4/WARN] Unable to load block model: 'minecraft:block/simple_block_6162' for variant: 'minecraft:simple_block_6162#facing=north': #JVZLS 
[22:17:49] [ForkJoinPool.commonPool-worker-4/WARN] Unable to load block model: 'minecraft:block/simple_block_6199' for variant: 'minecraft:simple_block_6199#facing=south': #JVZLS 
[22:17:49] [ForkJoinPool.commonPool-worker-4/WARN] Unable to load block model: 'minecraft:block/simple_block_6193' for variant: 'minecraft:simple_block_6193#facing=south': #JVZLS 
[22:17:49] [ForkJoinPool.commonPool-worker-4/WARN] Unable to load block model: 'minecraft:block/simple_block_6155' for variant: 'minecraft:simple_block_6155#facing=north': #JVZLS 
[22:17:49] [ForkJoinPool.commonPool-worker-4/WARN] Unable to load block model: 'minecraft:block/simple_block_6220' for variant: 'minecraft:simple_block_6220#facing=east': #JVZLS 
[22:17:49] [ForkJoinPool.commonPool-worker-4/WARN] Unable to load block model: 'minecraft:block/simple_block_6217' for variant: 'minecraft:simple_block_6217#facing=south': #JVZLS 
[22:17:49] [ForkJoinPool.commonPool-worker-4/WARN] Unable to load block model: 'minecraft:block/simple_block_6246' for variant: 'minecraft:simple_block_6246#facing=east': #JVZLS 
[22:17:49] [ForkJoinPool.commonPool-worker-4/WARN] Unable to load block model: 'minecraft:block/simple_block_6329' for variant: 'minecraft:simple_block_6329#facing=south': #JVZLS 
[22:17:49] [ForkJoinPool.commonPool-worker-4/WARN] Unable to load block model: 'minecraft:block/simple_block_6173' for variant: 'minecraft:simple_block_6173#facing=south': #JVZLS 
[22:17:49] [ForkJoinPool.commonPool-worker-4/WARN] Unable to load block model: 'minecraft:block/simple_block_6266' for variant: 'minecraft:simple_block_6266#facing=east': #JVZLS 
[22:17:49] [ForkJoinPool.commonPool-worker-4/WARN] Unable to load block model: 'minecraft:block/simple_block_6204' for variant: 'minecraft:simple_block_6204#facing=east': #JVZLS 
[22:17:49] [ForkJoinPool.commonPool-worker-4/WARN] Unable to load block model: 'minecraft:block/simple_block_6267' for variant: 'minecraft:simple_block_6267#facing=north': #JVZLS 
[22:17:49] [ForkJoinPool.commonPool-worker-4/WARN] Unable to load block model: 'minecraft:block/simple_block_6180' for variant: 'minecraft:simple_block_6180#facing=west': #JVZLS 
[22:17:49] [ForkJoinPool.commonPool-worker-4/WARN] Unable to load block model: 'minecraft:block/simple_block_6277' for variant: 'minecraft:simple_block_6277#facing=north': #JVZLS 
[22:17:49] [ForkJoinPool.commonPool-worker-4/WARN] Unable to load block model: 'minecraft:block/simple_block_6312' for variant: 'minecraft:simple_block_6312#facing=south': #JVZLS 
[22:17:49] [ForkJoinPool.commonPool-worker-4/WARN] Unable to load block model: 'minecraft:block/simple_block_6170' for variant: 'minecraft:simple_block_6170#facing=west': #JVZLS 
[22:17:49] [ForkJoinPool.commonPool-worker-4/WARN] Unable to load block model: 'minecraft:block/simple_block_6214' for variant: 'minecraft:simple_block_6214#facing=west': #JVZLS 
[22:17:49] [ForkJoinPool.commonPool-worker-4/WARN] Unable to load block model: 'minecraft:block/simple_block_6322' for variant: 'minecraft:simple_block_6322#facing=south': #JVZLS 
[22:17:49] [ForkJoinPool.commonPool-worker-4/WARN] Unable to load block model: 'minecraft:block/simple_block_6204' for variant: 'minecraft:simple_block_6204#facing=west': #JVZLS 
[22:17:49] [ForkJoinPool.commonPool-worker-4/WARN] Unable to load block model: 'minecraft:block/simple_block_6241' for variant: 'minecraft:simple_block_6241#facing=north': #JVZLS 
[22:17:49] [ForkJoinPool.commonPool-worker-4/WARN] Unable to load block model: 'minecraft:block/simple_block_6316' for variant: 'minecraft:simple_block_6316#facing=west': #JVZLS 
[22:17:49] [ForkJoinPool.commonPool-worker-4/WARN] Unable to load block model: 'minecraft:block/simple_block_6188' for variant: 'minecraft:simple_block_6188#facing=north': #JVZLS 
[22:17:49] [ForkJoinPool.commonPool-worker-4/WARN] Unable to load block model: 'minecraft:block/simple_block_6319' for variant: 'minecraft:simple_block_6319#facing=south': #JVZLS 
[22:17:49] [ForkJoinPool.commonPool-worker-4/WARN] Unable to load block model: 'minecraft:block/simple_block_6293' for variant: 'minecraft:simple_block_6293#facing=north': #JVZLS 
[22:17:49] [ForkJoinPool.commonPool-worker-4/WARN] Unable to load block model: 'minecraft:block/simple_block_6305' for variant: 'minecraft:simple_block_6305#facing=north': #JVZLS 
[22:17:49] [ForkJoinPool.commonPool-worker-4/WARN] Unable to load block model: 'minecraft:block/simple_block_6254' for variant: 'minecraft:simple_block_6254#facing=west': #JVZLS 
[22:17:49] [ForkJoinPool.commonPool-worker-4/WARN] Unable to load block model: 'minecraft:block/simple_block_6318' for variant: 'minecraft:simple_block_6318#facing=north': #JVZLS 
[22:17:49] [ForkJoinPool.commonPool-worker-4/WARN] Unable to load block model: 'minecraft:block/simple_block_6293' for variant: 'minecraft:simple_block_6293#facing=east': #JVZLS 
[22:17:49] [ForkJoinPool.commonPool-worker-4/WARN] Unable to load block model: 'minecraft:block/simple_block_6179' for variant: 'minecraft:simple_block_6179#facing=west': #JVZLS 
[22:17:49] [ForkJoinPool.commonPool-worker-4/WARN] Unable to load block model: 'minecraft:block/simple_block_6280' for variant: 'minecraft:simple_block_6280#facing=east': #JVZLS 
[22:17:49] [ForkJoinPool.commonPool-worker-4/WARN] Unable to load block model: 'minecraft:block/simple_block_6217' for variant: 'minecraft:simple_block_6217#facing=north': #JVZLS 
[22:17:49] [ForkJoinPool.commonPool-worker-4/WARN] Unable to load block model: 'minecraft:block/simple_block_6267' for variant: 'minecraft:simple_block_6267#facing=west': #JVZLS 
[22:17:49] [ForkJoinPool.commonPool-worker-4/WARN] Unable to load block model: 'minecraft:block/simple_block_6231' for variant: 'minecraft:simple_block_6231#facing=south': #JVZLS 
[22:17:49] [ForkJoinPool.commonPool-worker-4/WARN] Unable to load block model: 'minecraft:block/simple_block_6257' for variant: 'minecraft:simple_block_6257#facing=south': #JVZLS 
[22:17:49] [ForkJoinPool.commonPool-worker-4/WARN] Unable to load block model: 'minecraft:block/simple_block_6244' for variant: 'minecraft:simple_block_6244#facing=south': #JVZLS 
[22:17:49] [ForkJoinPool.commonPool-worker-4/WARN] Unable to load block model: 'minecraft:block/simple_block_6306' for variant: 'minecraft:simple_block_6306#facing=west': #JVZLS 
[22:17:49] [ForkJoinPool.commonPool-worker-4/WARN] Unable to load block model: 'minecraft:block/simple_block_6204' for variant: 'minecraft:simple_block_6204#facing=north': #JVZLS 
[22:17:49] [ForkJoinPool.commonPool-worker-4/WARN] Unable to load block model: 'minecraft:block/simple_block_6227' for variant: 'minecraft:simple_block_6227#facing=north': #JVZLS 
[22:17:49] [ForkJoinPool.commonPool-worker-4/WARN] Unable to load block model: 'minecraft:block/simple_block_6169' for variant: 'minecraft:simple_block_6169#facing=south': #JVZLS 
[22:17:49] [ForkJoinPool.commonPool-worker-4/WARN] Unable to load block model: 'minecraft:block/simple_block_6241' for variant: 'minecraft:simple_block_6241#facing=west': #JVZLS 
[22:17:49] [ForkJoinPool.commonPool-worker-4/WARN] Unable to load block model: 'minecraft:block/simple_block_6166' for variant: 'minecraft:simple_block_6166#facing=west': #JVZLS 
[22:17:49] [ForkJoinPool.commonPool-worker-4/WARN] Unable to load block model: 'minecraft:block/simple_block_6319' for variant: 'minecraft:simple_block_6319#facing=west': #JVZLS 
[22:17:49] [ForkJoinPool.commonPool-worker-4/WARN] Unable to load block model: 'minecraft:block/simple_block_6244' for variant: 'minecraft:simple_block_6244#facing=west': #JVZLS 
[22:17:49] [ForkJoinPool.commonPool-worker-4/WARN] Unable to load block model: 'minecraft:block/simple_block_6176' for variant: 'minecraft:simple_block_6176#facing=west': #JVZLS 
[22:17:49] [ForkJoinPool.commonPool-worker-4/WARN] Unable to load block model: 'minecraft:block/simple_block_6257' for variant: 'minecraft:simple_block_6257#facing=west': #JVZLS 
[22:17:49] [ForkJoinPool.commonPool-worker-4/WARN] Unable to load block model: 'minecraft:block/simple_block_6163' for variant: 'minecraft:simple_block_6163#facing=west': #JVZLS 
[22:17:49] [ForkJoinPool.commonPool-worker-4/WARN] Unable to load block model: 'minecraft:block/simple_block_6189' for variant: 'minecraft:simple_block_6189#facing=west': #JVZLS 
[22:17:49] [ForkJoinPool.commonPool-worker-4/WARN] Unable to load block model: 'minecraft:block/simple_block_6328' for variant: 'minecraft:simple_block_6328#facing=north': #JVZLS 
[22:17:49] [ForkJoinPool.commonPool-worker-4/WARN] Unable to load block model: 'minecraft:block/simple_block_6201' for variant: 'minecraft:simple_block_6201#facing=north': #JVZLS 
[22:17:49] [ForkJoinPool.commonPool-worker-4/WARN] Unable to load block model: 'minecraft:block/simple_block_6315' for variant: 'minecraft:simple_block_6315#facing=north': #JVZLS 
[22:17:49] [ForkJoinPool.commonPool-worker-4/WARN] Unable to load block model: 'minecraft:block/simple_block_6214' for variant: 'minecraft:simple_block_6214#facing=north': #JVZLS 
[22:17:49] [ForkJoinPool.commonPool-worker-4/WARN] Unable to load block model: 'minecraft:block/simple_block_6283' for variant: 'minecraft:simple_block_6283#facing=east': #JVZLS 
[22:17:49] [ForkJoinPool.commonPool-worker-4/WARN] Unable to load block model: 'minecraft:block/simple_block_6158' for variant: 'minecraft:simple_block_6158#facing=east': #JVZLS 
[22:17:49] [ForkJoinPool.commonPool-worker-4/WARN] Unable to load block model: 'minecraft:block/simple_block_6231' for variant: 'minecraft:simple_block_6231#facing=west': #JVZLS 
[22:17:49] [ForkJoinPool.commonPool-worker-4/WARN] Unable to load block model: 'minecraft:block/simple_block_6156' for variant: 'minecraft:simple_block_6156#facing=south': #JVZLS 
[22:17:49] [ForkJoinPool.commonPool-worker-4/WARN] Unable to load block model: 'minecraft:block/simple_block_6189' for variant: 'minecraft:simple_block_6189#facing=south': #JVZLS 
[22:17:49] [ForkJoinPool.commonPool-worker-4/WARN] Unable to load block model: 'minecraft:block/simple_block_6192' for variant: 'minecraft:simple_block_6192#facing=east': #JVZLS 
[22:17:49] [ForkJoinPool.commonPool-worker-4/WARN] Unable to load block model: 'minecraft:block/simple_block_6166' for variant: 'minecraft:simple_block_6166#facing=south': #JVZLS 
[22:17:49] [ForkJoinPool.commonPool-worker-4/WARN] Unable to load block model: 'minecraft:block/simple_block_6309' for variant: 'minecraft:simple_block_6309#facing=west': #JVZLS 
[22:17:49] [ForkJoinPool.commonPool-worker-4/WARN] Unable to load block model: 'minecraft:block/simple_block_6247' for variant: 'minecraft:simple_block_6247#facing=south': #JVZLS 
[22:17:49] [ForkJoinPool.commonPool-worker-4/WARN] Unable to load block model: 'minecraft:block/simple_block_6296' for variant: 'minecraft:simple_block_6296#facing=east': #JVZLS 
[22:17:49] [ForkJoinPool.commonPool-worker-4/WARN] Unable to load block model: 'minecraft:block/simple_block_6179' for variant: 'minecraft:simple_block_6179#facing=south': #JVZLS 
[22:17:49] [ForkJoinPool.commonPool-worker-4/WARN] Unable to load block model: 'minecraft:block/simple_block_6168' for variant: 'minecraft:simple_block_6168#facing=east': #JVZLS 
[22:17:49] [ForkJoinPool.commonPool-worker-4/WARN] Unable to load block model: 'minecraft:block/simple_block_6224' for variant: 'minecraft:simple_block_6224#facing=north': #JVZLS 
[22:17:49] [ForkJoinPool.commonPool-worker-4/WARN] Unable to load block model: 'minecraft:block/simple_block_6237' for variant: 'minecraft:simple_block_6237#facing=north': #JVZLS 
[22:17:49] [ForkJoinPool.commonPool-worker-4/WARN] Unable to load block model: 'minecraft:block/simple_block_6312' for variant: 'minecraft:simple_block_6312#facing=north': #JVZLS 
[22:17:49] [ForkJoinPool.commonPool-worker-4/WARN] Unable to load block model: 'minecraft:block/simple_block_6251' for variant: 'minecraft:simple_block_6251#facing=south': #JVZLS 
[22:17:49] [ForkJoinPool.commonPool-worker-4/WARN] Unable to load block model: 'minecraft:block/simple_block_6325' for variant: 'minecraft:simple_block_6325#facing=north': #JVZLS 
[22:17:49] [ForkJoinPool.commonPool-worker-4/WARN] Unable to load block model: 'minecraft:block/simple_block_6264' for variant: 'minecraft:simple_block_6264#facing=south': #JVZLS 
[22:17:49] [ForkJoinPool.commonPool-worker-4/WARN] Unable to load block model: 'minecraft:block/simple_block_6234' for variant: 'minecraft:simple_block_6234#facing=south': #JVZLS 
[22:17:49] [ForkJoinPool.commonPool-worker-4/WARN] Unable to load block model: 'minecraft:block/simple_block_6159' for variant: 'minecraft:simple_block_6159#facing=south': #JVZLS 
[22:17:49] [ForkJoinPool.commonPool-worker-4/WARN] Unable to load block model: 'minecraft:block/simple_block_6159' for variant: 'minecraft:simple_block_6159#facing=west': #JVZLS 
[22:17:49] [ForkJoinPool.commonPool-worker-4/WARN] Unable to load block model: 'minecraft:block/simple_block_6155' for variant: 'minecraft:simple_block_6155#facing=east': #JVZLS 
[22:17:49] [ForkJoinPool.commonPool-worker-4/WARN] Unable to load block model: 'minecraft:block/simple_block_6221' for variant: 'minecraft:simple_block_6221#facing=south': #JVZLS 
[22:17:49] [ForkJoinPool.commonPool-worker-4/WARN] Unable to load block model: 'minecraft:block/simple_block_6182' for variant: 'minecraft:simple_block_6182#facing=east': #JVZLS 
[22:17:49] [ForkJoinPool.commonPool-worker-4/WARN] Unable to load block model: 'minecraft:block/simple_block_6277' for variant: 'minecraft:simple_block_6277#facing=west': #JVZLS 
[22:17:49] [ForkJoinPool.commonPool-worker-4/WARN] Unable to load block model: 'minecraft:block/simple_block_6195' for variant: 'minecraft:simple_block_6195#facing=east': #JVZLS 
[22:17:49] [ForkJoinPool.commonPool-worker-4/WARN] Unable to load block model: 'minecraft:block/simple_block_6318' for variant: 'minecraft:simple_block_6318#facing=east': #JVZLS 
[22:17:49] [ForkJoinPool.commonPool-worker-4/WARN] Unable to load block model: 'minecraft:block/simple_block_6274' for variant: 'minecraft:simple_block_6274#facing=south': #JVZLS 
[22:17:49] [ForkJoinPool.commonPool-worker-4/WARN] Unable to load block model: 'minecraft:block/simple_block_6270' for variant: 'minecraft:simple_block_6270#facing=east': #JVZLS 
[22:17:49] [ForkJoinPool.commonPool-worker-4/WARN] Unable to load block model: 'minecraft:block/simple_block_6287' for variant: 'minecraft:simple_block_6287#facing=south': #JVZLS 
[22:17:49] [ForkJoinPool.commonPool-worker-4/WARN] Unable to load block model: 'minecraft:block/simple_block_6302' for variant: 'minecraft:simple_block_6302#facing=north': #JVZLS 
[22:17:49] [ForkJoinPool.commonPool-worker-4/WARN] Unable to load block model: 'minecraft:block/simple_block_6165' for variant: 'minecraft:simple_block_6165#facing=east': #JVZLS 
[22:17:49] [ForkJoinPool.commonPool-worker-4/WARN] Unable to load block model: 'minecraft:block/simple_block_6290' for variant: 'minecraft:simple_block_6290#facing=east': #JVZLS 
[22:17:49] [ForkJoinPool.commonPool-worker-4/WARN] Unable to load block model: 'minecraft:block/simple_block_6172' for variant: 'minecraft:simple_block_6172#facing=east': #JVZLS 
[22:17:49] [ForkJoinPool.commonPool-worker-4/WARN] Unable to load block model: 'minecraft:block/simple_block_6185' for variant: 'minecraft:simple_block_6185#facing=east': #JVZLS 
[22:17:49] [ForkJoinPool.commonPool-worker-4/WARN] Unable to load block model: 'minecraft:block/simple_block_6264' for variant: 'minecraft:simple_block_6264#facing=west': #JVZLS 
[22:17:49] [ForkJoinPool.commonPool-worker-4/WARN] Unable to load block model: 'minecraft:block/simple_block_6267' for variant: 'minecraft:simple_block_6267#facing=south': #JVZLS 
[22:17:49] [ForkJoinPool.commonPool-worker-4/WARN] Unable to load block model: 'minecraft:block/simple_block_6156' for variant: 'minecraft:simple_block_6156#facing=west': #JVZLS 
[22:17:49] [ForkJoinPool.commonPool-worker-4/WARN] Unable to load block model: 'minecraft:block/simple_block_6308' for variant: 'minecraft:simple_block_6308#facing=east': #JVZLS 
[22:17:49] [ForkJoinPool.commonPool-worker-4/WARN] Unable to load block model: 'minecraft:block/simple_block_6207' for variant: 'minecraft:simple_block_6207#facing=north': #JVZLS 
[22:17:49] [ForkJoinPool.commonPool-worker-4/WARN] Unable to load block model: 'minecraft:block/simple_block_6261' for variant: 'minecraft:simple_block_6261#facing=west': #JVZLS 
[22:17:49] [ForkJoinPool.commonPool-worker-4/WARN] Unable to load block model: 'minecraft:block/simple_block_6287' for variant: 'minecraft:simple_block_6287#facing=west': #JVZLS 
[22:17:49] [ForkJoinPool.commonPool-worker-4/WARN] Unable to load block model: 'minecraft:block/simple_block_6322' for variant: 'minecraft:simple_block_6322#facing=north': #JVZLS 
[22:17:49] [ForkJoinPool.commonPool-worker-4/WARN] Unable to load block model: 'minecraft:block/simple_block_6254' for variant: 'minecraft:simple_block_6254#facing=south': #JVZLS 
[22:17:49] [ForkJoinPool.commonPool-worker-4/WARN] Unable to load block model: 'minecraft:block/simple_block_6297' for variant: 'minecraft:simple_block_6297#facing=west': #JVZLS 
[22:17:49] [ForkJoinPool.commonPool-worker-4/WARN] Unable to load block model: 'minecraft:block/simple_block_6251' for variant: 'minecraft:simple_block_6251#facing=west': #JVZLS 
[22:17:49] [ForkJoinPool.commonPool-worker-4/WARN] Unable to load block model: 'minecraft:block/simple_block_6169' for variant: 'minecraft:simple_block_6169#facing=west': #JVZLS 
[22:17:49] [ForkJoinPool.commonPool-worker-4/WARN] Unable to load block model: 'minecraft:block/simple_block_6241' for variant: 'minecraft:simple_block_6241#facing=south': #JVZLS 
[22:17:49] [ForkJoinPool.commonPool-worker-4/WARN] Unable to load block model: 'minecraft:block/simple_block_6162' for variant: 'minecraft:simple_block_6162#facing=east': #JVZLS 
[22:17:49] [ForkJoinPool.commonPool-worker-4/WARN] Unable to load block model: 'minecraft:block/simple_block_6274' for variant: 'minecraft:simple_block_6274#facing=west': #JVZLS 
[22:17:49] [ForkJoinPool.commonPool-worker-4/WARN] Unable to load block model: 'minecraft:block/simple_block_6277' for variant: 'minecraft:simple_block_6277#facing=south': #JVZLS 
[22:17:49] [ForkJoinPool.commonPool-worker-4/WARN] Unable to load block model: 'minecraft:block/simple_block_6198' for variant: 'minecraft:simple_block_6198#facing=east': #JVZLS 
[22:17:49] [ForkJoinPool.commonPool-worker-4/ERROR] Unable to load item model: 'minecraft:mcpatcher/cit/others/megumin_hat#inventory' for item: 'minecraft:mcpatcher/cit/others/megumin_hat'
[22:17:49] [ForkJoinPool.commonPool-worker-4/ERROR] Unable to load item model: 'minecraft:mcpatcher/cit/skins/sword/bronze_scythe/model#inventory' for item: 'minecraft:mcpatcher/cit/skins/sword/bronze_scythe/model'
[22:17:49] [ForkJoinPool.commonPool-worker-4/WARN] Missing model for: minecraft:simple_block_6258#facing=west
[22:17:49] [ForkJoinPool.commonPool-worker-4/WARN] Missing model for: minecraft:simple_block_6188#facing=east
[22:17:49] [ForkJoinPool.commonPool-worker-4/WARN] Missing model for: minecraft:simple_block_6214#facing=south
[22:17:49] [ForkJoinPool.commonPool-worker-4/WARN] Missing model for: minecraft:simple_block_6169#facing=north
[22:17:49] [ForkJoinPool.commonPool-worker-4/WARN] Missing model for: minecraft:simple_block_6170#facing=south
[22:17:49] [ForkJoinPool.commonPool-worker-4/WARN] Missing model for: minecraft:simple_block_6328#facing=west
[22:17:49] [ForkJoinPool.commonPool-worker-4/WARN] Missing model for: minecraft:simple_block_6289#facing=east
[22:17:49] [ForkJoinPool.commonPool-worker-4/WARN] Missing model for: minecraft:simple_block_6289#facing=west
[22:17:49] [ForkJoinPool.commonPool-worker-4/WARN] Missing model for: minecraft:simple_block_6328#facing=east
[22:17:49] [ForkJoinPool.commonPool-worker-4/WARN] Missing model for: minecraft:simple_block_6239#facing=north
[22:17:49] [ForkJoinPool.commonPool-worker-4/WARN] Missing model for: minecraft:simple_block_6315#facing=south
[22:17:49] [ForkJoinPool.commonPool-worker-4/WARN] Missing model for: minecraft:simple_block_6245#facing=south
[22:17:49] [ForkJoinPool.commonPool-worker-4/WARN] Missing model for: minecraft:simple_block_6309#facing=north
[22:17:49] [ForkJoinPool.commonPool-worker-4/WARN] Missing model for: minecraft:simple_block_6258#facing=east
[22:17:49] [ForkJoinPool.commonPool-worker-4/WARN] Missing model for: minecraft:simple_block_6284#facing=west
[22:17:49] [ForkJoinPool.commonPool-worker-4/WARN] Missing model for: minecraft:simple_block_6265#facing=north
[22:17:49] [ForkJoinPool.commonPool-worker-4/WARN] Missing model for: minecraft:simple_block_6157#facing=east
[22:17:49] [ForkJoinPool.commonPool-worker-4/WARN] Missing model for: minecraft:simple_block_6183#facing=west
[22:17:49] [ForkJoinPool.commonPool-worker-4/WARN] Missing model for: minecraft:simple_block_6253#facing=east
[22:17:49] [ForkJoinPool.commonPool-worker-4/WARN] Missing model for: minecraft:simple_block_6157#facing=west
[22:17:49] [ForkJoinPool.commonPool-worker-4/WARN] Missing model for: minecraft:simple_block_6310#facing=south
[22:17:49] [ForkJoinPool.commonPool-worker-4/WARN] Missing model for: minecraft:simple_block_6219#facing=south
[22:17:49] [ForkJoinPool.commonPool-worker-4/WARN] Missing model for: minecraft:simple_block_6296#facing=north
[22:17:49] [ForkJoinPool.commonPool-worker-4/WARN] Missing model for: minecraft:simple_block_6188#facing=west
[22:17:49] [ForkJoinPool.commonPool-worker-4/WARN] Missing model for: minecraft:simple_block_6284#facing=east
[22:17:49] [ForkJoinPool.commonPool-worker-4/WARN] Missing model for: minecraft:simple_block_6312#facing=east
[22:17:49] [ForkJoinPool.commonPool-worker-4/WARN] Missing model for: minecraft:simple_block_6312#facing=west
[22:17:49] [ForkJoinPool.commonPool-worker-4/WARN] Missing model for: minecraft:simple_block_6234#facing=north
[22:17:49] [ForkJoinPool.commonPool-worker-4/WARN] Missing model for: minecraft:simple_block_6242#facing=east
[22:17:49] [ForkJoinPool.commonPool-worker-4/WARN] Missing model for: minecraft:simple_block_6276#facing=south
[22:17:49] [ForkJoinPool.commonPool-worker-4/WARN] Missing model for: minecraft:simple_block_6211#facing=east
[22:17:49] [ForkJoinPool.commonPool-worker-4/WARN] Missing model for: minecraft:simple_block_6211#facing=west
[22:17:49] [ForkJoinPool.commonPool-worker-4/WARN] Missing model for: minecraft:simple_block_6242#facing=west
[22:17:49] [ForkJoinPool.commonPool-worker-4/WARN] Missing model for: minecraft:simple_block_6323#facing=west
[22:17:49] [ForkJoinPool.commonPool-worker-4/WARN] Missing model for: minecraft:simple_block_6164#facing=north
[22:17:49] [ForkJoinPool.commonPool-worker-4/WARN] Missing model for: minecraft:simple_block_6203#facing=north
[22:17:49] [ForkJoinPool.commonPool-worker-4/WARN] Missing model for: minecraft:simple_block_6273#facing=east
[22:17:49] [ForkJoinPool.commonPool-worker-4/WARN] Missing model for: minecraft:simple_block_6273#facing=west
[22:17:49] [ForkJoinPool.commonPool-worker-4/WARN] Missing model for: minecraft:simple_block_6326#facing=south
[22:17:49] [ForkJoinPool.commonPool-worker-4/WARN] Missing model for: minecraft:simple_block_6208#facing=north
[22:17:49] [ForkJoinPool.commonPool-worker-4/WARN] Missing model for: minecraft:simple_block_6195#facing=north
[22:17:49] [ForkJoinPool.commonPool-worker-4/WARN] Missing model for: minecraft:simple_block_6240#facing=south
[22:17:49] [ForkJoinPool.commonPool-worker-4/WARN] Missing model for: minecraft:simple_block_6271#facing=south
[22:17:49] [ForkJoinPool.commonPool-worker-4/WARN] Missing model for: minecraft:simple_block_6199#facing=west
[22:17:49] [ForkJoinPool.commonPool-worker-4/WARN] Missing model for: minecraft:simple_block_6323#facing=east
[22:17:49] [ForkJoinPool.commonPool-worker-4/WARN] Missing model for: minecraft:simple_block_6190#facing=north
[22:17:49] [ForkJoinPool.commonPool-worker-4/WARN] Missing model for: minecraft:simple_block_6269#facing=east
[22:17:49] [ForkJoinPool.commonPool-worker-4/WARN] Missing model for: minecraft:simple_block_6269#facing=west
[22:17:49] [ForkJoinPool.commonPool-worker-4/WARN] Missing model for: minecraft:simple_block_6177#facing=west
[22:17:49] [ForkJoinPool.commonPool-worker-4/WARN] Missing model for: minecraft:simple_block_6177#facing=east
[22:17:49] [ForkJoinPool.commonPool-worker-4/WARN] Missing model for: minecraft:simple_block_6203#facing=south
[22:17:49] [ForkJoinPool.commonPool-worker-4/WARN] Missing model for: minecraft:simple_block_6199#facing=east
[22:17:49] [ForkJoinPool.commonPool-worker-4/WARN] Missing model for: minecraft:simple_block_6247#facing=west
[22:17:49] [ForkJoinPool.commonPool-worker-4/WARN] Missing model for: minecraft:simple_block_6158#facing=north
[22:17:49] [ForkJoinPool.commonPool-worker-4/WARN] Missing model for: minecraft:simple_block_6228#facing=north
[22:17:49] [ForkJoinPool.commonPool-worker-4/WARN] Missing model for: minecraft:simple_block_6247#facing=east
[22:17:49] [ForkJoinPool.commonPool-worker-4/WARN] Missing model for: minecraft:simple_block_6295#facing=west
[22:17:49] [ForkJoinPool.commonPool-worker-4/WARN] Missing model for: minecraft:simple_block_6219#facing=north
[22:17:49] [ForkJoinPool.commonPool-worker-4/WARN] Missing model for: minecraft:simple_block_6164#facing=south
[22:17:49] [ForkJoinPool.commonPool-worker-4/WARN] Missing model for: minecraft:simple_block_6220#facing=south
[22:17:49] [ForkJoinPool.commonPool-worker-4/WARN] Missing model for: minecraft:simple_block_6200#facing=east
[22:17:49] [ForkJoinPool.commonPool-worker-4/WARN] Missing model for: minecraft:simple_block_6291#facing=south
[22:17:49] [ForkJoinPool.commonPool-worker-4/WARN] Missing model for: minecraft:simple_block_6184#facing=north
[22:17:49] [ForkJoinPool.commonPool-worker-4/WARN] Missing model for: minecraft:simple_block_6207#facing=west
[22:17:49] [ForkJoinPool.commonPool-worker-4/WARN] Missing model for: minecraft:simple_block_6282#facing=south
[22:17:49] [ForkJoinPool.commonPool-worker-4/WARN] Missing model for: minecraft:simple_block_6260#facing=north
[22:17:49] [ForkJoinPool.commonPool-worker-4/WARN] Missing model for: minecraft:simple_block_6207#facing=east
[22:17:49] [ForkJoinPool.commonPool-worker-4/WARN] Missing model for: minecraft:simple_block_6324#facing=north
[22:17:49] [ForkJoinPool.commonPool-worker-4/WARN] Missing model for: minecraft:simple_block_6280#facing=north
[22:17:49] [ForkJoinPool.commonPool-worker-4/WARN] Missing model for: minecraft:simple_block_6298#facing=south
[22:17:49] [ForkJoinPool.commonPool-worker-4/WARN] Missing model for: minecraft:simple_block_6233#facing=east
[22:17:49] [ForkJoinPool.commonPool-worker-4/WARN] Missing model for: minecraft:simple_block_6309#facing=south
[22:17:49] [ForkJoinPool.commonPool-worker-4/WARN] Missing model for: minecraft:simple_block_6233#facing=west
[22:17:49] [ForkJoinPool.commonPool-worker-4/WARN] Missing model for: minecraft:simple_block_6303#facing=east
[22:17:49] [ForkJoinPool.commonPool-worker-4/WARN] Missing model for: minecraft:simple_block_6304#facing=north
[22:17:49] [ForkJoinPool.commonPool-worker-4/WARN] Missing model for: minecraft:simple_block_6212#facing=north
[22:17:49] [ForkJoinPool.commonPool-worker-4/WARN] Missing model for: minecraft:simple_block_6253#facing=west
[22:17:49] [ForkJoinPool.commonPool-worker-4/WARN] Missing model for: minecraft:simple_block_6303#facing=west
[22:17:49] [ForkJoinPool.commonPool-worker-4/WARN] Missing model for: minecraft:simple_block_6183#facing=east
[22:17:49] [ForkJoinPool.commonPool-worker-4/WARN] Missing model for: minecraft:simple_block_6186#facing=south
[22:17:49] [ForkJoinPool.commonPool-worker-4/WARN] Missing model for: minecraft:simple_block_6256#facing=south
[22:17:49] [ForkJoinPool.commonPool-worker-4/WARN] Missing model for: minecraft:simple_block_6175#facing=north
[22:17:49] [ForkJoinPool.commonPool-worker-4/WARN] Missing model for: minecraft:simple_block_6227#facing=east
[22:17:49] [ForkJoinPool.commonPool-worker-4/WARN] Missing model for: minecraft:simple_block_6306#facing=east
[22:17:49] [ForkJoinPool.commonPool-worker-4/WARN] Missing model for: minecraft:simple_block_6330#facing=north
[22:17:49] [ForkJoinPool.commonPool-worker-4/WARN] Missing model for: minecraft:simple_block_6254#facing=north
[22:17:49] [ForkJoinPool.commonPool-worker-4/WARN] Missing model for: minecraft:simple_block_6295#facing=east
[22:17:49] [ForkJoinPool.commonPool-worker-4/WARN] Missing model for: minecraft:simple_block_6227#facing=west
[22:17:49] [ForkJoinPool.commonPool-worker-4/WARN] Missing model for: minecraft:simple_block_6192#facing=south
[22:17:49] [ForkJoinPool.commonPool-worker-4/WARN] Missing model for: minecraft:simple_block_6267#facing=east
[22:17:49] [ForkJoinPool.commonPool-worker-4/WARN] Missing model for: minecraft:simple_block_6262#facing=south
[22:17:49] [ForkJoinPool.commonPool-worker-4/WARN] Missing model for: minecraft:simple_block_6236#facing=east
[22:17:49] [ForkJoinPool.commonPool-worker-4/WARN] Missing model for: minecraft:simple_block_6306#facing=south
[22:17:49] [ForkJoinPool.commonPool-worker-4/WARN] Missing model for: minecraft:simple_block_6197#facing=east
[22:17:49] [ForkJoinPool.commonPool-worker-4/WARN] Missing model for: minecraft:simple_block_6166#facing=east
[22:17:49] [ForkJoinPool.commonPool-worker-4/WARN] Missing model for: minecraft:simple_block_6178#facing=north
[22:17:49] [ForkJoinPool.commonPool-worker-4/WARN] Missing model for: minecraft:simple_block_6298#facing=west
[22:17:49] [ForkJoinPool.commonPool-worker-4/WARN] Missing model for: minecraft:simple_block_6319#facing=east
[22:17:49] [ForkJoinPool.commonPool-worker-4/WARN] Missing model for: minecraft:simple_block_6262#facing=west
[22:17:49] [ForkJoinPool.commonPool-worker-4/WARN] Missing model for: minecraft:simple_block_6170#facing=north
[22:17:49] [ForkJoinPool.commonPool-worker-4/WARN] Missing model for: minecraft:simple_block_6287#facing=north
[22:17:49] [ForkJoinPool.commonPool-worker-4/WARN] Missing model for: minecraft:simple_block_6243#facing=north
[22:17:49] [ForkJoinPool.commonPool-worker-4/WARN] Missing model for: minecraft:simple_block_6179#facing=east
[22:17:49] [ForkJoinPool.commonPool-worker-4/WARN] Missing model for: minecraft:simple_block_6279#facing=north
[22:17:49] [ForkJoinPool.commonPool-worker-4/WARN] Missing model for: minecraft:simple_block_6293#facing=west
[22:17:49] [ForkJoinPool.commonPool-worker-4/WARN] Missing model for: minecraft:simple_block_6296#facing=south
[22:17:49] [ForkJoinPool.commonPool-worker-4/WARN] Missing model for: minecraft:simple_block_6274#facing=north
[22:17:49] [ForkJoinPool.commonPool-worker-4/WARN] Missing model for: minecraft:simple_block_6205#facing=south
[22:17:49] [ForkJoinPool.commonPool-worker-4/WARN] Missing model for: minecraft:simple_block_6310#facing=north
[22:17:49] [ForkJoinPool.commonPool-worker-4/WARN] Missing model for: minecraft:simple_block_6202#facing=west
[22:17:49] [ForkJoinPool.commonPool-worker-4/WARN] Missing model for: minecraft:simple_block_6163#facing=east
[22:17:49] [ForkJoinPool.commonPool-worker-4/WARN] Missing model for: minecraft:simple_block_6244#facing=east
[22:17:49] [ForkJoinPool.commonPool-worker-4/WARN] Missing model for: minecraft:simple_block_6231#facing=east
[22:17:49] [ForkJoinPool.commonPool-worker-4/WARN] Missing model for: minecraft:simple_block_6326#facing=north
[22:17:49] [ForkJoinPool.commonPool-worker-4/WARN] Missing model for: minecraft:simple_block_6158#facing=south
[22:17:49] [ForkJoinPool.commonPool-worker-4/WARN] Missing model for: minecraft:simple_block_6321#facing=east
[22:17:49] [ForkJoinPool.commonPool-worker-4/WARN] Missing model for: minecraft:simple_block_6161#facing=east
[22:17:49] [ForkJoinPool.commonPool-worker-4/WARN] Missing model for: minecraft:simple_block_6265#facing=south
[22:17:49] [ForkJoinPool.commonPool-worker-4/WARN] Missing model for: minecraft:simple_block_6213#facing=east
[22:17:49] [ForkJoinPool.commonPool-worker-4/WARN] Missing model for: minecraft:simple_block_6278#facing=south
[22:17:49] [ForkJoinPool.commonPool-worker-4/WARN] Missing model for: minecraft:simple_block_6270#facing=west
[22:17:49] [ForkJoinPool.commonPool-worker-4/WARN] Missing model for: minecraft:simple_block_6174#facing=east
[22:17:49] [ForkJoinPool.commonPool-worker-4/WARN] Missing model for: minecraft:simple_block_6195#facing=south
[22:17:49] [ForkJoinPool.commonPool-worker-4/WARN] Missing model for: minecraft:simple_block_6276#facing=north
[22:17:49] [ForkJoinPool.commonPool-worker-4/WARN] Missing model for: minecraft:simple_block_6192#facing=west
[22:17:49] [ForkJoinPool.commonPool-worker-4/WARN] Missing model for: minecraft:simple_block_6240#facing=north
[22:17:49] [ForkJoinPool.commonPool-worker-4/WARN] Missing model for: minecraft:simple_block_6263#facing=north
[22:17:49] [ForkJoinPool.commonPool-worker-4/WARN] Missing model for: minecraft:simple_block_6275#facing=west
[22:17:49] [ForkJoinPool.commonPool-worker-4/WARN] Missing model for: minecraft:simple_block_6218#facing=west
[22:17:49] [ForkJoinPool.commonPool-worker-4/WARN] Missing model for: minecraft:simple_block_6249#facing=east
[22:17:49] [ForkJoinPool.commonPool-worker-4/WARN] Missing model for: minecraft:simple_block_6168#facing=west
[22:17:49] [ForkJoinPool.commonPool-worker-4/WARN] Missing model for: minecraft:simple_block_6208#facing=south
[22:17:49] [ForkJoinPool.commonPool-worker-4/WARN] Missing model for: minecraft:simple_block_6190#facing=south
[22:17:49] [ForkJoinPool.commonPool-worker-4/WARN] Missing model for: minecraft:simple_block_6271#facing=north
[22:17:49] [ForkJoinPool.commonPool-worker-4/WARN] Missing model for: minecraft:simple_block_6155#facing=west
[22:17:49] [ForkJoinPool.commonPool-worker-4/WARN] Missing model for: minecraft:simple_block_6205#facing=west
[22:17:49] [ForkJoinPool.commonPool-worker-4/WARN] Missing model for: minecraft:simple_block_6313#facing=north
[22:17:49] [ForkJoinPool.commonPool-worker-4/WARN] Missing model for: minecraft:simple_block_6321#facing=north
[22:17:49] [ForkJoinPool.commonPool-worker-4/WARN] Missing model for: minecraft:simple_block_6273#facing=south
[22:17:49] [ForkJoinPool.commonPool-worker-4/WARN] Missing model for: minecraft:simple_block_6259#facing=north
[22:17:49] [ForkJoinPool.commonPool-worker-4/WARN] Missing model for: minecraft:simple_block_6330#facing=south
[22:17:49] [ForkJoinPool.commonPool-worker-4/WARN] Missing model for: minecraft:simple_block_6294#facing=north
[22:17:49] [ForkJoinPool.commonPool-worker-4/WARN] Missing model for: minecraft:simple_block_6220#facing=north
[22:17:49] [ForkJoinPool.commonPool-worker-4/WARN] Missing model for: minecraft:simple_block_6225#facing=south
[22:17:49] [ForkJoinPool.commonPool-worker-4/WARN] Missing model for: minecraft:simple_block_6329#facing=north
[22:17:49] [ForkJoinPool.commonPool-worker-4/WARN] Missing model for: minecraft:simple_block_6212#facing=south
[22:17:49] [ForkJoinPool.commonPool-worker-4/WARN] Missing model for: minecraft:simple_block_6317#facing=east
[22:17:49] [ForkJoinPool.commonPool-worker-4/WARN] Missing model for: minecraft:simple_block_6278#facing=west
[22:17:49] [ForkJoinPool.commonPool-worker-4/WARN] Missing model for: minecraft:simple_block_6172#facing=south
[22:17:49] [ForkJoinPool.commonPool-worker-4/WARN] Missing model for: minecraft:simple_block_6189#facing=north
[22:17:49] [ForkJoinPool.commonPool-worker-4/WARN] Missing model for: minecraft:simple_block_6216#facing=east
[22:17:49] [ForkJoinPool.commonPool-worker-4/WARN] Missing model for: minecraft:simple_block_6194#facing=east
[22:17:49] [ForkJoinPool.commonPool-worker-4/WARN] Missing model for: minecraft:simple_block_6225#facing=west
[22:17:49] [ForkJoinPool.commonPool-worker-4/WARN] Missing model for: minecraft:simple_block_6155#facing=south
[22:17:49] [ForkJoinPool.commonPool-worker-4/WARN] Missing model for: minecraft:simple_block_6238#facing=west
[22:17:49] [ForkJoinPool.commonPool-worker-4/WARN] Missing model for: minecraft:simple_block_6193#facing=north
[22:17:49] [ForkJoinPool.commonPool-worker-4/WARN] Missing model for: minecraft:simple_block_6260#facing=south
[22:17:49] [ForkJoinPool.commonPool-worker-4/WARN] Missing model for: minecraft:simple_block_6229#facing=east
[22:17:49] [ForkJoinPool.commonPool-worker-4/WARN] Missing model for: minecraft:simple_block_6181#facing=east
[22:17:49] [ForkJoinPool.commonPool-worker-4/WARN] Missing model for: minecraft:simple_block_6228#facing=south
[22:17:49] [ForkJoinPool.commonPool-worker-4/WARN] Missing model for: minecraft:simple_block_6223#facing=north
[22:17:49] [ForkJoinPool.commonPool-worker-4/WARN] Missing model for: minecraft:simple_block_6236#facing=north
[22:17:49] [ForkJoinPool.commonPool-worker-4/WARN] Missing model for: minecraft:simple_block_6290#facing=west
[22:17:49] [ForkJoinPool.commonPool-worker-4/WARN] Missing model for: minecraft:simple_block_6314#facing=east
[22:17:49] [ForkJoinPool.commonPool-worker-4/WARN] Missing model for: minecraft:simple_block_6291#facing=north
[22:17:49] [ForkJoinPool.commonPool-worker-4/WARN] Missing model for: minecraft:simple_block_6222#facing=west
[22:17:49] [ForkJoinPool.commonPool-worker-4/WARN] Missing model for: minecraft:simple_block_6172#facing=west
[22:17:49] [ForkJoinPool.commonPool-worker-4/WARN] Missing model for: minecraft:simple_block_6256#facing=north
[22:17:49] [ForkJoinPool.commonPool-worker-4/WARN] Missing model for: minecraft:simple_block_6186#facing=north
[22:17:49] [ForkJoinPool.commonPool-worker-4/WARN] Missing model for: minecraft:simple_block_6306#facing=north
[22:17:49] [ForkJoinPool.commonPool-worker-4/WARN] Missing model for: minecraft:simple_block_6248#facing=south
[22:17:49] [ForkJoinPool.commonPool-worker-4/WARN] Missing model for: minecraft:simple_block_6308#facing=west
[22:17:49] [ForkJoinPool.commonPool-worker-4/WARN] Missing model for: minecraft:simple_block_6159#facing=east
[22:17:49] [ForkJoinPool.commonPool-worker-4/WARN] Missing model for: minecraft:simple_block_6175#facing=south
[22:17:49] [ForkJoinPool.commonPool-worker-4/WARN] Missing model for: minecraft:simple_block_6173#facing=north
[22:17:49] [ForkJoinPool.commonPool-worker-4/WARN] Missing model for: minecraft:simple_block_6280#facing=south
[22:17:49] [ForkJoinPool.commonPool-worker-4/WARN] Missing model for: minecraft:simple_block_6264#facing=east
[22:17:49] [ForkJoinPool.commonPool-worker-4/WARN] Missing model for: minecraft:simple_block_6251#facing=east
[22:17:49] [ForkJoinPool.commonPool-worker-4/WARN] Missing model for: minecraft:simple_block_6293#facing=south
[22:17:49] [ForkJoinPool.commonPool-worker-4/WARN] Missing model for: minecraft:simple_block_6301#facing=east
[22:17:49] [ForkJoinPool.commonPool-worker-4/WARN] Missing model for: minecraft:simple_block_6188#facing=south
[22:17:49] [ForkJoinPool.commonPool-worker-4/WARN] Missing model for: minecraft:simple_block_6287#facing=east
[22:17:49] [ForkJoinPool.commonPool-worker-4/WARN] Missing model for: minecraft:simple_block_6185#facing=west
[22:17:49] [ForkJoinPool.commonPool-worker-4/WARN] Missing model for: minecraft:simple_block_6245#facing=east
[22:17:49] [ForkJoinPool.commonPool-worker-4/WARN] Missing model for: minecraft:simple_block_6175#facing=west
[22:17:49] [ForkJoinPool.commonPool-worker-4/WARN] Missing model for: minecraft:simple_block_6301#facing=north
[22:17:49] [ForkJoinPool.commonPool-worker-4/WARN] Missing model for: minecraft:simple_block_6226#facing=north
[22:17:49] [ForkJoinPool.commonPool-worker-4/WARN] Missing model for: minecraft:simple_block_6253#facing=south
[22:17:49] [ForkJoinPool.commonPool-worker-4/WARN] Missing model for: minecraft:simple_block_6276#facing=west
[22:17:49] [ForkJoinPool.commonPool-worker-4/WARN] Missing model for: minecraft:simple_block_6161#facing=north
[22:17:49] [ForkJoinPool.commonPool-worker-4/WARN] Missing model for: minecraft:simple_block_6250#facing=west
[22:17:49] [ForkJoinPool.commonPool-worker-4/WARN] Missing model for: minecraft:simple_block_6200#facing=north
[22:17:49] [ForkJoinPool.commonPool-worker-4/WARN] Missing model for: minecraft:simple_block_6180#facing=east
[22:17:49] [ForkJoinPool.commonPool-worker-4/WARN] Missing model for: minecraft:simple_block_6245#facing=west
[22:17:49] [ForkJoinPool.commonPool-worker-4/WARN] Missing model for: minecraft:simple_block_6288#facing=north
[22:17:49] [ForkJoinPool.commonPool-worker-4/WARN] Missing model for: minecraft:simple_block_6252#facing=north
[22:17:49] [ForkJoinPool.commonPool-worker-4/WARN] Missing model for: minecraft:simple_block_6258#facing=south
[22:17:49] [ForkJoinPool.commonPool-worker-4/WARN] Missing model for: minecraft:simple_block_6178#facing=south
[22:17:49] [ForkJoinPool.commonPool-worker-4/WARN] Missing model for: minecraft:simple_block_6297#facing=east
[22:17:49] [ForkJoinPool.commonPool-worker-4/WARN] Missing model for: minecraft:simple_block_6205#facing=north
[22:17:49] [ForkJoinPool.commonPool-worker-4/WARN] Missing model for: minecraft:simple_block_6279#facing=south
[22:17:49] [ForkJoinPool.commonPool-worker-4/WARN] Missing model for: minecraft:simple_block_6271#facing=east
[22:17:49] [ForkJoinPool.commonPool-worker-4/WARN] Missing model for: minecraft:simple_block_6222#facing=south
[22:17:49] [ForkJoinPool.commonPool-worker-4/WARN] Missing model for: minecraft:simple_block_6240#facing=west
[22:17:49] [ForkJoinPool.commonPool-worker-4/WARN] Missing model for: minecraft:simple_block_6320#facing=east
[22:17:49] [ForkJoinPool.commonPool-worker-4/WARN] Missing model for: minecraft:simple_block_6255#facing=west
[22:17:49] [ForkJoinPool.commonPool-worker-4/WARN] Missing model for: minecraft:simple_block_6310#facing=east
[22:17:49] [ForkJoinPool.commonPool-worker-4/WARN] Missing model for: minecraft:simple_block_6307#facing=south
[22:17:49] [ForkJoinPool.commonPool-worker-4/WARN] Missing model for: minecraft:simple_block_6177#facing=north
[22:17:49] [ForkJoinPool.commonPool-worker-4/WARN] Missing model for: minecraft:simple_block_6165#facing=west
[22:17:49] [ForkJoinPool.commonPool-worker-4/WARN] Missing model for: minecraft:simple_block_6289#facing=south
[22:17:49] [ForkJoinPool.commonPool-worker-4/WARN] Missing model for: minecraft:simple_block_6311#facing=north
[22:17:49] [ForkJoinPool.commonPool-worker-4/WARN] Missing model for: minecraft:simple_block_6278#facing=north
[22:17:49] [ForkJoinPool.commonPool-worker-4/WARN] Missing model for: minecraft:simple_block_6206#facing=south
[22:17:49] [ForkJoinPool.commonPool-worker-4/WARN] Missing model for: minecraft:simple_block_6255#facing=east
[22:17:49] [ForkJoinPool.commonPool-worker-4/WARN] Missing model for: minecraft:simple_block_6197#facing=north
[22:17:49] [ForkJoinPool.commonPool-worker-4/WARN] Missing model for: minecraft:simple_block_6232#facing=south
[22:17:49] [ForkJoinPool.commonPool-worker-4/WARN] Missing model for: minecraft:simple_block_6268#facing=south
[22:17:49] [ForkJoinPool.commonPool-worker-4/WARN] Missing model for: minecraft:simple_block_6187#facing=north
[22:17:49] [ForkJoinPool.commonPool-worker-4/WARN] Missing model for: minecraft:simple_block_6281#facing=east
[22:17:49] [ForkJoinPool.commonPool-worker-4/WARN] Missing model for: minecraft:simple_block_6216#facing=north
[22:17:49] [ForkJoinPool.commonPool-worker-4/WARN] Missing model for: minecraft:simple_block_6268#facing=north
[22:17:49] [ForkJoinPool.commonPool-worker-4/WARN] Missing model for: minecraft:simple_block_6263#facing=south
[22:17:49] [ForkJoinPool.commonPool-worker-4/WARN] Missing model for: minecraft:simple_block_6260#facing=west
[22:17:49] [ForkJoinPool.commonPool-worker-4/WARN] Missing model for: minecraft:simple_block_6300#facing=east
[22:17:49] [ForkJoinPool.commonPool-worker-4/WARN] Missing model for: minecraft:simple_block_6164#facing=west
[22:17:49] [ForkJoinPool.commonPool-worker-4/WARN] Missing model for: minecraft:simple_block_6164#facing=east
[22:17:49] [ForkJoinPool.commonPool-worker-4/WARN] Missing model for: minecraft:simple_block_6256#facing=west
[22:17:49] [ForkJoinPool.commonPool-worker-4/WARN] Missing model for: minecraft:simple_block_6299#facing=south
[22:17:49] [ForkJoinPool.commonPool-worker-4/WARN] Missing model for: minecraft:simple_block_6230#facing=west
[22:17:49] [ForkJoinPool.commonPool-worker-4/WARN] Missing model for: minecraft:simple_block_6186#facing=east
[22:17:49] [ForkJoinPool.commonPool-worker-4/WARN] Missing model for: minecraft:simple_block_6208#facing=east
[22:17:49] [ForkJoinPool.commonPool-worker-4/WARN] Missing model for: minecraft:simple_block_6160#facing=east
[22:17:49] [ForkJoinPool.commonPool-worker-4/WARN] Missing model for: minecraft:simple_block_6291#facing=east
[22:17:49] [ForkJoinPool.commonPool-worker-4/WARN] Missing model for: minecraft:simple_block_6295#facing=south
[22:17:49] [ForkJoinPool.commonPool-worker-4/WARN] Missing model for: minecraft:simple_block_6242#facing=south
[22:17:49] [ForkJoinPool.commonPool-worker-4/WARN] Missing model for: minecraft:simple_block_6206#facing=north
[22:17:49] [ForkJoinPool.commonPool-worker-4/WARN] Missing model for: minecraft:simple_block_6171#facing=north
[22:17:49] [ForkJoinPool.commonPool-worker-4/WARN] Missing model for: minecraft:simple_block_6177#facing=south
[22:17:49] [ForkJoinPool.commonPool-worker-4/WARN] Missing model for: minecraft:simple_block_6243#facing=south
[22:17:49] [ForkJoinPool.commonPool-worker-4/WARN] Missing model for: minecraft:simple_block_6286#facing=west
[22:17:49] [ForkJoinPool.commonPool-worker-4/WARN] Missing model for: minecraft:simple_block_6190#facing=east
[22:17:49] [ForkJoinPool.commonPool-worker-4/WARN] Missing model for: minecraft:simple_block_6309#facing=east
[22:17:49] [ForkJoinPool.commonPool-worker-4/WARN] Missing model for: minecraft:simple_block_6307#facing=north
[22:17:49] [ForkJoinPool.commonPool-worker-4/WARN] Missing model for: minecraft:simple_block_6252#facing=south
[22:17:49] [ForkJoinPool.commonPool-worker-4/WARN] Missing model for: minecraft:simple_block_6292#facing=east
[22:17:49] [ForkJoinPool.commonPool-worker-4/WARN] Missing model for: minecraft:simple_block_6326#facing=east
[22:17:49] [ForkJoinPool.commonPool-worker-4/WARN] Missing model for: minecraft:simple_block_6220#facing=west
[22:17:49] [ForkJoinPool.commonPool-worker-4/WARN] Missing model for: minecraft:simple_block_6285#facing=south
[22:17:49] [ForkJoinPool.commonPool-worker-4/WARN] Missing model for: minecraft:simple_block_6200#facing=south
[22:17:49] [ForkJoinPool.commonPool-worker-4/WARN] Missing model for: minecraft:simple_block_6196#facing=east
[22:17:49] [ForkJoinPool.commonPool-worker-4/WARN] Missing model for: minecraft:simple_block_6316#facing=east
[22:17:49] [ForkJoinPool.commonPool-worker-4/WARN] Missing model for: minecraft:simple_block_6259#facing=south
[22:17:49] [ForkJoinPool.commonPool-worker-4/WARN] Missing model for: minecraft:simple_block_6225#facing=north
[22:17:49] [ForkJoinPool.commonPool-worker-4/WARN] Missing model for: minecraft:simple_block_6167#facing=south
[22:17:49] [ForkJoinPool.commonPool-worker-4/WARN] Missing model for: minecraft:simple_block_6317#facing=north
[22:17:49] [ForkJoinPool.commonPool-worker-4/WARN] Missing model for: minecraft:simple_block_6292#facing=west
[22:17:49] [ForkJoinPool.commonPool-worker-4/WARN] Missing model for: minecraft:simple_block_6269#facing=south
[22:17:49] [ForkJoinPool.commonPool-worker-4/WARN] Missing model for: minecraft:simple_block_6233#facing=south
[22:17:49] [ForkJoinPool.commonPool-worker-4/WARN] Missing model for: minecraft:simple_block_6272#facing=east
[22:17:49] [ForkJoinPool.commonPool-worker-4/WARN] Missing model for: minecraft:simple_block_6282#facing=east
[22:17:49] [ForkJoinPool.commonPool-worker-4/WARN] Missing model for: minecraft:simple_block_6181#facing=north
[22:17:49] [ForkJoinPool.commonPool-worker-4/WARN] Missing model for: minecraft:simple_block_6215#facing=north
[22:17:49] [ForkJoinPool.commonPool-worker-4/WARN] Missing model for: minecraft:simple_block_6282#facing=west
[22:17:49] [ForkJoinPool.commonPool-worker-4/WARN] Missing model for: minecraft:simple_block_6157#facing=south
[22:17:49] [ForkJoinPool.commonPool-worker-4/WARN] Missing model for: minecraft:simple_block_6170#facing=east
[22:17:49] [ForkJoinPool.commonPool-worker-4/WARN] Missing model for: minecraft:simple_block_6266#facing=west
[22:17:49] [ForkJoinPool.commonPool-worker-4/WARN] Missing model for: minecraft:simple_block_6327#facing=north
[22:17:49] [ForkJoinPool.commonPool-worker-4/WARN] Missing model for: minecraft:simple_block_6235#facing=north
[22:17:49] [ForkJoinPool.commonPool-worker-4/WARN] Missing model for: minecraft:simple_block_6292#facing=north
[22:17:49] [ForkJoinPool.commonPool-worker-4/WARN] Missing model for: minecraft:simple_block_6248#facing=north
[22:17:49] [ForkJoinPool.commonPool-worker-4/WARN] Missing model for: minecraft:simple_block_6324#facing=west
[22:17:49] [ForkJoinPool.commonPool-worker-4/WARN] Missing model for: minecraft:simple_block_6222#facing=north
[22:17:49] [ForkJoinPool.commonPool-worker-4/WARN] Missing model for: minecraft:simple_block_6311#facing=west
[22:17:49] [ForkJoinPool.commonPool-worker-4/WARN] Missing model for: minecraft:simple_block_6184#facing=west
[22:17:49] [ForkJoinPool.commonPool-worker-4/WARN] Missing model for: minecraft:simple_block_6197#facing=west
[22:17:49] [ForkJoinPool.commonPool-worker-4/WARN] Missing model for: minecraft:simple_block_6223#facing=south
[22:17:49] [ForkJoinPool.commonPool-worker-4/WARN] Missing model for: minecraft:simple_block_6161#facing=south
[22:17:49] [ForkJoinPool.commonPool-worker-4/WARN] Missing model for: minecraft:simple_block_6223#facing=west
[22:17:49] [ForkJoinPool.commonPool-worker-4/WARN] Missing model for: minecraft:simple_block_6228#facing=east
[22:17:49] [ForkJoinPool.commonPool-worker-4/WARN] Missing model for: minecraft:simple_block_6298#facing=east
[22:17:49] [ForkJoinPool.commonPool-worker-4/WARN] Missing model for: minecraft:simple_block_6285#facing=east
[22:17:49] [ForkJoinPool.commonPool-worker-4/WARN] Missing model for: minecraft:simple_block_6324#facing=south
[22:17:49] [ForkJoinPool.commonPool-worker-4/WARN] Missing model for: minecraft:simple_block_6202#facing=east
[22:17:49] [ForkJoinPool.commonPool-worker-4/WARN] Missing model for: minecraft:simple_block_6301#facing=south
[22:17:49] [ForkJoinPool.commonPool-worker-4/WARN] Missing model for: minecraft:simple_block_6275#facing=east
[22:17:49] [ForkJoinPool.commonPool-worker-4/WARN] Missing model for: minecraft:simple_block_6236#facing=south
[22:17:49] [ForkJoinPool.commonPool-worker-4/WARN] Missing model for: minecraft:simple_block_6311#facing=south
[22:17:49] [ForkJoinPool.commonPool-worker-4/WARN] Missing model for: minecraft:simple_block_6249#facing=south
[22:17:49] [ForkJoinPool.commonPool-worker-4/WARN] Missing model for: minecraft:simple_block_6174#facing=west
[22:17:49] [ForkJoinPool.commonPool-worker-4/WARN] Missing model for: minecraft:simple_block_6210#facing=west
[22:17:49] [ForkJoinPool.commonPool-worker-4/WARN] Missing model for: minecraft:simple_block_6262#facing=east
[22:17:49] [ForkJoinPool.commonPool-worker-4/WARN] Missing model for: minecraft:simple_block_6213#facing=south
[22:17:49] [ForkJoinPool.commonPool-worker-4/WARN] Missing model for: minecraft:simple_block_6215#facing=east
[22:17:49] [ForkJoinPool.commonPool-worker-4/WARN] Missing model for: minecraft:simple_block_6171#facing=south
[22:17:49] [ForkJoinPool.commonPool-worker-4/WARN] Missing model for: minecraft:simple_block_6246#facing=west
[22:17:49] [ForkJoinPool.commonPool-worker-4/WARN] Missing model for: minecraft:simple_block_6258#facing=north
[22:17:49] [ForkJoinPool.commonPool-worker-4/WARN] Missing model for: minecraft:simple_block_6239#facing=south
[22:17:49] [ForkJoinPool.commonPool-worker-4/WARN] Missing model for: minecraft:simple_block_6197#facing=south
[22:17:49] [ForkJoinPool.commonPool-worker-4/WARN] Missing model for: minecraft:simple_block_6184#facing=south
[22:17:49] [ForkJoinPool.commonPool-worker-4/WARN] Missing model for: minecraft:simple_block_6288#facing=east
[22:17:49] [ForkJoinPool.commonPool-worker-4/WARN] Missing model for: minecraft:simple_block_6161#facing=west
[22:17:49] [ForkJoinPool.commonPool-worker-4/WARN] Missing model for: minecraft:simple_block_6200#facing=west
[22:17:49] [ForkJoinPool.commonPool-worker-4/WARN] Missing model for: minecraft:simple_block_6226#facing=south
[22:17:49] [ForkJoinPool.commonPool-worker-4/WARN] Missing model for: minecraft:simple_block_6245#facing=north
[22:17:49] [ForkJoinPool.commonPool-worker-4/WARN] Missing model for: minecraft:simple_block_6205#facing=east
[22:17:49] [ForkJoinPool.commonPool-worker-4/WARN] Missing model for: minecraft:simple_block_6259#facing=west
[22:17:49] [ForkJoinPool.commonPool-worker-4/WARN] Missing model for: minecraft:simple_block_6226#facing=west
[22:17:49] [ForkJoinPool.commonPool-worker-4/WARN] Missing model for: minecraft:simple_block_6187#facing=south
[22:17:49] [ForkJoinPool.commonPool-worker-4/WARN] Missing model for: minecraft:simple_block_6194#facing=west
[22:17:49] [ForkJoinPool.commonPool-worker-4/WARN] Missing model for: minecraft:simple_block_6236#facing=west
[22:17:49] [ForkJoinPool.commonPool-worker-4/WARN] Missing model for: minecraft:simple_block_6321#facing=south
[22:17:49] [ForkJoinPool.commonPool-worker-4/WARN] Missing model for: minecraft:simple_block_6265#facing=east
[22:17:49] [ForkJoinPool.commonPool-worker-4/WARN] Missing model for: minecraft:simple_block_6249#facing=west
[22:17:49] [ForkJoinPool.commonPool-worker-4/WARN] Missing model for: minecraft:simple_block_6174#facing=south
[22:17:49] [ForkJoinPool.commonPool-worker-4/WARN] Missing model for: minecraft:simple_block_6218#facing=east
[22:17:49] [ForkJoinPool.commonPool-worker-4/WARN] Missing model for: minecraft:simple_block_6232#facing=north
[22:17:49] [ForkJoinPool.commonPool-worker-4/WARN] Missing model for: minecraft:simple_block_6171#facing=west
[22:17:49] [ForkJoinPool.commonPool-worker-4/WARN] Missing model for: minecraft:simple_block_6213#facing=west
[22:17:49] [ForkJoinPool.commonPool-worker-4/WARN] Missing model for: minecraft:simple_block_6216#facing=south
[22:17:49] [ForkJoinPool.commonPool-worker-4/WARN] Missing model for: minecraft:simple_block_6167#facing=north
[22:17:49] [ForkJoinPool.commonPool-worker-4/WARN] Missing model for: minecraft:simple_block_6229#facing=south
[22:17:49] [ForkJoinPool.commonPool-worker-4/WARN] Missing model for: minecraft:simple_block_6181#facing=south
[22:17:49] [ForkJoinPool.commonPool-worker-4/WARN] Missing model for: minecraft:simple_block_6278#facing=east
[22:17:49] [ForkJoinPool.commonPool-worker-4/WARN] Missing model for: minecraft:simple_block_6194#facing=south
[22:17:49] [ForkJoinPool.commonPool-worker-4/WARN] Missing model for: minecraft:simple_block_6317#facing=south
[22:17:49] [ForkJoinPool.commonPool-worker-4/WARN] Missing model for: minecraft:simple_block_6304#facing=west
[22:17:49] [ForkJoinPool.commonPool-worker-4/WARN] Missing model for: minecraft:simple_block_6317#facing=west
[22:17:49] [ForkJoinPool.commonPool-worker-4/WARN] Missing model for: minecraft:simple_block_6272#facing=north
[22:17:49] [ForkJoinPool.commonPool-worker-4/WARN] Missing model for: minecraft:simple_block_6225#facing=east
[22:17:49] [ForkJoinPool.commonPool-worker-4/WARN] Missing model for: minecraft:simple_block_6242#facing=north
[22:17:49] [ForkJoinPool.commonPool-worker-4/WARN] Missing model for: minecraft:simple_block_6304#facing=south
[22:17:49] [ForkJoinPool.commonPool-worker-4/WARN] Missing model for: minecraft:simple_block_6229#facing=west
[22:17:49] [ForkJoinPool.commonPool-worker-4/WARN] Missing model for: minecraft:simple_block_6203#facing=west
[22:17:49] [ForkJoinPool.commonPool-worker-4/WARN] Missing model for: minecraft:simple_block_6181#facing=west
[22:17:49] [ForkJoinPool.commonPool-worker-4/WARN] Missing model for: minecraft:simple_block_6238#facing=east
[22:17:49] [ForkJoinPool.commonPool-worker-4/WARN] Missing model for: minecraft:simple_block_6191#facing=west
[22:17:49] [ForkJoinPool.commonPool-worker-4/WARN] Missing model for: minecraft:simple_block_6239#facing=west
[22:17:49] [ForkJoinPool.commonPool-worker-4/WARN] Missing model for: minecraft:simple_block_6321#facing=west
[22:17:49] [ForkJoinPool.commonPool-worker-4/WARN] Missing model for: minecraft:simple_block_6327#facing=west
[22:17:49] [ForkJoinPool.commonPool-worker-4/WARN] Missing model for: minecraft:simple_block_6282#facing=north
[22:17:49] [ForkJoinPool.commonPool-worker-4/WARN] Missing model for: minecraft:simple_block_6216#facing=west
[22:17:49] [ForkJoinPool.commonPool-worker-4/WARN] Missing model for: minecraft:simple_block_6301#facing=west
[22:17:49] [ForkJoinPool.commonPool-worker-4/WARN] Missing model for: minecraft:simple_block_6191#facing=south
[22:17:49] [ForkJoinPool.commonPool-worker-4/WARN] Missing model for: minecraft:simple_block_6314#facing=west
[22:17:49] [ForkJoinPool.commonPool-worker-4/WARN] Missing model for: minecraft:simple_block_6295#facing=north
[22:17:49] [ForkJoinPool.commonPool-worker-4/WARN] Missing model for: minecraft:simple_block_6235#facing=east
[22:17:49] [ForkJoinPool.commonPool-worker-4/WARN] Missing model for: minecraft:simple_block_6222#facing=east
[22:17:49] [ForkJoinPool.commonPool-worker-4/WARN] Missing model for: minecraft:simple_block_6209#facing=west
[22:17:49] [ForkJoinPool.commonPool-worker-4/WARN] Missing model for: minecraft:simple_block_6275#facing=north
[22:17:49] [ForkJoinPool.commonPool-worker-4/WARN] Missing model for: minecraft:simple_block_6330#facing=east
[22:17:49] [ForkJoinPool.commonPool-worker-4/WARN] Missing model for: minecraft:simple_block_6262#facing=north
[22:17:49] [ForkJoinPool.commonPool-worker-4/WARN] Missing model for: minecraft:simple_block_6298#facing=north
[22:17:49] [ForkJoinPool.commonPool-worker-4/WARN] Missing model for: minecraft:simple_block_6314#facing=south
[22:17:49] [ForkJoinPool.commonPool-worker-4/WARN] Missing model for: minecraft:simple_block_6285#facing=north
[22:17:49] [ForkJoinPool.commonPool-worker-4/WARN] Missing model for: minecraft:simple_block_6248#facing=east
[22:17:49] [ForkJoinPool.commonPool-worker-4/WARN] Missing model for: minecraft:simple_block_6157#facing=north
[22:17:49] [ForkJoinPool.commonPool-worker-4/WARN] Missing model for: minecraft:simple_block_6327#facing=south
[22:17:49] [ForkJoinPool.commonPool-worker-4/WARN] Missing model for: minecraft:simple_block_6219#facing=west
[22:17:49] [ForkJoinPool.commonPool-worker-4/WARN] Missing model for: minecraft:simple_block_6212#facing=east
[22:17:49] [ForkJoinPool.commonPool-worker-4/WARN] Missing model for: minecraft:simple_block_6232#facing=west
[22:17:49] [ForkJoinPool.commonPool-worker-4/WARN] Missing model for: minecraft:simple_block_6232#facing=east
[22:17:49] [ForkJoinPool.commonPool-worker-4/WARN] Missing model for: minecraft:simple_block_6314#facing=north
[22:17:49] [ForkJoinPool.commonPool-worker-4/WARN] Missing model for: minecraft:simple_block_6302#facing=east
[22:17:49] [ForkJoinPool.commonPool-worker-4/WARN] Missing model for: minecraft:simple_block_6297#facing=south
[22:17:49] [ForkJoinPool.commonPool-worker-4/WARN] Missing model for: minecraft:simple_block_6244#facing=north
[22:17:49] [ForkJoinPool.commonPool-worker-4/WARN] Missing model for: minecraft:simple_block_6270#facing=north
[22:17:49] [ForkJoinPool.commonPool-worker-4/WARN] Missing model for: minecraft:simple_block_6162#facing=west
[22:17:49] [ForkJoinPool.commonPool-worker-4/WARN] Missing model for: minecraft:simple_block_6209#facing=south
[22:17:49] [ForkJoinPool.commonPool-worker-4/WARN] Missing model for: minecraft:simple_block_6206#facing=west
[22:17:49] [ForkJoinPool.commonPool-worker-4/WARN] Missing model for: minecraft:simple_block_6263#facing=east
[22:17:49] [ForkJoinPool.commonPool-worker-4/WARN] Missing model for: minecraft:simple_block_6218#facing=north
[22:17:49] [ForkJoinPool.commonPool-worker-4/WARN] Missing model for: minecraft:simple_block_6201#facing=west
[22:17:49] [ForkJoinPool.commonPool-worker-4/WARN] Missing model for: minecraft:simple_block_6294#facing=west
[22:17:49] [ForkJoinPool.commonPool-worker-4/WARN] Missing model for: minecraft:simple_block_6206#facing=east
[22:17:49] [ForkJoinPool.commonPool-worker-4/WARN] Missing model for: minecraft:simple_block_6266#facing=south
[22:17:49] [ForkJoinPool.commonPool-worker-4/WARN] Missing model for: minecraft:simple_block_6237#facing=east
[22:17:49] [ForkJoinPool.commonPool-worker-4/WARN] Missing model for: minecraft:simple_block_6235#facing=south
[22:17:49] [ForkJoinPool.commonPool-worker-4/WARN] Missing model for: minecraft:simple_block_6213#facing=north
[22:17:49] [ForkJoinPool.commonPool-worker-4/WARN] Missing model for: minecraft:simple_block_6201#facing=east
[22:17:49] [ForkJoinPool.commonPool-worker-4/WARN] Missing model for: minecraft:simple_block_6263#facing=west
[22:17:49] [ForkJoinPool.commonPool-worker-4/WARN] Missing model for: minecraft:simple_block_6249#facing=north
[22:17:49] [ForkJoinPool.commonPool-worker-4/WARN] Missing model for: minecraft:simple_block_6261#facing=south
[22:17:49] [ForkJoinPool.commonPool-worker-4/WARN] Missing model for: minecraft:simple_block_6250#facing=south
[22:17:49] [ForkJoinPool.commonPool-worker-4/WARN] Missing model for: minecraft:simple_block_6268#facing=east
[22:17:49] [ForkJoinPool.commonPool-worker-4/WARN] Missing model for: minecraft:simple_block_6179#facing=north
[22:17:49] [ForkJoinPool.commonPool-worker-4/WARN] Missing model for: minecraft:simple_block_6178#facing=east
[22:17:49] [ForkJoinPool.commonPool-worker-4/WARN] Missing model for: minecraft:simple_block_6180#facing=south
[22:17:49] [ForkJoinPool.commonPool-worker-4/WARN] Missing model for: minecraft:simple_block_6281#facing=south
[22:17:49] [ForkJoinPool.commonPool-worker-4/WARN] Missing model for: minecraft:simple_block_6294#facing=east
[22:17:49] [ForkJoinPool.commonPool-worker-4/WARN] Missing model for: minecraft:simple_block_6286#facing=north
[22:17:49] [ForkJoinPool.commonPool-worker-4/WARN] Missing model for: minecraft:simple_block_6292#facing=south
[22:17:49] [ForkJoinPool.commonPool-worker-4/WARN] Missing model for: minecraft:simple_block_6178#facing=west
[22:17:49] [ForkJoinPool.commonPool-worker-4/WARN] Missing model for: minecraft:simple_block_6300#facing=south
[22:17:49] [ForkJoinPool.commonPool-worker-4/WARN] Missing model for: minecraft:simple_block_6229#facing=north
[22:17:49] [ForkJoinPool.commonPool-worker-4/WARN] Missing model for: minecraft:simple_block_6307#facing=west
[22:17:49] [ForkJoinPool.commonPool-worker-4/WARN] Missing model for: minecraft:simple_block_6255#facing=north
[22:17:49] [ForkJoinPool.commonPool-worker-4/WARN] Missing model for: minecraft:simple_block_6224#facing=south
[22:17:49] [ForkJoinPool.commonPool-worker-4/WARN] Missing model for: minecraft:simple_block_6174#facing=north
[22:17:49] [ForkJoinPool.commonPool-worker-4/WARN] Missing model for: minecraft:simple_block_6302#facing=west
[22:17:49] [ForkJoinPool.commonPool-worker-4/WARN] Missing model for: minecraft:simple_block_6255#facing=south
[22:17:49] [ForkJoinPool.commonPool-worker-4/WARN] Missing model for: minecraft:simple_block_6307#facing=east
[22:17:49] [ForkJoinPool.commonPool-worker-4/WARN] Missing model for: minecraft:simple_block_6305#facing=south
[22:17:49] [ForkJoinPool.commonPool-worker-4/WARN] Missing model for: minecraft:simple_block_6313#facing=east
[22:17:49] [ForkJoinPool.commonPool-worker-4/WARN] Missing model for: minecraft:simple_block_6313#facing=west
[22:17:49] [ForkJoinPool.commonPool-worker-4/WARN] Missing model for: minecraft:simple_block_6221#facing=west
[22:17:49] [ForkJoinPool.commonPool-worker-4/WARN] Missing model for: minecraft:simple_block_6322#facing=west
[22:17:49] [ForkJoinPool.commonPool-worker-4/WARN] Missing model for: minecraft:simple_block_6243#facing=west
[22:17:49] [ForkJoinPool.commonPool-worker-4/WARN] Missing model for: minecraft:simple_block_6243#facing=east
[22:17:49] [ForkJoinPool.commonPool-worker-4/WARN] Missing model for: minecraft:simple_block_6173#facing=west
[22:17:49] [ForkJoinPool.commonPool-worker-4/WARN] Missing model for: minecraft:simple_block_6252#facing=east
[22:17:49] [ForkJoinPool.commonPool-worker-4/WARN] Missing model for: minecraft:simple_block_6322#facing=east
[22:17:49] [ForkJoinPool.commonPool-worker-4/WARN] Missing model for: minecraft:simple_block_6250#facing=north
[22:17:49] [ForkJoinPool.commonPool-worker-4/WARN] Missing model for: minecraft:simple_block_6264#facing=north
[22:17:49] [ForkJoinPool.commonPool-worker-4/WARN] Missing model for: minecraft:simple_block_6325#facing=south
[22:17:49] [ForkJoinPool.commonPool-worker-4/WARN] Missing model for: minecraft:simple_block_6217#facing=west
[22:17:49] [ForkJoinPool.commonPool-worker-4/WARN] Missing model for: minecraft:simple_block_6194#facing=north
[22:17:49] [ForkJoinPool.commonPool-worker-4/WARN] Missing model for: minecraft:simple_block_6185#facing=north
[22:17:49] [ForkJoinPool.commonPool-worker-4/WARN] Missing model for: minecraft:simple_block_6299#facing=east
[22:17:49] [ForkJoinPool.commonPool-worker-4/WARN] Missing model for: minecraft:simple_block_6230#facing=south
[22:17:49] [ForkJoinPool.commonPool-worker-4/WARN] Missing model for: minecraft:simple_block_6176#facing=south
[22:17:49] [ForkJoinPool.commonPool-worker-4/WARN] Missing model for: minecraft:simple_block_6308#facing=north
[22:17:49] [ForkJoinPool.commonPool-worker-4/WARN] Missing model for: minecraft:simple_block_6290#facing=north
[22:17:49] [ForkJoinPool.commonPool-worker-4/WARN] Missing model for: minecraft:simple_block_6299#facing=west
[22:17:49] [ForkJoinPool.commonPool-worker-4/WARN] Missing model for: minecraft:simple_block_6173#facing=east
[22:17:49] [ForkJoinPool.commonPool-worker-4/WARN] Missing model for: minecraft:simple_block_6316#facing=south
[22:17:49] [ForkJoinPool.commonPool-worker-4/WARN] Missing model for: minecraft:simple_block_6204#facing=south
[22:17:49] [ForkJoinPool.commonPool-worker-4/WARN] Missing model for: minecraft:simple_block_6279#facing=west
[22:17:49] [ForkJoinPool.commonPool-worker-4/WARN] Missing model for: minecraft:simple_block_6187#facing=west
[22:17:49] [ForkJoinPool.commonPool-worker-4/WARN] Missing model for: minecraft:simple_block_6272#facing=south
[22:17:49] [ForkJoinPool.commonPool-worker-4/WARN] Missing model for: minecraft:simple_block_6329#facing=west
[22:17:49] [ForkJoinPool.commonPool-worker-4/WARN] Missing model for: minecraft:simple_block_6159#facing=north
[22:17:49] [ForkJoinPool.commonPool-worker-4/WARN] Missing model for: minecraft:simple_block_6237#facing=west
[22:17:49] [ForkJoinPool.commonPool-worker-4/WARN] Missing model for: minecraft:simple_block_6167#facing=west
[22:17:49] [ForkJoinPool.commonPool-worker-4/WARN] Missing model for: minecraft:simple_block_6193#facing=west
[22:17:49] [ForkJoinPool.commonPool-worker-4/WARN] Missing model for: minecraft:simple_block_6246#facing=south
[22:17:49] [ForkJoinPool.commonPool-worker-4/WARN] Missing model for: minecraft:simple_block_6320#facing=north
[22:17:49] [ForkJoinPool.commonPool-worker-4/WARN] Missing model for: minecraft:simple_block_6217#facing=east
[22:17:49] [ForkJoinPool.commonPool-worker-4/WARN] Missing model for: minecraft:simple_block_6193#facing=east
[22:17:49] [ForkJoinPool.commonPool-worker-4/WARN] Missing model for: minecraft:simple_block_6329#facing=east
[22:17:49] [ForkJoinPool.commonPool-worker-4/WARN] Missing model for: minecraft:simple_block_6202#facing=north
[22:17:49] [ForkJoinPool.commonPool-worker-4/WARN] Missing model for: minecraft:simple_block_6160#facing=south
[22:17:49] [ForkJoinPool.commonPool-worker-4/WARN] Missing model for: minecraft:simple_block_6167#facing=east
[22:17:49] [ForkJoinPool.commonPool-worker-4/WARN] Missing model for: minecraft:simple_block_6279#facing=east
[22:17:49] [ForkJoinPool.commonPool-worker-4/WARN] Missing model for: minecraft:simple_block_6210#facing=south
[22:17:49] [ForkJoinPool.commonPool-worker-4/WARN] Missing model for: minecraft:simple_block_6165#facing=north
[22:17:49] [ForkJoinPool.commonPool-worker-4/WARN] Missing model for: minecraft:simple_block_6196#facing=south
[22:17:49] [ForkJoinPool.commonPool-worker-4/WARN] Missing model for: minecraft:simple_block_6238#facing=north
[22:17:49] [ForkJoinPool.commonPool-worker-4/WARN] Missing model for: minecraft:simple_block_6311#facing=east
[22:17:49] [ForkJoinPool.commonPool-worker-4/WARN] Missing model for: minecraft:simple_block_6275#facing=south
[22:17:49] [ForkJoinPool.commonPool-worker-4/WARN] Missing model for: minecraft:simple_block_6218#facing=south
[22:17:49] [ForkJoinPool.commonPool-worker-4/WARN] Missing model for: minecraft:simple_block_6210#facing=east
[22:17:49] [ForkJoinPool.commonPool-worker-4/WARN] Missing model for: minecraft:simple_block_6280#facing=west
[22:17:49] [ForkJoinPool.commonPool-worker-4/WARN] Missing model for: minecraft:simple_block_6324#facing=east
[22:17:49] [ForkJoinPool.commonPool-worker-4/WARN] Missing model for: minecraft:simple_block_6323#facing=north
[22:17:49] [ForkJoinPool.commonPool-worker-4/WARN] Missing model for: minecraft:simple_block_6191#facing=north
[22:17:49] [ForkJoinPool.commonPool-worker-4/WARN] Missing model for: minecraft:simple_block_6171#facing=east
[22:17:49] [ForkJoinPool.commonPool-worker-4/WARN] Missing model for: minecraft:simple_block_6253#facing=north
[22:17:49] [ForkJoinPool.commonPool-worker-4/WARN] Missing model for: minecraft:simple_block_6209#facing=north
[22:17:49] [ForkJoinPool.commonPool-worker-4/WARN] Missing model for: minecraft:simple_block_6241#facing=east
[22:17:49] [ForkJoinPool.commonPool-worker-4/WARN] Missing model for: minecraft:simple_block_6261#facing=north
[22:17:49] [ForkJoinPool.commonPool-worker-4/WARN] Missing model for: minecraft:simple_block_6215#facing=west
[22:17:49] [ForkJoinPool.commonPool-worker-4/WARN] Missing model for: minecraft:simple_block_6285#facing=west
[22:17:49] [ForkJoinPool.commonPool-worker-4/WARN] Missing model for: minecraft:simple_block_6272#facing=west
[22:17:49] [ForkJoinPool.commonPool-worker-4/WARN] Missing model for: minecraft:simple_block_6266#facing=north
[22:17:49] [ForkJoinPool.commonPool-worker-4/WARN] Missing model for: minecraft:simple_block_6158#facing=west
[22:17:49] [ForkJoinPool.commonPool-worker-4/WARN] Missing model for: minecraft:simple_block_6230#facing=north
[22:17:49] [ForkJoinPool.commonPool-worker-4/WARN] Missing model for: minecraft:simple_block_6199#facing=north
[22:17:49] [ForkJoinPool.commonPool-worker-4/WARN] Missing model for: minecraft:simple_block_6254#facing=east
[22:17:49] [ForkJoinPool.commonPool-worker-4/WARN] Missing model for: minecraft:simple_block_6288#facing=south
[22:17:49] [ForkJoinPool.commonPool-worker-4/WARN] Missing model for: minecraft:simple_block_6223#facing=east
[22:17:49] [ForkJoinPool.commonPool-worker-4/WARN] Missing model for: minecraft:simple_block_6187#facing=east
[22:17:49] [ForkJoinPool.commonPool-worker-4/WARN] Missing model for: minecraft:simple_block_6176#facing=east
[22:17:49] [ForkJoinPool.commonPool-worker-4/WARN] Missing model for: minecraft:simple_block_6257#facing=east
[22:17:49] [ForkJoinPool.commonPool-worker-4/WARN] Missing model for: minecraft:simple_block_6168#facing=north
[22:17:49] [ForkJoinPool.commonPool-worker-4/WARN] Missing model for: minecraft:simple_block_6259#facing=east
[22:17:49] [ForkJoinPool.commonPool-worker-4/WARN] Missing model for: minecraft:simple_block_6189#facing=east
[22:17:49] [ForkJoinPool.commonPool-worker-4/WARN] Missing model for: minecraft:simple_block_6284#facing=north
[22:17:49] [ForkJoinPool.commonPool-worker-4/WARN] Missing model for: minecraft:simple_block_6300#facing=north
[22:17:49] [ForkJoinPool.commonPool-worker-4/WARN] Missing model for: minecraft:simple_block_6297#facing=north
[22:17:49] [ForkJoinPool.commonPool-worker-4/WARN] Missing model for: minecraft:simple_block_6228#facing=west
[22:17:49] [ForkJoinPool.commonPool-worker-4/WARN] Missing model for: minecraft:simple_block_6296#facing=west
[22:17:49] [ForkJoinPool.commonPool-worker-4/WARN] Missing model for: minecraft:simple_block_6239#facing=east
[22:17:49] [ForkJoinPool.commonPool-worker-4/WARN] Missing model for: minecraft:simple_block_6283#facing=west
[22:17:49] [ForkJoinPool.commonPool-worker-4/WARN] Missing model for: minecraft:simple_block_6252#facing=west
[22:17:49] [ForkJoinPool.commonPool-worker-4/WARN] Missing model for: minecraft:simple_block_6226#facing=east
[22:17:49] [ForkJoinPool.commonPool-worker-4/WARN] Missing model for: minecraft:simple_block_6288#facing=west
[22:17:49] [ForkJoinPool.commonPool-worker-4/WARN] Missing model for: minecraft:simple_block_6182#facing=south
[22:17:49] [ForkJoinPool.commonPool-worker-4/WARN] Missing model for: minecraft:simple_block_6184#facing=east
[22:17:49] [ForkJoinPool.commonPool-worker-4/WARN] Missing model for: minecraft:simple_block_6303#facing=north
[22:17:49] [ForkJoinPool.commonPool-worker-4/WARN] Missing model for: minecraft:simple_block_6286#facing=south
[22:17:49] [ForkJoinPool.commonPool-worker-4/WARN] Missing model for: minecraft:simple_block_6316#facing=north
[22:17:49] [ForkJoinPool.commonPool-worker-4/WARN] Missing model for: minecraft:simple_block_6233#facing=north
[22:17:49] [ForkJoinPool.commonPool-worker-4/WARN] Missing model for: minecraft:simple_block_6281#facing=north
[22:17:49] [ForkJoinPool.commonPool-worker-4/WARN] Missing model for: minecraft:simple_block_6221#facing=east
[22:17:49] [ForkJoinPool.commonPool-worker-4/WARN] Missing model for: minecraft:simple_block_6265#facing=west
[22:17:49] [ForkJoinPool.commonPool-worker-4/WARN] Missing model for: minecraft:simple_block_6180#facing=north
[22:17:49] [ForkJoinPool.commonPool-worker-4/WARN] Missing model for: minecraft:simple_block_6195#facing=west
[22:17:49] [ForkJoinPool.commonPool-worker-4/WARN] Missing model for: minecraft:simple_block_6212#facing=west
[22:17:49] [ForkJoinPool.commonPool-worker-4/WARN] Missing model for: minecraft:simple_block_6198#facing=south
[22:17:49] [ForkJoinPool.commonPool-worker-4/WARN] Missing model for: minecraft:simple_block_6261#facing=east
[22:17:49] [ForkJoinPool.commonPool-worker-4/WARN] Missing model for: minecraft:simple_block_6290#facing=south
[22:17:49] [ForkJoinPool.commonPool-worker-4/WARN] Missing model for: minecraft:simple_block_6289#facing=north
[22:17:49] [ForkJoinPool.commonPool-worker-4/WARN] Missing model for: minecraft:simple_block_6330#facing=west
[22:17:49] [ForkJoinPool.commonPool-worker-4/WARN] Missing model for: minecraft:simple_block_6163#facing=north
[22:17:49] [ForkJoinPool.commonPool-worker-4/WARN] Missing model for: minecraft:simple_block_6168#facing=south
[22:17:49] [ForkJoinPool.commonPool-worker-4/WARN] Missing model for: minecraft:simple_block_6304#facing=east
[22:17:49] [ForkJoinPool.commonPool-worker-4/WARN] Missing model for: minecraft:simple_block_6176#facing=north
[22:17:49] [ForkJoinPool.commonPool-worker-4/WARN] Missing model for: minecraft:simple_block_6156#facing=east
[22:17:49] [ForkJoinPool.commonPool-worker-4/WARN] Missing model for: minecraft:simple_block_6182#facing=west
[22:17:49] [ForkJoinPool.commonPool-worker-4/WARN] Missing model for: minecraft:simple_block_6308#facing=south
[22:17:49] [ForkJoinPool.commonPool-worker-4/WARN] Missing model for: minecraft:simple_block_6305#facing=west
[22:17:49] [ForkJoinPool.commonPool-worker-4/WARN] Missing model for: minecraft:simple_block_6185#facing=south
[22:17:49] [ForkJoinPool.commonPool-worker-4/WARN] Missing model for: minecraft:simple_block_6210#facing=north
[22:17:49] [ForkJoinPool.commonPool-worker-4/WARN] Missing model for: minecraft:simple_block_6215#facing=south
[22:17:49] [ForkJoinPool.commonPool-worker-4/WARN] Missing model for: minecraft:simple_block_6327#facing=east
[22:17:49] [ForkJoinPool.commonPool-worker-4/WARN] Missing model for: minecraft:simple_block_6209#facing=east
[22:17:49] [ForkJoinPool.commonPool-worker-4/WARN] Missing model for: minecraft:simple_block_6269#facing=north
[22:17:49] [ForkJoinPool.commonPool-worker-4/WARN] Missing model for: minecraft:simple_block_6283#facing=south
[22:17:49] [ForkJoinPool.commonPool-worker-4/WARN] Missing model for: minecraft:simple_block_6268#facing=west
[22:17:49] [ForkJoinPool.commonPool-worker-4/WARN] Missing model for: minecraft:simple_block_6277#facing=east
[22:17:49] [ForkJoinPool.commonPool-worker-4/WARN] Missing model for: minecraft:simple_block_6248#facing=west
[22:17:49] [ForkJoinPool.commonPool-worker-4/WARN] Missing model for: minecraft:simple_block_6318#facing=west
[22:17:49] [ForkJoinPool.commonPool-worker-4/WARN] Missing model for: minecraft:simple_block_6270#facing=south
[22:17:49] [ForkJoinPool.commonPool-worker-4/WARN] Missing model for: minecraft:simple_block_6198#facing=west
[22:17:49] [ForkJoinPool.commonPool-worker-4/WARN] Missing model for: minecraft:simple_block_6320#facing=south
[22:17:49] [ForkJoinPool.commonPool-worker-4/WARN] Missing model for: minecraft:simple_block_6169#facing=east
[22:17:49] [ForkJoinPool.commonPool-worker-4/WARN] Missing model for: minecraft:simple_block_6196#facing=north
[22:17:49] [ForkJoinPool.commonPool-worker-4/WARN] Missing model for: minecraft:simple_block_6183#facing=north
[22:17:49] [ForkJoinPool.commonPool-worker-4/WARN] Missing model for: minecraft:simple_block_6274#facing=east
[22:17:49] [ForkJoinPool.commonPool-worker-4/WARN] Missing model for: minecraft:simple_block_6191#facing=east
[22:17:49] [ForkJoinPool.commonPool-worker-4/WARN] Missing model for: minecraft:simple_block_6160#facing=north
[22:17:49] [ForkJoinPool.commonPool-worker-4/WARN] Missing model for: minecraft:simple_block_6165#facing=south
[22:17:49] [ForkJoinPool.commonPool-worker-4/WARN] Missing model for: minecraft:simple_block_6235#facing=west
[22:17:49] [ForkJoinPool.commonPool-worker-4/WARN] Missing model for: minecraft:simple_block_6238#facing=south
[22:17:49] [ForkJoinPool.commonPool-worker-4/WARN] Missing model for: minecraft:simple_block_6319#facing=north
[22:17:49] [ForkJoinPool.commonPool-worker-4/WARN] Missing model for: minecraft:simple_block_6202#facing=south
[22:17:49] [ForkJoinPool.commonPool-worker-4/WARN] Missing model for: minecraft:simple_block_6246#facing=north
[22:17:49] [ForkJoinPool.commonPool-worker-4/WARN] Missing model for: minecraft:simple_block_6284#facing=south
[22:17:49] [ForkJoinPool.commonPool-worker-4/WARN] Missing model for: minecraft:simple_block_6156#facing=north
[22:17:49] [ForkJoinPool.commonPool-worker-4/WARN] Missing model for: minecraft:simple_block_6201#facing=south
[22:17:49] [ForkJoinPool.commonPool-worker-4/WARN] Missing model for: minecraft:simple_block_6183#facing=south
[22:17:49] [ForkJoinPool.commonPool-worker-4/WARN] Missing model for: minecraft:simple_block_6175#facing=east
[22:17:49] [ForkJoinPool.commonPool-worker-4/WARN] Missing model for: minecraft:simple_block_6231#facing=north
[22:17:49] [ForkJoinPool.commonPool-worker-4/WARN] Missing model for: minecraft:simple_block_6283#facing=north
[22:17:49] [ForkJoinPool.commonPool-worker-4/WARN] Missing model for: minecraft:simple_block_6219#facing=east
[22:17:49] [ForkJoinPool.commonPool-worker-4/WARN] Missing model for: minecraft:simple_block_6315#facing=west
[22:17:49] [ForkJoinPool.commonPool-worker-4/WARN] Missing model for: minecraft:simple_block_6323#facing=south
[22:17:49] [ForkJoinPool.commonPool-worker-4/WARN] Missing model for: minecraft:simple_block_6320#facing=west
[22:17:49] [ForkJoinPool.commonPool-worker-4/WARN] Missing model for: minecraft:simple_block_6214#facing=east
[22:17:49] [ForkJoinPool.commonPool-worker-4/WARN] Missing model for: minecraft:simple_block_6162#facing=south
[22:17:49] [ForkJoinPool.commonPool-worker-4/WARN] Missing model for: minecraft:simple_block_6240#facing=east
[22:17:49] [ForkJoinPool.commonPool-worker-4/WARN] Missing model for: minecraft:simple_block_6196#facing=west
[22:17:49] [ForkJoinPool.commonPool-worker-4/WARN] Missing model for: minecraft:simple_block_6224#facing=west
[22:17:49] [ForkJoinPool.commonPool-worker-4/WARN] Missing model for: minecraft:simple_block_6271#facing=west
[22:17:49] [ForkJoinPool.commonPool-worker-4/WARN] Missing model for: minecraft:simple_block_6221#facing=north
[22:17:49] [ForkJoinPool.commonPool-worker-4/WARN] Missing model for: minecraft:simple_block_6227#facing=south
[22:17:49] [ForkJoinPool.commonPool-worker-4/WARN] Missing model for: minecraft:simple_block_6257#facing=north
[22:17:49] [ForkJoinPool.commonPool-worker-4/WARN] Missing model for: minecraft:simple_block_6276#facing=east
[22:17:49] [ForkJoinPool.commonPool-worker-4/WARN] Missing model for: minecraft:simple_block_6302#facing=south
[22:17:49] [ForkJoinPool.commonPool-worker-4/WARN] Missing model for: minecraft:simple_block_6325#facing=east
[22:17:49] [ForkJoinPool.commonPool-worker-4/WARN] Missing model for: minecraft:simple_block_6247#facing=north
[22:17:49] [ForkJoinPool.commonPool-worker-4/WARN] Missing model for: minecraft:simple_block_6166#facing=north
[22:17:49] [ForkJoinPool.commonPool-worker-4/WARN] Missing model for: minecraft:simple_block_6325#facing=west
[22:17:49] [ForkJoinPool.commonPool-worker-4/WARN] Missing model for: minecraft:simple_block_6192#facing=north
[22:17:49] [ForkJoinPool.commonPool-worker-4/WARN] Missing model for: minecraft:simple_block_6281#facing=west
[22:17:49] [ForkJoinPool.commonPool-worker-4/WARN] Missing model for: minecraft:simple_block_6237#facing=south
[22:17:49] [ForkJoinPool.commonPool-worker-4/WARN] Missing model for: minecraft:simple_block_6224#facing=east
[22:17:49] [ForkJoinPool.commonPool-worker-4/WARN] Missing model for: minecraft:simple_block_6318#facing=south
[22:17:49] [ForkJoinPool.commonPool-worker-4/WARN] Missing model for: minecraft:simple_block_6305#facing=east
[22:17:49] [ForkJoinPool.commonPool-worker-4/WARN] Missing model for: minecraft:simple_block_6203#facing=east
[22:17:49] [ForkJoinPool.commonPool-worker-4/WARN] Missing model for: minecraft:simple_block_6313#facing=south
[22:17:49] [ForkJoinPool.commonPool-worker-4/WARN] Missing model for: minecraft:simple_block_6182#facing=north
[22:17:49] [ForkJoinPool.commonPool-worker-4/WARN] Missing model for: minecraft:simple_block_6286#facing=east
[22:17:49] [ForkJoinPool.commonPool-worker-4/WARN] Missing model for: minecraft:simple_block_6260#facing=east
[22:17:49] [ForkJoinPool.commonPool-worker-4/WARN] Missing model for: minecraft:simple_block_6211#facing=south
[22:17:49] [ForkJoinPool.commonPool-worker-4/WARN] Missing model for: minecraft:simple_block_6250#facing=east
[22:17:49] [ForkJoinPool.commonPool-worker-4/WARN] Missing model for: minecraft:simple_block_6328#facing=south
[22:17:49] [ForkJoinPool.commonPool-worker-4/WARN] Missing model for: minecraft:simple_block_6294#facing=south
[22:17:49] [ForkJoinPool.commonPool-worker-4/WARN] Missing model for: minecraft:simple_block_6234#facing=east
[22:17:49] [ForkJoinPool.commonPool-worker-4/WARN] Missing model for: minecraft:simple_block_6310#facing=west
[22:17:49] [ForkJoinPool.commonPool-worker-4/WARN] Missing model for: minecraft:simple_block_6299#facing=north
[22:17:49] [ForkJoinPool.commonPool-worker-4/WARN] Missing model for: minecraft:simple_block_6315#facing=east
[22:17:49] [ForkJoinPool.commonPool-worker-4/WARN] Missing model for: minecraft:simple_block_6300#facing=west
[22:17:49] [ForkJoinPool.commonPool-worker-4/WARN] Missing model for: minecraft:simple_block_6256#facing=east
[22:17:49] [ForkJoinPool.commonPool-worker-4/WARN] Missing model for: minecraft:simple_block_6211#facing=north
[22:17:49] [ForkJoinPool.commonPool-worker-4/WARN] Missing model for: minecraft:simple_block_6186#facing=west
[22:17:49] [ForkJoinPool.commonPool-worker-4/WARN] Missing model for: minecraft:simple_block_6291#facing=west
[22:17:49] [ForkJoinPool.commonPool-worker-4/WARN] Missing model for: minecraft:simple_block_6207#facing=south
[22:17:49] [ForkJoinPool.commonPool-worker-4/WARN] Missing model for: minecraft:simple_block_6234#facing=west
[22:17:49] [ForkJoinPool.commonPool-worker-4/WARN] Missing model for: minecraft:simple_block_6230#facing=east
[22:17:49] [ForkJoinPool.commonPool-worker-4/WARN] Missing model for: minecraft:simple_block_6326#facing=west
[22:17:49] [ForkJoinPool.commonPool-worker-4/WARN] Missing model for: minecraft:simple_block_6172#facing=north
[22:17:49] [ForkJoinPool.commonPool-worker-4/WARN] Missing model for: minecraft:simple_block_6163#facing=south
[22:17:49] [ForkJoinPool.commonPool-worker-4/WARN] Missing model for: minecraft:simple_block_6251#facing=north
[22:17:49] [ForkJoinPool.commonPool-worker-4/WARN] Missing model for: minecraft:simple_block_6303#facing=south
[22:17:49] [ForkJoinPool.commonPool-worker-4/WARN] Missing model for: minecraft:simple_block_6273#facing=north
[22:17:49] [ForkJoinPool.commonPool-worker-4/WARN] Missing model for: minecraft:simple_block_6198#facing=north
[22:17:49] [ForkJoinPool.commonPool-worker-4/WARN] Missing model for: minecraft:simple_block_6208#facing=west
[22:17:49] [ForkJoinPool.commonPool-worker-4/WARN] Missing model for: minecraft:simple_block_6160#facing=west
[22:17:49] [ForkJoinPool.commonPool-worker-4/WARN] Missing model for: minecraft:simple_block_6190#facing=west
[22:17:49] [ForkJoinPool.commonPool-worker-4/WARN] Missing model for: minecraft:simple_block_6162#facing=north
[22:17:49] [ForkJoinPool.commonPool-worker-4/WARN] Missing model for: minecraft:simple_block_6199#facing=south
[22:17:49] [ForkJoinPool.commonPool-worker-4/WARN] Missing model for: minecraft:simple_block_6193#facing=south
[22:17:49] [ForkJoinPool.commonPool-worker-4/WARN] Missing model for: minecraft:simple_block_6155#facing=north
[22:17:49] [ForkJoinPool.commonPool-worker-4/WARN] Missing model for: minecraft:simple_block_6220#facing=east
[22:17:49] [ForkJoinPool.commonPool-worker-4/WARN] Missing model for: minecraft:simple_block_6217#facing=south
[22:17:49] [ForkJoinPool.commonPool-worker-4/WARN] Missing model for: minecraft:simple_block_6246#facing=east
[22:17:49] [ForkJoinPool.commonPool-worker-4/WARN] Missing model for: minecraft:simple_block_6329#facing=south
[22:17:49] [ForkJoinPool.commonPool-worker-4/WARN] Missing model for: minecraft:simple_block_6173#facing=south
[22:17:49] [ForkJoinPool.commonPool-worker-4/WARN] Missing model for: minecraft:simple_block_6266#facing=east
[22:17:49] [ForkJoinPool.commonPool-worker-4/WARN] Missing model for: minecraft:simple_block_6204#facing=east
[22:17:49] [ForkJoinPool.commonPool-worker-4/WARN] Missing model for: minecraft:simple_block_6267#facing=north
[22:17:49] [ForkJoinPool.commonPool-worker-4/WARN] Missing model for: minecraft:simple_block_6180#facing=west
[22:17:49] [ForkJoinPool.commonPool-worker-4/WARN] Missing model for: minecraft:simple_block_6277#facing=north
[22:17:49] [ForkJoinPool.commonPool-worker-4/WARN] Missing model for: minecraft:simple_block_6312#facing=south
[22:17:49] [ForkJoinPool.commonPool-worker-4/WARN] Missing model for: minecraft:simple_block_6170#facing=west
[22:17:49] [ForkJoinPool.commonPool-worker-4/WARN] Missing model for: minecraft:simple_block_6214#facing=west
[22:17:49] [ForkJoinPool.commonPool-worker-4/WARN] Missing model for: minecraft:simple_block_6322#facing=south
[22:17:49] [ForkJoinPool.commonPool-worker-4/WARN] Missing model for: minecraft:simple_block_6204#facing=west
[22:17:49] [ForkJoinPool.commonPool-worker-4/WARN] Missing model for: minecraft:simple_block_6241#facing=north
[22:17:49] [ForkJoinPool.commonPool-worker-4/WARN] Missing model for: minecraft:simple_block_6316#facing=west
[22:17:49] [ForkJoinPool.commonPool-worker-4/WARN] Missing model for: minecraft:simple_block_6188#facing=north
[22:17:49] [ForkJoinPool.commonPool-worker-4/WARN] Missing model for: minecraft:simple_block_6319#facing=south
[22:17:49] [ForkJoinPool.commonPool-worker-4/WARN] Missing model for: minecraft:simple_block_6293#facing=north
[22:17:49] [ForkJoinPool.commonPool-worker-4/WARN] Missing model for: minecraft:simple_block_6305#facing=north
[22:17:49] [ForkJoinPool.commonPool-worker-4/WARN] Missing model for: minecraft:simple_block_6254#facing=west
[22:17:49] [ForkJoinPool.commonPool-worker-4/WARN] Missing model for: minecraft:simple_block_6318#facing=north
[22:17:49] [ForkJoinPool.commonPool-worker-4/WARN] Missing model for: minecraft:simple_block_6293#facing=east
[22:17:49] [ForkJoinPool.commonPool-worker-4/WARN] Missing model for: minecraft:simple_block_6179#facing=west
[22:17:49] [ForkJoinPool.commonPool-worker-4/WARN] Missing model for: minecraft:simple_block_6280#facing=east
[22:17:49] [ForkJoinPool.commonPool-worker-4/WARN] Missing model for: minecraft:simple_block_6217#facing=north
[22:17:49] [ForkJoinPool.commonPool-worker-4/WARN] Missing model for: minecraft:simple_block_6267#facing=west
[22:17:49] [ForkJoinPool.commonPool-worker-4/WARN] Missing model for: minecraft:simple_block_6231#facing=south
[22:17:49] [ForkJoinPool.commonPool-worker-4/WARN] Missing model for: minecraft:simple_block_6257#facing=south
[22:17:49] [ForkJoinPool.commonPool-worker-4/WARN] Missing model for: minecraft:simple_block_6244#facing=south
[22:17:49] [ForkJoinPool.commonPool-worker-4/WARN] Missing model for: minecraft:simple_block_6306#facing=west
[22:17:49] [ForkJoinPool.commonPool-worker-4/WARN] Missing model for: minecraft:simple_block_6204#facing=north
[22:17:49] [ForkJoinPool.commonPool-worker-4/WARN] Missing model for: minecraft:simple_block_6227#facing=north
[22:17:49] [ForkJoinPool.commonPool-worker-4/WARN] Missing model for: minecraft:simple_block_6169#facing=south
[22:17:49] [ForkJoinPool.commonPool-worker-4/WARN] Missing model for: minecraft:simple_block_6241#facing=west
[22:17:49] [ForkJoinPool.commonPool-worker-4/WARN] Missing model for: minecraft:simple_block_6166#facing=west
[22:17:49] [ForkJoinPool.commonPool-worker-4/WARN] Missing model for: minecraft:simple_block_6319#facing=west
[22:17:49] [ForkJoinPool.commonPool-worker-4/WARN] Missing model for: minecraft:simple_block_6244#facing=west
[22:17:49] [ForkJoinPool.commonPool-worker-4/WARN] Missing model for: minecraft:simple_block_6176#facing=west
[22:17:49] [ForkJoinPool.commonPool-worker-4/WARN] Missing model for: minecraft:simple_block_6257#facing=west
[22:17:49] [ForkJoinPool.commonPool-worker-4/WARN] Missing model for: minecraft:simple_block_6163#facing=west
[22:17:49] [ForkJoinPool.commonPool-worker-4/WARN] Missing model for: minecraft:simple_block_6189#facing=west
[22:17:49] [ForkJoinPool.commonPool-worker-4/WARN] Missing model for: minecraft:simple_block_6328#facing=north
[22:17:49] [ForkJoinPool.commonPool-worker-4/WARN] Missing model for: minecraft:simple_block_6201#facing=north
[22:17:49] [ForkJoinPool.commonPool-worker-4/WARN] Missing model for: minecraft:simple_block_6315#facing=north
[22:17:49] [ForkJoinPool.commonPool-worker-4/WARN] Missing model for: minecraft:simple_block_6214#facing=north
[22:17:49] [ForkJoinPool.commonPool-worker-4/WARN] Missing model for: minecraft:simple_block_6283#facing=east
[22:17:49] [ForkJoinPool.commonPool-worker-4/WARN] Missing model for: minecraft:simple_block_6158#facing=east
[22:17:49] [ForkJoinPool.commonPool-worker-4/WARN] Missing model for: minecraft:simple_block_6231#facing=west
[22:17:49] [ForkJoinPool.commonPool-worker-4/WARN] Missing model for: minecraft:simple_block_6156#facing=south
[22:17:49] [ForkJoinPool.commonPool-worker-4/WARN] Missing model for: minecraft:simple_block_6189#facing=south
[22:17:49] [ForkJoinPool.commonPool-worker-4/WARN] Missing model for: minecraft:simple_block_6192#facing=east
[22:17:49] [ForkJoinPool.commonPool-worker-4/WARN] Missing model for: minecraft:simple_block_6166#facing=south
[22:17:49] [ForkJoinPool.commonPool-worker-4/WARN] Missing model for: minecraft:simple_block_6309#facing=west
[22:17:49] [ForkJoinPool.commonPool-worker-4/WARN] Missing model for: minecraft:simple_block_6247#facing=south
[22:17:49] [ForkJoinPool.commonPool-worker-4/WARN] Missing model for: minecraft:simple_block_6296#facing=east
[22:17:49] [ForkJoinPool.commonPool-worker-4/WARN] Missing model for: minecraft:simple_block_6179#facing=south
[22:17:49] [ForkJoinPool.commonPool-worker-4/WARN] Missing model for: minecraft:simple_block_6168#facing=east
[22:17:49] [ForkJoinPool.commonPool-worker-4/WARN] Missing model for: minecraft:simple_block_6224#facing=north
[22:17:49] [ForkJoinPool.commonPool-worker-4/WARN] Missing model for: minecraft:simple_block_6237#facing=north
[22:17:49] [ForkJoinPool.commonPool-worker-4/WARN] Missing model for: minecraft:simple_block_6312#facing=north
[22:17:49] [ForkJoinPool.commonPool-worker-4/WARN] Missing model for: minecraft:simple_block_6251#facing=south
[22:17:49] [ForkJoinPool.commonPool-worker-4/WARN] Missing model for: minecraft:simple_block_6325#facing=north
[22:17:49] [ForkJoinPool.commonPool-worker-4/WARN] Missing model for: minecraft:simple_block_6264#facing=south
[22:17:49] [ForkJoinPool.commonPool-worker-4/WARN] Missing model for: minecraft:simple_block_6234#facing=south
[22:17:49] [ForkJoinPool.commonPool-worker-4/WARN] Missing model for: minecraft:simple_block_6159#facing=south
[22:17:49] [ForkJoinPool.commonPool-worker-4/WARN] Missing model for: minecraft:simple_block_6159#facing=west
[22:17:49] [ForkJoinPool.commonPool-worker-4/WARN] Missing model for: minecraft:simple_block_6155#facing=east
[22:17:49] [ForkJoinPool.commonPool-worker-4/WARN] Missing model for: minecraft:simple_block_6221#facing=south
[22:17:49] [ForkJoinPool.commonPool-worker-4/WARN] Missing model for: minecraft:simple_block_6182#facing=east
[22:17:49] [ForkJoinPool.commonPool-worker-4/WARN] Missing model for: minecraft:simple_block_6277#facing=west
[22:17:49] [ForkJoinPool.commonPool-worker-4/WARN] Missing model for: minecraft:simple_block_6195#facing=east
[22:17:49] [ForkJoinPool.commonPool-worker-4/WARN] Missing model for: minecraft:simple_block_6318#facing=east
[22:17:49] [ForkJoinPool.commonPool-worker-4/WARN] Missing model for: minecraft:simple_block_6274#facing=south
[22:17:49] [ForkJoinPool.commonPool-worker-4/WARN] Missing model for: minecraft:simple_block_6270#facing=east
[22:17:49] [ForkJoinPool.commonPool-worker-4/WARN] Missing model for: minecraft:simple_block_6287#facing=south
[22:17:49] [ForkJoinPool.commonPool-worker-4/WARN] Missing model for: minecraft:simple_block_6302#facing=north
[22:17:49] [ForkJoinPool.commonPool-worker-4/WARN] Missing model for: minecraft:simple_block_6165#facing=east
[22:17:49] [ForkJoinPool.commonPool-worker-4/WARN] Missing model for: minecraft:simple_block_6290#facing=east
[22:17:49] [ForkJoinPool.commonPool-worker-4/WARN] Missing model for: minecraft:simple_block_6172#facing=east
[22:17:49] [ForkJoinPool.commonPool-worker-4/WARN] Missing model for: minecraft:simple_block_6185#facing=east
[22:17:49] [ForkJoinPool.commonPool-worker-4/WARN] Missing model for: minecraft:simple_block_6264#facing=west
[22:17:49] [ForkJoinPool.commonPool-worker-4/WARN] Missing model for: minecraft:simple_block_6267#facing=south
[22:17:49] [ForkJoinPool.commonPool-worker-4/WARN] Missing model for: minecraft:simple_block_6156#facing=west
[22:17:49] [ForkJoinPool.commonPool-worker-4/WARN] Missing model for: minecraft:simple_block_6308#facing=east
[22:17:49] [ForkJoinPool.commonPool-worker-4/WARN] Missing model for: minecraft:simple_block_6207#facing=north
[22:17:49] [ForkJoinPool.commonPool-worker-4/WARN] Missing model for: minecraft:simple_block_6261#facing=west
[22:17:49] [ForkJoinPool.commonPool-worker-4/WARN] Missing model for: minecraft:simple_block_6287#facing=west
[22:17:49] [ForkJoinPool.commonPool-worker-4/WARN] Missing model for: minecraft:simple_block_6322#facing=north
[22:17:49] [ForkJoinPool.commonPool-worker-4/WARN] Missing model for: minecraft:simple_block_6254#facing=south
[22:17:49] [ForkJoinPool.commonPool-worker-4/WARN] Missing model for: minecraft:simple_block_6297#facing=west
[22:17:49] [ForkJoinPool.commonPool-worker-4/WARN] Missing model for: minecraft:simple_block_6251#facing=west
[22:17:49] [ForkJoinPool.commonPool-worker-4/WARN] Missing model for: minecraft:simple_block_6169#facing=west
[22:17:49] [ForkJoinPool.commonPool-worker-4/WARN] Missing model for: minecraft:simple_block_6241#facing=south
[22:17:49] [ForkJoinPool.commonPool-worker-4/WARN] Missing model for: minecraft:simple_block_6162#facing=east
[22:17:49] [ForkJoinPool.commonPool-worker-4/WARN] Missing model for: minecraft:simple_block_6274#facing=west
[22:17:49] [ForkJoinPool.commonPool-worker-4/WARN] Missing model for: minecraft:simple_block_6277#facing=south
[22:17:49] [ForkJoinPool.commonPool-worker-4/WARN] Missing model for: minecraft:simple_block_6198#facing=east
[22:17:49] [ForkJoinPool.commonPool-worker-4/INFO] [OptiFine] Mipmap levels: 4
[22:17:49] [ForkJoinPool.commonPool-worker-4/INFO] [OptiFine] Multi-texturing: false
[22:17:49] [ForkJoinPool.commonPool-worker-4/INFO] [OptiFine] Multipass connected textures: false
[22:17:49] [ForkJoinPool.commonPool-worker-4/INFO] [OptiFine] BetterGrass: Parsing default configuration optifine/bettergrass.properties
[22:17:49] [ForkJoinPool.commonPool-worker-4/ERROR] Using missing texture, unable to load elitecreatures:textures/crystal_cave_decoration_v1/16_crystal_tree_texture.png
[22:17:49] [ForkJoinPool.commonPool-worker-4/ERROR] Using missing texture, unable to load elitecreatures:textures/summoning_circle_decoration_v1/bookstackstexture.png
[22:17:49] [ForkJoinPool.commonPool-worker-4/FATAL] [OptiFine] Scaled too small texture: minecraft:particles/glow_2, 8 -> 16
[22:17:49] [ForkJoinPool.commonPool-worker-4/FATAL] [OptiFine] Scaled too small texture: minecraft:particles/glow_1, 8 -> 16
[22:17:49] [ForkJoinPool.commonPool-worker-4/FATAL] [OptiFine] Scaled too small texture: minecraft:particles/glow_0, 8 -> 16
[22:17:49] [ForkJoinPool.commonPool-worker-4/FATAL] [OptiFine] Scaled too small texture: minecraft:particles/glow_6, 8 -> 16
[22:17:49] [ForkJoinPool.commonPool-worker-4/FATAL] [OptiFine] Scaled too small texture: minecraft:particles/glow_5, 8 -> 16
[22:17:49] [ForkJoinPool.commonPool-worker-4/FATAL] [OptiFine] Scaled too small texture: minecraft:particles/glow_4, 8 -> 16
[22:17:49] [ForkJoinPool.commonPool-worker-4/FATAL] [OptiFine] Scaled too small texture: minecraft:particles/glow_3, 8 -> 16
[22:17:49] [ForkJoinPool.commonPool-worker-4/FATAL] [OptiFine] Scaled too small texture: minecraft:particles/glow_9, 8 -> 16
[22:17:49] [ForkJoinPool.commonPool-worker-4/FATAL] [OptiFine] Scaled too small texture: minecraft:particles/glow_8, 8 -> 16
[22:17:49] [ForkJoinPool.commonPool-worker-4/FATAL] [OptiFine] Scaled too small texture: minecraft:particles/glow_7, 8 -> 16
[22:17:49] [ForkJoinPool.commonPool-worker-4/ERROR] Using missing texture, unable to load minecraft:textures/blocks/simple_block_6036.png
[22:17:49] [ForkJoinPool.commonPool-worker-4/WARN] Texture minecraft:textures/blocks/simple_block_6016.png compressed from 288x288 to 256x256
[22:17:49] [ForkJoinPool.commonPool-worker-4/ERROR] Using missing texture, unable to load elitecreatures:textures/summoning_circle_decoration_v1/crucifixtexture.png
[22:17:49] [ForkJoinPool.commonPool-worker-4/ERROR] Using missing texture, unable to load elitecreatures:textures/crystal_cave_decoration_v1/19_yellow_crystal_texture.png
[22:17:49] [ForkJoinPool.commonPool-worker-4/ERROR] Using missing texture, unable to load elitecreatures:textures/summoning_circle_decoration_v1/bloodsplatter2texture.png
[22:17:49] [ForkJoinPool.commonPool-worker-4/ERROR] Using missing texture, unable to load elitecreatures:textures/crystal_cave_decoration_v1/07_stalagmite_texture.png
[22:17:49] [ForkJoinPool.commonPool-worker-4/ERROR] Using missing texture, unable to load elitecreatures:textures/crystal_cave_decoration_v1/06_purple_crystal_2_texture.png
[22:17:49] [ForkJoinPool.commonPool-worker-4/ERROR] Using missing texture, unable to load elitecreatures:textures/crystal_cave_decoration_v1/11_crrystal_wood_texture.png
[22:17:49] [ForkJoinPool.commonPool-worker-4/ERROR] Using missing texture, unable to load elitecreatures:textures/summoning_circle_decoration_v1/candlestexture.png
[22:17:49] [ForkJoinPool.commonPool-worker-4/ERROR] Using missing texture, unable to load elitecreatures:textures/crystal_cave_decoration_v1/03_purple_crystal_texture.png
[22:17:49] [ForkJoinPool.commonPool-worker-4/ERROR] Using missing texture, unable to load elitecreatures:textures/crystal_cave_decoration_v1/17_red_crystal_02_texture.png
[22:17:49] [ForkJoinPool.commonPool-worker-4/ERROR] Using missing texture, unable to load elitecreatures:textures/summoning_circle_decoration_v1/candelabratexture.png
[22:17:49] [ForkJoinPool.commonPool-worker-4/ERROR] Using missing texture, unable to load elitecreatures:textures/crystal_cave_decoration_v1/15_crystal_bowl_texture.png
[22:17:49] [ForkJoinPool.commonPool-worker-4/ERROR] Using missing texture, unable to load elitecreatures:textures/summoning_circle_decoration_v1/openedbooktexture.png
[22:17:49] [ForkJoinPool.commonPool-worker-4/ERROR] Using missing texture, unable to load elitecreatures:textures/summoning_circle_decoration_v1/candleanimation01.png
[22:17:49] [ForkJoinPool.commonPool-worker-4/ERROR] Using missing texture, unable to load elitecreatures:textures/crystal_cave_decoration_v1/18_crystal_monk_texture.png
[22:17:49] [ForkJoinPool.commonPool-worker-4/ERROR] Using missing texture, unable to load elitecreatures:textures/summoning_circle_decoration_v1/chalkstexture.png
[22:17:49] [ForkJoinPool.commonPool-worker-4/ERROR] Using missing texture, unable to load elitecreatures:textures/crystal_cave_decoration_v1/08_plant_texture.png
[22:17:49] [ForkJoinPool.commonPool-worker-4/ERROR] Using missing texture, unable to load elitecreatures:textures/summoning_circle_decoration_v1/summoningcircle2texture.png
[22:17:49] [ForkJoinPool.commonPool-worker-4/ERROR] Using missing texture, unable to load elitecreatures:textures/crystal_cave_decoration_v1/12_red_crystal_texture.png
[22:17:49] [ForkJoinPool.commonPool-worker-4/ERROR] Using missing texture, unable to load minecraft:mcpatcher/cit/items/spawner.png
[22:17:49] [ForkJoinPool.commonPool-worker-4/ERROR] Using missing texture, unable to load elitecreatures:textures/crystal_cave_decoration_v1/10_cave_plant_texture.png
[22:17:49] [ForkJoinPool.commonPool-worker-4/WARN] Texture minecraft:textures/blocks/bl_tavern_counter.png compressed from 288x288 to 256x256
[22:17:49] [ForkJoinPool.commonPool-worker-4/ERROR] Using missing texture, unable to load elitecreatures:textures/crystal_cave_decoration_v1/01_crystal_mushroom_texture.png
[22:17:49] [ForkJoinPool.commonPool-worker-4/FATAL] [OptiFine] Scaled too small texture: minecraft:particles/glow_11, 8 -> 16
[22:17:49] [ForkJoinPool.commonPool-worker-4/FATAL] [OptiFine] Scaled too small texture: minecraft:particles/glow_10, 8 -> 16
[22:17:49] [ForkJoinPool.commonPool-worker-4/FATAL] [OptiFine] Scaled too small texture: minecraft:particles/glow_13, 8 -> 16
[22:17:49] [ForkJoinPool.commonPool-worker-4/FATAL] [OptiFine] Scaled too small texture: minecraft:particles/glow_12, 8 -> 16
[22:17:49] [ForkJoinPool.commonPool-worker-4/FATAL] [OptiFine] Scaled too small texture: minecraft:particles/glow_15, 8 -> 16
[22:17:49] [ForkJoinPool.commonPool-worker-4/FATAL] [OptiFine] Scaled too small texture: minecraft:particles/glow_14, 8 -> 16
[22:17:49] [ForkJoinPool.commonPool-worker-4/ERROR] Using missing texture, unable to load elitecreatures:textures/summoning_circle_decoration_v1/summoningritualtable1animation01.png
[22:17:49] [ForkJoinPool.commonPool-worker-4/ERROR] Using missing texture, unable to load elitecreatures:textures/crystal_cave_decoration_v1/05_green_crystal_texture.png
[22:17:49] [ForkJoinPool.commonPool-worker-4/ERROR] Using missing texture, unable to load elitecreatures:textures/crystal_cave_decoration_v1/14_crystal_that_fall_on_ground_texture.png
[22:17:49] [ForkJoinPool.commonPool-worker-4/ERROR] Using missing texture, unable to load minecraft:textures/hcs/furniture/fishing_dock_furniture.png
[22:17:49] [ForkJoinPool.commonPool-worker-4/ERROR] Using missing texture, unable to load elitecreatures:textures/crystal_cave_decoration_v1/13_cave_plant_texture.png
[22:17:49] [ForkJoinPool.commonPool-worker-4/ERROR] Using missing texture, unable to load elitecreatures:textures/summoning_circle_decoration_v1/bloodsplatter1texture.png
[22:17:49] [ForkJoinPool.commonPool-worker-4/ERROR] Using missing texture, unable to load elitecreatures:textures/summoning_circle_decoration_v1/candleskullanimation01.png
[22:17:49] [ForkJoinPool.commonPool-worker-4/INFO] load sprites for 12ms
[22:17:49] [ForkJoinPool.commonPool-worker-4/INFO] Created: 2048x2048 textures-atlas in 23ms
[22:17:49] [ForkJoinPool.commonPool-worker-7/WARN] Missing model for: minecraft:simple_block_6155#facing=south
[22:17:49] [ForkJoinPool.commonPool-worker-7/WARN] No weighted models for: minecraft:simple_block_6155#facing=south
[22:17:49] [ForkJoinPool.commonPool-worker-7/WARN] Missing model for: minecraft:simple_block_6238#facing=west
[22:17:49] [ForkJoinPool.commonPool-worker-7/WARN] No weighted models for: minecraft:simple_block_6238#facing=west
[22:17:49] [ForkJoinPool.commonPool-worker-7/WARN] Missing model for: minecraft:simple_block_6193#facing=north
[22:17:49] [ForkJoinPool.commonPool-worker-7/WARN] No weighted models for: minecraft:simple_block_6193#facing=north
[22:17:49] [ForkJoinPool.commonPool-worker-7/WARN] Missing model for: minecraft:simple_block_6260#facing=south
[22:17:49] [ForkJoinPool.commonPool-worker-7/WARN] No weighted models for: minecraft:simple_block_6260#facing=south
[22:17:49] [ForkJoinPool.commonPool-worker-7/WARN] Missing model for: minecraft:simple_block_6229#facing=east
[22:17:49] [ForkJoinPool.commonPool-worker-7/WARN] No weighted models for: minecraft:simple_block_6229#facing=east
[22:17:49] [ForkJoinPool.commonPool-worker-7/WARN] Missing model for: minecraft:simple_block_6181#facing=east
[22:17:49] [ForkJoinPool.commonPool-worker-7/WARN] No weighted models for: minecraft:simple_block_6181#facing=east
[22:17:49] [ForkJoinPool.commonPool-worker-8/WARN] Missing model for: minecraft:simple_block_6273#facing=east
[22:17:49] [ForkJoinPool.commonPool-worker-8/WARN] No weighted models for: minecraft:simple_block_6273#facing=east
[22:17:49] [ForkJoinPool.commonPool-worker-8/WARN] Missing model for: minecraft:simple_block_6273#facing=west
[22:17:49] [ForkJoinPool.commonPool-worker-8/WARN] No weighted models for: minecraft:simple_block_6273#facing=west
[22:17:49] [ForkJoinPool.commonPool-worker-7/WARN] Missing model for: minecraft:simple_block_6228#facing=south
[22:17:49] [ForkJoinPool.commonPool-worker-7/WARN] No weighted models for: minecraft:simple_block_6228#facing=south
[22:17:49] [ForkJoinPool.commonPool-worker-8/WARN] Missing model for: minecraft:simple_block_6326#facing=south
[22:17:49] [ForkJoinPool.commonPool-worker-8/WARN] No weighted models for: minecraft:simple_block_6326#facing=south
[22:17:49] [ForkJoinPool.commonPool-worker-7/WARN] Missing model for: minecraft:simple_block_6223#facing=north
[22:17:49] [ForkJoinPool.commonPool-worker-7/WARN] No weighted models for: minecraft:simple_block_6223#facing=north
[22:17:49] [ForkJoinPool.commonPool-worker-1/WARN] Missing model for: minecraft:simple_block_6310#facing=west
[22:17:49] [ForkJoinPool.commonPool-worker-1/WARN] No weighted models for: minecraft:simple_block_6310#facing=west
[22:17:49] [ForkJoinPool.commonPool-worker-7/WARN] Missing model for: minecraft:simple_block_6236#facing=north
[22:17:49] [ForkJoinPool.commonPool-worker-7/WARN] No weighted models for: minecraft:simple_block_6236#facing=north
[22:17:49] [ForkJoinPool.commonPool-worker-7/WARN] Missing model for: minecraft:simple_block_6290#facing=west
[22:17:49] [ForkJoinPool.commonPool-worker-7/WARN] No weighted models for: minecraft:simple_block_6290#facing=west
[22:17:49] [ForkJoinPool.commonPool-worker-1/WARN] Missing model for: minecraft:simple_block_6299#facing=north
[22:17:49] [ForkJoinPool.commonPool-worker-1/WARN] No weighted models for: minecraft:simple_block_6299#facing=north
[22:17:49] [ForkJoinPool.commonPool-worker-7/WARN] Missing model for: minecraft:simple_block_6314#facing=east
[22:17:49] [ForkJoinPool.commonPool-worker-7/WARN] No weighted models for: minecraft:simple_block_6314#facing=east
[22:17:49] [ForkJoinPool.commonPool-worker-8/WARN] Missing model for: minecraft:simple_block_6208#facing=north
[22:17:49] [ForkJoinPool.commonPool-worker-8/WARN] No weighted models for: minecraft:simple_block_6208#facing=north
[22:17:49] [ForkJoinPool.commonPool-worker-1/WARN] Missing model for: minecraft:simple_block_6315#facing=east
[22:17:49] [ForkJoinPool.commonPool-worker-1/WARN] No weighted models for: minecraft:simple_block_6315#facing=east
[22:17:49] [ForkJoinPool.commonPool-worker-6/WARN] Missing model for: minecraft:simple_block_6253#facing=east
[22:17:49] [ForkJoinPool.commonPool-worker-6/WARN] No weighted models for: minecraft:simple_block_6253#facing=east
[22:17:49] [ForkJoinPool.commonPool-worker-1/WARN] Missing model for: minecraft:simple_block_6300#facing=west
[22:17:49] [ForkJoinPool.commonPool-worker-1/WARN] No weighted models for: minecraft:simple_block_6300#facing=west
[22:17:49] [ForkJoinPool.commonPool-worker-1/WARN] Missing model for: minecraft:simple_block_6256#facing=east
[22:17:49] [ForkJoinPool.commonPool-worker-1/WARN] No weighted models for: minecraft:simple_block_6256#facing=east
[22:17:49] [ForkJoinPool.commonPool-worker-8/WARN] Missing model for: minecraft:simple_block_6195#facing=north
[22:17:49] [ForkJoinPool.commonPool-worker-8/WARN] No weighted models for: minecraft:simple_block_6195#facing=north
[22:17:49] [ForkJoinPool.commonPool-worker-6/WARN] Missing model for: minecraft:simple_block_6157#facing=west
[22:17:49] [ForkJoinPool.commonPool-worker-6/WARN] No weighted models for: minecraft:simple_block_6157#facing=west
[22:17:49] [ForkJoinPool.commonPool-worker-1/WARN] Missing model for: minecraft:simple_block_6211#facing=north
[22:17:49] [ForkJoinPool.commonPool-worker-1/WARN] No weighted models for: minecraft:simple_block_6211#facing=north
[22:17:49] [ForkJoinPool.commonPool-worker-6/WARN] Missing model for: minecraft:simple_block_6310#facing=south
[22:17:49] [ForkJoinPool.commonPool-worker-6/WARN] No weighted models for: minecraft:simple_block_6310#facing=south
[22:17:49] [ForkJoinPool.commonPool-worker-8/WARN] Missing model for: minecraft:simple_block_6240#facing=south
[22:17:49] [ForkJoinPool.commonPool-worker-8/WARN] No weighted models for: minecraft:simple_block_6240#facing=south
[22:17:49] [ForkJoinPool.commonPool-worker-7/WARN] Missing model for: minecraft:simple_block_6291#facing=north
[22:17:49] [ForkJoinPool.commonPool-worker-7/WARN] No weighted models for: minecraft:simple_block_6291#facing=north
[22:17:49] [ForkJoinPool.commonPool-worker-8/WARN] Missing model for: minecraft:simple_block_6271#facing=south
[22:17:49] [ForkJoinPool.commonPool-worker-8/WARN] No weighted models for: minecraft:simple_block_6271#facing=south
[22:17:49] [ForkJoinPool.commonPool-worker-8/WARN] Missing model for: minecraft:simple_block_6199#facing=west
[22:17:49] [ForkJoinPool.commonPool-worker-8/WARN] No weighted models for: minecraft:simple_block_6199#facing=west
[22:17:49] [ForkJoinPool.commonPool-worker-8/WARN] Missing model for: minecraft:simple_block_6323#facing=east
[22:17:49] [ForkJoinPool.commonPool-worker-8/WARN] No weighted models for: minecraft:simple_block_6323#facing=east
[22:17:49] [ForkJoinPool.commonPool-worker-1/WARN] Missing model for: minecraft:simple_block_6186#facing=west
[22:17:49] [ForkJoinPool.commonPool-worker-1/WARN] No weighted models for: minecraft:simple_block_6186#facing=west
[22:17:49] [ForkJoinPool.commonPool-worker-7/WARN] Missing model for: minecraft:simple_block_6222#facing=west
[22:17:49] [ForkJoinPool.commonPool-worker-7/WARN] No weighted models for: minecraft:simple_block_6222#facing=west
[22:17:49] [ForkJoinPool.commonPool-worker-7/WARN] Missing model for: minecraft:simple_block_6172#facing=west
[22:17:49] [ForkJoinPool.commonPool-worker-7/WARN] No weighted models for: minecraft:simple_block_6172#facing=west
[22:17:49] [ForkJoinPool.commonPool-worker-3/WARN] Missing model for: minecraft:simple_block_6321#facing=west
[22:17:49] [ForkJoinPool.commonPool-worker-8/WARN] Missing model for: minecraft:simple_block_6190#facing=north
[22:17:49] [ForkJoinPool.commonPool-worker-3/WARN] No weighted models for: minecraft:simple_block_6321#facing=west
[22:17:49] [ForkJoinPool.commonPool-worker-8/WARN] No weighted models for: minecraft:simple_block_6190#facing=north
[22:17:49] [ForkJoinPool.commonPool-worker-7/WARN] Missing model for: minecraft:simple_block_6256#facing=north
[22:17:49] [ForkJoinPool.commonPool-worker-7/WARN] No weighted models for: minecraft:simple_block_6256#facing=north
[22:17:49] [ForkJoinPool.commonPool-worker-5/WARN] Missing model for: minecraft:simple_block_6298#facing=west
[22:17:49] [ForkJoinPool.commonPool-worker-5/WARN] No weighted models for: minecraft:simple_block_6298#facing=west
[22:17:49] [ForkJoinPool.commonPool-worker-6/WARN] Missing model for: minecraft:simple_block_6219#facing=south
[22:17:49] [ForkJoinPool.commonPool-worker-6/WARN] No weighted models for: minecraft:simple_block_6219#facing=south
[22:17:49] [ForkJoinPool.commonPool-worker-6/WARN] Missing model for: minecraft:simple_block_6296#facing=north
[22:17:49] [ForkJoinPool.commonPool-worker-6/WARN] No weighted models for: minecraft:simple_block_6296#facing=north
[22:17:49] [ForkJoinPool.commonPool-worker-6/WARN] Missing model for: minecraft:simple_block_6188#facing=west
[22:17:49] [ForkJoinPool.commonPool-worker-6/WARN] No weighted models for: minecraft:simple_block_6188#facing=west
[22:17:49] [ForkJoinPool.commonPool-worker-6/WARN] Missing model for: minecraft:simple_block_6284#facing=east
[22:17:49] [ForkJoinPool.commonPool-worker-6/WARN] No weighted models for: minecraft:simple_block_6284#facing=east
[22:17:49] [ForkJoinPool.commonPool-worker-3/WARN] Missing model for: minecraft:simple_block_6327#facing=west
[22:17:49] [ForkJoinPool.commonPool-worker-1/WARN] Missing model for: minecraft:simple_block_6291#facing=west
[22:17:49] [ForkJoinPool.commonPool-worker-3/WARN] No weighted models for: minecraft:simple_block_6327#facing=west
[22:17:49] [ForkJoinPool.commonPool-worker-1/WARN] No weighted models for: minecraft:simple_block_6291#facing=west
[22:17:49] [ForkJoinPool.commonPool-worker-3/WARN] Missing model for: minecraft:simple_block_6282#facing=north
[22:17:49] [ForkJoinPool.commonPool-worker-3/WARN] No weighted models for: minecraft:simple_block_6282#facing=north
[22:17:49] [ForkJoinPool.commonPool-worker-8/WARN] Missing model for: minecraft:simple_block_6269#facing=east
[22:17:49] [ForkJoinPool.commonPool-worker-8/WARN] No weighted models for: minecraft:simple_block_6269#facing=east
[22:17:49] [ForkJoinPool.commonPool-worker-8/WARN] Missing model for: minecraft:simple_block_6269#facing=west
[22:17:49] [ForkJoinPool.commonPool-worker-8/WARN] No weighted models for: minecraft:simple_block_6269#facing=west
[22:17:49] [ForkJoinPool.commonPool-worker-1/WARN] Missing model for: minecraft:simple_block_6207#facing=south
[22:17:49] [ForkJoinPool.commonPool-worker-1/WARN] No weighted models for: minecraft:simple_block_6207#facing=south
[22:17:49] [ForkJoinPool.commonPool-worker-8/WARN] Missing model for: minecraft:simple_block_6177#facing=west
[22:17:49] [ForkJoinPool.commonPool-worker-8/WARN] No weighted models for: minecraft:simple_block_6177#facing=west
[22:17:49] [ForkJoinPool.commonPool-worker-8/WARN] Missing model for: minecraft:simple_block_6177#facing=east
[22:17:49] [ForkJoinPool.commonPool-worker-8/WARN] No weighted models for: minecraft:simple_block_6177#facing=east
[22:17:49] [ForkJoinPool.commonPool-worker-7/WARN] Missing model for: minecraft:simple_block_6186#facing=north
[22:17:49] [ForkJoinPool.commonPool-worker-7/WARN] No weighted models for: minecraft:simple_block_6186#facing=north
[22:17:49] [ForkJoinPool.commonPool-worker-6/WARN] Missing model for: minecraft:simple_block_6312#facing=east
[22:17:49] [ForkJoinPool.commonPool-worker-6/WARN] No weighted models for: minecraft:simple_block_6312#facing=east
[22:17:49] [ForkJoinPool.commonPool-worker-6/WARN] Missing model for: minecraft:simple_block_6312#facing=west
[22:17:49] [ForkJoinPool.commonPool-worker-6/WARN] No weighted models for: minecraft:simple_block_6312#facing=west
[22:17:49] [ForkJoinPool.commonPool-worker-8/WARN] Missing model for: minecraft:simple_block_6203#facing=south
[22:17:49] [ForkJoinPool.commonPool-worker-8/WARN] No weighted models for: minecraft:simple_block_6203#facing=south
[22:17:49] [ForkJoinPool.commonPool-worker-5/WARN] Missing model for: minecraft:simple_block_6319#facing=east
[22:17:49] [ForkJoinPool.commonPool-worker-5/WARN] No weighted models for: minecraft:simple_block_6319#facing=east
[22:17:49] [ForkJoinPool.commonPool-worker-6/WARN] Missing model for: minecraft:simple_block_6234#facing=north
[22:17:49] [ForkJoinPool.commonPool-worker-6/WARN] No weighted models for: minecraft:simple_block_6234#facing=north
[22:17:49] [ForkJoinPool.commonPool-worker-7/WARN] Missing model for: minecraft:simple_block_6273#facing=south
[22:17:49] [ForkJoinPool.commonPool-worker-7/WARN] No weighted models for: minecraft:simple_block_6273#facing=south
[22:17:49] [ForkJoinPool.commonPool-worker-3/WARN] Missing model for: minecraft:simple_block_6216#facing=west
[22:17:49] [ForkJoinPool.commonPool-worker-3/WARN] No weighted models for: minecraft:simple_block_6216#facing=west
[22:17:49] [ForkJoinPool.commonPool-worker-5/WARN] Missing model for: minecraft:simple_block_6262#facing=west
[22:17:49] [ForkJoinPool.commonPool-worker-5/WARN] No weighted models for: minecraft:simple_block_6262#facing=west
[22:17:49] [ForkJoinPool.commonPool-worker-6/WARN] Missing model for: minecraft:simple_block_6242#facing=east
[22:17:49] [ForkJoinPool.commonPool-worker-6/WARN] No weighted models for: minecraft:simple_block_6242#facing=east
[22:17:49] [ForkJoinPool.commonPool-worker-5/WARN] Missing model for: minecraft:simple_block_6170#facing=north
[22:17:49] [ForkJoinPool.commonPool-worker-5/WARN] No weighted models for: minecraft:simple_block_6170#facing=north
[22:17:49] [ForkJoinPool.commonPool-worker-3/WARN] Missing model for: minecraft:simple_block_6301#facing=west
[22:17:49] [ForkJoinPool.commonPool-worker-3/WARN] No weighted models for: minecraft:simple_block_6301#facing=west
[22:17:49] [ForkJoinPool.commonPool-worker-7/WARN] Missing model for: minecraft:simple_block_6259#facing=north
[22:17:49] [ForkJoinPool.commonPool-worker-7/WARN] No weighted models for: minecraft:simple_block_6259#facing=north
[22:17:49] [ForkJoinPool.commonPool-worker-7/WARN] Missing model for: minecraft:simple_block_6330#facing=south
[22:17:49] [ForkJoinPool.commonPool-worker-7/WARN] No weighted models for: minecraft:simple_block_6330#facing=south
[22:17:49] [ForkJoinPool.commonPool-worker-1/WARN] Missing model for: minecraft:simple_block_6234#facing=west
[22:17:49] [ForkJoinPool.commonPool-worker-1/WARN] No weighted models for: minecraft:simple_block_6234#facing=west
[22:17:49] [ForkJoinPool.commonPool-worker-5/WARN] Missing model for: minecraft:simple_block_6287#facing=north
[22:17:49] [ForkJoinPool.commonPool-worker-5/WARN] No weighted models for: minecraft:simple_block_6287#facing=north
[22:17:49] [ForkJoinPool.commonPool-worker-7/WARN] Missing model for: minecraft:simple_block_6294#facing=north
[22:17:49] [ForkJoinPool.commonPool-worker-7/WARN] No weighted models for: minecraft:simple_block_6294#facing=north
[22:17:49] [ForkJoinPool.commonPool-worker-1/WARN] Missing model for: minecraft:simple_block_6230#facing=east
[22:17:49] [ForkJoinPool.commonPool-worker-1/WARN] No weighted models for: minecraft:simple_block_6230#facing=east
[22:17:49] [ForkJoinPool.commonPool-worker-6/WARN] Missing model for: minecraft:simple_block_6276#facing=south
[22:17:49] [ForkJoinPool.commonPool-worker-6/WARN] No weighted models for: minecraft:simple_block_6276#facing=south
[22:17:49] [ForkJoinPool.commonPool-worker-8/WARN] Missing model for: minecraft:simple_block_6199#facing=east
[22:17:49] [ForkJoinPool.commonPool-worker-8/WARN] No weighted models for: minecraft:simple_block_6199#facing=east
[22:17:49] [ForkJoinPool.commonPool-worker-7/WARN] Missing model for: minecraft:simple_block_6220#facing=north
[22:17:49] [ForkJoinPool.commonPool-worker-7/WARN] No weighted models for: minecraft:simple_block_6220#facing=north
[22:17:49] [ForkJoinPool.commonPool-worker-1/WARN] Missing model for: minecraft:simple_block_6326#facing=west
[22:17:49] [ForkJoinPool.commonPool-worker-1/WARN] No weighted models for: minecraft:simple_block_6326#facing=west
[22:17:49] [ForkJoinPool.commonPool-worker-7/WARN] Missing model for: minecraft:simple_block_6225#facing=south
[22:17:49] [ForkJoinPool.commonPool-worker-7/WARN] No weighted models for: minecraft:simple_block_6225#facing=south
[22:17:49] [ForkJoinPool.commonPool-worker-7/WARN] Missing model for: minecraft:simple_block_6329#facing=north
[22:17:49] [ForkJoinPool.commonPool-worker-7/WARN] No weighted models for: minecraft:simple_block_6329#facing=north
[22:17:49] [ForkJoinPool.commonPool-worker-1/WARN] Missing model for: minecraft:simple_block_6172#facing=north
[22:17:49] [ForkJoinPool.commonPool-worker-1/WARN] No weighted models for: minecraft:simple_block_6172#facing=north
[22:17:49] [ForkJoinPool.commonPool-worker-8/WARN] Missing model for: minecraft:simple_block_6247#facing=west
[22:17:49] [ForkJoinPool.commonPool-worker-8/WARN] No weighted models for: minecraft:simple_block_6247#facing=west
[22:17:49] [ForkJoinPool.commonPool-worker-7/WARN] Missing model for: minecraft:simple_block_6212#facing=south
[22:17:49] [ForkJoinPool.commonPool-worker-7/WARN] No weighted models for: minecraft:simple_block_6212#facing=south
[22:17:49] [ForkJoinPool.commonPool-worker-3/WARN] Missing model for: minecraft:simple_block_6191#facing=south
[22:17:49] [ForkJoinPool.commonPool-worker-3/WARN] No weighted models for: minecraft:simple_block_6191#facing=south
[22:17:49] [ForkJoinPool.commonPool-worker-7/WARN] Missing model for: minecraft:simple_block_6317#facing=east
[22:17:49] [ForkJoinPool.commonPool-worker-7/WARN] No weighted models for: minecraft:simple_block_6317#facing=east
[22:17:49] [ForkJoinPool.commonPool-worker-3/WARN] Missing model for: minecraft:simple_block_6314#facing=west
[22:17:49] [ForkJoinPool.commonPool-worker-3/WARN] No weighted models for: minecraft:simple_block_6314#facing=west
[22:17:49] [ForkJoinPool.commonPool-worker-5/WARN] Missing model for: minecraft:simple_block_6243#facing=north
[22:17:49] [ForkJoinPool.commonPool-worker-7/WARN] Missing model for: minecraft:simple_block_6278#facing=west
[22:17:49] [ForkJoinPool.commonPool-worker-7/WARN] No weighted models for: minecraft:simple_block_6278#facing=west
[22:17:49] [ForkJoinPool.commonPool-worker-5/WARN] No weighted models for: minecraft:simple_block_6243#facing=north
[22:17:49] [ForkJoinPool.commonPool-worker-3/WARN] Missing model for: minecraft:simple_block_6295#facing=north
[22:17:49] [ForkJoinPool.commonPool-worker-3/WARN] No weighted models for: minecraft:simple_block_6295#facing=north
[22:17:49] [ForkJoinPool.commonPool-worker-3/WARN] Missing model for: minecraft:simple_block_6235#facing=east
[22:17:49] [ForkJoinPool.commonPool-worker-3/WARN] No weighted models for: minecraft:simple_block_6235#facing=east
[22:17:49] [ForkJoinPool.commonPool-worker-7/WARN] Missing model for: minecraft:simple_block_6172#facing=south
[22:17:49] [ForkJoinPool.commonPool-worker-7/WARN] No weighted models for: minecraft:simple_block_6172#facing=south
[22:17:49] [ForkJoinPool.commonPool-worker-5/WARN] Missing model for: minecraft:simple_block_6179#facing=east
[22:17:49] [ForkJoinPool.commonPool-worker-5/WARN] No weighted models for: minecraft:simple_block_6179#facing=east
[22:17:49] [ForkJoinPool.commonPool-worker-5/WARN] Missing model for: minecraft:simple_block_6279#facing=north
[22:17:49] [ForkJoinPool.commonPool-worker-5/WARN] No weighted models for: minecraft:simple_block_6279#facing=north
[22:17:49] [ForkJoinPool.commonPool-worker-6/WARN] Missing model for: minecraft:simple_block_6211#facing=east
[22:17:49] [ForkJoinPool.commonPool-worker-6/WARN] No weighted models for: minecraft:simple_block_6211#facing=east
[22:17:49] [ForkJoinPool.commonPool-worker-1/WARN] Missing model for: minecraft:simple_block_6163#facing=south
[22:17:49] [ForkJoinPool.commonPool-worker-1/WARN] No weighted models for: minecraft:simple_block_6163#facing=south
[22:17:49] [ForkJoinPool.commonPool-worker-8/WARN] Missing model for: minecraft:simple_block_6158#facing=north
[22:17:49] [ForkJoinPool.commonPool-worker-8/WARN] No weighted models for: minecraft:simple_block_6158#facing=north
[22:17:49] [ForkJoinPool.commonPool-worker-8/WARN] Missing model for: minecraft:simple_block_6228#facing=north
[22:17:49] [ForkJoinPool.commonPool-worker-8/WARN] No weighted models for: minecraft:simple_block_6228#facing=north
[22:17:49] [ForkJoinPool.commonPool-worker-7/WARN] Missing model for: minecraft:simple_block_6189#facing=north
[22:17:49] [ForkJoinPool.commonPool-worker-7/WARN] No weighted models for: minecraft:simple_block_6189#facing=north
[22:17:49] [ForkJoinPool.commonPool-worker-5/WARN] Missing model for: minecraft:simple_block_6293#facing=west
[22:17:49] [ForkJoinPool.commonPool-worker-6/WARN] Missing model for: minecraft:simple_block_6211#facing=west
[22:17:49] [ForkJoinPool.commonPool-worker-6/WARN] No weighted models for: minecraft:simple_block_6211#facing=west
[22:17:49] [ForkJoinPool.commonPool-worker-5/WARN] No weighted models for: minecraft:simple_block_6293#facing=west
[22:17:49] [ForkJoinPool.commonPool-worker-5/WARN] Missing model for: minecraft:simple_block_6296#facing=south
[22:17:49] [ForkJoinPool.commonPool-worker-5/WARN] No weighted models for: minecraft:simple_block_6296#facing=south
[22:17:49] [ForkJoinPool.commonPool-worker-5/WARN] Missing model for: minecraft:simple_block_6274#facing=north
[22:17:49] [ForkJoinPool.commonPool-worker-5/WARN] No weighted models for: minecraft:simple_block_6274#facing=north
[22:17:49] [ForkJoinPool.commonPool-worker-3/WARN] Missing model for: minecraft:simple_block_6222#facing=east
[22:17:49] [ForkJoinPool.commonPool-worker-3/WARN] No weighted models for: minecraft:simple_block_6222#facing=east
[22:17:49] [ForkJoinPool.commonPool-worker-8/WARN] Missing model for: minecraft:simple_block_6247#facing=east
[22:17:49] [ForkJoinPool.commonPool-worker-8/WARN] No weighted models for: minecraft:simple_block_6247#facing=east
[22:17:49] [ForkJoinPool.commonPool-worker-8/WARN] Missing model for: minecraft:simple_block_6295#facing=west
[22:17:49] [ForkJoinPool.commonPool-worker-8/WARN] No weighted models for: minecraft:simple_block_6295#facing=west
[22:17:49] [ForkJoinPool.commonPool-worker-1/WARN] Missing model for: minecraft:simple_block_6251#facing=north
[22:17:49] [ForkJoinPool.commonPool-worker-1/WARN] No weighted models for: minecraft:simple_block_6251#facing=north
[22:17:49] [ForkJoinPool.commonPool-worker-5/WARN] Missing model for: minecraft:simple_block_6205#facing=south
[22:17:49] [ForkJoinPool.commonPool-worker-5/WARN] No weighted models for: minecraft:simple_block_6205#facing=south
[22:17:49] [ForkJoinPool.commonPool-worker-5/WARN] Missing model for: minecraft:simple_block_6310#facing=north
[22:17:49] [ForkJoinPool.commonPool-worker-5/WARN] No weighted models for: minecraft:simple_block_6310#facing=north
[22:17:49] [ForkJoinPool.commonPool-worker-5/WARN] Missing model for: minecraft:simple_block_6202#facing=west
[22:17:49] [ForkJoinPool.commonPool-worker-5/WARN] No weighted models for: minecraft:simple_block_6202#facing=west
[22:17:49] [ForkJoinPool.commonPool-worker-3/WARN] Missing model for: minecraft:simple_block_6209#facing=west
[22:17:49] [ForkJoinPool.commonPool-worker-3/WARN] No weighted models for: minecraft:simple_block_6209#facing=west
[22:17:49] [ForkJoinPool.commonPool-worker-3/WARN] Missing model for: minecraft:simple_block_6275#facing=north
[22:17:49] [ForkJoinPool.commonPool-worker-3/WARN] No weighted models for: minecraft:simple_block_6275#facing=north
[22:17:49] [ForkJoinPool.commonPool-worker-1/WARN] Missing model for: minecraft:simple_block_6303#facing=south
[22:17:49] [ForkJoinPool.commonPool-worker-1/WARN] No weighted models for: minecraft:simple_block_6303#facing=south
[22:17:49] [ForkJoinPool.commonPool-worker-6/WARN] Missing model for: minecraft:simple_block_6242#facing=west
[22:17:49] [ForkJoinPool.commonPool-worker-6/WARN] No weighted models for: minecraft:simple_block_6242#facing=west
[22:17:49] [ForkJoinPool.commonPool-worker-8/WARN] Missing model for: minecraft:simple_block_6219#facing=north
[22:17:49] [ForkJoinPool.commonPool-worker-8/WARN] No weighted models for: minecraft:simple_block_6219#facing=north
[22:17:49] [ForkJoinPool.commonPool-worker-5/WARN] Missing model for: minecraft:simple_block_6163#facing=east
[22:17:49] [ForkJoinPool.commonPool-worker-5/WARN] No weighted models for: minecraft:simple_block_6163#facing=east
[22:17:49] [ForkJoinPool.commonPool-worker-1/WARN] Missing model for: minecraft:simple_block_6273#facing=north
[22:17:49] [ForkJoinPool.commonPool-worker-1/WARN] No weighted models for: minecraft:simple_block_6273#facing=north
[22:17:49] [ForkJoinPool.commonPool-worker-6/WARN] Missing model for: minecraft:simple_block_6323#facing=west
[22:17:49] [ForkJoinPool.commonPool-worker-6/WARN] No weighted models for: minecraft:simple_block_6323#facing=west
[22:17:49] [ForkJoinPool.commonPool-worker-3/WARN] Missing model for: minecraft:simple_block_6330#facing=east
[22:17:49] [ForkJoinPool.commonPool-worker-3/WARN] No weighted models for: minecraft:simple_block_6330#facing=east
[22:17:49] [ForkJoinPool.commonPool-worker-5/WARN] Missing model for: minecraft:simple_block_6244#facing=east
[22:17:49] [ForkJoinPool.commonPool-worker-5/WARN] No weighted models for: minecraft:simple_block_6244#facing=east
[22:17:49] [ForkJoinPool.commonPool-worker-1/WARN] Missing model for: minecraft:simple_block_6198#facing=north
[22:17:49] [ForkJoinPool.commonPool-worker-1/WARN] No weighted models for: minecraft:simple_block_6198#facing=north
[22:17:49] [ForkJoinPool.commonPool-worker-8/WARN] Missing model for: minecraft:simple_block_6164#facing=south
[22:17:49] [ForkJoinPool.commonPool-worker-8/WARN] No weighted models for: minecraft:simple_block_6164#facing=south
[22:17:49] [ForkJoinPool.commonPool-worker-7/WARN] Missing model for: minecraft:simple_block_6216#facing=east
[22:17:49] [ForkJoinPool.commonPool-worker-7/WARN] No weighted models for: minecraft:simple_block_6216#facing=east
[22:17:49] [ForkJoinPool.commonPool-worker-7/WARN] Missing model for: minecraft:simple_block_6194#facing=east
[22:17:49] [ForkJoinPool.commonPool-worker-7/WARN] No weighted models for: minecraft:simple_block_6194#facing=east
[22:17:49] [ForkJoinPool.commonPool-worker-8/WARN] Missing model for: minecraft:simple_block_6220#facing=south
[22:17:49] [ForkJoinPool.commonPool-worker-8/WARN] No weighted models for: minecraft:simple_block_6220#facing=south
[22:17:49] [ForkJoinPool.commonPool-worker-1/WARN] Missing model for: minecraft:simple_block_6208#facing=west
[22:17:49] [ForkJoinPool.commonPool-worker-1/WARN] No weighted models for: minecraft:simple_block_6208#facing=west
[22:17:49] [ForkJoinPool.commonPool-worker-1/WARN] Missing model for: minecraft:simple_block_6160#facing=west
[22:17:49] [ForkJoinPool.commonPool-worker-1/WARN] No weighted models for: minecraft:simple_block_6160#facing=west
[22:17:49] [ForkJoinPool.commonPool-worker-6/WARN] Missing model for: minecraft:simple_block_6164#facing=north
[22:17:49] [ForkJoinPool.commonPool-worker-6/WARN] No weighted models for: minecraft:simple_block_6164#facing=north
[22:17:49] [ForkJoinPool.commonPool-worker-1/WARN] Missing model for: minecraft:simple_block_6190#facing=west
[22:17:49] [ForkJoinPool.commonPool-worker-1/WARN] No weighted models for: minecraft:simple_block_6190#facing=west
[22:17:49] [ForkJoinPool.commonPool-worker-7/WARN] Missing model for: minecraft:simple_block_6225#facing=west
[22:17:49] [ForkJoinPool.commonPool-worker-7/WARN] No weighted models for: minecraft:simple_block_6225#facing=west
[22:17:49] [ForkJoinPool.commonPool-worker-7/WARN] Missing model for: minecraft:simple_block_6226#facing=north
[22:17:49] [ForkJoinPool.commonPool-worker-7/WARN] No weighted models for: minecraft:simple_block_6226#facing=north
[22:17:49] [ForkJoinPool.commonPool-worker-1/WARN] Missing model for: minecraft:simple_block_6162#facing=north
[22:17:49] [ForkJoinPool.commonPool-worker-1/WARN] No weighted models for: minecraft:simple_block_6162#facing=north
[22:17:49] [ForkJoinPool.commonPool-worker-3/WARN] Missing model for: minecraft:simple_block_6262#facing=north
[22:17:49] [ForkJoinPool.commonPool-worker-7/WARN] Missing model for: minecraft:simple_block_6253#facing=south
[22:17:49] [ForkJoinPool.commonPool-worker-3/WARN] No weighted models for: minecraft:simple_block_6262#facing=north
[22:17:49] [ForkJoinPool.commonPool-worker-5/WARN] Missing model for: minecraft:simple_block_6231#facing=east
[22:17:49] [ForkJoinPool.commonPool-worker-5/WARN] No weighted models for: minecraft:simple_block_6231#facing=east
[22:17:49] [ForkJoinPool.commonPool-worker-6/WARN] Missing model for: minecraft:simple_block_6203#facing=north
[22:17:49] [ForkJoinPool.commonPool-worker-6/WARN] No weighted models for: minecraft:simple_block_6203#facing=north
[22:17:49] [ForkJoinPool.commonPool-worker-8/WARN] Missing model for: minecraft:simple_block_6200#facing=east
[22:17:49] [ForkJoinPool.commonPool-worker-8/WARN] No weighted models for: minecraft:simple_block_6200#facing=east
[22:17:49] [ForkJoinPool.commonPool-worker-7/WARN] No weighted models for: minecraft:simple_block_6253#facing=south
[22:17:49] [ForkJoinPool.commonPool-worker-3/WARN] Missing model for: minecraft:simple_block_6298#facing=north
[22:17:49] [ForkJoinPool.commonPool-worker-3/WARN] No weighted models for: minecraft:simple_block_6298#facing=north
[22:17:49] [ForkJoinPool.commonPool-worker-3/WARN] Missing model for: minecraft:simple_block_6314#facing=south
[22:17:49] [ForkJoinPool.commonPool-worker-3/WARN] No weighted models for: minecraft:simple_block_6314#facing=south
[22:17:49] [ForkJoinPool.commonPool-worker-7/WARN] Missing model for: minecraft:simple_block_6276#facing=west
[22:17:49] [ForkJoinPool.commonPool-worker-7/WARN] No weighted models for: minecraft:simple_block_6276#facing=west
[22:17:49] [ForkJoinPool.commonPool-worker-8/WARN] Missing model for: minecraft:simple_block_6291#facing=south
[22:17:49] [ForkJoinPool.commonPool-worker-8/WARN] No weighted models for: minecraft:simple_block_6291#facing=south
[22:17:49] [ForkJoinPool.commonPool-worker-5/WARN] Missing model for: minecraft:simple_block_6326#facing=north
[22:17:49] [ForkJoinPool.commonPool-worker-5/WARN] No weighted models for: minecraft:simple_block_6326#facing=north
[22:17:49] [ForkJoinPool.commonPool-worker-5/WARN] Missing model for: minecraft:simple_block_6158#facing=south
[22:17:49] [ForkJoinPool.commonPool-worker-5/WARN] No weighted models for: minecraft:simple_block_6158#facing=south
[22:17:49] [ForkJoinPool.commonPool-worker-1/WARN] Missing model for: minecraft:simple_block_6199#facing=south
[22:17:49] [ForkJoinPool.commonPool-worker-1/WARN] No weighted models for: minecraft:simple_block_6199#facing=south
[22:17:49] [ForkJoinPool.commonPool-worker-8/WARN] Missing model for: minecraft:simple_block_6184#facing=north
[22:17:49] [ForkJoinPool.commonPool-worker-8/WARN] No weighted models for: minecraft:simple_block_6184#facing=north
[22:17:49] [ForkJoinPool.commonPool-worker-8/WARN] Missing model for: minecraft:simple_block_6207#facing=west
[22:17:49] [ForkJoinPool.commonPool-worker-8/WARN] No weighted models for: minecraft:simple_block_6207#facing=west
[22:17:49] [ForkJoinPool.commonPool-worker-5/WARN] Missing model for: minecraft:simple_block_6321#facing=east
[22:17:49] [ForkJoinPool.commonPool-worker-5/WARN] No weighted models for: minecraft:simple_block_6321#facing=east
[22:17:49] [ForkJoinPool.commonPool-worker-5/WARN] Missing model for: minecraft:simple_block_6161#facing=east
[22:17:49] [ForkJoinPool.commonPool-worker-5/WARN] No weighted models for: minecraft:simple_block_6161#facing=east
[22:17:49] [ForkJoinPool.commonPool-worker-7/WARN] Missing model for: minecraft:simple_block_6161#facing=north
[22:17:49] [ForkJoinPool.commonPool-worker-7/WARN] No weighted models for: minecraft:simple_block_6161#facing=north
[22:17:49] [ForkJoinPool.commonPool-worker-7/WARN] Missing model for: minecraft:simple_block_6250#facing=west
[22:17:49] [ForkJoinPool.commonPool-worker-7/WARN] No weighted models for: minecraft:simple_block_6250#facing=west
[22:17:49] [ForkJoinPool.commonPool-worker-3/WARN] Missing model for: minecraft:simple_block_6285#facing=north
[22:17:49] [ForkJoinPool.commonPool-worker-3/WARN] No weighted models for: minecraft:simple_block_6285#facing=north
[22:17:49] [ForkJoinPool.commonPool-worker-7/WARN] Missing model for: minecraft:simple_block_6200#facing=north
[22:17:49] [ForkJoinPool.commonPool-worker-7/WARN] No weighted models for: minecraft:simple_block_6200#facing=north
[22:17:49] [ForkJoinPool.commonPool-worker-3/WARN] Missing model for: minecraft:simple_block_6304#facing=west
[22:17:49] [ForkJoinPool.commonPool-worker-3/WARN] No weighted models for: minecraft:simple_block_6304#facing=west
[22:17:49] [ForkJoinPool.commonPool-worker-3/WARN] Missing model for: minecraft:simple_block_6317#facing=west
[22:17:49] [ForkJoinPool.commonPool-worker-3/WARN] No weighted models for: minecraft:simple_block_6317#facing=west
[22:17:49] [ForkJoinPool.commonPool-worker-8/WARN] Missing model for: minecraft:simple_block_6282#facing=south
[22:17:49] [ForkJoinPool.commonPool-worker-8/WARN] No weighted models for: minecraft:simple_block_6282#facing=south
[22:17:49] [ForkJoinPool.commonPool-worker-3/WARN] Missing model for: minecraft:simple_block_6272#facing=north
[22:17:49] [ForkJoinPool.commonPool-worker-3/WARN] No weighted models for: minecraft:simple_block_6272#facing=north
[22:17:49] [ForkJoinPool.commonPool-worker-5/WARN] Missing model for: minecraft:simple_block_6265#facing=south
[22:17:49] [ForkJoinPool.commonPool-worker-5/WARN] No weighted models for: minecraft:simple_block_6265#facing=south
[22:17:49] [ForkJoinPool.commonPool-worker-6/WARN] Missing model for: minecraft:simple_block_6258#facing=west
[22:17:49] [ForkJoinPool.commonPool-worker-6/WARN] No weighted models for: minecraft:simple_block_6258#facing=west
[22:17:49] [ForkJoinPool.commonPool-worker-3/WARN] Missing model for: minecraft:simple_block_6225#facing=east
[22:17:49] [ForkJoinPool.commonPool-worker-3/WARN] No weighted models for: minecraft:simple_block_6225#facing=east
[22:17:49] [ForkJoinPool.commonPool-worker-6/WARN] Missing model for: minecraft:simple_block_6188#facing=east
[22:17:49] [ForkJoinPool.commonPool-worker-6/WARN] No weighted models for: minecraft:simple_block_6188#facing=east
[22:17:49] [ForkJoinPool.commonPool-worker-3/WARN] Missing model for: minecraft:simple_block_6242#facing=north
[22:17:49] [ForkJoinPool.commonPool-worker-3/WARN] No weighted models for: minecraft:simple_block_6242#facing=north
[22:17:49] [ForkJoinPool.commonPool-worker-3/WARN] Missing model for: minecraft:simple_block_6304#facing=south
[22:17:49] [ForkJoinPool.commonPool-worker-3/WARN] No weighted models for: minecraft:simple_block_6304#facing=south
[22:17:49] [ForkJoinPool.commonPool-worker-6/WARN] Missing model for: minecraft:simple_block_6214#facing=south
[22:17:49] [ForkJoinPool.commonPool-worker-6/WARN] No weighted models for: minecraft:simple_block_6214#facing=south
[22:17:49] [ForkJoinPool.commonPool-worker-6/WARN] Missing model for: minecraft:simple_block_6169#facing=north
[22:17:49] [ForkJoinPool.commonPool-worker-6/WARN] No weighted models for: minecraft:simple_block_6169#facing=north
[22:17:49] [ForkJoinPool.commonPool-worker-1/WARN] Missing model for: minecraft:simple_block_6193#facing=south
[22:17:49] [ForkJoinPool.commonPool-worker-1/WARN] No weighted models for: minecraft:simple_block_6193#facing=south
[22:17:49] [ForkJoinPool.commonPool-worker-7/WARN] Missing model for: minecraft:simple_block_6180#facing=east
[22:17:49] [ForkJoinPool.commonPool-worker-7/WARN] No weighted models for: minecraft:simple_block_6180#facing=east
[22:17:49] [ForkJoinPool.commonPool-worker-7/WARN] Missing model for: minecraft:simple_block_6245#facing=west
[22:17:49] [ForkJoinPool.commonPool-worker-7/WARN] No weighted models for: minecraft:simple_block_6245#facing=west
[22:17:49] [ForkJoinPool.commonPool-worker-1/WARN] Missing model for: minecraft:simple_block_6155#facing=north
[22:17:49] [ForkJoinPool.commonPool-worker-1/WARN] No weighted models for: minecraft:simple_block_6155#facing=north
[22:17:49] [ForkJoinPool.commonPool-worker-1/WARN] Missing model for: minecraft:simple_block_6220#facing=east
[22:17:49] [ForkJoinPool.commonPool-worker-1/WARN] No weighted models for: minecraft:simple_block_6220#facing=east
[22:17:49] [ForkJoinPool.commonPool-worker-7/WARN] Missing model for: minecraft:simple_block_6288#facing=north
[22:17:49] [ForkJoinPool.commonPool-worker-7/WARN] No weighted models for: minecraft:simple_block_6288#facing=north
[22:17:49] [ForkJoinPool.commonPool-worker-7/WARN] Missing model for: minecraft:simple_block_6252#facing=north
[22:17:49] [ForkJoinPool.commonPool-worker-7/WARN] No weighted models for: minecraft:simple_block_6252#facing=north
[22:17:49] [ForkJoinPool.commonPool-worker-6/WARN] Missing model for: minecraft:simple_block_6170#facing=south
[22:17:49] [ForkJoinPool.commonPool-worker-6/WARN] No weighted models for: minecraft:simple_block_6170#facing=south
[22:17:49] [ForkJoinPool.commonPool-worker-5/WARN] Missing model for: minecraft:simple_block_6213#facing=east
[22:17:49] [ForkJoinPool.commonPool-worker-5/WARN] No weighted models for: minecraft:simple_block_6213#facing=east
[22:17:49] [ForkJoinPool.commonPool-worker-5/WARN] Missing model for: minecraft:simple_block_6278#facing=south
[22:17:49] [ForkJoinPool.commonPool-worker-5/WARN] No weighted models for: minecraft:simple_block_6278#facing=south
[22:17:49] [ForkJoinPool.commonPool-worker-5/WARN] Missing model for: minecraft:simple_block_6270#facing=west
[22:17:49] [ForkJoinPool.commonPool-worker-5/WARN] No weighted models for: minecraft:simple_block_6270#facing=west
[22:17:49] [ForkJoinPool.commonPool-worker-7/WARN] Missing model for: minecraft:simple_block_6258#facing=south
[22:17:49] [ForkJoinPool.commonPool-worker-5/WARN] Missing model for: minecraft:simple_block_6174#facing=east
[22:17:49] [ForkJoinPool.commonPool-worker-5/WARN] No weighted models for: minecraft:simple_block_6174#facing=east
[22:17:49] [ForkJoinPool.commonPool-worker-7/WARN] No weighted models for: minecraft:simple_block_6258#facing=south
[22:17:49] [ForkJoinPool.commonPool-worker-5/WARN] Missing model for: minecraft:simple_block_6195#facing=south
[22:17:49] [ForkJoinPool.commonPool-worker-5/WARN] No weighted models for: minecraft:simple_block_6195#facing=south
[22:17:49] [ForkJoinPool.commonPool-worker-7/WARN] Missing model for: minecraft:simple_block_6178#facing=south
[22:17:49] [ForkJoinPool.commonPool-worker-7/WARN] No weighted models for: minecraft:simple_block_6178#facing=south
[22:17:49] [ForkJoinPool.commonPool-worker-1/WARN] Missing model for: minecraft:simple_block_6217#facing=south
[22:17:49] [ForkJoinPool.commonPool-worker-1/WARN] No weighted models for: minecraft:simple_block_6217#facing=south
[22:17:49] [ForkJoinPool.commonPool-worker-7/WARN] Missing model for: minecraft:simple_block_6297#facing=east
[22:17:49] [ForkJoinPool.commonPool-worker-7/WARN] No weighted models for: minecraft:simple_block_6297#facing=east
[22:17:49] [ForkJoinPool.commonPool-worker-6/WARN] Missing model for: minecraft:simple_block_6328#facing=west
[22:17:49] [ForkJoinPool.commonPool-worker-6/WARN] No weighted models for: minecraft:simple_block_6328#facing=west
[22:17:49] [ForkJoinPool.commonPool-worker-8/WARN] Missing model for: minecraft:simple_block_6260#facing=north
[22:17:49] [ForkJoinPool.commonPool-worker-8/WARN] No weighted models for: minecraft:simple_block_6260#facing=north
[22:17:49] [ForkJoinPool.commonPool-worker-8/WARN] Missing model for: minecraft:simple_block_6207#facing=east
[22:17:49] [ForkJoinPool.commonPool-worker-8/WARN] No weighted models for: minecraft:simple_block_6207#facing=east
[22:17:49] [ForkJoinPool.commonPool-worker-1/WARN] Missing model for: minecraft:simple_block_6246#facing=east
[22:17:49] [ForkJoinPool.commonPool-worker-1/WARN] No weighted models for: minecraft:simple_block_6246#facing=east
[22:17:49] [ForkJoinPool.commonPool-worker-7/WARN] Missing model for: minecraft:simple_block_6205#facing=north
[22:17:49] [ForkJoinPool.commonPool-worker-7/WARN] No weighted models for: minecraft:simple_block_6205#facing=north
[22:17:49] [ForkJoinPool.commonPool-worker-7/WARN] Missing model for: minecraft:simple_block_6279#facing=south
[22:17:49] [ForkJoinPool.commonPool-worker-7/WARN] No weighted models for: minecraft:simple_block_6279#facing=south
[22:17:49] [ForkJoinPool.commonPool-worker-7/WARN] Missing model for: minecraft:simple_block_6271#facing=east
[22:17:49] [ForkJoinPool.commonPool-worker-7/WARN] No weighted models for: minecraft:simple_block_6271#facing=east
[22:17:49] [ForkJoinPool.commonPool-worker-3/WARN] Missing model for: minecraft:simple_block_6229#facing=west
[22:17:49] [ForkJoinPool.commonPool-worker-3/WARN] No weighted models for: minecraft:simple_block_6229#facing=west
[22:17:49] [ForkJoinPool.commonPool-worker-6/WARN] Missing model for: minecraft:simple_block_6289#facing=east
[22:17:49] [ForkJoinPool.commonPool-worker-6/WARN] No weighted models for: minecraft:simple_block_6289#facing=east
[22:17:49] [ForkJoinPool.commonPool-worker-6/WARN] Missing model for: minecraft:simple_block_6289#facing=west
[22:17:49] [ForkJoinPool.commonPool-worker-6/WARN] No weighted models for: minecraft:simple_block_6289#facing=west
[22:17:49] [ForkJoinPool.commonPool-worker-5/WARN] Missing model for: minecraft:simple_block_6276#facing=north
[22:17:49] [ForkJoinPool.commonPool-worker-5/WARN] No weighted models for: minecraft:simple_block_6276#facing=north
[22:17:49] [ForkJoinPool.commonPool-worker-7/WARN] Missing model for: minecraft:simple_block_6222#facing=south
[22:17:49] [ForkJoinPool.commonPool-worker-7/WARN] No weighted models for: minecraft:simple_block_6222#facing=south
[22:17:49] [ForkJoinPool.commonPool-worker-7/WARN] Missing model for: minecraft:simple_block_6240#facing=west
[22:17:49] [ForkJoinPool.commonPool-worker-7/WARN] No weighted models for: minecraft:simple_block_6240#facing=west
[22:17:49] [ForkJoinPool.commonPool-worker-6/WARN] Missing model for: minecraft:simple_block_6328#facing=east
[22:17:49] [ForkJoinPool.commonPool-worker-6/WARN] No weighted models for: minecraft:simple_block_6328#facing=east
[22:17:49] [ForkJoinPool.commonPool-worker-6/WARN] Missing model for: minecraft:simple_block_6239#facing=north
[22:17:49] [ForkJoinPool.commonPool-worker-6/WARN] No weighted models for: minecraft:simple_block_6239#facing=north
[22:17:49] [ForkJoinPool.commonPool-worker-5/WARN] Missing model for: minecraft:simple_block_6192#facing=west
[22:17:49] [ForkJoinPool.commonPool-worker-5/WARN] No weighted models for: minecraft:simple_block_6192#facing=west
[22:17:49] [ForkJoinPool.commonPool-worker-6/WARN] Missing model for: minecraft:simple_block_6315#facing=south
[22:17:49] [ForkJoinPool.commonPool-worker-6/WARN] No weighted models for: minecraft:simple_block_6315#facing=south
[22:17:49] [ForkJoinPool.commonPool-worker-3/WARN] Missing model for: minecraft:simple_block_6203#facing=west
[22:17:49] [ForkJoinPool.commonPool-worker-3/WARN] No weighted models for: minecraft:simple_block_6203#facing=west
[22:17:49] [ForkJoinPool.commonPool-worker-3/WARN] Missing model for: minecraft:simple_block_6181#facing=west
[22:17:49] [ForkJoinPool.commonPool-worker-3/WARN] No weighted models for: minecraft:simple_block_6181#facing=west
[22:17:49] [ForkJoinPool.commonPool-worker-5/WARN] Missing model for: minecraft:simple_block_6240#facing=north
[22:17:49] [ForkJoinPool.commonPool-worker-3/WARN] Missing model for: minecraft:simple_block_6238#facing=east
[22:17:49] [ForkJoinPool.commonPool-worker-3/WARN] No weighted models for: minecraft:simple_block_6238#facing=east
[22:17:49] [ForkJoinPool.commonPool-worker-5/WARN] No weighted models for: minecraft:simple_block_6240#facing=north
[22:17:49] [ForkJoinPool.commonPool-worker-7/WARN] Missing model for: minecraft:simple_block_6320#facing=east
[22:17:49] [ForkJoinPool.commonPool-worker-7/WARN] No weighted models for: minecraft:simple_block_6320#facing=east
[22:17:49] [ForkJoinPool.commonPool-worker-5/WARN] Missing model for: minecraft:simple_block_6263#facing=north
[22:17:49] [ForkJoinPool.commonPool-worker-5/WARN] No weighted models for: minecraft:simple_block_6263#facing=north
[22:17:49] [ForkJoinPool.commonPool-worker-1/WARN] Missing model for: minecraft:simple_block_6329#facing=south
[22:17:49] [ForkJoinPool.commonPool-worker-1/WARN] No weighted models for: minecraft:simple_block_6329#facing=south
[22:17:49] [ForkJoinPool.commonPool-worker-1/WARN] Missing model for: minecraft:simple_block_6173#facing=south
[22:17:49] [ForkJoinPool.commonPool-worker-1/WARN] No weighted models for: minecraft:simple_block_6173#facing=south
[22:17:49] [ForkJoinPool.commonPool-worker-3/WARN] Missing model for: minecraft:simple_block_6191#facing=west
[22:17:49] [ForkJoinPool.commonPool-worker-3/WARN] No weighted models for: minecraft:simple_block_6191#facing=west
[22:17:49] [ForkJoinPool.commonPool-worker-3/WARN] Missing model for: minecraft:simple_block_6239#facing=west
[22:17:49] [ForkJoinPool.commonPool-worker-3/WARN] No weighted models for: minecraft:simple_block_6239#facing=west
[22:17:49] [ForkJoinPool.commonPool-worker-5/WARN] Missing model for: minecraft:simple_block_6275#facing=west
[22:17:49] [ForkJoinPool.commonPool-worker-5/WARN] No weighted models for: minecraft:simple_block_6275#facing=west
[22:17:49] [ForkJoinPool.commonPool-worker-6/WARN] Missing model for: minecraft:simple_block_6245#facing=south
[22:17:49] [ForkJoinPool.commonPool-worker-6/WARN] No weighted models for: minecraft:simple_block_6245#facing=south
[22:17:49] [ForkJoinPool.commonPool-worker-5/WARN] Missing model for: minecraft:simple_block_6218#facing=west
[22:17:49] [ForkJoinPool.commonPool-worker-5/WARN] No weighted models for: minecraft:simple_block_6218#facing=west
[22:17:49] [ForkJoinPool.commonPool-worker-7/WARN] Missing model for: minecraft:simple_block_6306#facing=north
[22:17:49] [ForkJoinPool.commonPool-worker-7/WARN] No weighted models for: minecraft:simple_block_6306#facing=north
[22:17:49] [ForkJoinPool.commonPool-worker-7/WARN] Missing model for: minecraft:simple_block_6248#facing=south
[22:17:49] [ForkJoinPool.commonPool-worker-7/WARN] No weighted models for: minecraft:simple_block_6248#facing=south
[22:17:49] [ForkJoinPool.commonPool-worker-6/WARN] Missing model for: minecraft:simple_block_6309#facing=north
[22:17:49] [ForkJoinPool.commonPool-worker-6/WARN] No weighted models for: minecraft:simple_block_6309#facing=north
[22:17:49] [ForkJoinPool.commonPool-worker-6/WARN] Missing model for: minecraft:simple_block_6258#facing=east
[22:17:49] [ForkJoinPool.commonPool-worker-6/WARN] No weighted models for: minecraft:simple_block_6258#facing=east
[22:17:49] [ForkJoinPool.commonPool-worker-7/WARN] Missing model for: minecraft:simple_block_6308#facing=west
[22:17:49] [ForkJoinPool.commonPool-worker-7/WARN] No weighted models for: minecraft:simple_block_6308#facing=west
[22:17:49] [ForkJoinPool.commonPool-worker-3/WARN] Missing model for: minecraft:simple_block_6194#facing=west
[22:17:49] [ForkJoinPool.commonPool-worker-3/WARN] No weighted models for: minecraft:simple_block_6194#facing=west
[22:17:49] [ForkJoinPool.commonPool-worker-7/WARN] Missing model for: minecraft:simple_block_6159#facing=east
[22:17:49] [ForkJoinPool.commonPool-worker-7/WARN] No weighted models for: minecraft:simple_block_6159#facing=east
[22:17:49] [ForkJoinPool.commonPool-worker-3/WARN] Missing model for: minecraft:simple_block_6236#facing=west
[22:17:49] [ForkJoinPool.commonPool-worker-3/WARN] No weighted models for: minecraft:simple_block_6236#facing=west
[22:17:49] [ForkJoinPool.commonPool-worker-3/WARN] Missing model for: minecraft:simple_block_6321#facing=south
[22:17:49] [ForkJoinPool.commonPool-worker-3/WARN] No weighted models for: minecraft:simple_block_6321#facing=south
[22:17:49] [ForkJoinPool.commonPool-worker-8/WARN] Missing model for: minecraft:simple_block_6324#facing=north
[22:17:49] [ForkJoinPool.commonPool-worker-8/WARN] No weighted models for: minecraft:simple_block_6324#facing=north
[22:17:49] [ForkJoinPool.commonPool-worker-7/WARN] Missing model for: minecraft:simple_block_6175#facing=south
[22:17:49] [ForkJoinPool.commonPool-worker-6/WARN] Missing model for: minecraft:simple_block_6284#facing=west
[22:17:49] [ForkJoinPool.commonPool-worker-6/WARN] No weighted models for: minecraft:simple_block_6284#facing=west
[22:17:49] [ForkJoinPool.commonPool-worker-7/WARN] No weighted models for: minecraft:simple_block_6175#facing=south
[22:17:49] [ForkJoinPool.commonPool-worker-7/WARN] Missing model for: minecraft:simple_block_6173#facing=north
[22:17:49] [ForkJoinPool.commonPool-worker-7/WARN] No weighted models for: minecraft:simple_block_6173#facing=north
[22:17:49] [ForkJoinPool.commonPool-worker-6/WARN] Missing model for: minecraft:simple_block_6265#facing=north
[22:17:49] [ForkJoinPool.commonPool-worker-6/WARN] No weighted models for: minecraft:simple_block_6265#facing=north
[22:17:49] [ForkJoinPool.commonPool-worker-3/WARN] Missing model for: minecraft:simple_block_6265#facing=east
[22:17:49] [ForkJoinPool.commonPool-worker-3/WARN] No weighted models for: minecraft:simple_block_6265#facing=east
[22:17:49] [ForkJoinPool.commonPool-worker-8/WARN] Missing model for: minecraft:simple_block_6280#facing=north
[22:17:49] [ForkJoinPool.commonPool-worker-8/WARN] No weighted models for: minecraft:simple_block_6280#facing=north
[22:17:49] [ForkJoinPool.commonPool-worker-8/WARN] Missing model for: minecraft:simple_block_6298#facing=south
[22:17:49] [ForkJoinPool.commonPool-worker-8/WARN] No weighted models for: minecraft:simple_block_6298#facing=south
[22:17:49] [ForkJoinPool.commonPool-worker-3/WARN] Missing model for: minecraft:simple_block_6249#facing=west
[22:17:49] [ForkJoinPool.commonPool-worker-3/WARN] No weighted models for: minecraft:simple_block_6249#facing=west
[22:17:49] [ForkJoinPool.commonPool-worker-8/WARN] Missing model for: minecraft:simple_block_6330#facing=north
[22:17:49] [ForkJoinPool.commonPool-worker-8/WARN] No weighted models for: minecraft:simple_block_6330#facing=north
[22:17:49] [ForkJoinPool.commonPool-worker-6/WARN] Missing model for: minecraft:simple_block_6157#facing=east
[22:17:49] [ForkJoinPool.commonPool-worker-6/WARN] No weighted models for: minecraft:simple_block_6157#facing=east
[22:17:49] [ForkJoinPool.commonPool-worker-6/WARN] Missing model for: minecraft:simple_block_6183#facing=west
[22:17:49] [ForkJoinPool.commonPool-worker-6/WARN] No weighted models for: minecraft:simple_block_6183#facing=west
[22:17:49] [ForkJoinPool.commonPool-worker-3/WARN] Missing model for: minecraft:simple_block_6174#facing=south
[22:17:49] [ForkJoinPool.commonPool-worker-3/WARN] No weighted models for: minecraft:simple_block_6174#facing=south
[22:17:49] [ForkJoinPool.commonPool-worker-7/WARN] Missing model for: minecraft:simple_block_6280#facing=south
[22:17:49] [ForkJoinPool.commonPool-worker-7/WARN] No weighted models for: minecraft:simple_block_6280#facing=south
[22:17:49] [ForkJoinPool.commonPool-worker-3/WARN] Missing model for: minecraft:simple_block_6218#facing=east
[22:17:49] [ForkJoinPool.commonPool-worker-3/WARN] No weighted models for: minecraft:simple_block_6218#facing=east
[22:17:49] [ForkJoinPool.commonPool-worker-3/WARN] Missing model for: minecraft:simple_block_6232#facing=north
[22:17:49] [ForkJoinPool.commonPool-worker-3/WARN] No weighted models for: minecraft:simple_block_6232#facing=north
[22:17:49] [ForkJoinPool.commonPool-worker-3/WARN] Missing model for: minecraft:simple_block_6171#facing=west
[22:17:49] [ForkJoinPool.commonPool-worker-3/WARN] No weighted models for: minecraft:simple_block_6171#facing=west
[22:17:49] [ForkJoinPool.commonPool-worker-7/WARN] Missing model for: minecraft:simple_block_6264#facing=east
[22:17:49] [ForkJoinPool.commonPool-worker-7/WARN] No weighted models for: minecraft:simple_block_6264#facing=east
[22:17:49] [ForkJoinPool.commonPool-worker-1/WARN] Missing model for: minecraft:simple_block_6166#facing=north
[22:17:49] [ForkJoinPool.commonPool-worker-1/WARN] No weighted models for: minecraft:simple_block_6166#facing=north
[22:17:49] [ForkJoinPool.commonPool-worker-5/WARN] Missing model for: minecraft:simple_block_6249#facing=east
[22:17:49] [ForkJoinPool.commonPool-worker-5/WARN] No weighted models for: minecraft:simple_block_6249#facing=east
[22:17:49] [ForkJoinPool.commonPool-worker-3/WARN] Missing model for: minecraft:simple_block_6213#facing=west
[22:17:49] [ForkJoinPool.commonPool-worker-3/WARN] No weighted models for: minecraft:simple_block_6213#facing=west
[22:17:49] [ForkJoinPool.commonPool-worker-3/WARN] Missing model for: minecraft:simple_block_6216#facing=south
[22:17:49] [ForkJoinPool.commonPool-worker-3/WARN] No weighted models for: minecraft:simple_block_6216#facing=south
[22:17:49] [ForkJoinPool.commonPool-worker-5/WARN] Missing model for: minecraft:simple_block_6168#facing=west
[22:17:49] [ForkJoinPool.commonPool-worker-3/WARN] Missing model for: minecraft:simple_block_6167#facing=north
[22:17:49] [ForkJoinPool.commonPool-worker-3/WARN] No weighted models for: minecraft:simple_block_6167#facing=north
[22:17:49] [ForkJoinPool.commonPool-worker-5/WARN] No weighted models for: minecraft:simple_block_6168#facing=west
[22:17:49] [ForkJoinPool.commonPool-worker-1/WARN] Missing model for: minecraft:simple_block_6325#facing=west
[22:17:49] [ForkJoinPool.commonPool-worker-1/WARN] No weighted models for: minecraft:simple_block_6325#facing=west
[22:17:49] [ForkJoinPool.commonPool-worker-5/WARN] Missing model for: minecraft:simple_block_6208#facing=south
[22:17:49] [ForkJoinPool.commonPool-worker-5/WARN] No weighted models for: minecraft:simple_block_6208#facing=south
[22:17:49] [ForkJoinPool.commonPool-worker-6/WARN] Missing model for: minecraft:simple_block_6233#facing=east
[22:17:49] [ForkJoinPool.commonPool-worker-6/WARN] No weighted models for: minecraft:simple_block_6233#facing=east
[22:17:49] [ForkJoinPool.commonPool-worker-1/WARN] Missing model for: minecraft:simple_block_6192#facing=north
[22:17:49] [ForkJoinPool.commonPool-worker-1/WARN] No weighted models for: minecraft:simple_block_6192#facing=north
[22:17:49] [ForkJoinPool.commonPool-worker-1/WARN] Missing model for: minecraft:simple_block_6281#facing=west
[22:17:49] [ForkJoinPool.commonPool-worker-1/WARN] No weighted models for: minecraft:simple_block_6281#facing=west
[22:17:49] [ForkJoinPool.commonPool-worker-7/WARN] Missing model for: minecraft:simple_block_6251#facing=east
[22:17:49] [ForkJoinPool.commonPool-worker-7/WARN] No weighted models for: minecraft:simple_block_6251#facing=east
[22:17:49] [ForkJoinPool.commonPool-worker-8/WARN] Missing model for: minecraft:simple_block_6254#facing=north
[22:17:49] [ForkJoinPool.commonPool-worker-8/WARN] No weighted models for: minecraft:simple_block_6254#facing=north
[22:17:49] [ForkJoinPool.commonPool-worker-3/WARN] Missing model for: minecraft:simple_block_6229#facing=south
[22:17:49] [ForkJoinPool.commonPool-worker-3/WARN] No weighted models for: minecraft:simple_block_6229#facing=south
[22:17:49] [ForkJoinPool.commonPool-worker-7/WARN] Missing model for: minecraft:simple_block_6293#facing=south
[22:17:49] [ForkJoinPool.commonPool-worker-7/WARN] No weighted models for: minecraft:simple_block_6293#facing=south
[22:17:49] [ForkJoinPool.commonPool-worker-3/WARN] Missing model for: minecraft:simple_block_6181#facing=south
[22:17:49] [ForkJoinPool.commonPool-worker-3/WARN] No weighted models for: minecraft:simple_block_6181#facing=south
[22:17:49] [ForkJoinPool.commonPool-worker-1/WARN] Missing model for: minecraft:simple_block_6237#facing=south
[22:17:49] [ForkJoinPool.commonPool-worker-1/WARN] No weighted models for: minecraft:simple_block_6237#facing=south
[22:17:49] [ForkJoinPool.commonPool-worker-8/WARN] Missing model for: minecraft:simple_block_6295#facing=east
[22:17:49] [ForkJoinPool.commonPool-worker-8/WARN] No weighted models for: minecraft:simple_block_6295#facing=east
[22:17:49] [ForkJoinPool.commonPool-worker-6/WARN] Missing model for: minecraft:simple_block_6309#facing=south
[22:17:49] [ForkJoinPool.commonPool-worker-6/WARN] No weighted models for: minecraft:simple_block_6309#facing=south
[22:17:49] [ForkJoinPool.commonPool-worker-1/WARN] Missing model for: minecraft:simple_block_6224#facing=east
[22:17:49] [ForkJoinPool.commonPool-worker-1/WARN] No weighted models for: minecraft:simple_block_6224#facing=east
[22:17:49] [ForkJoinPool.commonPool-worker-5/WARN] Missing model for: minecraft:simple_block_6190#facing=south
[22:17:49] [ForkJoinPool.commonPool-worker-5/WARN] No weighted models for: minecraft:simple_block_6190#facing=south
[22:17:49] [ForkJoinPool.commonPool-worker-7/WARN] Missing model for: minecraft:simple_block_6301#facing=east
[22:17:49] [ForkJoinPool.commonPool-worker-8/WARN] Missing model for: minecraft:simple_block_6227#facing=west
[22:17:49] [ForkJoinPool.commonPool-worker-8/WARN] No weighted models for: minecraft:simple_block_6227#facing=west
[22:17:49] [ForkJoinPool.commonPool-worker-7/WARN] No weighted models for: minecraft:simple_block_6301#facing=east
[22:17:49] [ForkJoinPool.commonPool-worker-7/WARN] Missing model for: minecraft:simple_block_6188#facing=south
[22:17:49] [ForkJoinPool.commonPool-worker-7/WARN] No weighted models for: minecraft:simple_block_6188#facing=south
[22:17:49] [ForkJoinPool.commonPool-worker-1/WARN] Missing model for: minecraft:simple_block_6318#facing=south
[22:17:49] [ForkJoinPool.commonPool-worker-1/WARN] No weighted models for: minecraft:simple_block_6318#facing=south
[22:17:49] [ForkJoinPool.commonPool-worker-5/WARN] Missing model for: minecraft:simple_block_6271#facing=north
[22:17:49] [ForkJoinPool.commonPool-worker-5/WARN] No weighted models for: minecraft:simple_block_6271#facing=north
[22:17:49] [ForkJoinPool.commonPool-worker-7/WARN] Missing model for: minecraft:simple_block_6287#facing=east
[22:17:49] [ForkJoinPool.commonPool-worker-7/WARN] No weighted models for: minecraft:simple_block_6287#facing=east
[22:17:49] [ForkJoinPool.commonPool-worker-7/WARN] Missing model for: minecraft:simple_block_6185#facing=west
[22:17:49] [ForkJoinPool.commonPool-worker-7/WARN] No weighted models for: minecraft:simple_block_6185#facing=west
[22:17:49] [ForkJoinPool.commonPool-worker-1/WARN] Missing model for: minecraft:simple_block_6305#facing=east
[22:17:49] [ForkJoinPool.commonPool-worker-1/WARN] No weighted models for: minecraft:simple_block_6305#facing=east
[22:17:49] [ForkJoinPool.commonPool-worker-5/WARN] Missing model for: minecraft:simple_block_6155#facing=west
[22:17:49] [ForkJoinPool.commonPool-worker-5/WARN] No weighted models for: minecraft:simple_block_6155#facing=west
[22:17:49] [ForkJoinPool.commonPool-worker-3/WARN] Missing model for: minecraft:simple_block_6278#facing=east
[22:17:49] [ForkJoinPool.commonPool-worker-3/WARN] No weighted models for: minecraft:simple_block_6278#facing=east
[22:17:49] [ForkJoinPool.commonPool-worker-3/WARN] Missing model for: minecraft:simple_block_6194#facing=south
[22:17:49] [ForkJoinPool.commonPool-worker-3/WARN] No weighted models for: minecraft:simple_block_6194#facing=south
[22:17:49] [ForkJoinPool.commonPool-worker-7/WARN] Missing model for: minecraft:simple_block_6245#facing=east
[22:17:49] [ForkJoinPool.commonPool-worker-7/WARN] No weighted models for: minecraft:simple_block_6245#facing=east
[22:17:49] [ForkJoinPool.commonPool-worker-7/WARN] Missing model for: minecraft:simple_block_6175#facing=west
[22:17:49] [ForkJoinPool.commonPool-worker-7/WARN] No weighted models for: minecraft:simple_block_6175#facing=west
[22:17:49] [ForkJoinPool.commonPool-worker-3/WARN] Missing model for: minecraft:simple_block_6317#facing=south
[22:17:49] [ForkJoinPool.commonPool-worker-7/WARN] Missing model for: minecraft:simple_block_6301#facing=north
[22:17:49] [ForkJoinPool.commonPool-worker-3/WARN] No weighted models for: minecraft:simple_block_6317#facing=south
[22:17:49] [ForkJoinPool.commonPool-worker-7/WARN] No weighted models for: minecraft:simple_block_6301#facing=north
[22:17:49] [ForkJoinPool.commonPool-worker-3/WARN] Missing model for: minecraft:simple_block_6261#facing=south
[22:17:49] [ForkJoinPool.commonPool-worker-3/WARN] No weighted models for: minecraft:simple_block_6261#facing=south
[22:17:49] [ForkJoinPool.commonPool-worker-6/WARN] Missing model for: minecraft:simple_block_6233#facing=west
[22:17:49] [ForkJoinPool.commonPool-worker-6/WARN] No weighted models for: minecraft:simple_block_6233#facing=west
[22:17:49] [ForkJoinPool.commonPool-worker-5/WARN] Missing model for: minecraft:simple_block_6205#facing=west
[22:17:49] [ForkJoinPool.commonPool-worker-5/WARN] No weighted models for: minecraft:simple_block_6205#facing=west
[22:17:49] [ForkJoinPool.commonPool-worker-6/WARN] Missing model for: minecraft:simple_block_6303#facing=east
[22:17:49] [ForkJoinPool.commonPool-worker-6/WARN] No weighted models for: minecraft:simple_block_6303#facing=east
[22:17:49] [ForkJoinPool.commonPool-worker-3/WARN] Missing model for: minecraft:simple_block_6250#facing=south
[22:17:49] [ForkJoinPool.commonPool-worker-3/WARN] No weighted models for: minecraft:simple_block_6250#facing=south
[22:17:49] [ForkJoinPool.commonPool-worker-5/WARN] Missing model for: minecraft:simple_block_6313#facing=north
[22:17:49] [ForkJoinPool.commonPool-worker-5/WARN] No weighted models for: minecraft:simple_block_6313#facing=north
[22:17:49] [ForkJoinPool.commonPool-worker-3/WARN] Missing model for: minecraft:simple_block_6268#facing=east
[22:17:49] [ForkJoinPool.commonPool-worker-3/WARN] No weighted models for: minecraft:simple_block_6268#facing=east
[22:17:49] [ForkJoinPool.commonPool-worker-3/WARN] Missing model for: minecraft:simple_block_6179#facing=north
[22:17:49] [ForkJoinPool.commonPool-worker-3/WARN] No weighted models for: minecraft:simple_block_6179#facing=north
[22:17:49] [ForkJoinPool.commonPool-worker-3/WARN] Missing model for: minecraft:simple_block_6178#facing=east
[22:17:49] [ForkJoinPool.commonPool-worker-3/WARN] No weighted models for: minecraft:simple_block_6178#facing=east
[22:17:49] [ForkJoinPool.commonPool-worker-7/WARN] Missing model for: minecraft:simple_block_6290#facing=east
[22:17:49] [ForkJoinPool.commonPool-worker-7/WARN] No weighted models for: minecraft:simple_block_6290#facing=east
[22:17:49] [ForkJoinPool.commonPool-worker-3/WARN] Missing model for: minecraft:simple_block_6180#facing=south
[22:17:49] [ForkJoinPool.commonPool-worker-3/WARN] No weighted models for: minecraft:simple_block_6180#facing=south
[22:17:49] [ForkJoinPool.commonPool-worker-8/WARN] Missing model for: minecraft:simple_block_6192#facing=south
[22:17:49] [ForkJoinPool.commonPool-worker-8/WARN] No weighted models for: minecraft:simple_block_6192#facing=south
[22:17:49] [ForkJoinPool.commonPool-worker-1/WARN] Missing model for: minecraft:simple_block_6203#facing=east
[22:17:49] [ForkJoinPool.commonPool-worker-1/WARN] No weighted models for: minecraft:simple_block_6203#facing=east
[22:17:49] [ForkJoinPool.commonPool-worker-3/WARN] Missing model for: minecraft:simple_block_6281#facing=south
[22:17:49] [ForkJoinPool.commonPool-worker-3/WARN] No weighted models for: minecraft:simple_block_6281#facing=south
[22:17:49] [ForkJoinPool.commonPool-worker-5/WARN] Missing model for: minecraft:simple_block_6321#facing=north
[22:17:49] [ForkJoinPool.commonPool-worker-5/WARN] No weighted models for: minecraft:simple_block_6321#facing=north
[22:17:49] [ForkJoinPool.commonPool-worker-6/WARN] Missing model for: minecraft:simple_block_6304#facing=north
[22:17:49] [ForkJoinPool.commonPool-worker-6/WARN] No weighted models for: minecraft:simple_block_6304#facing=north
[22:17:49] [ForkJoinPool.commonPool-worker-1/WARN] Missing model for: minecraft:simple_block_6313#facing=south
[22:17:49] [ForkJoinPool.commonPool-worker-1/WARN] No weighted models for: minecraft:simple_block_6313#facing=south
[22:17:49] [ForkJoinPool.commonPool-worker-1/WARN] Missing model for: minecraft:simple_block_6182#facing=north
[22:17:49] [ForkJoinPool.commonPool-worker-1/WARN] No weighted models for: minecraft:simple_block_6182#facing=north
[22:17:49] [ForkJoinPool.commonPool-worker-6/WARN] Missing model for: minecraft:simple_block_6212#facing=north
[22:17:49] [ForkJoinPool.commonPool-worker-6/WARN] No weighted models for: minecraft:simple_block_6212#facing=north
[22:17:49] [ForkJoinPool.commonPool-worker-1/WARN] Missing model for: minecraft:simple_block_6286#facing=east
[22:17:49] [ForkJoinPool.commonPool-worker-1/WARN] No weighted models for: minecraft:simple_block_6286#facing=east
[22:17:49] [ForkJoinPool.commonPool-worker-7/WARN] Missing model for: minecraft:simple_block_6172#facing=east
[22:17:49] [ForkJoinPool.commonPool-worker-7/WARN] No weighted models for: minecraft:simple_block_6172#facing=east
[22:17:49] [ForkJoinPool.commonPool-worker-5/WARN] Missing model for: minecraft:simple_block_6159#facing=south
[22:17:49] [ForkJoinPool.commonPool-worker-5/WARN] No weighted models for: minecraft:simple_block_6159#facing=south
[22:17:49] [ForkJoinPool.commonPool-worker-5/WARN] Missing model for: minecraft:simple_block_6159#facing=west
[22:17:49] [ForkJoinPool.commonPool-worker-5/WARN] No weighted models for: minecraft:simple_block_6159#facing=west
[22:17:49] [ForkJoinPool.commonPool-worker-3/WARN] Missing model for: minecraft:simple_block_6294#facing=east
[22:17:49] [ForkJoinPool.commonPool-worker-3/WARN] No weighted models for: minecraft:simple_block_6294#facing=east
[22:17:49] [ForkJoinPool.commonPool-worker-5/WARN] Missing model for: minecraft:simple_block_6155#facing=east
[22:17:49] [ForkJoinPool.commonPool-worker-5/WARN] No weighted models for: minecraft:simple_block_6155#facing=east
[22:17:49] [ForkJoinPool.commonPool-worker-1/WARN] Missing model for: minecraft:simple_block_6260#facing=east
[22:17:49] [ForkJoinPool.commonPool-worker-1/WARN] No weighted models for: minecraft:simple_block_6260#facing=east
[22:17:49] [ForkJoinPool.commonPool-worker-6/WARN] Missing model for: minecraft:simple_block_6253#facing=west
[22:17:49] [ForkJoinPool.commonPool-worker-6/WARN] No weighted models for: minecraft:simple_block_6253#facing=west
[22:17:49] [ForkJoinPool.commonPool-worker-7/WARN] Missing model for: minecraft:simple_block_6185#facing=east
[22:17:49] [ForkJoinPool.commonPool-worker-7/WARN] No weighted models for: minecraft:simple_block_6185#facing=east
[22:17:49] [ForkJoinPool.commonPool-worker-6/WARN] Missing model for: minecraft:simple_block_6303#facing=west
[22:17:49] [ForkJoinPool.commonPool-worker-6/WARN] No weighted models for: minecraft:simple_block_6303#facing=west
[22:17:49] [ForkJoinPool.commonPool-worker-3/WARN] Missing model for: minecraft:simple_block_6286#facing=north
[22:17:49] [ForkJoinPool.commonPool-worker-3/WARN] No weighted models for: minecraft:simple_block_6286#facing=north
[22:17:49] [ForkJoinPool.commonPool-worker-7/WARN] Missing model for: minecraft:simple_block_6264#facing=west
[22:17:49] [ForkJoinPool.commonPool-worker-7/WARN] No weighted models for: minecraft:simple_block_6264#facing=west
[22:17:49] [ForkJoinPool.commonPool-worker-3/WARN] Missing model for: minecraft:simple_block_6292#facing=south
[22:17:49] [ForkJoinPool.commonPool-worker-3/WARN] No weighted models for: minecraft:simple_block_6292#facing=south
[22:17:49] [ForkJoinPool.commonPool-worker-7/WARN] Missing model for: minecraft:simple_block_6267#facing=south
[22:17:49] [ForkJoinPool.commonPool-worker-7/WARN] No weighted models for: minecraft:simple_block_6267#facing=south
[22:17:49] [ForkJoinPool.commonPool-worker-3/WARN] Missing model for: minecraft:simple_block_6178#facing=west
[22:17:49] [ForkJoinPool.commonPool-worker-6/WARN] Missing model for: minecraft:simple_block_6183#facing=east
[22:17:49] [ForkJoinPool.commonPool-worker-6/WARN] No weighted models for: minecraft:simple_block_6183#facing=east
[22:17:49] [ForkJoinPool.commonPool-worker-3/WARN] No weighted models for: minecraft:simple_block_6178#facing=west
[22:17:49] [ForkJoinPool.commonPool-worker-6/WARN] Missing model for: minecraft:simple_block_6186#facing=south
[22:17:49] [ForkJoinPool.commonPool-worker-6/WARN] No weighted models for: minecraft:simple_block_6186#facing=south
[22:17:49] [ForkJoinPool.commonPool-worker-8/WARN] Missing model for: minecraft:simple_block_6267#facing=east
[22:17:49] [ForkJoinPool.commonPool-worker-7/WARN] Missing model for: minecraft:simple_block_6156#facing=west
[22:17:49] [ForkJoinPool.commonPool-worker-7/WARN] No weighted models for: minecraft:simple_block_6156#facing=west
[22:17:49] [ForkJoinPool.commonPool-worker-8/WARN] No weighted models for: minecraft:simple_block_6267#facing=east
[22:17:49] [ForkJoinPool.commonPool-worker-7/WARN] Missing model for: minecraft:simple_block_6308#facing=east
[22:17:49] [ForkJoinPool.commonPool-worker-7/WARN] No weighted models for: minecraft:simple_block_6308#facing=east
[22:17:49] [ForkJoinPool.commonPool-worker-7/WARN] Missing model for: minecraft:simple_block_6207#facing=north
[22:17:49] [ForkJoinPool.commonPool-worker-7/WARN] No weighted models for: minecraft:simple_block_6207#facing=north
[22:17:49] [ForkJoinPool.commonPool-worker-7/WARN] Missing model for: minecraft:simple_block_6261#facing=west
[22:17:49] [ForkJoinPool.commonPool-worker-7/WARN] No weighted models for: minecraft:simple_block_6261#facing=west
[22:17:49] [ForkJoinPool.commonPool-worker-7/WARN] Missing model for: minecraft:simple_block_6287#facing=west
[22:17:49] [ForkJoinPool.commonPool-worker-7/WARN] No weighted models for: minecraft:simple_block_6287#facing=west
[22:17:49] [ForkJoinPool.commonPool-worker-7/WARN] Missing model for: minecraft:simple_block_6322#facing=north
[22:17:49] [ForkJoinPool.commonPool-worker-7/WARN] No weighted models for: minecraft:simple_block_6322#facing=north
[22:17:49] [ForkJoinPool.commonPool-worker-5/WARN] Missing model for: minecraft:simple_block_6221#facing=south
[22:17:49] [ForkJoinPool.commonPool-worker-5/WARN] No weighted models for: minecraft:simple_block_6221#facing=south
[22:17:49] [ForkJoinPool.commonPool-worker-3/WARN] Missing model for: minecraft:simple_block_6300#facing=south
[22:17:49] [ForkJoinPool.commonPool-worker-3/WARN] No weighted models for: minecraft:simple_block_6300#facing=south
[22:17:49] [ForkJoinPool.commonPool-worker-7/WARN] Missing model for: minecraft:simple_block_6254#facing=south
[22:17:49] [ForkJoinPool.commonPool-worker-7/WARN] No weighted models for: minecraft:simple_block_6254#facing=south
[22:17:49] [ForkJoinPool.commonPool-worker-5/WARN] Missing model for: minecraft:simple_block_6182#facing=east
[22:17:49] [ForkJoinPool.commonPool-worker-5/WARN] No weighted models for: minecraft:simple_block_6182#facing=east
[22:17:49] [ForkJoinPool.commonPool-worker-7/WARN] Missing model for: minecraft:simple_block_6297#facing=west
[22:17:49] [ForkJoinPool.commonPool-worker-7/WARN] No weighted models for: minecraft:simple_block_6297#facing=west
[22:17:49] [ForkJoinPool.commonPool-worker-7/WARN] Missing model for: minecraft:simple_block_6251#facing=west
[22:17:49] [ForkJoinPool.commonPool-worker-7/WARN] No weighted models for: minecraft:simple_block_6251#facing=west
[22:17:49] [ForkJoinPool.commonPool-worker-1/WARN] Missing model for: minecraft:simple_block_6211#facing=south
[22:17:49] [ForkJoinPool.commonPool-worker-1/WARN] No weighted models for: minecraft:simple_block_6211#facing=south
[22:17:49] [ForkJoinPool.commonPool-worker-3/WARN] Missing model for: minecraft:simple_block_6229#facing=north
[22:17:49] [ForkJoinPool.commonPool-worker-3/WARN] No weighted models for: minecraft:simple_block_6229#facing=north
[22:17:49] [ForkJoinPool.commonPool-worker-1/WARN] Missing model for: minecraft:simple_block_6250#facing=east
[22:17:49] [ForkJoinPool.commonPool-worker-1/WARN] No weighted models for: minecraft:simple_block_6250#facing=east
[22:17:49] [ForkJoinPool.commonPool-worker-6/WARN] Missing model for: minecraft:simple_block_6256#facing=south
[22:17:49] [ForkJoinPool.commonPool-worker-6/WARN] No weighted models for: minecraft:simple_block_6256#facing=south
[22:17:49] [ForkJoinPool.commonPool-worker-3/WARN] Missing model for: minecraft:simple_block_6307#facing=west
[22:17:49] [ForkJoinPool.commonPool-worker-3/WARN] No weighted models for: minecraft:simple_block_6307#facing=west
[22:17:49] [ForkJoinPool.commonPool-worker-1/WARN] Missing model for: minecraft:simple_block_6328#facing=south
[22:17:49] [ForkJoinPool.commonPool-worker-1/WARN] No weighted models for: minecraft:simple_block_6328#facing=south
[22:17:49] [ForkJoinPool.commonPool-worker-8/WARN] Missing model for: minecraft:simple_block_6262#facing=south
[22:17:49] [ForkJoinPool.commonPool-worker-8/WARN] No weighted models for: minecraft:simple_block_6262#facing=south
[22:17:49] [ForkJoinPool.commonPool-worker-3/WARN] Missing model for: minecraft:simple_block_6255#facing=north
[22:17:49] [ForkJoinPool.commonPool-worker-3/WARN] No weighted models for: minecraft:simple_block_6255#facing=north
[22:17:49] [ForkJoinPool.commonPool-worker-1/WARN] Missing model for: minecraft:simple_block_6294#facing=south
[22:17:49] [ForkJoinPool.commonPool-worker-1/WARN] No weighted models for: minecraft:simple_block_6294#facing=south
[22:17:49] [ForkJoinPool.commonPool-worker-6/WARN] Missing model for: minecraft:simple_block_6175#facing=north
[22:17:49] [ForkJoinPool.commonPool-worker-6/WARN] No weighted models for: minecraft:simple_block_6175#facing=north
[22:17:49] [ForkJoinPool.commonPool-worker-7/WARN] Missing model for: minecraft:simple_block_6169#facing=west
[22:17:49] [ForkJoinPool.commonPool-worker-7/WARN] No weighted models for: minecraft:simple_block_6169#facing=west
[22:17:49] [ForkJoinPool.commonPool-worker-3/WARN] Missing model for: minecraft:simple_block_6224#facing=south
[22:17:49] [ForkJoinPool.commonPool-worker-3/WARN] No weighted models for: minecraft:simple_block_6224#facing=south
[22:17:49] [ForkJoinPool.commonPool-worker-7/WARN] Missing model for: minecraft:simple_block_6241#facing=south
[22:17:49] [ForkJoinPool.commonPool-worker-7/WARN] No weighted models for: minecraft:simple_block_6241#facing=south
[22:17:49] [ForkJoinPool.commonPool-worker-5/WARN] Missing model for: minecraft:simple_block_6277#facing=west
[22:17:49] [ForkJoinPool.commonPool-worker-5/WARN] No weighted models for: minecraft:simple_block_6277#facing=west
[22:17:49] [ForkJoinPool.commonPool-worker-7/WARN] Missing model for: minecraft:simple_block_6162#facing=east
[22:17:49] [ForkJoinPool.commonPool-worker-7/WARN] No weighted models for: minecraft:simple_block_6162#facing=east
[22:17:49] [ForkJoinPool.commonPool-worker-3/WARN] Missing model for: minecraft:simple_block_6174#facing=north
[22:17:49] [ForkJoinPool.commonPool-worker-3/WARN] No weighted models for: minecraft:simple_block_6174#facing=north
[22:17:49] [ForkJoinPool.commonPool-worker-8/WARN] Missing model for: minecraft:simple_block_6236#facing=east
[22:17:49] [ForkJoinPool.commonPool-worker-8/WARN] No weighted models for: minecraft:simple_block_6236#facing=east
[22:17:49] [ForkJoinPool.commonPool-worker-6/WARN] Missing model for: minecraft:simple_block_6227#facing=east
[22:17:49] [ForkJoinPool.commonPool-worker-6/WARN] No weighted models for: minecraft:simple_block_6227#facing=east
[22:17:49] [ForkJoinPool.commonPool-worker-3/WARN] Missing model for: minecraft:simple_block_6302#facing=west
[22:17:49] [ForkJoinPool.commonPool-worker-3/WARN] No weighted models for: minecraft:simple_block_6302#facing=west
[22:17:49] [ForkJoinPool.commonPool-worker-3/WARN] Missing model for: minecraft:simple_block_6255#facing=south
[22:17:49] [ForkJoinPool.commonPool-worker-3/WARN] No weighted models for: minecraft:simple_block_6255#facing=south
[22:17:49] [ForkJoinPool.commonPool-worker-8/WARN] Missing model for: minecraft:simple_block_6306#facing=south
[22:17:49] [ForkJoinPool.commonPool-worker-8/WARN] No weighted models for: minecraft:simple_block_6306#facing=south
[22:17:49] [ForkJoinPool.commonPool-worker-7/WARN] Missing model for: minecraft:simple_block_6274#facing=west
[22:17:49] [ForkJoinPool.commonPool-worker-7/WARN] No weighted models for: minecraft:simple_block_6274#facing=west
[22:17:49] [ForkJoinPool.commonPool-worker-8/WARN] Missing model for: minecraft:simple_block_6197#facing=east
[22:17:49] [ForkJoinPool.commonPool-worker-8/WARN] No weighted models for: minecraft:simple_block_6197#facing=east
[22:17:49] [ForkJoinPool.commonPool-worker-3/WARN] Missing model for: minecraft:simple_block_6307#facing=east
[22:17:49] [ForkJoinPool.commonPool-worker-3/WARN] No weighted models for: minecraft:simple_block_6307#facing=east
[22:17:49] [ForkJoinPool.commonPool-worker-7/WARN] Missing model for: minecraft:simple_block_6277#facing=south
[22:17:49] [ForkJoinPool.commonPool-worker-7/WARN] No weighted models for: minecraft:simple_block_6277#facing=south
[22:17:49] [ForkJoinPool.commonPool-worker-7/WARN] Missing model for: minecraft:simple_block_6198#facing=east
[22:17:49] [ForkJoinPool.commonPool-worker-7/WARN] No weighted models for: minecraft:simple_block_6198#facing=east
[22:17:49] [ForkJoinPool.commonPool-worker-5/WARN] Missing model for: minecraft:simple_block_6195#facing=east
[22:17:49] [ForkJoinPool.commonPool-worker-5/WARN] No weighted models for: minecraft:simple_block_6195#facing=east
[22:17:49] [ForkJoinPool.commonPool-worker-8/WARN] Missing model for: minecraft:simple_block_6166#facing=east
[22:17:49] [ForkJoinPool.commonPool-worker-8/WARN] No weighted models for: minecraft:simple_block_6166#facing=east
[22:17:49] [ForkJoinPool.commonPool-worker-7/WARN] Missing model for: minecraft:simple_block_6233#facing=north
[22:17:49] [ForkJoinPool.commonPool-worker-7/WARN] No weighted models for: minecraft:simple_block_6233#facing=north
[22:17:49] [ForkJoinPool.commonPool-worker-3/WARN] Missing model for: minecraft:simple_block_6305#facing=south
[22:17:49] [ForkJoinPool.commonPool-worker-3/WARN] No weighted models for: minecraft:simple_block_6305#facing=south
[22:17:49] [ForkJoinPool.commonPool-worker-8/WARN] Missing model for: minecraft:simple_block_6178#facing=north
[22:17:49] [ForkJoinPool.commonPool-worker-8/WARN] No weighted models for: minecraft:simple_block_6178#facing=north
[22:17:49] [ForkJoinPool.commonPool-worker-1/WARN] Missing model for: minecraft:simple_block_6234#facing=east
[22:17:49] [ForkJoinPool.commonPool-worker-1/WARN] No weighted models for: minecraft:simple_block_6234#facing=east
[22:17:49] [ForkJoinPool.commonPool-worker-6/WARN] Missing model for: minecraft:simple_block_6306#facing=east
[22:17:49] [ForkJoinPool.commonPool-worker-6/WARN] No weighted models for: minecraft:simple_block_6306#facing=east
[22:17:49] [ForkJoinPool.commonPool-worker-3/WARN] Missing model for: minecraft:simple_block_6313#facing=east
[22:17:49] [ForkJoinPool.commonPool-worker-3/WARN] No weighted models for: minecraft:simple_block_6313#facing=east
[22:17:49] [ForkJoinPool.commonPool-worker-3/WARN] Missing model for: minecraft:simple_block_6313#facing=west
[22:17:49] [ForkJoinPool.commonPool-worker-3/WARN] No weighted models for: minecraft:simple_block_6313#facing=west
[22:17:49] [ForkJoinPool.commonPool-worker-3/WARN] Missing model for: minecraft:simple_block_6221#facing=west
[22:17:49] [ForkJoinPool.commonPool-worker-7/WARN] Missing model for: minecraft:simple_block_6281#facing=north
[22:17:49] [ForkJoinPool.commonPool-worker-7/WARN] No weighted models for: minecraft:simple_block_6281#facing=north
[22:17:49] [ForkJoinPool.commonPool-worker-3/WARN] No weighted models for: minecraft:simple_block_6221#facing=west
[22:17:49] [ForkJoinPool.commonPool-worker-3/WARN] Missing model for: minecraft:simple_block_6322#facing=west
[22:17:49] [ForkJoinPool.commonPool-worker-3/WARN] No weighted models for: minecraft:simple_block_6322#facing=west
[22:17:49] [ForkJoinPool.commonPool-worker-8/WARN] Missing model for: minecraft:simple_block_6266#facing=west
[22:17:49] [ForkJoinPool.commonPool-worker-7/WARN] Missing model for: minecraft:simple_block_6221#facing=east
[22:17:49] [ForkJoinPool.commonPool-worker-8/WARN] No weighted models for: minecraft:simple_block_6266#facing=west
[22:17:49] [ForkJoinPool.commonPool-worker-7/WARN] No weighted models for: minecraft:simple_block_6221#facing=east
[22:17:49] [ForkJoinPool.commonPool-worker-3/WARN] Missing model for: minecraft:simple_block_6243#facing=west
[22:17:49] [ForkJoinPool.commonPool-worker-3/WARN] No weighted models for: minecraft:simple_block_6243#facing=west
[22:17:49] [ForkJoinPool.commonPool-worker-5/WARN] Missing model for: minecraft:simple_block_6318#facing=east
[22:17:49] [ForkJoinPool.commonPool-worker-5/WARN] No weighted models for: minecraft:simple_block_6318#facing=east
[22:17:49] [ForkJoinPool.commonPool-worker-3/WARN] Missing model for: minecraft:simple_block_6243#facing=east
[22:17:49] [ForkJoinPool.commonPool-worker-3/WARN] No weighted models for: minecraft:simple_block_6243#facing=east
[22:17:49] [ForkJoinPool.commonPool-worker-5/WARN] Missing model for: minecraft:simple_block_6274#facing=south
[22:17:49] [ForkJoinPool.commonPool-worker-5/WARN] No weighted models for: minecraft:simple_block_6274#facing=south
[22:17:49] [ForkJoinPool.commonPool-worker-8/WARN] Missing model for: minecraft:simple_block_6327#facing=north
[22:17:49] [ForkJoinPool.commonPool-worker-8/WARN] No weighted models for: minecraft:simple_block_6327#facing=north
[22:17:49] [ForkJoinPool.commonPool-worker-5/WARN] Missing model for: minecraft:simple_block_6270#facing=east
[22:17:49] [ForkJoinPool.commonPool-worker-5/WARN] No weighted models for: minecraft:simple_block_6270#facing=east
[22:17:49] [ForkJoinPool.commonPool-worker-3/WARN] Missing model for: minecraft:simple_block_6173#facing=west
[22:17:49] [ForkJoinPool.commonPool-worker-3/WARN] No weighted models for: minecraft:simple_block_6173#facing=west
[22:17:49] [ForkJoinPool.commonPool-worker-7/WARN] Missing model for: minecraft:simple_block_6265#facing=west
[22:17:49] [ForkJoinPool.commonPool-worker-7/WARN] No weighted models for: minecraft:simple_block_6265#facing=west
[22:17:49] [ForkJoinPool.commonPool-worker-3/WARN] Missing model for: minecraft:simple_block_6263#facing=east
[22:17:49] [ForkJoinPool.commonPool-worker-3/WARN] No weighted models for: minecraft:simple_block_6263#facing=east
[22:17:49] [ForkJoinPool.commonPool-worker-6/WARN] Missing model for: minecraft:simple_block_6186#facing=east
[22:17:49] [ForkJoinPool.commonPool-worker-6/WARN] No weighted models for: minecraft:simple_block_6186#facing=east
[22:17:49] [ForkJoinPool.commonPool-worker-7/WARN] Missing model for: minecraft:simple_block_6180#facing=north
[22:17:49] [ForkJoinPool.commonPool-worker-7/WARN] No weighted models for: minecraft:simple_block_6180#facing=north
[22:17:49] [ForkJoinPool.commonPool-worker-7/WARN] Missing model for: minecraft:simple_block_6195#facing=west
[22:17:49] [ForkJoinPool.commonPool-worker-7/WARN] No weighted models for: minecraft:simple_block_6195#facing=west
[22:17:49] [ForkJoinPool.commonPool-worker-7/WARN] Missing model for: minecraft:simple_block_6212#facing=west
[22:17:49] [ForkJoinPool.commonPool-worker-7/WARN] No weighted models for: minecraft:simple_block_6212#facing=west
[22:17:49] [ForkJoinPool.commonPool-worker-7/WARN] Missing model for: minecraft:simple_block_6198#facing=south
[22:17:49] [ForkJoinPool.commonPool-worker-7/WARN] No weighted models for: minecraft:simple_block_6198#facing=south
[22:17:49] [ForkJoinPool.commonPool-worker-1/WARN] Missing model for: minecraft:simple_block_6320#facing=west
[22:17:49] [ForkJoinPool.commonPool-worker-1/WARN] No weighted models for: minecraft:simple_block_6320#facing=west
[22:17:49] [ForkJoinPool.commonPool-worker-5/WARN] Missing model for: minecraft:simple_block_6287#facing=south
[22:17:49] [ForkJoinPool.commonPool-worker-5/WARN] No weighted models for: minecraft:simple_block_6287#facing=south
[22:17:49] [ForkJoinPool.commonPool-worker-5/WARN] Missing model for: minecraft:simple_block_6302#facing=north
[22:17:49] [ForkJoinPool.commonPool-worker-5/WARN] No weighted models for: minecraft:simple_block_6302#facing=north
[22:17:49] [ForkJoinPool.commonPool-worker-3/WARN] Missing model for: minecraft:simple_block_6218#facing=north
[22:17:49] [ForkJoinPool.commonPool-worker-3/WARN] No weighted models for: minecraft:simple_block_6218#facing=north
[22:17:49] [ForkJoinPool.commonPool-worker-5/WARN] Missing model for: minecraft:simple_block_6165#facing=east
[22:17:49] [ForkJoinPool.commonPool-worker-5/WARN] No weighted models for: minecraft:simple_block_6165#facing=east
[22:17:49] [ForkJoinPool.commonPool-worker-8/WARN] Missing model for: minecraft:simple_block_6235#facing=north
[22:17:49] [ForkJoinPool.commonPool-worker-8/WARN] No weighted models for: minecraft:simple_block_6235#facing=north
[22:17:49] [ForkJoinPool.commonPool-worker-8/WARN] Missing model for: minecraft:simple_block_6292#facing=north
[22:17:49] [ForkJoinPool.commonPool-worker-8/WARN] No weighted models for: minecraft:simple_block_6292#facing=north
[22:17:49] [ForkJoinPool.commonPool-worker-6/WARN] Missing model for: minecraft:simple_block_6208#facing=east
[22:17:49] [ForkJoinPool.commonPool-worker-6/WARN] No weighted models for: minecraft:simple_block_6208#facing=east
[22:17:49] [ForkJoinPool.commonPool-worker-5/WARN] Missing model for: minecraft:simple_block_6329#facing=east
[22:17:49] [ForkJoinPool.commonPool-worker-5/WARN] No weighted models for: minecraft:simple_block_6329#facing=east
[22:17:49] [ForkJoinPool.commonPool-worker-5/WARN] Missing model for: minecraft:simple_block_6202#facing=north
[22:17:49] [ForkJoinPool.commonPool-worker-5/WARN] No weighted models for: minecraft:simple_block_6202#facing=north
[22:17:49] [ForkJoinPool.commonPool-worker-7/WARN] Missing model for: minecraft:simple_block_6261#facing=east
[22:17:49] [ForkJoinPool.commonPool-worker-7/WARN] No weighted models for: minecraft:simple_block_6261#facing=east
[22:17:49] [ForkJoinPool.commonPool-worker-7/WARN] Missing model for: minecraft:simple_block_6290#facing=south
[22:17:49] [ForkJoinPool.commonPool-worker-7/WARN] No weighted models for: minecraft:simple_block_6290#facing=south
[22:17:49] [ForkJoinPool.commonPool-worker-5/WARN] Missing model for: minecraft:simple_block_6160#facing=south
[22:17:49] [ForkJoinPool.commonPool-worker-7/WARN] Missing model for: minecraft:simple_block_6289#facing=north
[22:17:49] [ForkJoinPool.commonPool-worker-7/WARN] No weighted models for: minecraft:simple_block_6289#facing=north
[22:17:49] [ForkJoinPool.commonPool-worker-6/WARN] Missing model for: minecraft:simple_block_6160#facing=east
[22:17:49] [ForkJoinPool.commonPool-worker-6/WARN] No weighted models for: minecraft:simple_block_6160#facing=east
[22:17:49] [ForkJoinPool.commonPool-worker-1/WARN] Missing model for: minecraft:simple_block_6214#facing=east
[22:17:49] [ForkJoinPool.commonPool-worker-1/WARN] No weighted models for: minecraft:simple_block_6214#facing=east
[22:17:49] [ForkJoinPool.commonPool-worker-3/WARN] Missing model for: minecraft:simple_block_6201#facing=west
[22:17:49] [ForkJoinPool.commonPool-worker-3/WARN] No weighted models for: minecraft:simple_block_6201#facing=west
[22:17:49] [ForkJoinPool.commonPool-worker-5/WARN] No weighted models for: minecraft:simple_block_6160#facing=south
[22:17:49] [ForkJoinPool.commonPool-worker-3/WARN] Missing model for: minecraft:simple_block_6294#facing=west
[22:17:49] [ForkJoinPool.commonPool-worker-3/WARN] No weighted models for: minecraft:simple_block_6294#facing=west
[22:17:49] [ForkJoinPool.commonPool-worker-7/WARN] Missing model for: minecraft:simple_block_6330#facing=west
[22:17:49] [ForkJoinPool.commonPool-worker-7/WARN] No weighted models for: minecraft:simple_block_6330#facing=west
[22:17:49] [ForkJoinPool.commonPool-worker-3/WARN] Missing model for: minecraft:simple_block_6206#facing=east
[22:17:49] [ForkJoinPool.commonPool-worker-3/WARN] No weighted models for: minecraft:simple_block_6206#facing=east
[22:17:49] [ForkJoinPool.commonPool-worker-1/WARN] Missing model for: minecraft:simple_block_6162#facing=south
[22:17:49] [ForkJoinPool.commonPool-worker-1/WARN] No weighted models for: minecraft:simple_block_6162#facing=south
[22:17:49] [ForkJoinPool.commonPool-worker-1/WARN] Missing model for: minecraft:simple_block_6240#facing=east
[22:17:49] [ForkJoinPool.commonPool-worker-1/WARN] No weighted models for: minecraft:simple_block_6240#facing=east
[22:17:49] [ForkJoinPool.commonPool-worker-8/WARN] Missing model for: minecraft:simple_block_6248#facing=north
[22:17:49] [ForkJoinPool.commonPool-worker-8/WARN] No weighted models for: minecraft:simple_block_6248#facing=north
[22:17:49] [ForkJoinPool.commonPool-worker-3/WARN] Missing model for: minecraft:simple_block_6266#facing=south
[22:17:49] [ForkJoinPool.commonPool-worker-3/WARN] No weighted models for: minecraft:simple_block_6266#facing=south
[22:17:49] [ForkJoinPool.commonPool-worker-3/WARN] Missing model for: minecraft:simple_block_6237#facing=east
[22:17:49] [ForkJoinPool.commonPool-worker-3/WARN] No weighted models for: minecraft:simple_block_6237#facing=east
[22:17:49] [ForkJoinPool.commonPool-worker-8/WARN] Missing model for: minecraft:simple_block_6324#facing=west
[22:17:49] [ForkJoinPool.commonPool-worker-8/WARN] No weighted models for: minecraft:simple_block_6324#facing=west
[22:17:49] [ForkJoinPool.commonPool-worker-6/WARN] Missing model for: minecraft:simple_block_6291#facing=east
[22:17:49] [ForkJoinPool.commonPool-worker-6/WARN] No weighted models for: minecraft:simple_block_6291#facing=east
[22:17:49] [ForkJoinPool.commonPool-worker-8/WARN] Missing model for: minecraft:simple_block_6222#facing=north
[22:17:49] [ForkJoinPool.commonPool-worker-8/WARN] No weighted models for: minecraft:simple_block_6222#facing=north
[22:17:49] [ForkJoinPool.commonPool-worker-3/WARN] Missing model for: minecraft:simple_block_6235#facing=south
[22:17:49] [ForkJoinPool.commonPool-worker-3/WARN] No weighted models for: minecraft:simple_block_6235#facing=south
[22:17:49] [ForkJoinPool.commonPool-worker-3/WARN] Missing model for: minecraft:simple_block_6213#facing=north
[22:17:49] [ForkJoinPool.commonPool-worker-3/WARN] No weighted models for: minecraft:simple_block_6213#facing=north
[22:17:49] [ForkJoinPool.commonPool-worker-1/WARN] Missing model for: minecraft:simple_block_6196#facing=west
[22:17:49] [ForkJoinPool.commonPool-worker-1/WARN] No weighted models for: minecraft:simple_block_6196#facing=west
[22:17:49] [ForkJoinPool.commonPool-worker-7/WARN] Missing model for: minecraft:simple_block_6163#facing=north
[22:17:49] [ForkJoinPool.commonPool-worker-7/WARN] No weighted models for: minecraft:simple_block_6163#facing=north
[22:17:49] [ForkJoinPool.commonPool-worker-7/WARN] Missing model for: minecraft:simple_block_6168#facing=south
[22:17:49] [ForkJoinPool.commonPool-worker-7/WARN] No weighted models for: minecraft:simple_block_6168#facing=south
[22:17:49] [ForkJoinPool.commonPool-worker-3/WARN] Missing model for: minecraft:simple_block_6201#facing=east
[22:17:49] [ForkJoinPool.commonPool-worker-3/WARN] No weighted models for: minecraft:simple_block_6201#facing=east
[22:17:49] [ForkJoinPool.commonPool-worker-7/WARN] Missing model for: minecraft:simple_block_6304#facing=east
[22:17:49] [ForkJoinPool.commonPool-worker-7/WARN] No weighted models for: minecraft:simple_block_6304#facing=east
[22:17:49] [ForkJoinPool.commonPool-worker-3/WARN] Missing model for: minecraft:simple_block_6263#facing=west
[22:17:49] [ForkJoinPool.commonPool-worker-3/WARN] No weighted models for: minecraft:simple_block_6263#facing=west
[22:17:49] [ForkJoinPool.commonPool-worker-1/WARN] Missing model for: minecraft:simple_block_6224#facing=west
[22:17:49] [ForkJoinPool.commonPool-worker-1/WARN] No weighted models for: minecraft:simple_block_6224#facing=west
[22:17:49] [ForkJoinPool.commonPool-worker-5/WARN] Missing model for: minecraft:simple_block_6167#facing=east
[22:17:49] [ForkJoinPool.commonPool-worker-5/WARN] No weighted models for: minecraft:simple_block_6167#facing=east
[22:17:49] [ForkJoinPool.commonPool-worker-6/WARN] Missing model for: minecraft:simple_block_6295#facing=south
[22:17:49] [ForkJoinPool.commonPool-worker-6/WARN] No weighted models for: minecraft:simple_block_6295#facing=south
[22:17:49] [ForkJoinPool.commonPool-worker-5/WARN] Missing model for: minecraft:simple_block_6279#facing=east
[22:17:49] [ForkJoinPool.commonPool-worker-5/WARN] No weighted models for: minecraft:simple_block_6279#facing=east
[22:17:49] [ForkJoinPool.commonPool-worker-3/WARN] Missing model for: minecraft:simple_block_6249#facing=north
[22:17:49] [ForkJoinPool.commonPool-worker-3/WARN] No weighted models for: minecraft:simple_block_6249#facing=north
[22:17:49] [ForkJoinPool.commonPool-worker-5/WARN] Missing model for: minecraft:simple_block_6210#facing=south
[22:17:49] [ForkJoinPool.commonPool-worker-5/WARN] No weighted models for: minecraft:simple_block_6210#facing=south
[22:17:49] [ForkJoinPool.commonPool-worker-5/WARN] Missing model for: minecraft:simple_block_6165#facing=north
[22:17:49] [ForkJoinPool.commonPool-worker-5/WARN] No weighted models for: minecraft:simple_block_6165#facing=north
[22:17:49] [ForkJoinPool.commonPool-worker-6/WARN] Missing model for: minecraft:simple_block_6242#facing=south
[22:17:49] [ForkJoinPool.commonPool-worker-6/WARN] No weighted models for: minecraft:simple_block_6242#facing=south
[22:17:49] [ForkJoinPool.commonPool-worker-6/WARN] Missing model for: minecraft:simple_block_6206#facing=north
[22:17:49] [ForkJoinPool.commonPool-worker-6/WARN] No weighted models for: minecraft:simple_block_6206#facing=north
[22:17:49] [ForkJoinPool.commonPool-worker-7/WARN] Missing model for: minecraft:simple_block_6176#facing=north
[22:17:49] [ForkJoinPool.commonPool-worker-7/WARN] No weighted models for: minecraft:simple_block_6176#facing=north
[22:17:49] [ForkJoinPool.commonPool-worker-7/WARN] Missing model for: minecraft:simple_block_6300#facing=north
[22:17:49] [ForkJoinPool.commonPool-worker-7/WARN] No weighted models for: minecraft:simple_block_6300#facing=north
[22:17:49] [ForkJoinPool.commonPool-worker-6/WARN] Missing model for: minecraft:simple_block_6171#facing=north
[22:17:49] [ForkJoinPool.commonPool-worker-6/WARN] No weighted models for: minecraft:simple_block_6171#facing=north
[22:17:49] [ForkJoinPool.commonPool-worker-1/WARN] Missing model for: minecraft:simple_block_6271#facing=west
[22:17:49] [ForkJoinPool.commonPool-worker-1/WARN] No weighted models for: minecraft:simple_block_6271#facing=west
[22:17:49] [ForkJoinPool.commonPool-worker-7/WARN] Missing model for: minecraft:simple_block_6297#facing=north
[22:17:49] [ForkJoinPool.commonPool-worker-7/WARN] No weighted models for: minecraft:simple_block_6297#facing=north
[22:17:49] [ForkJoinPool.commonPool-worker-8/WARN] Missing model for: minecraft:simple_block_6311#facing=west
[22:17:49] [ForkJoinPool.commonPool-worker-8/WARN] No weighted models for: minecraft:simple_block_6311#facing=west
[22:17:49] [ForkJoinPool.commonPool-worker-3/WARN] Missing model for: minecraft:simple_block_6248#facing=east
[22:17:49] [ForkJoinPool.commonPool-worker-3/WARN] No weighted models for: minecraft:simple_block_6248#facing=east
[22:17:49] [ForkJoinPool.commonPool-worker-6/WARN] Missing model for: minecraft:simple_block_6177#facing=south
[22:17:49] [ForkJoinPool.commonPool-worker-6/WARN] No weighted models for: minecraft:simple_block_6177#facing=south
[22:17:49] [ForkJoinPool.commonPool-worker-1/WARN] Missing model for: minecraft:simple_block_6221#facing=north
[22:17:49] [ForkJoinPool.commonPool-worker-1/WARN] No weighted models for: minecraft:simple_block_6221#facing=north
[22:17:49] [ForkJoinPool.commonPool-worker-8/WARN] Missing model for: minecraft:simple_block_6184#facing=west
[22:17:49] [ForkJoinPool.commonPool-worker-8/WARN] No weighted models for: minecraft:simple_block_6184#facing=west
[22:17:49] [ForkJoinPool.commonPool-worker-3/WARN] Missing model for: minecraft:simple_block_6157#facing=north
[22:17:49] [ForkJoinPool.commonPool-worker-8/WARN] Missing model for: minecraft:simple_block_6197#facing=west
[22:17:49] [ForkJoinPool.commonPool-worker-3/WARN] No weighted models for: minecraft:simple_block_6157#facing=north
[22:17:49] [ForkJoinPool.commonPool-worker-8/WARN] No weighted models for: minecraft:simple_block_6197#facing=west
[22:17:49] [ForkJoinPool.commonPool-worker-3/WARN] Missing model for: minecraft:simple_block_6327#facing=south
[22:17:49] [ForkJoinPool.commonPool-worker-3/WARN] No weighted models for: minecraft:simple_block_6327#facing=south
[22:17:49] [ForkJoinPool.commonPool-worker-5/WARN] Missing model for: minecraft:simple_block_6196#facing=south
[22:17:49] [ForkJoinPool.commonPool-worker-5/WARN] No weighted models for: minecraft:simple_block_6196#facing=south
[22:17:49] [ForkJoinPool.commonPool-worker-1/WARN] Missing model for: minecraft:simple_block_6227#facing=south
[22:17:49] [ForkJoinPool.commonPool-worker-1/WARN] No weighted models for: minecraft:simple_block_6227#facing=south
[22:17:49] [ForkJoinPool.commonPool-worker-1/WARN] Missing model for: minecraft:simple_block_6257#facing=north
[22:17:49] [ForkJoinPool.commonPool-worker-1/WARN] No weighted models for: minecraft:simple_block_6257#facing=north
[22:17:49] [ForkJoinPool.commonPool-worker-5/WARN] Missing model for: minecraft:simple_block_6238#facing=north
[22:17:49] [ForkJoinPool.commonPool-worker-5/WARN] No weighted models for: minecraft:simple_block_6238#facing=north
[22:17:49] [ForkJoinPool.commonPool-worker-1/WARN] Missing model for: minecraft:simple_block_6276#facing=east
[22:17:49] [ForkJoinPool.commonPool-worker-1/WARN] No weighted models for: minecraft:simple_block_6276#facing=east
[22:17:49] [ForkJoinPool.commonPool-worker-3/WARN] Missing model for: minecraft:simple_block_6219#facing=west
[22:17:49] [ForkJoinPool.commonPool-worker-3/WARN] No weighted models for: minecraft:simple_block_6219#facing=west
[22:17:49] [ForkJoinPool.commonPool-worker-8/WARN] Missing model for: minecraft:simple_block_6223#facing=south
[22:17:49] [ForkJoinPool.commonPool-worker-8/WARN] No weighted models for: minecraft:simple_block_6223#facing=south
[22:17:49] [ForkJoinPool.commonPool-worker-8/WARN] Missing model for: minecraft:simple_block_6161#facing=south
[22:17:49] [ForkJoinPool.commonPool-worker-8/WARN] No weighted models for: minecraft:simple_block_6161#facing=south
[22:17:49] [ForkJoinPool.commonPool-worker-8/WARN] Missing model for: minecraft:simple_block_6223#facing=west
[22:17:49] [ForkJoinPool.commonPool-worker-8/WARN] No weighted models for: minecraft:simple_block_6223#facing=west
[22:17:49] [ForkJoinPool.commonPool-worker-7/WARN] Missing model for: minecraft:simple_block_6228#facing=west
[22:17:49] [ForkJoinPool.commonPool-worker-7/WARN] No weighted models for: minecraft:simple_block_6228#facing=west
[22:17:49] [ForkJoinPool.commonPool-worker-7/WARN] Missing model for: minecraft:simple_block_6296#facing=west
[22:17:49] [ForkJoinPool.commonPool-worker-7/WARN] No weighted models for: minecraft:simple_block_6296#facing=west
[22:17:49] [ForkJoinPool.commonPool-worker-3/WARN] Missing model for: minecraft:simple_block_6212#facing=east
[22:17:49] [ForkJoinPool.commonPool-worker-3/WARN] No weighted models for: minecraft:simple_block_6212#facing=east
[22:17:49] [ForkJoinPool.commonPool-worker-3/WARN] Missing model for: minecraft:simple_block_6232#facing=west
[22:17:49] [ForkJoinPool.commonPool-worker-3/WARN] No weighted models for: minecraft:simple_block_6232#facing=west
[22:17:49] [ForkJoinPool.commonPool-worker-3/WARN] Missing model for: minecraft:simple_block_6232#facing=east
[22:17:49] [ForkJoinPool.commonPool-worker-3/WARN] No weighted models for: minecraft:simple_block_6232#facing=east
[22:17:49] [ForkJoinPool.commonPool-worker-7/WARN] Missing model for: minecraft:simple_block_6239#facing=east
[22:17:49] [ForkJoinPool.commonPool-worker-7/WARN] No weighted models for: minecraft:simple_block_6239#facing=east
[22:17:49] [ForkJoinPool.commonPool-worker-5/WARN] Missing model for: minecraft:simple_block_6311#facing=east
[22:17:49] [ForkJoinPool.commonPool-worker-7/WARN] Missing model for: minecraft:simple_block_6283#facing=west
[22:17:49] [ForkJoinPool.commonPool-worker-7/WARN] No weighted models for: minecraft:simple_block_6283#facing=west
[22:17:49] [ForkJoinPool.commonPool-worker-1/WARN] Missing model for: minecraft:simple_block_6302#facing=south
[22:17:49] [ForkJoinPool.commonPool-worker-1/WARN] No weighted models for: minecraft:simple_block_6302#facing=south
[22:17:49] [ForkJoinPool.commonPool-worker-5/WARN] No weighted models for: minecraft:simple_block_6311#facing=east
[22:17:49] [ForkJoinPool.commonPool-worker-1/WARN] Missing model for: minecraft:simple_block_6325#facing=east
[22:17:49] [ForkJoinPool.commonPool-worker-1/WARN] No weighted models for: minecraft:simple_block_6325#facing=east
[22:17:49] [ForkJoinPool.commonPool-worker-3/WARN] Missing model for: minecraft:simple_block_6314#facing=north
[22:17:49] [ForkJoinPool.commonPool-worker-3/WARN] No weighted models for: minecraft:simple_block_6314#facing=north
[22:17:49] [ForkJoinPool.commonPool-worker-6/WARN] Missing model for: minecraft:simple_block_6243#facing=south
[22:17:49] [ForkJoinPool.commonPool-worker-6/WARN] No weighted models for: minecraft:simple_block_6243#facing=south
[22:17:49] [ForkJoinPool.commonPool-worker-5/WARN] Missing model for: minecraft:simple_block_6275#facing=south
[22:17:49] [ForkJoinPool.commonPool-worker-5/WARN] No weighted models for: minecraft:simple_block_6275#facing=south
[22:17:49] [ForkJoinPool.commonPool-worker-1/WARN] Missing model for: minecraft:simple_block_6247#facing=north
[22:17:49] [ForkJoinPool.commonPool-worker-1/WARN] No weighted models for: minecraft:simple_block_6247#facing=north
[22:17:49] [ForkJoinPool.commonPool-worker-5/WARN] Missing model for: minecraft:simple_block_6218#facing=south
[22:17:49] [ForkJoinPool.commonPool-worker-5/WARN] No weighted models for: minecraft:simple_block_6218#facing=south
[22:17:49] [ForkJoinPool.commonPool-worker-5/WARN] Missing model for: minecraft:simple_block_6210#facing=east
[22:17:49] [ForkJoinPool.commonPool-worker-5/WARN] No weighted models for: minecraft:simple_block_6210#facing=east
[22:17:49] [ForkJoinPool.commonPool-worker-5/WARN] Missing model for: minecraft:simple_block_6280#facing=west
[22:17:49] [ForkJoinPool.commonPool-worker-5/WARN] No weighted models for: minecraft:simple_block_6280#facing=west
[22:17:49] [ForkJoinPool.commonPool-worker-6/WARN] Missing model for: minecraft:simple_block_6286#facing=west
[22:17:49] [ForkJoinPool.commonPool-worker-6/WARN] No weighted models for: minecraft:simple_block_6286#facing=west
[22:17:49] [ForkJoinPool.commonPool-worker-5/WARN] Missing model for: minecraft:simple_block_6324#facing=east
[22:17:49] [ForkJoinPool.commonPool-worker-5/WARN] No weighted models for: minecraft:simple_block_6324#facing=east
[22:17:49] [ForkJoinPool.commonPool-worker-7/WARN] Missing model for: minecraft:simple_block_6252#facing=west
[22:17:49] [ForkJoinPool.commonPool-worker-7/WARN] No weighted models for: minecraft:simple_block_6252#facing=west
[22:17:49] [ForkJoinPool.commonPool-worker-6/WARN] Missing model for: minecraft:simple_block_6190#facing=east
[22:17:49] [ForkJoinPool.commonPool-worker-6/WARN] No weighted models for: minecraft:simple_block_6190#facing=east
[22:17:49] [ForkJoinPool.commonPool-worker-3/WARN] Missing model for: minecraft:simple_block_6302#facing=east
[22:17:49] [ForkJoinPool.commonPool-worker-3/WARN] No weighted models for: minecraft:simple_block_6302#facing=east
[22:17:49] [ForkJoinPool.commonPool-worker-6/WARN] Missing model for: minecraft:simple_block_6309#facing=east
[22:17:49] [ForkJoinPool.commonPool-worker-6/WARN] No weighted models for: minecraft:simple_block_6309#facing=east
[22:17:49] [ForkJoinPool.commonPool-worker-5/WARN] Missing model for: minecraft:simple_block_6323#facing=north
[22:17:49] [ForkJoinPool.commonPool-worker-5/WARN] No weighted models for: minecraft:simple_block_6323#facing=north
[22:17:49] [ForkJoinPool.commonPool-worker-6/WARN] Missing model for: minecraft:simple_block_6307#facing=north
[22:17:49] [ForkJoinPool.commonPool-worker-6/WARN] No weighted models for: minecraft:simple_block_6307#facing=north
[22:17:49] [ForkJoinPool.commonPool-worker-8/WARN] Missing model for: minecraft:simple_block_6196#facing=east
[22:17:49] [ForkJoinPool.commonPool-worker-8/WARN] No weighted models for: minecraft:simple_block_6196#facing=east
[22:17:49] [ForkJoinPool.commonPool-worker-8/WARN] Missing model for: minecraft:simple_block_6316#facing=east
[22:17:49] [ForkJoinPool.commonPool-worker-8/WARN] No weighted models for: minecraft:simple_block_6316#facing=east
[22:17:49] [ForkJoinPool.commonPool-worker-3/WARN] Missing model for: minecraft:simple_block_6297#facing=south
[22:17:49] [ForkJoinPool.commonPool-worker-3/WARN] No weighted models for: minecraft:simple_block_6297#facing=south
[22:17:49] [ForkJoinPool.commonPool-worker-7/WARN] Missing model for: minecraft:simple_block_6226#facing=east
[22:17:49] [ForkJoinPool.commonPool-worker-7/WARN] No weighted models for: minecraft:simple_block_6226#facing=east
[22:17:49] [ForkJoinPool.commonPool-worker-6/WARN] Missing model for: minecraft:simple_block_6252#facing=south
[22:17:49] [ForkJoinPool.commonPool-worker-6/WARN] No weighted models for: minecraft:simple_block_6252#facing=south
[22:17:49] [ForkJoinPool.commonPool-worker-5/WARN] Missing model for: minecraft:simple_block_6191#facing=north
[22:17:49] [ForkJoinPool.commonPool-worker-5/WARN] No weighted models for: minecraft:simple_block_6191#facing=north
[22:17:49] [ForkJoinPool.commonPool-worker-6/WARN] Missing model for: minecraft:simple_block_6292#facing=east
[22:17:49] [ForkJoinPool.commonPool-worker-6/WARN] No weighted models for: minecraft:simple_block_6292#facing=east
[22:17:49] [ForkJoinPool.commonPool-worker-5/WARN] Missing model for: minecraft:simple_block_6171#facing=east
[22:17:49] [ForkJoinPool.commonPool-worker-5/WARN] No weighted models for: minecraft:simple_block_6171#facing=east
[22:17:49] [ForkJoinPool.commonPool-worker-3/WARN] Missing model for: minecraft:simple_block_6244#facing=north
[22:17:49] [ForkJoinPool.commonPool-worker-3/WARN] No weighted models for: minecraft:simple_block_6244#facing=north
[22:17:49] [ForkJoinPool.commonPool-worker-3/WARN] Missing model for: minecraft:simple_block_6270#facing=north
[22:17:49] [ForkJoinPool.commonPool-worker-3/WARN] No weighted models for: minecraft:simple_block_6270#facing=north
[22:17:49] [ForkJoinPool.commonPool-worker-3/WARN] Missing model for: minecraft:simple_block_6162#facing=west
[22:17:49] [ForkJoinPool.commonPool-worker-3/WARN] No weighted models for: minecraft:simple_block_6162#facing=west
[22:17:49] [ForkJoinPool.commonPool-worker-7/WARN] Missing model for: minecraft:simple_block_6288#facing=west
[22:17:49] [ForkJoinPool.commonPool-worker-7/WARN] No weighted models for: minecraft:simple_block_6288#facing=west
[22:17:49] [ForkJoinPool.commonPool-worker-7/WARN] Missing model for: minecraft:simple_block_6182#facing=south
[22:17:49] [ForkJoinPool.commonPool-worker-7/WARN] No weighted models for: minecraft:simple_block_6182#facing=south
[22:17:49] [ForkJoinPool.commonPool-worker-1/WARN] Missing model for: minecraft:simple_block_6319#facing=west
[22:17:49] [ForkJoinPool.commonPool-worker-1/WARN] No weighted models for: minecraft:simple_block_6319#facing=west
[22:17:49] [ForkJoinPool.commonPool-worker-7/WARN] Missing model for: minecraft:simple_block_6184#facing=east
[22:17:49] [ForkJoinPool.commonPool-worker-7/WARN] No weighted models for: minecraft:simple_block_6184#facing=east
[22:17:49] [ForkJoinPool.commonPool-worker-1/WARN] Missing model for: minecraft:simple_block_6244#facing=west
[22:17:49] [ForkJoinPool.commonPool-worker-1/WARN] No weighted models for: minecraft:simple_block_6244#facing=west
[22:17:49] [ForkJoinPool.commonPool-worker-1/WARN] Missing model for: minecraft:simple_block_6176#facing=west
[22:17:49] [ForkJoinPool.commonPool-worker-1/WARN] No weighted models for: minecraft:simple_block_6176#facing=west
[22:17:49] [ForkJoinPool.commonPool-worker-5/WARN] Missing model for: minecraft:simple_block_6253#facing=north
[22:17:49] [ForkJoinPool.commonPool-worker-5/WARN] No weighted models for: minecraft:simple_block_6253#facing=north
[22:17:49] [ForkJoinPool.commonPool-worker-5/WARN] Missing model for: minecraft:simple_block_6209#facing=north
[22:17:49] [ForkJoinPool.commonPool-worker-5/WARN] No weighted models for: minecraft:simple_block_6209#facing=north
[22:17:49] [ForkJoinPool.commonPool-worker-7/WARN] Missing model for: minecraft:simple_block_6303#facing=north
[22:17:49] [ForkJoinPool.commonPool-worker-7/WARN] No weighted models for: minecraft:simple_block_6303#facing=north
[22:17:49] [ForkJoinPool.commonPool-worker-1/WARN] Missing model for: minecraft:simple_block_6257#facing=west
[22:17:49] [ForkJoinPool.commonPool-worker-1/WARN] No weighted models for: minecraft:simple_block_6257#facing=west
[22:17:49] [ForkJoinPool.commonPool-worker-5/WARN] Missing model for: minecraft:simple_block_6241#facing=east
[22:17:49] [ForkJoinPool.commonPool-worker-5/WARN] No weighted models for: minecraft:simple_block_6241#facing=east
[22:17:49] [ForkJoinPool.commonPool-worker-3/WARN] Missing model for: minecraft:simple_block_6209#facing=south
[22:17:49] [ForkJoinPool.commonPool-worker-3/WARN] No weighted models for: minecraft:simple_block_6209#facing=south
[22:17:49] [ForkJoinPool.commonPool-worker-7/WARN] Missing model for: minecraft:simple_block_6286#facing=south
[22:17:49] [ForkJoinPool.commonPool-worker-5/WARN] Missing model for: minecraft:simple_block_6261#facing=north
[22:17:49] [ForkJoinPool.commonPool-worker-5/WARN] No weighted models for: minecraft:simple_block_6261#facing=north
[22:17:49] [ForkJoinPool.commonPool-worker-7/WARN] No weighted models for: minecraft:simple_block_6286#facing=south
[22:17:49] [ForkJoinPool.commonPool-worker-3/WARN] Missing model for: minecraft:simple_block_6206#facing=west
[22:17:49] [ForkJoinPool.commonPool-worker-3/WARN] No weighted models for: minecraft:simple_block_6206#facing=west
[22:17:49] [ForkJoinPool.commonPool-worker-7/WARN] Missing model for: minecraft:simple_block_6316#facing=north
[22:17:49] [ForkJoinPool.commonPool-worker-7/WARN] No weighted models for: minecraft:simple_block_6316#facing=north
[22:17:49] [ForkJoinPool.commonPool-worker-1/WARN] Missing model for: minecraft:simple_block_6163#facing=west
[22:17:49] [ForkJoinPool.commonPool-worker-1/WARN] No weighted models for: minecraft:simple_block_6163#facing=west
[22:17:49] [ForkJoinPool.commonPool-worker-7/WARN] Missing model for: minecraft:simple_block_6191#facing=east
[22:17:49] [ForkJoinPool.commonPool-worker-7/WARN] No weighted models for: minecraft:simple_block_6191#facing=east
[22:17:49] [ForkJoinPool.commonPool-worker-1/WARN] Missing model for: minecraft:simple_block_6189#facing=west
[22:17:49] [ForkJoinPool.commonPool-worker-1/WARN] No weighted models for: minecraft:simple_block_6189#facing=west
[22:17:49] [ForkJoinPool.commonPool-worker-5/WARN] Missing model for: minecraft:simple_block_6215#facing=west
[22:17:49] [ForkJoinPool.commonPool-worker-5/WARN] No weighted models for: minecraft:simple_block_6215#facing=west
[22:17:49] [ForkJoinPool.commonPool-worker-1/WARN] Missing model for: minecraft:simple_block_6328#facing=north
[22:17:49] [ForkJoinPool.commonPool-worker-5/WARN] Missing model for: minecraft:simple_block_6285#facing=west
[22:17:49] [ForkJoinPool.commonPool-worker-1/WARN] No weighted models for: minecraft:simple_block_6328#facing=north
[22:17:49] [ForkJoinPool.commonPool-worker-5/WARN] No weighted models for: minecraft:simple_block_6285#facing=west
[22:17:49] [ForkJoinPool.commonPool-worker-5/WARN] Missing model for: minecraft:simple_block_6272#facing=west
[22:17:49] [ForkJoinPool.commonPool-worker-5/WARN] No weighted models for: minecraft:simple_block_6272#facing=west
[22:17:49] [ForkJoinPool.commonPool-worker-8/WARN] Missing model for: minecraft:simple_block_6259#facing=south
[22:17:49] [ForkJoinPool.commonPool-worker-8/WARN] No weighted models for: minecraft:simple_block_6259#facing=south
[22:17:49] [ForkJoinPool.commonPool-worker-8/WARN] Missing model for: minecraft:simple_block_6225#facing=north
[22:17:49] [ForkJoinPool.commonPool-worker-8/WARN] No weighted models for: minecraft:simple_block_6225#facing=north
[22:17:49] [ForkJoinPool.commonPool-worker-8/WARN] Missing model for: minecraft:simple_block_6167#facing=south
[22:17:49] [ForkJoinPool.commonPool-worker-8/WARN] No weighted models for: minecraft:simple_block_6167#facing=south
[22:17:49] [ForkJoinPool.commonPool-worker-8/WARN] Missing model for: minecraft:simple_block_6317#facing=north
[22:17:49] [ForkJoinPool.commonPool-worker-8/WARN] No weighted models for: minecraft:simple_block_6317#facing=north
[22:17:49] [ForkJoinPool.commonPool-worker-3/WARN] Missing model for: minecraft:simple_block_6254#facing=west
[22:17:49] [ForkJoinPool.commonPool-worker-3/WARN] No weighted models for: minecraft:simple_block_6254#facing=west
[22:17:49] [ForkJoinPool.commonPool-worker-3/WARN] Missing model for: minecraft:simple_block_6318#facing=north
[22:17:49] [ForkJoinPool.commonPool-worker-3/WARN] No weighted models for: minecraft:simple_block_6318#facing=north
[22:17:49] [ForkJoinPool.commonPool-worker-3/WARN] Missing model for: minecraft:simple_block_6293#facing=east
[22:17:49] [ForkJoinPool.commonPool-worker-3/WARN] No weighted models for: minecraft:simple_block_6293#facing=east
[22:17:49] [ForkJoinPool.commonPool-worker-7/WARN] Missing model for: minecraft:simple_block_6160#facing=north
[22:17:49] [ForkJoinPool.commonPool-worker-7/WARN] No weighted models for: minecraft:simple_block_6160#facing=north
[22:17:49] [ForkJoinPool.commonPool-worker-1/WARN] Missing model for: minecraft:simple_block_6201#facing=north
[22:17:49] [ForkJoinPool.commonPool-worker-1/WARN] No weighted models for: minecraft:simple_block_6201#facing=north
[22:17:49] [ForkJoinPool.commonPool-worker-3/WARN] Missing model for: minecraft:simple_block_6179#facing=west
[22:17:49] [ForkJoinPool.commonPool-worker-3/WARN] No weighted models for: minecraft:simple_block_6179#facing=west
[22:17:49] [ForkJoinPool.commonPool-worker-6/WARN] Missing model for: minecraft:simple_block_6326#facing=east
[22:17:49] [ForkJoinPool.commonPool-worker-6/WARN] No weighted models for: minecraft:simple_block_6326#facing=east
[22:17:49] [ForkJoinPool.commonPool-worker-7/WARN] Missing model for: minecraft:simple_block_6165#facing=south
[22:17:49] [ForkJoinPool.commonPool-worker-7/WARN] No weighted models for: minecraft:simple_block_6165#facing=south
[22:17:49] [ForkJoinPool.commonPool-worker-8/WARN] Missing model for: minecraft:simple_block_6292#facing=west
[22:17:49] [ForkJoinPool.commonPool-worker-8/WARN] No weighted models for: minecraft:simple_block_6292#facing=west
[22:17:49] [ForkJoinPool.commonPool-worker-5/WARN] Missing model for: minecraft:simple_block_6266#facing=north
[22:17:49] [ForkJoinPool.commonPool-worker-5/WARN] No weighted models for: minecraft:simple_block_6266#facing=north
[22:17:49] [ForkJoinPool.commonPool-worker-5/WARN] Missing model for: minecraft:simple_block_6158#facing=west
[22:17:49] [ForkJoinPool.commonPool-worker-5/WARN] No weighted models for: minecraft:simple_block_6158#facing=west
[22:17:49] [ForkJoinPool.commonPool-worker-5/WARN] Missing model for: minecraft:simple_block_6230#facing=north
[22:17:49] [ForkJoinPool.commonPool-worker-5/WARN] No weighted models for: minecraft:simple_block_6230#facing=north
[22:17:49] [ForkJoinPool.commonPool-worker-1/WARN] Missing model for: minecraft:simple_block_6315#facing=north
[22:17:49] [ForkJoinPool.commonPool-worker-1/WARN] No weighted models for: minecraft:simple_block_6315#facing=north
[22:17:49] [ForkJoinPool.commonPool-worker-3/WARN] Missing model for: minecraft:simple_block_6280#facing=east
[22:17:49] [ForkJoinPool.commonPool-worker-8/WARN] Missing model for: minecraft:simple_block_6269#facing=south
[22:17:49] [ForkJoinPool.commonPool-worker-3/WARN] No weighted models for: minecraft:simple_block_6280#facing=east
[22:17:49] [ForkJoinPool.commonPool-worker-8/WARN] No weighted models for: minecraft:simple_block_6269#facing=south
[22:17:49] [ForkJoinPool.commonPool-worker-8/WARN] Missing model for: minecraft:simple_block_6233#facing=south
[22:17:49] [ForkJoinPool.commonPool-worker-8/WARN] No weighted models for: minecraft:simple_block_6233#facing=south
[22:17:49] [ForkJoinPool.commonPool-worker-7/WARN] Missing model for: minecraft:simple_block_6235#facing=west
[22:17:49] [ForkJoinPool.commonPool-worker-7/WARN] No weighted models for: minecraft:simple_block_6235#facing=west
[22:17:49] [ForkJoinPool.commonPool-worker-7/WARN] Missing model for: minecraft:simple_block_6238#facing=south
[22:17:49] [ForkJoinPool.commonPool-worker-7/WARN] No weighted models for: minecraft:simple_block_6238#facing=south
[22:17:49] [ForkJoinPool.commonPool-worker-7/WARN] Missing model for: minecraft:simple_block_6319#facing=north
[22:17:49] [ForkJoinPool.commonPool-worker-7/WARN] No weighted models for: minecraft:simple_block_6319#facing=north
[22:17:49] [ForkJoinPool.commonPool-worker-1/WARN] Missing model for: minecraft:simple_block_6214#facing=north
[22:17:49] [ForkJoinPool.commonPool-worker-8/WARN] Missing model for: minecraft:simple_block_6272#facing=east
[22:17:49] [ForkJoinPool.commonPool-worker-8/WARN] No weighted models for: minecraft:simple_block_6272#facing=east
[22:17:49] [ForkJoinPool.commonPool-worker-1/WARN] No weighted models for: minecraft:simple_block_6214#facing=north
[22:17:49] [ForkJoinPool.commonPool-worker-6/WARN] Missing model for: minecraft:simple_block_6220#facing=west
[22:17:49] [ForkJoinPool.commonPool-worker-6/WARN] No weighted models for: minecraft:simple_block_6220#facing=west
[22:17:49] [ForkJoinPool.commonPool-worker-3/WARN] Missing model for: minecraft:simple_block_6217#facing=north
[22:17:49] [ForkJoinPool.commonPool-worker-3/WARN] No weighted models for: minecraft:simple_block_6217#facing=north
[22:17:49] [ForkJoinPool.commonPool-worker-3/WARN] Missing model for: minecraft:simple_block_6267#facing=west
[22:17:49] [ForkJoinPool.commonPool-worker-3/WARN] No weighted models for: minecraft:simple_block_6267#facing=west
[22:17:49] [ForkJoinPool.commonPool-worker-6/WARN] Missing model for: minecraft:simple_block_6285#facing=south
[22:17:49] [ForkJoinPool.commonPool-worker-6/WARN] No weighted models for: minecraft:simple_block_6285#facing=south
[22:17:49] [ForkJoinPool.commonPool-worker-7/WARN] Missing model for: minecraft:simple_block_6202#facing=south
[22:17:49] [ForkJoinPool.commonPool-worker-7/WARN] No weighted models for: minecraft:simple_block_6202#facing=south
[22:17:49] [ForkJoinPool.commonPool-worker-1/WARN] Missing model for: minecraft:simple_block_6283#facing=east
[22:17:49] [ForkJoinPool.commonPool-worker-1/WARN] No weighted models for: minecraft:simple_block_6283#facing=east
[22:17:49] [ForkJoinPool.commonPool-worker-3/WARN] Missing model for: minecraft:simple_block_6231#facing=south
[22:17:49] [ForkJoinPool.commonPool-worker-3/WARN] No weighted models for: minecraft:simple_block_6231#facing=south
[22:17:49] [ForkJoinPool.commonPool-worker-8/WARN] Missing model for: minecraft:simple_block_6282#facing=east
[22:17:49] [ForkJoinPool.commonPool-worker-3/WARN] Missing model for: minecraft:simple_block_6257#facing=south
[22:17:49] [ForkJoinPool.commonPool-worker-3/WARN] No weighted models for: minecraft:simple_block_6257#facing=south
[22:17:49] [ForkJoinPool.commonPool-worker-8/WARN] No weighted models for: minecraft:simple_block_6282#facing=east
[22:17:49] [ForkJoinPool.commonPool-worker-7/WARN] Missing model for: minecraft:simple_block_6246#facing=north
[22:17:49] [ForkJoinPool.commonPool-worker-7/WARN] No weighted models for: minecraft:simple_block_6246#facing=north
[22:17:49] [ForkJoinPool.commonPool-worker-1/WARN] Missing model for: minecraft:simple_block_6158#facing=east
[22:17:49] [ForkJoinPool.commonPool-worker-1/WARN] No weighted models for: minecraft:simple_block_6158#facing=east
[22:17:49] [ForkJoinPool.commonPool-worker-1/WARN] Missing model for: minecraft:simple_block_6231#facing=west
[22:17:49] [ForkJoinPool.commonPool-worker-1/WARN] No weighted models for: minecraft:simple_block_6231#facing=west
[22:17:49] [ForkJoinPool.commonPool-worker-7/WARN] Missing model for: minecraft:simple_block_6284#facing=south
[22:17:49] [ForkJoinPool.commonPool-worker-7/WARN] No weighted models for: minecraft:simple_block_6284#facing=south
[22:17:49] [ForkJoinPool.commonPool-worker-8/WARN] Missing model for: minecraft:simple_block_6181#facing=north
[22:17:49] [ForkJoinPool.commonPool-worker-8/WARN] No weighted models for: minecraft:simple_block_6181#facing=north
[22:17:49] [ForkJoinPool.commonPool-worker-5/WARN] Missing model for: minecraft:simple_block_6199#facing=north
[22:17:49] [ForkJoinPool.commonPool-worker-5/WARN] No weighted models for: minecraft:simple_block_6199#facing=north
[22:17:49] [ForkJoinPool.commonPool-worker-7/WARN] Missing model for: minecraft:simple_block_6156#facing=north
[22:17:49] [ForkJoinPool.commonPool-worker-7/WARN] No weighted models for: minecraft:simple_block_6156#facing=north
[22:17:49] [ForkJoinPool.commonPool-worker-5/WARN] Missing model for: minecraft:simple_block_6254#facing=east
[22:17:49] [ForkJoinPool.commonPool-worker-5/WARN] No weighted models for: minecraft:simple_block_6254#facing=east
[22:17:49] [ForkJoinPool.commonPool-worker-5/WARN] Missing model for: minecraft:simple_block_6288#facing=south
[22:17:49] [ForkJoinPool.commonPool-worker-1/WARN] Missing model for: minecraft:simple_block_6156#facing=south
[22:17:49] [ForkJoinPool.commonPool-worker-1/WARN] No weighted models for: minecraft:simple_block_6156#facing=south
[22:17:49] [ForkJoinPool.commonPool-worker-5/WARN] No weighted models for: minecraft:simple_block_6288#facing=south
[22:17:49] [ForkJoinPool.commonPool-worker-7/WARN] Missing model for: minecraft:simple_block_6201#facing=south
[22:17:49] [ForkJoinPool.commonPool-worker-7/WARN] No weighted models for: minecraft:simple_block_6201#facing=south
[22:17:49] [ForkJoinPool.commonPool-worker-3/WARN] Missing model for: minecraft:simple_block_6244#facing=south
[22:17:49] [ForkJoinPool.commonPool-worker-3/WARN] No weighted models for: minecraft:simple_block_6244#facing=south
[22:17:49] [ForkJoinPool.commonPool-worker-7/WARN] Missing model for: minecraft:simple_block_6183#facing=south
[22:17:49] [ForkJoinPool.commonPool-worker-7/WARN] No weighted models for: minecraft:simple_block_6183#facing=south
[22:17:49] [ForkJoinPool.commonPool-worker-1/WARN] Missing model for: minecraft:simple_block_6189#facing=south
[22:17:49] [ForkJoinPool.commonPool-worker-1/WARN] No weighted models for: minecraft:simple_block_6189#facing=south
[22:17:49] [ForkJoinPool.commonPool-worker-7/WARN] Missing model for: minecraft:simple_block_6175#facing=east
[22:17:49] [ForkJoinPool.commonPool-worker-7/WARN] No weighted models for: minecraft:simple_block_6175#facing=east
[22:17:49] [ForkJoinPool.commonPool-worker-5/WARN] Missing model for: minecraft:simple_block_6223#facing=east
[22:17:49] [ForkJoinPool.commonPool-worker-5/WARN] No weighted models for: minecraft:simple_block_6223#facing=east
[22:17:49] [ForkJoinPool.commonPool-worker-5/WARN] Missing model for: minecraft:simple_block_6187#facing=east
[22:17:49] [ForkJoinPool.commonPool-worker-5/WARN] No weighted models for: minecraft:simple_block_6187#facing=east
[22:17:49] [ForkJoinPool.commonPool-worker-3/WARN] Missing model for: minecraft:simple_block_6306#facing=west
[22:17:49] [ForkJoinPool.commonPool-worker-1/WARN] Missing model for: minecraft:simple_block_6192#facing=east
[22:17:49] [ForkJoinPool.commonPool-worker-1/WARN] No weighted models for: minecraft:simple_block_6192#facing=east
[22:17:49] [ForkJoinPool.commonPool-worker-3/WARN] No weighted models for: minecraft:simple_block_6306#facing=west
[22:17:49] [ForkJoinPool.commonPool-worker-3/WARN] Missing model for: minecraft:simple_block_6204#facing=north
[22:17:49] [ForkJoinPool.commonPool-worker-3/WARN] No weighted models for: minecraft:simple_block_6204#facing=north
[22:17:49] [ForkJoinPool.commonPool-worker-6/WARN] Missing model for: minecraft:simple_block_6200#facing=south
[22:17:49] [ForkJoinPool.commonPool-worker-6/WARN] No weighted models for: minecraft:simple_block_6200#facing=south
[22:17:49] [ForkJoinPool.commonPool-worker-5/WARN] Missing model for: minecraft:simple_block_6176#facing=east
[22:17:49] [ForkJoinPool.commonPool-worker-5/WARN] No weighted models for: minecraft:simple_block_6176#facing=east
[22:17:49] [ForkJoinPool.commonPool-worker-5/WARN] Missing model for: minecraft:simple_block_6257#facing=east
[22:17:49] [ForkJoinPool.commonPool-worker-5/WARN] No weighted models for: minecraft:simple_block_6257#facing=east
[22:17:49] [ForkJoinPool.commonPool-worker-7/WARN] Missing model for: minecraft:simple_block_6231#facing=north
[22:17:49] [ForkJoinPool.commonPool-worker-1/WARN] Missing model for: minecraft:simple_block_6166#facing=south
[22:17:49] [ForkJoinPool.commonPool-worker-7/WARN] No weighted models for: minecraft:simple_block_6231#facing=north
[22:17:49] [ForkJoinPool.commonPool-worker-1/WARN] No weighted models for: minecraft:simple_block_6166#facing=south
[22:17:49] [ForkJoinPool.commonPool-worker-6/WARN] Missing model for: minecraft:simple_block_6197#facing=north
[22:17:49] [ForkJoinPool.commonPool-worker-1/WARN] Missing model for: minecraft:simple_block_6309#facing=west
[22:17:49] [ForkJoinPool.commonPool-worker-1/WARN] No weighted models for: minecraft:simple_block_6309#facing=west
[22:17:49] [ForkJoinPool.commonPool-worker-6/WARN] No weighted models for: minecraft:simple_block_6197#facing=north
[22:17:49] [ForkJoinPool.commonPool-worker-5/WARN] Missing model for: minecraft:simple_block_6168#facing=north
[22:17:49] [ForkJoinPool.commonPool-worker-5/WARN] No weighted models for: minecraft:simple_block_6168#facing=north
[22:17:49] [ForkJoinPool.commonPool-worker-3/WARN] Missing model for: minecraft:simple_block_6227#facing=north
[22:17:49] [ForkJoinPool.commonPool-worker-3/WARN] No weighted models for: minecraft:simple_block_6227#facing=north
[22:17:49] [ForkJoinPool.commonPool-worker-6/WARN] Missing model for: minecraft:simple_block_6232#facing=south
[22:17:49] [ForkJoinPool.commonPool-worker-6/WARN] No weighted models for: minecraft:simple_block_6232#facing=south
[22:17:49] [ForkJoinPool.commonPool-worker-8/WARN] Missing model for: minecraft:simple_block_6215#facing=north
[22:17:49] [ForkJoinPool.commonPool-worker-8/WARN] No weighted models for: minecraft:simple_block_6215#facing=north
[22:17:49] [ForkJoinPool.commonPool-worker-7/WARN] Missing model for: minecraft:simple_block_6283#facing=north
[22:17:49] [ForkJoinPool.commonPool-worker-7/WARN] No weighted models for: minecraft:simple_block_6283#facing=north
[22:17:49] [ForkJoinPool.commonPool-worker-1/WARN] Missing model for: minecraft:simple_block_6247#facing=south
[22:17:49] [ForkJoinPool.commonPool-worker-7/WARN] Missing model for: minecraft:simple_block_6219#facing=east
[22:17:49] [ForkJoinPool.commonPool-worker-7/WARN] No weighted models for: minecraft:simple_block_6219#facing=east
[22:17:49] [ForkJoinPool.commonPool-worker-1/WARN] No weighted models for: minecraft:simple_block_6247#facing=south
[22:17:49] [ForkJoinPool.commonPool-worker-7/WARN] Missing model for: minecraft:simple_block_6315#facing=west
[22:17:49] [ForkJoinPool.commonPool-worker-7/WARN] No weighted models for: minecraft:simple_block_6315#facing=west
[22:17:49] [ForkJoinPool.commonPool-worker-8/WARN] Missing model for: minecraft:simple_block_6282#facing=west
[22:17:49] [ForkJoinPool.commonPool-worker-8/WARN] No weighted models for: minecraft:simple_block_6282#facing=west
[22:17:49] [ForkJoinPool.commonPool-worker-8/WARN] Missing model for: minecraft:simple_block_6157#facing=south
[22:17:49] [ForkJoinPool.commonPool-worker-8/WARN] No weighted models for: minecraft:simple_block_6157#facing=south
[22:17:49] [ForkJoinPool.commonPool-worker-3/WARN] Missing model for: minecraft:simple_block_6169#facing=south
[22:17:49] [ForkJoinPool.commonPool-worker-3/WARN] No weighted models for: minecraft:simple_block_6169#facing=south
[22:17:49] [ForkJoinPool.commonPool-worker-3/WARN] Missing model for: minecraft:simple_block_6241#facing=west
[22:17:49] [ForkJoinPool.commonPool-worker-3/WARN] No weighted models for: minecraft:simple_block_6241#facing=west
[22:17:49] [ForkJoinPool.commonPool-worker-7/WARN] Missing model for: minecraft:simple_block_6323#facing=south
[22:17:49] [ForkJoinPool.commonPool-worker-7/WARN] No weighted models for: minecraft:simple_block_6323#facing=south
[22:17:49] [ForkJoinPool.commonPool-worker-7/WARN] Missing model for: minecraft:simple_block_6156#facing=east
[22:17:49] [ForkJoinPool.commonPool-worker-7/WARN] No weighted models for: minecraft:simple_block_6156#facing=east
[22:17:49] [ForkJoinPool.commonPool-worker-5/WARN] Missing model for: minecraft:simple_block_6259#facing=east
[22:17:49] [ForkJoinPool.commonPool-worker-5/WARN] No weighted models for: minecraft:simple_block_6259#facing=east
[22:17:49] [ForkJoinPool.commonPool-worker-3/WARN] Missing model for: minecraft:simple_block_6166#facing=west
[22:17:49] [ForkJoinPool.commonPool-worker-3/WARN] No weighted models for: minecraft:simple_block_6166#facing=west
[22:17:49] [ForkJoinPool.commonPool-worker-1/WARN] Missing model for: minecraft:simple_block_6296#facing=east
[22:17:49] [ForkJoinPool.commonPool-worker-1/WARN] No weighted models for: minecraft:simple_block_6296#facing=east
[22:17:49] [ForkJoinPool.commonPool-worker-1/WARN] Missing model for: minecraft:simple_block_6179#facing=south
[22:17:49] [ForkJoinPool.commonPool-worker-1/WARN] No weighted models for: minecraft:simple_block_6179#facing=south
[22:17:49] [ForkJoinPool.commonPool-worker-6/WARN] Missing model for: minecraft:simple_block_6268#facing=south
[22:17:49] [ForkJoinPool.commonPool-worker-6/WARN] No weighted models for: minecraft:simple_block_6268#facing=south
[22:17:49] [ForkJoinPool.commonPool-worker-8/WARN] Missing model for: minecraft:simple_block_6170#facing=east
[22:17:49] [ForkJoinPool.commonPool-worker-8/WARN] No weighted models for: minecraft:simple_block_6170#facing=east
[22:17:49] [ForkJoinPool.commonPool-worker-7/WARN] Missing model for: minecraft:simple_block_6182#facing=west
[22:17:49] [ForkJoinPool.commonPool-worker-3/WARN] Missing model for: minecraft:simple_block_6266#facing=east
[22:17:49] [ForkJoinPool.commonPool-worker-3/WARN] No weighted models for: minecraft:simple_block_6266#facing=east
[22:17:49] [ForkJoinPool.commonPool-worker-7/WARN] No weighted models for: minecraft:simple_block_6182#facing=west
[22:17:49] [ForkJoinPool.commonPool-worker-3/WARN] Missing model for: minecraft:simple_block_6204#facing=east
[22:17:49] [ForkJoinPool.commonPool-worker-3/WARN] No weighted models for: minecraft:simple_block_6204#facing=east
[22:17:49] [ForkJoinPool.commonPool-worker-5/WARN] Missing model for: minecraft:simple_block_6189#facing=east
[22:17:49] [ForkJoinPool.commonPool-worker-5/WARN] No weighted models for: minecraft:simple_block_6189#facing=east
[22:17:49] [ForkJoinPool.commonPool-worker-1/WARN] Missing model for: minecraft:simple_block_6168#facing=east
[22:17:49] [ForkJoinPool.commonPool-worker-1/WARN] No weighted models for: minecraft:simple_block_6168#facing=east
[22:17:49] [ForkJoinPool.commonPool-worker-3/WARN] Missing model for: minecraft:simple_block_6267#facing=north
[22:17:49] [ForkJoinPool.commonPool-worker-3/WARN] No weighted models for: minecraft:simple_block_6267#facing=north
[22:17:49] [ForkJoinPool.commonPool-worker-6/WARN] Missing model for: minecraft:simple_block_6187#facing=north
[22:17:49] [ForkJoinPool.commonPool-worker-6/WARN] No weighted models for: minecraft:simple_block_6187#facing=north
[22:17:49] [ForkJoinPool.commonPool-worker-6/WARN] Missing model for: minecraft:simple_block_6281#facing=east
[22:17:49] [ForkJoinPool.commonPool-worker-6/WARN] No weighted models for: minecraft:simple_block_6281#facing=east
[22:17:49] [ForkJoinPool.commonPool-worker-5/WARN] Missing model for: minecraft:simple_block_6284#facing=north
[22:17:49] [ForkJoinPool.commonPool-worker-5/WARN] No weighted models for: minecraft:simple_block_6284#facing=north
[22:17:49] [ForkJoinPool.commonPool-worker-7/WARN] Missing model for: minecraft:simple_block_6308#facing=south
[22:17:49] [ForkJoinPool.commonPool-worker-7/WARN] No weighted models for: minecraft:simple_block_6308#facing=south
[22:17:49] [ForkJoinPool.commonPool-worker-8/WARN] Missing model for: minecraft:simple_block_6246#facing=west
[22:17:49] [ForkJoinPool.commonPool-worker-8/WARN] No weighted models for: minecraft:simple_block_6246#facing=west
[22:17:49] [ForkJoinPool.commonPool-worker-7/WARN] Missing model for: minecraft:simple_block_6305#facing=west
[22:17:49] [ForkJoinPool.commonPool-worker-7/WARN] No weighted models for: minecraft:simple_block_6305#facing=west
[22:17:49] [ForkJoinPool.commonPool-worker-7/WARN] Missing model for: minecraft:simple_block_6185#facing=south
[22:17:49] [ForkJoinPool.commonPool-worker-7/WARN] No weighted models for: minecraft:simple_block_6185#facing=south
[22:17:49] [ForkJoinPool.commonPool-worker-3/WARN] Missing model for: minecraft:simple_block_6180#facing=west
[22:17:49] [ForkJoinPool.commonPool-worker-3/WARN] No weighted models for: minecraft:simple_block_6180#facing=west
[22:17:49] [ForkJoinPool.commonPool-worker-7/WARN] Missing model for: minecraft:simple_block_6210#facing=north
[22:17:49] [ForkJoinPool.commonPool-worker-7/WARN] No weighted models for: minecraft:simple_block_6210#facing=north
[22:17:49] [ForkJoinPool.commonPool-worker-7/WARN] Missing model for: minecraft:simple_block_6215#facing=south
[22:17:49] [ForkJoinPool.commonPool-worker-7/WARN] No weighted models for: minecraft:simple_block_6215#facing=south
[22:17:49] [ForkJoinPool.commonPool-worker-5/WARN] Missing model for: minecraft:simple_block_6204#facing=south
[22:17:49] [ForkJoinPool.commonPool-worker-5/WARN] No weighted models for: minecraft:simple_block_6204#facing=south
[22:17:49] [ForkJoinPool.commonPool-worker-8/WARN] Missing model for: minecraft:simple_block_6258#facing=north
[22:17:49] [ForkJoinPool.commonPool-worker-8/WARN] No weighted models for: minecraft:simple_block_6258#facing=north
[22:17:49] [ForkJoinPool.commonPool-worker-8/WARN] Missing model for: minecraft:simple_block_6239#facing=south
[22:17:49] [ForkJoinPool.commonPool-worker-8/WARN] No weighted models for: minecraft:simple_block_6239#facing=south
[22:17:49] [ForkJoinPool.commonPool-worker-3/WARN] Missing model for: minecraft:simple_block_6277#facing=north
[22:17:49] [ForkJoinPool.commonPool-worker-3/WARN] No weighted models for: minecraft:simple_block_6277#facing=north
[22:17:49] [ForkJoinPool.commonPool-worker-8/WARN] Missing model for: minecraft:simple_block_6197#facing=south
[22:17:49] [ForkJoinPool.commonPool-worker-8/WARN] No weighted models for: minecraft:simple_block_6197#facing=south
[22:17:49] [ForkJoinPool.commonPool-worker-3/WARN] Missing model for: minecraft:simple_block_6312#facing=south
[22:17:49] [ForkJoinPool.commonPool-worker-3/WARN] No weighted models for: minecraft:simple_block_6312#facing=south
[22:17:49] [ForkJoinPool.commonPool-worker-6/WARN] Missing model for: minecraft:simple_block_6216#facing=north
[22:17:49] [ForkJoinPool.commonPool-worker-6/WARN] No weighted models for: minecraft:simple_block_6216#facing=north
[22:17:49] [ForkJoinPool.commonPool-worker-6/WARN] Missing model for: minecraft:simple_block_6268#facing=north
[22:17:49] [ForkJoinPool.commonPool-worker-6/WARN] No weighted models for: minecraft:simple_block_6268#facing=north
[22:17:49] [ForkJoinPool.commonPool-worker-7/WARN] Missing model for: minecraft:simple_block_6327#facing=east
[22:17:49] [ForkJoinPool.commonPool-worker-7/WARN] No weighted models for: minecraft:simple_block_6327#facing=east
[22:17:49] [ForkJoinPool.commonPool-worker-7/WARN] Missing model for: minecraft:simple_block_6209#facing=east
[22:17:49] [ForkJoinPool.commonPool-worker-7/WARN] No weighted models for: minecraft:simple_block_6209#facing=east
[22:17:49] [ForkJoinPool.commonPool-worker-5/WARN] Missing model for: minecraft:simple_block_6279#facing=west
[22:17:49] [ForkJoinPool.commonPool-worker-5/WARN] No weighted models for: minecraft:simple_block_6279#facing=west
[22:17:49] [ForkJoinPool.commonPool-worker-3/WARN] Missing model for: minecraft:simple_block_6170#facing=west
[22:17:49] [ForkJoinPool.commonPool-worker-3/WARN] No weighted models for: minecraft:simple_block_6170#facing=west
[22:17:49] [ForkJoinPool.commonPool-worker-5/WARN] Missing model for: minecraft:simple_block_6187#facing=west
[22:17:49] [ForkJoinPool.commonPool-worker-5/WARN] No weighted models for: minecraft:simple_block_6187#facing=west
[22:17:49] [ForkJoinPool.commonPool-worker-5/WARN] Missing model for: minecraft:simple_block_6272#facing=south
[22:17:49] [ForkJoinPool.commonPool-worker-5/WARN] No weighted models for: minecraft:simple_block_6272#facing=south
[22:17:49] [ForkJoinPool.commonPool-worker-8/WARN] Missing model for: minecraft:simple_block_6184#facing=south
[22:17:49] [ForkJoinPool.commonPool-worker-8/WARN] No weighted models for: minecraft:simple_block_6184#facing=south
[22:17:49] [ForkJoinPool.commonPool-worker-8/WARN] Missing model for: minecraft:simple_block_6288#facing=east
[22:17:49] [ForkJoinPool.commonPool-worker-8/WARN] No weighted models for: minecraft:simple_block_6288#facing=east
[22:17:49] [ForkJoinPool.commonPool-worker-7/WARN] Missing model for: minecraft:simple_block_6269#facing=north
[22:17:49] [ForkJoinPool.commonPool-worker-7/WARN] No weighted models for: minecraft:simple_block_6269#facing=north
[22:17:49] [ForkJoinPool.commonPool-worker-3/WARN] Missing model for: minecraft:simple_block_6214#facing=west
[22:17:49] [ForkJoinPool.commonPool-worker-3/WARN] No weighted models for: minecraft:simple_block_6214#facing=west
[22:17:49] [ForkJoinPool.commonPool-worker-7/WARN] Missing model for: minecraft:simple_block_6283#facing=south
[22:17:49] [ForkJoinPool.commonPool-worker-7/WARN] No weighted models for: minecraft:simple_block_6283#facing=south
[22:17:49] [ForkJoinPool.commonPool-worker-6/WARN] Missing model for: minecraft:simple_block_6263#facing=south
[22:17:49] [ForkJoinPool.commonPool-worker-6/WARN] No weighted models for: minecraft:simple_block_6263#facing=south
[22:17:49] [ForkJoinPool.commonPool-worker-8/WARN] Missing model for: minecraft:simple_block_6161#facing=west
[22:17:49] [ForkJoinPool.commonPool-worker-8/WARN] No weighted models for: minecraft:simple_block_6161#facing=west
[22:17:49] [ForkJoinPool.commonPool-worker-1/WARN] Missing model for: minecraft:simple_block_6224#facing=north
[22:17:49] [ForkJoinPool.commonPool-worker-1/WARN] No weighted models for: minecraft:simple_block_6224#facing=north
[22:17:49] [ForkJoinPool.commonPool-worker-7/WARN] Missing model for: minecraft:simple_block_6268#facing=west
[22:17:49] [ForkJoinPool.commonPool-worker-7/WARN] No weighted models for: minecraft:simple_block_6268#facing=west
[22:17:49] [ForkJoinPool.commonPool-worker-7/WARN] Missing model for: minecraft:simple_block_6277#facing=east
[22:17:49] [ForkJoinPool.commonPool-worker-7/WARN] No weighted models for: minecraft:simple_block_6277#facing=east
[22:17:49] [ForkJoinPool.commonPool-worker-8/WARN] Missing model for: minecraft:simple_block_6200#facing=west
[22:17:49] [ForkJoinPool.commonPool-worker-8/WARN] No weighted models for: minecraft:simple_block_6200#facing=west
[22:17:49] [ForkJoinPool.commonPool-worker-7/WARN] Missing model for: minecraft:simple_block_6248#facing=west
[22:17:49] [ForkJoinPool.commonPool-worker-7/WARN] No weighted models for: minecraft:simple_block_6248#facing=west
[22:17:49] [ForkJoinPool.commonPool-worker-8/WARN] Missing model for: minecraft:simple_block_6226#facing=south
[22:17:49] [ForkJoinPool.commonPool-worker-8/WARN] No weighted models for: minecraft:simple_block_6226#facing=south
[22:17:49] [ForkJoinPool.commonPool-worker-8/WARN] Missing model for: minecraft:simple_block_6245#facing=north
[22:17:49] [ForkJoinPool.commonPool-worker-8/WARN] No weighted models for: minecraft:simple_block_6245#facing=north
[22:17:49] [ForkJoinPool.commonPool-worker-3/WARN] Missing model for: minecraft:simple_block_6322#facing=south
[22:17:49] [ForkJoinPool.commonPool-worker-3/WARN] No weighted models for: minecraft:simple_block_6322#facing=south
[22:17:49] [ForkJoinPool.commonPool-worker-3/WARN] Missing model for: minecraft:simple_block_6204#facing=west
[22:17:49] [ForkJoinPool.commonPool-worker-3/WARN] No weighted models for: minecraft:simple_block_6204#facing=west
[22:17:49] [ForkJoinPool.commonPool-worker-7/WARN] Missing model for: minecraft:simple_block_6318#facing=west
[22:17:49] [ForkJoinPool.commonPool-worker-7/WARN] No weighted models for: minecraft:simple_block_6318#facing=west
[22:17:49] [ForkJoinPool.commonPool-worker-6/WARN] Missing model for: minecraft:simple_block_6260#facing=west
[22:17:49] [ForkJoinPool.commonPool-worker-6/WARN] No weighted models for: minecraft:simple_block_6260#facing=west
[22:17:49] [ForkJoinPool.commonPool-worker-7/WARN] Missing model for: minecraft:simple_block_6270#facing=south
[22:17:49] [ForkJoinPool.commonPool-worker-7/WARN] No weighted models for: minecraft:simple_block_6270#facing=south
[22:17:49] [ForkJoinPool.commonPool-worker-7/WARN] Missing model for: minecraft:simple_block_6198#facing=west
[22:17:49] [ForkJoinPool.commonPool-worker-7/WARN] No weighted models for: minecraft:simple_block_6198#facing=west
[22:17:49] [ForkJoinPool.commonPool-worker-3/WARN] Missing model for: minecraft:simple_block_6241#facing=north
[22:17:49] [ForkJoinPool.commonPool-worker-3/WARN] No weighted models for: minecraft:simple_block_6241#facing=north
[22:17:49] [ForkJoinPool.commonPool-worker-5/WARN] Missing model for: minecraft:simple_block_6329#facing=west
[22:17:49] [ForkJoinPool.commonPool-worker-3/WARN] Missing model for: minecraft:simple_block_6316#facing=west
[22:17:49] [ForkJoinPool.commonPool-worker-3/WARN] No weighted models for: minecraft:simple_block_6316#facing=west
[22:17:49] [ForkJoinPool.commonPool-worker-5/WARN] No weighted models for: minecraft:simple_block_6329#facing=west
[22:17:49] [ForkJoinPool.commonPool-worker-5/WARN] Missing model for: minecraft:simple_block_6159#facing=north
[22:17:49] [ForkJoinPool.commonPool-worker-6/WARN] Missing model for: minecraft:simple_block_6300#facing=east
[22:17:49] [ForkJoinPool.commonPool-worker-6/WARN] No weighted models for: minecraft:simple_block_6300#facing=east
[22:17:49] [ForkJoinPool.commonPool-worker-5/WARN] No weighted models for: minecraft:simple_block_6159#facing=north
[22:17:49] [ForkJoinPool.commonPool-worker-6/WARN] Missing model for: minecraft:simple_block_6164#facing=west
[22:17:49] [ForkJoinPool.commonPool-worker-6/WARN] No weighted models for: minecraft:simple_block_6164#facing=west
[22:17:49] [ForkJoinPool.commonPool-worker-3/WARN] Missing model for: minecraft:simple_block_6188#facing=north
[22:17:49] [ForkJoinPool.commonPool-worker-3/WARN] No weighted models for: minecraft:simple_block_6188#facing=north
[22:17:49] [ForkJoinPool.commonPool-worker-6/WARN] Missing model for: minecraft:simple_block_6164#facing=east
[22:17:49] [ForkJoinPool.commonPool-worker-6/WARN] No weighted models for: minecraft:simple_block_6164#facing=east
[22:17:49] [ForkJoinPool.commonPool-worker-3/WARN] Missing model for: minecraft:simple_block_6319#facing=south
[22:17:49] [ForkJoinPool.commonPool-worker-3/WARN] No weighted models for: minecraft:simple_block_6319#facing=south
[22:17:49] [ForkJoinPool.commonPool-worker-1/WARN] Missing model for: minecraft:simple_block_6237#facing=north
[22:17:49] [ForkJoinPool.commonPool-worker-1/WARN] No weighted models for: minecraft:simple_block_6237#facing=north
[22:17:49] [ForkJoinPool.commonPool-worker-6/WARN] Missing model for: minecraft:simple_block_6256#facing=west
[22:17:49] [ForkJoinPool.commonPool-worker-6/WARN] No weighted models for: minecraft:simple_block_6256#facing=west
[22:17:49] [ForkJoinPool.commonPool-worker-3/WARN] Missing model for: minecraft:simple_block_6293#facing=north
[22:17:49] [ForkJoinPool.commonPool-worker-3/WARN] No weighted models for: minecraft:simple_block_6293#facing=north
[22:17:49] [ForkJoinPool.commonPool-worker-8/WARN] Missing model for: minecraft:simple_block_6205#facing=east
[22:17:49] [ForkJoinPool.commonPool-worker-8/WARN] No weighted models for: minecraft:simple_block_6205#facing=east
[22:17:49] [ForkJoinPool.commonPool-worker-6/WARN] Missing model for: minecraft:simple_block_6299#facing=south
[22:17:49] [ForkJoinPool.commonPool-worker-6/WARN] No weighted models for: minecraft:simple_block_6299#facing=south
[22:17:49] [ForkJoinPool.commonPool-worker-7/WARN] Missing model for: minecraft:simple_block_6320#facing=south
[22:17:49] [ForkJoinPool.commonPool-worker-7/WARN] No weighted models for: minecraft:simple_block_6320#facing=south
[22:17:49] [ForkJoinPool.commonPool-worker-1/WARN] Missing model for: minecraft:simple_block_6312#facing=north
[22:17:49] [ForkJoinPool.commonPool-worker-1/WARN] No weighted models for: minecraft:simple_block_6312#facing=north
[22:17:49] [ForkJoinPool.commonPool-worker-1/WARN] Missing model for: minecraft:simple_block_6251#facing=south
[22:17:49] [ForkJoinPool.commonPool-worker-1/WARN] No weighted models for: minecraft:simple_block_6251#facing=south
[22:17:49] [ForkJoinPool.commonPool-worker-8/WARN] Missing model for: minecraft:simple_block_6259#facing=west
[22:17:49] [ForkJoinPool.commonPool-worker-8/WARN] No weighted models for: minecraft:simple_block_6259#facing=west
[22:17:49] [ForkJoinPool.commonPool-worker-7/WARN] Missing model for: minecraft:simple_block_6169#facing=east
[22:17:49] [ForkJoinPool.commonPool-worker-5/WARN] Missing model for: minecraft:simple_block_6237#facing=west
[22:17:49] [ForkJoinPool.commonPool-worker-5/WARN] No weighted models for: minecraft:simple_block_6237#facing=west
[22:17:49] [ForkJoinPool.commonPool-worker-7/WARN] No weighted models for: minecraft:simple_block_6169#facing=east
[22:17:49] [ForkJoinPool.commonPool-worker-6/WARN] Missing model for: minecraft:simple_block_6230#facing=west
[22:17:49] [ForkJoinPool.commonPool-worker-6/WARN] No weighted models for: minecraft:simple_block_6230#facing=west
[22:17:49] [ForkJoinPool.commonPool-worker-3/WARN] Missing model for: minecraft:simple_block_6305#facing=north
[22:17:49] [ForkJoinPool.commonPool-worker-3/WARN] No weighted models for: minecraft:simple_block_6305#facing=north
[22:17:49] [ForkJoinPool.commonPool-worker-8/WARN] Missing model for: minecraft:simple_block_6226#facing=west
[22:17:49] [ForkJoinPool.commonPool-worker-8/WARN] No weighted models for: minecraft:simple_block_6226#facing=west
[22:17:49] [ForkJoinPool.commonPool-worker-8/WARN] Missing model for: minecraft:simple_block_6187#facing=south
[22:17:49] [ForkJoinPool.commonPool-worker-8/WARN] No weighted models for: minecraft:simple_block_6187#facing=south
[22:17:49] [ForkJoinPool.commonPool-worker-3/WARN] Missing model for: minecraft:simple_block_6228#facing=east
[22:17:49] [ForkJoinPool.commonPool-worker-3/WARN] No weighted models for: minecraft:simple_block_6228#facing=east
[22:17:49] [ForkJoinPool.commonPool-worker-7/WARN] Missing model for: minecraft:simple_block_6196#facing=north
[22:17:49] [ForkJoinPool.commonPool-worker-7/WARN] No weighted models for: minecraft:simple_block_6196#facing=north
[22:17:49] [ForkJoinPool.commonPool-worker-7/WARN] Missing model for: minecraft:simple_block_6183#facing=north
[22:17:49] [ForkJoinPool.commonPool-worker-7/WARN] No weighted models for: minecraft:simple_block_6183#facing=north
[22:17:49] [ForkJoinPool.commonPool-worker-3/WARN] Missing model for: minecraft:simple_block_6298#facing=east
[22:17:49] [ForkJoinPool.commonPool-worker-3/WARN] No weighted models for: minecraft:simple_block_6298#facing=east
[22:17:49] [ForkJoinPool.commonPool-worker-7/WARN] Missing model for: minecraft:simple_block_6274#facing=east
[22:17:49] [ForkJoinPool.commonPool-worker-7/WARN] No weighted models for: minecraft:simple_block_6274#facing=east
[22:17:49] [ForkJoinPool.commonPool-worker-5/WARN] Missing model for: minecraft:simple_block_6167#facing=west
[22:17:49] [ForkJoinPool.commonPool-worker-5/WARN] No weighted models for: minecraft:simple_block_6167#facing=west
[22:17:49] [ForkJoinPool.commonPool-worker-3/WARN] Missing model for: minecraft:simple_block_6285#facing=east
[22:17:49] [ForkJoinPool.commonPool-worker-3/WARN] No weighted models for: minecraft:simple_block_6285#facing=east
[22:17:49] [ForkJoinPool.commonPool-worker-3/WARN] Missing model for: minecraft:simple_block_6324#facing=south
[22:17:49] [ForkJoinPool.commonPool-worker-3/WARN] No weighted models for: minecraft:simple_block_6324#facing=south
[22:17:49] [ForkJoinPool.commonPool-worker-3/WARN] Missing model for: minecraft:simple_block_6202#facing=east
[22:17:49] [ForkJoinPool.commonPool-worker-3/WARN] No weighted models for: minecraft:simple_block_6202#facing=east
[22:17:49] [ForkJoinPool.commonPool-worker-5/WARN] Missing model for: minecraft:simple_block_6193#facing=west
[22:17:49] [ForkJoinPool.commonPool-worker-5/WARN] No weighted models for: minecraft:simple_block_6193#facing=west
[22:17:49] [ForkJoinPool.commonPool-worker-1/WARN] Missing model for: minecraft:simple_block_6325#facing=north
[22:17:49] [ForkJoinPool.commonPool-worker-1/WARN] No weighted models for: minecraft:simple_block_6325#facing=north
[22:17:49] [ForkJoinPool.commonPool-worker-8/WARN] Missing model for: minecraft:simple_block_6252#facing=east
[22:17:49] [ForkJoinPool.commonPool-worker-8/WARN] No weighted models for: minecraft:simple_block_6252#facing=east
[22:17:49] [ForkJoinPool.commonPool-worker-3/WARN] Missing model for: minecraft:simple_block_6301#facing=south
[22:17:49] [ForkJoinPool.commonPool-worker-3/WARN] No weighted models for: minecraft:simple_block_6301#facing=south
[22:17:49] [ForkJoinPool.commonPool-worker-1/WARN] Missing model for: minecraft:simple_block_6264#facing=south
[22:17:49] [ForkJoinPool.commonPool-worker-1/WARN] No weighted models for: minecraft:simple_block_6264#facing=south
[22:17:49] [ForkJoinPool.commonPool-worker-6/WARN] Missing model for: minecraft:simple_block_6255#facing=west
[22:17:49] [ForkJoinPool.commonPool-worker-3/WARN] Missing model for: minecraft:simple_block_6275#facing=east
[22:17:49] [ForkJoinPool.commonPool-worker-3/WARN] No weighted models for: minecraft:simple_block_6275#facing=east
[22:17:49] [ForkJoinPool.commonPool-worker-6/WARN] No weighted models for: minecraft:simple_block_6255#facing=west
[22:17:49] [ForkJoinPool.commonPool-worker-5/WARN] Missing model for: minecraft:simple_block_6246#facing=south
[22:17:49] [ForkJoinPool.commonPool-worker-5/WARN] No weighted models for: minecraft:simple_block_6246#facing=south
[22:17:49] [ForkJoinPool.commonPool-worker-5/WARN] Missing model for: minecraft:simple_block_6320#facing=north
[22:17:49] [ForkJoinPool.commonPool-worker-5/WARN] No weighted models for: minecraft:simple_block_6320#facing=north
[22:17:49] [ForkJoinPool.commonPool-worker-3/WARN] Missing model for: minecraft:simple_block_6236#facing=south
[22:17:49] [ForkJoinPool.commonPool-worker-3/WARN] No weighted models for: minecraft:simple_block_6236#facing=south
[22:17:49] [ForkJoinPool.commonPool-worker-1/WARN] Missing model for: minecraft:simple_block_6234#facing=south
[22:17:49] [ForkJoinPool.commonPool-worker-1/WARN] No weighted models for: minecraft:simple_block_6234#facing=south
[22:17:49] [ForkJoinPool.commonPool-worker-8/WARN] Missing model for: minecraft:simple_block_6322#facing=east
[22:17:49] [ForkJoinPool.commonPool-worker-8/WARN] No weighted models for: minecraft:simple_block_6322#facing=east
[22:17:49] [ForkJoinPool.commonPool-worker-3/WARN] Missing model for: minecraft:simple_block_6311#facing=south
[22:17:49] [ForkJoinPool.commonPool-worker-8/WARN] Missing model for: minecraft:simple_block_6250#facing=north
[22:17:49] [ForkJoinPool.commonPool-worker-8/WARN] No weighted models for: minecraft:simple_block_6250#facing=north
[22:17:49] [ForkJoinPool.commonPool-worker-3/WARN] No weighted models for: minecraft:simple_block_6311#facing=south
[22:17:49] [ForkJoinPool.commonPool-worker-3/WARN] Missing model for: minecraft:simple_block_6249#facing=south
[22:17:49] [ForkJoinPool.commonPool-worker-3/WARN] No weighted models for: minecraft:simple_block_6249#facing=south
[22:17:49] [ForkJoinPool.commonPool-worker-6/WARN] Missing model for: minecraft:simple_block_6310#facing=east
[22:17:49] [ForkJoinPool.commonPool-worker-6/WARN] No weighted models for: minecraft:simple_block_6310#facing=east
[22:17:49] [ForkJoinPool.commonPool-worker-6/WARN] Missing model for: minecraft:simple_block_6307#facing=south
[22:17:49] [ForkJoinPool.commonPool-worker-6/WARN] No weighted models for: minecraft:simple_block_6307#facing=south
[22:17:49] [ForkJoinPool.commonPool-worker-8/WARN] Missing model for: minecraft:simple_block_6264#facing=north
[22:17:49] [ForkJoinPool.commonPool-worker-8/WARN] No weighted models for: minecraft:simple_block_6264#facing=north
[22:17:49] [ForkJoinPool.commonPool-worker-8/WARN] Missing model for: minecraft:simple_block_6325#facing=south
[22:17:49] [ForkJoinPool.commonPool-worker-8/WARN] No weighted models for: minecraft:simple_block_6325#facing=south
[22:17:49] [ForkJoinPool.commonPool-worker-6/WARN] Missing model for: minecraft:simple_block_6177#facing=north
[22:17:49] [ForkJoinPool.commonPool-worker-6/WARN] No weighted models for: minecraft:simple_block_6177#facing=north
[22:17:49] [ForkJoinPool.commonPool-worker-6/WARN] Missing model for: minecraft:simple_block_6165#facing=west
[22:17:49] [ForkJoinPool.commonPool-worker-6/WARN] No weighted models for: minecraft:simple_block_6165#facing=west
[22:17:49] [ForkJoinPool.commonPool-worker-5/WARN] Missing model for: minecraft:simple_block_6217#facing=east
[22:17:49] [ForkJoinPool.commonPool-worker-5/WARN] No weighted models for: minecraft:simple_block_6217#facing=east
[22:17:49] [ForkJoinPool.commonPool-worker-5/WARN] Missing model for: minecraft:simple_block_6193#facing=east
[22:17:49] [ForkJoinPool.commonPool-worker-5/WARN] No weighted models for: minecraft:simple_block_6193#facing=east
[22:17:49] [ForkJoinPool.commonPool-worker-8/WARN] Missing model for: minecraft:simple_block_6217#facing=west
[22:17:49] [ForkJoinPool.commonPool-worker-8/WARN] No weighted models for: minecraft:simple_block_6217#facing=west
[22:17:49] [ForkJoinPool.commonPool-worker-8/WARN] Missing model for: minecraft:simple_block_6194#facing=north
[22:17:49] [ForkJoinPool.commonPool-worker-8/WARN] No weighted models for: minecraft:simple_block_6194#facing=north
[22:17:49] [ForkJoinPool.commonPool-worker-6/WARN] Missing model for: minecraft:simple_block_6289#facing=south
[22:17:49] [ForkJoinPool.commonPool-worker-6/WARN] No weighted models for: minecraft:simple_block_6289#facing=south
[22:17:49] [ForkJoinPool.commonPool-worker-8/WARN] Missing model for: minecraft:simple_block_6185#facing=north
[22:17:49] [ForkJoinPool.commonPool-worker-8/WARN] No weighted models for: minecraft:simple_block_6185#facing=north
[22:17:49] [ForkJoinPool.commonPool-worker-8/WARN] Missing model for: minecraft:simple_block_6299#facing=east
[22:17:49] [ForkJoinPool.commonPool-worker-8/WARN] No weighted models for: minecraft:simple_block_6299#facing=east
[22:17:49] [ForkJoinPool.commonPool-worker-3/WARN] Missing model for: minecraft:simple_block_6174#facing=west
[22:17:49] [ForkJoinPool.commonPool-worker-3/WARN] No weighted models for: minecraft:simple_block_6174#facing=west
[22:17:49] [ForkJoinPool.commonPool-worker-8/WARN] Missing model for: minecraft:simple_block_6230#facing=south
[22:17:49] [ForkJoinPool.commonPool-worker-8/WARN] No weighted models for: minecraft:simple_block_6230#facing=south
[22:17:49] [ForkJoinPool.commonPool-worker-3/WARN] Missing model for: minecraft:simple_block_6210#facing=west
[22:17:49] [ForkJoinPool.commonPool-worker-3/WARN] No weighted models for: minecraft:simple_block_6210#facing=west
[22:17:49] [ForkJoinPool.commonPool-worker-6/WARN] Missing model for: minecraft:simple_block_6311#facing=north
[22:17:49] [ForkJoinPool.commonPool-worker-6/WARN] No weighted models for: minecraft:simple_block_6311#facing=north
[22:17:49] [ForkJoinPool.commonPool-worker-8/WARN] Missing model for: minecraft:simple_block_6176#facing=south
[22:17:49] [ForkJoinPool.commonPool-worker-8/WARN] No weighted models for: minecraft:simple_block_6176#facing=south
[22:17:49] [ForkJoinPool.commonPool-worker-3/WARN] Missing model for: minecraft:simple_block_6262#facing=east
[22:17:49] [ForkJoinPool.commonPool-worker-3/WARN] No weighted models for: minecraft:simple_block_6262#facing=east
[22:17:49] [ForkJoinPool.commonPool-worker-3/WARN] Missing model for: minecraft:simple_block_6213#facing=south
[22:17:49] [ForkJoinPool.commonPool-worker-3/WARN] No weighted models for: minecraft:simple_block_6213#facing=south
[22:17:49] [ForkJoinPool.commonPool-worker-6/WARN] Missing model for: minecraft:simple_block_6278#facing=north
[22:17:49] [ForkJoinPool.commonPool-worker-6/WARN] No weighted models for: minecraft:simple_block_6278#facing=north
[22:17:49] [ForkJoinPool.commonPool-worker-6/WARN] Missing model for: minecraft:simple_block_6206#facing=south
[22:17:49] [ForkJoinPool.commonPool-worker-6/WARN] No weighted models for: minecraft:simple_block_6206#facing=south
[22:17:49] [ForkJoinPool.commonPool-worker-3/WARN] Missing model for: minecraft:simple_block_6215#facing=east
[22:17:49] [ForkJoinPool.commonPool-worker-3/WARN] No weighted models for: minecraft:simple_block_6215#facing=east
[22:17:49] [ForkJoinPool.commonPool-worker-3/WARN] Missing model for: minecraft:simple_block_6171#facing=south
[22:17:49] [ForkJoinPool.commonPool-worker-3/WARN] No weighted models for: minecraft:simple_block_6171#facing=south
[22:17:49] [ForkJoinPool.commonPool-worker-6/WARN] Missing model for: minecraft:simple_block_6255#facing=east
[22:17:49] [ForkJoinPool.commonPool-worker-6/WARN] No weighted models for: minecraft:simple_block_6255#facing=east
[22:17:49] [ForkJoinPool.commonPool-worker-8/WARN] Missing model for: minecraft:simple_block_6308#facing=north
[22:17:49] [ForkJoinPool.commonPool-worker-8/WARN] No weighted models for: minecraft:simple_block_6308#facing=north
[22:17:49] [ForkJoinPool.commonPool-worker-8/WARN] Missing model for: minecraft:simple_block_6290#facing=north
[22:17:49] [ForkJoinPool.commonPool-worker-8/WARN] No weighted models for: minecraft:simple_block_6290#facing=north
[22:17:49] [ForkJoinPool.commonPool-worker-8/WARN] Missing model for: minecraft:simple_block_6299#facing=west
[22:17:49] [ForkJoinPool.commonPool-worker-8/WARN] No weighted models for: minecraft:simple_block_6299#facing=west
[22:17:49] [ForkJoinPool.commonPool-worker-8/WARN] Missing model for: minecraft:simple_block_6173#facing=east
[22:17:49] [ForkJoinPool.commonPool-worker-8/WARN] No weighted models for: minecraft:simple_block_6173#facing=east
[22:17:49] [ForkJoinPool.commonPool-worker-8/WARN] Missing model for: minecraft:simple_block_6316#facing=south
[22:17:49] [ForkJoinPool.commonPool-worker-8/WARN] No weighted models for: minecraft:simple_block_6316#facing=south
[22:17:49] [ForkJoinPool.commonPool-worker-4/INFO] [DEBUG] Atlas assembly for 4.212ms
[22:17:49] [Client thread/INFO] [DEBUG] upload atlas for 5.290ms
[22:17:49] [Client thread/INFO] [DEBUG] Generate mipmaps for 0.004ms
[22:17:49] [Client thread/INFO] [OptiFine] Animated sprites: 0
[22:17:49] [Client thread/INFO] [OptiFine] CustomColors: Loading mcpatcher/color.properties
[22:17:49] [Client thread/INFO] Textures loaded for 480.730ms
[22:17:49] [Client thread/INFO] Start loading of mod SkyBlock
[22:17:49] [Client thread/INFO] Loading classes of SkyBlock
[22:17:49] [ForkJoinPool.commonPool-worker-4/INFO] SkyBlock-v1.0.0+d8133b2: class verification completed in 10ms
[22:17:49] [ForkJoinPool.commonPool-worker-4/INFO] SkyBlock-v1.0.0+d8133b2: defineClasses completed in 0ms
[22:17:49] [ForkJoinPool.commonPool-worker-4/INFO] Loaded classes in mod SkyBlock in 11 ms
[22:17:49] [Client thread/INFO] Loading mod SkyBlock v1.0.0+d8133b2 by Cristalix
[22:17:49] [Client thread/INFO] [STDOUT]: [Enginex v5.13.11-TEST-1 - SkyBlock] VAO support: true
[22:17:49] [Client thread/INFO] [STDOUT]: [Enginex v5.13.11-TEST-1 - SkyBlock] Initialization with mod SkyBlock
[22:17:49] [Client thread/INFO] [STDOUT]: [Enginex v5.13.11-TEST-1 - SkyBlock] Successfully initialized
[22:17:49] [Client thread/INFO] Loaded mod SkyBlock v1.0.0+d8133b2 in 256 ms
[22:17:49] [Client thread/INFO] Start loading of mod Nebula
[22:17:49] [Client thread/INFO] Loading classes of Nebula
[22:17:49] [ForkJoinPool.commonPool-worker-8/INFO] Nebula-v1.0.0: class verification completed in 7ms
[22:17:49] [ForkJoinPool.commonPool-worker-8/INFO] Nebula-v1.0.0: defineClasses completed in 0ms
[22:17:49] [ForkJoinPool.commonPool-worker-8/INFO] Loaded classes in mod Nebula in 8 ms
[22:17:49] [Client thread/INFO] Loading mod Nebula v1.0.0 by Tensess
[22:17:49] [Client thread/INFO] [STDOUT]: [Enginex v5.13.12 - Nebula] VAO support: true
[22:17:49] [Client thread/INFO] [STDOUT]: [Enginex v5.13.12 - Nebula] Initialization with mod Nebula
[22:17:49] [Client thread/INFO] [STDOUT]: [Enginex v5.13.12 - Nebula] Successfully initialized
[22:17:49] [Client thread/INFO] Loaded mod Nebula v1.0.0 in 201 ms
[22:18:01] [Client thread/INFO] [CHAT] [G] I ┃ 67RONALDO52 » прива 80м, дд3 35м /ah
[22:18:09] [Client thread/INFO] [CHAT] [G] I ┃ Экстраверт » мне blidness 2 нужен на меч
[22:18:11] [Client thread/INFO] [CHAT] Телепортуем на точку FreeLootExp!
[22:18:15] [Client thread/INFO] [CHAT] [G] GOD ┃ Neum » не нужен
[22:18:16] [Client thread/INFO] [CHAT] [G] I ┃ Экстраверт » есть книжечка?
[22:18:28] [Client thread/INFO] [CHAT] [G] GOD ┃ Neum » нету
[22:18:36] [Network thread/INFO] Protocol upgrade mask: 157
[22:18:36] [Network thread/INFO] Upgrading protocol
[22:18:36] [Client thread/INFO] Invalidating server data
[22:18:36] [Client thread/INFO] Unloading mod SkyBlock/1c43c00b-9abf-224a-32fc-0462908e67db
[22:18:36] [Client thread/INFO] Unloading mod Nebula/51f158f3-3cc8-8a79-a526-384f93f03053
[22:18:36] [Client thread/INFO] [STDOUT]: [Enginex v5.16.1 - Wada] [Wada/debug] reload requested: ServerSwitch
[22:18:36] [Client thread/INFO] [STDOUT]: [Enginex v5.16.1 - Wada] [Wada/debug] cleanAndReload begin: sessionId=21, awaitingHandshake=true
[22:18:36] [Client thread/INFO] [STDOUT]: [Enginex v5.16.1 - Wada] VAO support: true
[22:18:36] [Client thread/INFO] [STDOUT]: [Enginex v5.16.1 - Wada] Initialization with mod Wada
[22:18:36] [Client thread/INFO] [STDOUT]: [Enginex v5.16.1 - Wada] Successfully initialized
[22:18:36] [Client thread/INFO] Joining server Хаб #7
[22:18:36] [Client thread/INFO] Reloading ResourceManager: assets-addon.jar, Default
[22:18:36] [Client thread/WARN] Missing sound for event: minecraft:entity.turtle.ambient
[22:18:36] [Client thread/WARN] Missing sound for event: minecraft:entity.turtle.baby_hurt
[22:18:36] [Client thread/WARN] Missing sound for event: minecraft:entity.turtle.hurt
[22:18:36] [Client thread/WARN] Missing sound for event: minecraft:entity.turtle.baby_death
[22:18:36] [Client thread/WARN] Missing sound for event: minecraft:entity.turtle.death
[22:18:36] [Client thread/WARN] Missing sound for event: minecraft:entity.turtle.baby_step
[22:18:36] [Client thread/WARN] Missing sound for event: minecraft:entity.turtle.step
[22:18:36] [Client thread/WARN] Missing sound for event: minecraft:entity.turtle.swim
[22:18:36] [Client thread/WARN] Missing sound for event: minecraft:block.turtle_egg.crack
[22:18:36] [Client thread/WARN] Missing sound for event: minecraft:block.turtle_egg.egg_break
[22:18:36] [Client thread/WARN] Missing sound for event: minecraft:block.turtle_egg.fall
[22:18:36] [Client thread/WARN] Missing sound for event: minecraft:block.turtle_egg.hatch
[22:18:36] [Client thread/INFO] SoundSystem shutting down...
[22:18:36] [Client thread/WARN] Author: Paul Lamb, www.paulscode.com
[22:18:36] [Client thread/INFO] Starting up SoundSystem...
[22:18:36] [Thread-87/INFO] Initializing LWJGL OpenAL
[22:18:36] [Thread-87/INFO] (The LWJGL binding of OpenAL.  For more information, see http://www.lwjgl.org)
[22:18:36] [Thread-87/INFO] OpenAL audio device: OpenAL Soft on Динамики (MCHOSE V9 PRO)
[22:18:36] [Thread-87/INFO] OpenAL initialized.
[22:18:36] [Client thread/INFO] Sound engine reloaded
[22:18:36] [ForkJoinPool.commonPool-worker-2/WARN] Unable to load variant: axis=x from minecraft:lodestone#axis=x
[22:18:36] [ForkJoinPool.commonPool-worker-2/WARN] Unable to load variant: axis=y from minecraft:lodestone#axis=y
[22:18:36] [ForkJoinPool.commonPool-worker-2/WARN] Unable to load variant: axis=z from minecraft:lodestone#axis=z
[22:18:36] [ForkJoinPool.commonPool-worker-2/ERROR] Unable to load item model: 'minecraft:mcpatcher/cit/others/megumin_hat#inventory' for item: 'minecraft:mcpatcher/cit/others/megumin_hat'
[22:18:36] [ForkJoinPool.commonPool-worker-2/INFO] [OptiFine] Mipmap levels: 4
[22:18:36] [ForkJoinPool.commonPool-worker-2/INFO] [OptiFine] Multi-texturing: false
[22:18:36] [ForkJoinPool.commonPool-worker-2/INFO] [OptiFine] Multipass connected textures: false
[22:18:36] [ForkJoinPool.commonPool-worker-2/INFO] [OptiFine] BetterGrass: Parsing default configuration optifine/bettergrass.properties
[22:18:36] [ForkJoinPool.commonPool-worker-2/FATAL] [OptiFine] Scaled too small texture: minecraft:particles/glow_2, 8 -> 16
[22:18:36] [ForkJoinPool.commonPool-worker-2/FATAL] [OptiFine] Scaled too small texture: minecraft:particles/glow_1, 8 -> 16
[22:18:36] [ForkJoinPool.commonPool-worker-2/FATAL] [OptiFine] Scaled too small texture: minecraft:particles/glow_0, 8 -> 16
[22:18:36] [ForkJoinPool.commonPool-worker-2/FATAL] [OptiFine] Scaled too small texture: minecraft:particles/glow_6, 8 -> 16
[22:18:36] [ForkJoinPool.commonPool-worker-2/FATAL] [OptiFine] Scaled too small texture: minecraft:particles/glow_5, 8 -> 16
[22:18:36] [ForkJoinPool.commonPool-worker-2/FATAL] [OptiFine] Scaled too small texture: minecraft:particles/glow_4, 8 -> 16
[22:18:36] [ForkJoinPool.commonPool-worker-2/FATAL] [OptiFine] Scaled too small texture: minecraft:particles/glow_3, 8 -> 16
[22:18:36] [ForkJoinPool.commonPool-worker-2/FATAL] [OptiFine] Scaled too small texture: minecraft:particles/glow_9, 8 -> 16
[22:18:36] [ForkJoinPool.commonPool-worker-2/FATAL] [OptiFine] Scaled too small texture: minecraft:particles/glow_8, 8 -> 16
[22:18:36] [ForkJoinPool.commonPool-worker-2/FATAL] [OptiFine] Scaled too small texture: minecraft:particles/glow_7, 8 -> 16
[22:18:36] [ForkJoinPool.commonPool-worker-2/FATAL] [OptiFine] Scaled too small texture: minecraft:particles/glow_11, 8 -> 16
[22:18:36] [ForkJoinPool.commonPool-worker-2/FATAL] [OptiFine] Scaled too small texture: minecraft:particles/glow_10, 8 -> 16
[22:18:36] [ForkJoinPool.commonPool-worker-2/FATAL] [OptiFine] Scaled too small texture: minecraft:particles/glow_13, 8 -> 16
[22:18:36] [ForkJoinPool.commonPool-worker-2/FATAL] [OptiFine] Scaled too small texture: minecraft:particles/glow_12, 8 -> 16
[22:18:36] [ForkJoinPool.commonPool-worker-2/FATAL] [OptiFine] Scaled too small texture: minecraft:particles/glow_15, 8 -> 16
[22:18:36] [ForkJoinPool.commonPool-worker-2/FATAL] [OptiFine] Scaled too small texture: minecraft:particles/glow_14, 8 -> 16
[22:18:36] [ForkJoinPool.commonPool-worker-2/INFO] load sprites for 3ms
[22:18:36] [ForkJoinPool.commonPool-worker-2/INFO] Created: 1024x1024 textures-atlas in 12ms
[22:18:36] [ForkJoinPool.commonPool-worker-2/INFO] [DEBUG] Atlas assembly for 1.461ms
[22:18:36] [Client thread/INFO] [DEBUG] upload atlas for 1.124ms
[22:18:36] [Client thread/INFO] [DEBUG] Generate mipmaps for 0.003ms
[22:18:36] [Client thread/INFO] [OptiFine] Animated sprites: 0
[22:18:36] [Client thread/INFO] [OptiFine] CustomColors: Loading mcpatcher/color.properties
[22:18:36] [Client thread/INFO] Textures loaded for 302.682ms
[22:18:37] [Client thread/INFO] Loaded mod Visual Driver/4fe0e880-be95-a293-b7f3-52a4a65a5859 v3.8.31+9da32142 in 3 ms
[22:18:38] [Client thread/INFO] Loaded mod HubMod/cbc16aa3-8920-e631-badf-200ef0923638 v1.4.5 in 7 ms
[22:18:38] [Client thread/INFO] [STDOUT]: [Enginex v5.16.1 - Wada] [Wada/debug] handshake complete (w4:load), awaitingHandshake=false, sessionId=21
[22:19:08] [Network thread/INFO] Protocol upgrade mask: 157
[22:19:08] [Network thread/INFO] Upgrading protocol
[22:19:08] [Client thread/INFO] Invalidating server data
[22:19:08] [Client thread/INFO] Unloading mod Visual Driver/4fe0e880-be95-a293-b7f3-52a4a65a5859
[22:19:08] [Client thread/INFO] Unloading mod HubMod/cbc16aa3-8920-e631-badf-200ef0923638
[22:19:08] [Client thread/INFO] [STDOUT]: [Enginex v5.16.1 - Wada] [Wada/debug] reload requested: ServerSwitch
[22:19:08] [Client thread/INFO] [STDOUT]: [Enginex v5.16.1 - Wada] [Wada/debug] cleanAndReload begin: sessionId=22, awaitingHandshake=true
[22:19:08] [Client thread/INFO] [STDOUT]: [Enginex v5.16.1 - Wada] VAO support: true
[22:19:08] [Client thread/INFO] [STDOUT]: [Enginex v5.16.1 - Wada] Initialization with mod Wada
[22:19:08] [Client thread/INFO] [STDOUT]: [Enginex v5.16.1 - Wada] Successfully initialized
[22:19:08] [Client thread/INFO] Found file C:\Users\tveiv\.cristalix\updates\Minigames\server-resource-packs\40bb4597c7ce6b5b4690666d2a8804747a202ba3 matching requested hash 2a33a213ea168e73eaf34aeab631978eb6603e7b
[22:19:08] [Client thread/INFO] Cache hit
[22:19:08] [Client thread/INFO] Joining server VoidGame #3
[22:19:08] [Client thread/INFO] Reloading ResourceManager: assets-addon.jar, Default, 40bb4597c7ce6b5b4690666d2a8804747a202ba3
[22:19:08] [Client thread/WARN] Missing sound for event: minecraft:entity.turtle.ambient
[22:19:08] [Client thread/WARN] Missing sound for event: minecraft:entity.turtle.baby_hurt
[22:19:08] [Client thread/WARN] Missing sound for event: minecraft:entity.turtle.hurt
[22:19:08] [Client thread/WARN] Missing sound for event: minecraft:entity.turtle.baby_death
[22:19:08] [Client thread/WARN] Missing sound for event: minecraft:entity.turtle.death
[22:19:08] [Client thread/WARN] Missing sound for event: minecraft:entity.turtle.baby_step
[22:19:08] [Client thread/WARN] Missing sound for event: minecraft:entity.turtle.step
[22:19:08] [Client thread/WARN] Missing sound for event: minecraft:entity.turtle.swim
[22:19:08] [Client thread/WARN] Missing sound for event: minecraft:block.turtle_egg.crack
[22:19:08] [Client thread/WARN] Missing sound for event: minecraft:block.turtle_egg.egg_break
[22:19:08] [Client thread/WARN] Missing sound for event: minecraft:block.turtle_egg.fall
[22:19:08] [Client thread/WARN] Missing sound for event: minecraft:block.turtle_egg.hatch
[22:19:08] [Client thread/INFO] SoundSystem shutting down...
[22:19:08] [Client thread/WARN] Author: Paul Lamb, www.paulscode.com
[22:19:08] [Client thread/INFO] Starting up SoundSystem...
[22:19:08] [Thread-91/INFO] Initializing LWJGL OpenAL
[22:19:08] [Thread-91/INFO] (The LWJGL binding of OpenAL.  For more information, see http://www.lwjgl.org)
[22:19:08] [Thread-91/INFO] OpenAL audio device: OpenAL Soft on Динамики (MCHOSE V9 PRO)
[22:19:08] [Thread-91/INFO] OpenAL initialized.
[22:19:08] [Client thread/INFO] Sound engine reloaded
[22:19:08] [Client thread/INFO] [STDOUT]: [Enginex v5.16.1 - Wada] [Wada/debug] handshake complete (w4:load), awaitingHandshake=false, sessionId=22
[22:19:08] [ForkJoinPool.commonPool-worker-2/WARN] Unable to load variant: axis=x from minecraft:lodestone#axis=x
[22:19:08] [ForkJoinPool.commonPool-worker-2/WARN] Unable to load variant: axis=y from minecraft:lodestone#axis=y
[22:19:08] [ForkJoinPool.commonPool-worker-2/WARN] Unable to load variant: axis=z from minecraft:lodestone#axis=z
[22:19:08] [ForkJoinPool.commonPool-worker-2/ERROR] Unable to load item model: 'minecraft:mcpatcher/cit/others/megumin_hat#inventory' for item: 'minecraft:mcpatcher/cit/others/megumin_hat'
[22:19:08] [ForkJoinPool.commonPool-worker-2/INFO] [OptiFine] Mipmap levels: 4
[22:19:08] [ForkJoinPool.commonPool-worker-2/INFO] [OptiFine] Multi-texturing: false
[22:19:08] [ForkJoinPool.commonPool-worker-2/INFO] [OptiFine] Multipass connected textures: false
[22:19:08] [ForkJoinPool.commonPool-worker-2/INFO] [OptiFine] BetterGrass: Parsing default configuration optifine/bettergrass.properties
[22:19:08] [ForkJoinPool.commonPool-worker-2/FATAL] [OptiFine] Scaled too small texture: minecraft:particles/glow_2, 8 -> 16
[22:19:08] [ForkJoinPool.commonPool-worker-2/FATAL] [OptiFine] Scaled too small texture: minecraft:particles/glow_1, 8 -> 16
[22:19:08] [ForkJoinPool.commonPool-worker-2/FATAL] [OptiFine] Scaled too small texture: minecraft:particles/glow_0, 8 -> 16
[22:19:08] [ForkJoinPool.commonPool-worker-2/FATAL] [OptiFine] Scaled too small texture: minecraft:particles/glow_6, 8 -> 16
[22:19:08] [ForkJoinPool.commonPool-worker-2/FATAL] [OptiFine] Scaled too small texture: minecraft:particles/glow_5, 8 -> 16
[22:19:08] [ForkJoinPool.commonPool-worker-2/FATAL] [OptiFine] Scaled too small texture: minecraft:particles/glow_4, 8 -> 16
[22:19:08] [ForkJoinPool.commonPool-worker-2/FATAL] [OptiFine] Scaled too small texture: minecraft:particles/glow_3, 8 -> 16
[22:19:08] [ForkJoinPool.commonPool-worker-2/FATAL] [OptiFine] Scaled too small texture: minecraft:particles/glow_9, 8 -> 16
[22:19:08] [ForkJoinPool.commonPool-worker-2/FATAL] [OptiFine] Scaled too small texture: minecraft:particles/glow_8, 8 -> 16
[22:19:08] [ForkJoinPool.commonPool-worker-2/FATAL] [OptiFine] Scaled too small texture: minecraft:particles/glow_7, 8 -> 16
[22:19:08] [ForkJoinPool.commonPool-worker-2/ERROR] Using missing texture, unable to load minecraft:textures/items/wooden_sword.png
[22:19:08] [ForkJoinPool.commonPool-worker-2/FATAL] [OptiFine] Scaled too small texture: minecraft:particles/glow_11, 8 -> 16
[22:19:08] [ForkJoinPool.commonPool-worker-2/FATAL] [OptiFine] Scaled too small texture: minecraft:particles/glow_10, 8 -> 16
[22:19:08] [ForkJoinPool.commonPool-worker-2/FATAL] [OptiFine] Scaled too small texture: minecraft:particles/glow_13, 8 -> 16
[22:19:08] [ForkJoinPool.commonPool-worker-2/FATAL] [OptiFine] Scaled too small texture: minecraft:particles/glow_12, 8 -> 16
[22:19:08] [ForkJoinPool.commonPool-worker-2/FATAL] [OptiFine] Scaled too small texture: minecraft:particles/glow_15, 8 -> 16
[22:19:08] [ForkJoinPool.commonPool-worker-2/FATAL] [OptiFine] Scaled too small texture: minecraft:particles/glow_14, 8 -> 16
[22:19:08] [ForkJoinPool.commonPool-worker-2/INFO] load sprites for 3ms
[22:19:08] [ForkJoinPool.commonPool-worker-2/INFO] Created: 1024x1024 textures-atlas in 14ms
[22:19:08] [ForkJoinPool.commonPool-worker-2/INFO] [DEBUG] Atlas assembly for 2.056ms
[22:19:08] [Client thread/INFO] [DEBUG] upload atlas for 1.226ms
[22:19:08] [Client thread/INFO] [DEBUG] Generate mipmaps for 0.004ms
[22:19:08] [Client thread/INFO] [OptiFine] Animated sprites: 0
[22:19:08] [Client thread/INFO] [OptiFine] CustomColors: Loading mcpatcher/color.properties
[22:19:08] [Client thread/INFO] Textures loaded for 322.778ms
[22:19:08] [Client thread/INFO] Start loading of mod VoidMod
[22:19:08] [Client thread/INFO] Loading mod VoidMod v1.0+089d877 by ZeksterP
[22:19:08] [Client thread/INFO] [STDOUT]: [Enginex v5.13.11-TEST-2 - VoidMod] VAO support: true
[22:19:09] [Client thread/INFO] [STDOUT]: [Enginex v5.13.11-TEST-2 - VoidMod] Initialization with mod VoidMod
[22:19:09] [Client thread/INFO] [STDOUT]: [Enginex v5.13.11-TEST-2 - VoidMod] Successfully initialized
[22:19:09] [Client thread/INFO] Loaded mod VoidMod v1.0+089d877 in 670 ms
[22:19:17] [Client thread/INFO] [CHAT] [27] sinami_pup » это у всех лагает?
[22:19:19] [Client thread/INFO] [CHAT] [21] KBAC21 » может го я редкую положу?
[22:19:26] [Client thread/INFO] [CHAT] [21] KBAC21 » джони
[22:19:29] [Client thread/INFO] [CHAT] [29] I ┃ JonY_00 » тебе есть с чем сшить?
[22:19:38] [Client thread/INFO] [CHAT] [21] KBAC21 » не
[22:19:40] [Client thread/INFO] Stopping!
[22:19:40] [Client thread/INFO] Unloading mod VoidMod/20d0eb89-9223-98ca-a173-d1e332b639be
[22:19:40] [Client thread/INFO] Unloading mod Wada/9cc0aeda-74ac-393c-4b51-9448b42d178a
[22:19:40] [Client thread/INFO] Unloading mod Socials/7e1cb423-83bd-0907-afd8-5298e6a5925e
[22:19:40] [Client thread/INFO] Unloading mod Gama/6a68185e-bbf6-57a1-1f36-316e94a80734
